time,t2m_mean_C,t2m_max_C,t2m_min_C,rh_mean,rh_max,rh_min,wind_mean,wind_max,wind_min
2013-01-01 09:00:00,4.361724852058842,10.933075,-6.2016907,34.13455153402482,63.737118,12.819866,0.5061088022317403,1.188753,0.048890732
2013-01-02 09:00:00,5.379654289264295,12.255829,-7.4563293,28.24194803700849,46.816128,17.391468,1.1589745247633505,3.0208747,0.19778
2013-01-03 09:00:00,6.898036960178274,12.731506,-4.618103,22.12755218449922,49.552593,8.47625,0.5933119985139758,1.3345904,0.09731604
2013-01-04 09:00:00,7.89522369630464,13.100311,-2.3313293,22.577795601747276,45.57852,10.187898,0.7237850718410803,1.5569638,0.27801672
2013-01-05 09:00:00,8.304458169415398,13.749359,-2.3072815,29.05565962703597,48.14998,17.267168,0.7874721566367281,1.7432327,0.2485328
2013-01-06 09:00:00,7.973340544969631,15.431519,-5.595825,38.5705506386452,72.51604,14.512129,1.3533399241356903,2.2037997,0.48362952
2013-01-07 09:00:00,4.039676618045803,10.386322,-7.5864563,36.47296950379022,51.441723,20.855785,1.4050656314554073,2.3534741,0.4143946
2013-01-08 09:00:00,6.712981199516889,10.541046,-0.94332886,36.101745778850876,55.913857,24.491982,0.8625804727222449,2.0244572,0.16056767
2013-01-09 09:00:00,10.488219480051043,14.448883,0.5074768,28.076680171485133,41.62996,20.776897,0.7517089407342858,1.716196,0.26818344
2013-01-10 09:00:00,8.711781859346388,15.406647,-4.1009827,45.418907487025365,64.04185,32.551056,2.2069827717166763,3.062801,0.986992
2013-01-11 09:00:00,1.677201441782472,11.077301,-13.994965,55.4019663130245,88.55241,35.406105,1.7797656634600487,3.006416,0.17595433
2013-01-12 09:00:00,1.0143777685755708,10.464539,-14.383118,40.891094938056845,61.251266,21.993452,0.6296414425417387,1.1534176,0.07750752
2013-01-13 09:00:00,1.3777236350560997,9.770233,-11.618439,35.60520746195236,69.15794,15.211304,0.7690686034605652,1.5054708,0.110399015
2013-01-14 09:00:00,0.8372443177821083,9.47171,-15.393524,34.75751834953545,60.730885,16.550047,1.0562929652680808,2.243359,0.05985646
2013-01-15 09:00:00,3.0794890560314343,9.540466,-9.42981,33.603694339718906,54.77231,20.876762,0.7871213011468781,2.7754755,0.11619943
2013-01-16 09:00:00,6.505204116457037,11.304108,-4.8249817,27.46195311675493,47.667854,16.0702,0.7472634357904668,2.5948517,0.022981033
2013-01-17 09:00:00,8.473813771202572,13.313019,-2.8979187,19.64963608169936,45.787884,7.8152266,0.8728435025144471,2.4795778,0.09356416
2013-01-18 09:00:00,10.923381573325514,16.55014,-0.7135315,18.714266791677648,40.079224,7.39563,0.6151403124065603,1.2891457,0.116206706
2013-01-19 09:00:00,12.03762277190242,18.06131,-1.2648621,17.06747622412454,38.95451,2.9836016,0.6823353547487818,1.8003695,0.06368579
2013-01-20 09:00:00,12.738352372935822,19.249084,-1.2157593,15.331249988472127,38.996773,4.6403694,0.6928018657925444,1.2580225,0.086908944
2013-01-21 09:00:00,11.619529380547647,18.246338,-0.25756836,12.676606482627546,38.951096,1.6237774,0.9288307179050322,2.2264862,0.25320622
2013-01-22 09:00:00,13.176041626670155,18.640686,1.4609985,16.463860547121786,39.330975,3.1434746,0.5852364947809745,1.3620881,0.04763124
2013-01-23 09:00:00,13.76526042915151,19.556366,2.3473816,15.890813272054986,34.881653,6.198057,1.0781933442290235,2.0989006,0.5026585
2013-01-24 09:00:00,11.016844211435739,17.532196,-0.9404602,31.650745739446954,57.340347,17.44191,0.9340559922642399,2.0680203,0.29396304
2013-01-25 09:00:00,9.535411908763365,14.7994995,-0.4680786,77.06012426527137,90.31137,53.451996,0.7547703687492393,1.6417042,0.1665573
2013-01-26 09:00:00,11.536635621805772,18.240051,-0.3048706,75.80836788238807,86.36172,60.314842,0.8747876679628062,1.680022,0.08406909
2013-01-27 09:00:00,10.044572821706026,17.188202,-1.9231262,50.68973975367546,81.09078,29.900887,2.2321706302828734,3.5791712,0.59897983
2013-01-28 09:00:00,4.913264256017953,13.747467,-9.443939,43.88144070690632,65.84744,26.886602,1.6421588375837244,3.13714,0.29182905
2013-01-29 09:00:00,7.243007506051526,13.814117,-2.8005066,52.18079019324964,68.321976,42.669613,0.8640086691455012,2.0940034,0.10707698
2013-01-30 09:00:00,9.232204584081444,13.837921,-0.99801636,42.28412333594807,58.013126,35.356876,0.7084690642996159,2.1717677,0.12385028
2013-01-31 09:00:00,12.267016542653096,18.155548,1.7297668,29.86471269422735,39.731346,14.77822,0.44754984267143516,1.0642878,0.027146792
2013-02-01 09:00:00,14.122347273930473,19.927673,3.361267,21.512089822880238,39.096695,7.6826305,0.6528346258346442,1.3488902,0.24687777
2013-02-02 09:00:00,14.151107856978285,20.209015,2.5508118,20.668955538176313,45.43399,7.2280583,0.6206587960033993,1.0565319,0.122591384
2013-02-03 09:00:00,11.2061943993981,16.739197,-0.6026001,28.601841889821063,48.89232,16.276142,0.805071366010642,1.7388555,0.16550764
2013-02-04 09:00:00,11.91395556757493,18.553192,0.86764526,29.139292033276146,40.83519,21.631962,0.691217705594385,1.2050686,0.07140331
2013-02-05 09:00:00,13.761742874870038,19.440308,3.149292,23.776060678042114,35.07511,16.039955,0.697209090093774,1.6561913,0.11618204
2013-02-06 09:00:00,10.210484281794777,17.192352,-1.8838196,22.92805517043909,46.136444,12.980537,1.6787287842350918,3.5203123,0.0076761153
2013-02-07 09:00:00,9.432557167149241,16.055817,-1.2449646,21.745252781357873,48.943375,7.402459,1.045475333182084,2.24201,0.23841184
2013-02-08 09:00:00,7.053686962228539,16.599915,-6.749695,58.43513635122763,83.71882,35.02211,1.5235013426754735,2.3061857,0.71032375
2013-02-09 09:00:00,3.403094399639258,11.3638,-9.050537,51.22139934383288,84.836365,31.180115,1.2506010495414814,2.3767283,0.060274057
2013-02-10 09:00:00,5.709429615287661,14.03891,-7.6524963,44.49844203182562,73.73566,26.478611,0.5760980489243532,1.1594435,0.19979878
2013-02-11 09:00:00,6.111134560280107,14.512787,-8.659088,47.09676402284889,59.194927,34.987896,0.8699086993569883,2.6266375,0.09204675
2013-02-12 09:00:00,8.428936383258133,16.84732,-5.7668457,30.610143846499906,48.753544,15.977763,0.5522097936159294,1.581703,0.026870059
2013-02-13 09:00:00,10.29201984019079,17.564606,-0.5154724,32.37374259027949,43.81326,24.120365,0.6924190198530893,1.2664078,0.052238666
2013-02-14 09:00:00,10.98692524386172,17.690338,-0.7432556,32.66535588556274,50.396248,22.43613,0.8671744310213282,1.6716808,0.25904405
2013-02-15 09:00:00,13.494151226292047,20.794098,-0.20199585,22.33575277508995,39.73982,10.87263,0.8848188746528443,2.2297268,0.04034522
2013-02-16 09:00:00,16.266403916722027,23.707825,3.9578247,17.161818455893684,34.727924,8.290424,0.5495929324724266,1.0930922,0.08103079
2013-02-17 09:00:00,14.51004915549737,23.12259,-0.2914734,18.208648410081697,26.947113,6.7299356,0.72497401050146,1.5200468,0.051572844
2013-02-18 09:00:00,12.593370119845588,20.917328,-0.6829529,27.74869294374863,41.55677,16.40492,0.653113336000129,1.4455942,0.058942072
2013-02-19 09:00:00,11.606075242558063,20.851868,-1.8200073,52.97716779745678,65.238884,36.82028,1.7119577303201527,2.9793608,0.4721145
2013-02-20 09:00:00,3.831141268414626,11.961517,-8.454498,49.30271086062585,78.52049,34.114243,1.8141896935623993,3.979944,0.36567274
2013-02-21 09:00:00,6.5320032517258255,15.423523,-7.322571,49.809684466963056,83.76419,38.07647,0.568463493923447,1.5515828,0.15353757
2013-02-22 09:00:00,7.589557465349628,15.318726,-4.5932617,39.724875840111665,65.02995,29.678387,0.5091716684818381,1.09911,0.15192477
2013-02-23 09:00:00,9.710634142876074,17.034332,-1.4461365,43.586318721267745,67.754036,30.550077,0.8142161361097779,1.9452081,0.11743418
2013-02-24 09:00:00,7.534682624997629,15.203033,-5.0557556,31.894526456564964,69.6894,10.611278,2.1283237155367094,4.0734625,0.28849962
2013-02-25 09:00:00,9.597807817438365,16.545319,-1.2139587,26.19858662623919,51.85993,11.24178,0.5513356083132074,1.2604711,0.13489456
2013-02-26 09:00:00,11.55282152493129,19.455963,-2.1358337,15.437966662463753,44.987892,4.6667433,1.2999877256089123,2.7301426,0.045337494
2013-02-27 09:00:00,10.664210783282044,18.527496,-3.335785,21.983526835799637,55.781082,5.2085943,0.6061673761980918,1.4941386,0.03137168
2013-02-28 09:00:00,13.01999512255503,21.348053,-0.34725952,26.811469942900708,50.40248,9.452942,0.7721203745316784,1.6458216,0.112366505
2013-03-01 09:00:00,14.53249721081363,21.654938,2.0768127,33.75034714464366,40.14646,22.482723,1.009203783139984,2.0815387,0.07546062
2013-03-02 09:00:00,17.53565985135964,24.885406,4.3053284,25.315228737554655,41.678753,15.335003,0.5919030248263184,1.1650869,0.12036868
2013-03-03 09:00:00,18.795506039080692,28.4982,3.8614807,29.716009960729036,47.99095,16.592514,1.566108097357555,2.5494096,0.7242586
2013-03-04 09:00:00,11.855290009886971,20.423492,-0.8738098,58.74965242155525,73.71821,30.718204,1.1583908200741513,2.120167,0.122781515
2013-03-05 09:00:00,13.99892676830035,21.397614,2.5050354,43.18502847826735,58.42655,30.67163,0.6926099144110552,2.3429048,0.08293315
2013-03-06 09:00:00,13.981956386125944,23.381989,0.4425354,41.10316229616127,72.98861,12.11824,2.9800869763783324,4.5061326,1.7347313
2013-03-07 09:00:00,8.208664314159307,16.498688,-5.0794373,64.02110525252843,80.33161,44.754635,1.0714463883602903,2.2742994,0.3417904
2013-03-08 09:00:00,8.814018129959152,19.48941,-4.9998474,67.89119364096696,79.71419,54.24441,0.5217118915763757,1.1384354,0.031337257
2013-03-09 09:00:00,7.243782515894168,16.831696,-5.818695,61.47274292974812,86.31424,42.18461,1.2400619012084693,3.0782194,0.3226518
2013-03-10 09:00:00,10.803603778731372,18.246979,-3.13974,19.655397161468258,43.043335,6.9613047,0.8383645042655692,1.8915484,0.19111487
2013-03-11 09:00:00,14.369752621002192,20.99942,4.4701233,15.96945339069453,37.390545,2.4775438,0.755062074266897,1.45067,0.08500814
2013-03-12 09:00:00,16.6207518735917,23.612946,5.979889,22.83815601094965,39.214417,13.849236,0.515486294165319,0.97873425,0.07919553
2013-03-13 09:00:00,18.69768391893814,25.981354,5.115143,16.01344590040439,22.12473,10.916719,0.607953662509673,1.3125538,0.08647465
2013-03-14 09:00:00,21.899364550038854,29.810455,7.5956116,14.225632118232852,21.638086,8.065004,0.44940638622514273,1.5185847,0.08494132
2013-03-15 09:00:00,20.629407949868607,28.82071,5.5785217,17.377246577108608,25.64692,7.3226995,1.423783974233167,3.1144984,0.20669992
2013-03-16 09:00:00,18.173760054909053,26.389557,4.764557,20.68476087157199,32.1751,2.6431456,1.5876658111023645,3.1240764,0.04079521
2013-03-17 09:00:00,17.426566429567345,26.179047,3.4446716,22.531714437576728,35.40441,15.857536,2.4048528516066043,4.6508536,0.26963416
2013-03-18 09:00:00,16.39265757745659,24.514008,3.037445,20.331083769568743,37.809254,8.232658,1.3910000150135469,2.6181996,0.17745858
2013-03-19 09:00:00,15.691379327662332,23.607574,2.8468323,30.47471865018287,50.192863,11.27813,0.7918859806083041,1.7175312,0.25257963
2013-03-20 09:00:00,18.060444200684742,26.807526,4.000885,48.61327943138712,63.5636,38.047974,1.4921555145682568,2.5931695,0.60223156
2013-03-21 09:00:00,15.556673578312655,24.796295,2.7340393,23.151302164789666,48.98793,6.3941784,1.9873568734037341,3.9122012,0.2752956
2013-03-22 09:00:00,14.24142802088403,21.66983,1.6854553,14.836984727118649,45.37879,0.19129276,2.261687821055514,4.528798,0.11648028
2013-03-23 09:00:00,14.334805527386777,22.048737,1.6581116,15.909900532058925,41.97722,-0.77838993,1.7768903908636757,3.3941736,0.25934085
2013-03-24 09:00:00,14.080882166893673,21.344635,2.4405823,23.6866146305082,50.420963,4.1084623,1.0292541614056399,1.6946234,0.34565625
2013-03-25 09:00:00,16.96090944509251,24.778961,4.059723,23.060673516786846,36.106255,13.900989,1.0536931982916926,2.1954033,0.11331919
2013-03-26 09:00:00,17.20434955765046,25.18277,3.6456604,28.539615233920358,40.279163,11.841663,1.453945034468097,3.0074453,0.09513644
2013-03-27 09:00:00,16.880536929252855,25.793365,2.537506,47.76791512975527,58.61831,40.702484,1.373252800727171,2.63483,0.3313816
2013-03-28 09:00:00,16.21724252400935,24.877594,2.5260315,51.28915172810546,62.770573,38.78229,0.9205978830847943,1.8351184,0.114006184
2013-03-29 09:00:00,16.183702947770314,24.034332,2.123932,33.110251883580545,45.141865,21.90749,0.5578426566285458,1.0582175,0.23891866
2013-03-30 09:00:00,19.718252918238477,28.636383,5.0680237,34.453672516738536,53.498577,22.556545,0.9385865563059022,2.609737,0.1977085
2013-03-31 09:00:00,19.544822012779093,30.018463,3.4911194,48.65182168247678,73.630424,30.341366,1.6939049860759392,2.602696,0.74488103
2013-04-01 09:00:00,14.413105206266493,24.191803,-0.0953064,54.075964638418185,69.69411,40.201916,1.186625940302971,2.6204298,0.27395076
2013-04-02 09:00:00,15.004185327519338,23.35733,1.5926819,44.12273138362813,64.96214,28.903553,0.959938980055919,2.0787795,0.17334472
2013-04-03 09:00:00,16.71472015035141,23.848541,4.7115784,36.0257917382362,47.280663,26.463614,1.0917935924603146,2.4197402,0.03430785
2013-04-04 09:00:00,19.546111946148756,27.096832,6.028473,33.20027035297051,52.99464,14.018077,0.7700483101117486,2.1737258,0.21060963
2013-04-05 09:00:00,15.47186624299269,23.294586,3.1202698,50.29548813519693,70.829216,32.407337,1.8350339106517748,3.5828264,0.3659072
2013-04-06 09:00:00,15.675546914735662,23.444977,2.6422424,35.34061057339349,49.5049,21.918964,1.8994401898342848,3.6559591,0.28611743
2013-04-07 09:00:00,16.415285102779535,24.07779,4.5953674,37.09134932972554,63.54325,23.332314,2.5292684394430527,4.798083,0.67325586
2013-04-08 09:00:00,16.86814243434918,25.568756,2.9964905,52.46499789329365,66.5686,28.716644,3.6882544533545962,5.88255,1.806832
2013-04-09 09:00:00,11.631116763849832,20.03189,-4.020111,28.015318935494992,47.11561,15.860191,3.5273557394603436,6.608636,0.1397766
2013-04-10 09:00:00,16.889576329779914,24.541412,3.9269104,20.222300861410144,33.004524,10.834189,1.6014352575626045,3.3934178,0.2433461
2013-04-11 09:00:00,20.01899118433414,28.698395,5.1300354,29.75052061621856,42.6009,21.909492,1.1687055929116685,2.5438955,0.26328763
2013-04-12 09:00:00,19.20993692900703,27.419342,5.18692,44.37075022512703,52.768257,30.76091,1.496399338169792,3.097188,0.08709705
2013-04-13 09:00:00,20.379281496328872,29.108795,5.5052795,32.576891222847,40.39847,26.507847,1.3093066249905743,2.2918854,0.226201
2013-04-14 09:00:00,21.20012055493561,31.461823,5.5575256,34.327220208253486,44.73983,20.016548,2.2063636867975758,4.1330256,0.3382079
2013-04-15 09:00:00,18.095822449672482,27.230621,3.1368713,37.00723499457957,49.969223,28.988209,2.9182141822553924,4.7190385,0.8038768
2013-04-16 09:00:00,13.182765641487322,24.400055,-1.6839294,46.839661186180315,64.49743,7.9941826,2.952313161793717,4.667479,1.3868232
2013-04-17 09:00:00,11.2024502975558,20.916168,-6.351166,24.13984374869979,39.03572,11.923773,3.209114723232708,5.969439,0.21298604
2013-04-18 09:00:00,14.20425539332399,22.809235,-0.72128296,21.360410183004838,28.494343,12.881061,1.4016125893643627,2.0563521,0.2329822
2013-04-19 09:00:00,18.011780144512784,26.544586,3.6715393,24.165875125833608,34.63382,13.773513,1.0606425173775618,2.0975342,0.10539213
2013-04-20 09:00:00,20.536183678601446,29.423492,5.351959,21.4452713201483,34.133102,12.854929,1.6749600494998413,3.3262937,0.14511566
2013-04-21 09:00:00,22.306400952622596,31.017975,7.2757874,19.675340974240527,36.75046,6.5473366,1.1657903573301074,2.22091,0.087378
2013-04-22 09:00:00,24.400793242998986,33.309967,8.626373,20.52244355730289,28.118017,13.224438,1.2302048162903643,2.435329,0.17415687
2013-04-23 09:00:00,24.302303008350805,33.744293,7.6075745,25.088818680005986,37.297268,15.675918,1.152138425408966,2.6006393,0.13547078
2013-04-24 09:00:00,23.00602486968569,32.426666,6.8680725,23.321427357324644,32.60478,13.919282,1.0030712235201218,2.6260324,0.07512935
2013-04-25 09:00:00,22.882094578637464,33.26407,6.9515686,27.503043664412242,33.93043,21.914806,1.6231719016204886,3.5128317,0.24713188
2013-04-26 09:00:00,20.978761084521295,30.014313,7.0611877,21.601877619366007,40.98661,10.936083,1.4609855657605082,3.350453,0.19434159
2013-04-27 09:00:00,22.70714422050952,30.924713,7.91568,20.52329138642538,29.56333,14.896945,1.2713085554074444,2.703067,0.14113386
2013-04-28 09:00:00,24.560954022282374,33.12906,8.884918,19.217897537020033,34.66985,6.896412,1.5064763926733298,3.2505362,0.21626
2013-04-29 09:00:00,25.417367972030206,34.23355,9.4339905,20.2824851527321,31.95428,10.835775,1.4732808346762054,2.843764,0.2164674
2013-04-30 09:00:00,26.499334454543828,35.554596,9.230377,25.792784484777314,34.582108,16.680336,1.8501409924498553,3.6230767,0.19181025
2013-05-01 09:00:00,23.677347235554237,32.269928,7.6058655,24.029265706736883,30.681879,13.898291,1.6888661927599733,3.0963495,0.16104667
2013-05-02 09:00:00,24.713341741562772,33.9169,7.95401,14.168066056566,19.750927,8.76766,1.1834235239609963,1.9750227,0.40207663
2013-05-03 09:00:00,26.888944202775633,36.54776,9.125885,18.33940982507714,29.88424,12.325693,1.121762578854045,2.3885767,0.020506004
2013-05-04 09:00:00,26.533588452030926,36.260406,8.000641,18.519085412214643,29.792515,11.491232,0.8659500341935917,1.8630251,0.050349545
2013-05-05 09:00:00,23.743162475892632,35.07315,5.1961975,18.997223479216306,38.16164,8.100091,2.093873222096332,5.35042,0.5022689
2013-05-06 09:00:00,16.621592225367692,27.021637,2.49234,57.42469116242247,76.35978,46.758217,2.064316646891389,4.3205442,0.6916138
2013-05-07 09:00:00,15.670958036130799,25.970367,0.3043518,61.315612136545155,75.7521,48.783348,1.4077075814594546,3.1015465,0.4445775
2013-05-08 09:00:00,15.5601103956202,24.341461,1.9022522,66.0625843715422,81.06288,48.3344,1.0000178208811195,2.0587456,0.32745105
2013-05-09 09:00:00,17.864791642562693,26.447662,4.8175354,59.212172979691715,73.75681,41.22592,1.6079618878594673,3.6710975,0.050032884
2013-05-10 09:00:00,20.925810122811242,28.445953,7.4249573,44.85855058731771,58.5518,30.700237,1.7096264954702398,3.2648723,0.23774338
2013-05-11 09:00:00,24.42298868905874,31.914948,9.959381,25.549210792341945,34.180008,20.18333,1.1194691030236044,2.030688,0.21460947
2013-05-12 09:00:00,27.898454370454488,36.884674,10.1527405,24.152100265843597,37.692802,15.845736,0.9842589144955133,2.5786068,0.08519639
2013-05-13 09:00:00,29.403643684979215,38.82852,10.366852,23.30158849881376,35.745068,14.932844,1.528993906813139,3.514778,0.2380379
2013-05-14 09:00:00,28.719794337053486,37.927643,10.726471,21.226127292123063,32.422195,12.0303955,1.3297699320977994,2.6738682,0.10220288
2013-05-15 09:00:00,25.007648540552054,34.124664,11.013824,26.89076751850523,33.776863,10.339364,2.0135341763394052,3.3564503,0.6722113
2013-05-16 09:00:00,24.68659510532592,33.877594,10.85025,23.96712467620452,37.69762,11.974838,2.7516771452417292,5.0243974,0.5728798
2013-05-17 09:00:00,17.67798421200888,25.399078,5.1722717,53.63330114547217,62.69446,41.053837,2.427923572246745,4.3031187,0.7678456
2013-05-18 09:00:00,19.89483724684976,28.47403,6.945465,24.267734159170285,42.103718,7.8615303,2.298477615384964,4.119606,0.7389101
2013-05-19 09:00:00,22.17795115226255,29.767487,9.88443,24.851197897805367,35.80947,17.75284,2.261106250722367,4.3541374,0.2670759
2013-05-20 09:00:00,24.151224563336655,31.727936,11.417389,23.90284159574654,32.895454,13.079046,1.6015089758815322,2.8924894,0.37490815
2013-05-21 09:00:00,26.946924482697455,34.999664,13.376617,17.299517824502313,25.299145,11.6576185,1.5670391137981006,2.6328888,0.44463488
2013-05-22 09:00:00,24.09090066122252,33.600983,9.618561,17.351277899368974,30.118523,0.60525894,3.394184634145679,5.901511,0.85730267
2013-05-23 09:00:00,17.267341199230543,24.122467,5.433014,19.938227199441464,36.900284,13.235092,2.4734790398183137,4.013821,0.7392325
2013-05-24 09:00:00,19.146803340950726,25.484772,9.189362,22.280650724960086,28.9802,15.30323,1.6517843561261762,3.359813,0.40182424
2013-05-25 09:00:00,22.168760489384624,29.660797,9.627594,23.69523729236511,30.423079,16.242516,1.8721834380628515,3.3667884,0.7636546
2013-05-26 09:00:00,21.724984688730785,30.03775,9.125641,28.950069470757512,36.490498,21.362963,2.8219450418993657,5.1195436,0.8784101
2013-05-27 09:00:00,21.28032707078262,28.278717,9.827545,28.9353648100799,44.182274,20.272034,2.798292342502047,5.0685325,0.7314262
2013-05-28 09:00:00,18.493322686855436,25.238922,8.093414,52.731982452568346,72.294945,36.963856,3.0185820683958884,5.477254,0.6872141
2013-05-29 09:00:00,21.349657607523852,28.315582,9.565582,37.072920667278055,54.661186,19.078884,2.678298330270983,4.8131304,0.7688629
2013-05-30 09:00:00,23.051654018266277,29.807526,12.329254,15.626662254497086,32.4658,6.3100667,2.3387968213077253,4.2776914,0.60292053
2013-05-31 09:00:00,25.143971840402628,31.722809,14.80484,15.281136745791434,30.926834,2.9856825,1.979406270708637,4.0073185,0.15200932
2013-06-01 09:00:00,27.535534915723417,33.97989,16.86856,18.03439923784178,25.001663,10.695968,1.3033202575448422,2.5340097,0.20730051
2013-06-02 09:00:00,29.670342933944823,37.365387,15.984528,17.279087640963155,23.33348,12.96459,1.4807002927046988,2.8326888,0.13114358
2013-06-03 09:00:00,29.92337464147306,39.071686,16.851715,21.866617378533793,30.20185,13.678412,1.569369170120639,3.8725429,0.6292676
2013-06-04 09:00:00,28.50223373844335,36.857086,16.371979,29.418531923030674,38.206665,14.314614,1.514398729877485,3.3141148,0.11570141
2013-06-05 09:00:00,28.49903118956354,35.91739,18.073639,25.921020756139587,34.932823,8.382154,1.5475572401230384,3.658276,0.12894551
2013-06-06 09:00:00,29.17323613123284,36.04727,18.433258,24.2049284151898,31.58308,11.2198,1.376072654679267,3.3789153,0.15452671
2013-06-07 09:00:00,30.868314438206994,37.757965,19.909332,18.85679137395669,26.30845,8.706063,1.2528149011986545,2.8886318,0.033877254
2013-06-08 09:00:00,33.65103110076666,39.72867,22.772614,12.316695357785724,17.31874,3.921997,1.0954685588867308,2.3191934,0.13200687
2013-06-09 09:00:00,34.820539876752036,43.642975,21.903961,17.47825300812873,24.68716,11.025972,1.510753088833149,3.847439,0.13621686
2013-06-10 09:00:00,29.17447551312705,37.775543,15.168121,28.971663210619766,60.53236,6.278205,2.0352598313984034,3.8421035,0.65707105
2013-06-11 09:00:00,25.663126659425473,33.2836,14.158112,29.757581160898795,34.683388,24.30448,1.482321499184572,2.7009566,0.17545478
2013-06-12 09:00:00,27.45450586826621,35.372223,14.368805,23.893194571882407,31.088047,16.79715,1.6668650233620834,3.6134129,0.52656883
2013-06-13 09:00:00,27.63039460590096,37.374176,12.702301,12.259234545536689,28.203636,-0.25478268,2.6012526793616315,4.3872347,0.7587921
2013-06-14 09:00:00,24.821016234484716,31.915924,13.128815,9.770071260171559,18.647537,1.904393,1.8980269454511194,3.9487338,0.33165142
2013-06-15 09:00:00,26.976396058271405,34.282135,13.537994,14.299855825087429,19.385935,10.538278,1.4090958475143764,2.7625177,0.47129428
2013-06-16 09:00:00,27.53572606920909,36.227936,13.751373,15.383931021836993,21.180542,10.634944,2.1521921063488247,4.099993,0.62078345
2013-06-17 09:00:00,27.236269001663743,34.663483,14.602203,19.273792424447166,26.269028,14.169555,2.567404897294635,5.0494065,0.75503474
2013-06-18 09:00:00,27.23589456109363,34.79019,14.292145,18.17009619953097,24.027159,10.146786,2.84076540388591,5.3624754,0.77811056
2013-06-19 09:00:00,22.990366068335504,30.677887,11.093903,17.089262696747518,37.71931,6.432122,3.1673985819140773,5.54819,0.96650946
2013-06-20 09:00:00,22.491080877007676,28.84488,11.714752,18.036219221190624,28.968666,7.694171,2.5001854702517354,4.640483,0.7078092
2013-06-21 09:00:00,24.904029301454955,32.09073,12.606598,19.110311842444318,25.963173,13.858475,2.3123274537831278,4.326079,0.6693336
2013-06-22 09:00:00,25.960236399447638,33.079254,14.443024,21.4102329029591,26.976765,15.88907,1.8349390992821055,3.5879424,0.53947955
2013-06-23 09:00:00,27.97804593499626,35.449127,14.648346,20.195678979752063,26.268044,14.110734,2.3061912134268883,4.3663983,0.72537965
2013-06-24 09:00:00,23.379295387454988,31.442047,10.8697815,39.75999055133242,50.299484,28.817017,2.0613079871377056,3.6314738,0.7858535
2013-06-25 09:00:00,24.215338112734344,30.392487,14.509674,57.944888758423176,69.18739,39.20302,1.2987885460187898,2.822271,0.47917008
2013-06-26 09:00:00,28.4363958898507,36.021393,17.509186,50.80882301891173,73.18358,23.998705,1.76242281405098,3.2757554,0.62902385
2013-06-27 09:00:00,30.581875329038837,36.51114,21.031403,38.13633898059357,51.774086,20.629768,1.6737509764420282,3.6038358,0.523301
2013-06-28 09:00:00,32.97324412724976,39.904205,21.6315,28.496476747339468,38.214672,18.105297,1.4040407358654972,3.0076177,0.23018844
2013-06-29 09:00:00,34.09477683029223,41.539215,21.488434,23.693184506766663,34.48467,16.184048,1.5272890557912417,3.0879347,0.4099478
2013-06-30 09:00:00,35.184012978023304,42.877106,22.152496,15.063910607013758,23.063307,7.975958,1.5653666194324916,3.1015196,0.086093426
2013-07-01 09:00:00,34.94513733327773,42.741364,22.588531,16.22363801422175,19.61544,13.970909,1.227685366961836,2.931624,0.103576206
2013-07-02 09:00:00,35.26201017129557,43.669586,22.816803,21.932649917330576,32.389378,15.134155,0.9130529401947909,2.5002856,0.12920164
2013-07-03 09:00:00,34.914050402766236,44.07242,21.895905,25.130822031838907,37.999596,17.003944,1.1625703092089499,2.826158,0.050777487
2013-07-04 09:00:00,34.494186498397596,42.57608,21.05606,30.44073578166244,38.289177,26.148554,1.0090561914325649,2.0127199,0.14461361
2013-07-05 09:00:00,34.52200326280149,43.89615,18.856842,26.55985415128849,38.667885,10.5858555,1.8174042437323983,3.0941966,0.64755553
2013-07-06 09:00:00,32.41989132585712,41.74185,18.868805,13.966328570502238,21.015472,6.5935965,1.7424932691796164,3.2598786,0.6723339
2013-07-07 09:00:00,31.03804353133546,39.23404,17.907867,14.763977802490853,21.42218,4.1450777,1.4907906455453266,2.8758256,0.40897688
2013-07-08 09:00:00,31.965787325896883,40.4357,18.158356,11.151369698652896,21.190014,2.1679502,1.3932103264809623,2.7679598,0.5113129
2013-07-09 09:00:00,32.54483218860645,40.952545,18.085358,15.363112752346282,22.269484,8.369482,1.1178619800209662,2.1354778,0.057199933
2013-07-10 09:00:00,32.98412209885015,41.34024,18.629303,13.903883764061904,17.94714,8.967019,1.0796791459213089,2.74822,0.24107541
2013-07-11 09:00:00,30.867439107758287,40.3273,15.743317,24.534493823788,36.52535,18.244099,1.2619070285745442,2.425221,0.6895742
2013-07-12 09:00:00,29.805508673049133,38.71109,15.795074,22.667531998207274,31.333107,13.730659,1.412690491298239,2.362539,0.58276886
2013-07-13 09:00:00,30.707230570889692,38.549713,17.582916,16.941801999310705,24.177654,11.849748,1.2814580031949596,2.2330427,0.31483248
2013-07-14 09:00:00,30.713729770031705,38.868317,17.260895,17.27316099397889,23.657104,13.216308,1.3886217121993205,2.3747663,0.3965927
2013-07-15 09:00:00,30.692372676349464,38.243317,17.99527,19.929048369167777,27.481052,11.36777,1.3674437894886735,2.5100455,0.51063746
2013-07-16 09:00:00,30.09886337985256,37.51187,18.058746,20.97639543595132,27.267387,10.355116,1.6120262544811355,3.058883,0.9389511
2013-07-17 09:00:00,29.07085408595833,36.093414,17.54654,22.759461509806222,28.271706,17.824547,1.5899348788001308,3.694501,0.45176083
2013-07-18 09:00:00,29.962147723413807,35.690094,20.595123,14.320027769907995,27.687666,5.244337,1.424543472074545,3.1164863,0.18562569
2013-07-19 09:00:00,31.96824678720384,37.610504,21.948395,13.487418312683362,23.826878,4.358348,1.4172128321149124,3.1914208,0.17525627
2013-07-20 09:00:00,33.359956842798624,39.1127,23.550201,14.517738208909593,22.776741,5.054789,1.2680181972185334,3.0384996,0.07585748
2013-07-21 09:00:00,34.28120365496983,40.816803,23.32071,20.314282857436364,32.943268,12.3720875,1.0744631562558893,2.1650817,0.3609162
2013-07-22 09:00:00,33.18701484803984,40.85269,21.116364,26.519284728839263,49.005333,19.037537,1.2823000749330353,3.0236492,0.28151864
2013-07-23 09:00:00,29.184000116996344,37.13394,16.354645,45.123359908752825,54.47766,33.380005,1.2366013043514805,2.6661546,0.27625346
2013-07-24 09:00:00,29.545564099508056,37.190826,17.530914,42.106314394884855,48.996525,35.707462,1.5020269376867572,3.2464473,0.25799328
2013-07-25 09:00:00,32.515096660979964,40.259186,19.768951,33.69648726063654,40.68394,28.234135,1.5697979277166452,3.7387137,0.1258044
2013-07-26 09:00:00,32.11134834167069,40.21158,18.586578,36.76599987449138,45.540646,27.888302,1.5567148519944014,3.6505656,0.24717872
2013-07-27 09:00:00,31.154914724432558,40.323883,15.124664,38.54462826679237,65.65989,11.209445,1.3926654015791167,3.2878149,0.26818636
2013-07-28 09:00:00,30.676604720252044,39.772614,15.604645,27.767976768455046,55.857353,14.567599,1.4632459890726057,3.3253622,0.24855016
2013-07-29 09:00:00,30.399139769443934,39.512604,16.082916,25.301678938947184,37.365387,17.267244,1.6943443555697584,3.1171677,0.5076
2013-07-30 09:00:00,29.76821594678023,38.610992,16.105133,28.495041383837375,37.429718,22.253935,1.7215453210156084,3.595407,0.40376732
2013-07-31 09:00:00,29.54511268797046,37.527985,16.822906,24.21211083235932,29.660885,20.143957,1.870867255003661,3.9354024,0.8272969
2013-08-01 09:00:00,30.05116491452577,37.537506,17.482819,18.74207907401644,28.905209,11.725521,2.247490739682248,4.188438,0.7594054
2013-08-02 09:00:00,27.91226471938478,35.03409,16.30606,13.282180290393484,22.187172,6.558256,1.8649912276795997,3.6518745,0.6397631
2013-08-03 09:00:00,28.580589141069936,35.483795,16.708405,16.00208900389854,23.219069,11.619077,1.3849294414761295,2.7802787,0.6978072
2013-08-04 09:00:00,29.61364015228122,36.82852,17.69571,18.1722965155424,24.595734,11.767609,1.3568297563350311,2.7365065,0.51111144
2013-08-05 09:00:00,29.90072447642973,37.031403,18.166168,20.984670827628644,26.978226,14.833381,1.5485676983601173,3.3952863,0.62795657
2013-08-06 09:00:00,29.841714258757122,36.620758,18.208649,21.722380542014903,29.032423,14.309767,1.5268660262062101,3.4793189,0.6036987
2013-08-07 09:00:00,28.852822697630927,36.39395,17.122467,28.35182282470229,37.295784,18.795784,1.9755380129717746,3.9225976,1.04806
2013-08-08 09:00:00,25.99854309829169,33.12735,13.601959,32.19301477934682,45.59341,23.633623,1.6130413917829087,3.3196692,0.6997667
2013-08-09 09:00:00,26.23299122428358,33.50772,13.589752,32.70405971021427,45.10323,19.59338,1.498113109303417,3.185634,0.76260495
2013-08-10 09:00:00,26.783517344436746,34.272858,13.952545,29.114858695948044,43.05727,16.850304,1.7371079031346264,3.6147308,0.7936683
2013-08-11 09:00:00,26.764067241016676,34.028473,14.93277,30.67421907591771,41.90298,22.231106,1.7942775664586703,3.658406,0.63792145
2013-08-12 09:00:00,28.199969599897827,35.059235,16.550201,29.048486375065433,39.410507,17.93785,1.5722213616004745,3.2914422,0.6441897
2013-08-13 09:00:00,29.84352316788619,36.860992,17.325348,21.25160392952792,32.79464,9.239954,1.4448544850344087,3.0372655,0.46951884
2013-08-14 09:00:00,31.273439467741923,38.442535,18.448395,19.726925803770705,26.770744,13.02465,1.3284297230988742,3.0216582,0.50608987
2013-08-15 09:00:00,31.716881178375843,38.86563,18.97696,16.167422523958056,23.645395,10.814714,1.5602634663360064,3.1244385,0.59912896
2013-08-16 09:00:00,32.49803571260145,40.061676,18.974274,17.909747729883183,25.351913,12.420658,1.6530871887344856,3.4151785,0.22589195
2013-08-17 09:00:00,31.84362282820615,39.235016,19.04361,20.78026792205836,25.660131,18.042944,1.7976294387195726,3.9527507,0.6428203
2013-08-18 09:00:00,30.79398428690206,38.48477,18.34024,23.383818402184865,36.61553,17.361752,1.3959881934768268,2.888633,0.32321784
2013-08-19 09:00:00,30.19453679696977,38.43985,16.822906,37.984265169126616,55.631798,26.244665,0.9005292287456962,1.6061006,0.03398322
2013-08-20 09:00:00,32.088183627469675,40.931305,17.640045,35.863384136731675,44.798504,24.982073,1.2757540342944353,3.3361003,0.037387855
2013-08-21 09:00:00,29.45697944887712,39.22867,13.80484,34.86184326509187,56.39208,22.275162,1.2563376167874452,2.417996,0.27504033
2013-08-22 09:00:00,29.63711203119567,38.697174,14.865143,19.486141729606835,31.260342,7.965904,1.6700134904999382,2.9612691,0.7808104
2013-08-23 09:00:00,29.900550320493664,38.113922,15.910797,22.3447019447707,29.88902,12.8728895,1.6973764274635446,3.4765732,0.56538403
2013-08-24 09:00:00,27.87089548775566,34.878326,15.022858,22.17017510545316,30.172758,16.33636,1.6840853936071574,3.0641348,0.5065518
2013-08-25 09:00:00,28.11479651538491,35.740875,14.5729065,25.03610629988816,36.801544,17.457794,1.9652264469808716,3.8538027,0.33589676
2013-08-26 09:00:00,27.942719039293195,35.71573,13.950104,27.78507308075368,38.431957,16.009834,1.5403132545179556,3.3018236,0.5291667
2013-08-27 09:00:00,27.927091806244675,35.465485,15.223297,33.87291111615197,45.169605,23.665699,1.2331346599846524,2.667644,0.4905192
2013-08-28 09:00:00,28.702699382959622,36.809235,15.219391,38.40695111477313,58.25402,24.189646,1.433011293642986,3.0193346,0.387792
2013-08-29 09:00:00,29.332673803082514,36.83902,16.707672,30.968224060345527,35.39004,26.597073,1.732005571066404,3.641579,0.44562215
2013-08-30 09:00:00,29.900188453672342,36.919098,18.411285,28.50329781237529,38.04739,20.374947,1.6367658669030074,3.6127615,0.41776615
2013-08-31 09:00:00,31.345951980493055,38.544586,18.630524,25.975896665826877,40.175575,18.894325,1.0488975522911574,2.4902558,0.20216727
2013-09-01 09:00:00,30.518204209651742,38.72696,16.914215,33.89004979093955,50.94464,22.289894,1.2333807694426246,2.8849528,0.41368896
2013-09-02 09:00:00,29.230535822155787,37.936188,16.623688,43.26469712474569,72.43271,28.187271,1.5652322915315857,3.2414715,0.4566419
2013-09-03 09:00:00,28.166248772130814,36.34903,15.203033,47.65845300678407,62.889687,32.436314,2.0605060045513186,4.1901155,0.7677538
2013-09-04 09:00:00,28.14812714187906,35.38907,16.1232,39.91828275745552,46.03851,33.844017,1.8658849566500342,4.076869,0.36794078
2013-09-05 09:00:00,28.619616309889068,35.76065,16.411041,32.756229343947396,37.246754,24.248732,2.0803199606464964,4.1536965,0.3039277
2013-09-06 09:00:00,28.24347471873142,34.613922,16.511383,24.52827490284485,30.545906,17.258057,1.810554123816266,3.3939507,0.31162685
2013-09-07 09:00:00,29.327053791478306,36.491364,16.737457,18.518108539460872,23.34967,10.228576,0.839504276616437,2.207339,0.111329734
2013-09-08 09:00:00,31.367656767400774,39.517242,17.20279,17.272000438321964,26.023022,10.230054,0.9747284995900793,1.7894588,0.045519043
2013-09-09 09:00:00,30.816647609166807,38.60782,17.187897,19.965301704865453,24.130033,15.215972,1.0807882101174582,2.3064792,0.32862222
2013-09-10 09:00:00,30.340939574824347,37.977448,17.020416,22.102107904798217,25.855452,17.015608,1.5051017296588554,2.7640336,0.5519281
2013-09-11 09:00:00,29.210186954356914,38.177887,15.33609,27.453076370829574,31.875917,18.360464,1.4501692756658517,3.0954192,0.2899512
2013-09-12 09:00:00,25.898211680546808,33.285553,14.8385315,33.216293201206796,47.094635,24.206009,1.4430970252767141,3.06839,0.57414
2013-09-13 09:00:00,26.92310431300689,33.66519,15.262604,32.93099553270759,42.36252,24.193445,1.4261710335638442,2.8722916,0.52293485
2013-09-14 09:00:00,27.58133756429396,34.400543,15.83609,30.495117197760486,36.618942,27.109375,1.4317791687705994,2.9506354,0.4086213
2013-09-15 09:00:00,28.46047820549927,35.5065,16.59317,25.769188544102445,33.727955,20.770924,1.8412340633248057,4.051441,0.37208626
2013-09-16 09:00:00,28.169531416512655,35.028717,16.504547,27.631329002594956,34.16359,21.900433,1.9588488126449184,3.9896119,0.3098359
2013-09-17 09:00:00,27.77334294503953,34.37149,16.191803,25.935365293387637,37.493107,15.060355,2.14490266791381,3.7728987,0.571898
2013-09-18 09:00:00,23.380890401594797,29.760162,13.016022,20.089117534266066,36.358383,12.956039,2.121425617288344,4.0826197,0.40706927
2013-09-19 09:00:00,24.947888345476088,30.390778,15.222809,12.656766187794425,23.292488,3.9318752,1.0291443415477874,2.0357447,0.076914765
2013-09-20 09:00:00,27.96051271790742,35.037018,15.792877,16.554963189871405,23.674488,10.3588915,1.0510266883101504,2.468806,0.38669294
2013-09-21 09:00:00,25.475515423325135,33.70352,12.795319,32.23883721959536,40.523903,23.398258,1.9689086514563006,3.5781682,0.7966388
2013-09-22 09:00:00,17.50102339503826,27.487213,3.5965881,49.75783708104058,72.68858,22.407331,2.1901573274401533,4.0024266,0.61115205
2013-09-23 09:00:00,20.527912240464616,25.37613,13.155914,28.584019753349097,44.670437,16.568874,1.4794404631236497,2.7315083,0.12694718
2013-09-24 09:00:00,24.026314713408453,29.948639,14.122467,22.41908524304954,36.375977,14.796208,1.1565040619201603,2.6603227,0.2683872
2013-09-25 09:00:00,23.945891978692373,31.764313,10.899078,28.693973761347127,42.490646,8.425657,3.159669054195536,5.241881,0.9758915
2013-09-26 09:00:00,16.753925056233186,24.38321,3.6078186,42.384517280503594,61.519344,31.129723,2.5034304077039162,4.5862584,0.74029446
2013-09-27 09:00:00,17.20937279954427,24.99356,4.6647034,25.280943867046748,34.380135,16.415966,1.5409413873903324,2.7917483,0.23513801
2013-09-28 09:00:00,20.10997527388298,26.930573,9.926666,16.859033316804467,25.108644,8.913332,0.6940585754943044,1.5056907,0.22387058
2013-09-29 09:00:00,23.626547354862794,30.862457,11.649567,17.88282877904312,27.30012,9.637497,1.000460565721784,2.849358,0.14135982
2013-09-30 09:00:00,24.453995941487563,32.03189,12.252838,23.493315115759756,30.341412,18.249035,1.9462462976891268,3.6156707,0.4107295
2013-10-01 09:00:00,23.159688925454475,29.542145,12.373932,25.304879332089488,40.328655,4.0474043,1.9313201181104371,3.755175,0.43588904
2013-10-02 09:00:00,22.00685741143525,28.291168,11.298981,30.333990233472388,52.091015,2.301118,1.6913113174059136,3.028817,0.4017041
2013-10-03 09:00:00,21.315596923356793,28.246979,9.162994,16.578028096639986,30.371162,0.8475065,2.5744313854019607,4.722872,0.61117125
2013-10-04 09:00:00,18.383298183611146,24.137115,8.016022,15.58043951784311,23.468914,3.7892265,1.7920699278721328,2.7448711,0.37204576
2013-10-05 09:00:00,21.493335201669936,29.085358,8.663971,13.576614634563091,16.264412,11.639413,1.1484893320032221,2.3422143,0.4249959
2013-10-06 09:00:00,24.077305596907365,30.7919,14.080963,9.93076382083876,14.252825,6.0323553,0.5561506552030113,1.479114,0.1521318
2013-10-07 09:00:00,25.588247122447513,32.08658,14.559235,11.060542252128942,14.7308655,6.6410217,0.7370481964424435,1.9903034,0.112443194
2013-10-08 09:00:00,23.48715987317098,30.86734,11.050934,16.028852990372787,19.830803,13.479241,1.318133709234422,2.545105,0.4997603
2013-10-09 09:00:00,19.955657707981004,28.245026,6.5516663,27.632765468020878,33.18097,19.538754,1.5933830354372653,3.8320467,0.4723969
2013-10-10 09:00:00,12.65342850360122,19.42276,0.6551819,55.23717531998259,68.50117,42.602863,0.8154007353052463,2.2055223,0.19178592
2013-10-11 09:00:00,16.541641688432605,24.638824,2.5021057,38.15576254550123,47.05532,31.94204,0.5816069432271409,1.0300927,0.18708216
2013-10-12 09:00:00,18.265576686221266,25.858551,4.1456604,33.85321715452766,42.95163,24.268034,1.0727254308225567,2.1250641,0.34784696
2013-10-13 09:00:00,18.694227451673044,26.716217,3.823639,37.18819718946433,43.163265,26.010704,1.6319790499568971,2.9407756,0.4738499
2013-10-14 09:00:00,16.646717036698135,23.884918,3.7811584,28.578041121342487,36.915176,12.00502,0.9156862688789056,1.4678303,0.32133266
2013-10-15 09:00:00,19.60784217776302,26.938873,8.677155,25.54441382194805,39.308258,18.127277,0.874261349578635,1.891296,0.1334452
2013-10-16 09:00:00,20.28858629807314,28.175934,6.863434,20.839433072947916,24.756319,16.466814,0.6172570844815765,1.359752,0.20687124
2013-10-17 09:00:00,21.560473807568656,29.388336,8.589508,22.05740532321591,26.283928,19.377403,0.763774740979863,1.6313345,0.36180612
2013-10-18 09:00:00,21.671083070032466,28.369293,10.549225,15.551457438809534,20.481873,10.794333,0.6222729601376283,1.2841623,0.11513135
2013-10-19 09:00:00,22.432233300506027,29.481842,11.198639,13.846155803460121,21.739746,9.019232,0.47745406047103434,0.9230129,0.13473727
2013-10-20 09:00:00,22.435827868085653,29.1669,11.014557,14.183142766614514,25.325346,9.548002,0.5890490738051695,1.378515,0.099261604
2013-10-21 09:00:00,22.341504404361785,28.606842,11.681061,12.665578854948013,21.817745,6.1439695,0.5458802481055248,1.1762954,0.08944512
2013-10-22 09:00:00,22.51153072983442,29.292877,11.626862,14.502693687226923,26.907839,8.919558,0.5959495677520676,1.7072166,0.06947013
2013-10-23 09:00:00,22.647634263280395,29.909332,11.126129,16.417638487744856,26.914364,10.262254,0.7059461807437986,1.9316844,0.08353714
2013-10-24 09:00:00,21.619588564572496,28.844635,9.411041,15.899508621991657,23.72198,10.844737,0.8057161946515905,1.9477953,0.09560187
2013-10-25 09:00:00,20.43164674897065,26.888092,9.302155,16.746101256465447,25.150087,10.827477,0.9429329719661997,2.1874936,0.12212703
2013-10-26 09:00:00,20.520790129898558,26.378326,10.071686,16.19220150962655,26.077488,9.764294,0.6876606507803583,1.5792874,0.042729516
2013-10-27 09:00:00,20.916160729108412,27.829498,9.958405,16.248297042720946,25.609995,10.942026,0.7895844401520558,1.8579797,0.03006675
2013-10-28 09:00:00,18.780466369724365,27.003326,4.7416077,30.870448695151342,49.52936,13.22853,2.4377749499620633,4.7785635,0.548377
2013-10-29 09:00:00,9.068005266088221,18.217682,-5.2361755,57.29765303560905,71.465126,36.53544,1.0537244827527381,2.0586157,0.17733507
2013-10-30 09:00:00,11.648620805893586,19.341217,0.9732971,44.5123394994485,63.46345,14.756419,0.8999650532750197,1.7200358,0.10686275
2013-10-31 09:00:00,14.515756430566796,20.220612,5.3993225,25.819936433098707,37.91508,12.9541445,0.8799416063513672,1.853594,0.15437976
2013-11-01 09:00:00,16.842718719874767,22.821686,8.011139,17.577879380334778,27.139717,10.652168,0.40741415263642605,1.0043563,0.032233097
2013-11-02 09:00:00,20.197750832438203,26.642975,9.514069,17.637606174798158,26.682968,11.542344,0.5490983838922443,1.9361297,0.07118894
2013-11-03 09:00:00,17.948716335509175,25.86148,3.3229065,27.232112405757604,34.776424,19.3233,1.7558039073405771,3.3750226,0.16158058
2013-11-04 09:00:00,13.001710338706516,19.32071,0.21524048,24.94343225354488,43.73669,4.745781,1.8109548983056616,3.8300607,0.06769974
2013-11-05 09:00:00,12.921913799690628,19.45987,0.2521057,20.638025969118317,35.030174,13.965418,1.0924897816439514,1.9161633,0.10439269
2013-11-06 09:00:00,14.94296040034152,20.86441,5.024811,18.74129204061581,26.694786,12.214317,0.3731164218567911,0.89949864,0.10302152
2013-11-07 09:00:00,18.162138780414637,24.209625,7.8658752,17.27283082080497,25.853323,12.900431,0.4490359959495042,1.4762576,0.045732636
2013-11-08 09:00:00,18.076164081045818,24.449127,7.445709,16.68519256736756,27.191849,10.341044,0.9198499285830621,1.9319497,0.13048224
2013-11-09 09:00:00,18.199277267822822,24.261627,7.5936584,19.24501481595975,28.368546,12.44122,0.4771717093900113,1.7246801,0.024842491
2013-11-10 09:00:00,18.559228229757423,25.369781,7.0299377,13.002436977772422,20.503487,5.413644,0.604049106464105,1.3664951,0.06656392
2013-11-11 09:00:00,19.210475329249675,25.950836,8.555084,12.40532149122931,23.704922,5.1540585,0.7154325602898179,1.6923447,0.017342968
2013-11-12 09:00:00,18.541172386310052,23.496552,9.256317,17.15914577113651,31.608994,8.066103,0.6789601075103188,1.5117362,0.15328968
2013-11-13 09:00:00,16.880193938268576,21.965485,7.266266,24.577968343143745,38.51946,14.925051,0.9747895198909191,2.0434217,0.05177171
2013-11-14 09:00:00,17.941220733716364,23.483307,8.975494,28.122855727865574,31.54731,24.93407,0.5752252490773099,1.2253194,0.12786587
2013-11-15 09:00:00,16.83519249726868,23.118805,5.9566956,32.01363287781757,40.539997,20.862034,1.6383032072565031,3.1921089,0.23327237
2013-11-16 09:00:00,12.935961515939084,18.977692,3.1564026,47.6617925750936,61.245438,31.897684,0.9487305181239354,1.6113449,0.40657994
2013-11-17 09:00:00,14.086453321285376,20.634186,4.7989807,44.73537452222811,59.199673,24.345638,0.8533868311527015,1.6743463,0.0902565
2013-11-18 09:00:00,14.274917258334483,19.843658,5.058014,39.850129854304726,50.829445,20.93882,0.43811461817467273,1.400279,0.1364997
2013-11-19 09:00:00,13.779709509339455,19.985992,2.5660706,51.330191246105734,68.708206,35.28633,1.3411091922764162,2.3929584,0.16681786
2013-11-20 09:00:00,12.831067614226697,18.89273,1.8868713,62.75346584281906,77.073814,45.518185,0.63064747289703,1.6767238,0.027793653
2013-11-21 09:00:00,12.121764739184812,20.381622,-0.20822144,77.87671742306887,90.24136,56.33086,1.496653240379192,3.1852891,0.07395163
2013-11-22 09:00:00,7.688712091814978,15.498871,-6.80777,56.060103315115406,88.759995,32.674053,1.9417659490969514,3.8995867,0.44878745
2013-11-23 09:00:00,8.679004759155646,16.198517,-5.569214,57.93450430654989,89.26863,38.802826,1.0296782569718996,3.252307,0.1489911
2013-11-24 09:00:00,10.805314581164055,18.98816,-3.6993408,60.04872006293428,79.89529,42.149193,0.5328374238686443,1.6301392,0.048272707
2013-11-25 09:00:00,12.604036277132082,19.674042,-0.29470825,34.80064987116219,49.863712,23.633244,0.6670687133173584,1.5833772,0.054899283
2013-11-26 09:00:00,13.71902930960789,18.873688,3.8580627,24.133784553386846,32.350906,17.905592,0.619480841626906,1.2346356,0.056812078
2013-11-27 09:00:00,13.958135480892224,19.575348,3.8136292,27.235010604807513,38.36202,20.779987,0.5557782719720048,1.3473952,0.12043902
2013-11-28 09:00:00,15.156382165701814,22.336334,1.3832092,40.171195554718146,54.562202,29.97236,0.681209395016792,1.6560016,0.094769545
2013-11-29 09:00:00,13.492743762587395,22.05658,-1.5117798,44.64991158427537,71.30892,33.812828,0.7467404963476275,1.3764501,0.1059091
2013-11-30 09:00:00,13.528954545409931,21.690155,-0.36257935,36.36391306339275,46.122814,27.654064,0.5294744370276426,1.0180147,0.16930738
2013-12-01 09:00:00,13.68587013052911,20.4628,2.5467834,26.20307228737372,33.897762,21.913387,0.8385868851551648,1.7473512,0.22204746
2013-12-02 09:00:00,15.094304963366312,20.653229,3.2887268,15.288285830448535,30.26735,7.664937,0.6899286968030588,1.2618066,0.2111304
2013-12-03 09:00:00,14.414011918114625,21.05362,0.90127563,21.83070769642353,35.537895,12.780082,1.637821434277227,3.235049,0.38095582
2013-12-04 09:00:00,5.921502239357153,13.247925,-5.2091064,44.3038197792642,84.58818,15.032632,1.9832968466287613,3.5333805,0.28560972
2013-12-05 09:00:00,2.8488025167509363,11.719696,-11.819366,33.06294364229404,76.65433,11.70511,1.3140298573073106,2.4442248,0.2917601
2013-12-06 09:00:00,2.0045816304040045,10.347107,-12.828674,29.635043257776307,58.49005,9.129886,0.5982882512272178,2.0133274,0.08836438
2013-12-07 09:00:00,3.1705445975520092,11.740662,-10.415588,45.1000282401509,68.50617,24.736645,1.3558743135657936,3.6759126,0.25861302
2013-12-08 09:00:00,1.3575917399084574,11.755127,-15.487061,33.838869233321894,48.89932,14.3329115,1.6091174391337943,2.5456336,0.17171346
2013-12-09 09:00:00,1.4965868886469593,8.70462,-10.44577,25.3411327552135,45.75952,9.890958,1.0999097273082876,1.9504119,0.13191938
2013-12-10 09:00:00,4.426107052498253,10.518433,-6.4131775,17.022340567701026,35.552635,6.4948883,0.7579908366151605,1.7232876,0.08312247
2013-12-11 09:00:00,7.43140973482906,12.139893,-0.26635742,17.37098199508812,37.149147,6.619399,0.6619295830053756,1.4247307,0.0438756
2013-12-12 09:00:00,9.896032867008444,14.99527,-0.53012085,16.278739097632215,35.78627,6.7444715,0.5837030123341359,1.2233175,0.10338525
2013-12-13 09:00:00,9.960556057100291,17.233856,-2.0063782,17.79474960231896,39.266697,4.077383,0.8983877025099617,1.6757565,0.12788787
2013-12-14 09:00:00,9.226610730436505,14.7030945,-3.7617493,20.306775399460484,37.52746,12.183707,0.8483483006987315,2.4755363,0.26396593
2013-12-15 09:00:00,11.64570791253044,16.329834,2.3747559,17.45001625065552,39.819504,7.2570114,0.7392914842898912,1.4993489,0.14946713
2013-12-16 09:00:00,12.450017501904881,16.71933,3.1783142,17.36274617132138,41.269444,4.8698425,0.8767942966116022,1.4911304,0.2538243
2013-12-17 09:00:00,14.338241031982989,20.06424,2.775177,18.83964338314571,37.10604,10.454525,0.6940233213256323,1.5485164,0.087516025
2013-12-18 09:00:00,15.048127552139533,20.105255,3.1775208,18.956688742931643,35.09931,10.820373,0.9490675653417179,1.7981008,0.19698007
2013-12-19 09:00:00,12.155075898105451,19.75711,-1.1100769,35.775120884312074,59.195713,15.732123,1.3411583491992234,2.192668,0.23927367
2013-12-20 09:00:00,7.0631600182104535,14.680084,-7.643524,38.100075988458045,65.809685,18.294062,1.4309676224701697,2.4463704,0.15218824
2013-12-21 09:00:00,8.683106191290278,14.241089,-3.1593018,28.08326632122849,46.048153,12.080344,0.8038104761545389,1.9877976,0.14296691
2013-12-22 09:00:00,9.887063015046635,15.192749,-1.7967224,31.44231593017,39.56759,22.317587,0.5516422958913343,1.487681,0.06920215
2013-12-23 09:00:00,12.145764838870605,17.856293,0.9500427,33.431085095282626,53.354656,24.190136,0.5262277113675885,1.3778896,0.17035279
2013-12-24 09:00:00,13.410361401475768,19.128082,4.2843323,26.538297460005133,42.926132,18.098007,0.8204641024561021,1.3671572,0.2402665
2013-12-25 09:00:00,13.496441568896444,18.906586,2.2796326,20.908381874847194,37.87983,11.7843075,0.7579455469921389,1.9301832,0.02442212
2013-12-26 09:00:00,14.577770768089579,20.89804,2.0699158,15.388911501621719,31.339418,5.459038,0.7740093859801208,1.6239073,0.06968017
2013-12-27 09:00:00,13.817868040817473,19.901886,1.8979797,11.621273956196802,29.233604,3.1889334,0.6425890499418903,1.2124081,0.020976318
2013-12-28 09:00:00,13.287496601963653,19.883087,2.2580872,10.482154582279549,28.994242,3.654398,1.022045492533986,1.9785471,0.29226133
2013-12-29 09:00:00,11.537059162501919,17.591156,-2.4498596,15.637833822932249,35.02166,8.076229,0.9591392461013474,2.595147,0.03626179
2013-12-30 09:00:00,13.78087622153214,20.07132,2.9717102,16.477028841604216,41.96873,8.080026,0.588462531324743,1.2532201,0.20697708
2013-12-31 09:00:00,14.395072454335036,21.235077,1.6842957,17.477443339868636,37.8749,8.727226,0.7042863426448989,1.7843026,0.13304868
2014-01-01 09:00:00,13.437897046563819,18.6091,4.0055847,18.38969980460536,38.636536,6.199236,0.6168590811641878,1.0334743,0.27410093
2014-01-02 09:00:00,13.985586472909631,18.253937,4.601593,22.87611656175681,46.840473,11.186717,0.6482064208146193,1.190424,0.15778023
2014-01-03 09:00:00,14.268947569665215,19.399872,4.2885437,24.31695594286083,42.95246,10.268868,0.5666858717404585,1.3672633,0.07829162
2014-01-04 09:00:00,13.626076765459743,19.193878,3.5630188,29.038928025177288,52.803505,18.100723,0.5327470963238803,1.1599631,0.120227374
2014-01-05 09:00:00,13.036625990643302,18.722717,0.74420166,21.214213880677836,34.220215,11.110842,0.6140299430512419,1.917385,0.11400083
2014-01-06 09:00:00,14.80160169957992,21.020233,4.545624,19.6750174229149,31.318733,12.068732,0.4267128140710608,0.7900175,0.09495009
2014-01-07 09:00:00,12.98305177722483,19.47049,1.603302,17.894260495169494,32.020683,8.057907,0.5567492679885548,1.9687362,0.027498148
2014-01-08 09:00:00,12.009883154521674,17.915161,0.47961426,27.22710404081911,40.69725,16.244078,0.6966170326293262,1.7539636,0.013670364
2014-01-09 09:00:00,10.695650792217918,16.82248,0.31271362,32.8540239275015,43.271393,22.021393,1.2542166655883864,2.3098898,0.10090647
2014-01-10 09:00:00,12.551545233578565,17.627289,2.9720764,31.747945382824977,44.724373,23.57203,0.9912192554339698,2.1302571,0.0402327
2014-01-11 09:00:00,12.808855758718494,17.112946,5.679352,34.367151456565885,41.030407,25.846813,0.6302367011341332,1.6678641,0.110139385
2014-01-12 09:00:00,11.522887446060565,18.323639,-0.35409546,24.629931607135266,43.435833,13.840564,1.8768719359575847,3.8100471,0.1923799
2014-01-13 09:00:00,10.527554212935001,16.19571,-0.68026733,23.888306835606297,36.237633,13.085289,1.233002135286521,1.9313194,0.38244954
2014-01-14 09:00:00,13.927292233959804,19.516754,2.3683167,16.019572969690195,24.56474,7.7873955,0.9628956589265707,2.2213094,0.31751424
2014-01-15 09:00:00,14.83760111404564,20.38028,2.684967,14.924222843091266,33.091236,5.4678307,0.8516891096025443,2.0476358,0.08837343
2014-01-16 09:00:00,16.254948455399244,22.548248,3.1810608,15.893710375612626,37.012924,7.1970863,0.9478190609557098,2.1344368,0.16028927
2014-01-17 09:00:00,17.105698266959735,23.24112,3.92276,13.828802481639027,30.152098,8.320066,0.6085873472520431,1.289999,0.10158089
2014-01-18 09:00:00,17.50562386681537,24.509552,5.882599,14.282881131828379,24.802425,7.855504,0.4772136994132469,1.1327057,0.13985027
2014-01-19 09:00:00,16.569801239131493,22.337555,5.743805,12.970101755689265,29.093895,5.721483,0.480856133028862,1.1006842,0.062183335
2014-01-20 09:00:00,16.13569918036461,22.877045,2.7911072,10.28162302699089,21.206501,7.0084085,0.42461145482158824,0.9053011,0.063185506
2014-01-21 09:00:00,16.451347551844094,22.551422,4.7877502,13.377419927492124,23.406342,6.9414988,0.5229644555039386,0.97070193,0.16405845
2014-01-22 09:00:00,14.524438438546724,19.920807,4.483307,9.65578236113634,20.96104,3.5586958,0.652689733794427,1.2110604,0.079220995
2014-01-23 09:00:00,15.876755657571664,21.127533,6.631439,14.647745373441394,31.7099,4.354431,0.48690466065936827,1.2480521,0.12150775
2014-01-24 09:00:00,14.153811827919867,23.436218,-2.2649536,22.884708445161372,52.319767,11.831485,2.0606739004091397,3.0056098,1.1296557
2014-01-25 09:00:00,16.49209286866568,24.792816,1.1326599,20.275024694686564,33.57224,10.115825,0.4777232853419463,0.9411137,0.13357905
2014-01-26 09:00:00,16.91794279532212,24.62973,3.8172302,25.5099257690696,41.985935,15.767769,0.3760102994470255,0.9703136,0.038539525
2014-01-27 09:00:00,14.948020240363576,22.51361,3.033142,20.998459732805976,32.3159,12.422216,0.614493919097067,1.2222072,0.045042105
2014-01-28 09:00:00,14.649588807073144,20.78421,4.624054,27.075664724310027,39.77942,21.47979,0.6987287175884261,1.4142387,0.07205837
2014-01-29 09:00:00,16.403579984741953,22.188324,7.2937927,55.124773002447526,63.232,43.62942,0.6947992490178462,1.5851933,0.045120485
2014-01-30 09:00:00,15.895030944121231,22.187653,5.099762,62.99064252431789,87.04747,41.670006,1.3786596272325173,2.9812448,0.12834139
2014-01-31 09:00:00,8.452547837239763,16.871063,-4.320343,73.21176288085785,85.698006,49.576317,1.5442385247472934,2.2141864,0.5938532
2014-02-01 09:00:00,7.681993420348988,17.356323,-7.7296143,40.32608968943111,64.002945,29.766796,1.464062097577927,2.790282,0.2587927
2014-02-02 09:00:00,7.369283381850266,16.772827,-7.7086487,34.99052016515107,59.275566,16.207157,0.8742482477605932,1.8512317,0.27134582
2014-02-03 09:00:00,4.09635974625553,12.446716,-8.172424,75.55762903405224,88.21613,55.892822,0.9434673721862163,1.601173,0.33843878
2014-02-04 09:00:00,6.6189951641692915,14.959625,-7.983734,42.560094152485675,68.14806,19.538692,1.230854159596822,2.1204305,0.207284
2014-02-05 09:00:00,6.764603061529897,14.060242,-5.002289,30.768902108498004,56.203384,10.024807,0.9287942359478225,1.807893,0.13103282
2014-02-06 09:00:00,8.462944885690149,16.51178,-5.075775,41.02801784819258,72.97519,10.772062,0.9708049501660169,2.0817134,0.31941247
2014-02-07 09:00:00,6.654312518900781,12.372009,-3.9682007,54.32600347543675,82.67593,34.070457,0.7778427281822787,2.2833898,0.16611607
2014-02-08 09:00:00,8.509614450218407,14.925842,-0.77163696,75.246136439616,95.438484,41.745872,1.8676152549142937,3.4595575,0.5657388
2014-02-09 09:00:00,11.645419454377986,18.319733,1.5482483,67.34371082081714,85.31651,37.886826,1.3984156172698625,3.3771622,0.50019896
2014-02-10 09:00:00,13.078467096933139,20.32077,1.3090515,63.49232734077383,74.838905,50.401405,1.0551561184877205,1.9942808,0.09447665
2014-02-11 09:00:00,12.595735969786517,19.682007,0.97302246,25.228827199854265,50.0022,12.217043,1.5306771330481188,3.1656225,0.2396311
2014-02-12 09:00:00,14.145175718228757,20.047333,3.8447876,16.33030854203765,36.28653,-2.740816,0.813079378028047,1.6823725,0.11375512
2014-02-13 09:00:00,15.367055232814891,21.327362,4.3468933,16.07799993158275,29.319841,4.0089183,1.0317642210757336,2.5559874,0.15121645
2014-02-14 09:00:00,17.098406879245942,23.624664,4.288727,20.11165008268715,34.609432,10.296933,0.9253706263158055,2.3909545,0.029779732
2014-02-15 09:00:00,18.05092305898495,25.315735,5.253235,14.930903800112942,30.528893,2.2366505,0.7857697424560294,2.8040626,0.11646141
2014-02-16 09:00:00,14.959670200712992,23.133026,1.3615417,23.832120851549796,40.94542,14.097761,1.8709864062726973,3.7268872,0.4133254
2014-02-17 09:00:00,15.47732069709673,22.562164,3.3981018,21.213640105832326,40.13407,3.696228,1.3565551918173895,2.9390917,0.022725504
2014-02-18 09:00:00,14.711823090220435,21.593079,2.7434692,18.942390768965023,37.895332,4.794627,1.4495447905006604,3.02664,0.034800075
2014-02-19 09:00:00,14.325165844464266,20.06607,4.200836,26.69924672974541,38.686024,16.458858,1.8600079959916462,3.3885841,0.070356555
2014-02-20 09:00:00,14.30278128892968,21.711823,2.1141663,24.690088895592734,58.599953,8.224955,1.7481143995986652,3.5177615,0.12663801
2014-02-21 09:00:00,13.731340121424125,20.305634,2.750946,25.06878461160256,37.663986,13.193926,1.1725469870256775,2.2402885,0.115969434
2014-02-22 09:00:00,15.950816634080184,23.733734,3.5872498,32.63385427683687,41.976067,24.533901,1.135886255032276,2.2782955,0.08567984
2014-02-23 09:00:00,16.162560906699298,23.94394,3.5474548,33.7841630355466,44.323063,21.158184,0.7817962202486247,1.8698572,0.16209017
2014-02-24 09:00:00,17.680743787435688,25.830719,4.598297,31.178851945067226,44.834328,21.298977,0.5187203413126439,1.3722392,0.07272679
2014-02-25 09:00:00,18.88912069105112,27.462769,4.7108154,28.411421274756545,41.175373,22.038654,0.6702415014112874,1.5858176,0.26653108
2014-02-26 09:00:00,18.576196263291763,28.213593,4.4596863,34.37886804963149,57.225098,25.457508,1.4312576274857172,3.505406,0.26205403
2014-02-27 09:00:00,11.532842908374334,20.179565,-0.6915283,71.12410324378004,83.95917,58.601475,2.663010183931548,3.7060542,1.4607245
2014-02-28 09:00:00,12.604038338301962,22.340485,-2.0227966,35.573856511451446,56.14841,10.129563,2.5211644825544886,4.4111505,0.5218027
2014-03-01 09:00:00,9.76759180961568,17.788269,-2.7399292,61.293489563526975,83.953735,30.764912,3.324111024687637,5.050168,1.4823967
2014-03-02 09:00:00,10.32205859012197,18.502228,-2.8786316,67.56197943654297,87.25808,52.60574,1.9917657597403569,3.6037827,0.2718253
2014-03-03 09:00:00,11.263524103209363,19.915619,-0.54263306,56.03684490063511,72.75933,30.649956,0.8239848519890992,1.6034186,0.14370964
2014-03-04 09:00:00,12.181252454718788,19.50296,0.3555603,56.167532597120754,74.100334,43.822334,1.13217024839347,2.4801438,0.12175237
2014-03-05 09:00:00,14.551047945347761,21.947723,3.096161,35.843517752116966,50.627827,23.772358,0.5414311048035038,1.4001063,0.044917174
2014-03-06 09:00:00,16.65147580842398,24.706268,3.747284,51.79617095816011,68.38089,30.142607,0.8922721737703829,2.3529081,0.11729997
2014-03-07 09:00:00,15.228170101853266,24.33603,1.6192322,37.41378277598719,60.624496,23.321815,2.3324685220985395,4.7745247,0.25578704
2014-03-08 09:00:00,15.07645234012864,22.300934,1.943512,21.50371490857947,37.215805,13.670154,1.019716891734175,1.7197597,0.2723386
2014-03-09 09:00:00,18.466310013619477,26.073822,5.138275,18.504216964818717,32.447956,9.232806,0.5168742314087326,1.8371476,0.06691708
2014-03-10 09:00:00,18.587538286226447,28.13861,4.4901733,20.825424354239523,37.785614,6.842885,0.9269435419124797,2.2202606,0.08341709
2014-03-11 09:00:00,15.689138020037149,23.695953,1.9420471,18.52934348170939,45.239265,1.8173923,1.7824008663491995,3.706216,0.08553679
2014-03-12 09:00:00,14.479866434767757,23.48648,-1.8260193,31.174019161005056,61.929424,16.323393,1.52177852866489,2.703826,0.54516256
2014-03-13 09:00:00,15.065282005742517,26.01889,-4.1940002,21.985068822266797,37.14178,13.731625,1.771021379034602,2.3586645,0.82926005
2014-03-14 09:00:00,17.44168525352194,27.313385,0.24893188,19.02873647895204,26.605972,11.851236,0.9583340997270167,1.7472305,0.1337145
2014-03-15 09:00:00,18.54112845768077,27.146393,4.5624084,19.732030651782907,27.767538,14.5293455,1.2508655284998245,2.5866776,0.1435648
2014-03-16 09:00:00,20.313704536655678,28.756622,5.920685,15.542419208212664,28.599216,6.0122385,0.6407525503826786,1.4014146,0.069796845
2014-03-17 09:00:00,21.82885129493792,30.700348,6.938629,16.50044465211656,30.635286,3.909649,1.9521087346870882,3.4211314,0.2036467
2014-03-18 09:00:00,15.735543177607497,23.40982,2.2809143,24.06362061508387,41.15739,7.1380835,1.5777271010830876,3.1496253,0.056170803
2014-03-19 09:00:00,16.33520235778036,25.120514,1.231842,27.818368957997112,51.73797,14.710627,0.48552405029661394,1.2709969,0.113273464
2014-03-20 09:00:00,19.336650143874806,28.769684,4.269684,23.12706493143936,32.54017,15.598546,0.9015815830928765,1.5751903,0.11987606
2014-03-21 09:00:00,19.233144430618438,28.611237,4.2674866,27.83396209118371,39.751377,21.575653,1.1329995658687695,2.2007697,0.22203986
2014-03-22 09:00:00,18.241301791438616,28.216705,2.7694397,30.61102422270426,44.10759,21.672123,1.4538653188298696,3.233719,0.2959735
2014-03-23 09:00:00,17.73348539470885,27.02127,2.5818176,25.765166377393076,32.25941,18.794567,1.0395452834471555,2.4124024,0.30027145
2014-03-24 09:00:00,19.24291067562916,28.048492,4.216461,18.94250799452911,28.369728,8.577573,1.043128670607155,2.3627777,0.10823697
2014-03-25 09:00:00,21.340762694916748,30.496857,5.045685,19.23021100693218,33.08663,9.153038,1.344349702042503,2.8707337,0.42350784
2014-03-26 09:00:00,16.106373885518792,26.490723,1.1450195,42.970522812163004,53.033604,35.880577,2.3378546785761714,3.7687478,1.5514653
2014-03-27 09:00:00,9.489130442741157,18.231567,-3.3824158,64.1790309289014,79.2434,48.727776,1.294275534202043,2.8675344,0.2053436
2014-03-28 09:00:00,12.54321933589057,21.051178,0.026031494,53.89003393690877,69.81061,39.019043,1.3791219457583457,2.4721763,0.37453398
2014-03-29 09:00:00,16.177182610895954,24.752838,1.7372131,46.81530942669668,54.691284,36.48295,0.9760496358622187,3.4279964,0.19957867
2014-03-30 09:00:00,16.153146521884764,26.955963,0.25283813,48.516983383575976,66.96794,34.19841,2.3860836314454628,3.1114051,1.2199713
2014-03-31 09:00:00,11.15181727641118,20.192047,-3.6731873,51.253487502133126,62.669468,41.618797,0.955441717045484,2.5314884,0.079785496
2014-04-01 09:00:00,8.808536102091068,18.599274,-5.394867,54.40264846281794,64.97034,37.041443,1.8491384785410367,3.7009313,0.73928595
2014-04-02 09:00:00,7.07504693111747,15.7836,-6.56015,66.33277490116888,82.686066,42.205597,0.9348073937016287,2.003642,0.2133793
2014-04-03 09:00:00,10.322173703292037,20.061432,-4.1143494,41.32130507468772,65.75766,25.695158,0.7740691862833707,1.7950377,0.14808097
2014-04-04 09:00:00,12.5451120230519,22.177399,-2.787445,36.54447571473916,54.42008,11.48603,1.1568635128203386,2.1391602,0.23026137
2014-04-05 09:00:00,10.392103868450079,19.088287,-3.893402,48.790987814631634,67.83522,39.480263,2.035612950509017,4.314718,0.1522677
2014-04-06 09:00:00,14.479095131030306,22.268219,0.7970276,37.740431233740914,56.096855,30.894478,1.3459160368711234,2.3635888,0.39651427
2014-04-07 09:00:00,18.138955141190763,25.757965,5.355377,24.430375219997366,31.12236,19.634079,0.6712949871143002,1.2385145,0.28955877
2014-04-08 09:00:00,22.997042428625036,33.527985,5.797516,22.99726268979319,32.26934,13.77739,0.47203271068213115,0.892703,0.023910401
2014-04-09 09:00:00,23.56774462411505,34.30362,7.471588,17.415874614739177,27.059013,8.241986,0.9457146067588533,2.0115612,0.1331417
2014-04-10 09:00:00,23.070218669838823,33.086823,6.920807,23.2487240323226,36.18326,17.124668,0.9608086005343411,2.042494,0.04890015
2014-04-11 09:00:00,23.45177198968679,33.040924,7.556549,25.363001307259474,30.113403,16.031372,0.845449394778956,1.9301143,0.055537015
2014-04-12 09:00:00,22.317745790922743,33.44986,5.906891,35.27709886331296,48.34185,16.025446,1.5211164669583628,3.5893016,0.12834676
2014-04-13 09:00:00,19.973236748970237,29.916168,5.1739807,34.44927287150789,53.191135,23.765354,1.5160168478036706,3.4906082,0.15886852
2014-04-14 09:00:00,20.570258051961957,28.746735,5.9518127,26.220470687444227,41.468285,10.112816,0.753172483848336,1.6468506,0.17049465
2014-04-15 09:00:00,22.59019885563208,32.503082,6.405426,27.69672891660137,32.566456,18.933643,1.3066958805289437,2.4522502,0.31281862
2014-04-16 09:00:00,22.851143428940475,32.769684,6.2481995,19.399317030276748,30.54237,8.018635,1.7444283001707237,3.451448,0.4709438
2014-04-17 09:00:00,22.467148726459016,31.166656,7.250641,33.52057029479816,44.580868,23.248524,1.0883315795707411,2.2824788,0.21228087
2014-04-18 09:00:00,22.040054035935043,31.74649,6.224518,38.34446790645713,46.680904,30.999592,1.530756296901049,3.5597622,0.42178005
2014-04-19 09:00:00,20.5174241345797,30.114655,5.144928,48.90912528479393,60.712486,35.73983,1.3439515547813092,2.858259,0.43585712
2014-04-20 09:00:00,21.42675083010033,30.451324,6.6319885,21.87410938794855,39.304443,11.360244,1.9447233375155215,4.0532403,0.28716737
2014-04-21 09:00:00,22.221493296555423,30.632965,7.101471,17.626070861335982,25.252584,6.8346157,1.1680147503967906,2.3332422,0.29037434
2014-04-22 09:00:00,21.523124873276288,30.846832,5.2569885,22.511181798660406,37.022774,7.2383924,2.7299832930439263,4.4759717,1.2207689
2014-04-23 09:00:00,14.94031660891227,23.350739,1.846344,33.62247430412419,40.267765,27.09742,2.662689732295187,4.9305067,0.31409448
2014-04-24 09:00:00,17.66890411956814,24.944244,5.417633,31.731806618681144,43.498135,21.50708,1.9582848372677755,3.9401727,0.3033345
2014-04-25 09:00:00,19.16547228530237,27.880524,4.2516174,45.3189886982014,56.401985,36.09206,2.2991551576147193,4.5317593,0.29444388
2014-04-26 09:00:00,9.111380304775366,19.717926,-4.4812927,68.2832203309729,81.73792,46.64402,2.206092390300067,3.3583102,1.0688403
2014-04-27 09:00:00,13.175816837014224,22.069244,0.30410767,47.667518844849766,63.134766,29.721926,2.2951644105534794,3.8028357,0.5895705
2014-04-28 09:00:00,16.06954989318615,24.718903,2.9440002,31.434138000176773,57.261063,17.706375,2.0179836571166736,3.8515089,0.2759756
2014-04-29 09:00:00,19.48880467876353,26.8815,6.266266,31.26925709264964,38.80536,19.38739,1.8357806603322022,2.850612,0.4065592
2014-04-30 09:00:00,23.31135555137587,32.5336,6.3578186,20.422526812220845,30.725819,13.349772,1.0103619060907783,2.4420896,0.108889095
2014-05-01 09:00:00,23.573654470516033,32.89981,7.018463,16.011692391427573,20.814436,12.532102,0.731586532503564,1.5122485,0.13297133
2014-05-02 09:00:00,27.381591961682602,38.154694,8.9086,16.04869610161909,33.071014,3.552658,1.4762982639268671,3.1956146,0.2104661
2014-05-03 09:00:00,26.256830653164457,36.101715,8.144684,11.66760613938646,19.084381,5.9738503,1.8225914199451185,3.7717636,0.108078666
2014-05-04 09:00:00,24.186985268216915,34.75357,7.025055,19.61854693322407,26.519226,11.648164,2.145343182915093,3.9574933,0.43288934
2014-05-05 09:00:00,20.882783576007625,29.155182,5.8856506,38.677574281176184,50.791336,26.99446,2.369502571937609,4.6072693,0.51237667
2014-05-06 09:00:00,17.18977669353643,28.421783,0.9413147,52.01833324688473,65.830956,37.998924,2.6722424440676673,3.9384353,1.1519822
2014-05-07 09:00:00,14.112843523034144,23.270172,0.49136353,46.50137354879526,64.0446,32.629974,1.337767830117545,2.4624918,0.3580466
2014-05-08 09:00:00,17.68630992216282,27.583649,3.1810608,39.773436980606085,55.69911,27.987038,1.591486538316564,2.9501948,0.69724774
2014-05-09 09:00:00,19.038228742614365,28.727203,4.736725,44.7856514047738,62.908688,36.522587,2.085964815433161,3.7019615,0.7176016
2014-05-10 09:00:00,19.679944458971192,28.137848,4.6437073,24.14346637656164,53.80308,6.423435,2.91903454572377,5.0628176,0.82448334
2014-05-11 09:00:00,16.33004992934451,25.78238,0.4684143,19.22284282037435,34.280308,8.334996,3.411381679472255,6.23126,0.549456
2014-05-12 09:00:00,20.206707869799118,28.910553,5.0292053,17.61583559868694,24.742126,12.105408,1.163592488087957,2.3977547,0.39248207
2014-05-13 09:00:00,24.483660147804017,33.526764,8.937897,15.37503826967001,25.693485,4.1179214,0.8269540510750896,2.0820868,0.19383258
2014-05-14 09:00:00,27.751561184408104,37.43643,12.551666,15.492444814542813,23.991688,9.691404,0.6336090106609459,1.1508422,0.15115842
2014-05-15 09:00:00,29.481346788493738,39.287506,14.0902405,18.246839661794915,31.219172,9.660578,1.0030199642674378,2.0679479,0.3941077
2014-05-16 09:00:00,29.75062323024565,39.361725,13.963287,14.961838786768912,22.22273,10.695387,1.7156228967746443,3.4090502,0.3969166
2014-05-17 09:00:00,28.338444971807974,37.74893,13.094635,11.14597930825091,19.218975,5.0239716,2.10212564004419,4.046559,0.33600956
2014-05-18 09:00:00,25.056760735731416,34.079987,11.468658,16.982089730313692,23.754932,10.879932,2.8918040910895866,5.060695,0.7151526
2014-05-19 09:00:00,21.390352967333456,30.57486,7.6822815,29.084260091828725,42.112106,15.6695595,2.5286953914736072,4.154921,0.8166567
2014-05-20 09:00:00,19.87531305395379,29.762115,6.066803,38.19602534526399,49.506886,28.689207,2.4158575360588332,3.7594764,1.3338885
2014-05-21 09:00:00,15.511895309977717,24.879547,1.0277405,58.39929679620758,78.43215,43.85403,1.5905441332534052,2.7013867,0.73096347
2014-05-22 09:00:00,17.962803354609036,27.849518,1.311676,53.60276203806917,66.71736,45.5791,0.7389701195242901,2.2800004,0.091335654
2014-05-23 09:00:00,21.596425827817484,30.46231,7.0812073,35.7729474694548,50.04273,23.620853,1.3359628633513678,2.5747905,0.3715858
2014-05-24 09:00:00,25.695060180572455,35.037994,12.212067,27.042989486553115,42.768105,15.511507,1.7394086783234233,3.236284,0.25821397
2014-05-25 09:00:00,26.630418213688813,35.136383,13.576813,34.05856238209473,40.827206,26.690487,1.5937798426124128,3.20726,0.42358765
2014-05-26 09:00:00,28.768779645647726,37.493317,15.033844,19.54010984089322,31.408363,8.642738,1.8580037377785352,3.7937222,0.5615037
2014-05-27 09:00:00,29.69441566145082,38.23282,15.219147,10.878713867085683,16.053295,5.5454836,2.137140706503906,4.083756,0.45990708
2014-05-28 09:00:00,28.59015173874144,37.074615,14.711334,11.926927585531336,18.289036,5.4885874,2.9206215359952385,5.404835,0.50485396
2014-05-29 09:00:00,23.576746433733092,30.836823,10.723541,10.393936639195234,20.29467,0.24973392,2.0342659073584684,3.7426746,0.42117894
2014-05-30 09:00:00,25.02355570520814,33.344147,11.592194,11.329033754556914,17.177027,3.7121835,1.1670822045648623,2.672414,0.24794218
2014-05-31 09:00:00,25.857229647457928,35.437164,11.155914,11.014394833885316,17.29017,2.8136082,1.9157241971479702,3.5878637,0.52089995
2014-06-01 09:00:00,25.23262736127134,33.54654,12.4010315,15.992230612646214,21.852493,10.357533,1.1485030241804355,2.4442873,0.3697161
2014-06-02 09:00:00,27.566928036666525,35.986237,13.874908,13.00515842912724,18.603828,6.3694534,1.3914236115507346,2.7588837,0.37631103
2014-06-03 09:00:00,25.908343589627293,35.28604,12.157135,14.988626030594244,21.068443,10.752043,1.6489020395250338,2.716308,0.7838379
2014-06-04 09:00:00,26.34139501780652,34.443024,13.435211,21.06566787198126,26.659927,15.784928,1.2625673109089857,2.722485,0.50391763
2014-06-05 09:00:00,28.509413444459426,36.55313,16.023346,18.545843365989022,25.665241,13.1734915,1.2157082627055162,2.7722049,0.18392034
2014-06-06 09:00:00,30.03725124757551,39.056305,16.339508,17.991728760631684,28.377283,10.428064,1.6075586817719054,3.255729,0.60786176
2014-06-07 09:00:00,29.38903537003972,38.0148,17.484283,17.019464345681786,27.525131,10.028572,1.6009688474764594,3.4816673,0.3564987
2014-06-08 09:00:00,30.69492004731444,39.059235,17.885406,16.89260370933585,23.638554,10.180067,1.3016172186641446,3.1320202,0.04877917
2014-06-09 09:00:00,33.29687646289926,42.12564,18.883453,13.419541848413985,17.9734,10.30543,1.0225293169036203,1.9366022,0.12540671
2014-06-10 09:00:00,34.171526713550236,43.993073,18.932526,13.577347568544871,18.971897,1.168622,1.5427786891653608,3.2082415,0.15122709
2014-06-11 09:00:00,30.257382584468246,40.510895,15.113678,22.33652474702001,29.833359,14.198176,1.9904135993077878,4.0173903,0.7379529
2014-06-12 09:00:00,28.640081260077352,37.83487,15.026276,22.368203080866984,26.946812,15.669559,1.9040315702198765,3.5057504,0.416586
2014-06-13 09:00:00,27.32421383349157,36.182037,13.916412,19.143798806548933,28.379038,5.84414,2.3213235878689917,3.9231725,0.8615831
2014-06-14 09:00:00,25.2443503750971,33.652008,11.537018,13.560292317895614,20.447899,9.641703,2.038817098548026,3.6360722,0.82690763
2014-06-15 09:00:00,26.36284769674569,34.187897,13.2152405,16.776927381091326,20.88258,8.731597,1.672960462488262,3.0087337,0.5458279
2014-06-16 09:00:00,25.331529127827537,34.78531,11.451324,24.741562173023024,32.853523,9.285151,2.278461749688554,3.5201902,1.0165466
2014-06-17 09:00:00,22.92240703969378,32.615875,9.953766,25.477561469333647,35.19339,9.297605,2.1530804697494754,3.5849507,0.89312226
2014-06-18 09:00:00,23.153017143181046,30.733551,11.719879,18.18619086916905,21.946068,12.683487,1.2858839183700612,2.6876209,0.08520051
2014-06-19 09:00:00,27.003500122030744,34.917633,14.818268,17.23284045333226,24.457556,7.1059933,1.180490454736403,2.536043,0.37967518
2014-06-20 09:00:00,29.309662288512186,37.322906,16.020172,12.007965021826248,14.428993,8.007118,1.6918850640397203,3.227852,0.6616083
2014-06-21 09:00:00,29.925834224456594,37.792633,16.331696,10.320136910070607,13.071464,7.094901,1.9067180968362953,3.6101022,0.60264784
2014-06-22 09:00:00,27.909178296008974,36.729156,15.768951,9.502333755602185,15.440675,4.407364,1.7887551292480217,3.4555018,0.46720213
2014-06-23 09:00:00,29.07521235252125,37.400787,16.872223,12.4923493614565,15.5494995,9.391317,1.8695359516700678,3.7411392,0.6928217
2014-06-24 09:00:00,29.74846674747812,37.343903,17.541168,15.050167302827159,19.016064,11.192442,1.9481148480494206,3.3707638,0.67847955
2014-06-25 09:00:00,29.102802261537363,36.918854,16.359283,22.68107972891914,28.75677,13.9974375,2.479698837450372,4.2345953,0.80914414
2014-06-26 09:00:00,28.089456385879828,35.756256,16.00821,28.468067130840833,34.88067,19.215717,2.7477886430081324,5.0766797,0.54034257
2014-06-27 09:00:00,24.759582439383735,30.687897,15.3524475,36.74227984454439,53.238182,26.695213,2.4310756182203663,4.4334154,0.719848
2014-06-28 09:00:00,27.96609755759704,34.356598,17.933258,18.933228580926045,38.937054,8.663616,2.113660553194232,3.974212,0.77472806
2014-06-29 09:00:00,30.23187764938217,36.069,20.89029,10.906436169423325,20.460022,-0.34151554,1.8819715525990008,3.5858815,0.63421685
2014-06-30 09:00:00,32.750972517215246,39.172028,22.284088,16.132034942126094,20.379341,10.883272,1.0659350958857186,2.4578776,0.18052742
2014-07-01 09:00:00,33.9244481020238,41.798004,22.255035,16.810997576395696,20.194107,12.270024,1.2612790728891454,2.5363128,0.44477442
2014-07-02 09:00:00,34.15409225504527,42.615387,21.572418,16.868642909317167,21.919205,8.4844,1.727065770024214,3.0961921,0.34258553
2014-07-03 09:00:00,32.44134404093006,40.40982,20.011383,19.801597740325608,27.098242,10.631884,1.7013544946862627,2.9840934,0.38405585
2014-07-04 09:00:00,32.22057959795586,40.38321,19.062897,18.300102685226395,26.751184,10.710415,1.3138122227710507,2.590901,0.325089
2014-07-05 09:00:00,32.94289529521882,41.619293,19.859283,16.49489879277344,23.019474,11.167911,1.4348340499319538,2.6203368,0.41115957
2014-07-06 09:00:00,32.7676987261662,41.339264,19.391998,14.865818164739649,23.5204,4.638036,1.4321276675903136,3.294462,0.13185902
2014-07-07 09:00:00,31.153555996293107,39.852203,16.953766,18.317224156156364,47.091663,2.6456528,1.1238301843706175,2.6878345,0.19181286
2014-07-08 09:00:00,30.000303397208654,38.777985,16.381744,20.024521676003747,35.497677,11.681602,0.8816372752675202,1.8324656,0.26634184
2014-07-09 09:00:00,33.225200034514785,42.40811,18.86905,19.258422451557234,32.97381,10.04883,1.5681816409321125,3.180194,0.64459157
2014-07-10 09:00:00,32.11073676102001,40.90909,18.608307,23.114232560392562,36.152008,15.040331,1.4418279708041573,3.3322237,0.5724939
2014-07-11 09:00:00,29.68297174872032,38.4252,16.184967,29.616480100406555,38.45316,21.855503,1.656846061430483,3.213808,0.76698
2014-07-12 09:00:00,29.278333097639234,37.237213,18.015533,25.423607674148254,36.867752,14.860831,1.6029619615080857,3.7810464,0.11771189
2014-07-13 09:00:00,31.371551379453024,37.404938,21.180573,22.13173759737233,26.912098,15.285777,1.7446122272113835,3.792322,0.22996992
2014-07-14 09:00:00,33.847189054794,39.503326,22.97403,18.642753583134887,27.369678,12.809468,0.9573475972332292,1.924723,0.03608592
2014-07-15 09:00:00,31.27354174710308,39.09024,19.676666,31.49247093348293,41.446953,20.22868,1.2858546273286888,2.4086585,0.32792568
2014-07-16 09:00:00,30.798908683295167,39.627106,16.348541,47.112217332670355,62.223396,28.614021,1.7016236021536753,3.8911977,0.06946491
2014-07-17 09:00:00,29.41311685293482,37.345123,18.414215,56.3483172085032,70.666504,22.04203,1.6280863688091456,3.5535011,0.1518404
2014-07-18 09:00:00,28.200050377401055,35.1857,18.584381,54.586899804518914,71.27983,21.420053,1.5914067221035617,3.5814157,0.21027467
2014-07-19 09:00:00,29.37127479947725,36.475006,17.1586,45.027787337001804,57.502537,18.383541,1.3855041009292886,3.2225983,0.07089861
2014-07-20 09:00:00,28.20977868892396,37.067535,13.757965,46.25876960937039,66.75729,27.414375,1.1745675775040278,2.6406891,0.107492074
2014-07-21 09:00:00,27.07826703317022,36.449127,14.620514,43.7949644615026,57.374603,32.50351,1.5614237211641488,3.080103,0.17068829
2014-07-22 09:00:00,28.320878485774585,36.616364,15.986237,39.068456115797765,52.02256,24.682718,1.4667499551872354,3.1028419,0.588833
2014-07-23 09:00:00,29.436081475941023,37.72354,16.25943,23.74818207105873,46.285667,10.333459,2.074452251350752,4.238506,0.4881959
2014-07-24 09:00:00,28.554564381969442,34.427643,17.957184,17.548268944152756,29.633947,7.423211,2.008682960116816,3.713135,0.39386183
2014-07-25 09:00:00,30.484405841380806,36.61197,18.902985,16.37416823451203,24.407244,9.2549,1.4031430416526058,2.716124,0.21730201
2014-07-26 09:00:00,32.17549863035231,40.01651,18.33023,16.835626292250282,22.43813,11.766253,1.2313697718555399,2.3449085,0.21352924
2014-07-27 09:00:00,33.463350646467234,41.664948,19.655182,19.28801578014435,23.131258,12.541414,1.1098309021784576,2.358188,0.24075507
2014-07-28 09:00:00,31.850449611775332,42.157623,16.813873,25.808446638849613,44.32673,16.19001,1.05561406314003,2.8846316,0.10616415
2014-07-29 09:00:00,29.331620216219108,39.405914,14.97403,39.45613558149951,49.854965,31.466248,1.0241359164046135,2.5590987,0.15050198
2014-07-30 09:00:00,29.72700848327389,39.10367,14.600494,43.24250447032374,50.37397,34.608345,1.07683667046873,2.508479,0.01994579
2014-07-31 09:00:00,30.147960993506274,39.35977,15.600006,32.01199707401466,43.20309,19.331999,0.7033467598004484,1.581297,0.11279436
2014-08-01 09:00:00,32.63464062932604,41.57242,17.587555,19.76066189740354,31.619125,12.191256,1.4174669220031992,3.0400944,0.4358244
2014-08-02 09:00:00,33.53342758395132,42.303864,18.544098,18.644638043028465,37.141075,10.964477,1.6221594553399632,3.635791,0.093651846
2014-08-03 09:00:00,31.708239323148803,40.402985,17.69986,20.487590216282094,48.404526,11.525621,0.8702788967699157,2.551383,0.1823657
2014-08-04 09:00:00,24.392948551074255,33.985016,9.819,40.37535705765762,63.93051,29.23972,0.9334402216644413,2.4256725,0.24870342
2014-08-05 09:00:00,26.36131962313283,36.082916,12.342926,40.78461861040562,53.152718,29.687874,1.5511295048509994,2.9812033,0.2956156
2014-08-06 09:00:00,27.14631530248863,35.38858,13.656158,41.41483255214234,52.09446,31.763803,1.951977446520502,3.8697429,0.5906334
2014-08-07 09:00:00,27.24845202074613,34.893463,14.66153,40.75338658836478,49.310837,32.502243,1.3379853102422563,3.0272262,0.11289986
2014-08-08 09:00:00,29.825829076550406,38.521393,16.074615,26.93811517121031,34.757202,17.569702,1.3953660289030412,3.4083035,0.057402115
2014-08-09 09:00:00,30.517771812038006,39.631012,15.210114,28.825056405670583,45.61816,20.262177,1.191631823770046,2.7640977,0.03633723
2014-08-10 09:00:00,30.317603463525245,39.407135,15.210602,28.986806899031873,49.766197,18.914564,1.3588516929450045,3.1024601,0.30549294
2014-08-11 09:00:00,29.379325681353407,37.961823,15.2274475,27.51891671523863,51.3347,16.674728,0.9417879016402447,2.2539027,0.16381806
2014-08-12 09:00:00,29.57146146157413,39.941315,13.37442,33.39304079863321,58.47658,15.688536,1.411866965203152,2.6451802,0.43483648
2014-08-13 09:00:00,30.084104379214864,39.041656,15.7916565,27.13023059108004,40.605812,7.149681,1.8367216487494378,3.2459524,0.70741147
2014-08-14 09:00:00,28.545860492537543,36.640533,15.30069,28.127091388375316,35.725555,21.564133,1.7001576932030795,3.1688726,0.46766475
2014-08-15 09:00:00,29.46278923592496,37.18106,16.362701,21.626052653247317,28.969133,10.701099,1.243924062368288,2.5170264,0.48772377
2014-08-16 09:00:00,30.893383017238932,38.777496,18.033356,20.129625678141753,28.18919,12.044938,1.065872085595858,2.0011744,0.3832604
2014-08-17 09:00:00,31.802684215286206,39.74185,18.501617,19.07153142734759,24.718643,12.870433,1.3504090629739947,2.6785367,0.2273514
2014-08-18 09:00:00,31.585603463590303,39.374664,18.017242,18.714095260799592,24.224224,11.724902,1.4262298881183426,2.8629844,0.48019743
2014-08-19 09:00:00,29.936411985768473,38.2399,16.183258,19.131947412728337,24.772049,11.1671295,1.6037023781504995,3.449856,0.5397327
2014-08-20 09:00:00,26.70798484240254,34.581696,14.11441,41.18762395820579,51.719124,21.594357,1.2083723477549646,2.7456229,0.37274244
2014-08-21 09:00:00,27.181598013912208,36.06241,13.598785,39.64541553539482,51.63498,16.742847,1.068008726255459,2.4739175,0.31946787
2014-08-22 09:00:00,28.40994976530021,36.616608,14.515045,28.743059463792115,35.61665,19.033194,1.2566329397662044,2.7063875,0.24736378
2014-08-23 09:00:00,29.124356839713187,38.393463,14.645905,28.41944997935204,34.242832,24.18991,1.575170781109161,3.1954026,0.42158574
2014-08-24 09:00:00,28.243548341646772,35.951813,15.94986,34.97395699470003,40.034107,26.877857,1.2129053925821764,2.5928466,0.3775997
2014-08-25 09:00:00,28.539631674647808,36.49527,15.827301,27.526726995317233,39.519363,14.12483,1.5959071634425108,2.801388,0.586888
2014-08-26 09:00:00,25.508070546317924,34.15323,12.207428,25.155699166750964,34.70768,14.879555,1.2830782204339917,2.1913278,0.562795
2014-08-27 09:00:00,27.45212644391961,35.200836,15.403961,26.305028262921763,31.912868,19.112614,0.6921528534789675,1.5696868,0.052343536
2014-08-28 09:00:00,30.08039879576745,37.866608,17.829254,24.290184243172682,28.97017,17.454578,0.7084608791640215,1.5362272,0.11544467
2014-08-29 09:00:00,31.295263233092896,38.251373,19.89981,19.35452430260569,28.477337,12.762655,1.3475380240871027,2.8185694,0.5751175
2014-08-30 09:00:00,31.32646265974074,38.363434,19.170074,15.15466813967771,20.956184,8.743815,1.8407036854219205,3.176307,0.4396769
2014-08-31 09:00:00,30.957240492749634,38.4877,18.127838,14.89316933071872,18.434517,12.465969,2.1083443499478993,3.7022042,0.576184
2014-09-01 09:00:00,29.778292278943297,36.00943,19.073883,19.926553496526964,24.527973,13.945752,1.4411677730732473,2.8559244,0.42442647
2014-09-02 09:00:00,31.65740843990403,38.468414,20.39029,20.886142139735515,25.367325,16.295313,1.0455633004153886,1.9981899,0.42469007
2014-09-03 09:00:00,31.96121443223035,39.633698,19.743073,21.996838840735432,30.13653,13.400953,1.6008068361816081,3.2002866,0.49840853
2014-09-04 09:00:00,29.555493271872706,37.017975,18.107819,26.133390341396158,33.759556,16.485653,1.269961375221715,2.6959183,0.41284388
2014-09-05 09:00:00,29.53060142625975,37.4606,16.782867,20.5000785870689,28.707851,9.353525,1.1528151011893892,2.2286735,0.3739668
2014-09-06 09:00:00,30.184009125436603,38.070953,17.664703,18.717891391318602,29.03747,10.5996,1.2094546546928115,2.4200122,0.19881038
2014-09-07 09:00:00,30.530113883536444,38.161774,17.44107,18.48291366100163,25.12078,9.730677,1.3363913455085694,2.745872,0.22661015
2014-09-08 09:00:00,30.484485248895396,38.238434,16.959137,21.216704571040356,31.610775,12.88812,1.619291354994222,3.0883138,0.68063736
2014-09-09 09:00:00,27.020787735474528,35.548492,13.347321,21.05470720945999,34.34775,12.121189,1.5083292284127279,3.058007,0.5950302
2014-09-10 09:00:00,27.566247163945718,34.398834,15.920319,13.576173569738708,18.160608,7.273364,0.9858272177912685,1.974036,0.1459547
2014-09-11 09:00:00,29.869785773064677,36.542877,18.00772,15.19475998150226,19.996714,10.834843,0.8482870973403506,2.2516325,0.07660517
2014-09-12 09:00:00,31.472084596837192,38.960358,18.933014,16.754180545819196,21.894642,12.694847,1.1860906931036956,2.7015934,0.25854662
2014-09-13 09:00:00,31.702360889998545,39.144196,18.16568,18.642615089529333,24.857021,15.74869,1.1857867407547655,2.4925232,0.12870307
2014-09-14 09:00:00,31.080319825156494,39.1044,17.127838,21.425945263694153,29.819641,16.526672,1.3610901591414184,3.1426542,0.18064211
2014-09-15 09:00:00,31.12845761257813,39.27188,17.1232,21.049802547277437,29.053808,14.325093,1.2853402360305008,2.5732327,0.17378981
2014-09-16 09:00:00,31.960100492642027,40.245758,18.343414,24.943192418835874,33.159626,18.301025,1.6339277150105986,3.6170514,0.3460491
2014-09-17 09:00:00,29.903124893648453,37.039215,17.164215,25.13730150757028,35.734787,16.09383,1.1118147899892261,2.5507438,0.29418272
2014-09-18 09:00:00,30.224232983199386,38.45816,16.690582,26.86258432752931,33.639675,20.991238,1.6177397701883258,2.8287826,0.6527012
2014-09-19 09:00:00,25.99949644274369,33.575104,13.751617,49.59382300343117,63.89684,27.264027,1.3852244713015194,3.5117369,0.21206057
2014-09-20 09:00:00,26.132532550933945,32.95523,15.509918,37.30163522313155,49.22031,20.08563,1.4536424045064296,2.6566274,0.24407321
2014-09-21 09:00:00,26.29630478817711,35.210846,11.022125,38.82368471442664,48.197716,26.117138,1.0706300257918853,2.633856,0.14407612
2014-09-22 09:00:00,25.846726392046946,33.20865,14.441071,33.829608770308454,43.570194,24.903027,1.5207260178336703,3.3610122,0.44499594
2014-09-23 09:00:00,27.405295719301535,34.02188,15.634674,27.682039122469803,42.623863,15.441343,1.1552076908798516,2.4612992,0.35399857
2014-09-24 09:00:00,28.684536898523504,35.83902,16.65152,25.347888144828477,40.296368,8.737775,1.3611884363909708,2.9563642,0.29268953
2014-09-25 09:00:00,28.262528886386576,35.368317,16.124176,22.21863686471032,38.361374,3.9628863,1.9054803241493505,3.7007675,0.7049507
2014-09-26 09:00:00,21.841911270506955,29.56778,11.356842,40.0737381184519,62.346863,15.729984,2.7103749591282043,4.8363338,0.7169558
2014-09-27 09:00:00,20.432476686208133,26.945465,8.86734,45.78730199204134,62.882,25.087215,1.9352949226931724,2.997315,1.2460586
2014-09-28 09:00:00,17.81498231829329,27.153961,2.7555237,56.58595242470558,68.71117,34.80492,1.1940058778649714,1.8198417,0.18614744
2014-09-29 09:00:00,17.895600177764436,26.522858,3.756012,45.807685340879594,56.155804,29.812054,1.074053056311134,2.0575411,0.1789135
2014-09-30 09:00:00,21.600749567716548,28.346832,8.360504,33.03894579058445,44.99649,18.039461,1.093191464140456,2.0193202,0.25715315
2014-10-01 09:00:00,23.479942367845297,30.62613,11.143707,28.723495200428484,40.61142,18.775482,1.4211081413309985,2.8796604,0.27223712
2014-10-02 09:00:00,24.306301257375196,31.897858,11.243561,19.532451911223188,31.690147,8.811977,0.6091294702030857,1.5247521,0.1170231
2014-10-03 09:00:00,27.90788806974274,35.47159,15.9618225,14.582772399733184,20.719067,8.316658,0.5869031364201955,1.5442585,0.044401966
2014-10-04 09:00:00,29.586256085840773,37.040436,17.84317,11.177425516300215,16.724606,5.728505,0.7590894380795293,1.7752482,0.14605464
2014-10-05 09:00:00,28.937485159992605,36.082672,17.213531,9.545298684012929,17.523815,3.5738192,0.6471700949472039,1.3055304,0.14872718
2014-10-06 09:00:00,29.436912586396033,36.763092,17.268951,11.273260145480839,17.129059,4.289216,0.6875604725883846,1.5491453,0.04205593
2014-10-07 09:00:00,29.190537644818676,36.63443,16.470367,16.170644883818216,26.230743,8.836213,0.9433917268974723,2.2713776,0.03657322
2014-10-08 09:00:00,27.763843897478978,35.536285,13.960114,14.538986926421387,25.930721,5.9328985,1.3718803230615542,2.7711995,0.2669504
2014-10-09 09:00:00,26.591877065653534,34.459137,13.091949,17.350782958485947,19.268847,14.8782215,1.771140510130924,3.2100773,0.17718872
2014-10-10 09:00:00,25.621706553676233,33.27359,12.58609,18.06508424540492,22.840225,13.684772,1.623879909906532,3.0144053,0.557219
2014-10-11 09:00:00,24.36973981666472,30.678864,13.655426,23.13021252352902,27.618568,16.972076,1.1499701035582457,2.3843255,0.27044255
2014-10-12 09:00:00,25.273278794782982,30.97647,15.23111,18.351539148085767,28.020748,10.216061,1.1358120795804307,2.3227885,0.1448018
2014-10-13 09:00:00,25.127894586747004,31.490387,14.886871,11.629853895240096,18.139542,4.782464,0.3039557969028716,0.8462611,0.09762173
2014-10-14 09:00:00,27.53394602598405,34.962555,14.954742,12.786690513259884,15.799836,8.905305,1.457192481061588,2.9709327,0.36745328
2014-10-15 09:00:00,23.721974275756963,31.5253,11.58194,20.393711190228647,29.503181,11.401618,1.8711509650507265,3.636761,0.7504216
2014-10-16 09:00:00,20.056508790439125,26.666656,10.3211975,46.54126482167568,65.78524,18.738747,1.3887756652312517,2.4449193,0.41917315
2014-10-17 09:00:00,21.215768784035618,27.890533,10.222565,39.60887445799402,56.595734,16.248077,1.139873699886614,2.1423001,0.5631829
2014-10-18 09:00:00,20.03948585261037,27.319733,9.357819,33.54618156437741,50.67733,18.962484,1.0422870780257045,2.30766,0.09554182
2014-10-19 09:00:00,21.356241732517844,27.42154,11.212311,25.595795885081742,31.126602,16.83618,0.6465987573566688,1.3366067,0.2326101
2014-10-20 09:00:00,22.886256989297408,29.879303,10.910553,29.896664867183347,35.984985,25.778572,1.0223990530059532,2.6660311,0.19637357
2014-10-21 09:00:00,20.543199175489463,28.354645,8.537994,24.11819067766463,50.083836,3.7464619,2.6398716143265357,5.132546,0.43324012
2014-10-22 09:00:00,18.93314517446595,23.719147,11.344391,18.958669381215408,31.082909,7.301074,1.4967353310493297,2.8446727,0.24929261
2014-10-23 09:00:00,20.597251604375742,25.385406,12.371002,18.498379256195154,24.41571,12.182158,1.3880641208512379,3.0393429,0.098640256
2014-10-24 09:00:00,21.592845697078417,27.352448,10.676666,17.545889908245954,21.206486,11.944767,1.0777948157616544,3.1899626,0.16386992
2014-10-25 09:00:00,23.776393823246565,30.990631,11.144928,16.71580819731515,20.730362,11.820205,1.6404692184017604,3.7237804,0.2666866
2014-10-26 09:00:00,17.043779445012888,23.707672,7.417877,37.26478553672977,60.1375,16.047657,2.6839812824555977,5.067946,0.6479254
2014-10-27 09:00:00,16.906012139659083,22.720612,8.068268,25.98066678757296,46.307056,13.910482,1.6745196463074732,3.454413,0.086411916
2014-10-28 09:00:00,17.811468963809318,23.209625,9.495514,23.89610710862621,34.770893,7.9142838,1.1186168026534855,2.2547863,0.16559221
2014-10-29 09:00:00,19.932121601833103,25.09903,10.981842,21.6867252569256,26.776562,17.674574,0.7834375870174943,1.668605,0.12007502
2014-10-30 09:00:00,22.45236726873094,27.737457,12.778473,17.490503711503074,22.072432,13.907855,0.3567929518751012,1.2968123,0.042147037
2014-10-31 09:00:00,21.412300650045722,29.110504,9.376129,24.00521129046128,31.781532,16.618876,1.472916575755838,3.3690436,0.14855514
2014-11-01 09:00:00,16.61176923085503,24.378326,4.43692,51.20451759182283,78.06724,30.106304,1.683220714198663,2.8782692,1.0686477
2014-11-02 09:00:00,8.728520561122764,16.495758,-4.006195,62.41665456923635,75.34932,49.81266,1.0578579852304864,2.2335422,0.13914135
2014-11-03 09:00:00,10.984539480464264,19.073395,-3.0047302,29.257563708328263,57.46366,12.514623,0.8386931097701106,1.8490825,0.15692881
2014-11-04 09:00:00,13.374305897123122,19.486725,2.1996155,22.96089431817522,37.44116,13.542112,0.7037187564466053,1.2810086,0.10841878
2014-11-05 09:00:00,15.473586112148553,20.921051,4.1315002,23.57648972842436,40.44938,13.918127,0.7145594322264108,1.7246593,0.058327932
2014-11-06 09:00:00,18.48315754572718,23.490143,8.867096,21.78951106692987,31.53059,12.557028,0.5663033009042807,1.0437299,0.20000611
2014-11-07 09:00:00,20.346685627294733,26.78067,9.581451,21.227005983054124,31.709686,15.048486,0.9154478801729851,1.8225807,0.18461241
2014-11-08 09:00:00,18.998442301131035,23.31363,10.686676,18.718007594530555,31.83025,8.142751,0.4662293590153752,0.9392436,0.02657223
2014-11-09 09:00:00,20.565368890606578,24.722565,12.712799,17.575742912816885,25.607433,7.3100567,0.4667257432006614,0.9901248,0.06443209
2014-11-10 09:00:00,19.652832855380154,24.667633,10.323883,18.534203036462692,28.147804,8.414598,0.7593643581341769,2.0725524,0.062203154
2014-11-11 09:00:00,19.71021786117666,25.78247,9.985596,22.087093215401936,33.621017,10.624254,0.9863134928447819,2.063792,0.078629464
2014-11-12 09:00:00,16.03669857534146,22.79068,7.6698914,31.8584555982429,53.576176,11.91602,1.3478008756566933,2.432599,0.15239255
2014-11-13 09:00:00,15.03593317458268,21.19168,5.3069153,37.79643365173221,62.86679,14.045978,0.8250100457917332,2.4379928,0.14313129
2014-11-14 09:00:00,13.72417267011167,21.055847,1.7367249,44.64812072196269,63.122166,26.126072,1.453280364294962,2.7990575,0.05524155
2014-11-15 09:00:00,13.776522825230131,20.9581,2.4838562,38.7497875012402,66.76706,20.532684,1.734032977472305,3.1524508,0.28157806
2014-11-16 09:00:00,12.826249016857616,19.595001,1.684845,26.300631683238603,62.300327,6.999546,1.3441814550114555,2.3740246,0.11259977
2014-11-17 09:00:00,12.174356586784597,19.04486,1.4237671,15.33634270288313,33.726208,3.992238,0.5767441867409191,1.3859818,0.08172477
2014-11-18 09:00:00,13.775773717793413,20.319733,3.7650452,13.517282076505333,28.201761,3.726471,0.3968100479260121,0.8958218,0.07838776
2014-11-19 09:00:00,13.795675258565325,19.193756,3.0394592,17.087006986565914,36.22303,4.9230995,1.130571654471264,1.8019756,0.37735984
2014-11-20 09:00:00,13.760043805306111,21.454498,2.4690247,42.81752482025921,60.045555,26.04946,0.7849082907827377,1.950916,0.22803244
2014-11-21 09:00:00,10.680026210959909,17.734161,0.3142395,51.27671775701156,60.92339,29.644209,1.2126615483466971,2.6520162,0.121212125
2014-11-22 09:00:00,11.967486751617002,16.537994,3.1200256,43.54296057252121,67.465515,25.71111,0.6969567244503418,2.1903534,0.09885997
2014-11-23 09:00:00,12.565793076913224,19.862701,2.0013733,14.752118090296793,54.87775,2.088688,1.8041303172415362,3.4029126,0.20585792
2014-11-24 09:00:00,11.34067181184821,18.282867,0.36270142,19.942642625614397,45.874733,1.7379322,0.9968133517027223,2.0219045,0.061898638
2014-11-25 09:00:00,13.51694678942107,18.60733,6.18277,19.110130378471425,25.668278,12.418714,0.49739556839188614,1.1572782,0.13750006
2014-11-26 09:00:00,15.64911276615419,19.648346,8.3124695,18.56118220891955,26.211838,13.15729,0.42432464771968004,0.8770484,0.08796006
2014-11-27 09:00:00,16.980620782609833,20.924713,8.145416,16.032746067251377,27.553192,10.287568,0.6805643103570697,1.8551457,0.22253783
2014-11-28 09:00:00,17.53945902642613,23.894714,7.0822144,11.440072808358586,18.498169,1.8093157,0.8111130129018829,2.9944396,0.049770664
2014-11-29 09:00:00,16.708949535671138,24.301788,4.1142883,6.6287048498084795,14.511347,0.9379883,1.3914812064093078,3.6954021,0.27275762
2014-11-30 09:00:00,13.028798114710355,21.3909,1.0510559,14.309820793673214,27.019321,5.509719,1.1941630638684562,3.0989807,0.08942292
2014-12-01 09:00:00,13.294177309406052,20.112335,2.584076,53.685844484991854,76.96297,25.753845,1.2077997509397038,2.2201245,0.37018034
2014-12-02 09:00:00,14.047457875207158,21.253265,1.9368591,43.659933090072336,54.102016,25.928349,1.0438991884965516,1.409588,0.20323087
2014-12-03 09:00:00,12.059912060931936,18.751953,0.07546997,76.86340076362174,90.11665,58.300247,2.891363899357784,4.858488,1.2763646
2014-12-04 09:00:00,13.399199543261545,22.395355,0.20639038,72.52191455592705,84.19134,65.81964,1.669540683220656,2.7229784,0.48111716
2014-12-05 09:00:00,13.193921041026556,21.381195,0.035491943,67.59643613963735,74.84967,52.418743,0.9760455901662133,1.6651825,0.28573155
2014-12-06 09:00:00,12.813406712008202,20.45456,0.62057495,73.84010524100913,91.9318,63.59977,0.801752833313718,1.4986528,0.11002614
2014-12-07 09:00:00,14.917037271239451,22.375153,3.4532776,43.52509954383335,56.63355,32.0398,0.46857354113583405,1.2677468,0.09525807
2014-12-08 09:00:00,13.133965251721406,20.148895,0.4789734,31.526951663522706,40.95199,22.62777,0.5548389016796924,1.853182,0.16655871
2014-12-09 09:00:00,13.724732950001737,19.71753,4.133545,30.030939539668367,49.888775,18.42754,0.5557178915916667,1.3374393,0.19346832
2014-12-10 09:00:00,12.172192222466379,17.244781,3.5943909,29.912852484471138,44.616215,11.9794655,0.4758388835086068,1.0820415,0.05432382
2014-12-11 09:00:00,12.111371198688062,17.87564,1.5152893,32.6354660248545,53.534737,23.393913,2.3859082187969443,3.488467,0.8066528
2014-12-12 09:00:00,14.112646648409793,23.27066,1.6827698,52.45211837368955,79.238976,22.176743,2.2348201622173374,3.428901,0.39243627
2014-12-13 09:00:00,6.720761832155347,13.2464905,-3.8726501,75.69117578099603,87.96935,69.363884,0.7292778106354559,1.3290787,0.31293666
2014-12-14 09:00:00,6.919892846473715,14.208893,-5.056732,41.89690129248756,67.71583,15.469733,0.6620219415523318,1.4768507,0.15497376
2014-12-15 09:00:00,7.5245547705737295,14.134918,-5.333832,40.58761496341703,78.06788,13.1420965,1.2991888661339202,2.2910116,0.25383925
2014-12-16 09:00:00,7.889318489972425,14.6493225,-5.028656,61.24149199951859,73.540596,44.739815,1.4537496740027513,2.347183,0.31016815
2014-12-17 09:00:00,8.81820001359813,17.650787,-5.1128845,72.76998602620633,86.7122,61.84553,0.6906583241412987,1.715467,0.22168262
2014-12-18 09:00:00,7.802936922592039,14.976898,-6.243805,67.17676741291305,84.60261,48.82191,0.7970867544399439,1.4327534,0.1781605
2014-12-19 09:00:00,9.189016166075646,16.53241,-4.634613,42.773981196840055,70.03382,12.986217,0.7799447710154321,2.090342,0.12506144
2014-12-20 09:00:00,9.198060722640662,16.441376,-1.528656,62.50081988644024,82.78583,30.503708,0.9503531528472808,2.0040636,0.2782501
2014-12-21 09:00:00,10.733617687342758,16.115082,0.29971313,68.99075362880438,76.95083,54.657864,0.8755309998539441,1.9104702,0.07137619
2014-12-22 09:00:00,12.410665684879575,17.96289,2.7008362,38.668761140612474,61.68345,25.824076,1.2922010264250912,2.6797302,0.29059806
2014-12-23 09:00:00,12.62826039781055,17.703705,2.0728455,33.35510046251685,54.827663,16.753445,1.0320672854827113,2.0528715,0.079690315
2014-12-24 09:00:00,14.178385828575642,18.657867,5.8941956,28.80488658977932,47.957115,12.415416,0.682394544715589,2.2143555,0.09139298
2014-12-25 09:00:00,9.073305238220087,16.562653,-3.2654724,27.110709734661413,70.44518,4.883195,2.9540093177423477,5.5716715,0.4067665
2014-12-26 09:00:00,5.512759826510603,14.615814,-12.40567,34.19233505963364,69.12414,17.510857,1.9383362379997064,3.3650084,0.24057059
2014-12-27 09:00:00,5.160130224759087,13.072845,-11.188019,28.556310381374907,46.594196,13.757526,0.6536297662843567,1.8757681,0.20521514
2014-12-28 09:00:00,7.283054070583205,14.185944,-5.209198,27.918740246246443,45.19815,10.131535,0.6198682211408966,1.7142192,0.09676279
2014-12-29 09:00:00,8.174298045279727,14.036896,-2.9377136,17.88930493668161,30.9528,8.843425,0.7450284005645326,2.2717474,0.116926044
2014-12-30 09:00:00,6.360941252085638,13.22464,-8.6249695,27.597927975850148,49.55619,14.459847,1.4568182226589985,2.4950728,0.19299659
2014-12-31 09:00:00,1.5414541964320279,11.104309,-14.985535,29.085942763247022,69.88383,13.868205,2.8200308138830663,4.218354,1.2293864
2015-01-01 09:00:00,2.6234922161769987,11.131744,-14.565521,23.302906578714403,45.584267,7.685483,1.0546601901154302,3.0047245,0.11911301
2015-01-02 09:00:00,5.508546497635336,12.336151,-8.523224,27.668805695678525,45.860023,15.408903,0.484482369142456,1.300997,0.05008425
2015-01-03 09:00:00,7.126674507438224,12.468048,-2.940155,28.12371753180927,46.027443,17.22905,0.4806864863869961,1.4352658,0.05662332
2015-01-04 09:00:00,9.41293647879462,13.876007,2.391632,27.685775904949153,43.451725,18.572819,0.579282439579004,1.3670921,0.101247266
2015-01-05 09:00:00,9.476144406389494,14.722748,2.255951,25.369898664214933,41.53181,13.032418,0.6432434490545861,1.2663878,0.11514447
2015-01-06 09:00:00,10.992141812978218,15.783051,3.2830505,26.192346476231624,48.17739,14.193017,0.7866511848272426,1.9047582,0.12659901
2015-01-07 09:00:00,13.933952718151431,19.572784,4.2466125,26.967963079162562,46.334694,15.330788,0.761895348210306,1.7893581,0.29427248
2015-01-08 09:00:00,13.967468738021296,19.749725,4.243744,28.319015947068667,55.00187,13.443181,0.5900930544872287,1.0891026,0.06971128
2015-01-09 09:00:00,14.274093245899962,19.224457,4.6736755,29.010645966911365,48.81585,16.238152,0.5034834236331488,0.9803451,0.159692
2015-01-10 09:00:00,12.180717811549414,19.228363,0.83773804,33.825413734955774,63.013397,21.794645,0.5830583021677227,0.9800244,0.08963783
2015-01-11 09:00:00,13.143612662284966,20.025543,1.6485901,48.483088926903996,63.609367,37.777336,0.45705976544825405,1.0140253,0.10235584
2015-01-12 09:00:00,12.032010881511724,19.335602,0.6930237,50.595699359052105,75.89186,31.271648,0.5877658697173089,1.029478,0.17320092
2015-01-13 09:00:00,10.315669875800097,17.289856,-0.6769409,49.91912245348214,70.42911,30.658827,0.8617588394782851,1.8315377,0.113335215
2015-01-14 09:00:00,10.434710954325226,17.694794,-3.6372375,33.71529776662519,49.31089,15.20785,0.5293731606639228,1.3996035,0.018255968
2015-01-15 09:00:00,11.823001974201418,18.273254,1.7107544,20.476908239814733,39.67247,3.313095,0.40818091712300475,1.295765,0.048794366
2015-01-16 09:00:00,10.387535197254067,16.780212,-1.1576843,16.148321515042102,34.35805,3.6736765,0.6097406443384208,1.7782727,0.04960258
2015-01-17 09:00:00,12.566311147632177,18.200165,2.721161,31.353528383788007,55.39836,10.406172,0.7923218547090795,1.5101832,0.11177334
2015-01-18 09:00:00,11.58181856324569,16.910492,2.0804138,31.513918154925847,40.26199,23.347927,0.7365456586995296,1.8603572,0.20456448
2015-01-19 09:00:00,12.403461950072597,18.177399,1.4820862,24.97546250677338,35.434296,11.257846,0.9563214783476516,1.9153326,0.16337731
2015-01-20 09:00:00,10.016513417280237,15.035004,0.1855774,24.853596860747256,33.479317,12.862127,0.8348943297695105,1.4499182,0.06872483
2015-01-21 09:00:00,9.066077877170073,14.184357,-0.5246277,25.849987767762347,40.658207,17.644373,1.0561981525999957,1.8042111,0.29551548
2015-01-22 09:00:00,9.931223645329055,14.997284,-0.9753723,21.313338092097403,38.475613,8.823269,0.4422271177215076,1.0600836,0.10497034
2015-01-23 09:00:00,10.199579213444622,16.24765,0.46444702,20.66658903720778,41.831066,5.0123434,0.8266594144598749,1.7365838,0.15620165
2015-01-24 09:00:00,10.612569780256194,16.660065,-0.5254822,25.30548848588079,44.99662,14.035682,1.3002257037214575,3.0226445,0.52430564
2015-01-25 09:00:00,12.761110506724378,19.32956,0.5932312,20.044670394770154,44.2026,5.227538,1.004199796388405,3.071168,0.081222005
2015-01-26 09:00:00,13.717720952505829,19.881226,2.4222412,24.46000900368215,54.980408,3.9992685,0.9192457021351388,2.3748538,0.17284808
2015-01-27 09:00:00,12.491903100557522,17.761536,1.3806763,39.71411592204586,57.903667,28.966167,0.7670929819084007,1.4471533,0.15819393
2015-01-28 09:00:00,11.949268203318638,19.239655,-0.25253296,55.6882457179981,72.36734,35.992985,1.0252611125065332,1.9870939,0.12498404
2015-01-29 09:00:00,11.995858287706426,18.179108,0.37832642,45.804924263241645,68.36119,31.077183,0.7678905827473816,1.4002292,0.18353212
2015-01-30 09:00:00,12.874370343053101,19.910309,0.4454651,43.359564969701765,61.38197,34.284298,0.8425124969360773,1.6775174,0.18639246
2015-01-31 09:00:00,11.802478268381549,18.726288,-0.76589966,51.46779843091875,69.57056,35.957653,1.2068545174897496,2.8373535,0.079176635
2015-02-01 09:00:00,14.455847715578841,21.195282,1.2070007,24.996204661527266,39.467045,13.830325,0.6892603617795036,1.764446,0.22293824
2015-02-02 09:00:00,14.681241371141425,20.526306,3.3602905,22.091467140309778,33.848793,9.571066,0.6672156710502851,1.2418331,0.14554946
2015-02-03 09:00:00,14.478297536974651,20.675018,2.9797058,26.76202344267352,41.572506,18.142082,0.6531187876359947,1.4836076,0.15602373
2015-02-04 09:00:00,15.279952519965263,21.494354,3.5138855,20.616558149757505,33.428013,14.296754,0.8293297997221638,1.7379322,0.073832154
2015-02-05 09:00:00,17.163432031680543,24.480164,3.284851,16.104142013879006,34.54458,7.9703455,1.4144167890250188,2.4931746,0.6585166
2015-02-06 09:00:00,16.732223272435704,24.582,3.0214539,13.41364150057556,30.746367,5.935858,2.2714574732655124,3.3641598,1.2139851
2015-02-07 09:00:00,15.048886680933492,23.051788,2.3877258,35.60088296219755,83.67045,12.129149,2.5845060037745102,4.0278993,1.2584872
2015-02-08 09:00:00,14.796158637561064,21.580902,2.7713013,49.585087147495635,74.92626,28.653439,1.6771031266774812,2.807967,0.56330264
2015-02-09 09:00:00,13.953358817772767,22.448639,1.4798889,54.54852159196107,67.80671,39.439526,1.6206085022740542,2.9002883,0.8313178
2015-02-10 09:00:00,14.032994137647393,21.613617,0.39682007,20.713913434197543,60.654972,0.7149248,1.8036683312391786,3.7036564,0.12490176
2015-02-11 09:00:00,13.4655471620257,19.105133,3.5055237,20.24296542343887,43.18631,3.3581846,1.0769802782632645,1.814401,0.22311583
2015-02-12 09:00:00,16.310601373970258,22.26529,5.198883,22.649907667600115,36.520508,11.137697,0.6323111145296734,1.427403,0.09021762
2015-02-13 09:00:00,18.97841600705152,24.945099,9.023224,19.506921438715274,33.541553,8.494019,0.42693332222908414,1.0977361,0.104311585
2015-02-14 09:00:00,19.64987210791179,25.511078,9.96225,23.728649512584138,44.37334,14.1444,0.5540928779883001,1.1023825,0.08612681
2015-02-15 09:00:00,19.61638848478964,26.180115,6.8051147,23.829044044078557,41.507004,8.749191,0.4974552979717896,0.9250663,0.04515095
2015-02-16 09:00:00,18.263997767923456,24.552338,5.9371033,19.947267080585753,39.78576,5.6904974,0.48890807944307957,0.9993446,0.14819176
2015-02-17 09:00:00,18.552781563137216,25.631073,5.8224792,21.205876730493635,41.10742,7.362957,0.5750771092633807,1.3058102,0.030849557
2015-02-18 09:00:00,17.65369579033529,24.79654,6.0245056,27.161483386590085,44.20023,13.434606,1.0023038995817142,2.456584,0.048813377
2015-02-19 09:00:00,16.191472810100663,21.731598,5.2999573,22.377224447428677,35.99144,7.8117514,0.7763922879051522,1.8411016,0.050774302
2015-02-20 09:00:00,15.07926299881126,20.96103,3.7383728,24.090623742783684,33.507454,15.409799,1.03961778784204,2.1706238,0.18372107
2015-02-21 09:00:00,14.084986301682363,19.921844,3.210907,24.001515249377224,44.38491,11.003904,0.48435490211843174,1.2087222,0.06401101
2015-02-22 09:00:00,13.994163139085288,21.647888,2.0932007,47.566286470737076,72.6783,18.482983,0.8212907265934054,1.6281577,0.061825883
2015-02-23 09:00:00,7.015949635280492,16.530365,-7.23526,65.25547655948597,83.173386,51.478603,1.154400089748202,2.5731041,0.2130511
2015-02-24 09:00:00,8.434444033611555,17.036896,-5.97287,28.492286036020364,46.156727,16.973133,1.191694138789267,2.4342823,0.33286056
2015-02-25 09:00:00,13.162857749878128,19.4133,3.0226746,17.496565923842546,30.129875,6.3508615,0.5304300336258692,0.94929475,0.11973275
2015-02-26 09:00:00,14.157731315303295,20.2247,4.4668884,21.831358937064092,43.68818,6.4144964,0.770116065426673,1.5320191,0.078935415
2015-02-27 09:00:00,14.173601824245736,21.049347,2.9927063,46.536666385996696,76.81054,24.310535,0.9973353554531647,1.8628,0.4328898
2015-02-28 09:00:00,10.48243744659419,19.835114,-3.7918396,66.50252372106931,86.93241,44.343857,1.575177962734715,3.2431087,0.16112196
2015-03-01 09:00:00,7.23395369175978,16.09439,-7.339203,55.16883107331646,71.12027,36.576042,0.6205766516726368,1.1419351,0.14539242
2015-03-02 09:00:00,9.452210574354467,18.757233,-5.270111,52.61586709668774,70.52628,37.95597,0.5244201121039465,1.2717589,0.13827811
2015-03-03 09:00:00,8.539193587436785,15.843597,-4.6212463,54.8745699167954,69.880936,35.639236,0.5740484093437379,1.2155813,0.09890111
2015-03-04 09:00:00,10.442830346366975,19.167328,-3.9584656,32.12969032358924,48.04768,14.157054,0.6383104299316875,1.3721524,0.14743859
2015-03-05 09:00:00,13.386289764508092,21.537323,-0.6560364,16.80357824735309,23.361412,11.181725,0.40971160878484836,0.9873991,0.061926216
2015-03-06 09:00:00,16.134224456815502,24.13797,3.327423,9.84703127358252,25.51056,-0.7604437,0.9394335385249664,1.8758545,0.23372063
2015-03-07 09:00:00,17.477908530799652,25.044586,4.462555,11.278269288499429,25.831339,-1.7029591,0.7591438831080939,1.6302605,0.3029501
2015-03-08 09:00:00,19.056880846227557,27.065826,4.976471,19.082975528493137,32.760117,6.227761,0.5728581074843657,1.3372386,0.06225665
2015-03-09 09:00:00,18.671273499747713,26.599823,5.133026,21.30156021019718,35.886353,14.786365,0.9659660387910551,1.7771667,0.12325473
2015-03-10 09:00:00,19.31867299431906,27.287903,5.4246216,15.821663617587753,23.30597,9.347898,0.4776826403677781,0.93668824,0.023024764
2015-03-11 09:00:00,20.097356675010815,29.21939,4.6022034,20.081237454607574,34.8397,7.1018987,1.1065165658456013,2.1054218,0.26867867
2015-03-12 09:00:00,16.006900266884713,25.396881,0.7035217,44.50304690024604,59.588314,35.408627,1.3434732680206762,2.9743347,0.057285663
2015-03-13 09:00:00,17.938117456520274,26.07846,3.019867,22.022129158533065,33.11255,11.8273945,0.8441991057455532,1.9944704,0.16154669
2015-03-14 09:00:00,20.840987791827217,28.904846,7.5630493,22.55054083238258,34.809723,14.719879,0.4522018713253468,1.1242839,0.020165533
2015-03-15 09:00:00,23.658319996747025,32.825104,7.705963,25.043089937327107,37.29456,17.48177,1.204180855189756,2.1618075,0.20105344
2015-03-16 09:00:00,22.56610125450078,33.11734,5.082184,25.39361001420077,42.15722,12.836908,1.1645591554700099,2.301654,0.21140735
2015-03-17 09:00:00,19.17368870363447,27.485992,4.857086,33.70181549236795,48.13109,15.990461,1.6251649449790944,3.5977104,0.30583173
2015-03-18 09:00:00,16.80458066832773,24.478912,3.9046936,37.90926540280229,60.42631,14.367717,1.599244336643245,3.5378368,0.032119226
2015-03-19 09:00:00,17.722003156116102,25.444275,4.0458374,26.43526545282842,40.861774,11.633485,1.2657650292043248,2.0170221,0.12566847
2015-03-20 09:00:00,21.33231900296164,29.403473,7.514801,15.026267461992648,28.112549,2.871249,0.6736263593867415,1.1661448,0.23521368
2015-03-21 09:00:00,20.057215286062217,29.102203,4.801422,23.3430450352938,36.518986,8.667423,1.603613841951057,3.2560496,0.11599948
2015-03-22 09:00:00,18.44838549507449,27.180511,3.6082458,27.71543326435729,42.25699,13.724885,1.2552955480787018,2.6670406,0.3749302
2015-03-23 09:00:00,17.45087719194487,27.57669,2.2622375,44.960810035230566,61.429993,20.82665,1.9940430853905087,3.1778212,0.7165184
2015-03-24 09:00:00,15.10602380445647,22.839996,2.115387,44.18532478238552,58.685604,23.38405,2.566216923652066,4.889807,0.61940664
2015-03-25 09:00:00,15.922458910591786,22.484772,2.662506,42.564598369969616,55.326492,32.41243,2.1732181042186274,4.1313987,0.22882012
2015-03-26 09:00:00,19.28770681270015,26.733795,5.6107483,26.979292992377907,36.082146,20.474672,0.7728274305524528,1.5016223,0.13236144
2015-03-27 09:00:00,24.247261343500725,32.83438,7.7308655,28.3519293393904,46.95233,17.471863,0.5804081320779902,1.3667208,0.022127153
2015-03-28 09:00:00,24.181523106707118,32.90982,9.175446,23.386286453835908,33.359238,13.53076,1.6004064451768827,3.6172194,0.1155672
2015-03-29 09:00:00,22.223018043517925,29.74527,8.180817,23.98289129043581,40.66868,11.441488,1.1917806324884859,2.8422341,0.021127619
2015-03-30 09:00:00,23.48362916850556,31.484772,9.126862,18.97155385839736,27.505508,6.376601,0.6435015400906421,1.5771577,0.066056244
2015-03-31 09:00:00,23.93620627998041,32.42569,9.033112,22.771934484784676,36.91313,10.834748,2.372743223390213,4.6859803,0.3363841
2015-04-01 09:00:00,17.767582210935245,25.58487,4.299713,14.47322929962149,35.3091,2.621601,3.1002387534296107,5.588194,0.6191594
2015-04-02 09:00:00,15.384434242830991,23.214996,2.2755432,24.76219022125681,38.579563,13.497417,2.5799920244439933,4.833629,0.5834007
2015-04-03 09:00:00,15.889807943497317,23.502106,3.7130432,29.486201765513027,38.612278,23.461906,1.39639306733033,2.7660313,0.16366388
2015-04-04 09:00:00,18.425629434560165,26.90445,4.71109,17.04911054514583,25.19853,7.5774364,1.723901769447536,3.1993964,0.4147704
2015-04-05 09:00:00,18.062571321922746,26.43161,3.9101257,23.02368614810785,34.37608,13.295738,2.470274255081022,4.4292874,0.6938263
2015-04-06 09:00:00,12.758670703355676,22.558502,-1.806488,45.81111593852573,60.246933,31.739119,2.431608942637965,3.5505016,1.5623727
2015-04-07 09:00:00,12.205389436607106,21.397858,-2.5689392,45.07011790171671,64.71716,26.587233,2.078606269039635,3.19747,1.0774497
2015-04-08 09:00:00,8.750176217777494,18.997223,-6.205902,50.701940542480344,73.83266,26.346308,1.3962820440943755,2.5361838,0.06785698
2015-04-09 09:00:00,11.72751496606395,20.12857,-2.3733826,30.13319567320986,45.01573,17.574085,1.1703018342108034,2.0151982,0.2856504
2015-04-10 09:00:00,15.068823628368364,23.705963,1.7020569,31.51033938064601,43.913624,21.188755,0.6059432681006705,1.5614083,0.07365314
2015-04-11 09:00:00,17.44295203291267,26.967194,2.7992249,31.155422566794876,40.756065,19.893984,1.6119124768876631,3.3462837,0.24237151
2015-04-12 09:00:00,18.600648268760324,26.64029,4.4459534,21.758106483303624,45.391155,6.4458437,1.7251233283749774,3.6528676,0.16438672
2015-04-13 09:00:00,21.024273774802623,29.049713,6.5169983,18.476108378055624,35.048275,7.4327993,0.4887762876339503,1.309626,0.13430312
2015-04-14 09:00:00,22.31060003970873,32.501617,6.9215393,17.02655830443363,30.969585,-4.0307436,3.0183976179597165,5.294229,0.7693124
2015-04-15 09:00:00,13.95036256783061,20.582184,2.3751526,18.869323409768075,36.065895,4.795698,2.43671628352246,4.5812535,0.34986824
2015-04-16 09:00:00,17.10259420067439,24.279694,3.6644592,16.826636325885435,22.633087,10.84149,1.0472365495960558,2.725651,0.06850222
2015-04-17 09:00:00,20.839383630150337,29.712067,7.6476135,20.93526528180396,26.63786,15.049658,0.8423367396595621,1.9249216,0.21861245
2015-04-18 09:00:00,22.097838711939175,30.527008,8.913727,20.186032649883316,28.164185,13.263648,0.8463135437317193,1.5085565,0.37547424
2015-04-19 09:00:00,22.73970322901249,31.687164,7.757477,21.993586211495458,27.520744,16.201878,0.8848950065671558,2.2825043,0.07515911
2015-04-20 09:00:00,23.10647080660425,32.524567,7.90152,22.92426752511109,35.81742,15.163705,1.3082386840952263,3.1185117,0.030191196
2015-04-21 09:00:00,21.645143707043758,31.690094,6.6041565,28.25400452870068,47.627064,10.077559,1.5502337705058344,3.6603932,0.2635768
2015-04-22 09:00:00,17.499097617574478,27.535553,5.021881,44.66870687554197,74.09714,17.316273,1.0222760070576544,3.007505,0.108083546
2015-04-23 09:00:00,17.131344068984276,26.167145,3.585846,53.54474192071805,66.97065,17.59327,0.9793083770139164,2.5619466,0.08516019
2015-04-24 09:00:00,18.35878568325336,28.515778,4.066559,62.335653174864866,84.98894,25.947021,1.6716552197121877,3.368241,0.16769716
2015-04-25 09:00:00,15.683314651085027,26.039703,0.061187744,49.94969982080624,80.63591,24.331226,1.5484821635212722,2.918967,0.4627752
2015-04-26 09:00:00,13.95912953645552,21.646149,2.2274475,45.434408491456,69.921844,26.757782,2.1683768138657276,3.9220388,0.47724712
2015-04-27 09:00:00,18.67672855726886,25.550201,5.4564514,37.784570289981566,45.763386,31.14674,1.2935702412405057,3.1406336,0.050082613
2015-04-28 09:00:00,23.232961726758504,30.57486,10.826813,31.387312807027808,41.23413,21.243282,0.610863912714999,1.2502631,0.1095007
2015-04-29 09:00:00,25.609554167136878,34.022614,11.891754,29.53199944378003,34.66194,20.910732,1.4301763919140162,2.9643521,0.36347607
2015-04-30 09:00:00,24.8184737729307,33.12979,12.070465,25.504432146306886,36.83589,17.120852,1.0792964737568063,2.6391888,0.12935808
2015-05-01 09:00:00,25.75689605270469,34.86685,10.034821,27.977101966704723,54.403534,18.852753,0.8601171633295732,1.8290048,0.41530702
2015-05-02 09:00:00,25.820962795380296,35.51651,10.4930725,21.997409372432664,43.619923,9.855896,1.162503967204054,2.2970104,0.4078394
2015-05-03 09:00:00,24.456419765792305,34.225006,9.8871155,15.307350036137409,32.175896,4.9760733,1.5212622754338245,3.2312737,0.74278265
2015-05-04 09:00:00,23.352986062883758,32.99112,8.782135,22.496052003048796,37.030052,14.211665,1.4394502139546363,3.035983,0.578552
2015-05-05 09:00:00,21.15357917731467,30.444977,7.997711,43.02954423730789,50.63964,34.15725,1.6402188693865496,3.0660782,0.62356824
2015-05-06 09:00:00,20.608821988659543,29.808746,7.0782776,31.64718922631472,42.370335,10.087755,1.6551934676947282,2.9629588,0.70057034
2015-05-07 09:00:00,18.065820097100357,27.3461,4.070709,33.85210323498466,43.727272,17.002678,1.874227490023665,3.5082297,0.65173906
2015-05-08 09:00:00,10.034461677251329,17.727448,-3.0083923,59.505700321653535,84.324234,29.838888,1.1219413321017537,2.0384247,0.22643493
2015-05-09 09:00:00,14.885116340867796,21.99649,2.1808167,60.496948012168566,77.14449,38.129974,0.9640202254640423,1.6043267,0.24270473
2015-05-10 09:00:00,19.467267676508527,28.204254,4.257477,34.062063852700234,47.824078,19.589703,1.2536924539665628,2.606671,0.13699335
2015-05-11 09:00:00,22.168281754833288,31.141266,6.955719,29.79737304799433,41.81527,8.915017,1.5056671493681377,3.011973,0.2776108
2015-05-12 09:00:00,20.767603033754597,31.241852,5.97818,25.498861533240767,41.372864,1.7011433,2.235192347504679,4.0158134,0.8305886
2015-05-13 09:00:00,17.62167639651142,26.324127,4.1717834,31.826017408537954,39.79151,23.935787,2.0628360918061315,3.4154587,0.93756837
2015-05-14 09:00:00,16.416520497466706,25.422028,2.0274963,35.78077927134949,47.206867,25.37093,1.5730603115831021,2.6068985,0.9443564
2015-05-15 09:00:00,11.304130082684537,18.469635,-1.2347107,72.62882967189917,86.507866,54.218803,1.4395054163515473,1.8914765,0.8893085
2015-05-16 09:00:00,14.646513615017852,23.46817,1.9979553,50.931922564554235,66.88974,37.0451,1.6314625089647619,2.6961255,0.6752389
2015-05-17 09:00:00,17.728701214921443,27.215729,3.1786194,52.27100334798126,71.34221,34.521896,1.042944598523535,2.4947903,0.0710886
2015-05-18 09:00:00,15.542868573221654,26.423004,1.3175354,49.429898327549935,58.326576,33.14318,1.8304211049392956,3.8615167,0.5682118
2015-05-19 09:00:00,16.809227159219915,26.504547,2.1666565,47.519283678818006,57.566868,37.403606,1.8349735864279184,3.6653306,0.8083581
2015-05-20 09:00:00,18.147095086705917,27.574371,3.0021057,47.169102799654794,60.44367,38.385075,1.3710713874654814,3.3011806,0.18191673
2015-05-21 09:00:00,18.53230129429278,28.589508,2.743805,56.37732578516864,80.64548,37.541958,1.4989105014643676,3.3209903,0.18612102
2015-05-22 09:00:00,14.83615306256587,24.862946,0.57192993,71.34869086211017,89.80894,48.470924,1.3538679767518893,2.6046069,0.32190627
2015-05-23 09:00:00,15.690769962325703,24.467682,3.1271057,68.72745188197062,87.62844,45.48022,1.0806371312828795,2.1028476,0.14716701
2015-05-24 09:00:00,18.386649999473832,27.586823,3.8414612,58.19282940930162,76.81711,51.957737,1.4282631680763913,3.0195355,0.10347859
2015-05-25 09:00:00,20.78972762980061,30.105621,7.306793,57.4960429245323,66.11145,49.585575,1.3035640391953613,2.6905363,0.56465364
2015-05-26 09:00:00,23.469887589698374,33.117584,9.7933655,48.27137888235202,57.55896,41.191113,1.5308405846163655,3.3907468,0.5193788
2015-05-27 09:00:00,23.493314619412217,32.11319,10.621735,43.68447352553984,53.737923,29.546,1.5838669688279239,3.6776032,0.30948505
2015-05-28 09:00:00,25.08414446437564,33.40323,13.065338,24.72673871606566,35.037838,12.982256,1.7655978959970584,3.8217893,0.5564493
2015-05-29 09:00:00,25.989998921109645,33.842438,14.07486,21.751127012436033,35.584858,8.8584175,1.3716919306308024,3.2611542,0.37407392
2015-05-30 09:00:00,27.475101020526154,35.281403,15.673248,20.772213555190483,33.288727,9.819789,1.3034269308622337,3.0795681,0.15671608
2015-05-31 09:00:00,29.615819627634835,38.119293,16.724762,19.957234410719764,27.516804,9.308131,1.285616306748623,2.4902635,0.14370966
2015-06-01 09:00:00,27.2075545578669,36.715485,13.992828,22.739459245027856,31.296892,9.18647,2.2553189084783667,4.184185,0.94743675
2015-06-02 09:00:00,23.75932109429482,32.306305,11.241608,38.25039619532764,58.133846,22.383904,2.066500056792724,4.3148327,0.6726512
2015-06-03 09:00:00,24.318056007442124,31.64444,12.458893,29.52539475975258,43.280468,12.07142,1.9509030529013416,3.6701403,0.6734314
2015-06-04 09:00:00,22.871998420746763,32.169586,10.044586,28.755914597850673,38.133595,15.802872,1.9677091875141979,3.1956542,0.8764858
2015-06-05 09:00:00,21.325540633881076,30.173004,7.0350647,39.00965156635188,49.538826,29.952467,1.2626132153898357,2.3907454,0.07186163
2015-06-06 09:00:00,23.04864826637936,31.68277,9.572418,43.4111489131489,55.68084,28.965996,1.2334303213866116,2.462987,0.18159235
2015-06-07 09:00:00,24.24809902851564,33.6315,9.843414,41.13193533658333,49.709984,33.916042,1.2489106677366835,2.343645,0.27083287
2015-06-08 09:00:00,28.220032636122312,37.133453,13.319977,25.754525842203748,37.904945,19.942265,1.1118457138541522,1.7429302,0.24943928
2015-06-09 09:00:00,32.56414580698032,42.35782,17.336334,20.888001904472233,32.4479,14.751102,1.194820057429197,3.3027518,0.19924831
2015-06-10 09:00:00,24.05139667519262,31.800201,10.847076,56.07019704338032,63.451553,31.872572,1.3521107728007737,3.3840406,0.17292719
2015-06-11 09:00:00,23.194845658864494,31.134186,11.633453,57.73594134701705,67.0369,50.380653,1.4361632618435958,3.0191426,0.24928145
2015-06-12 09:00:00,27.275223470082153,35.257233,14.3229065,45.85918697116202,56.085808,37.871487,1.2222761194101586,2.481086,0.27217063
2015-06-13 09:00:00,29.70154672379266,38.5524,16.610748,28.791459111843785,41.79034,15.571591,0.8829060428249004,2.2822518,0.017799895
2015-06-14 09:00:00,31.88284284476333,41.628815,17.730377,20.5838154426475,37.659164,4.4716625,1.704726127348987,3.644019,0.38218603
2015-06-15 09:00:00,30.48775940680264,39.37784,16.873932,11.525335356292157,17.82311,3.7020168,1.7741339464586938,3.5908878,0.4594421
2015-06-16 09:00:00,29.683180859444576,37.66617,17.127106,11.235938837995944,18.942513,4.726122,1.9109429841771395,3.910522,0.50012404
2015-06-17 09:00:00,30.147079896199273,37.514557,18.219635,13.345960180860597,24.139957,5.1298456,1.277364501838379,2.8681135,0.35669658
2015-06-18 09:00:00,31.18474970980435,39.07144,18.67691,12.89458518124423,18.685753,7.0788956,1.4759467834181437,3.001003,0.31590554
2015-06-19 09:00:00,30.868747149737942,38.86783,18.766998,8.828841578519725,13.517875,3.8566294,2.1943615724914367,4.212094,0.5003291
2015-06-20 09:00:00,30.675874037381732,37.267487,20.275055,8.121168904309778,12.822398,2.5889225,1.7359799856497493,3.372133,0.3564515
2015-06-21 09:00:00,32.04703966054916,39.482086,19.818024,12.101589587507991,15.687752,8.413415,1.8470836013327736,3.765615,0.42323133
2015-06-22 09:00:00,29.301449228575166,37.026764,17.631256,14.008292742037142,18.21492,8.8842125,1.988918889239227,3.8706558,0.65867126
2015-06-23 09:00:00,29.187023951162814,35.61026,18.45401,13.204798224758159,18.516499,4.654128,1.6527559495286661,3.4502876,0.7003776
2015-06-24 09:00:00,29.71611783843946,36.143463,20.001862,20.480504006069747,25.025295,11.139951,1.3571136493434681,3.2204907,0.20748582
2015-06-25 09:00:00,30.91725671636084,37.76065,19.830963,21.52600784039856,28.577751,10.640251,1.1129091743289128,2.320254,0.22773334
2015-06-26 09:00:00,33.014823597107636,41.23355,20.069489,18.360244803767404,24.661612,10.440667,0.9757014665475319,1.9683298,0.24053822
2015-06-27 09:00:00,33.657766537117766,42.900543,20.712555,18.210367838073072,26.800022,13.050021,1.2762275847649627,2.710668,0.2763129
2015-06-28 09:00:00,30.444849064965865,40.072906,16.285797,25.310713682468872,42.93765,15.816556,1.3807844922112058,3.0744355,0.16836725
2015-06-29 09:00:00,29.757012518425768,38.348785,16.803131,34.077151286709636,54.241135,22.112226,1.3860814758367328,3.4911869,0.05455706
2015-06-30 09:00:00,30.836377633553923,37.702545,19.956696,30.049101880709994,46.83481,11.116057,1.1623857306298393,2.714734,0.18613425
2015-07-01 09:00:00,33.57128950765156,42.340973,18.223785,29.207381947346644,49.24871,18.968678,0.9724605042634087,2.4754243,0.27747753
2015-07-02 09:00:00,30.092355795634774,38.546295,16.64981,36.73656194495109,52.36751,29.185265,1.1632816722636874,2.416388,0.22859022
2015-07-03 09:00:00,29.64317261672329,38.965485,16.009918,50.63578696604835,62.65468,34.389053,1.2155412568811859,2.8971102,0.2531793
2015-07-04 09:00:00,31.367069613768706,40.45279,17.35318,39.22092315341134,45.46511,27.393929,1.489325114924105,3.7643838,0.2279167
2015-07-05 09:00:00,31.39548880054241,40.654938,17.397614,33.63186006039764,42.29895,19.106064,1.7139782922189788,3.799033,0.17532486
2015-07-06 09:00:00,29.818698130788448,38.79776,15.7430725,37.01377731025891,46.73327,26.366081,1.8694959267669105,4.398376,0.36768702
2015-07-07 09:00:00,28.23829314504337,36.051422,14.7760315,44.510339300938426,54.743664,39.098164,1.9662411390765377,4.526793,0.28309348
2015-07-08 09:00:00,27.094891977530665,36.150055,13.007477,42.34216782852882,64.1965,31.856167,1.73693775109497,4.0752196,0.1181433
2015-07-09 09:00:00,24.545724244177848,34.219635,9.301666,56.81312451279039,89.51431,35.522125,1.6288550942156963,3.1665874,0.5967955
2015-07-10 09:00:00,21.949404912480418,31.565338,8.645905,67.00672466714394,79.91492,51.59162,1.5370467748014092,3.550803,0.30189747
2015-07-11 09:00:00,23.123282274446296,30.89981,10.91861,56.9862165486301,65.83284,47.335396,1.4297994024220597,3.2273266,0.37906933
2015-07-12 09:00:00,25.66486867884646,35.074615,11.576569,48.24874535235169,60.984154,35.78839,1.5826371719295314,3.5675113,0.6002498
2015-07-13 09:00:00,27.523067161007134,35.831207,14.6493225,38.52138795822321,50.72299,29.316738,1.6712645653133387,3.6947885,0.62632674
2015-07-14 09:00:00,28.137033468426125,36.070953,15.508453,34.08951518277329,42.148697,27.93899,1.8357506354995896,3.7269557,0.8973739
2015-07-15 09:00:00,27.897280364494918,36.131012,15.2916565,31.441847149497097,45.290764,20.310293,1.6542267200559608,3.4712498,0.7676157
2015-07-16 09:00:00,29.221952765387584,37.2128,16.958893,30.504994590817475,39.7352,17.705471,1.190867222330533,2.766716,0.3650931
2015-07-17 09:00:00,29.951397636318234,38.48111,16.297516,27.35941599497141,33.157112,23.496956,1.260617914444752,2.6354682,0.3407144
2015-07-18 09:00:00,30.83027823630715,39.51065,16.489166,20.70355194313486,27.350418,14.155105,1.5417753511949912,3.049327,0.6164204
2015-07-19 09:00:00,27.889629004582616,37.41397,14.527252,25.692584761246774,45.736538,15.513881,1.4227196512778455,2.34848,0.38323027
2015-07-20 09:00:00,26.60993181737024,34.617584,14.273346,52.64668585555178,64.245575,35.409443,0.8418839068570797,1.9806557,0.044305544
2015-07-21 09:00:00,28.51653905279693,37.476715,15.914459,49.96947968980132,70.25471,24.831142,0.8676837717271244,1.8072824,0.3235837
2015-07-22 09:00:00,28.24382879775567,38.49234,14.25235,45.02786143512252,64.023544,33.445713,1.5589458969306167,3.4025416,0.13578425
2015-07-23 09:00:00,27.03624605973721,36.765045,13.170074,32.878588662785866,46.687096,13.769129,1.8062805026567625,3.3222687,0.9128371
2015-07-24 09:00:00,26.844672197811576,35.5795,13.782623,29.249153115318496,39.87581,23.544504,1.6524572916464928,3.350063,0.7081478
2015-07-25 09:00:00,27.957798508264887,36.07486,14.956696,30.66315288718287,34.51793,23.584335,1.8846521231702136,3.5266001,0.821976
2015-07-26 09:00:00,28.550166422949474,36.33609,16.289215,27.65901517152002,34.01455,18.810326,1.746541278102095,3.4680698,0.6773596
2015-07-27 09:00:00,28.648169245059307,36.41568,16.12857,17.945867786738667,28.60235,11.405719,1.975599835967613,3.647017,0.700098
2015-07-28 09:00:00,29.10682204784149,36.075348,16.940582,18.702018370369252,24.230951,9.801264,1.2063308661471104,2.8173504,0.019230071
2015-07-29 09:00:00,31.698428615664568,39.529694,18.685944,17.737580625485027,20.559574,13.949028,0.8605267441244858,2.0103076,0.21649772
2015-07-30 09:00:00,33.871607299048605,42.38443,20.144196,16.91854256346423,21.154295,11.279587,1.194219093021472,2.5041416,0.26881698
2015-07-31 09:00:00,31.335376787979044,39.57901,18.201324,26.334563980997228,38.127182,21.27318,1.515048135163617,3.1298752,0.13881505
2015-08-01 09:00:00,30.944255489868056,39.60147,17.901031,32.71972978355976,44.52413,22.045313,1.461800885600466,3.7787383,0.14975965
2015-08-02 09:00:00,30.33127298974756,39.182526,15.944244,39.14209315069637,47.86376,30.055168,1.6367736080546,3.9722605,0.10220716
2015-08-03 09:00:00,30.013498675849178,37.993805,17.032867,29.021372419425447,40.11182,20.271976,1.8001145505997451,4.249371,0.5649937
2015-08-04 09:00:00,29.589431279041207,37.40518,16.9169,28.561863544862515,40.044937,19.290794,1.7458840032117833,3.9091706,0.568171
2015-08-05 09:00:00,25.86111986226274,32.702545,15.435699,22.155192799955618,35.157036,5.727349,1.6936624747626943,3.3646235,0.47579247
2015-08-06 09:00:00,26.868943025206647,32.909576,16.381989,16.53958959255163,26.25437,6.600234,1.0098839024574844,2.0982718,0.3415757
2015-08-07 09:00:00,25.46908560157243,33.403717,12.821686,23.005430323212416,30.533558,11.264027,1.407567237125199,2.4728317,0.66103464
2015-08-08 09:00:00,27.020381974072507,35.645416,13.297028,31.91400780851664,43.00933,19.794487,1.4086366092494158,3.0937476,0.52207685
2015-08-09 09:00:00,28.144659598111502,35.70865,15.823883,29.632183791384474,37.8357,21.71529,1.421586126515972,3.30412,0.37074608
2015-08-10 09:00:00,30.074778468120428,37.680817,17.467926,27.106226994764334,36.352196,20.029675,1.752824234549161,3.4686666,0.70324475
2015-08-11 09:00:00,28.6572292729972,36.345856,16.427887,29.99295114401178,37.921585,14.710891,1.9512811423456415,4.0768843,0.7008599
2015-08-12 09:00:00,28.637696158241795,35.841705,16.963776,27.491257759774452,43.493248,13.633871,1.6144153527171943,3.4572558,0.6134383
2015-08-13 09:00:00,30.059092847958652,36.918854,18.912018,23.509543407299322,33.271637,16.205397,1.4581083857543407,3.3627226,0.45505473
2015-08-14 09:00:00,30.18326718623996,37.576813,17.666656,24.876565123137016,33.23231,9.6268425,2.1293838825549845,4.523972,0.49801722
2015-08-15 09:00:00,29.30121290269517,35.66861,19.308258,15.719481905784013,20.187126,10.030876,1.5867889561000725,3.1182172,0.2914896
2015-08-16 09:00:00,31.75215571014104,38.79483,19.818268,15.41681953180769,20.984745,8.851972,1.1461213715804388,2.1848123,0.113536306
2015-08-17 09:00:00,33.767760780505284,41.49698,20.870026,16.064000821784767,20.887125,11.063632,1.132719523218145,2.3070183,0.13190022
2015-08-18 09:00:00,34.14368771847552,42.14615,21.960602,17.70351663495765,22.652027,13.911374,1.4960702911811488,3.021081,0.32434696
2015-08-19 09:00:00,32.734567072357834,39.74405,21.80655,17.896928168876205,22.831917,9.374885,1.552124244831726,3.249921,0.67695516
2015-08-20 09:00:00,31.86146799015711,38.53482,21.101227,13.640078160286555,19.913612,9.615837,1.6325724515805722,3.1603897,0.62128013
2015-08-21 09:00:00,30.392774884413257,36.702057,20.44815,20.269202965956705,32.168404,10.430692,1.512883993648627,2.8544142,0.5279098
2015-08-22 09:00:00,29.88662185261194,36.818024,19.473541,24.595025559097245,32.264202,14.37266,1.32354952058697,2.7521102,0.6474418
2015-08-23 09:00:00,30.352730665123715,37.188873,19.75528,24.88726743932148,34.450207,16.516613,1.3432128956323617,2.7268157,0.6365773
2015-08-24 09:00:00,30.63325280929888,37.116608,20.03067,25.936794828912657,36.116127,14.189893,1.4671225636644243,3.1316128,0.5413109
2015-08-25 09:00:00,31.30485309835234,37.675934,20.132965,21.395323727136798,35.028915,12.728134,1.4488725983705293,2.9903464,0.22219324
2015-08-26 09:00:00,31.759143263218448,39.38394,19.08902,23.759362612261526,31.396969,17.075247,1.3842077957323418,2.8113124,0.35833606
2015-08-27 09:00:00,31.615565769418424,39.355377,18.7128,22.660413305979883,26.621155,17.850782,1.419529886727038,2.842122,0.49324146
2015-08-28 09:00:00,32.37033949633417,40.20694,19.236237,22.22069863407215,26.318121,17.939215,1.2771125067387947,2.3988166,0.3607594
2015-08-29 09:00:00,33.342055298277046,42.004547,19.00064,22.811035368204063,27.39701,17.233974,1.7342271528668316,3.37002,0.44200817
2015-08-30 09:00:00,28.634788059663833,35.915924,16.21817,35.44725541434147,47.891514,12.715311,2.6110754998890235,5.069033,0.83682936
2015-08-31 09:00:00,27.211776236286653,32.980133,18.081451,20.790274611930794,35.550903,6.957403,1.6953807803041663,3.6945236,0.03948876
2015-09-01 09:00:00,28.529689104817464,34.765045,17.870514,20.753345989737817,26.788074,15.320313,0.9999771218512238,1.8546598,0.4723918
2015-09-02 09:00:00,29.507663669593853,37.05069,17.622955,23.791178617297778,33.911263,16.164177,1.541930381112319,2.7619467,0.48260394
2015-09-03 09:00:00,27.283923837370367,34.800934,15.177887,33.14687596062774,42.67673,19.111877,1.9855442243269141,3.606492,0.79127
2015-09-04 09:00:00,25.16570334304663,32.579742,13.194977,39.93638789767504,51.355553,21.367271,1.7512415585532122,3.0801613,0.84920686
2015-09-05 09:00:00,23.981149450141572,31.943512,11.443756,22.06127748242183,38.963432,9.256305,1.8480447030393703,3.3009431,0.6557647
2015-09-06 09:00:00,24.58619882393043,30.653473,14.890778,15.300190043315345,20.298805,7.332919,1.2647540896442844,2.6514027,0.49168277
2015-09-07 09:00:00,27.283619495297046,34.021393,15.345612,13.626021242296433,15.943552,11.099802,0.9962567180269067,2.0940628,0.27404362
2015-09-08 09:00:00,29.742307594385068,36.959137,17.271637,12.829410458219822,16.752687,9.837082,0.7465420759289483,1.6872107,0.13505812
2015-09-09 09:00:00,31.82486114084884,39.309235,18.965485,19.334127749629843,27.591656,13.38853,0.8617846172922188,1.80994,0.17647657
2015-09-10 09:00:00,32.4182614365007,40.609283,19.10611,19.592667729006774,24.406422,15.800954,0.8563362315171287,2.0248322,0.047180038
2015-09-11 09:00:00,32.80735485208572,40.69522,19.242096,17.340188524855275,21.432129,14.350098,1.3135624989826191,3.0932996,0.18629906
2015-09-12 09:00:00,32.42636357396799,39.521637,19.732574,15.353460725212837,20.162441,8.795253,1.3740470217409195,3.0468633,0.113776535
2015-09-13 09:00:00,28.339359998402983,35.176178,16.342194,19.347842941209173,31.614517,7.5974436,1.2616391190561809,2.4650772,0.47908044
2015-09-14 09:00:00,28.472999315539766,37.08902,14.86441,29.867656474866365,41.621624,20.192656,1.0430115829250814,2.567212,0.43467146
2015-09-15 09:00:00,21.80569260542103,29.855621,9.263092,59.14141269820477,85.79295,48.73874,1.0180477241141952,2.5971043,0.20210157
2015-09-16 09:00:00,22.206500284238814,30.111725,9.2836,34.95734070277763,56.875942,10.472297,2.278228415209204,4.0703797,1.3265119
2015-09-17 09:00:00,21.508445864486134,28.48648,11.292633,32.080465892686135,57.55353,18.0705,1.7886006798575689,3.5283816,0.64092845
2015-09-18 09:00:00,22.841043746830735,28.283844,14.0416565,25.09807581605199,33.473885,16.032478,1.4627473070067776,2.9498625,0.07710214
2015-09-19 09:00:00,26.10386555442136,32.118317,15.549469,13.972788698251978,21.713005,6.6041536,0.8380299831644565,1.83063,0.19479416
2015-09-20 09:00:00,28.74597805782156,35.612457,17.221832,13.625130534978913,20.425589,6.9712534,0.528803351905934,1.1420492,0.160015
2015-09-21 09:00:00,31.839094739676113,39.91104,18.477448,22.36310353962284,31.241129,13.351218,0.9509956413643162,1.9906077,0.17009307
2015-09-22 09:00:00,31.389089099761577,39.105377,17.48819,24.305706438664007,28.39896,16.672398,1.288223073872851,2.4374313,0.20629242
2015-09-23 09:00:00,28.56008393687216,36.806793,16.41568,17.573839302206846,28.530254,5.1083784,1.6100438088375082,3.5446005,0.45430726
2015-09-24 09:00:00,27.757312036437327,33.904694,16.828522,13.939061237057428,21.58845,8.7603245,1.0029760731872837,1.8892087,0.2868453
2015-09-25 09:00:00,29.65976239680589,36.501617,17.59732,17.201542774042395,25.792358,9.569702,0.9400145972999651,1.8745834,0.14494917
2015-09-26 09:00:00,30.361168316286978,38.230377,17.011627,27.05114363756366,35.282814,22.462769,1.750004415496693,3.5793514,0.2462426
2015-09-27 09:00:00,28.65321206782687,35.815094,16.127594,29.106296115237576,31.735409,23.905891,1.2267531505048312,2.3688655,0.28307205
2015-09-28 09:00:00,27.214280250878517,34.69229,14.573151,22.1348539652929,30.763384,11.807677,0.8059818845779285,1.895073,0.1312497
2015-09-29 09:00:00,25.956433819591666,33.267242,14.862946,17.803399946950513,29.031498,10.842849,1.2140072085406088,2.2475066,0.42962703
2015-09-30 09:00:00,23.379939732149296,29.730865,13.951569,24.547218998196826,31.993172,18.865479,1.6177237270746838,3.2020109,0.45914567
2015-10-01 09:00:00,21.74852402210729,26.82901,13.155182,29.922180764096073,40.949936,15.506567,1.6259838208710393,3.2066276,0.43758598
2015-10-02 09:00:00,20.407427982453953,27.329987,8.912506,42.583445308803086,58.0198,27.367456,1.6251717681496352,3.1911776,0.17351511
2015-10-03 09:00:00,22.632119955168264,28.761383,13.036774,34.13891531036871,55.45657,22.636742,0.5406362689058246,1.2459179,0.14434138
2015-10-04 09:00:00,23.680526827040865,32.29898,9.918121,29.916423209194317,39.63065,3.1409276,0.7223836150094727,2.050688,0.07842172
2015-10-05 09:00:00,17.867447897056877,25.101227,5.2621155,51.26847429134795,72.56911,39.107574,1.1562519296970082,2.3115313,0.17318885
2015-10-06 09:00:00,20.912333627485168,29.503082,7.846344,52.061239817466934,59.476746,45.332214,0.8412771963632678,2.0172539,0.26598173
2015-10-07 09:00:00,23.061681088402622,30.25064,11.5902405,38.900765127326764,45.37529,29.66435,0.8931704486182354,1.8818148,0.19014005
2015-10-08 09:00:00,25.340117474753242,31.193512,14.968903,28.82952081650835,39.306282,22.665659,0.6816189833420846,1.323402,0.10236673
2015-10-09 09:00:00,27.582521318295278,33.696198,18.117584,21.26733562189339,27.190567,14.11172,0.9944156524917898,2.0570502,0.16575448
2015-10-10 09:00:00,28.821126600295713,35.10904,18.763336,19.893172359038658,32.9323,9.885581,0.7537491015415291,1.8457384,0.016520275
2015-10-11 09:00:00,29.374656032377516,37.84317,15.259186,29.166952514850244,33.789795,22.61203,1.1296051692281397,2.5553362,0.12308059
2015-10-12 09:00:00,26.84919771253459,33.765533,15.845612,22.90810796694673,35.540558,16.114777,0.6408952381136889,1.4195272,0.16003904
2015-10-13 09:00:00,28.9365302480997,36.131744,17.092682,22.552931780983243,34.388073,14.197396,0.42989789187297117,1.0846918,0.07053888
2015-10-14 09:00:00,28.923367019762452,37.16031,16.375153,25.39442126839924,36.470592,16.841686,0.6307469322002223,1.5814556,0.03205236
2015-10-15 09:00:00,25.138879753993933,33.393463,11.309479,36.729081400981464,65.508804,22.426773,0.5924350488856337,1.2771041,0.059695076
2015-10-16 09:00:00,23.26860138359598,32.14688,9.691803,55.34552840400515,68.80665,40.45292,0.8394598452987511,1.7704312,0.14555945
2015-10-17 09:00:00,22.009381086396445,30.532623,8.235748,56.50865265492531,71.79991,41.64173,0.8659838594903969,1.8600296,0.020179473
2015-10-18 09:00:00,19.832391509441948,27.686432,6.858307,63.805604139459476,92.22959,29.109295,2.0780682057931332,4.1985097,0.20594148
2015-10-19 09:00:00,17.301056926666945,26.191315,4.260895,56.08975536648296,79.88476,39.794914,1.6887502665052652,3.1995425,0.5795704
2015-10-20 09:00:00,18.128436723184905,25.495758,6.3072815,47.4356124445677,59.072723,30.814484,1.6400079777637941,2.841391,0.4099927
2015-10-21 09:00:00,19.174827456021205,26.757233,5.87442,37.358113740930484,52.74861,28.44002,0.8191446536168322,2.507984,0.080240235
2015-10-22 09:00:00,20.49737458070905,28.520905,7.6771545,32.317064154260976,40.461994,16.776833,0.40130159583759323,0.8368493,0.1000585
2015-10-23 09:00:00,21.179261262388593,29.021881,9.076569,25.84208160578303,32.80136,17.188978,0.6612446287086925,1.2875866,0.2158858
2015-10-24 09:00:00,21.8310521646585,29.13028,10.119537,24.084542854518716,26.896936,21.533655,0.4952218789620635,0.9831747,0.11528366
2015-10-25 09:00:00,21.871336520447414,29.389313,9.883453,20.902829965868154,27.729578,15.488679,0.7475579114709492,1.8244395,0.0913048
2015-10-26 09:00:00,21.383860540592593,28.606598,9.595123,14.254435329486293,18.129414,8.254415,0.8934633731253263,1.9040359,0.21669582
2015-10-27 09:00:00,22.21617580925306,29.265533,9.927643,11.241565345040975,16.081486,6.647893,0.7069779522117212,2.0589278,0.15305656
2015-10-28 09:00:00,19.093294571023193,25.787506,7.256256,18.441235427833828,29.379335,12.074648,1.291250669844203,2.4188497,0.36473995
2015-10-29 09:00:00,15.502014258799193,23.548248,2.261139,45.849402159190404,69.22355,28.965733,2.342886304299488,4.661876,0.11420663
2015-10-30 09:00:00,17.362812789658676,24.18863,3.099762,13.641613375989449,20.902187,7.892462,1.7860309489932074,2.9917593,0.49790773
2015-10-31 09:00:00,19.92879633436263,24.956451,8.531891,21.04037002351361,26.322275,11.919931,0.44825400158844375,1.1062956,0.12227072
2015-11-01 09:00:00,22.1408374669316,28.508942,10.630035,19.35186941680433,24.369286,13.901508,0.9109953994199239,2.7402542,0.056866426
2015-11-02 09:00:00,19.763581346710794,26.35025,7.8717346,31.218189331807427,46.811504,14.057239,2.3123867947483734,4.5483594,0.70829135
2015-11-03 09:00:00,8.742771798061312,15.556549,-2.882904,73.82070741045769,88.156845,59.702362,0.9625013098505824,1.7526965,0.12315076
2015-11-04 09:00:00,8.625859335787254,17.545807,-5.7139587,54.50683039693981,77.43461,33.930706,1.361982506900299,3.0014071,0.25170636
2015-11-05 09:00:00,9.760326783248672,18.39859,-3.596283,28.666611080395626,52.28683,14.458707,0.5471043723805629,1.0954399,0.27533174
2015-11-06 09:00:00,11.461610510449702,18.653717,-0.6800232,28.911814069329782,43.518764,17.33028,0.9638934707965084,1.9740888,0.06010571
2015-11-07 09:00:00,13.281892980549117,19.5253,2.4042053,22.462914468759223,38.10262,14.669026,0.556721567363484,1.3327664,0.05623915
2015-11-08 09:00:00,15.564930524845863,22.184967,4.74942,21.667699112591233,32.913826,13.999763,0.5029416673302546,1.8567176,0.03342293
2015-11-09 09:00:00,13.862097195268973,22.465729,-0.67489624,43.84308211637837,64.89343,27.95984,1.7356701555838385,2.9084203,0.96112126
2015-11-10 09:00:00,6.7709070483699065,15.257965,-6.384613,69.71705273708447,78.11823,54.406513,1.203745880790484,2.236906,0.21199748
2015-11-11 09:00:00,8.010971027032042,14.26236,-4.1216736,19.68865158864692,39.112633,7.5774775,1.0295939756160097,1.563674,0.1517232
2015-11-12 09:00:00,10.725137990283997,16.953766,-0.15634155,16.837650892179393,37.19361,2.2009315,1.0528622100454534,2.0366647,0.14366394
2015-11-13 09:00:00,12.103200891956874,17.845123,0.84902954,19.87294622059355,41.861313,12.322249,0.9487330634106443,1.616455,0.07790317
2015-11-14 09:00:00,13.416965845736513,19.512848,2.3971252,17.35272195261847,35.096054,9.238555,0.4549799217610343,1.0853829,0.05725516
2015-11-15 09:00:00,15.64211756365188,22.445953,1.2584534,19.674501282483305,44.281487,8.027324,1.6357471204174239,3.8896754,0.57328314
2015-11-16 09:00:00,6.258915487296974,16.321198,-6.797943,41.25645010002401,72.77381,16.019903,2.974475087475485,5.4709296,0.37499604
2015-11-17 09:00:00,9.345375624095425,14.963287,-0.5647888,27.072372998799008,51.151375,10.833325,1.7092806059138441,3.1649969,0.12595657
2015-11-18 09:00:00,10.774989666960437,15.517975,2.4710999,25.92586636155761,38.93672,16.054573,0.7846861113830893,1.3589808,0.14474006
2015-11-19 09:00:00,12.528781294988619,17.452301,2.6434631,24.999684663215163,46.34384,12.820821,0.7635349723857866,1.5141056,0.07667013
2015-11-20 09:00:00,14.013538837938029,19.287994,3.0001526,30.556943129651074,51.442673,17.734905,0.8582836753872295,1.4348973,0.098787256
2015-11-21 09:00:00,14.67732625302574,20.849548,3.0604858,30.21114047556566,53.605648,16.063126,0.7226753808925402,1.2547523,0.040838405
2015-11-22 09:00:00,16.273834953488972,22.61026,3.9911194,28.50453411614084,44.52504,19.00511,0.5155898581721722,1.0981711,0.05405737
2015-11-23 09:00:00,17.099422572928802,23.796295,4.4271545,24.060019529924844,41.725964,15.163463,0.8851642080028266,1.8120164,0.18197007
2015-11-24 09:00:00,15.14038486986965,25.497467,0.49942017,32.31748624882989,55.634296,16.50008,1.4614899809190602,3.1349952,0.3539071
2015-11-25 09:00:00,8.887713233204806,18.665741,-4.5412903,55.95238571772913,86.17841,28.772598,1.5701455802831525,3.0577884,0.41433156
2015-11-26 09:00:00,4.41436508227747,13.488953,-10.0755005,58.7407087571395,77.31773,43.4193,1.11037033183664,1.9527354,0.08129116
2015-11-27 09:00:00,4.27754928744838,12.993561,-11.104095,49.60053152339273,73.30472,34.675808,1.4717996289259876,2.3744829,0.7486155
2015-11-28 09:00:00,4.811024820931095,14.001862,-10.734467,49.55786343797021,72.0574,40.740993,1.0463210180391234,1.8384581,0.5825225
2015-11-29 09:00:00,6.194368738334788,15.090759,-8.7276,35.56004530447909,54.26113,25.983788,0.5573833864792956,1.1973895,0.091034725
2015-11-30 09:00:00,7.3993532066226635,15.442688,-5.9069214,20.05459988320073,46.0764,4.2443676,0.6419319427191285,1.6714137,0.1370708
2015-12-01 09:00:00,8.066055905353153,15.603302,-4.8556824,27.575973199410722,55.784843,10.539639,0.7695392618628357,1.5110648,0.19088292
2015-12-02 09:00:00,9.975886833733796,15.542084,-1.4485779,28.795294762914452,53.260735,14.004316,0.5905941014092168,1.3772453,0.12205844
2015-12-03 09:00:00,11.085123731419685,16.810455,0.46279907,30.516306994637954,64.27597,8.588983,1.1139719239198795,2.272327,0.5195441
2015-12-04 09:00:00,11.65468977929936,20.7294,-2.26474,41.2694893479039,53.704514,16.251457,1.657785769661549,2.694292,0.2007647
2015-12-05 09:00:00,9.979882106413697,17.571686,-4.0611267,18.4317711944204,37.030014,5.9597006,0.8980658844595021,1.5310721,0.35476354
2015-12-06 09:00:00,10.829718797365047,16.438873,-1.2564392,12.124946666985961,25.001217,5.6258354,1.0010821942134809,3.1653569,0.030962681
2015-12-07 09:00:00,12.619926213885833,18.69107,0.07388306,29.33018952372218,50.228485,16.590332,0.672524728684711,2.0071242,0.15357828
2015-12-08 09:00:00,12.898469801939143,17.848297,2.6471252,45.18472921037633,65.99505,33.62005,0.80741391499308,1.2729774,0.18352085
2015-12-09 09:00:00,12.196165076775571,16.242828,2.6647034,24.123555680905664,35.43228,13.418963,1.0561949951918321,2.3506448,0.04092537
2015-12-10 09:00:00,12.025801444196304,17.427399,0.40786743,25.465689724784053,38.77812,16.418743,1.4380225339545047,3.2152984,0.53371996
2015-12-11 09:00:00,8.368522029462724,15.863434,-3.32016,73.11686088109583,88.9081,61.202118,1.457222921726394,3.1637805,0.2858859
2015-12-12 09:00:00,5.995190772750618,14.694,-9.460297,48.60421006685374,63.00162,34.92623,1.3666770204238647,2.4165065,0.07360773
2015-12-13 09:00:00,8.153824053195422,15.437408,-4.646576,42.45442295121707,62.342926,25.905428,0.9828666898010336,2.3614914,0.08214518
2015-12-14 09:00:00,5.090815842570521,12.264069,-6.5035095,59.27343374854213,82.96656,41.399773,1.9498519116528312,3.9350257,0.14878677
2015-12-15 09:00:00,3.6320627610386396,12.736969,-11.013031,39.27569546085475,65.79406,21.816908,1.5807701923790725,3.2932744,0.08606374
2015-12-16 09:00:00,3.63978674526237,11.904938,-12.673187,30.2814061883112,46.005264,14.505265,0.8429452796273073,1.7297024,0.23601304
2015-12-17 09:00:00,5.758821011624775,11.845367,-6.783539,33.05594350195907,54.44481,19.304184,0.5597846979585323,1.642288,0.08336874
2015-12-18 09:00:00,8.038320300354599,13.791229,-1.8473206,29.592850703262197,45.323395,18.50351,0.7801931276918647,2.421132,0.14328821
2015-12-19 09:00:00,9.816229434948696,16.353241,-4.019806,34.33885468324455,55.383476,25.247255,1.0575688461111077,2.8637989,0.21645506
2015-12-20 09:00:00,5.054381834822664,12.202545,-6.7935486,48.779086528610435,82.25275,16.01056,1.0546419322208638,1.9903092,0.058402784
2015-12-21 09:00:00,6.92350425416322,12.996246,-3.0411072,59.84649742119798,87.9924,15.101778,1.4353348549997218,2.877404,0.28901744
2015-12-22 09:00:00,10.39379326582798,17.563385,-0.05770874,90.84719828787689,97.98619,80.95885,1.982355651129785,4.42891,0.7999258
2015-12-23 09:00:00,9.970206358369012,18.724274,-2.86557,65.79731407365819,83.82081,36.939915,2.4131767220006353,3.8931162,0.17358203
2015-12-24 09:00:00,6.691548962609318,14.587799,-7.3711853,49.69496290570123,74.53115,23.935455,1.4594547316169078,2.5191054,0.094965376
2015-12-25 09:00:00,3.0034541093257303,12.679993,-11.261414,62.463008006111295,83.56093,43.83437,1.3251369071133023,2.2573063,0.14836131
2015-12-26 09:00:00,1.8353769349103572,11.169525,-14.494537,23.387085555837967,52.47213,6.9327326,1.9935663988546988,3.0165493,0.6164999
2015-12-27 09:00:00,3.6602426986306114,11.052155,-12.475891,20.270952564473074,47.79713,5.9357405,0.7171754139614157,2.084045,0.1592512
2015-12-28 09:00:00,4.526808670544824,11.941437,-9.280121,32.852097527913706,61.41557,8.779736,1.1259267846322933,2.494557,0.024348535
2015-12-29 09:00:00,2.033246980676097,9.945923,-11.049774,60.93887154247006,84.247665,45.48985,1.1066462389349183,1.7554493,0.229578
2015-12-30 09:00:00,4.177218277529732,11.663971,-9.683685,36.25537942391669,61.77913,17.907452,0.7253793589058403,2.1200953,0.11481723
2015-12-31 09:00:00,5.241671692378759,12.739136,-8.065552,45.49978006075469,63.46476,34.899754,0.9801896798405435,1.602044,0.24542996
2016-01-01 09:00:00,4.665289747458246,12.729767,-10.492889,43.2093510380763,68.07326,23.21299,0.8039426267888973,1.8259317,0.07025518
2016-01-02 09:00:00,5.441341542725638,12.780426,-8.717377,28.787263329969637,54.243694,12.8101,0.8793084062142871,2.7952206,0.12651597
2016-01-03 09:00:00,7.426080254109081,14.56192,-5.631439,26.236389712484645,54.82281,8.994685,0.9316699086244049,2.057622,0.17058538
2016-01-04 09:00:00,8.295569333869878,17.005493,-6.578491,45.528816913814296,64.97302,28.601933,0.813453665308181,1.9918042,0.17289059
2016-01-05 09:00:00,7.586140284945884,15.20755,-4.3890076,76.8115554875847,97.21699,55.487972,1.8643750079187926,3.2174048,0.9080354
2016-01-06 09:00:00,6.251841211661542,13.842621,-5.233551,69.55269598375442,86.577545,50.65877,1.6484500144438838,2.5663683,0.70292485
2016-01-07 09:00:00,4.567515509764121,12.265533,-7.8555603,77.43955864790117,89.498566,62.372814,1.3860905742756744,2.5447717,0.58452314
2016-01-08 09:00:00,4.708323088067004,13.410553,-8.636322,67.64719285639647,84.31594,51.82374,1.0678644908255117,2.060786,0.0827302
2016-01-09 09:00:00,5.135607834854397,12.350159,-7.1090393,51.66227662890019,78.18916,27.677444,0.9050692628791417,1.4963288,0.39417353
2016-01-10 09:00:00,6.215810011514009,13.04184,-6.5812073,78.04366407443972,89.916,58.134747,0.6820605450115674,1.4439261,0.33717072
2016-01-11 09:00:00,6.9463319743932175,15.218903,-7.011566,42.356435276887716,56.88047,28.52363,0.7713431408031646,1.6059849,0.100232415
2016-01-12 09:00:00,9.225531183714622,16.409882,-4.142853,20.12084368509808,51.715843,6.2353764,0.5608019041622565,1.4004018,0.08956633
2016-01-13 09:00:00,9.979899172360376,16.575684,-5.8977966,15.287450706517186,36.330704,4.587826,1.6067873782291702,2.9586456,0.90870726
2016-01-14 09:00:00,9.017083808372263,18.325348,-7.3348083,30.07693316162542,46.818207,4.228363,1.241899809101561,2.3028746,0.34186235
2016-01-15 09:00:00,8.351111364892915,16.94339,-6.2028503,31.343984139331997,55.95488,8.415815,1.1221292250258663,2.6304028,0.33879784
2016-01-16 09:00:00,10.158967008601792,17.59195,-1.4791565,46.225405283948014,75.55069,17.279385,0.9350655218624796,2.0848155,0.044855308
2016-01-17 09:00:00,11.522713619509318,19.68863,-1.2781677,39.931150468673295,63.07289,26.549454,0.7748910338721405,1.6925688,0.18716049
2016-01-18 09:00:00,11.125212306887192,20.217285,-4.4721375,55.86812399379234,79.516815,29.801487,1.4750642064718076,2.8667228,0.8004717
2016-01-19 09:00:00,10.736893304130604,19.015228,-3.6019592,46.46583979351142,62.45499,27.698769,1.5582059218451456,2.6080542,0.66371757
2016-01-20 09:00:00,9.278844461384836,15.684174,-3.433014,32.209246851016545,55.851124,5.1753426,0.8985276154903054,2.2555342,0.062579066
2016-01-21 09:00:00,11.83076490812482,17.26767,1.8457947,28.265768499735053,52.75793,8.503126,0.6486068409516654,1.5292164,0.034540348
2016-01-22 09:00:00,11.148059206452501,17.439148,-2.623352,30.681698813223978,51.515907,18.80497,1.5394630196013286,2.6897876,0.6263958
2016-01-23 09:00:00,9.034770351373766,16.915924,-3.719818,63.38852462035214,91.24328,38.09094,1.256242340405397,2.5128543,0.33982113
2016-01-24 09:00:00,8.220014886318722,16.315765,-5.547516,59.81299097746179,85.38061,49.708736,1.7189402785658856,2.9367256,0.029781666
2016-01-25 09:00:00,7.845190266081545,15.225983,-5.65683,45.82978534627925,75.73927,27.527447,1.1394502122692973,2.0867074,0.10746142
2016-01-26 09:00:00,8.82253565036865,15.776184,-3.850769,35.85850790032023,54.295624,24.869844,0.9833673579302409,2.1502473,0.2508984
2016-01-27 09:00:00,12.072573453277244,17.719574,1.3660583,26.183676697867853,46.575916,11.855636,0.6247546793072445,1.6178029,0.044679686
2016-01-28 09:00:00,11.345345278061188,16.27713,1.275177,21.38608570469112,46.235245,4.7938375,0.5683195713994217,1.2976444,0.13666148
2016-01-29 09:00:00,11.1010093408417,16.483063,0.46035767,31.127482956739026,64.39172,10.098758,0.8686951686273788,2.3564742,0.18457536
2016-01-30 09:00:00,12.044990259797316,18.751495,-0.12350464,71.27790263418987,87.463875,59.932625,1.1109138163377217,3.7114549,0.37161595
2016-01-31 09:00:00,7.257035845363077,14.247467,-4.424408,76.8790408291212,94.26939,54.105328,1.8634515495938788,3.0722742,0.5319522
2016-02-01 09:00:00,4.428400819581384,12.129303,-6.5367126,41.17580651819952,72.944214,16.237185,3.2965968256237397,6.834156,0.19366407
2016-02-02 09:00:00,4.213851073526143,13.36734,-11.213287,27.780125501796622,53.89221,8.173037,0.6715572159637154,1.5482924,0.19736779
2016-02-03 09:00:00,4.807993015521106,11.589508,-8.188263,35.2024002199509,61.242798,18.835907,0.580280365428918,1.333567,0.035250865
2016-02-04 09:00:00,7.323149890004117,14.094879,-4.717621,37.76965261291408,63.12249,25.99302,0.7059879881766656,1.4890864,0.021900404
2016-02-05 09:00:00,9.419828629688482,15.748138,-2.103424,24.468696735083544,38.456215,10.651526,0.6902146785424599,1.4471921,0.12698886
2016-02-06 09:00:00,11.887883780781237,18.190063,0.020141602,23.799614828268428,48.510666,10.097906,0.7762788245024576,1.4899334,0.22626628
2016-02-07 09:00:00,13.44488663139208,19.306671,1.3978577,23.56669539558641,46.908253,8.38858,0.8683901025936505,1.627947,0.10648455
2016-02-08 09:00:00,14.790180827394522,21.472809,0.18374634,24.029168933491373,47.296383,12.33154,1.262738586041673,3.1238327,0.096720286
2016-02-09 09:00:00,16.389648812686573,23.144257,2.7256165,21.768574916975624,41.642883,10.31239,0.9361952625496176,2.275499,0.14962822
2016-02-10 09:00:00,18.445515974206444,24.697113,4.6033936,18.65677913796035,36.891983,8.942686,0.6504147086891388,1.5123996,0.19506685
2016-02-11 09:00:00,16.98564742485246,22.317719,5.983734,18.292548060155926,49.098263,6.6431923,0.6168303231925474,1.30485,0.18363199
2016-02-12 09:00:00,17.262603653931365,23.09079,2.9794617,15.021211256315457,34.750317,5.5980883,0.8339914851744276,1.9930629,0.2298733
2016-02-13 09:00:00,15.745612266108026,21.444977,4.1422424,16.84366704154891,26.883919,7.180794,1.2249964860160154,2.2326097,0.15558816
2016-02-14 09:00:00,15.737199912142671,21.56009,4.806183,16.08192133647667,37.15016,3.8539352,0.9760941549675596,1.9856979,0.06180974
2016-02-15 09:00:00,15.513415020171976,21.574097,2.562378,34.505336358549926,60.602306,18.8484,0.825490793585995,1.6766382,0.05440917
2016-02-16 09:00:00,18.29024189705973,24.887054,4.5296326,22.93953514222772,35.63858,12.628282,0.6302465995057045,0.96261126,0.18420976
2016-02-17 09:00:00,19.86878071425457,26.304413,5.8747253,23.84334603909931,39.94875,12.77506,1.7592514438584197,2.7594767,1.0211034
2016-02-18 09:00:00,11.001226935967907,20.425934,-3.2068787,57.83432350969277,93.810005,32.063915,2.8304032608276968,3.9024646,1.3143417
2016-02-19 09:00:00,10.809707447013523,18.982391,-3.501068,36.29034396772012,56.82482,11.582632,0.6537647415007853,2.6797993,0.05067247
2016-02-20 09:00:00,12.712915940868982,20.41275,-0.9825134,22.6865441268964,36.92386,13.052763,1.459086050401411,2.9619882,0.15970886
2016-02-21 09:00:00,12.183544596292734,18.80655,0.7362366,18.18701413986946,26.882698,3.0414534,1.032853000529046,1.9918134,0.1835544
2016-02-22 09:00:00,13.899083248488523,20.028778,3.0932312,20.280546107441488,36.75351,4.9253893,1.4600563277023104,2.667327,0.27799955
2016-02-23 09:00:00,14.909956893759954,21.783234,3.1250305,15.959194608226076,42.713024,1.26443,0.8397089563801378,1.3499249,0.06920224
2016-02-24 09:00:00,15.51457186112907,23.005035,2.983551,21.04739463887773,35.754704,7.163084,0.45309085239178876,1.7745273,0.03894057
2016-02-25 09:00:00,17.57778365898173,26.009674,4.580475,19.516846016098828,31.826725,7.5501366,0.6037189485772232,1.3363863,0.060483787
2016-02-26 09:00:00,18.364024109564525,25.71164,6.1354675,20.4100669946558,34.811913,5.2776136,0.5719675366742295,1.2614235,0.10615472
2016-02-27 09:00:00,17.908036695258602,26.934174,3.3365173,24.911262743273504,34.506668,17.383123,1.2450313017480577,2.5925276,0.07984702
2016-02-28 09:00:00,15.828587008519321,23.382477,3.13443,21.598792184239336,40.781162,8.611239,1.1842359646144764,2.387712,0.11612285
2016-02-29 09:00:00,15.331351923075033,22.186066,3.7817688,18.155554287089075,28.030565,7.132128,1.1910059324617175,2.3176892,0.15809451
2016-03-01 09:00:00,17.18009991979244,24.551422,5.098297,23.213026926810564,36.41248,14.076542,0.5052354706466596,1.6021835,0.02667367
2016-03-02 09:00:00,19.360042701993734,28.084686,4.17453,19.43822027417885,34.684113,7.29868,0.839532890566908,2.1818624,0.05808564
2016-03-03 09:00:00,18.555346086933355,26.711823,5.1219788,18.88408788541126,35.64694,4.5884438,0.735218851389344,2.1476352,0.19674787
2016-03-04 09:00:00,15.865256389051694,24.200531,2.8059998,43.38269943426701,63.44751,11.581231,0.7283032925913904,1.4986377,0.11328624
2016-03-05 09:00:00,15.51826292850393,25.527618,2.146759,63.134807800251494,78.34664,49.06488,1.4731177613386783,2.521488,0.35537797
2016-03-06 09:00:00,11.618774252959497,19.086334,0.98672485,69.014049149509,83.62395,51.43254,2.2073739070601466,3.5745084,1.1868845
2016-03-07 09:00:00,9.518695547747598,19.010162,-5.241791,63.838243500265364,73.05161,52.28208,1.7732626192317857,2.733398,0.6727149
2016-03-08 09:00:00,7.6545439840207905,13.968414,-3.238617,45.57211651488808,55.932846,30.960192,1.1679135487130692,2.317225,0.16405281
2016-03-09 09:00:00,11.621401004694007,18.42569,1.7132874,48.3093529157213,63.789604,18.520063,0.7175255217388413,1.7665468,0.0778312
2016-03-10 09:00:00,14.648941766440657,21.827057,3.5936584,34.82424587349424,46.268204,26.827019,0.8818932775586238,2.6858015,0.13790555
2016-03-11 09:00:00,18.085554349937638,27.725739,2.7276917,25.87489107685896,53.33384,4.6682878,1.961292360254601,2.88258,1.2091826
2016-03-12 09:00:00,8.389655502750259,15.377594,-2.251068,63.63969096796104,83.703865,46.29371,1.2317300756420646,2.6468678,0.1286455
2016-03-13 09:00:00,10.493555278959718,18.346344,-1.7906189,69.99577488504752,85.276436,50.92841,1.4136246921277984,3.3227582,0.2921062
2016-03-14 09:00:00,10.94014504081747,16.808014,-0.14657593,59.75642360443038,87.21095,32.2183,1.0150568093988375,3.4322782,0.18302602
2016-03-15 09:00:00,12.241168723755095,19.254791,0.65908813,18.547380871815133,34.99645,4.5592995,1.910411928865188,3.6227157,0.29894742
2016-03-16 09:00:00,14.410711243210585,20.98233,2.6859436,23.243112249102683,42.153946,14.93665,1.1981997813493424,2.4726908,0.15236655
2016-03-17 09:00:00,16.568118033052997,23.546051,5.325348,20.59432213122296,28.474102,12.105985,0.656462840364119,1.3655813,0.015530935
2016-03-18 09:00:00,18.546630034475925,27.275055,4.7984924,25.341286106115263,36.93493,14.7654705,0.46882647825684703,0.9695981,0.062155604
2016-03-19 09:00:00,18.382331613814415,26.406158,5.5487366,29.422064014540226,63.571846,10.310126,0.9166770417656105,2.0260255,0.042736884
2016-03-20 09:00:00,18.429603199267774,27.285797,6.0436096,39.96848974232457,60.241425,8.854708,0.9152624193461324,2.1208293,0.14980562
2016-03-21 09:00:00,17.303269107297524,27.724762,3.02359,47.072075647330266,70.20207,24.886265,1.450144788446727,3.3783352,0.31094489
2016-03-22 09:00:00,12.509768665676404,22.665192,-0.16098022,54.51471383345499,71.29927,38.085392,2.495432865913082,3.6896684,0.95337856
2016-03-23 09:00:00,11.660216000088496,19.697906,-2.0467224,23.565152994292966,49.90043,12.052773,2.151909479639296,3.756094,0.43770218
2016-03-24 09:00:00,13.805190967210365,20.90915,3.6474304,24.3004161288117,44.46363,3.9296722,1.2074710648340414,2.20858,0.26490813
2016-03-25 09:00:00,16.77865069489627,24.63321,5.0433655,29.799987791716752,64.82651,7.9800377,1.4358651634940482,2.7902606,0.40230626
2016-03-26 09:00:00,16.757915993688925,24.30655,4.257721,34.07227964849109,72.07062,10.61515,1.4556889294959612,3.0150561,0.025332695
2016-03-27 09:00:00,17.398194826552697,25.819244,4.9481506,37.49746584306994,62.876446,6.464285,1.1870351929484029,2.0467227,0.087501355
2016-03-28 09:00:00,17.289617147157003,27.363434,2.757965,39.24415981043353,73.17969,-1.1361961,2.9625682666987023,4.406087,0.9444494
2016-03-29 09:00:00,7.323427056517971,16.652008,-6.849945,50.192060813046034,63.57514,41.502487,1.8475075957900493,2.5069945,0.8381008
2016-03-30 09:00:00,10.25093866133983,20.497955,-4.613373,44.580643385930095,60.95401,31.11036,0.9119333545335138,1.7131758,0.18141653
2016-03-31 09:00:00,13.815387156346162,23.03946,-0.35702515,48.32538156187092,65.36381,31.44656,0.8884622842167818,1.9644012,0.109685145
2016-04-01 09:00:00,16.483549117174846,25.260895,2.1925354,46.37922174207274,60.8609,28.559013,1.162540821674995,2.0483975,0.112617955
2016-04-02 09:00:00,18.48778604887775,27.214508,5.2711487,39.65753598447268,56.83043,26.446144,0.7818289729117929,1.7985694,0.20680608
2016-04-03 09:00:00,21.0304939244254,30.85318,5.8023987,41.16116285896627,59.68428,24.261038,0.7738920983506213,1.66803,0.120697156
2016-04-04 09:00:00,20.94972633472969,31.05185,6.2276306,36.207154125214,46.303493,13.365993,1.5256614340315646,3.7534337,0.14160123
2016-04-05 09:00:00,20.415638380976247,29.411774,5.8434143,14.204472843405192,28.508556,0.6431638,1.5899334575974762,3.406944,0.2631776
2016-04-06 09:00:00,22.134992957518648,30.624176,6.796051,12.953545700670206,27.043472,2.917221,1.161096517925112,2.0413911,0.52336985
2016-04-07 09:00:00,24.582679062267914,34.954254,6.874176,22.349391423933596,37.290817,13.818159,0.8398968686193812,1.702276,0.119461566
2016-04-08 09:00:00,20.319738631274106,30.990387,5.677887,45.66300020184272,62.45366,32.760235,1.1986404899957612,2.7129743,0.070118666
2016-04-09 09:00:00,15.817620959598514,25.427643,3.7635803,73.80100952746702,86.64348,52.498943,0.8056555151497469,1.5941429,0.19986588
2016-04-10 09:00:00,12.439664654475678,20.752594,0.70181274,67.47928189735401,84.169624,48.24139,1.1135336061185468,2.2189593,0.19295537
2016-04-11 09:00:00,13.865426420469362,22.03897,2.6070862,77.96288550127827,89.77177,52.604828,1.058435801371669,2.2933226,0.2127136
2016-04-12 09:00:00,16.883662818553717,25.802399,4.0961,66.97085527333681,81.73163,48.985863,0.9624936244666892,2.390633,0.22776906
2016-04-13 09:00:00,17.06305892184355,25.268951,5.3939514,49.742887488525625,73.73135,19.826183,1.8576787145849958,3.7955234,0.16494088
2016-04-14 09:00:00,16.262922838046222,24.96695,3.3478088,34.43221366885217,63.466785,15.595598,2.3137894240999564,4.025702,0.5005955
2016-04-15 09:00:00,14.408779455322929,22.903717,0.9017639,33.121290688972095,53.208,13.243157,3.206893960656374,6.0147567,0.39227468
2016-04-16 09:00:00,16.286500361203764,23.57193,2.1661682,16.47337364828285,30.048462,6.7164316,2.3750316013372097,3.6952548,0.92132187
2016-04-17 09:00:00,20.358681446248,28.943024,6.25943,14.846116806703703,27.107166,4.2058983,0.7032993981707607,1.9186999,0.095864065
2016-04-18 09:00:00,24.237836180688134,35.190582,7.3019104,22.176277477229238,33.504883,15.294396,0.4646074245755687,1.1928748,0.09150151
2016-04-19 09:00:00,24.815459623330298,35.418365,8.170319,25.087452184288743,36.40925,15.401062,0.6352349497665614,1.6417058,0.05202356
2016-04-20 09:00:00,23.55396002823187,34.068756,6.8109436,19.756395026531184,30.61273,9.119603,0.9392023614381695,1.9180161,0.1453072
2016-04-21 09:00:00,22.9245106704023,33.28311,6.371002,20.11704340266783,32.81806,9.935505,1.2159745855121595,2.4263248,0.45308128
2016-04-22 09:00:00,22.109252826317288,32.421295,5.6439514,31.754659396275052,47.526066,17.579048,2.073783231935587,3.6162753,0.41485003
2016-04-23 09:00:00,12.85586532008756,21.693024,1.0665588,52.85440012646784,70.81415,33.791664,2.139286894094323,3.4920003,0.4804181
2016-04-24 09:00:00,16.082872697307778,24.274078,2.8365784,44.56256095793255,60.63969,27.478777,1.8863874474388673,3.909205,0.0371996
2016-04-25 09:00:00,14.416486868519655,24.127838,-0.29989624,61.51947235696364,86.74207,17.145195,3.134645952069857,4.9381933,1.1219214
2016-04-26 09:00:00,12.486931994596546,20.299225,0.13809204,38.012344682552765,57.482834,29.814865,1.6985926672389091,3.0133057,0.4764072
2016-04-27 09:00:00,16.166189119272474,25.149323,1.9442444,44.47526783710145,62.55526,23.382395,2.0798514934146195,3.454416,0.7426023
2016-04-28 09:00:00,12.310423195412795,19.965973,-0.3982849,61.64420639504365,74.35678,40.15863,2.1425403677732255,3.36111,0.3268964
2016-04-29 09:00:00,16.0167707887897,24.694,2.3131409,48.08132265781862,66.27212,36.877586,0.90871016035816,2.1438398,0.1863313
2016-04-30 09:00:00,17.667115617514582,28.722809,1.3263245,43.291513388871415,64.87268,20.694355,2.0615627689759157,4.145953,0.18632415
2016-05-01 09:00:00,18.402606629911418,28.087555,1.575592,36.11385933360109,57.010822,24.568352,0.6187489061216108,1.9433227,0.027843107
2016-05-02 09:00:00,20.3142983967615,31.262604,2.170807,37.27216573200287,54.00897,23.1535,0.6447029425863777,1.5511957,0.020523794
2016-05-03 09:00:00,21.875952038018283,32.473053,4.725006,32.89037163144318,45.25317,25.091557,0.5618126201932668,1.1052167,0.08175588
2016-05-04 09:00:00,22.454532867265982,32.606598,5.747223,36.45231797760941,44.097485,29.558422,0.9503158651044955,2.4415488,0.1267372
2016-05-05 09:00:00,19.674640546412036,29.93863,4.251129,50.63217649606952,62.158813,27.227993,1.690708888090789,3.8173656,0.4712728
2016-05-06 09:00:00,13.872882467237105,24.448395,0.99697876,62.4812958326824,89.916275,35.11512,0.7172910981568776,1.4604743,0.20595685
2016-05-07 09:00:00,13.495165705274928,21.367096,1.0135803,68.4197007081211,91.819725,34.347065,0.6240845024362162,1.262279,0.16938299
2016-05-08 09:00:00,15.692633583904296,24.489166,2.669342,68.4446750676346,81.782166,53.94232,1.1856952967664014,2.4451623,0.33898348
2016-05-09 09:00:00,18.703802895088756,26.329498,7.5902405,67.91586074263012,83.022545,42.67805,0.9170615204314764,1.7069776,0.13503075
2016-05-10 09:00:00,21.790350230185368,30.949615,7.0257874,46.26939020399148,63.272003,27.73529,1.2851723808993067,3.0199258,0.046579894
2016-05-11 09:00:00,23.167451223684395,32.07779,8.487946,40.83917623931888,54.096306,27.36198,1.1445933541886515,2.5847452,0.1346327
2016-05-12 09:00:00,25.61217846714561,35.00479,9.334869,34.76449049445431,43.105408,27.996033,0.9118056415895188,2.3536603,0.11045373
2016-05-13 09:00:00,27.44193667720282,37.50357,10.136383,33.31509694398492,42.13549,23.513018,1.1199346547660003,2.8030076,0.092930086
2016-05-14 09:00:00,25.94768089504504,36.515778,9.300934,32.95619941638625,48.04942,17.678324,2.1810005231812246,4.646404,0.2726508
2016-05-15 09:00:00,21.342114256028196,29.989899,6.868805,43.294852374142174,61.61477,26.651798,2.4598366454666754,4.7045016,0.3616693
2016-05-16 09:00:00,20.75014450043352,29.307526,5.89151,44.946413998831886,58.88766,32.18775,1.9332713032540632,3.7752478,0.16567935
2016-05-17 09:00:00,20.899450773554804,30.554352,4.2989807,42.646635674668524,58.47949,31.718822,1.9150109616547297,3.0202558,0.48248842
2016-05-18 09:00:00,24.535045109275586,34.26407,8.426178,31.993070139234653,39.592133,24.021818,0.9419919576773306,1.7853146,0.47690237
2016-05-19 09:00:00,26.34040418104064,36.24771,9.360992,31.375286746565468,45.491726,18.429226,1.3834158797513958,2.9557,0.15226634
2016-05-20 09:00:00,23.047573571050975,34.2045,6.8353577,27.12016704852783,59.84887,3.8464766,3.2419076198766095,5.3799686,1.9280884
2016-05-21 09:00:00,14.305528283256763,25.411774,-1.988617,43.272378339180776,57.065224,26.663643,2.440422921559299,3.580391,1.1918676
2016-05-22 09:00:00,15.495786121548235,24.588287,1.7142639,44.74700291143165,64.716644,28.234474,1.690496130279539,3.4421935,0.3019314
2016-05-23 09:00:00,18.276979910875355,26.944244,3.2567444,45.903184196524606,58.28112,32.995964,1.9465698388492771,3.8873951,0.64050835
2016-05-24 09:00:00,17.230296982403388,28.018219,1.2565002,52.46393150665267,58.98587,42.603058,1.887658448144562,3.5503542,0.39476284
2016-05-25 09:00:00,16.86201541471604,26.383942,3.6573792,55.653452255037344,69.33174,40.941116,1.6779527358096753,3.6149943,0.17751352
2016-05-26 09:00:00,18.703966547136872,27.883698,4.9059143,56.213136654653795,73.22314,45.432827,1.5642267485354124,3.110004,0.25324652
2016-05-27 09:00:00,21.37741565152396,30.02237,6.834381,48.353265891694,63.637417,38.094955,1.2600455553502836,2.8217,0.067774445
2016-05-28 09:00:00,23.760875769162226,33.28409,6.6669006,38.21138968074455,50.86489,28.45083,1.2331100794912437,2.8422656,0.12913449
2016-05-29 09:00:00,24.87982686792867,35.56607,7.940338,29.47359813513912,49.032166,20.675732,1.450302717350661,2.7976491,0.1529694
2016-05-30 09:00:00,26.08782359894002,36.78482,9.1527405,26.87461906645773,39.807983,18.909546,1.4429617627847733,3.3649907,0.12802821
2016-05-31 09:00:00,28.212092316662904,37.2565,13.69986,21.637174979955766,29.028038,14.050437,1.3812723193383927,3.0115025,0.15235008
2016-06-01 09:00:00,30.064603131557874,39.15811,15.645416,23.066430701823798,36.241756,13.475573,1.0857738520884952,2.4553165,0.14865291
2016-06-02 09:00:00,31.18664877169965,41.073883,16.15982,17.457798786318936,29.281128,8.25237,1.3558008135998263,2.7324953,0.06188629
2016-06-03 09:00:00,30.815981779303797,39.832672,17.177399,14.35214663271345,28.870014,4.515977,1.079432472059349,2.6954353,0.08886182
2016-06-04 09:00:00,32.51107784780652,41.361725,18.66446,17.260326645027288,28.789028,10.030196,0.6543437022354786,1.3288852,0.12575753
2016-06-05 09:00:00,31.759609295515702,41.223785,17.981598,17.806030914604786,23.130749,12.323463,1.21842286234398,2.412935,0.041849382
2016-06-06 09:00:00,30.93996087521009,40.43399,16.363922,21.313495234616024,31.355135,15.621933,1.713836414874786,3.4416063,0.2893159
2016-06-07 09:00:00,31.19298183451872,40.285065,17.705475,25.45625927727616,31.007105,20.675232,1.766867889213447,3.7335155,0.28721687
2016-06-08 09:00:00,31.36796847893254,39.801178,18.586578,19.200573676760275,30.771523,9.799999,2.0633459243472334,4.336404,0.49544317
2016-06-09 09:00:00,29.67932849078676,37.0878,17.45694,19.626781750252942,28.71056,5.370496,2.189489618399814,4.2348475,0.37514997
2016-06-10 09:00:00,27.465621003144918,35.08609,15.406403,30.170602669368,38.8202,16.706566,2.18461717296129,4.108155,0.46908805
2016-06-11 09:00:00,25.333997232531715,32.62491,13.304596,28.891989029643355,33.545063,18.729021,1.8886161625463724,3.5869455,0.39580926
2016-06-12 09:00:00,23.10077038232015,32.216705,8.591705,42.033360218837714,74.919914,31.335068,1.0942721536303393,3.6436932,0.09992947
2016-06-13 09:00:00,24.145840221736478,34.127594,9.8229065,43.1278654224006,50.243927,33.09549,0.9130646181317918,2.6576867,0.06403156
2016-06-14 09:00:00,25.60625493744294,35.533844,11.772858,18.84678567495724,36.140667,1.4512967,2.442831599261474,4.2390366,0.7479023
2016-06-15 09:00:00,22.624391272801972,31.23404,10.191071,31.083878662516852,42.507454,18.097298,2.594944481974584,4.2304316,0.8066723
2016-06-16 09:00:00,20.05580552381946,29.096588,8.924225,35.72616533537163,47.5783,22.351028,2.5164686030360435,4.2338643,0.9023231
2016-06-17 09:00:00,22.839438690698103,30.206696,10.957672,38.60674944922855,48.088383,28.37653,1.2769855512069201,2.9710138,0.4251559
2016-06-18 09:00:00,25.175664677884015,32.83023,12.7933655,34.166026676782614,50.923084,17.716099,1.772418408631122,3.3454728,0.49844885
2016-06-19 09:00:00,26.187898285308393,32.79312,16.077057,16.34266382761076,31.572544,9.697545,1.717860896832613,3.1682136,0.22379301
2016-06-20 09:00:00,30.488957327501225,37.36026,19.287994,17.575936044736054,25.962196,11.32286,1.9435191829746212,3.6959739,0.25519285
2016-06-21 09:00:00,31.68320287613261,38.89615,19.220367,18.502139682555857,29.854776,6.5401907,1.937579508460075,3.6769357,0.2609631
2016-06-22 09:00:00,32.27961832888451,40.46768,18.73648,14.924483437406208,23.752739,9.136794,1.9902164670071163,3.7991068,0.47270885
2016-06-23 09:00:00,31.460614087099316,39.654205,18.680084,8.683113353915731,14.647369,3.748932,2.3719560499904837,4.3299427,0.6128931
2016-06-24 09:00:00,30.738841926115015,38.445465,17.412262,12.693905743678346,16.885324,3.8696995,2.5536290133137243,4.705179,0.58839476
2016-06-25 09:00:00,28.75467372350539,35.236237,18.510895,11.263308078385421,21.534012,1.1480942,1.9067551927742015,3.7462554,0.35882628
2016-06-26 09:00:00,31.33254644982935,37.91031,20.384674,14.310498412169297,25.494358,5.6953516,1.6306169592547046,3.3213665,0.39992428
2016-06-27 09:00:00,32.92337089391907,39.914703,20.810211,12.383075060751882,19.092417,6.0201464,2.0368532983749215,4.1309047,0.13271366
2016-06-28 09:00:00,33.792417537146775,41.153717,21.340729,15.05463732602987,23.427048,10.251267,1.6848250612555309,3.52121,0.5455081
2016-06-29 09:00:00,33.11866622858577,41.568756,19.473297,19.02185759979832,41.44081,3.0349436,1.3005896040942002,3.0850117,0.12089262
2016-06-30 09:00:00,32.65874383563852,40.81949,19.197662,14.097185688531365,31.488283,1.2811518,1.7279536855195148,3.4802866,0.53146195
2016-07-01 09:00:00,32.092365802168445,39.626373,19.659576,21.575110881688115,33.06649,16.17196,1.252425999508057,2.3864024,0.45021608
2016-07-02 09:00:00,32.083324413968455,40.542145,19.411285,25.066199246117367,31.028997,22.109255,1.4446311481731777,3.4320257,0.39257
2016-07-03 09:00:00,31.395618807962933,40.13443,18.073883,25.20794389242906,32.088814,18.639296,1.5835830972137126,3.194121,0.39774445
2016-07-04 09:00:00,31.763095696266532,40.2836,18.475006,23.054749398232712,30.586924,16.145517,1.6220383096737963,3.5536194,0.576262
2016-07-05 09:00:00,31.087022395349948,39.2836,18.582428,18.85966174439562,27.585907,11.853985,1.8535031368585042,3.699677,0.7822738
2016-07-06 09:00:00,29.973116756625245,37.787018,17.833893,16.896645086895063,23.38044,9.333524,1.874427946898341,3.3333957,0.57775044
2016-07-07 09:00:00,29.17643881876154,37.115387,17.738922,22.0711543474009,24.97409,15.6717415,1.9390665299142082,3.6012137,0.7153732
2016-07-08 09:00:00,28.86330063449401,35.901276,17.750885,30.309042808544472,36.668262,20.393446,1.9955852673735535,3.9038813,0.77480966
2016-07-09 09:00:00,29.063970898815114,36.28824,17.227692,32.022730668569565,39.9059,21.233858,2.2558340240595345,4.253901,0.7158904
2016-07-10 09:00:00,27.95054735152263,35.36905,15.124908,21.66211650713272,38.221355,1.8733637,2.846324701897817,4.9129996,0.8585016
2016-07-11 09:00:00,25.950855452773965,31.893951,16.315826,12.701311927539308,24.64582,5.4725037,2.053682016499995,3.977758,0.6312173
2016-07-12 09:00:00,27.953465799875005,34.254303,17.343414,16.033008452210527,22.152271,8.767138,1.6296627474006387,2.9926167,0.6706222
2016-07-13 09:00:00,29.852674880016536,36.24478,19.916168,16.62001854071452,21.941479,12.224061,1.570794752438625,3.2707717,0.35467136
2016-07-14 09:00:00,32.05210145779262,38.31143,20.967682,17.896477756633658,22.876425,11.584986,1.2219012351329441,2.540771,0.53080535
2016-07-15 09:00:00,33.60473834005711,40.757965,22.02359,17.20142907781065,21.645552,12.870071,1.446448209716698,2.9214773,0.54615784
2016-07-16 09:00:00,32.84719919068954,40.267975,21.160553,21.237860701481694,30.746214,12.442205,1.5377686309816512,2.993914,0.38879982
2016-07-17 09:00:00,31.218761535484305,39.371002,19.033112,24.937410315685486,33.491806,9.558213,1.6780637124743099,3.03056,0.48788375
2016-07-18 09:00:00,30.470405937930593,38.581207,17.756989,16.799754427432845,25.737022,8.495644,1.888854202949273,3.559736,0.806623
2016-07-19 09:00:00,29.116910160956024,36.06485,18.082672,18.421486634314867,25.555668,9.070181,1.9129678870271563,3.7638586,0.47496954
2016-07-20 09:00:00,29.927973246946692,36.47696,19.112701,19.106233220265775,28.319866,9.069865,1.7851916787110003,3.6454456,0.37060902
2016-07-21 09:00:00,31.29220389335495,37.69815,20.362701,18.407362748191332,25.201574,10.822668,1.713169060762872,3.5910752,0.48769736
2016-07-22 09:00:00,31.647445375424297,38.12442,20.612701,12.782130786393582,16.729073,6.2407923,2.1198759817181028,4.094606,0.6475902
2016-07-23 09:00:00,32.24907252808089,38.098053,21.653229,6.0217500538131095,11.471177,2.2133646,2.0785025163264796,3.9312828,0.60759354
2016-07-24 09:00:00,33.19313679342878,39.10147,22.437408,7.300306861187234,13.704239,2.2660885,1.4384281790116134,2.6242075,0.22897893
2016-07-25 09:00:00,34.11344927193147,41.40396,22.169586,15.083429202854127,19.226524,10.513853,1.4259833246876095,2.6493068,0.41468346
2016-07-26 09:00:00,34.20308417211112,41.644196,22.237946,17.156127513758985,24.928661,11.607325,1.2053870400091562,2.2477362,0.40794265
2016-07-27 09:00:00,35.68965574483855,42.414948,23.705963,17.20572084770377,21.642673,11.056736,1.2303141052579798,2.6006324,0.42344868
2016-07-28 09:00:00,35.71270462320439,43.30191,23.212067,20.96600696091482,27.159298,14.960296,1.4366254696015879,3.2931714,0.39134845
2016-07-29 09:00:00,35.04961208416864,42.299225,22.400543,21.943808113478774,29.567127,18.041054,1.283340393733659,2.632924,0.108214535
2016-07-30 09:00:00,35.495847107100246,43.01065,22.553375,21.01057385248444,28.690529,14.044529,1.341678458395589,2.5442226,0.31489238
2016-07-31 09:00:00,34.22244344356494,42.97818,20.710602,24.44036707107407,31.390125,17.799225,1.6120125911762462,2.9973705,0.5725336
2016-08-01 09:00:00,33.10614370065019,40.919586,20.343414,26.758262178529435,33.471527,16.898792,1.662367055454801,3.4573655,0.8061147
2016-08-02 09:00:00,32.44636323250148,39.818756,20.237701,26.489062584907725,36.66536,16.657549,1.5173248718950707,3.2633278,0.5470652
2016-08-03 09:00:00,32.561077001343335,39.455475,21.084381,16.657852200368275,34.702755,6.5074434,1.6261026417766933,3.2700963,0.6786899
2016-08-04 09:00:00,32.636196284543246,40.06485,20.898834,12.116450168760668,33.54176,4.479582,1.7079905706970873,3.555199,0.40498677
2016-08-05 09:00:00,30.544774257010943,37.972076,18.549957,17.157214465428464,22.987211,9.955196,1.8324096016151301,3.8048487,0.3657738
2016-08-06 09:00:00,28.81796212763379,35.671783,17.367096,18.918774101030937,32.910587,7.8491106,1.645125554848595,3.283635,0.5354698
2016-08-07 09:00:00,29.95172701080469,36.676422,18.611969,17.59031825277857,29.9692,10.047276,2.100865130509229,4.0194864,0.6559088
2016-08-08 09:00:00,29.519371162594098,35.843414,18.530914,12.07338773875977,20.336681,5.648679,1.5498759678567855,2.9451392,0.56147283
2016-08-09 09:00:00,30.37055863935757,37.210358,18.183014,16.239728117517284,24.704895,9.397137,1.7191355977008909,3.216829,0.5138305
2016-08-10 09:00:00,29.326033096429967,36.724518,17.308502,18.320573394438657,26.934101,7.4106636,1.4493007650142073,2.8482583,0.39631015
2016-08-11 09:00:00,29.801929844590006,37.42984,18.305084,19.7837873923115,31.514175,10.829708,1.2511514228836778,2.6811948,0.34449756
2016-08-12 09:00:00,31.101861014627673,38.160553,19.719147,22.25929875916273,31.862606,10.977038,1.1946051008073595,2.998211,0.25342855
2016-08-13 09:00:00,31.966801725049095,38.984283,20.899567,19.087885961541378,28.802536,8.357224,1.308872477725288,2.930517,0.19090283
2016-08-14 09:00:00,33.65377807406401,40.504547,22.147125,19.30195510926752,22.311768,10.748193,1.3352134894507193,2.6595464,0.37950164
2016-08-15 09:00:00,33.72589275737846,41.450348,20.983551,17.236292074537126,23.259047,8.341844,1.4412632151666391,2.8516529,0.38911366
2016-08-16 09:00:00,32.27839006301525,39.36734,20.597809,21.573797983411623,30.168077,10.839952,1.135023849421887,2.5843282,0.28399768
2016-08-17 09:00:00,31.697998874374832,38.724518,20.178864,18.839188830583037,28.094233,8.949701,0.9783063968415551,2.3192647,0.31072515
2016-08-18 09:00:00,32.49267698011971,39.72574,20.858551,20.93629181095885,24.923498,10.183631,0.7849566503693045,1.8213142,0.1625444
2016-08-19 09:00:00,31.95283863402858,40.056305,18.398102,16.347873802933094,23.028915,8.032099,0.9611173793870647,2.133666,0.15375867
2016-08-20 09:00:00,31.643655829230852,39.42569,19.646393,21.98521157931334,29.32213,14.224474,1.1838158776924528,2.7611012,0.09196341
2016-08-21 09:00:00,31.021895864257942,38.13614,18.753326,26.425211752696413,31.797642,7.7195177,1.2600162205689862,3.1667557,0.102103144
2016-08-22 09:00:00,30.180722204701965,37.77896,16.97403,28.789278986881644,36.156517,14.878925,1.2583865760216313,3.4002395,0.14075723
2016-08-23 09:00:00,28.084578854855636,36.00479,15.38736,27.052464707109394,33.316956,21.051535,1.1991099351051486,2.6879423,0.4435723
2016-08-24 09:00:00,29.076174659841683,36.497955,16.498444,22.645844486854948,28.462902,17.040443,1.5771897361625002,3.176348,0.7126977
2016-08-25 09:00:00,29.534569379859306,36.46109,17.04898,17.08158149886618,26.386238,12.055616,1.4833656005571476,2.927202,0.5170813
2016-08-26 09:00:00,29.536547380695367,36.856842,16.944733,22.631552874730083,28.905571,17.857086,1.303826616985152,2.803133,0.15846694
2016-08-27 09:00:00,27.805291636156824,35.686188,15.813873,25.505270717241196,34.24346,17.432858,1.3511728965173706,3.1094363,0.16181605
2016-08-28 09:00:00,27.894391083913263,34.600983,16.979889,23.457081405100542,31.415653,17.292768,1.367946523537602,3.0076683,0.49877906
2016-08-29 09:00:00,29.331190869061572,35.800934,18.218414,16.548156432094384,24.434498,11.387622,1.4523775356134798,3.1495671,0.41184923
2016-08-30 09:00:00,30.46694552992841,37.147858,18.84317,17.746754645343614,23.336426,11.095159,1.7638019565072587,3.6270776,0.3929926
2016-08-31 09:00:00,29.93847421637173,36.554596,18.177643,20.021158626105965,26.116802,13.663676,2.063403603213691,3.9759696,0.1958206
2016-09-01 09:00:00,28.908443354830695,35.84195,16.802887,22.175115425994104,34.617893,10.7336035,2.1217211767025166,3.9802415,0.56224674
2016-09-02 09:00:00,28.437774826599536,34.934235,16.977203,25.41172400197853,37.73491,6.605691,1.7333054392657266,3.5482116,0.39086848
2016-09-03 09:00:00,28.3412220952805,35.356842,16.321686,25.26749713060541,34.937893,7.6307983,1.5655677980971594,2.9977424,0.4720391
2016-09-04 09:00:00,25.41954653015779,34.280426,12.77652,18.408581095419837,35.340076,4.5568094,2.240178093967005,3.4654393,0.84014803
2016-09-05 09:00:00,22.5185484925737,29.824615,12.768951,27.568334793968727,35.80129,14.910665,1.483598635495757,3.0349526,0.22083132
2016-09-06 09:00:00,24.729728113992167,30.89273,14.90152,21.81214884715144,30.357773,14.791367,1.294468997204722,2.6608632,0.07369421
2016-09-07 09:00:00,28.361549506017866,35.05655,17.021149,16.6901788616925,21.832376,10.054384,1.0020107455720548,2.0784864,0.3793985
2016-09-08 09:00:00,30.44393094619602,37.65909,18.506744,19.767732071358356,26.403566,15.709942,1.1562391320800551,2.2218614,0.28923687
2016-09-09 09:00:00,29.786704038764185,36.911285,18.93863,21.89156028102225,27.96344,16.177307,1.3042172302732562,3.2395492,0.026149793
2016-09-10 09:00:00,29.84771894618342,36.53238,19.538239,20.987640734546147,28.060913,14.932006,1.1705713994228937,2.6353073,0.27273047
2016-09-11 09:00:00,29.564694204235877,37.13614,17.200592,24.93931009703818,30.594883,15.273938,1.2145051295422582,2.554006,0.2624141
2016-09-12 09:00:00,27.65611814977882,35.767975,14.541412,25.14361721894659,35.06428,16.7635,1.7630025171106973,3.2305803,0.25095072
2016-09-13 09:00:00,24.23660581299896,33.06143,11.2118225,24.61263063693264,38.054783,5.837266,2.1003928951647963,3.4636977,1.154585
2016-09-14 09:00:00,19.48817746684159,25.98819,9.830719,31.447142735445727,45.733627,16.948471,0.7596662365680129,1.6090555,0.06673704
2016-09-15 09:00:00,23.184485219951227,29.887115,12.388336,23.29699052377843,35.573948,15.640263,1.11837325913375,2.2430072,0.13712949
2016-09-16 09:00:00,25.40225357562224,32.332916,13.916901,20.117663115197885,27.027788,13.440586,1.315611929654784,2.9643872,0.21517473
2016-09-17 09:00:00,26.938850514540036,34.03946,14.867584,14.898268553332157,18.522345,11.502786,1.157105588811682,2.4799793,0.054985233
2016-09-18 09:00:00,28.9203470147516,36.20108,17.191559,14.40772767953376,19.06775,10.868206,0.712525889310859,1.1848303,0.194084
2016-09-19 09:00:00,31.498356032915865,39.15396,18.777008,12.304718329401112,16.168587,9.51666,0.7433198814309827,2.2973285,0.15697408
2016-09-20 09:00:00,32.5704061260638,41.047028,18.593903,19.205024431553046,23.727446,14.836821,1.147562182760597,2.8713238,0.40503824
2016-09-21 09:00:00,28.47996388717479,37.06534,15.8211975,30.476070932718557,44.513645,21.165989,1.5473239528333236,3.0971227,0.5323677
2016-09-22 09:00:00,23.991984719905815,32.804108,10.831451,22.60462977367505,39.80767,4.0485163,3.0430932789634766,4.786999,1.427098
2016-09-23 09:00:00,17.827085970814153,24.656647,7.6297913,33.96831367207364,50.374146,13.421625,1.9892763922787329,3.2589536,0.56372607
2016-09-24 09:00:00,22.332672195977295,27.804352,14.079742,21.21113553282604,34.364166,10.582915,1.0763319364856336,1.917501,0.28309456
2016-09-25 09:00:00,25.982984193870323,30.876617,17.860992,12.606816488006345,15.265886,7.6304827,0.8478071687198727,2.7324243,0.074552044
2016-09-26 09:00:00,30.294653138728393,37.55948,18.518463,14.900257961079626,17.38321,10.922273,0.5652105083572168,2.0930712,0.013560434
2016-09-27 09:00:00,31.201594534075355,39.415436,18.798248,15.065104515938792,18.319073,12.955518,0.7398882378868998,1.4247347,0.073548675
2016-09-28 09:00:00,30.176588779070244,38.142487,17.579987,16.728947266251858,21.550152,14.182965,0.6640079345834043,1.2221228,0.23852551
2016-09-29 09:00:00,27.88549772193784,37.208405,14.177155,21.661522553996512,31.382704,16.183485,0.9353246586299451,2.3704324,0.17611076
2016-09-30 09:00:00,27.018608547898964,35.79019,13.018707,27.219428805473157,35.602043,21.295834,1.3698852637337853,2.854161,0.09592988
2016-10-01 09:00:00,24.971639567721695,33.233063,12.067047,29.92001117505264,36.108162,13.774117,2.4884742656387826,4.8446856,0.5515668
2016-10-02 09:00:00,20.368668319114136,26.390778,9.703278,27.297394304255338,42.008514,15.117889,2.35781659794684,4.1251645,0.4774777
2016-10-03 09:00:00,16.44893382772642,23.988678,4.5314026,33.49043482094425,50.38726,18.512262,2.718234670755821,4.0382004,1.0606565
2016-10-04 09:00:00,15.610077609354676,20.52359,7.778473,42.47241189265831,72.2902,19.089554,1.5406391738591616,2.429659,0.17405207
2016-10-05 09:00:00,17.938672100929807,23.941315,7.2655334,21.19585514927285,51.548084,5.9375,2.128810783898363,3.7522016,0.7118168
2016-10-06 09:00:00,18.089428377233503,24.419586,7.683258,20.228409531158686,34.688213,9.5271435,1.5510386360116015,2.922204,0.20321909
2016-10-07 09:00:00,20.68900855035082,26.87564,10.826813,17.32764420861274,22.649088,11.713138,0.9428513615369422,1.9468215,0.20073117
2016-10-08 09:00:00,23.29350027979723,30.112946,12.532867,13.32882821066667,21.497871,7.5811424,0.4134828893756891,1.0083477,0.048122168
2016-10-09 09:00:00,26.113187901682352,33.42984,13.74234,14.497428695148914,18.607681,10.377413,0.5590055536534216,1.445035,0.03698826
2016-10-10 09:00:00,26.233245493133495,33.98404,13.273102,16.970319393284612,23.975565,13.205103,1.0376906731889741,2.6141894,0.29375893
2016-10-11 09:00:00,23.462111998896546,31.819733,11.507477,17.912764410611473,31.191559,-0.17583847,1.6068682792046247,2.7921176,0.349753
2016-10-12 09:00:00,22.23169072508523,29.082184,11.525543,26.196734098892495,38.776466,18.113407,1.24728512863031,2.6682346,0.38253307
2016-10-13 09:00:00,22.017925731481796,28.036041,12.510162,17.048225513972284,26.583927,8.818018,0.8821050530785274,1.7044672,0.10600267
2016-10-14 09:00:00,22.01293515745374,27.981598,11.473785,24.23726612388896,37.145584,10.735781,1.2221816680816444,3.9175706,0.2607923
2016-10-15 09:00:00,21.06512267777009,29.408356,8.742828,48.19069158481587,69.068115,35.188667,1.5203180058384613,3.9859993,0.18899298
2016-10-16 09:00:00,18.760050274058585,27.305084,4.881256,70.84951330679773,92.56872,51.582626,3.3725460245655214,4.7190213,1.4956056
2016-10-17 09:00:00,17.241343163715612,25.179596,5.6197815,62.171340586987355,77.22024,44.15902,1.9492672116371441,4.8313313,0.42163113
2016-10-18 09:00:00,17.63685787445803,24.103424,5.636627,25.624855406540906,43.035583,4.3910513,2.432593449878663,4.5518336,0.13923132
2016-10-19 09:00:00,18.537321150605635,23.857819,10.307037,19.754914495436708,45.82689,2.7249956,1.8093933757138494,3.7430031,0.053500827
2016-10-20 09:00:00,20.90870648334044,26.541168,11.9652405,19.09411824295993,28.743736,7.2963495,1.1038249737462698,2.0793033,0.10374201
2016-10-21 09:00:00,23.208430623309482,29.034088,14.077057,16.847713244205934,23.607506,12.682895,1.0385812276720112,2.015891,0.07309527
2016-10-22 09:00:00,23.162103103607308,29.973785,11.819489,18.901086552737247,28.635082,10.892895,1.0420103351893188,2.4437463,0.109948404
2016-10-23 09:00:00,23.159726684477675,31.036774,10.159821,19.166740534065685,28.190722,13.155565,1.268438783760655,3.244734,0.2429439
2016-10-24 09:00:00,21.51690575654493,30.752594,7.766266,28.479288732482438,36.639782,20.690563,2.2974679049432063,3.970183,0.68780196
2016-10-25 09:00:00,18.230724968016716,25.044342,7.9393616,33.67177759285322,50.937557,18.046932,1.623390036731427,3.0763216,0.44458926
2016-10-26 09:00:00,21.161994394115027,28.41568,10.005768,28.261799546744502,33.108772,20.858774,0.7179221455059521,2.2277868,0.10511799
2016-10-27 09:00:00,23.705662401467748,31.534576,11.208405,33.76651391062852,41.452576,24.229918,0.9786798047548158,2.5645854,0.11536299
2016-10-28 09:00:00,18.028247433014997,25.94693,5.0211487,72.486406936487,97.852615,52.59613,0.9517139522680691,2.6125793,0.04725854
2016-10-29 09:00:00,16.785483311741473,23.93863,6.082428,55.78775488919372,71.08973,29.606104,1.3599183291017354,2.4754896,0.6690879
2016-10-30 09:00:00,19.243353476863035,26.289948,7.643463,44.64508843344891,60.247757,24.287601,1.7949531575936264,2.9249876,0.59569836
2016-10-31 09:00:00,13.77960200050586,20.667877,2.3121643,49.93232935456479,76.93192,28.658485,1.2469016951849738,2.6230745,0.22325891
2016-11-01 09:00:00,14.586952347860745,22.218414,1.3668518,64.92557193659871,82.287895,38.290176,1.1732347799700429,2.1941352,0.4842937
2016-11-02 09:00:00,14.804655986606917,20.86856,3.873932,30.27283031560789,39.249218,19.72578,1.2480176977381898,2.0022838,0.46070722
2016-11-03 09:00:00,17.192855002822967,22.879791,7.8211975,17.533808297516284,28.05582,5.314577,0.6882513550106341,1.3931612,0.052951686
2016-11-04 09:00:00,18.846120682707976,24.490387,9.050934,21.98528005632004,34.38303,11.802406,0.4593235788102994,0.90355223,0.15437506
2016-11-05 09:00:00,19.70732541767893,25.50235,9.412506,24.349348280465396,35.01333,17.482079,0.45301356175934854,1.0895665,0.00037473455
2016-11-06 09:00:00,19.402455988535053,25.820465,8.36734,29.310304405965006,42.15248,18.675465,1.1697670226011185,2.3043945,0.19877218
2016-11-07 09:00:00,17.41303024517896,22.42862,9.274811,41.2825021173805,55.241302,27.179697,0.546456383530666,1.0841361,0.114285424
2016-11-08 09:00:00,19.141231872230946,24.450592,10.450592,29.22490423530164,43.652565,21.3489,0.5216882088315689,1.2028824,0.18614322
2016-11-09 09:00:00,20.47208923625334,26.559235,11.35611,28.165593845018932,46.74877,20.813833,0.6894471494615791,1.6893876,0.05039068
2016-11-10 09:00:00,20.86570927365534,27.422028,10.675934,29.71674675135641,42.130028,23.765804,0.350040457046602,0.89068115,0.097513005
2016-11-11 09:00:00,20.91277452519853,28.608795,9.78067,30.54775392816529,47.45929,22.07257,0.46653443460549754,1.0828888,0.14313743
2016-11-12 09:00:00,21.392304942874944,29.434479,8.8055725,22.532353066271895,34.614372,15.802668,0.8365175325729498,1.9654391,0.100747965
2016-11-13 09:00:00,20.003823936148592,27.43399,8.101959,22.153286809852982,27.004051,19.293114,0.7154348244751934,1.7180171,0.06764185
2016-11-14 09:00:00,19.6276200898277,25.640778,10.462555,14.431763825534462,24.062466,5.070278,0.479140348687442,1.2530572,0.07787957
2016-11-15 09:00:00,20.025561972004425,25.31314,11.156891,13.943273824641889,23.151457,4.827238,0.9076083802261281,2.6336663,0.022892259
2016-11-16 09:00:00,17.6645127105229,23.708893,6.8280334,28.14649330994704,48.08807,12.818538,2.6678155266403265,4.58611,0.2868171
2016-11-17 09:00:00,10.146342356678986,17.672028,-2.0413513,31.037469404801787,64.966324,9.681164,1.732203378899879,3.295962,0.10574771
2016-11-18 09:00:00,12.560624505820897,17.650787,4.5035706,29.477762130266267,57.2319,11.561749,0.6637596759216647,1.9692848,0.03733616
2016-11-19 09:00:00,16.338459332843797,22.49405,6.763336,14.91720993977949,30.118187,4.7547035,1.921658291073374,3.4045641,0.63305384
2016-11-20 09:00:00,14.74383454936742,22.945465,3.1835022,27.227167583318245,75.816795,10.101328,1.5091629180017394,3.406041,0.19755983
2016-11-21 09:00:00,10.87834803456036,16.307037,0.6703186,61.772737590185514,83.55302,31.413322,1.3566224425834184,2.2367704,0.30654722
2016-11-22 09:00:00,10.717346790233933,17.971832,-1.7662048,37.51718494443724,58.193153,15.282999,0.9229028703620501,1.6896645,0.042961426
2016-11-23 09:00:00,11.451708504889098,17.729156,-0.91537476,44.4039423359518,66.621025,23.305601,1.0370911094975064,2.8132067,0.052157193
2016-11-24 09:00:00,9.83153190891585,16.786285,-3.4031677,16.422498997202663,27.992498,7.8145685,1.3540507634627181,2.6462517,0.32300106
2016-11-25 09:00:00,11.683805909414104,17.962555,-1.7730408,7.80216754622406,13.760662,-0.024494171,0.9764483011166155,3.0707343,0.007901434
2016-11-26 09:00:00,11.118095101210827,17.880524,-2.113617,6.728034580705124,13.057673,1.3115797,1.6841043934870978,3.058904,0.5431961
2016-11-27 09:00:00,5.891869494501009,14.057526,-6.4795837,74.90540821514357,96.01287,58.815834,1.391093170470287,3.0350869,0.13939825
2016-11-28 09:00:00,8.255016196566544,15.249908,-2.2364197,47.57463122489478,79.7464,23.750305,0.8716125376632565,2.3773768,0.04379913
2016-11-29 09:00:00,7.107432067678985,13.265045,-3.7583923,38.728430151551734,78.57136,17.770573,1.4505283301192269,2.3392239,0.13663019
2016-11-30 09:00:00,8.614332611819293,14.765778,-2.4412537,32.7420614786074,49.518295,16.026804,0.8740279316179267,1.4883801,0.16999947
2016-12-01 09:00:00,8.898105496587846,15.691559,-2.7478943,52.67833371529396,69.7789,37.88046,1.142308382314485,2.443268,0.084745005
2016-12-02 09:00:00,6.574424650646449,14.596588,-6.997162,41.29916202550194,73.17476,17.724483,1.829548499755992,3.0154955,0.5864179
2016-12-03 09:00:00,8.312961294818194,14.277985,-2.2415466,28.244075543110938,51.616,13.46529,1.113270470393167,2.9597723,0.30567378
2016-12-04 09:00:00,10.386224612473939,14.470367,0.5289612,27.53466902126378,39.7365,19.924,0.6868631183277154,1.4179572,0.11992941
2016-12-05 09:00:00,10.782375532736125,15.940338,0.9286194,27.044242018390314,42.34971,16.43174,1.3246198129154525,2.692736,0.2776793
2016-12-06 09:00:00,7.912357688906525,13.997192,-2.63562,23.021487604431854,45.470512,7.5972557,1.2624002974639892,2.5889525,0.17616147
2016-12-07 09:00:00,5.676426014689582,12.729431,-8.496704,28.181076842413884,54.672802,3.3017092,1.2454622339786312,2.4298916,0.115036026
2016-12-08 09:00:00,7.579286423904136,12.220612,-0.6010437,45.97288094882364,77.08268,15.672522,1.2830783542841901,2.7284703,0.20465499
2016-12-09 09:00:00,11.182124836687024,16.961151,1.927948,71.38360770998729,90.10467,48.042313,1.3160745491603127,2.574113,0.14198872
2016-12-10 09:00:00,13.38395234300549,20.595062,2.176056,64.67246727343934,88.031204,36.76894,1.0722301787091888,3.1666002,0.09080979
2016-12-11 09:00:00,12.976521246408822,20.699646,0.64105225,44.09543773302424,67.75612,11.447523,1.1190377897415396,2.6436632,0.0894643
2016-12-12 09:00:00,10.428335191896792,17.762543,-1.4046326,25.876690154502093,61.761765,-4.132004,1.2783103916673084,2.5418117,0.06043111
2016-12-13 09:00:00,9.321433315370655,15.347015,-0.6234741,36.09212511156976,70.3464,8.327275,0.7150981272748488,1.7866373,0.19078882
2016-12-14 09:00:00,12.446172243592741,18.862213,1.6967468,36.98043929841243,54.748302,22.451427,1.076645647084511,2.8458607,0.18691517
2016-12-15 09:00:00,13.827396515903956,21.542389,2.1093445,38.29218280078807,60.92165,14.687274,1.6616699976439848,3.2832496,0.8535013
2016-12-16 09:00:00,10.049732155390416,14.902069,0.84542847,62.36329353266581,89.79859,31.009527,1.9335421541719489,3.8623612,0.8024969
2016-12-17 09:00:00,4.103790405086272,13.023132,-9.467102,34.51456304968285,62.71217,18.45045,1.7305851321508752,3.273592,0.08528358
2016-12-18 09:00:00,4.532756983021727,11.376404,-7.2368774,25.438328094992226,48.802147,4.052228,1.2145259414382232,2.2756763,0.10995268
2016-12-19 09:00:00,4.9032469138218175,11.516815,-9.537079,22.539912062099717,45.048172,8.575514,1.0176331606489457,1.9208726,0.2994976
2016-12-20 09:00:00,7.447636013517069,13.062592,-1.7537537,13.758063782677429,40.619373,2.9214535,0.752810640776524,1.3233984,0.12624119
2016-12-21 09:00:00,8.642088844466457,13.559723,-0.4949646,11.11831161176614,24.950891,4.0876102,0.919272174706033,1.4452554,0.41498724
2016-12-22 09:00:00,8.595944541533868,14.694244,-3.1307983,23.88438037102514,45.79884,5.6699324,0.7231863266864829,1.2455132,0.12706284
2016-12-23 09:00:00,8.283992081836686,14.920319,-4.382416,24.87435015710184,45.873405,8.990594,1.6124163468395778,2.5953195,0.73553336
2016-12-24 09:00:00,4.79859415495514,11.443268,-7.697357,61.66285852966411,72.419,46.970245,1.2254621809299029,2.5666192,0.2230029
2016-12-25 09:00:00,2.3558714303121064,11.484528,-11.325073,50.50848594699732,71.28793,33.905537,0.8655698384554376,1.616412,0.21364671
2016-12-26 09:00:00,4.099816611158019,11.323944,-8.627228,44.45159240609701,70.615486,19.41757,0.8040598143756501,1.4755845,0.23435867
2016-12-27 09:00:00,6.41276550580352,13.222382,-5.486603,32.985559839594856,54.417767,17.808392,1.070595276374163,1.9195971,0.22964261
2016-12-28 09:00:00,8.117196800607132,13.601593,-2.0917664,28.733586855561803,49.91488,15.56768,0.9567068977650482,1.6178341,0.26367828
2016-12-29 09:00:00,9.69997826584597,14.610413,-0.016540527,22.194852088180085,48.254654,9.991053,0.6495961295507714,1.2859877,0.076615244
2016-12-30 09:00:00,11.57759384665411,16.074127,1.7616272,23.33604402289445,44.39345,10.409077,0.711932334949533,1.4938872,0.16119662
2016-12-31 09:00:00,6.972150991323531,12.409637,-3.0376282,73.86265647926207,88.40677,60.89896,0.743262725851525,1.3194641,0.2073672
2017-01-01 09:00:00,4.61769234868558,9.31134,-5.797638,55.496590856836704,82.20176,36.623634,0.6287615509557875,1.0413874,0.13587809
2017-01-02 09:00:00,5.380001002055337,13.038208,-8.0164795,63.25922837459332,85.434364,38.48515,1.161198613624554,3.570709,0.21753374
2017-01-03 09:00:00,5.5043220742347785,12.101776,-5.7714233,73.49136715580353,88.32181,53.138428,1.4716046619435816,2.6883085,0.663873
2017-01-04 09:00:00,7.399925783189133,14.696075,-3.8001404,83.88969314644032,102.65718,49.500935,2.5538801788465113,4.18152,0.82527244
2017-01-05 09:00:00,8.302275351300466,15.044067,-2.7528076,88.00994846010443,102.20475,77.41583,1.452597280605951,4.598369,0.20334892
2017-01-06 09:00:00,5.622300354697927,12.272675,-6.3054504,22.27366894807197,50.397087,0.11515808,1.2417021608421661,2.201463,0.3536559
2017-01-07 09:00:00,6.250813631471431,11.179108,-3.2251892,23.667809734555384,53.50898,2.0253162,1.8225593348372249,3.123615,1.0277066
2017-01-08 09:00:00,12.217139967100252,18.608582,2.0245972,80.4984391065236,97.47545,58.936386,2.748854352840697,3.9551897,1.5015628
2017-01-09 09:00:00,12.691939546572712,21.49936,-0.065093994,73.63671643192595,99.571686,53.744602,2.9919421681333187,5.378882,2.0026324
2017-01-10 09:00:00,8.82806604853539,16.762787,-2.5799255,70.14027950264446,91.66789,53.97154,2.038563346464456,4.0444856,0.22265616
2017-01-11 09:00:00,8.27744471089136,16.216614,-3.7697144,69.48587630072826,97.362885,30.849491,2.91178188569467,4.48203,1.3814939
2017-01-12 09:00:00,7.215801294845221,16.41391,-6.3458557,65.48016368933051,85.243324,46.48166,1.5909828430601374,2.4907413,0.18325652
2017-01-13 09:00:00,5.230627273866332,12.810028,-7.2954407,61.75960462363264,92.31706,46.42995,1.1807084382497672,2.3451147,0.06344442
2017-01-14 09:00:00,6.107233663697741,12.845306,-5.8234253,38.02390179684337,72.9595,15.284568,1.2676164692060088,2.482408,0.15369356
2017-01-15 09:00:00,6.275484570922572,11.995117,-4.754883,34.261569326697845,56.267433,20.544777,0.6949011104329618,1.242695,0.12092667
2017-01-16 09:00:00,6.258842942430249,11.545197,-3.0133972,31.873025044293875,47.7957,21.15987,0.9783709029903664,2.076433,0.028847273
2017-01-17 09:00:00,6.515246897888403,11.222961,-5.0781555,26.55331456432506,49.63522,11.156118,0.5706048990838564,1.8265518,0.12437187
2017-01-18 09:00:00,8.30499231757426,14.201263,-3.3768616,28.94496732556786,50.87937,15.163731,1.1027886453522484,2.0147398,0.6490599
2017-01-19 09:00:00,6.170756136636271,13.06778,-4.401703,84.16426518821419,96.6246,72.401024,2.4463531551690965,3.699282,1.4008758
2017-01-20 09:00:00,6.540790998705631,14.457672,-7.0872498,72.31568347640474,85.352234,55.59442,2.4075246031344695,3.8295314,1.0640546
2017-01-21 09:00:00,5.595210841009305,14.375153,-6.8748474,78.70567864132205,94.498695,67.89107,1.790103101804455,2.8824816,0.6290149
2017-01-22 09:00:00,6.524512787733613,14.345367,-6.752533,67.38953723878407,76.8089,51.390377,2.8389262243491418,4.81975,0.68995464
2017-01-23 09:00:00,6.552699353216099,13.546783,-6.1993103,78.42609071150893,96.28615,53.747982,2.8270848788702954,4.272024,1.7736416
2017-01-24 09:00:00,3.4692923044151485,11.871979,-10.008881,59.786237340933475,72.40077,43.695892,0.3485992643123196,1.1184098,0.040917702
2017-01-25 09:00:00,4.013110023515367,12.546783,-9.978607,44.94166601367005,76.882774,32.04293,0.6644992894029319,1.2576348,0.1586152
2017-01-26 09:00:00,5.052681362143119,13.574371,-8.840546,45.370163611573794,69.953285,24.73016,0.5640667840947783,1.4767034,0.11175264
2017-01-27 09:00:00,5.736129910995658,13.466766,-8.653412,28.5327762697268,51.807747,11.854624,1.1760173975842185,2.7296255,0.43624756
2017-01-28 09:00:00,8.348677840384141,14.861542,-4.548828,21.37651095755843,42.282257,7.8349466,0.8770415714674679,2.4295616,0.230254
2017-01-29 09:00:00,10.879654861306449,16.45987,-0.7041931,16.503744627173116,40.948944,5.7068815,0.7047240684179771,1.6849556,0.029724455
2017-01-30 09:00:00,11.977974890623443,16.920074,1.750061,16.37006984287324,44.6943,3.1768188,0.6214644045904352,1.2426058,0.09692389
2017-01-31 09:00:00,13.410478223654309,18.450104,3.3993225,17.22047072016976,38.00763,4.661892,0.7199817945599786,1.8035091,0.025025716
2017-02-01 09:00:00,13.719835017899413,19.597137,-0.52786255,17.171558671071146,34.08624,5.8155985,0.9316462890380593,2.0428116,0.3861498
2017-02-02 09:00:00,12.180246095654297,20.492645,-2.1595154,27.190452483122886,56.17404,7.1578817,1.6467039127447396,2.3800855,0.9758672
2017-02-03 09:00:00,10.838237556934871,18.832764,-2.272705,78.10546780826573,93.05136,71.972626,2.091288219292526,3.3662086,0.66137236
2017-02-04 09:00:00,10.888589857768636,19.217316,-1.901825,61.257759052400736,74.42713,43.419983,1.4648747166645726,2.8564515,0.53193974
2017-02-05 09:00:00,11.26162174525092,19.231049,-2.4252014,33.84768273986942,46.321964,24.35249,0.5381271680871778,2.0003424,0.048411384
2017-02-06 09:00:00,10.208356449935422,17.501617,-2.1038513,64.20173199606698,75.33029,44.119263,2.713623468946422,4.152599,0.9579945
2017-02-07 09:00:00,10.697367665540355,17.699432,-0.3380432,70.04813383586037,99.889114,38.95552,2.8959767692813183,4.5927987,1.2063085
2017-02-08 09:00:00,13.43835505257232,19.120087,2.9999695,77.20002475389711,95.22126,64.39744,1.6907521307670168,3.079072,0.34397343
2017-02-09 09:00:00,14.6943640222554,21.984894,2.7433167,38.81370997771988,63.278816,24.845224,1.5167894893666132,2.9889176,0.6647389
2017-02-10 09:00:00,12.207368552644425,18.53305,1.8885193,57.07402046947145,86.07565,18.856903,1.9051552881202194,3.5160887,1.339621
2017-02-11 09:00:00,10.100569393445824,17.61081,-1.9536438,68.64372664039686,84.58669,45.51379,1.4484590821041918,2.5041978,0.41504568
2017-02-12 09:00:00,8.625218018418082,14.895172,-3.924652,39.26912138991607,59.864002,23.000721,1.4476102256200838,3.0051942,0.42298415
2017-02-13 09:00:00,11.129476012876921,17.131989,-1.0298767,28.841459226402993,46.235733,17.250528,0.767406556716028,1.9211366,0.19617927
2017-02-14 09:00:00,12.273158735902314,17.543854,2.7626038,27.945000792728564,42.09132,18.692883,0.8553607299946826,1.5782673,0.14120856
2017-02-15 09:00:00,13.902526457099327,19.826813,0.85220337,19.130526692431218,38.237465,11.521592,0.7101010371570249,1.0829291,0.1823214
2017-02-16 09:00:00,15.338121784804855,22.043121,2.601715,23.875792731049096,45.642464,7.6834297,1.6675311621189666,3.0359168,0.64455473
2017-02-17 09:00:00,10.476953650750033,17.566803,-2.0289001,59.15809852641884,81.50714,43.578598,2.4389641254344254,4.5413184,0.7837524
2017-02-18 09:00:00,8.855933572893832,15.50528,-2.0005798,73.77058631523616,83.29437,62.14984,2.2053973111743606,4.6991777,0.35529333
2017-02-19 09:00:00,9.991702516960117,18.421783,-1.5137634,60.15952901097354,84.2308,27.814667,1.5571289244374626,2.4457374,0.4719054
2017-02-20 09:00:00,9.706878402071197,16.537994,-1.5010681,88.46760355542719,98.4424,74.08143,2.6273816635930642,4.5165343,0.6552624
2017-02-21 09:00:00,11.650994073372544,20.33316,-0.6668396,65.81083837498944,97.36792,34.66479,3.745581305348729,5.8175077,1.528958
2017-02-22 09:00:00,10.081251839076288,19.367096,-3.8750916,52.58711602402869,82.12302,12.900362,2.0382444382617932,3.2939625,0.6342625
2017-02-23 09:00:00,6.521559566065605,15.609772,-7.882416,52.298285742049586,63.239983,39.861076,2.46395173611384,4.1919384,0.56224185
2017-02-24 09:00:00,4.794413370055395,13.32193,-9.611664,35.05334343993582,66.924774,15.194303,1.3226773166203967,2.11357,0.07530232
2017-02-25 09:00:00,6.487820907463231,14.383209,-7.825775,38.92868155892922,67.76782,17.563105,1.0335919459699874,2.3865135,0.12909304
2017-02-26 09:00:00,6.871435493448757,15.124176,-8.280121,47.46090286243809,78.222824,29.289227,0.37582536138206923,1.2762806,0.036105007
2017-02-27 09:00:00,7.586307429224121,15.35611,-6.8802185,70.68625559215879,82.948555,56.1634,1.0247517669306037,3.109683,0.29917556
2017-02-28 09:00:00,6.160470004935291,13.812164,-6.787445,38.210804511489066,70.286125,20.086905,1.6338815067416035,3.1920295,0.05556253
2017-03-01 09:00:00,8.599308689125564,15.85611,-3.684906,28.15734965316386,50.47984,16.016064,1.2418846883009829,2.4066553,0.23629925
2017-03-02 09:00:00,11.962392223772895,18.38501,0.54907227,19.501706558475767,32.77878,10.157687,0.8276128408336527,1.7217427,0.078490645
2017-03-03 09:00:00,14.487341016909909,20.62082,3.3766785,11.99530678515198,20.457947,2.1537352,0.7488110831298928,1.4800978,0.20197515
2017-03-04 09:00:00,14.381980875383533,22.545746,1.4598083,16.525257914123333,35.62231,7.4337263,1.029236270774262,3.124284,0.10711385
2017-03-05 09:00:00,12.207251166604408,21.85257,-3.1298523,40.70576486346277,65.16136,11.866387,2.466370989914368,4.6835213,1.179071
2017-03-06 09:00:00,4.827638161804202,14.646851,-8.886566,57.22116017736179,69.41902,44.020473,1.4061805131714464,2.9950476,0.14815857
2017-03-07 09:00:00,8.170411113563489,15.332428,-2.6565857,38.46644911598075,45.164085,30.375021,1.0816139788924852,2.0949278,0.16641828
2017-03-08 09:00:00,11.861389277414162,17.160553,2.6097717,32.40534689603139,45.294853,22.925913,1.193573335109772,2.2802517,0.11478724
2017-03-09 09:00:00,15.286209269560345,21.034332,5.0202637,20.795617940599197,31.945755,11.894973,0.8511778845033331,1.6758063,0.15639482
2017-03-10 09:00:00,17.204122593219495,23.446472,5.2003784,21.19437541703954,32.70979,11.506665,1.137697843056554,2.0480645,0.08550156
2017-03-11 09:00:00,15.861102495759326,22.0253,6.193268,21.259831830460325,31.628807,16.277554,0.8833173201356671,1.642987,0.18342945
2017-03-12 09:00:00,17.9194032981776,24.423553,7.070038,21.530134459274798,33.175304,14.484008,1.0769654338143226,2.1237085,0.1678016
2017-03-13 09:00:00,19.177807923408977,25.612793,8.294434,15.413549534389748,23.004398,7.8791304,1.0231511940333737,1.8667035,0.068669036
2017-03-14 09:00:00,21.08051631152472,29.055206,7.750519,17.378433288935824,23.031239,12.339831,0.6703491488759156,1.418127,0.016180916
2017-03-15 09:00:00,22.01332584246751,31.215973,7.530426,19.914347226184848,33.85719,8.309209,1.1005681451593121,2.3428946,0.26233143
2017-03-16 09:00:00,20.406567320039073,31.769196,5.788727,30.139251128849203,41.159576,15.827543,1.4424149712822192,3.1023204,0.19076209
2017-03-17 09:00:00,17.78409305999594,25.570953,7.205719,23.9114214984429,41.370224,14.093837,0.9993144322370111,1.8572595,0.09059278
2017-03-18 09:00:00,20.66579951767511,29.00528,8.272858,25.839646416069268,41.03855,15.100099,0.851438093086749,2.798103,0.01748328
2017-03-19 09:00:00,19.466868071992394,30.447418,5.132965,30.50786887786957,40.243668,18.997572,1.1445137224805073,2.3508718,0.15915632
2017-03-20 09:00:00,17.992685571736445,27.975006,4.4086,26.41663145062739,38.4521,16.634302,1.3536718997806272,3.2057827,0.3659736
2017-03-21 09:00:00,14.693798384920683,23.771149,2.9508362,65.84773675882127,89.98063,43.380074,1.8718886348167598,3.1490617,0.63496023
2017-03-22 09:00:00,13.553187292858695,22.96054,0.82577515,57.12546687393422,78.69167,24.063961,1.729475571654369,2.8111598,0.81627065
2017-03-23 09:00:00,8.774340040207335,16.086823,-2.7549744,56.61875598787241,77.86129,43.638634,1.731509720262803,3.0995724,0.1786953
2017-03-24 09:00:00,12.37324987637885,19.48941,1.4051819,41.350526047642944,61.725838,15.7821865,0.9480397115853888,2.3493304,0.18049759
2017-03-25 09:00:00,9.946267953863526,17.544098,-0.6043396,60.637996071862894,86.461624,40.09586,0.6262574312709335,1.7562872,0.07602613
2017-03-26 09:00:00,12.230634591545481,19.597076,1.955719,47.94635693472545,82.51059,10.155121,1.349336467500189,2.545189,0.26253277
2017-03-27 09:00:00,12.326545094961944,18.504791,2.1629944,56.486928772353664,79.503944,28.095848,1.8983527390207433,2.8475137,0.60220325
2017-03-28 09:00:00,12.33788608468052,19.659088,-0.017669678,36.84579541496711,67.13309,25.066582,2.5493956419784918,4.633579,0.5506044
2017-03-29 09:00:00,15.323562356373827,21.559723,5.07901,32.647374609325546,51.65128,24.037357,0.9602341639773124,2.1665409,0.13249905
2017-03-30 09:00:00,17.603865697216918,25.30777,5.965973,42.708901104904896,68.81011,18.059948,2.3960905760521705,3.603015,0.73698103
2017-03-31 09:00:00,11.642806120019316,20.737701,-3.3887634,38.87630731258811,57.425385,25.04264,4.015114860264407,6.8952894,0.86633044
2017-04-01 09:00:00,14.721073188347816,21.275055,2.9259338,35.066387335698884,44.32938,27.028475,1.101811753279271,2.8296878,0.09202957
2017-04-02 09:00:00,18.68084199292491,27.129791,6.1629944,29.509362856281886,50.0499,17.725578,0.5563226659837169,1.032181,0.14252523
2017-04-03 09:00:00,19.348290166875927,28.7836,6.1859436,23.250910746298963,45.427567,5.888506,1.5779552816354052,2.8589811,0.29093766
2017-04-04 09:00:00,17.518787348734236,26.994293,3.849762,20.082110393142717,41.440914,7.765133,0.923028662557266,1.4983879,0.34182018
2017-04-05 09:00:00,19.092005579537897,29.598297,5.9147034,23.22793816557262,43.98192,6.2019615,0.39993377606462066,0.9561202,0.06134327
2017-04-06 09:00:00,21.02065770699045,32.16861,6.0455627,22.768362761427237,45.29136,2.7376332,1.780389524551459,3.34037,0.5444548
2017-04-07 09:00:00,14.394828728991229,24.780182,-0.77059937,40.17479685581058,90.61948,3.2641344,2.6306730654107238,3.7673535,1.5688516
2017-04-08 09:00:00,10.62009666298843,18.596344,-1.3362732,69.36328630758337,97.21154,32.63933,2.074240983273074,4.135971,0.9531134
2017-04-09 09:00:00,9.100899249417125,18.089752,-2.7940369,29.316075357062125,50.36213,16.444162,1.5163459920091726,2.8307939,0.17033297
2017-04-10 09:00:00,12.816459161094372,21.30899,0.29019165,18.252671641057596,33.950645,3.9721746,1.4948556723286834,2.9211214,0.17991804
2017-04-11 09:00:00,14.990148936408787,23.989166,1.8563538,26.745865681984665,53.545753,6.417794,0.8329578117056115,2.1978986,0.041010622
2017-04-12 09:00:00,17.124773190406756,26.51358,3.296051,47.38266028507165,58.35726,37.576523,1.3451698458880215,2.6962488,0.27213117
2017-04-13 09:00:00,17.177996725049695,26.694489,3.809723,48.08155753092675,78.32844,17.843933,2.769448781649406,4.668949,1.6096197
2017-04-14 09:00:00,12.066381698593375,21.989166,0.12246704,28.492065239565814,71.18056,8.059463,2.6664827028672367,4.768662,0.28425425
2017-04-15 09:00:00,13.938036219541061,20.865387,2.66568,18.081427490293898,28.543133,5.852356,1.599044889993289,3.093357,0.15223296
2017-04-16 09:00:00,17.849534947403242,26.660309,4.6148987,15.252372736190456,30.590723,2.7581987,0.6366134470199087,2.3001733,0.11266583
2017-04-17 09:00:00,14.6494972761908,22.592194,2.848053,44.55704653010067,68.59685,21.310738,1.2747548082577862,3.6946738,0.27792162
2017-04-18 09:00:00,16.393048767389416,24.448395,3.4405823,70.57561595401756,90.72172,48.214836,1.557418139431188,2.5130007,0.7900601
2017-04-19 09:00:00,14.400915904740145,21.165924,2.634674,36.170680546880035,64.68608,21.783733,1.2454346385546091,2.4891112,0.24479744
2017-04-20 09:00:00,16.248011151028777,25.2211,3.1302795,47.53840068442457,62.54854,21.272205,2.138955069566182,3.9563236,0.38045135
2017-04-21 09:00:00,17.128562809936057,23.80655,6.1459045,23.967276039314566,50.46047,3.9617186,1.9404035003250224,3.7482932,0.17292982
2017-04-22 09:00:00,20.143559405768883,27.01358,9.378082,25.62607231373153,48.28586,10.822999,1.0205660078294714,1.8929865,0.11396649
2017-04-23 09:00:00,21.266654589285167,30.236969,7.986969,34.15513882078999,58.46619,9.05344,2.355086642066295,4.6139364,0.56755364
2017-04-24 09:00:00,17.396914897376234,26.300446,4.4742737,37.314818874247564,64.60063,13.373955,2.7224912142993305,4.905045,0.59517694
2017-04-25 09:00:00,15.11725231130066,23.352936,3.9440002,40.78390265467315,74.888504,21.220314,3.16402156938718,5.520409,0.5463935
2017-04-26 09:00:00,17.0028578110078,25.283112,5.2062073,56.02991090635852,68.608086,42.942818,2.0000432980331357,3.610815,0.4728331
2017-04-27 09:00:00,17.21368521818755,26.035797,5.7208557,29.540387486393925,60.116756,5.523528,2.950645307947193,5.2318907,0.5020109
2017-04-28 09:00:00,17.765850244764408,26.552643,4.443268,27.202290457571948,68.84794,2.5940325,3.0997477610511432,6.002014,0.04557518
2017-04-29 09:00:00,17.263994965535403,25.995758,1.535553,20.779691261745644,32.401722,8.979033,2.3971166753945523,3.9088414,0.4604486
2017-04-30 09:00:00,20.648986299756757,29.75821,6.525055,22.569864453213604,42.03138,8.901083,0.813358565264355,1.4152586,0.24985766
2017-05-01 09:00:00,22.67945163741041,31.65274,8.05484,26.983026449317467,44.51497,16.395256,1.622853248964494,3.1955047,0.25776306
2017-05-02 09:00:00,24.62974827633178,33.893707,9.425201,29.273173723831917,42.44522,20.734772,1.3658675305341266,2.825024,0.13257536
2017-05-03 09:00:00,26.101664101427104,35.231842,9.688873,33.97683257569963,47.651875,24.813042,1.0711568349204739,2.076641,0.10707522
2017-05-04 09:00:00,28.155848952529027,38.593414,10.788727,34.30842524980547,46.446243,25.579056,0.6570747252830798,1.8062891,0.18210416
2017-05-05 09:00:00,27.457855303669987,39.334625,9.752594,26.758189420031478,42.48531,8.927698,1.729976049255341,3.2280035,0.20862877
2017-05-06 09:00:00,21.290431019875484,31.633698,6.4481506,45.32198116139201,63.96192,12.805009,2.387928204638764,4.365599,0.62232536
2017-05-07 09:00:00,13.195787345195583,23.522614,-0.27816772,61.4999683003211,88.25713,33.75996,1.1251393788345478,2.0557249,0.10452536
2017-05-08 09:00:00,17.16313389410027,25.031158,4.40152,57.7455691621001,69.12967,45.012936,1.1450635306193775,2.4885366,0.05781377
2017-05-09 09:00:00,20.37808585647025,29.23404,5.7865295,41.4791618330294,53.787003,32.662003,0.7652637793830553,1.6213303,0.18421195
2017-05-10 09:00:00,23.311142850092835,34.01114,7.2377014,35.73905389882037,55.886536,25.304502,1.1340828293232132,3.8882864,0.11139773
2017-05-11 09:00:00,22.079968937843717,32.00113,8.828766,55.5380495576113,71.32798,38.695145,1.2804823279153963,2.745182,0.13811842
2017-05-12 09:00:00,22.155368826962842,31.162994,8.030182,58.48525110332181,73.42589,41.54177,2.7539564964901504,5.3656955,0.35832232
2017-05-13 09:00:00,15.07309674581694,23.63321,1.4911194,33.91931692215704,67.08086,16.924606,3.1378626414526014,5.3847857,0.9133492
2017-05-14 09:00:00,15.867897039060097,24.234528,1.865387,38.92611925940055,57.81714,25.02417,2.0542674446017326,3.8951948,0.4799689
2017-05-15 09:00:00,15.44778885479343,24.940826,0.8216858,47.53059504431007,65.21248,37.009354,1.6618185320291454,3.2133665,0.7786415
2017-05-16 09:00:00,15.337916073175109,25.062408,1.620758,55.23129509985989,77.616295,38.821747,1.2899187561315133,3.1593814,0.32470796
2017-05-17 09:00:00,16.161626533864478,27.829254,2.4735413,60.40584448925937,77.31825,45.087788,2.9206212304023977,4.8461466,0.88434017
2017-05-18 09:00:00,17.709332799060974,26.169098,3.9405823,30.440818313799326,50.02209,22.021587,1.928398539320829,3.2373872,0.52154815
2017-05-19 09:00:00,21.155535527527093,30.213043,6.2657776,26.952000364738446,40.483704,15.83136,0.8231477610493037,1.7535465,0.094266094
2017-05-20 09:00:00,25.174640426442636,35.05533,8.218414,27.013696558237353,37.176514,18.627697,0.7225130547141525,1.4917172,0.159239
2017-05-21 09:00:00,26.538818691753022,36.349518,9.312653,29.13688409996896,38.28098,22.608564,0.7650495088412954,1.4625947,0.15786447
2017-05-22 09:00:00,28.089455223075902,38.181305,10.91153,24.609451105096653,33.994446,13.520187,0.7880393976910601,1.9662378,0.07450735
2017-05-23 09:00:00,29.39111219122094,39.247467,11.043121,22.13376512331895,33.00705,12.516984,0.6999106294831144,1.7316214,0.072421566
2017-05-24 09:00:00,29.953295328312834,40.615143,11.716705,19.754639910409136,24.984854,12.61376,1.4581136207951608,2.918281,0.026217772
2017-05-25 09:00:00,25.9361962537306,37.225494,8.897369,31.325190764015854,42.36302,12.425886,1.9613798869933077,4.505122,0.2873989
2017-05-26 09:00:00,21.584511340473398,31.038727,8.484039,39.87955565345636,54.340378,15.117722,1.6636177616712116,3.7063804,0.8073142
2017-05-27 09:00:00,20.27582159286885,27.052643,10.441315,59.49976205072517,80.11023,33.48412,1.229137648530248,2.487036,0.09178057
2017-05-28 09:00:00,23.68842552640973,31.220612,11.746246,29.1561012650253,39.77881,17.935057,1.4482265636223381,3.2450428,0.116471596
2017-05-29 09:00:00,26.226131744116856,34.256744,14.334869,24.23211389701853,33.51646,14.50599,1.4683053121011087,3.538203,0.17706208
2017-05-30 09:00:00,26.40163070194609,34.817047,14.117828,28.121260509864648,43.878803,15.7154455,1.8210139496253954,4.264004,0.122640446
2017-05-31 09:00:00,25.328623302281187,33.756256,12.9808655,32.92735380140789,53.37844,22.243568,2.2037268975822224,3.9965105,0.7086636
2017-06-01 09:00:00,21.842717500701326,28.651031,12.366852,56.48949681697454,69.26534,37.450893,1.4322678376663323,2.9857342,0.18817827
2017-06-02 09:00:00,25.2768112430428,31.867828,15.522369,33.56780261639992,50.632187,11.733751,1.5679791836510462,3.3109348,0.059073802
2017-06-03 09:00:00,27.853881274425817,35.601715,16.427887,33.35286266992796,48.276035,26.272179,1.2306657309018527,2.6644866,0.49278492
2017-06-04 09:00:00,29.308911480333904,38.515778,15.695465,30.254898628266243,35.55476,18.62381,1.8711596012389433,3.5986037,0.4698354
2017-06-05 09:00:00,27.570841006099215,36.45523,14.545319,18.37064162333333,25.251146,9.239428,1.9324848201328204,3.9406834,0.48663098
2017-06-06 09:00:00,28.14317432771628,36.391266,15.60025,14.624169083227777,26.692608,7.078967,1.235052367964451,2.53915,0.43714172
2017-06-07 09:00:00,29.125708818496207,37.770905,16.3544,19.166564938851128,28.892593,13.641381,1.513118466978902,3.0498424,0.24445997
2017-06-08 09:00:00,27.887207188276022,37.036285,15.081207,24.189618136605592,31.265095,11.171331,2.152986202625462,3.5040889,1.0129333
2017-06-09 09:00:00,23.884610890512647,33.196686,12.007233,47.50649672515754,73.35837,33.627026,1.8964016682140474,3.7662148,0.6891683
2017-06-10 09:00:00,22.352882308730727,31.470856,10.556793,46.15357708023074,74.50862,19.876001,2.7925595420212996,4.5408063,1.0003121
2017-06-11 09:00:00,21.138313332361975,28.361725,9.816803,43.299325924935964,59.6926,26.020725,3.011174505903442,4.782834,1.0025266
2017-06-12 09:00:00,15.507180721575878,25.99234,3.134674,42.59135815707078,58.79266,31.07391,2.1896561453029197,3.1474419,0.92539805
2017-06-13 09:00:00,20.517186601812114,26.920074,11.877106,36.90538528571634,57.099457,21.928926,1.9172289205862048,3.4147265,0.5073249
2017-06-14 09:00:00,23.80840268551725,29.69571,14.998444,33.28188698793658,49.36872,21.033699,1.594738329879085,2.9304824,0.38983768
2017-06-15 09:00:00,27.68516083825301,34.90103,16.424225,21.1629363663291,37.372078,13.391609,1.818522061739943,3.524851,0.4106132
2017-06-16 09:00:00,29.202019651489138,36.19522,19.002106,23.48120949020316,30.387083,17.2719,1.893838575896815,3.7929037,0.117373355
2017-06-17 09:00:00,31.135852687430827,38.29654,20.4086,30.668962783761184,36.319305,22.407719,1.7523476037925028,3.532425,0.42627576
2017-06-18 09:00:00,32.94168420855135,40.451324,21.149567,31.308443431933284,43.609726,25.515978,1.2872911521006163,2.6323228,0.25764155
2017-06-19 09:00:00,34.56592463083126,43.991608,20.659088,23.11838691078591,29.067616,14.862896,0.8326446114890993,2.0308952,0.11990732
2017-06-20 09:00:00,35.59330300250002,44.749664,22.337555,18.846759513323,28.183392,8.765423,1.046691387949498,2.7251062,0.043000992
2017-06-21 09:00:00,35.173097371048584,43.824127,21.35147,30.15053571550484,37.030888,16.515263,1.3400663635422265,2.5901093,0.57418305
2017-06-22 09:00:00,34.291156685752185,42.538483,21.801666,28.948840294978723,34.69131,22.16006,0.9747569560306449,2.1936233,0.15248564
2017-06-23 09:00:00,35.00089713896182,43.86319,21.266998,21.046470686204295,25.485327,15.110327,1.1304523611307675,2.5144033,0.046652302
2017-06-24 09:00:00,34.67097263300934,43.30948,21.704987,21.354418337701283,28.846775,11.538181,1.319620264124294,3.2365198,0.31846982
2017-06-25 09:00:00,31.992275589088138,40.33365,19.066803,21.88981976284619,26.826405,13.052968,1.0535452349796484,2.697916,0.11273064
2017-06-26 09:00:00,32.58876179815792,41.93155,18.9628,21.164540627737153,37.81746,7.5666304,1.6534497433946744,3.2334478,0.5387017
2017-06-27 09:00:00,30.675577597213135,39.81436,16.609283,15.925966787960325,22.112587,8.33773,1.731624134716528,3.5515897,0.16972093
2017-06-28 09:00:00,29.31737460017672,36.786285,17.592926,23.130832290107445,41.209003,9.584194,1.9024932843034537,3.6491945,0.5993301
2017-06-29 09:00:00,29.02150121262929,35.98941,18.513336,15.912993294873855,28.33638,6.2710247,1.7454488305712599,3.3492086,0.77875733
2017-06-30 09:00:00,30.634789338498592,37.77115,20.171783,15.275439337237662,27.606667,4.3101416,1.7809894863833735,3.675752,0.4508867
2017-07-01 09:00:00,30.885733429138384,37.162262,20.328278,15.759502181853065,32.819748,4.9865017,1.8866080495139632,3.7897956,0.51755035
2017-07-02 09:00:00,30.16082953455026,36.92691,19.793121,18.357752615000432,32.364925,3.7907066,1.305448263959806,2.595912,0.57203335
2017-07-03 09:00:00,31.430241173262573,38.839508,20.169586,30.38963765178181,37.961723,19.90313,1.0698713826438797,2.6607378,0.34441644
2017-07-04 09:00:00,32.0154724936736,39.949127,20.142487,25.32267343187346,35.373016,16.208952,1.0371503397950126,1.9489926,0.3310033
2017-07-05 09:00:00,32.57733013452497,40.502106,20.138824,13.73973525986445,20.24114,9.604663,1.3954890852833923,2.703971,0.29171085
2017-07-06 09:00:00,32.346347251312864,40.22525,20.171295,21.541226461134162,31.1616,16.056286,1.4983776700192046,3.0432608,0.43351215
2017-07-07 09:00:00,33.62022764707672,40.89615,21.706696,22.277564035478598,27.230328,17.26939,1.6484826811061992,3.5675166,0.4077101
2017-07-08 09:00:00,34.48398659908918,42.201324,22.100983,19.46266364479464,29.680962,13.649712,1.6775472814921233,3.6112962,0.02867542
2017-07-09 09:00:00,34.26027401735519,41.660797,21.819,15.410530504253995,21.506907,10.779735,1.759200178084701,3.5016487,0.10483384
2017-07-10 09:00:00,33.321363375862575,41.88199,19.477692,19.696626703115413,28.390276,14.90151,1.127016656617688,2.6801934,0.2802256
2017-07-11 09:00:00,32.89437390976059,41.55533,18.617828,25.30827810313004,32.257225,18.095032,1.371777494430217,2.946455,0.39905244
2017-07-12 09:00:00,32.43024700663392,40.78775,19.655426,25.064180658256806,32.402027,16.848303,1.356076599636172,2.6642375,0.5964636
2017-07-13 09:00:00,31.786991800211354,39.97818,19.35196,23.56234861868155,30.38739,13.37653,1.2765942630890348,2.5057943,0.6540119
2017-07-14 09:00:00,31.732328127168444,39.49234,19.119537,27.31891431968521,33.620228,22.588978,1.3230076222197722,2.5548792,0.6590757
2017-07-15 09:00:00,32.855043331553475,40.128082,21.515533,22.874361621525185,29.956017,13.061485,1.4884669793190686,2.9594698,0.70770556
2017-07-16 09:00:00,32.60107315190163,39.257965,21.63321,14.222681027811529,21.990538,4.9241314,1.7159131648374764,3.1291654,0.75530094
2017-07-17 09:00:00,34.30896542681933,41.62857,21.044586,14.136030645466247,20.687786,5.682456,1.8412734481852748,3.2090461,0.48431352
2017-07-18 09:00:00,33.94491314485788,41.861237,20.509674,15.266396122496351,19.51614,10.054665,2.37004274187439,4.171451,0.67649764
2017-07-19 09:00:00,31.695749054791918,38.444977,19.152008,18.365890708031746,23.310583,12.1904125,1.9462262083683324,3.795128,0.81421787
2017-07-20 09:00:00,31.030587875066885,37.8461,19.754303,19.48225413275115,23.204193,15.419037,1.7063521166832345,3.4087615,0.73085606
2017-07-21 09:00:00,30.87379026133067,37.18741,20.89859,19.09041137232026,31.334454,11.016468,1.5585822395345832,3.0596046,0.2636215
2017-07-22 09:00:00,30.914924065516516,36.764313,21.750885,20.431143587441657,33.084393,7.6790333,1.1664561582258854,2.650743,0.08126619
2017-07-23 09:00:00,32.942004053167295,39.044342,21.571198,18.884473849370895,24.074215,13.157369,0.9258575806928537,1.7417892,0.39066195
2017-07-24 09:00:00,34.44613859081488,41.665924,23.064362,17.775549707977984,32.804405,4.9958134,1.4118170880000211,3.3457878,0.40480664
2017-07-25 09:00:00,30.75416318001129,39.88321,18.754303,20.914030107959036,39.742687,6.469637,1.5116518790474534,3.241764,0.64931226
2017-07-26 09:00:00,30.887792411626094,38.773834,18.673004,25.402352908705527,39.269787,12.261974,1.4189322942538243,2.4894292,0.3363642
2017-07-27 09:00:00,31.104382870673362,38.51651,19.156158,30.76906701090999,37.714737,21.272278,1.6206874041318817,3.3899698,0.4461993
2017-07-28 09:00:00,32.57194246005395,39.47696,20.677155,22.908208814362016,29.01632,15.529938,1.2452044730231089,2.692587,0.27988622
2017-07-29 09:00:00,32.97622153630459,40.19229,21.446198,22.291663294506545,29.519564,14.846911,1.3586753887605707,2.3893907,0.55169517
2017-07-30 09:00:00,32.05618671329654,39.943512,19.713531,24.466842330016192,29.479515,18.756535,1.313765640667156,2.7522907,0.51446587
2017-07-31 09:00:00,32.61042604952644,39.76895,21.014313,19.30988741006923,25.458866,14.439336,1.0981252563955166,2.6778138,0.22761971
2017-08-01 09:00:00,33.417724391114405,39.670074,21.791168,14.646351248736583,20.116848,8.006549,1.2383545633090733,2.6169252,0.2998651
2017-08-02 09:00:00,34.85390291183603,41.28775,22.910797,21.973849666156458,25.498373,13.156075,0.6857123486761683,1.5529708,0.102941975
2017-08-03 09:00:00,33.71559156591752,41.66153,18.858307,33.47662626193538,47.892624,11.42778,0.9166884461248718,1.9872379,0.10434682
2017-08-04 09:00:00,30.435914822528446,38.424957,17.072906,27.19187236830715,41.250313,16.207695,1.2318793989128833,2.7578216,0.2948283
2017-08-05 09:00:00,28.861351057181935,36.24991,16.097565,39.83624364207432,49.570213,32.183895,1.5391445050152486,2.941868,0.39054424
2017-08-06 09:00:00,29.924142764264616,38.537262,15.073639,41.47379454350701,49.751915,33.51182,1.4737459198526912,3.3006825,0.22884767
2017-08-07 09:00:00,29.97753553915379,38.190826,16.263092,35.630703852758515,43.657356,26.430792,1.4758142422491984,3.14261,0.55305296
2017-08-08 09:00:00,30.060502058893803,37.037994,17.414948,30.261384661914857,35.498055,26.524006,1.4684001573845793,3.2542396,0.4718525
2017-08-09 09:00:00,30.17246722652561,37.20157,17.75821,29.307537816946745,38.878735,20.628735,1.5127055033174848,3.3290763,0.5728263
2017-08-10 09:00:00,30.149301223054408,37.392487,17.4628,32.406365431460756,43.900494,18.601158,1.5983773444124012,3.5637262,0.5829397
2017-08-11 09:00:00,30.95385749700722,37.104156,19.426422,28.890771856268742,44.941307,11.132699,1.5444423240880416,3.2157967,0.63729656
2017-08-12 09:00:00,31.068371274278093,37.74771,18.94107,19.91015738001735,27.607288,11.704945,1.5122458671386956,3.1359143,0.30298278
2017-08-13 09:00:00,31.327769013309194,38.14615,18.562164,20.38735086828754,27.572975,13.526312,1.6142487885224064,3.0511258,0.7052228
2017-08-14 09:00:00,31.119306737709792,38.642242,18.374664,21.60394659645173,28.092094,16.112427,1.8840818749746984,3.192903,0.6433021
2017-08-15 09:00:00,27.253338996335174,35.193756,15.700592,39.57601251573208,57.642044,18.154568,1.6678990230181212,3.1562638,0.81214726
2017-08-16 09:00:00,26.54565726038652,33.066803,16.603424,43.64379241357559,58.32023,19.727306,1.1116237817699455,2.4375184,0.13990752
2017-08-17 09:00:00,27.997306468043348,34.04947,18.676178,30.632705666810107,40.281765,14.88305,0.9855856498936383,1.8018998,0.16970593
2017-08-18 09:00:00,30.148029893936894,36.65689,19.373444,32.24819707106403,45.95622,11.02653,1.2637263277727604,2.782032,0.10696932
2017-08-19 09:00:00,31.09615711339984,38.37491,17.384674,29.27555619176583,42.28477,10.136006,0.9921962875823708,2.1606092,0.14008458
2017-08-20 09:00:00,30.35205292429788,38.434235,16.833649,33.9658091589819,46.294846,15.064377,1.1444765820952574,3.0268319,0.13788608
2017-08-21 09:00:00,28.820220186882977,36.827057,14.455963,36.64525415609101,46.605103,13.212225,1.4979715365532638,3.1947584,0.21011025
2017-08-22 09:00:00,28.140028531796304,35.939117,15.183746,27.77896096125619,44.687794,10.122004,1.3900986285530805,3.378408,0.13620241
2017-08-23 09:00:00,28.648070888567133,36.39444,15.4496155,23.73428087002629,33.23574,13.509725,1.149315827354052,2.9608257,0.12994666
2017-08-24 09:00:00,29.823801842975627,37.478424,17.011139,27.989184457425537,33.998978,20.72778,1.5381110007130943,3.5572336,0.11237811
2017-08-25 09:00:00,29.798109072688703,36.691803,17.699615,30.83699720825406,43.396362,17.370146,1.373907796400107,3.2643874,0.28569895
2017-08-26 09:00:00,31.23840070145235,39.014313,17.240631,25.097148929420612,37.476585,18.718771,1.1569256614623944,2.6873007,0.18151662
2017-08-27 09:00:00,33.23027770793408,41.118805,18.485992,18.59780021854041,33.404797,9.296202,1.0177495467996174,2.357019,0.26609144
2017-08-28 09:00:00,33.99797921275609,41.29825,20.466217,13.726257319547253,24.714085,7.4133034,1.0209275599041725,1.79295,0.33204162
2017-08-29 09:00:00,35.38651499341859,43.906403,21.513824,17.697445010770664,29.320892,8.368354,0.8203685192374385,1.7555854,0.19576511
2017-08-30 09:00:00,33.748760160011955,42.396393,19.021393,20.67001750213613,37.593304,12.404838,1.4821814826092838,3.7368662,0.16422571
2017-08-31 09:00:00,31.725668991571297,40.016754,17.569733,19.871752819273944,26.467808,13.845126,1.3679975256460843,2.8901086,0.24848758
2017-09-01 09:00:00,32.78934332772053,40.315826,19.708405,21.056957942227687,26.34663,16.916943,0.7483733915317313,1.5435376,0.027526999
2017-09-02 09:00:00,34.34653161227743,42.343903,18.737946,18.42074093869222,28.029018,13.036938,0.9779953299455583,1.7473807,0.29141843
2017-09-03 09:00:00,35.99290044244793,44.243805,19.931305,17.54303120878477,35.53675,10.025034,0.8539537828345256,1.8371924,0.26182628
2017-09-04 09:00:00,33.57653612115786,41.59732,18.939606,29.266515426363753,38.853558,21.89066,1.266494187677252,2.3069296,0.2398012
2017-09-05 09:00:00,31.060963485472087,39.151276,19.048248,44.388604406691,68.88244,17.407127,1.5571204544593102,2.7017875,0.035963837
2017-09-06 09:00:00,29.319580660209567,37.11197,14.3385315,45.385789621530215,56.495758,11.886384,1.0220643911204697,2.2217662,0.23691046
2017-09-07 09:00:00,28.840662347630087,37.84439,13.997711,33.51986596613346,39.551853,25.285782,1.2180195241156893,2.1805596,0.62845397
2017-09-08 09:00:00,27.152494621972266,34.304108,14.694733,34.53763020058247,46.40345,23.99985,1.7758432273378986,3.5492399,0.59124863
2017-09-09 09:00:00,26.166172691663462,33.611237,12.92569,35.00372565063217,45.394745,24.477573,1.0211865279560315,2.6163025,0.22358054
2017-09-10 09:00:00,27.25428220224802,34.849762,13.298248,30.64469703511304,41.35628,23.496784,0.9935908213640546,1.9167604,0.28512737
2017-09-11 09:00:00,30.335279387446917,37.486237,17.281158,26.011682642849873,34.362473,20.660885,1.261145694614304,2.1060667,0.2393224
2017-09-12 09:00:00,28.761257395786515,35.614166,17.268463,42.166017905037634,51.363632,31.13707,0.919869430557328,1.7049315,0.15162304
2017-09-13 09:00:00,27.72178565180144,36.2731,13.038727,38.645557714698235,58.027233,18.609266,1.5591060991616792,3.5419502,0.5864251
2017-09-14 09:00:00,25.223025278885927,32.907867,11.595612,50.114953703785645,69.63536,27.795654,1.429175715978482,3.8621051,0.37490207
2017-09-15 09:00:00,22.666793619787825,30.91568,10.921539,43.50975006751914,75.98751,17.48751,1.670703836204247,2.681787,0.83376706
2017-09-16 09:00:00,22.8777634248828,29.864655,11.58609,34.652881634027665,45.581284,23.9552,1.1466194185621779,2.3729942,0.26175752
2017-09-17 09:00:00,24.087248034865297,32.015533,10.351471,35.50119332843038,43.29537,29.486774,1.4567137359536393,2.901507,0.4602744
2017-09-18 09:00:00,25.821960180376948,33.490875,13.070953,23.626673959617875,31.395462,13.434667,1.6822496367574105,2.9721131,0.70499516
2017-09-19 09:00:00,24.353329815439793,32.2294,11.746735,23.964725948742323,40.689137,0.633214,2.6064073845252596,4.54224,0.5923469
2017-09-20 09:00:00,22.044605389029982,27.402008,11.767242,31.742121749895585,45.83933,12.590777,2.1135294728789233,3.510962,0.642533
2017-09-21 09:00:00,21.89360278567119,29.68814,9.502594,52.027750409460566,57.39985,43.69124,2.9974853021198538,4.1031594,1.3797976
2017-09-22 09:00:00,14.355592912503539,23.8378,-0.28353882,41.034058803746966,49.88639,21.423931,1.3954467091095706,2.1470215,0.41569278
2017-09-23 09:00:00,16.328381137349993,25.062408,1.804596,37.094414128295696,52.982826,22.33048,1.4140189262613594,2.5928752,0.31993836
2017-09-24 09:00:00,18.03913188013496,26.564362,3.2518616,31.132324248917154,47.39684,20.537432,1.0496784639335772,1.9455825,0.11678844
2017-09-25 09:00:00,20.831039009444282,28.665924,6.833893,26.98717323913695,32.297997,21.509958,0.9002075406602755,1.6788564,0.13648592
2017-09-26 09:00:00,22.602638123971246,30.02945,10.869293,26.001826982213558,35.22271,19.336035,0.9161327635132563,2.3677297,0.13488872
2017-09-27 09:00:00,24.406171737057832,32.786774,10.575836,26.914833660732555,39.3742,21.434246,0.6667733619435461,2.1860461,0.0733771
2017-09-28 09:00:00,26.315284860502345,35.03238,12.710114,26.514451994659808,37.58393,19.396313,0.5461754795897404,1.151928,0.1547225
2017-09-29 09:00:00,25.90263640829977,33.977448,12.475494,26.741242189772677,37.033424,19.959206,0.8932151303939473,1.7330383,0.36678603
2017-09-30 09:00:00,25.148922137354987,33.38394,12.0065,27.486580458266157,33.61284,18.429245,1.7285402050496104,3.3331583,0.43898273
2017-10-01 09:00:00,22.65647535862496,29.175934,11.384918,19.54707398368992,39.060028,11.950652,2.018584916089386,3.6964204,0.3346743
2017-10-02 09:00:00,21.951161776661877,28.7753,10.046783,18.876645303637698,37.116615,2.6024466,1.971422452598934,3.7117226,0.21788655
2017-10-03 09:00:00,19.601365040059306,26.907867,7.044586,21.439493013091607,30.651056,9.467155,1.2032531276112617,2.3073838,0.22151583
2017-10-04 09:00:00,17.569088253810776,24.127594,7.515045,18.57498711930136,28.210339,6.9876823,1.1662327076654242,2.1335957,0.2409441
2017-10-05 09:00:00,20.458549873890775,26.919098,9.217926,13.234565774075497,17.379519,9.844362,1.3556264749882592,2.4752724,0.09567821
2017-10-06 09:00:00,22.277268337513362,28.44107,12.142242,10.198658851187924,16.614094,3.4649115,0.9470334986651339,1.7321243,0.04471971
2017-10-07 09:00:00,24.42870115952212,29.92569,15.105377,8.38820016412186,13.334722,4.8621864,0.7354518767101107,1.5097672,0.13125005
2017-10-08 09:00:00,25.830851524286004,31.944977,14.552399,13.434237243045521,18.804821,7.419032,1.299881320470962,2.5415685,0.1450415
2017-10-09 09:00:00,22.305513534810643,28.351715,11.502106,16.617460003894895,30.96812,7.8392153,0.970782838045427,1.6921104,0.20673952
2017-10-10 09:00:00,22.37346941213883,29.380035,10.434723,13.784631120538375,27.566349,6.287203,0.7091263546394133,1.5498196,0.20479874
2017-10-11 09:00:00,22.363634922695383,29.395905,9.927155,15.681626427481376,19.261843,9.7579365,1.1826350281963085,2.973612,0.20868829
2017-10-12 09:00:00,18.84869379672932,25.504059,7.254059,12.432865487551993,29.053226,4.128686,2.2836432255592816,4.256092,0.45701554
2017-10-13 09:00:00,17.69791889496463,23.340973,7.973053,7.663172300761986,16.995808,1.0703001,1.4908917927501057,2.743524,0.25325927
2017-10-14 09:00:00,19.526295956028207,24.836823,10.190338,10.60152339815258,19.599823,5.084197,1.098338609825648,2.2586591,0.055804323
2017-10-15 09:00:00,21.18185688742318,26.097809,12.334137,9.220212006819517,14.15661,6.058031,0.5423162517824694,1.4738307,0.18322246
2017-10-16 09:00:00,23.71938697180576,29.578522,13.6371155,8.2360834143782,10.911482,5.4155197,0.6521176230785891,1.4062933,0.01734905
2017-10-17 09:00:00,24.21599715031681,30.116608,14.268951,10.381094976307436,18.717165,1.8118374,0.6792070106070284,1.8044591,0.17034653
2017-10-18 09:00:00,22.329237964562253,28.905182,10.778229,18.741020496453555,31.161947,5.989628,0.8926108897980244,2.000945,0.05379863
2017-10-19 09:00:00,22.381680954188596,27.700104,12.8993225,12.481506443660018,21.75915,3.8890133,1.0330557182155022,2.2285628,0.20528355
2017-10-20 09:00:00,20.48440104300073,27.795563,8.85025,30.457987944634304,43.638145,18.795662,2.64499319263443,4.574155,0.4217751
2017-10-21 09:00:00,14.770715179983029,19.926422,8.11026,26.926586393742074,44.783997,21.12384,2.2074495869273782,4.139249,0.241806
2017-10-22 09:00:00,18.384131503605374,22.284088,12.559235,24.498665495130314,33.53122,13.292936,1.3380502548302127,2.7279503,0.031808708
2017-10-23 09:00:00,21.83435701548632,25.278717,15.695221,14.880122576445213,26.473396,9.914803,1.0927536522050039,1.6965129,0.19124427
2017-10-24 09:00:00,24.38997237437576,28.406647,16.392975,14.163419552645978,29.29805,4.906415,0.9720968968432563,2.0064185,0.32793555
2017-10-25 09:00:00,25.96237065330388,31.636871,15.818512,16.27336311695617,27.048897,8.38034,0.40063318913668644,1.0270356,0.03854505
2017-10-26 09:00:00,25.967866785988235,31.380035,15.921051,19.18796588947183,27.020958,13.061927,0.33206510320006566,0.81948423,0.041476242
2017-10-27 09:00:00,25.905012047847492,31.57608,15.722565,14.487389906747172,19.101646,10.428347,0.3725676644517406,1.0658345,0.05062313
2017-10-28 09:00:00,24.58268532817027,30.004547,15.408844,18.07966488007141,24.86988,12.846449,0.5064648103731341,1.2326946,0.02610971
2017-10-29 09:00:00,24.26319256753294,29.060455,15.204987,17.912828430974884,23.052368,14.587524,0.72649483333662,1.894497,0.12272116
2017-10-30 09:00:00,21.4519787382103,26.411041,12.190338,20.02435815576756,26.374908,16.21668,0.961241603915452,1.9632921,0.259575
2017-10-31 09:00:00,18.83514615486979,25.41446,8.371246,38.943001034256575,57.839363,20.253426,1.0373395710175404,2.5633497,0.025240803
2017-11-01 09:00:00,16.07008897930416,21.049225,8.8993225,41.99815431792866,63.30232,19.75142,0.5196173609090499,1.3456962,0.061211903
2017-11-02 09:00:00,17.934859884136415,23.358551,8.698395,51.52150629912646,71.10224,22.993967,0.7621470758582323,1.6412184,0.40530714
2017-11-03 09:00:00,13.666327257213368,20.437653,2.6583557,71.3332438197079,90.127914,44.559273,1.6682214529653694,2.8388357,0.94632083
2017-11-04 09:00:00,13.654161716337057,20.916168,1.460022,66.409639794821,83.351425,50.27415,1.712541892429212,3.2410855,0.86248755
2017-11-05 09:00:00,13.82695906793299,21.460876,1.218689,59.93900255278647,74.40183,30.68715,1.835392811504194,3.198829,0.64223766
2017-11-06 09:00:00,12.360611607221244,18.786041,2.8663635,32.05913827426664,53.32982,16.708727,1.5191792117139893,2.6608217,0.4208755
2017-11-07 09:00:00,13.914324675061778,19.74472,4.4342346,12.360774474060786,25.057198,1.9126654,0.6928808978584097,1.7896858,0.060232587
2017-11-08 09:00:00,15.557816863736832,21.522125,5.0970764,18.535901924568,46.99859,6.7290583,0.8824493965771517,2.5579996,0.15005147
2017-11-09 09:00:00,16.48018335082884,24.087921,5.5397034,47.09351957483738,77.13087,24.948761,1.8488596778248507,3.216875,0.39189836
2017-11-10 09:00:00,16.197012994535612,23.61493,5.0543823,52.429959021346946,81.707726,17.94118,1.57897064563314,2.6080205,0.19803628
2017-11-11 09:00:00,15.496008847542498,21.990814,5.502838,34.59960361995187,65.759224,7.4975023,1.46518281008392,2.920043,0.2655197
2017-11-12 09:00:00,16.076574897642445,22.017487,6.244049,25.291536863864312,44.45361,4.4965773,1.1146229151814047,2.5180058,0.22344267
2017-11-13 09:00:00,15.759004031019856,21.545563,5.346344,30.94194764248764,49.553482,15.545,1.0631148732570344,2.7436316,0.15956625
2017-11-14 09:00:00,15.944314418116448,22.313385,5.0973206,36.99849568346208,54.475365,18.405052,1.3287681458996474,2.3494148,0.20417954
2017-11-15 09:00:00,15.542297932844633,21.535553,5.242584,18.79079467146665,39.62582,-1.8976727,0.8455485561893482,2.5648448,0.071214706
2017-11-16 09:00:00,16.98454339596674,24.620758,3.9410706,52.3176981675834,70.59562,40.28312,2.2553669848564613,3.9200613,1.2729275
2017-11-17 09:00:00,14.171907328788336,23.603668,1.5079651,64.70363777989347,96.73596,38.72616,1.6979934882260688,4.054167,0.48762903
2017-11-18 09:00:00,12.071996559662352,18.314453,0.26953125,28.167380531602415,35.127495,18.779839,1.0729957475538148,1.9173124,0.074306935
2017-11-19 09:00:00,13.608088211514882,20.11734,0.46499634,14.865556523865894,30.56454,-1.8451138,0.7853168643919965,2.046252,0.1730504
2017-11-20 09:00:00,14.014481773877208,20.18863,1.769928,17.254247223811355,31.387058,2.7403898,0.78906097117283,2.3811972,0.11795308
2017-11-21 09:00:00,16.342477995647073,22.217316,5.2519836,37.379594184580355,56.937202,27.761421,0.7775054902407031,1.4535307,0.12813985
2017-11-22 09:00:00,17.18065775948355,23.050049,4.869293,32.84786797997263,54.029976,18.041695,0.6493159850637362,1.3562974,0.1597389
2017-11-23 09:00:00,19.299261126975466,24.871246,7.9649963,25.355656665896756,40.68074,15.352616,0.9547260848377158,2.0560002,0.29449645
2017-11-24 09:00:00,18.966395864971958,25.423248,6.259674,27.533593020729274,40.188477,16.534044,1.3519641281346892,2.6573439,0.21134016
2017-11-25 09:00:00,17.96153084831542,24.255035,4.594879,22.321857924486856,44.454983,6.663371,0.6990059608361322,2.0803468,0.069820814
2017-11-26 09:00:00,19.16866292301887,25.819977,4.8766174,24.484521095269287,47.19291,17.774864,1.6241799750881298,3.2150495,0.7356812
2017-11-27 09:00:00,16.694889442347687,24.58487,3.7391663,52.13222049312836,84.11635,26.897594,2.1981726564575466,3.5416234,1.0370041
2017-11-28 09:00:00,9.64749821507661,15.907806,-4.4203186,32.48073065633196,45.72766,21.118286,1.4679880139283021,2.3386722,0.0877824
2017-11-29 09:00:00,11.440419934586089,17.438873,-0.48104858,27.48136877818443,48.706314,13.467487,1.1700586791421523,2.2465951,0.19367784
2017-11-30 09:00:00,11.452778095739177,17.194489,-0.2605896,26.501263955198098,42.423706,16.268108,0.8446705175891929,1.5497557,0.23800358
2017-12-01 09:00:00,12.491836188608943,18.080475,0.06680298,24.279009537840075,41.38385,9.133852,0.9556936583502769,2.151202,0.19715412
2017-12-02 09:00:00,12.24607419046896,17.899567,-0.1121521,28.059675353419728,47.455498,7.936948,0.9429158490139702,2.430509,0.15643339
2017-12-03 09:00:00,11.847289115110073,17.911285,-1.0574646,25.72121380938414,53.989933,10.512667,1.7669546422156819,3.1682117,0.5657235
2017-12-04 09:00:00,8.561095283637712,15.573639,-4.846283,32.114131707897336,63.14608,4.4312363,1.970321006067985,3.6223836,0.193928
2017-12-05 09:00:00,7.865027602949738,15.730377,-8.395233,17.956452646636443,41.541855,8.172268,1.7074073747853993,3.969789,0.7252019
2017-12-06 09:00:00,9.804640614555524,17.569733,-6.647064,17.85621536488208,44.94176,4.8702974,0.9453218624712346,2.7411337,0.058694635
2017-12-07 09:00:00,11.341211280232699,17.063873,-2.5689392,15.976687080246144,44.842613,5.3777704,1.245388303978965,2.986658,0.1874286
2017-12-08 09:00:00,11.86936455542974,18.494781,-2.9730225,17.556804956141054,49.788723,3.9957552,0.8551269890063155,2.2371593,0.08480508
2017-12-09 09:00:00,12.83774577188234,17.910278,2.482544,17.647992296850703,51.861694,3.7405987,0.8440876265747106,1.8129656,0.10626545
2017-12-10 09:00:00,13.610996720345497,19.026978,2.7164307,13.352976773433891,42.72339,3.096055,1.0772289645124156,2.483343,0.010945903
2017-12-11 09:00:00,12.850628635357737,18.112915,0.81604004,14.252288565929444,47.34079,0.8150282,0.8473769855859745,1.9962856,0.14697056
2017-12-12 09:00:00,12.972602556552658,18.230377,1.2772522,12.570433558259186,49.51645,-0.5655842,0.756797216012738,1.5823818,0.03224258
2017-12-13 09:00:00,13.484557589357223,18.496033,3.187439,12.755067937257998,44.53671,-0.49207783,0.7776335002235719,1.3799367,0.07088339
2017-12-14 09:00:00,12.300181863858711,16.67865,2.7040405,15.758282707505535,48.442467,2.9598608,1.1396352869693362,2.739629,0.4004339
2017-12-15 09:00:00,14.032045720013855,18.930328,3.1041565,13.873789949662415,43.737976,3.5446692,0.7957684206483499,1.4972197,0.1705759
2017-12-16 09:00:00,13.067279973178245,18.814667,0.90841675,14.536088561381694,35.662975,8.047983,1.7960639198597106,3.7289732,0.4665007
2017-12-17 09:00:00,9.018326476057098,17.90451,-7.30838,29.351142899399278,40.24781,17.68531,1.8285741140612541,3.425139,0.32822385
2017-12-18 09:00:00,10.584753940497365,17.465424,-1.6419983,25.125575293753997,47.35607,15.634025,0.6202282093975541,1.6964314,0.18437505
2017-12-19 09:00:00,12.910208334036724,19.137726,1.2197571,25.278464705503257,40.61251,17.324444,0.46318190673771004,1.159905,0.0631363
2017-12-20 09:00:00,11.775604490123953,18.582916,-0.62802124,25.845565982394596,46.255608,19.458733,1.1897587525280273,3.13663,0.07286416
2017-12-21 09:00:00,4.706850461428758,12.948883,-10.08432,25.769937696052725,48.6255,12.922375,1.7655849658290275,3.1367328,0.14034489
2017-12-22 09:00:00,5.983393536250105,12.565277,-7.704773,19.402490126038337,36.767136,8.71775,0.6342971779055881,1.5389041,0.044478208
2017-12-23 09:00:00,9.200790759492634,14.428253,-0.6498718,12.654283801191156,31.909729,1.6245737,0.7002815198947666,2.0465944,0.057296
2017-12-24 09:00:00,10.320044502613996,14.388672,1.1297302,14.977547214379548,39.305702,1.4697628,0.651291932934693,1.763592,0.12073568
2017-12-25 09:00:00,10.09187847005444,15.132599,1.2419739,23.088575869391597,46.43677,3.6426392,1.0170835559901128,2.1740136,0.15839376
2017-12-26 09:00:00,11.55158603929857,16.755402,2.6089172,32.66848560371071,46.776215,22.432465,0.6646219634716108,1.1934435,0.26842847
2017-12-27 09:00:00,13.602306499422752,18.162323,5.5490417,23.193471829789722,38.55996,15.169335,1.0312761193111044,1.7584091,0.28626367
2017-12-28 09:00:00,13.193966296785732,17.864288,5.672882,17.84850622441574,42.928246,7.5618362,0.8966647599756068,1.5470659,0.26809216
2017-12-29 09:00:00,14.07695987556582,18.201538,5.279663,16.10886125413995,42.056694,6.4124756,0.6131442975133308,1.3063282,0.08977581
2017-12-30 09:00:00,14.127158166331697,19.818207,3.57016,11.78860802507171,29.08659,5.477215,0.688152723103166,1.9669695,0.11276788
2017-12-31 09:00:00,13.43693935712372,18.854767,2.7551575,16.502041087363445,32.219837,5.2429543,0.6218681590618955,1.5661261,0.13037768
2018-01-01 09:00:00,15.217677375434448,21.675323,4.562042,21.583247133820088,43.58618,8.492433,0.7081634614612015,1.5801316,0.064653054
2018-01-02 09:00:00,14.310929762867147,19.163666,5.198822,31.880844662087174,50.66339,20.357447,0.5691683910538359,1.1899545,0.040802803
2018-01-03 09:00:00,13.071337050648992,18.287415,2.1956177,24.815912724521496,50.250965,8.387969,0.5681544574395613,1.2590786,0.054493476
2018-01-04 09:00:00,11.62184551246554,17.474915,1.4163208,50.02638836233737,72.906586,26.285488,1.073046320355242,1.7739758,0.15674248
2018-01-05 09:00:00,14.847305960757865,22.145355,1.4363708,58.43614080657709,71.39386,36.43292,1.0866463294269948,1.9513931,0.2805961
2018-01-06 09:00:00,14.441606284885154,22.18097,1.880188,60.897125967924175,74.48729,35.560883,0.890652431153669,2.403281,0.087328926
2018-01-07 09:00:00,11.845569791026321,18.988068,-0.23190308,32.25084104955005,52.705635,4.1665716,0.868610919032489,1.4859658,0.36577618
2018-01-08 09:00:00,13.00369861514281,19.414398,0.21713257,45.772865054941605,70.38574,22.256836,1.2613180541235856,2.4840744,0.46865925
2018-01-09 09:00:00,10.407135188446375,15.807343,0.90475464,77.90472578603199,96.96982,56.08264,1.800684503644505,3.0157826,0.4885769
2018-01-10 09:00:00,9.158422619400199,17.048248,-1.3698425,73.48056848219743,86.47865,57.669147,1.2378284549709815,2.148162,0.34554517
2018-01-11 09:00:00,9.713278646317178,14.680969,-0.009613037,35.13127309185865,48.632523,24.284866,0.898151051340793,1.8915789,0.16418345
2018-01-12 09:00:00,12.758333616280936,17.875153,2.1524963,25.662094137636483,41.904823,14.939056,1.0550761021764337,2.5066948,0.13255115
2018-01-13 09:00:00,11.6587941632867,17.070831,0.9321594,23.587279712390572,45.481792,8.622417,1.0438579749579826,1.7902852,0.09157571
2018-01-14 09:00:00,12.023279502347862,17.617218,-0.3612976,27.950978946360657,55.008705,10.297769,0.7938762279420272,1.6854005,0.04860576
2018-01-15 09:00:00,12.419672792246843,18.360687,-0.174469,27.276608946297067,45.560238,16.98022,0.6568637463738672,1.326084,0.11624982
2018-01-16 09:00:00,12.626748345201065,18.755707,0.5623474,27.097063947028673,48.10184,12.186311,0.8498406624333805,2.1158516,0.19426595
2018-01-17 09:00:00,11.521256137722673,17.407013,1.1511536,43.31743509364611,62.966156,24.856783,0.6122002006204496,1.1655958,0.22988316
2018-01-18 09:00:00,12.027958505309414,16.662262,2.8771057,40.66975929279654,59.40882,31.760765,0.6790677493290931,2.200439,0.18154334
2018-01-19 09:00:00,13.259752889268668,20.728302,0.9802551,47.72820192388136,73.89871,20.144806,1.7751698660783741,3.9176936,0.5050634
2018-01-20 09:00:00,7.446841621290844,15.277374,-5.7499695,51.315867642727135,75.21921,31.50483,2.1721606976373007,4.5888224,0.1269294
2018-01-21 09:00:00,6.01341136148136,14.875214,-8.675049,34.9572574241934,66.854225,25.815163,0.7526511606729702,1.5201494,0.0945255
2018-01-22 09:00:00,8.00967484201982,15.204803,-3.4397278,35.92796893213634,59.975716,19.802338,0.5650546386228839,1.5839055,0.09749392
2018-01-23 09:00:00,9.524478742472581,15.992798,-0.8529053,38.07098461389797,61.465305,19.598118,0.7431916379154225,1.6135824,0.16125144
2018-01-24 09:00:00,10.65336190580382,16.51529,-1.597992,19.034778040811368,35.90769,8.933385,0.8461147548635494,2.4335911,0.18753448
2018-01-25 09:00:00,10.889763688915025,20.267548,-4.9219055,28.997809493750424,58.584324,5.2366686,1.5979672595003518,3.0175889,0.17767039
2018-01-26 09:00:00,6.922307275626679,16.027863,-7.620697,36.81437984671932,52.782387,29.563639,1.3292677913319517,2.416974,0.18978244
2018-01-27 09:00:00,9.0966175001264,15.803741,-2.8935242,23.9075090071263,46.942688,9.678626,1.2295399802864486,2.426211,0.07096361
2018-01-28 09:00:00,11.66592281358868,17.507416,1.3431702,25.985622500807118,45.904827,10.186078,1.2760637378566206,2.0268428,0.37031564
2018-01-29 09:00:00,14.146597540493246,19.959198,3.2853699,19.518133249765626,43.790054,3.9033365,0.7255639549021897,1.3156449,0.08103632
2018-01-30 09:00:00,14.318180304802752,20.129028,4.343872,15.63657039824761,35.1588,4.93668,0.6864199445093713,1.6568457,0.1221403
2018-01-31 09:00:00,16.502891276944922,22.522614,5.5519104,15.416354109984594,36.94005,2.5181713,0.9192480310275079,1.6754253,0.19342414
2018-02-01 09:00:00,15.929579517461093,21.380829,6.0507507,15.65752743123022,39.662075,1.5423174,0.7598202231265851,1.3342937,0.16067423
2018-02-02 09:00:00,16.864043805340884,22.73346,5.161194,29.189440613985585,47.313477,18.524414,0.7332509844711605,1.2912208,0.02410542
2018-02-03 09:00:00,18.087461426915354,23.779999,7.735077,21.679651379578985,38.171318,11.140036,0.7752648576998608,1.5961425,0.20826015
2018-02-04 09:00:00,19.457148905005965,25.739075,8.227356,25.83128028627018,39.728333,17.993958,0.683157978419995,1.3135773,0.16363639
2018-02-05 09:00:00,18.534110195885546,25.472748,6.8145447,24.931591415107103,35.778503,16.680653,0.7903311591623011,1.6380777,0.19942383
2018-02-06 09:00:00,17.97623991099573,25.053986,4.841095,23.046480694171425,41.374565,7.102731,0.774124730145263,1.6411322,0.017163394
2018-02-07 09:00:00,17.790162556685345,24.687164,4.648102,20.753283855619117,33.7239,5.524679,0.4345588465841257,0.88417774,0.21052118
2018-02-08 09:00:00,19.548226722267316,27.295624,7.4440613,25.27347683317883,43.234146,13.523321,0.5952004039004637,1.299269,0.13638839
2018-02-09 09:00:00,19.379928872308597,25.946106,8.553528,24.367564465030988,40.848175,9.027863,0.7114978878836526,1.5805359,0.049274955
2018-02-10 09:00:00,18.072934828359166,25.359222,4.6541443,29.940067764634325,52.377464,13.498558,1.2642471979931993,2.169589,0.12325495
2018-02-11 09:00:00,14.760815035256144,23.212067,0.2472229,26.45365452277498,35.31425,13.361125,1.0067452321180723,1.8676926,0.24310264
2018-02-12 09:00:00,13.273766733750108,22.940063,-1.9915771,32.43814703729985,50.573563,23.245438,1.8428511976683148,3.090949,0.18701184
2018-02-13 09:00:00,7.381557084324584,15.848755,-7.682495,46.553759403713244,82.64532,28.711721,1.3062331877401503,2.3754606,0.5244738
2018-02-14 09:00:00,10.572720773999151,19.632874,-6.1270447,38.04817051138977,54.503277,27.106918,0.9441554739015668,2.1823719,0.08283718
2018-02-15 09:00:00,12.257666321696945,21.534088,-3.0870056,35.53668726879586,54.555023,23.71074,1.7176786856075232,3.5823033,0.083203696
2018-02-16 09:00:00,12.22174095174023,20.242828,-1.6634216,19.33420027488088,36.755733,10.158803,0.9444775007363383,1.9590203,0.1986362
2018-02-17 09:00:00,14.384673300012935,21.150848,4.094208,23.221109551903968,36.172455,12.410399,0.6630877611383568,1.3805711,0.075117156
2018-02-18 09:00:00,16.822740719698572,24.394318,3.6911926,31.771586499236047,45.999413,22.030663,1.3325976688510985,3.3639538,0.20947406
2018-02-19 09:00:00,10.973719281485785,20.441437,-3.2636414,54.271397456217294,71.000565,39.093105,3.3941518781115065,4.4575367,2.3190591
2018-02-20 09:00:00,3.246360738770818,13.008331,-12.442841,38.85864877361237,48.66067,26.090359,1.5663934689334844,2.7942019,0.06681313
2018-02-21 09:00:00,5.0646799578804576,14.124115,-9.481354,37.13039832313447,59.789032,25.939028,0.8570978895383831,1.8325659,0.06582448
2018-02-22 09:00:00,6.358277974007365,15.9999695,-8.84964,48.71879105857591,63.54221,38.245335,1.0920040103133017,1.9859078,0.11412706
2018-02-23 09:00:00,4.562141673804149,15.948822,-12.537506,54.866873792687294,73.396675,39.754112,2.07334640014274,4.1238065,0.3871658
2018-02-24 09:00:00,4.953276334838506,13.084625,-8.141449,26.60780458384117,40.777893,18.308697,1.1065056624238043,1.756061,0.20491399
2018-02-25 09:00:00,8.383055133119399,16.744781,-5.3782654,33.007701263187634,51.30109,19.59524,1.2916707648157717,2.3297281,0.057623245
2018-02-26 09:00:00,10.138551250249805,18.27774,-3.2847595,36.24381855841194,57.925823,10.916676,1.1245956741341303,2.8173263,0.11783646
2018-02-27 09:00:00,3.029811543457015,9.748932,-8.465149,70.88980011240689,85.25904,52.966072,1.142816009963408,1.8213493,0.37487316
2018-02-28 09:00:00,5.676435869976785,13.717926,-6.5794373,44.93976294209194,75.08493,24.456024,0.565194908655897,1.3282127,0.12512651
2018-03-01 09:00:00,8.891775941220828,17.145905,-4.408783,56.51763284644079,76.05879,32.496296,2.073998113224133,3.3860965,0.6901802
2018-03-02 09:00:00,7.240691327036188,15.208649,-5.551117,81.37476535914222,96.506485,65.87367,3.628870698029004,4.923726,1.8036178
2018-03-03 09:00:00,6.491721649520912,15.429352,-7.1370544,78.10386716588857,98.75043,65.16397,2.0953571650923406,3.8953888,0.7801426
2018-03-04 09:00:00,4.1896332060801456,14.023834,-9.7691345,44.11772480816251,61.420082,23.646645,0.9968929086767135,1.6587989,0.106602795
2018-03-05 09:00:00,7.642680328476331,15.238678,-6.882416,25.37296757699314,39.951736,10.272928,1.1925391150936913,2.1772375,0.19287926
2018-03-06 09:00:00,11.146029889334443,18.645172,-1.7337341,17.224628712146693,22.715939,10.473752,0.6891330792118028,1.4929341,0.2051983
2018-03-07 09:00:00,14.597477846644153,23.400787,0.5003967,18.16427017222063,37.71055,5.452738,0.5825607422231153,1.1170173,0.14173967
2018-03-08 09:00:00,15.41693560955082,24.627106,0.9708557,26.32350007484068,42.728626,9.253521,0.7350469434029052,2.381889,0.17576718
2018-03-09 09:00:00,15.828729967134052,25.102936,0.10293579,38.02823702232757,54.031673,24.82102,0.9393109412808033,2.2602398,0.18130448
2018-03-10 09:00:00,14.137612619327399,24.440094,-0.7403259,57.36222983531476,74.04083,41.857235,0.8996569003106012,1.8952718,0.16898161
2018-03-11 09:00:00,10.692081629260997,19.471588,-1.7940369,65.68126647375567,77.46271,44.66113,0.722155904550058,1.6579835,0.20735985
2018-03-12 09:00:00,15.091168365938131,23.284088,1.7001038,58.50456693552051,68.210846,45.268364,0.8743967177264899,1.809783,0.06390385
2018-03-13 09:00:00,17.029883712823903,25.912262,4.365387,49.2025034039239,71.93433,29.035456,2.0602169215221435,3.4362957,0.79937756
2018-03-14 09:00:00,12.87193334509982,20.829498,1.8744202,60.12456007524741,78.24146,32.366467,1.958439418954963,3.2669537,0.66030425
2018-03-15 09:00:00,7.771470278378388,18.063385,-4.936615,41.870882009929225,64.59066,12.606287,1.7219214358221062,2.8850965,0.32452106
2018-03-16 09:00:00,8.731935650627804,19.312164,-7.0726013,52.84928937942785,71.74413,37.119133,2.1059211769458632,3.5534792,0.9992252
2018-03-17 09:00:00,6.123827862214398,16.165436,-7.191986,55.7427938609921,77.242615,29.765875,1.3289210957423325,2.8801708,0.3381606
2018-03-18 09:00:00,5.699147201018263,13.914673,-7.461029,40.97066984911239,60.434868,23.305746,0.9653451146675044,1.985321,0.021305563
2018-03-19 09:00:00,8.31778160095189,16.045319,-5.183197,24.029921984015573,47.400536,7.295864,0.6447515144557039,1.5364532,0.09747412
2018-03-20 09:00:00,13.18059336730289,21.888824,-0.45687866,38.06294331011001,57.74215,14.218714,0.8237984512036458,2.138185,0.011891543
2018-03-21 09:00:00,9.890794515321943,16.1315,-0.6543884,78.27240808362586,87.98962,65.21227,1.9307278098458656,3.6973488,0.9075649
2018-03-22 09:00:00,12.05411438728612,19.071442,0.46206665,83.49162585796827,97.64797,61.6515,3.2878796697278845,4.589606,1.6027337
2018-03-23 09:00:00,11.63379263361577,20.692047,-0.3025818,38.26129115693289,78.4495,2.2659044,1.9231499653424557,2.795836,0.8315178
2018-03-24 09:00:00,10.754418043605881,17.731354,-1.4405212,51.04051191147463,78.313705,5.426195,1.379354891256924,3.624202,0.3698788
2018-03-25 09:00:00,8.896617539870874,17.67276,-4.499115,53.35309630715737,70.413605,33.613354,2.2773099009805713,3.664733,0.72684354
2018-03-26 09:00:00,8.594549741026356,17.06485,-4.5308533,37.924746886609114,51.893757,24.403915,2.2620108202928515,4.1188974,0.40550455
2018-03-27 09:00:00,11.169378209499598,18.49405,-2.898529,31.342004234614837,44.94984,17.726461,1.2625338015288652,2.7946067,0.16711083
2018-03-28 09:00:00,14.71708542061225,21.685455,2.5697327,33.126303410623045,42.539875,25.290825,0.8648443912337923,1.9976106,0.22733217
2018-03-29 09:00:00,18.155342608604258,25.399078,5.6158752,29.428800370033525,41.895355,22.707857,0.5866092028140455,1.0760075,0.12278969
2018-03-30 09:00:00,19.299450141607565,27.629303,6.2132874,22.48646202087827,38.030415,9.898361,0.4796769320347374,0.9802531,0.033202272
2018-03-31 09:00:00,20.384559394750852,29.646393,6.163971,23.229399522738888,47.080257,8.478822,0.7591478445596118,1.3197081,0.0754847
2018-04-01 09:00:00,19.89452070768209,29.119537,6.6148987,16.156560933896568,27.346918,5.469062,1.1238136054134382,2.2242165,0.27362257
2018-04-02 09:00:00,20.32267477602528,29.689362,7.214752,29.96512943621613,36.006107,20.453154,1.6673873573695828,2.9145296,0.21469036
2018-04-03 09:00:00,18.38473443274529,27.537994,4.377838,35.18124164914457,61.232883,17.301512,1.2341361876606292,2.506745,0.013178359
2018-04-04 09:00:00,19.784941773735056,28.804108,5.8490295,26.381517587239223,41.797974,6.9346905,1.0422828327956215,2.0424664,0.12339335
2018-04-05 09:00:00,19.50671698071966,28.78946,5.75235,34.18995103973815,45.915318,22.248226,1.28441874464234,2.5235996,0.22494195
2018-04-06 09:00:00,18.246550778053347,27.521149,4.648102,42.00011751685196,63.291313,24.084282,1.210143138273191,2.2511883,0.14070971
2018-04-07 09:00:00,15.059061050378546,23.693665,4.4124146,82.52610589833071,101.19038,66.175476,1.3740376964862702,2.8490555,0.1570447
2018-04-08 09:00:00,17.120330654121062,25.368317,5.2211,22.89000778181436,46.643105,13.541544,2.5706319691584216,4.8987675,0.45991582
2018-04-09 09:00:00,17.76494376328543,23.580475,7.5558167,17.114080769266547,33.167423,2.5022302,1.1584878382123256,2.3349252,0.14238702
2018-04-10 09:00:00,21.565297919315242,29.46988,8.54776,17.569063650058308,32.089355,6.23668,0.7372770969114881,2.5892682,0.08933749
2018-04-11 09:00:00,21.262841282102556,32.694,7.4203186,30.408734738612015,51.998356,-0.17939949,2.3936304732992473,4.56996,0.44742703
2018-04-12 09:00:00,17.176383251705374,27.7294,3.6219788,43.86850384582043,72.91176,24.591534,2.8185685926986777,4.5058904,1.5690856
2018-04-13 09:00:00,12.598214933731072,19.819,0.8409729,23.56659805774636,48.37181,14.348375,2.5391312259808743,4.540852,0.52585584
2018-04-14 09:00:00,15.84083220233083,22.837555,3.6983948,26.523140421534663,42.30764,13.084455,0.8063436281267554,1.6906037,0.08694653
2018-04-15 09:00:00,19.81764947190851,28.75357,5.3121643,34.0419258218582,44.18219,20.605124,0.8210646647502367,2.4040828,0.16951896
2018-04-16 09:00:00,18.986438989383146,30.68814,2.1627502,31.37749817825819,51.66552,16.661615,2.5381082200208365,4.230158,1.0320411
2018-04-17 09:00:00,7.688789574180419,15.114899,-4.8421326,50.92766261297978,71.52991,20.53364,1.0815418608841905,1.9941028,0.10327701
2018-04-18 09:00:00,12.085649029933961,19.986237,-0.5603943,29.94825801395566,48.061028,8.084932,0.9496784407046759,1.7835364,0.014769539
2018-04-19 09:00:00,13.148351877989171,23.979645,-2.110199,46.86700621964132,58.253254,23.736004,2.0467709319390703,3.5901816,0.70352715
2018-04-20 09:00:00,14.39265978614759,22.56192,1.9305725,40.06449703423569,51.509193,31.329506,1.7331237367115186,2.901468,0.29512706
2018-04-21 09:00:00,18.875734381106156,26.480621,6.0592346,30.22025352512751,50.06321,17.496801,0.8202690140274974,1.7587607,0.051967032
2018-04-22 09:00:00,21.81663664818859,30.758942,6.7950745,33.70158581427607,46.570305,26.305954,0.7300031409144762,1.288075,0.19526769
2018-04-23 09:00:00,23.55666243163654,33.812164,6.82193,29.400629676390018,35.53004,23.887667,0.7304227249233277,1.4091021,0.08774403
2018-04-24 09:00:00,24.429887899280914,34.92276,7.344635,29.509129454902883,37.520218,15.627796,0.8272739652737658,2.0287166,0.05978745
2018-04-25 09:00:00,24.586765273900767,35.044342,8.108063,32.09349151708453,43.85719,20.51344,1.0370992296311183,2.5398877,0.045116253
2018-04-26 09:00:00,24.94286563781327,34.74527,9.594879,37.890244933422295,46.87097,22.921154,1.1888394244435254,2.9782317,0.08479356
2018-04-27 09:00:00,23.25479340496372,33.3732,7.025543,36.19711176340124,58.248688,14.917773,1.989586223873815,4.3344016,0.3557266
2018-04-28 09:00:00,18.282285700232933,26.94522,4.5760803,40.03697839110639,67.55141,19.410782,2.71237024202164,4.9425693,0.6314967
2018-04-29 09:00:00,16.613135271168915,25.420319,2.490631,47.92765912357982,62.89935,30.58938,2.837427067000273,4.832911,0.7152235
2018-04-30 09:00:00,14.75937125011501,24.206207,0.80874634,63.94292067257409,74.32763,47.25115,1.9788720019971204,3.3913825,0.44651514
2018-05-01 09:00:00,13.727722751501801,23.1315,-0.067718506,54.87446168446748,73.05663,36.16038,1.5174528496882176,3.2772489,0.14043078
2018-05-02 09:00:00,15.016460331236885,24.83194,0.7738342,52.38385282192542,73.20174,28.490444,0.9496693257386721,2.432453,0.048299965
2018-05-03 09:00:00,18.69190091844797,27.859528,4.8260803,45.80561878566399,61.407207,23.64069,1.063238628305773,2.0990152,0.386516
2018-05-04 09:00:00,21.251901559142482,29.574371,7.9344788,31.380606573581634,43.44658,23.470016,1.022540202694252,2.326022,0.07727614
2018-05-05 09:00:00,23.98714470954843,33.345367,8.027252,30.070195958376654,47.96573,19.984177,0.7261361244526835,2.0256412,0.08792287
2018-05-06 09:00:00,24.08049387487921,33.55435,8.441803,21.879326299126827,33.549522,2.5026455,1.5309395721561958,3.3900278,0.17768154
2018-05-07 09:00:00,23.598430742231415,31.49405,11.755524,27.163434038441817,47.333244,14.565006,1.718268193308003,3.8021224,0.21495238
2018-05-08 09:00:00,25.19649265760222,32.944,11.4166565,23.976461109856697,43.702015,5.5379524,1.211048887530968,2.4952154,0.18532199
2018-05-09 09:00:00,25.83459321585707,34.227203,10.998688,24.781680406577948,39.721836,7.955882,2.287364150593862,4.406092,0.10810412
2018-05-10 09:00:00,23.731241404905745,31.701569,9.578522,24.629394630201034,43.51528,7.036538,2.0966924018933857,4.1248245,0.45462593
2018-05-11 09:00:00,22.85640562378751,30.922028,9.478668,35.63103135073512,55.462048,20.258488,2.147863103631522,3.804576,0.7736539
2018-05-12 09:00:00,21.224692075457313,30.628082,5.8487854,36.76152001613304,47.786663,22.395348,1.6205400665699095,3.1727204,0.4980617
2018-05-13 09:00:00,19.659265675191932,30.76529,3.5404358,40.48264120984582,56.867302,29.345898,1.3334091754779012,3.0809293,0.17508265
2018-05-14 09:00:00,19.74120497042577,29.995758,4.804352,54.4423636453324,71.355225,37.93265,1.3274868619702824,3.0515633,0.28162503
2018-05-15 09:00:00,21.033393720231913,31.014801,5.7484436,54.929832160687035,64.78342,47.125137,1.2302383949068554,3.1571949,0.066683955
2018-05-16 09:00:00,21.324194729800695,30.893951,8.366608,51.089352588299576,64.86353,23.821724,1.9189133552716209,3.2476656,0.70981604
2018-05-17 09:00:00,18.43631522944895,26.497467,7.483795,43.16273360385274,64.8962,24.747768,1.8468361325224214,3.4722917,0.6496673
2018-05-18 09:00:00,20.75667682001091,28.966217,8.56778,53.31564960023808,66.5782,37.668045,1.555437304730194,3.3104677,0.2547068
2018-05-19 09:00:00,21.730911165102896,30.480621,8.642487,51.41958466387991,73.94037,28.997995,1.750189692985469,3.608921,0.098285794
2018-05-20 09:00:00,22.035601981917694,31.557526,8.812164,35.23848936991254,50.24347,24.803852,2.1289423950309683,4.3283525,0.58916634
2018-05-21 09:00:00,19.802121828257384,29.03067,7.354889,46.24788785190426,60.024685,27.501247,1.5826831958316891,3.2323916,0.14624363
2018-05-22 09:00:00,19.35006289994311,27.686432,7.049713,57.550691090807945,76.08322,36.223427,0.9093420505590165,1.8653497,0.066356994
2018-05-23 09:00:00,22.154648190421256,31.91861,8.3385315,54.66323637324342,63.3706,45.19954,1.2578658679864514,2.7379546,0.35946015
2018-05-24 09:00:00,23.033392587245032,31.894684,10.539215,55.81783113145756,67.855835,40.280556,1.5713563844998313,3.4904718,0.4598616
2018-05-25 09:00:00,20.571893328098668,29.822174,8.624908,67.36527846572487,88.961716,44.1074,1.9474901699577865,4.2049894,1.0067922
2018-05-26 09:00:00,15.7096220282246,23.857086,4.216461,69.17442302769204,86.55468,43.129845,1.9390719801047664,3.053807,1.0112122
2018-05-27 09:00:00,19.049149314249405,26.596588,7.3407288,56.17504443934765,73.64035,42.89054,1.6885775333093156,2.9408503,0.33762553
2018-05-28 09:00:00,23.09703213689835,30.701324,11.592682,46.491103888520556,55.83078,40.369843,1.0290674622322016,2.0239792,0.09850093
2018-05-29 09:00:00,27.676772219412612,36.510162,15.031647,34.59914638685938,46.824936,20.178017,0.8123708413316032,1.9454428,0.077018656
2018-05-30 09:00:00,28.43964864297152,38.43033,13.4635315,24.292156450935053,37.73204,12.876571,1.9053180869736621,3.9125748,0.10906024
2018-05-31 09:00:00,24.04290134418261,34.32657,10.25235,28.506787489364108,48.198112,6.783123,2.533604796915746,4.284756,0.9295745
2018-06-01 09:00:00,20.60720243365023,28.343414,11.360992,26.811306850074132,38.80414,20.48368,1.9214677379961245,3.80729,0.50505024
2018-06-02 09:00:00,24.619876026521467,30.592194,14.95108,21.045328670940183,26.22289,15.623911,1.2033586233997953,2.0833616,0.17354219
2018-06-03 09:00:00,29.28196662700543,38.151276,15.518463,23.052113100255138,33.98622,12.807025,0.6381743451024475,1.1579169,0.17211951
2018-06-04 09:00:00,31.388171532233287,40.639557,16.74112,19.517020362664372,24.427444,14.470412,1.726179510378346,3.2814772,0.2707381
2018-06-05 09:00:00,29.634703023102304,39.051178,15.7777405,18.555960371867524,28.096088,11.658437,2.252287272700965,4.397956,0.60855454
2018-06-06 09:00:00,26.581892068334525,35.762604,14.018463,21.256399975706568,28.07265,14.342183,1.7275757805162193,3.2742112,0.72822714
2018-06-07 09:00:00,24.609041267009616,33.818024,12.253082,30.061577002280817,36.16073,20.870537,1.9719594128089635,3.844485,0.705792
2018-06-08 09:00:00,25.562482692628578,32.758698,15.255035,22.507844086734277,39.235825,8.466294,1.9469859792358728,3.8781455,0.5587053
2018-06-09 09:00:00,26.70572160790772,34.0961,14.826569,23.296813180825932,32.296555,15.010769,2.816676466057901,5.0512815,0.7346047
2018-06-10 09:00:00,22.211557007900183,29.382965,12.605133,20.083363371253135,51.72302,1.72538,3.239785572061215,5.8543124,0.7332436
2018-06-11 09:00:00,24.130946338064803,29.338043,16.035309,22.867071788306376,34.056156,14.061946,1.9454496094920581,3.7618575,0.42406198
2018-06-12 09:00:00,27.788116067515432,33.397614,18.638824,22.447013068466145,29.19449,9.934156,1.2519682355262756,2.5338595,0.25386125
2018-06-13 09:00:00,30.745369681935756,38.172516,18.68277,24.004575124594098,30.73206,18.071903,0.9407429556643246,2.0708592,0.23157972
2018-06-14 09:00:00,31.600800353581462,40.66519,17.68863,27.19783284344203,30.702122,19.740845,1.5872686634107747,2.9509335,0.22729555
2018-06-15 09:00:00,30.317316864692373,39.40689,17.102203,18.319585834655136,29.119946,8.549632,1.7704870351360051,3.7274446,0.53176934
2018-06-16 09:00:00,27.47470408512197,36.402496,14.800934,19.793609923493563,26.673615,5.519746,1.7398000068355037,3.4104776,0.7566086
2018-06-17 09:00:00,24.6869615469343,33.782623,13.597076,31.38720243090484,41.216755,16.351088,2.1317117205666687,4.443901,0.6933033
2018-06-18 09:00:00,22.049590283699672,29.167145,12.805328,38.83424255915405,55.086117,18.259342,1.3495523923520618,2.5305984,0.63372976
2018-06-19 09:00:00,26.15257981910719,32.79117,16.224274,33.58884638066262,44.6219,21.938305,1.3356312064450309,2.9013817,0.052592248
2018-06-20 09:00:00,29.816180480784283,36.27652,20.415924,24.130499343726797,35.407604,14.696668,1.6587421754425806,3.4771175,0.6194524
2018-06-21 09:00:00,31.620847865038286,38.235504,20.448395,14.387095516550476,21.69503,6.179406,2.206126661076707,4.1535335,0.14951384
2018-06-22 09:00:00,31.424466020888644,38.39615,20.48526,9.626268377866491,16.47123,3.3346243,1.6407625589591746,3.2916265,0.44619957
2018-06-23 09:00:00,32.56713301757799,39.68106,20.93692,11.049334551320571,19.589157,7.022337,1.5290522517131149,2.928106,0.32020172
2018-06-24 09:00:00,33.231110046589436,41.48355,21.7294,19.641503852743412,24.177456,14.728108,1.3103261514618205,2.952159,0.24237216
2018-06-25 09:00:00,32.5024377913615,41.374664,20.839508,30.651750590116116,37.917217,21.397842,1.643608477240528,3.5414755,0.46984532
2018-06-26 09:00:00,30.555040551718264,37.821686,20.306305,24.950499072931333,42.211784,13.022661,1.3479538014467802,2.6708076,0.6782092
2018-06-27 09:00:00,32.07838948336325,40.005524,21.232086,20.41266157318305,34.06119,7.334628,1.5083224134401105,2.895328,0.6521925
2018-06-28 09:00:00,30.721274205170744,39.04532,19.30899,19.07953355324788,26.735743,12.952297,1.9515475801803575,3.288312,0.4146277
2018-06-29 09:00:00,28.010282534399778,35.98477,17.266022,26.750906471800334,31.677351,18.458084,1.923411427948553,3.7446206,0.6243504
2018-06-30 09:00:00,29.733227797965185,36.78775,19.722809,27.84504174943774,32.6049,22.17432,1.5139785194683852,2.9232376,0.4333861
2018-07-01 09:00:00,32.1464866259397,40.43521,20.865143,26.30180660192042,32.358177,21.889427,1.2801459843958496,2.5715365,0.28433514
2018-07-02 09:00:00,31.891285866872863,41.509186,19.202545,26.45128396590876,31.590473,22.29994,1.664713904669264,3.4312923,0.41234398
2018-07-03 09:00:00,30.859432367708052,39.358307,18.844635,24.704547679079166,35.53825,13.709592,1.6707806509137388,3.3700364,0.43011028
2018-07-04 09:00:00,29.29057171940275,37.902496,17.96695,23.734119042130292,35.52967,13.307824,1.8540524953661963,4.025929,0.6989754
2018-07-05 09:00:00,28.84828509701407,36.65274,17.267242,18.12007118063608,29.300194,6.759741,1.549432677964741,3.0519536,0.41639918
2018-07-06 09:00:00,30.432480896290656,37.014557,20.104645,14.299944450231168,21.24482,6.640871,1.8252179832161681,3.6510415,0.015787872
2018-07-07 09:00:00,33.29243738470922,39.91153,21.663483,16.156297832123002,20.18796,12.230928,2.1386248149559943,4.1009884,0.10570199
2018-07-08 09:00:00,33.07814697507973,40.750885,20.611969,19.067176054642395,26.123882,10.846423,2.0655183110490962,4.06527,0.23595375
2018-07-09 09:00:00,33.823762041276325,41.565826,21.461823,17.11661145098728,29.162516,10.652578,2.4117670258150556,4.844107,0.5641897
2018-07-10 09:00:00,32.60315059604358,39.346344,22.230621,16.119681661099,30.665094,11.147029,2.2504903880278904,4.3324885,0.6162551
2018-07-11 09:00:00,32.76013044157162,39.740875,21.096344,22.622075226718056,33.539913,18.14495,1.2934495561597337,2.8919163,0.5035538
2018-07-12 09:00:00,32.58503247586481,40.898834,20.30899,27.622299224104914,55.821163,12.969961,0.9450724958257052,3.1475992,0.13526411
2018-07-13 09:00:00,30.49507265352969,40.834137,16.013824,43.24436699262103,67.07891,29.964634,1.022804504530553,2.2264733,0.21367037
2018-07-14 09:00:00,31.71643913534126,40.569977,17.534088,41.068487536496164,60.643063,32.451656,1.5316084272315846,3.769241,0.3057505
2018-07-15 09:00:00,32.43299907178027,40.84195,18.609528,37.67682250497854,48.46903,29.635536,1.5812631552255774,3.7626882,0.379194
2018-07-16 09:00:00,32.653224981677226,40.89322,19.738922,36.93554229873282,47.061176,28.938404,1.7426289241148116,3.8566136,0.7102158
2018-07-17 09:00:00,33.50505193955712,41.108795,21.329498,30.826647667206387,38.822716,21.38131,1.6524531385631367,3.5294483,0.7833965
2018-07-18 09:00:00,34.45245263874932,41.89273,22.709137,25.755367424948588,30.891136,20.922386,1.4447242001174196,3.1684697,0.52153784
2018-07-19 09:00:00,34.55867495343006,42.63858,22.378815,25.669276352514114,37.755993,20.815601,0.8809903384148043,2.2154775,0.16955242
2018-07-20 09:00:00,34.212343191413765,42.880768,20.49405,31.889840551932597,54.689148,23.12207,1.0424975387878153,3.0094123,0.15195996
2018-07-21 09:00:00,32.28414109998545,42.095367,17.704742,36.11884729528253,51.920956,26.588482,1.486295618928423,3.6463284,0.11517764
2018-07-22 09:00:00,30.722136262552738,39.588287,16.809723,46.215608835083856,57.418766,39.786495,1.507642641083703,3.6117053,0.42075044
2018-07-23 09:00:00,31.745585220605676,39.941803,17.818756,42.88081511934498,56.38689,36.257984,1.397517701189805,3.6245122,0.10482992
2018-07-24 09:00:00,32.42868787743532,39.68985,19.654938,31.767415839815577,47.86995,20.100416,1.6564943411080753,3.906986,0.17060652
2018-07-25 09:00:00,34.25445352351716,41.805573,21.026276,17.454357151810598,34.099125,10.466311,1.9974337049525375,4.1867356,0.23828885
2018-07-26 09:00:00,33.77747158471368,40.81778,21.628326,17.322092073509427,37.577335,7.5888443,1.6222867984581133,3.7095156,0.18860656
2018-07-27 09:00:00,34.013512484358046,41.161774,20.435211,20.253384750052877,36.514275,11.863465,1.559045352674013,3.6120718,0.10182548
2018-07-28 09:00:00,33.15309124094824,40.066315,21.344635,14.07976556097254,31.489962,5.050151,1.6799882223534486,3.6752505,0.525753
2018-07-29 09:00:00,33.41362112686318,40.251373,21.456451,18.76372666328055,32.73855,8.886988,1.3529706896529545,3.120928,0.54236877
2018-07-30 09:00:00,32.88991474316924,40.61026,19.99356,16.311306990975346,30.794285,6.804306,1.6350402259759411,3.572823,0.42156726
2018-07-31 09:00:00,32.28210082033041,39.500397,20.066803,23.68248826235952,46.660248,9.648307,1.1836473993327488,2.554329,0.1953321
2018-08-01 09:00:00,32.78486409896374,40.433258,19.673492,26.54227608014921,54.851006,9.539257,1.3382890489161947,3.0610409,0.3068705
2018-08-02 09:00:00,32.94296162917834,40.75894,19.60318,21.81117647038598,47.05942,7.5625286,1.7883847383660156,3.626357,0.70917857
2018-08-03 09:00:00,32.65857144758871,40.376617,19.92154,16.362151379716767,30.42096,7.081115,1.8070016454911115,3.5698504,0.53792137
2018-08-04 09:00:00,32.08529665145676,39.16104,19.899323,10.416076227406936,20.062595,1.9835978,1.8300914368183354,3.3579726,0.50653476
2018-08-05 09:00:00,31.639722984062757,39.096344,18.369781,12.155311209282555,16.336435,9.418467,2.465818768984911,4.5598955,0.5436963
2018-08-06 09:00:00,30.11527580064677,36.677643,18.923737,10.683696339762252,19.76016,4.730196,2.0095705571737925,3.9842603,0.5925913
2018-08-07 09:00:00,30.94648284709433,36.85367,20.6232,11.034525711884982,17.811535,2.8708572,1.6653456889157916,3.319787,0.38089624
2018-08-08 09:00:00,31.87460611367635,37.55606,21.745514,12.64905896198474,20.764145,4.0414877,1.2083049816344382,2.446778,0.34125808
2018-08-09 09:00:00,33.11744022126152,39.405426,22.65152,17.224191566336785,19.22948,13.233603,0.9840457056704758,2.2065635,0.3084398
2018-08-10 09:00:00,34.377180447125625,41.24893,22.477448,18.396738504009427,26.480156,9.739002,1.032700534837054,2.486104,0.35280818
2018-08-11 09:00:00,33.23938050061963,40.993805,21.05655,16.750552628678424,29.766315,9.450348,1.38920911532669,2.8206353,0.38611034
2018-08-12 09:00:00,32.176276870837114,39.609283,20.335846,22.832392960067992,38.36892,12.145957,1.2445136653829827,2.351204,0.6295325
2018-08-13 09:00:00,32.13159118367281,40.473785,19.34488,25.29545426007049,43.750206,18.118193,1.1235385528410164,2.575941,0.22355713
2018-08-14 09:00:00,30.778568070196968,39.318512,18.227448,31.671054255241327,52.663216,23.530098,1.3152974063882654,3.3860304,0.16867973
2018-08-15 09:00:00,29.855815025353365,38.02408,16.486969,32.608826945038714,46.31649,21.88461,1.3773981072514436,3.5343723,0.13886845
2018-08-16 09:00:00,30.49448849961641,38.511383,17.325836,30.954348080232155,48.54724,22.992552,1.4462793448482378,3.428745,0.25519985
2018-08-17 09:00:00,31.62917489075636,39.355865,19.035553,28.530921431482465,44.80011,23.412815,1.363111142670036,3.0303116,0.38798577
2018-08-18 09:00:00,32.13420338734164,40.152985,19.477203,31.773049027887478,41.026016,23.971329,1.5515318196872503,3.235329,0.63710475
2018-08-19 09:00:00,33.05447125838998,40.81192,20.934967,24.21354326321759,39.027187,15.374845,1.5904474103282722,3.3812544,0.62377226
2018-08-20 09:00:00,33.01647830426435,40.668854,20.924713,18.08371583972759,24.38323,10.281668,1.4463407977457015,2.7775931,0.4154903
2018-08-21 09:00:00,31.375439547936708,39.55728,18.922516,20.035425901154383,28.176708,7.9618645,1.7836313380812674,3.0204437,0.5562814
2018-08-22 09:00:00,28.68218306142694,35.68228,17.37564,17.5859421933869,26.982473,10.529348,1.4255067966299928,2.7974331,0.3671394
2018-08-23 09:00:00,28.904115591497202,35.787262,17.697418,22.711775900062715,32.95678,14.811937,1.470236915679599,3.030548,0.39626667
2018-08-24 09:00:00,28.63798952858525,35.81607,17.544586,26.13344700621578,39.689667,13.685613,1.6990353132810776,3.425346,0.52295566
2018-08-25 09:00:00,28.123755959918526,35.176178,17.523102,27.683594218186407,39.95639,14.741545,1.542300786745532,2.930119,0.41186348
2018-08-26 09:00:00,29.06152140884859,35.944,18.336578,24.788221797444503,36.61197,12.803376,1.5110526631693826,2.9261785,0.29350972
2018-08-27 09:00:00,29.116719288790023,36.74063,17.348053,25.443566209798256,37.794884,10.080039,1.6664750644608175,3.0481775,0.3764241
2018-08-28 09:00:00,27.91385702445882,35.420807,16.79776,32.9653999912926,43.558258,17.963127,1.5653843907524352,3.2314014,0.78012127
2018-08-29 09:00:00,27.000422908492112,33.963287,16.670319,33.27936575422393,44.595272,20.2759,1.4393752158604585,3.100122,0.6312424
2018-08-30 09:00:00,27.66504913445533,34.616364,17.470367,24.60787720785084,42.458214,9.339388,1.6107730586079725,3.0908687,0.54315543
2018-08-31 09:00:00,26.511430339252627,32.724274,16.638336,20.90941726034541,32.989475,11.567601,1.883785968214196,3.6656659,0.63976574
2018-09-01 09:00:00,26.196091379479014,32.057526,17.328766,23.693581540076455,39.667873,12.682992,1.5477973747440252,3.245923,0.17438605
2018-09-02 09:00:00,28.14964792181985,34.310944,18.245026,22.989416988215883,33.87418,12.5485,1.1004904394098738,2.3238356,0.25793707
2018-09-03 09:00:00,30.1939415495288,37.703033,18.88858,23.502390641657204,31.674671,8.126836,1.2275074253170883,2.7990417,0.20353916
2018-09-04 09:00:00,29.562539452660246,37.738678,17.575592,23.372725666832505,34.116253,16.474949,1.11124193481099,2.540365,0.08425236
2018-09-05 09:00:00,29.604441780492664,38.005768,16.398346,28.39948322054329,43.77903,20.680937,0.9841414457028608,2.3004534,0.17174034
2018-09-06 09:00:00,29.640691226091405,38.43277,15.946442,30.247479559482898,42.5199,22.063654,1.467266074401223,3.4105392,0.31022626
2018-09-07 09:00:00,29.903188163446316,36.96231,18.386139,25.085297511629467,35.85192,16.746212,1.5068283695934404,3.316564,0.4034138
2018-09-08 09:00:00,31.408074941271593,38.08316,20.305817,16.51255726822383,21.32975,11.32126,1.4960625132872172,3.0494082,0.16839692
2018-09-09 09:00:00,30.908815803137088,37.684723,19.411285,12.208176394421372,21.803482,6.1355133,1.6757539463050486,3.4907243,0.2436749
2018-09-10 09:00:00,30.357744403618995,36.984528,19.482574,8.902842074544242,21.052162,2.4466925,1.4997400067075424,2.9736674,0.40564403
2018-09-11 09:00:00,30.04607517796751,36.81363,19.499176,9.43107294090718,16.131336,2.6425214,1.6457898253237804,2.7955458,0.39289534
2018-09-12 09:00:00,29.37891828621281,36.88858,17.23233,17.362265963091502,22.256016,11.693517,2.273897477993817,3.9534874,0.3848041
2018-09-13 09:00:00,24.768311182326045,33.20938,12.518707,17.752922806047145,23.16049,8.919462,2.2284379406218657,3.9167078,0.6052056
2018-09-14 09:00:00,23.853538336568022,30.596832,13.702789,20.38468032800675,23.807922,17.33136,1.7767462122249604,3.449897,0.51735324
2018-09-15 09:00:00,25.744195199718035,32.667145,14.247223,21.81260564766195,27.519932,14.7504,1.943911125575213,3.6849916,0.6285451
2018-09-16 09:00:00,23.934177477454796,30.475494,14.1493225,21.015990941118545,33.31759,7.676964,2.184998565135587,4.4072595,0.3969434
2018-09-17 09:00:00,24.811699732649174,30.733795,14.838287,19.363040275944357,30.52721,5.9490013,1.6070187893626677,3.102494,0.27718738
2018-09-18 09:00:00,26.02439837776211,32.836823,15.265289,20.947651173008254,33.254433,7.1567764,1.6500316133982238,3.4350405,0.38805076
2018-09-19 09:00:00,25.718106198898965,31.723541,15.729401,17.393824024001564,31.588562,8.498016,1.8160418290181013,3.4711893,0.33264422
2018-09-20 09:00:00,25.126964539284927,31.090973,16.060211,12.70960526444278,23.137495,5.9619694,1.1807100074535646,2.5571134,0.017756099
2018-09-21 09:00:00,28.083665888888163,34.491608,17.128326,16.199820280150913,24.534904,11.878655,0.7006514946572256,1.493893,0.1232119
2018-09-22 09:00:00,28.795039922323383,36.33609,16.629059,18.019418459164616,24.754742,11.059349,1.0887843792995076,2.2856216,0.2050565
2018-09-23 09:00:00,28.326980560292895,36.085114,15.335114,20.42602359211463,25.338104,13.491627,1.3502583686299707,3.2920818,0.20710357
2018-09-24 09:00:00,27.812217011464497,35.832916,14.452057,19.618495272498908,25.082767,13.202115,1.0716015867416198,2.0418417,0.16650338
2018-09-25 09:00:00,27.37423747350175,34.578278,16.388824,20.671267262362143,24.151386,17.308317,0.8478805497652413,2.005887,0.15503655
2018-09-26 09:00:00,28.708866077574612,35.401276,17.782135,16.952229989828137,19.353376,13.212751,0.8994033152444666,2.0981681,0.22545496
2018-09-27 09:00:00,30.52411386469987,37.19449,19.544098,13.836712891320095,17.263783,10.141076,0.8408099343885246,2.0341759,0.026389787
2018-09-28 09:00:00,30.401436726921645,37.04727,19.500397,16.332056516275404,20.979313,13.462262,1.005185345641797,2.044885,0.05352642
2018-09-29 09:00:00,28.869629377758258,35.98526,17.817291,22.491913407838904,33.77186,13.689827,1.8738443498238362,3.300038,0.61855626
2018-09-30 09:00:00,22.732274957236143,29.772614,11.963776,30.475911283570817,42.50453,16.82875,1.574081936008568,3.4323418,0.64315253
2018-10-01 09:00:00,23.34385189397267,29.652252,13.201813,20.309101726569224,30.518366,11.008728,1.2007716911348374,2.6009684,0.35647056
2018-10-02 09:00:00,25.51110850416154,32.864166,13.479401,32.35580370472098,40.06896,27.772083,1.042342947394083,2.1531436,0.044990223
2018-10-03 09:00:00,24.56182393691813,32.964508,11.232086,52.9879257314835,70.401566,44.22578,1.450474110162272,2.5777738,0.7508812
2018-10-04 09:00:00,19.304587197802277,27.661285,7.5296936,64.40134950931467,72.89806,45.549896,1.0483411463214143,1.9447396,0.19418807
2018-10-05 09:00:00,18.541568945341112,26.838531,6.9984436,60.2099840769768,72.47345,45.3797,1.3873530113507606,2.858744,0.2669217
2018-10-06 09:00:00,20.16706583219269,26.714752,9.39444,47.42601875723853,72.333824,25.967798,1.9017691300718207,3.1414268,0.77927846
2018-10-07 09:00:00,18.060557795834654,26.737946,4.616852,33.013111367211856,51.626713,15.364994,2.5100463526155,4.7416406,0.38039106
2018-10-08 09:00:00,19.62863251411818,27.855377,5.6542053,26.14900687811288,37.18576,18.23822,0.8585125563991115,1.7944703,0.09660316
2018-10-09 09:00:00,21.242629025642884,29.674469,9.2916565,30.679424720157844,39.342308,22.944784,0.6258431104356335,1.803161,0.048498873
2018-10-10 09:00:00,21.739111960138416,30.475983,8.669342,34.34511263100637,45.437996,27.497185,1.0892132637443082,2.7072692,0.10043168
2018-10-11 09:00:00,18.663953547758013,26.994537,5.990631,52.93346228676437,68.230545,32.266556,1.1506444998866587,2.922373,0.1718497
2018-10-12 09:00:00,18.758328856302967,25.74356,6.5052795,39.28454051958158,54.505978,26.477247,1.2653261907923565,2.1499925,0.26002675
2018-10-13 09:00:00,21.834051405208243,29.767975,8.633209,26.489042782303066,36.388977,20.953743,1.0149226519084142,2.0689118,0.12809086
2018-10-14 09:00:00,22.411235472581325,30.589996,11.548981,26.23366493637906,35.305424,17.410892,1.1334123084396748,2.3659616,0.15500024
2018-10-15 09:00:00,21.02896999443891,29.581696,8.142242,21.354462761548945,38.09272,6.1630316,1.2030907827632251,2.0811355,0.5550147
2018-10-16 09:00:00,20.849291461369262,29.187653,7.3126526,12.127076124077359,17.177996,7.281576,1.0306052092293516,2.3212554,0.1849201
2018-10-17 09:00:00,21.033929267553276,28.727692,8.90152,18.20281370499758,26.547903,13.843157,0.5079858361632825,1.5490792,0.12115409
2018-10-18 09:00:00,21.83884434335016,30.098297,9.424469,20.827561352928967,27.407097,17.13203,0.47041891838361116,0.99308854,0.18129985
2018-10-19 09:00:00,22.022203484689896,29.507477,11.122711,18.560705559647108,27.231396,16.515942,1.0682421756757117,2.0882103,0.21866086
2018-10-20 09:00:00,22.072005247825757,29.839264,9.120514,18.369203714408183,25.33155,14.4897785,0.8191466586807117,2.191314,0.23062705
2018-10-21 09:00:00,22.5457807254885,30.848541,9.666901,19.641012400870476,29.497477,14.302164,0.737967434114923,1.5841012,0.14738277
2018-10-22 09:00:00,21.984239647787717,30.370758,8.69693,22.999916724732312,42.101227,16.644855,1.0137033833937716,2.2367837,0.110253796
2018-10-23 09:00:00,21.184592505108014,29.341461,8.275055,20.88077624790484,34.027,16.191063,1.260349154667962,2.8931077,0.21228084
2018-10-24 09:00:00,19.811905383939006,26.605865,9.461334,19.10065555148941,28.099194,12.196851,1.0510545294024567,2.530575,0.09954407
2018-10-25 09:00:00,21.11977244933098,27.303375,11.55777,18.51901483940162,28.543926,8.822034,0.9245573350231379,2.1680293,0.059228756
2018-10-26 09:00:00,21.905492202356527,27.108307,13.770172,24.737989329749627,28.092417,20.971323,0.5853026910609358,1.2871007,0.12041997
2018-10-27 09:00:00,23.17948316456443,28.815338,13.940338,19.725508949441064,28.103294,10.4128475,0.804580241752713,1.7634567,0.12381469
2018-10-28 09:00:00,24.287044464146618,30.552155,13.735748,22.32053881233502,29.770313,14.641406,1.3675810003140296,2.8974617,0.20764181
2018-10-29 09:00:00,21.702209197515344,27.755768,11.070221,22.80162343771523,36.938004,8.648943,2.444925902134136,4.738524,0.25148824
2018-10-30 09:00:00,16.59302166959384,21.77066,7.37027,19.61517495859972,34.567757,8.212118,1.9077969944251048,3.8651013,0.2733552
2018-10-31 09:00:00,16.876362646937707,22.70987,7.3719788,16.27342805782318,42.372738,6.8321085,1.0454736676659973,1.83986,0.05403379
2018-11-01 09:00:00,18.384517656232163,24.199615,9.666412,24.700179185363904,40.09007,10.129304,1.1830094384201462,2.3387067,0.1366718
2018-11-02 09:00:00,20.443690028373965,26.251862,11.30069,23.349698987256676,27.455135,18.471275,0.5312522955462843,1.1091126,0.14883651
2018-11-03 09:00:00,20.766979634776646,26.299225,11.48819,16.174786160889187,23.834433,10.771933,1.1750723041053535,2.2946887,0.18140876
2018-11-04 09:00:00,19.778297067033407,25.050934,11.788971,20.75878630159426,35.280502,13.545569,0.6603519712694539,1.335643,0.11000706
2018-11-05 09:00:00,21.466278470550435,26.86734,12.260162,19.673383088940167,27.636862,11.603259,1.3862484630848328,2.5862224,0.13315843
2018-11-06 09:00:00,20.08524864302973,25.359528,11.662262,13.017558497372999,29.095379,3.2977562,1.1504433520886184,2.3500023,0.07797167
2018-11-07 09:00:00,19.130399160053173,24.810944,10.861725,13.101973373981389,26.381714,1.1988297,0.9840444426948366,1.8465626,0.22149852
2018-11-08 09:00:00,18.390888059903887,24.022125,8.444,14.317069669063875,25.815277,1.2594764,1.093969583755017,2.158262,0.10936912
2018-11-09 09:00:00,15.742741814791884,22.557281,3.020172,7.536453412732392,12.196693,3.7748184,1.1351968182510621,2.4985738,0.2751936
2018-11-10 09:00:00,16.81457078163953,22.516083,7.674286,5.67279818749,8.183,2.9496374,0.7046723302638046,1.5411353,0.11861682
2018-11-11 09:00:00,13.825166425742339,19.215485,4.578766,7.716990232850859,14.859881,4.3745103,0.7375398147146309,1.4828877,0.07845876
2018-11-12 09:00:00,15.011148500469744,21.297455,4.132965,10.098092991703677,13.816619,8.050994,0.5043394298237405,1.222633,0.06302193
2018-11-13 09:00:00,15.94058405949744,21.91037,6.69162,10.382556357921677,14.942175,8.017373,0.3904724601151771,1.0197023,0.06678743
2018-11-14 09:00:00,14.797960213207716,20.970734,6.472687,11.387280744513523,16.816624,6.43381,0.616844465251289,1.3901463,0.0529179
2018-11-15 09:00:00,15.486539233222686,20.272064,8.072845,10.635090685334678,15.714416,5.6726437,0.3880057831223173,1.1920582,0.030414822
2018-11-16 09:00:00,14.6172394974285,19.275238,7.0291443,14.534426173808827,18.416176,9.845936,0.5249237093099497,1.1443971,0.029986024
2018-11-17 09:00:00,16.092945135075468,21.558502,7.068268,15.511957249439382,20.290958,9.368146,0.5070108365206591,1.1695465,0.07702138
2018-11-18 09:00:00,15.239172303221551,21.418365,5.519928,18.297768215809757,26.220829,12.402052,0.4722100426924429,1.5116023,0.04088931
2018-11-19 09:00:00,15.675461298136838,20.954132,6.2705383,11.518501695017168,15.526671,6.7969484,0.425502520915825,1.0611812,0.064263344
2018-11-20 09:00:00,13.918836799395478,19.71756,4.3034973,15.769514742557933,19.221272,10.11491,0.29215681557401657,0.75589204,0.038784076
2018-11-21 09:00:00,15.881156644784028,23.000946,5.252899,26.53753271995306,42.778145,12.051584,1.126759430393691,1.982806,0.16170521
2018-11-22 09:00:00,13.15936870364311,19.352997,2.138153,54.588241954084204,87.18123,27.323704,1.4231082268552813,2.7020586,0.45340306
2018-11-23 09:00:00,11.586048305908378,18.848724,-0.50131226,65.40901871319267,85.80317,47.120808,0.9036762965908576,2.8692703,0.21204904
2018-11-24 09:00:00,11.68693136364891,16.782867,1.9430237,75.7317417284181,90.74942,64.089264,0.8189233280509084,2.11735,0.0736077
2018-11-25 09:00:00,13.296908298773133,19.469635,2.5399475,46.78018646865966,59.104073,24.514229,1.108837291880649,2.336703,0.15843543
2018-11-26 09:00:00,12.821413611829882,19.145782,1.3157043,45.614773041395566,55.956573,31.424747,0.5394107381941194,1.1353393,0.06238648
2018-11-27 09:00:00,14.490268714595743,20.40921,4.8662415,27.835877665174344,43.578808,18.162712,0.5754574388140247,1.9835687,0.06631455
2018-11-28 09:00:00,13.248603527297234,19.799957,0.5655823,45.85814164941325,69.60644,25.448677,0.9202001142620979,2.5646014,0.16039836
2018-11-29 09:00:00,9.219575774738416,16.487213,-2.1009216,76.11439318481658,95.98448,63.984486,2.7906658846575487,4.5934525,1.3443164
2018-11-30 09:00:00,7.778446680208162,14.926666,-3.655365,71.46350406591803,87.58443,49.95552,1.3148691770167273,2.7994223,0.4387076
2018-12-01 09:00:00,7.866921593963184,15.96109,-6.943207,57.10861414682542,87.2676,30.27541,1.3636268981968969,2.1875541,0.16767284
2018-12-02 09:00:00,5.4986094886701835,12.999664,-7.162445,46.51097541649971,73.99739,30.536453,1.0755128070427935,1.8837203,0.38789606
2018-12-03 09:00:00,6.467531322341188,13.34317,-8.586517,25.19475022708222,51.76466,4.8019953,0.6218420838108953,1.7214984,0.07065961
2018-12-04 09:00:00,8.025629003412575,14.40567,-5.0410156,37.47253083910207,72.05227,8.367551,0.9071906239648071,1.7584189,0.34075445
2018-12-05 09:00:00,7.800978418323325,15.679291,-4.6006165,47.47207640708624,85.00405,25.344616,1.457396030308359,2.3427863,0.623291
2018-12-06 09:00:00,6.921472141102129,13.259094,-4.869812,78.80324218406376,89.48436,57.37108,0.6490389124195995,1.2545978,0.14361015
2018-12-07 09:00:00,7.703183700258592,14.649506,-5.598236,65.90419074346016,79.47609,48.987793,0.5274128932045041,1.3273282,0.07121724
2018-12-08 09:00:00,9.430504978493389,15.797577,-1.4621887,36.592593857548934,52.151577,24.416227,0.47341943241662643,1.4163169,0.018896397
2018-12-09 09:00:00,9.430483663642178,14.451935,-1.0187683,22.626510577225943,39.892452,4.365382,0.622598470873472,1.7168237,0.1254381
2018-12-10 09:00:00,9.17289342126162,14.224945,-3.72818,25.072841472233623,33.906334,11.828074,1.3241757235775518,2.741015,0.3883779
2018-12-11 09:00:00,8.400219610824877,13.31546,-1.2450867,34.8408654428824,46.571774,24.050549,1.150728456209547,2.0548172,0.22361985
2018-12-12 09:00:00,9.831583899095563,14.596466,0.31326294,24.12571611449936,39.72178,15.088967,0.8343135911037739,1.5227093,0.034451503
2018-12-13 09:00:00,9.842067438347044,15.431702,-1.3788452,14.63881476902058,32.15987,2.1114502,0.623129976249961,1.4150492,0.056533813
2018-12-14 09:00:00,11.820875145421098,16.581512,1.9037781,17.85239618513744,42.85256,3.994935,1.445105120219169,2.4073188,0.83241785
2018-12-15 09:00:00,9.517863934088211,17.125397,-4.855072,20.463465732554116,30.203438,10.458102,1.0882185608311599,2.7525902,0.10766629
2018-12-16 09:00:00,11.783034132618582,17.946198,-1.5635681,26.360762035389083,42.11856,17.926754,1.077812444106147,3.0719566,0.12445602
2018-12-17 09:00:00,11.12428104239467,18.92398,-2.0369568,48.42576889859878,73.215385,22.311428,1.3636365148752811,2.4829178,0.5311153
2018-12-18 09:00:00,9.407813717296392,15.302887,-2.0975037,39.195307753112644,63.734413,16.160194,0.968500675337449,1.5197954,0.0980232
2018-12-19 09:00:00,10.470360506916506,15.676178,-0.49569702,30.598122301614158,55.450863,17.638363,0.7794306373978359,1.4248842,0.2401388
2018-12-20 09:00:00,11.32533934687524,16.074615,0.8812561,13.220967888041235,24.574577,5.5881186,0.9231051365605917,3.0368161,0.13789837
2018-12-21 09:00:00,10.169339576170671,15.918854,-1.3616638,26.597988422141587,53.77719,18.873837,1.349015673386963,2.4350731,0.13541034
2018-12-22 09:00:00,10.447786434896443,16.05484,-2.60141,35.623028463099836,44.841824,22.787136,0.9397929516809813,1.800118,0.23412514
2018-12-23 09:00:00,10.334402398825205,15.3541565,-1.5325623,28.683070323840067,36.62741,22.690693,0.9607899864418065,2.351185,0.25284523
2018-12-24 09:00:00,9.9169191515453,15.391998,-2.1164856,40.234150254244575,70.549255,23.48285,0.6543303092831697,1.7722747,0.019569535
2018-12-25 09:00:00,9.073211262187101,16.007965,-2.7185974,62.15941254998762,70.70773,55.008217,1.323845972461446,2.4300413,0.06505715
2018-12-26 09:00:00,7.764517560292859,14.681976,-5.7814636,31.373332652414327,70.14797,11.76516,1.375720437988985,2.7313166,0.11840614
2018-12-27 09:00:00,7.882371031617367,13.706207,-2.6766052,36.167811265853736,74.17472,13.696376,1.089647718585997,2.0450222,0.12653865
2018-12-28 09:00:00,4.670336097602956,14.000702,-11.509064,33.343859307407655,65.64237,15.752481,2.334548400383576,4.63292,0.46486142
2018-12-29 09:00:00,5.265807742498339,12.893494,-9.747284,25.876128565114847,45.443947,11.721291,0.9157629496032301,2.4501684,0.025935518
2018-12-30 09:00:00,7.555111020439028,13.096497,-4.3989563,36.10698241426376,51.985146,17.654467,0.6440709161963122,1.4291446,0.05020267
2018-12-31 09:00:00,8.519234028521055,13.57019,-3.328247,44.70058507112329,59.730297,32.2719,1.152310298534358,2.0537727,0.21817242
2019-01-01 09:00:00,4.176636894078058,12.93222,-12.516998,31.384417235090957,54.897972,19.336567,1.4066966209016236,3.0393476,0.56823516
2019-01-02 09:00:00,5.32798336347048,13.333893,-9.716644,21.5169365428097,43.610355,9.302352,0.7081240116372793,2.1164787,0.020513704
2019-01-03 09:00:00,7.94176640858808,13.000763,-2.65036,29.248122144450523,44.93598,16.62008,0.45206126774975436,1.2118721,0.091212206
2019-01-04 09:00:00,9.96768749641467,14.873383,0.11752319,28.681572928901705,43.90983,19.800455,0.6624274283667765,1.6244322,0.13094209
2019-01-05 09:00:00,11.437111416317691,18.020172,-1.6927185,27.96064573768801,51.663616,17.339417,1.6506743111762483,2.8479924,0.5253622
2019-01-06 09:00:00,4.673903668288347,11.413483,-7.825531,64.24033882620759,79.78526,47.097763,2.114260852442535,3.516959,1.015727
2019-01-07 09:00:00,8.259162714392119,15.053864,-2.3999023,56.09388903802603,75.30809,22.713184,2.765998734228668,4.3608913,1.1691431
2019-01-08 09:00:00,11.171007898558344,19.23465,0.013946533,50.64214914952899,72.173744,30.272888,1.003974178794227,1.9239622,0.037217084
2019-01-09 09:00:00,10.99724249890886,18.611206,-1.9395752,62.55451922705409,75.56809,45.075073,1.8948382269334882,3.5453038,0.8156395
2019-01-10 09:00:00,8.472055571947863,14.593658,-3.2071228,47.901785702552175,63.434677,27.309677,0.8102472918776307,1.5436459,0.10103463
2019-01-11 09:00:00,9.083690219267112,15.130829,-2.2851868,26.78493179828699,47.628204,10.281079,1.199876917039825,2.2314167,0.24367918
2019-01-12 09:00:00,9.439649635562091,16.894196,-4.644867,37.96905621347567,65.813065,18.78004,1.2082107127721784,2.316824,0.36055893
2019-01-13 09:00:00,8.947101998719518,17.689789,-7.778961,56.65661165007262,82.54461,46.341484,1.4750605932211456,2.7512398,0.22627
2019-01-14 09:00:00,8.022384568911662,16.466034,-9.111908,41.55564602394612,60.11351,27.679916,1.8945079946629824,2.911698,0.396851
2019-01-15 09:00:00,6.270017724238585,13.415192,-7.011139,74.1312501899036,87.67394,58.46694,2.2231650463448074,3.9259195,0.57284755
2019-01-16 09:00:00,9.650943992522741,16.275482,-3.2713928,60.27343839772525,81.76004,41.240505,2.6742328286609127,4.345792,1.2724763
2019-01-17 09:00:00,9.961228314789821,17.286041,-3.0538025,63.321629769279376,80.799736,46.27037,3.1413333453366445,4.529052,1.5881875
2019-01-18 09:00:00,9.958829005059783,17.902863,-2.7434387,47.68849822493787,58.51702,37.867134,1.1740279183115905,2.6678638,0.26668772
2019-01-19 09:00:00,12.234734617260528,18.645416,1.8876038,53.3812153144132,70.13471,39.866432,0.4799402470676155,1.3947105,0.0438408
2019-01-20 09:00:00,13.466377464042125,19.410034,0.13269043,42.50634681805819,67.45902,26.51371,0.9309506975003287,2.3519719,0.18838793
2019-01-21 09:00:00,11.159351361959807,20.182953,-3.9293518,68.24287822099929,80.45387,48.12184,2.1225198269603642,3.5762084,1.1361165
2019-01-22 09:00:00,6.190414067696167,14.47171,-8.174774,19.825813747481476,44.30836,4.667735,1.9167460000861913,3.2660027,0.3814704
2019-01-23 09:00:00,8.40268063284526,14.768951,-3.4380798,15.582530325223505,37.99484,0.9980831,0.8085071836134362,1.4582115,0.20377815
2019-01-24 09:00:00,11.042226161314716,16.03946,2.2132874,25.95015995829992,36.440712,18.120401,0.76974762215489,1.4963526,0.09081528
2019-01-25 09:00:00,11.62589639563106,17.46695,-1.2518005,20.874384817734782,36.489883,10.5836315,0.7132369413170009,1.1957126,0.14640886
2019-01-26 09:00:00,12.058471779056845,18.135681,-0.33502197,17.269153292751756,36.886395,9.030176,0.9895093163087557,2.8901353,0.31917405
2019-01-27 09:00:00,13.430221381445051,18.841156,2.2669373,19.031194036318556,39.369446,9.7484045,0.778220907937037,1.3248315,0.24822448
2019-01-28 09:00:00,15.16334027701248,20.233734,5.9583435,23.036355428850456,39.57849,11.442866,0.7026905982242698,1.1666687,0.19145922
2019-01-29 09:00:00,13.268072381583579,18.646698,2.443573,28.72370068133632,47.56791,14.764464,0.9038641871921805,1.6685736,0.3109303
2019-01-30 09:00:00,11.045140546458413,17.029388,-1.1932678,50.415150514867825,80.74976,42.54596,0.35744031665241,0.6874006,0.064052574
2019-01-31 09:00:00,13.668914325644153,20.858948,1.7339478,53.79464603549569,70.04216,37.958954,0.9087377964215299,1.6274799,0.23473774
2019-02-01 09:00:00,11.539985079920882,19.350311,-1.5617981,63.28378471109494,77.020386,52.493042,1.2009883800720769,2.262061,0.08391919
2019-02-02 09:00:00,10.214046183492258,17.609741,-1.7476807,71.98675285659691,87.201385,52.0256,3.1920300199632208,4.9380817,1.2774879
2019-02-03 09:00:00,7.8709730366094846,16.080688,-4.539795,76.75606614079808,96.041306,56.257,3.701944793041682,5.885584,1.3445232
2019-02-04 09:00:00,8.249533182142784,17.273132,-4.869446,79.4774462173067,98.91398,64.50055,3.4647024951159757,4.6797833,2.2372277
2019-02-05 09:00:00,5.421825209519568,14.7378235,-7.912567,72.98113740230596,95.692924,46.991455,2.96698171141108,5.243694,1.2946376
2019-02-06 09:00:00,1.2536245973281552,11.116852,-12.957367,53.4518057588457,88.471214,37.10101,1.069630872271142,1.8529251,0.12186158
2019-02-07 09:00:00,4.117338643827736,12.545197,-9.847382,32.188820866415114,47.003967,17.441467,0.5035100276190868,1.4544349,0.0650947
2019-02-08 09:00:00,5.384468606815801,13.694733,-8.68222,43.58145945271125,64.16232,24.573973,0.8466593831071225,2.5179496,0.07053368
2019-02-09 09:00:00,5.752090336957849,15.916779,-9.514862,61.660655533620655,81.381516,30.328335,1.8052531798922533,2.809347,1.0385624
2019-02-10 09:00:00,5.703683722643575,15.691803,-9.303467,73.93155918542082,89.90465,58.126244,2.1474753364678523,4.275367,0.83584803
2019-02-11 09:00:00,3.741404837467769,11.962372,-10.567963,24.214267597092174,45.41446,10.014818,0.968799733322601,1.804089,0.13206483
2019-02-12 09:00:00,6.086600983041876,12.619232,-7.316986,9.833356810120621,18.973625,0.7986059,0.9049770529249772,2.9708827,0.04527165
2019-02-13 09:00:00,7.276988295210231,13.7899475,-3.7517395,9.602745580691357,22.688166,1.5967035,2.2438827922159117,3.86178,1.1256237
2019-02-14 09:00:00,10.94591679866835,17.515839,-0.7319946,84.0898300758829,99.26968,67.062645,3.8632956827221427,5.242061,2.1057715
2019-02-15 09:00:00,8.026466803165363,17.01294,-3.8503418,77.15132235240051,98.923325,51.6308,2.248014408353085,4.262082,1.0513221
2019-02-16 09:00:00,4.9829810070317535,15.302948,-8.552521,65.579047371732,84.091385,42.7296,1.315139142184839,2.876179,0.18792492
2019-02-17 09:00:00,3.6547964087885134,12.657196,-10.82132,62.07467063580581,88.34266,42.22132,1.2491864001847204,2.639527,0.5079129
2019-02-18 09:00:00,2.596553905278313,11.828461,-11.673492,52.61724626739658,72.66785,38.529564,1.3672123877231273,2.5994723,0.10971308
2019-02-19 09:00:00,3.9972303079928793,13.373322,-12.210663,33.70185824493785,64.21609,20.402367,1.1671239958651238,2.2336557,0.15966663
2019-02-20 09:00:00,4.901638454577267,13.036896,-7.6701355,38.231737367564996,67.93444,14.18565,0.9786468030087068,2.2648463,0.25950247
2019-02-21 09:00:00,3.230910368608818,12.248627,-11.804108,62.73847316878958,82.46432,40.48951,1.1911525606983493,2.3744462,0.08539859
2019-02-22 09:00:00,2.991529850580548,12.687317,-14.937378,24.050058229394445,44.140152,11.877729,1.535148220465477,3.0302846,0.4801485
2019-02-23 09:00:00,5.55271249858157,13.873657,-8.161499,22.28791670579648,50.256958,2.4513254,0.5077864351765896,1.6112891,0.087990426
2019-02-24 09:00:00,7.610097984266986,14.95639,-4.3268127,35.303309830045784,59.484226,15.0433235,0.5352494694342134,1.7430161,0.055679798
2019-02-25 09:00:00,10.005865563584337,17.670593,-3.0286255,27.850256530401673,44.889824,13.418551,0.9386387881884536,2.6189868,0.13723566
2019-02-26 09:00:00,12.434033618004378,21.555084,-0.86331177,35.27186679031083,51.684277,23.14214,2.085811956394727,4.245397,0.88717496
2019-02-27 09:00:00,11.080334182294223,18.843903,-1.0829773,44.25404867412252,59.66751,24.983017,2.427763058641066,4.2334323,0.8417799
2019-02-28 09:00:00,11.46548291587203,19.574799,-0.95059204,67.35264214943224,80.910225,57.47025,1.4194989582553634,3.3256118,0.38276264
2019-03-01 09:00:00,11.101055409092226,20.333374,-1.2896729,52.854046379197094,77.270035,37.735817,1.2980377578667646,2.6554804,0.3428371
2019-03-02 09:00:00,9.86541771662553,17.613495,-1.1595764,77.64824172153405,93.75714,65.32377,1.9127969759542267,3.0983772,0.9020413
2019-03-03 09:00:00,11.459534201025804,19.881256,-0.6499939,78.11821041526161,88.924225,68.068756,1.7887549546029131,3.1835694,0.65891105
2019-03-04 09:00:00,11.547685001223954,19.75357,-0.45541382,52.05978036461724,80.895,27.898907,1.1496081768082735,2.1364508,0.3741278
2019-03-05 09:00:00,10.700266719595504,17.710266,-0.07879639,41.26651411544994,63.330997,16.784227,0.7361602451968058,2.1863072,0.022009028
2019-03-06 09:00:00,9.569463395923037,17.10019,-1.8357239,74.9423238426867,94.38734,61.817383,3.654342168918583,5.57821,1.7889172
2019-03-07 09:00:00,10.311269456462469,18.967499,-2.1809387,55.33986477775235,69.69376,38.533607,2.023063169152973,3.127466,0.98627037
2019-03-08 09:00:00,8.259583943712755,17.463043,-4.040863,78.30028586941177,94.89339,54.491493,1.8904088752801502,2.6919165,1.0355995
2019-03-09 09:00:00,6.291671001299392,15.263092,-7.997406,53.32115370038247,68.95934,31.096064,1.090928624653329,2.0765407,0.06973713
2019-03-10 09:00:00,6.248880108322737,15.337463,-6.7387085,52.7651713611941,71.20863,31.271133,1.2141662420827437,2.38437,0.5031949
2019-03-11 09:00:00,8.374717999663403,18.01944,-7.4864197,39.55749694583434,75.3664,26.959618,1.1232868797524116,1.8600838,0.27458903
2019-03-12 09:00:00,11.197651350579122,19.355133,-2.653656,33.49853785322168,53.428253,23.003948,1.5054778287680288,2.7965703,0.32888058
2019-03-13 09:00:00,10.402634175593619,20.368317,-4.1980896,29.452612409540798,71.55068,4.8679905,2.7186756908816507,5.3249373,0.2808431
2019-03-14 09:00:00,9.618091101145296,17.856354,-5.6631775,20.06708375061798,61.365944,8.061257,1.0758635799851994,1.8198781,0.124732986
2019-03-15 09:00:00,11.506157586586141,20.249908,-3.5938416,22.744579614206348,38.320724,9.656664,0.5667555095366081,1.2466362,0.067839995
2019-03-16 09:00:00,13.774688938578663,22.530426,-1.6463318,20.982420359488252,39.763763,12.001959,0.7423329986157869,1.523245,0.18320496
2019-03-17 09:00:00,15.5576492312764,24.32901,2.3876038,19.649245786641828,29.6148,11.214085,0.5402519035827311,1.2009804,0.15372516
2019-03-18 09:00:00,17.0981613121225,27.08609,3.1407776,24.55868409394212,35.96323,17.711887,0.5723942445151708,1.029792,0.09432236
2019-03-19 09:00:00,18.681182994622304,29.429352,4.2535706,35.91550087461588,43.277145,29.824022,0.9753011407941542,1.9774475,0.08138326
2019-03-20 09:00:00,16.607708418361426,26.5878,0.8397522,39.71415613790282,52.5371,29.451164,1.3502145217967363,2.8685954,0.41137284
2019-03-21 09:00:00,9.43751249356285,18.820953,-2.6927185,73.17244025579512,86.1684,47.07009,1.0257635935856024,1.7380142,0.2714725
2019-03-22 09:00:00,10.975952522566956,20.135895,-2.063324,56.43347423901004,81.70231,39.177402,0.8531701409006838,1.4699895,0.26576832
2019-03-23 09:00:00,12.521755629349343,21.709625,-0.07748413,68.25719783756595,82.14362,42.682686,1.1075663859015543,1.9633595,0.094517894
2019-03-24 09:00:00,10.333667059602192,18.28946,-2.44516,19.195427603262583,47.896046,2.1694841,1.0216932902668694,2.00272,0.09783078
2019-03-25 09:00:00,13.59226585218903,22.734283,0.5987854,12.521333733527378,30.019257,-0.34011936,0.8757611790389059,2.21919,0.25780123
2019-03-26 09:00:00,16.81901707883202,27.173676,0.3807068,34.055957789098194,44.619404,20.34127,1.1873546130317374,2.8372345,0.17417322
2019-03-27 09:00:00,15.26786220454676,26.123932,0.56729126,51.04381680587868,72.40576,26.644043,1.9151878439592616,2.6387827,1.0412289
2019-03-28 09:00:00,12.469370574615652,22.305084,-1.7046814,53.776306757949364,76.65209,32.39428,1.5114425477102575,3.2105687,0.124666564
2019-03-29 09:00:00,11.993236911120391,23.128815,-3.2071228,39.66723405146067,59.555634,14.846842,1.8572383165714295,3.4501438,0.30933645
2019-03-30 09:00:00,12.503131371736913,21.463531,-0.89974976,24.320439405653058,52.752335,10.274679,1.492465266830839,2.8708346,0.029182618
2019-03-31 09:00:00,14.534094066414582,23.589508,0.3902893,25.680272142673527,52.334137,6.8795195,1.248500903104462,2.3649514,0.13502924
2019-04-01 09:00:00,17.039051689878704,26.886627,4.3729553,28.93699229996367,48.542343,13.732569,0.6960056658004881,1.5184084,0.079159185
2019-04-02 09:00:00,18.193783606622617,29.734772,4.5609436,44.06173953763582,62.223824,32.24913,1.437103398613246,2.3831365,0.19313486
2019-04-03 09:00:00,13.330739805849987,22.850494,1.4925842,57.052754103899424,77.033264,30.488823,1.351910012938811,2.4647248,0.068230726
2019-04-04 09:00:00,14.912164620322585,24.677155,2.8802795,64.14815111319132,88.65241,39.81799,0.8326125843012802,2.3753815,0.27985147
2019-04-05 09:00:00,13.417166391426349,22.319977,0.59536743,69.31357233178696,88.02522,53.17053,1.1036312007657534,2.3048644,0.44345713
2019-04-06 09:00:00,13.246014818160177,21.95694,1.5453186,44.531640911991914,53.900368,31.32224,0.750422948786512,1.752909,0.11653761
2019-04-07 09:00:00,17.65117320290358,26.77237,5.585846,39.44599048604502,54.1352,29.221138,1.0391024910152011,1.7720256,0.29119468
2019-04-08 09:00:00,19.535728939745013,28.358307,6.7860413,36.594120919024284,45.269028,27.655746,0.9196379457379982,1.7878426,0.091312185
2019-04-09 09:00:00,19.672293191250958,29.164948,6.5516663,48.3075457815418,61.025696,25.607727,3.127056635467788,5.480843,0.66137725
2019-04-10 09:00:00,13.038008386852198,22.435211,-1.3675232,20.596634774778714,55.338917,6.674855,3.650655743286223,6.7421217,0.7339877
2019-04-11 09:00:00,14.981760467879496,24.242584,1.1546936,29.55756775354146,55.2827,18.747759,1.9152986358103796,3.968475,0.30534688
2019-04-12 09:00:00,12.792812533616086,22.252594,-1.3958435,51.300492164472075,70.05751,38.06007,2.2499221905682525,4.5316815,0.30924255
2019-04-13 09:00:00,16.238859035846076,24.661774,4.299713,37.18782116294597,52.8544,19.92862,0.670280856716214,1.4181412,0.2921652
2019-04-14 09:00:00,19.46142137458196,29.286774,5.402008,40.60341726510353,49.402283,33.205666,0.7269235468601806,1.8205049,0.035588626
2019-04-15 09:00:00,19.969606275267267,30.927155,5.2396545,42.618300072542084,60.865036,18.729206,1.8017924850256282,3.4013615,0.21414746
2019-04-16 09:00:00,15.037372928812601,26.758453,0.82095337,49.422696870047744,75.284,26.162907,1.885833498895616,2.7329972,1.0976502
2019-04-17 09:00:00,14.81315465305181,21.935211,4.638092,36.17109362811073,69.43226,13.7916355,1.6236338855052628,2.5903232,0.49752063
2019-04-18 09:00:00,19.672213709762218,27.060944,6.6351624,20.354617554712455,29.240227,11.61132,0.6984967939059624,1.3551219,0.1971575
2019-04-19 09:00:00,24.656785319898745,34.94742,9.627106,27.671438654179155,37.788486,17.984653,0.5924408489408304,1.5265361,0.12134987
2019-04-20 09:00:00,23.39818958983443,34.96109,8.402496,33.88747684095921,47.308605,19.852642,1.8652964018619407,3.490534,0.12827851
2019-04-21 09:00:00,15.755932307713806,25.704742,2.7657776,41.353817088098985,71.52304,7.8863,2.015054078137471,4.209526,0.017026441
2019-04-22 09:00:00,17.242844113692854,25.93106,3.1322327,39.01394571322845,55.66429,24.074448,1.7317411050705702,2.6709108,0.2590609
2019-04-23 09:00:00,21.147711653385556,30.084625,5.9979553,26.734714761903838,40.368732,18.458576,1.1559491412622782,2.624887,0.21228948
2019-04-24 09:00:00,25.021619581092125,35.068512,8.652008,26.95500402324041,34.033577,18.518213,0.43299142125279433,0.7260469,0.044580344
2019-04-25 09:00:00,26.146420874491128,36.729156,9.186432,32.82901720339101,45.219856,24.059702,0.8674950326478366,1.9299968,0.020889781
2019-04-26 09:00:00,25.66974557198631,36.267975,9.396881,34.070048685455156,41.018227,26.342932,1.4344721272546685,2.872015,0.39056826
2019-04-27 09:00:00,25.662447881613105,36.318512,9.127106,22.205841328413637,30.30427,13.712136,1.3725398928860908,2.521481,0.34215406
2019-04-28 09:00:00,23.409950793239602,34.34659,7.0692444,16.744655532825323,25.682102,3.495552,1.5697872854819204,3.23657,0.28708622
2019-04-29 09:00:00,22.956660485526925,33.558502,6.943268,28.95546787007593,39.073006,20.756601,1.4264958158026415,3.8536828,0.38920248
2019-04-30 09:00:00,18.87303956024647,29.732574,4.088043,60.64042329551256,75.57528,42.30848,1.79792380392079,4.249966,0.2769232
2019-05-01 09:00:00,16.619384872508874,27.273346,1.5448303,52.987721388641674,62.427265,35.09346,1.3636131162279628,2.5099185,0.4608035
2019-05-02 09:00:00,19.312557425541797,28.37442,5.2965393,31.36972938081885,51.51098,11.694572,1.1445522037964568,2.2120574,0.18115957
2019-05-03 09:00:00,21.447121146456197,30.75357,6.569977,28.473987284374033,45.193916,14.600166,1.0138809604700745,2.1710732,0.35822418
2019-05-04 09:00:00,22.769611722922264,32.74234,7.129059,23.26625433110894,34.179558,9.686351,1.2176539159374504,2.708309,0.38178152
2019-05-05 09:00:00,23.361550500470457,33.375885,7.6786194,27.50567818544691,41.342224,19.396912,1.240932599388676,3.1289327,0.12281941
2019-05-06 09:00:00,18.96480576072679,29.396149,5.650055,44.48614204353361,64.65929,32.51866,1.3943442187921982,3.1957319,0.14662744
2019-05-07 09:00:00,18.543312225483078,28.017975,5.9215393,62.62204527845722,79.43965,27.808773,0.9192254014206049,1.9884311,0.4380722
2019-05-08 09:00:00,20.633022323450916,29.852692,7.2499084,54.73306885845198,73.67154,35.655914,1.3788093069399783,2.746653,0.22109354
2019-05-09 09:00:00,21.705277195539054,31.060455,6.773346,55.05891379508854,67.75021,35.452934,1.2621690141412765,2.5674036,0.2537792
2019-05-10 09:00:00,19.165777561853076,29.63858,3.259674,70.75026181190151,82.10279,54.11267,1.1715195258767848,2.9487476,0.14184459
2019-05-11 09:00:00,18.407591286413833,26.768707,4.389801,52.67489754098812,62.819138,38.218353,0.7795866918188149,2.062012,0.17134556
2019-05-12 09:00:00,22.96804628252346,32.082672,7.9654846,35.25845844810887,58.505856,21.653187,0.7699074719034039,1.9015566,0.03061463
2019-05-13 09:00:00,24.645470287162652,34.191803,8.602936,31.709167040954412,53.223816,16.679531,1.5825620936635494,3.727934,0.14169982
2019-05-14 09:00:00,23.503450583402582,33.018707,7.387848,33.37938348720566,39.274044,24.874844,1.6700761122212728,3.671833,0.4911526
2019-05-15 09:00:00,21.9869397396115,31.514313,5.953766,43.22758841277579,57.990845,30.6516,1.6090865385136535,2.746964,0.5774705
2019-05-16 09:00:00,16.408255556119173,25.465973,3.1183167,63.62506216170625,78.17007,51.40054,1.8055392037751334,3.3724513,0.556707
2019-05-17 09:00:00,10.91059113595054,20.100006,-1.6055603,69.47255590268614,87.29875,53.259644,2.213116849608658,3.180193,0.89940906
2019-05-18 09:00:00,15.094557593757145,22.677887,2.3876038,44.90272484824684,62.97364,34.174004,0.812265014272062,1.457929,0.03581807
2019-05-19 09:00:00,11.074078133485727,18.442047,-1.2181091,78.51227747299698,94.219536,63.187634,1.7758356671990974,2.9317818,0.8760302
2019-05-20 09:00:00,10.089891663367268,18.58902,-1.2454529,66.80224019903244,86.17557,46.806126,1.259087422646168,1.9864781,0.19318068
2019-05-21 09:00:00,13.608549188481732,22.085846,0.35147095,66.65366700855077,78.375435,49.807842,1.8470267812691694,2.8247812,0.7739763
2019-05-22 09:00:00,11.311793186090199,20.947418,-2.2146912,74.18763906604256,85.83811,55.33479,1.9405270478859857,3.7188563,0.34934947
2019-05-23 09:00:00,13.003204371279537,21.717438,0.30142212,72.11346878960029,87.62472,52.95675,0.8813623279584408,1.8760484,0.28553337
2019-05-24 09:00:00,14.917957652719565,22.300446,1.9938049,59.720564840796364,72.16155,46.335835,0.7055892244003423,1.9420892,0.080366574
2019-05-25 09:00:00,18.944976810418893,28.32071,5.066803,51.99726871128979,67.67339,41.612045,0.5722268811726862,1.6500068,0.11055247
2019-05-26 09:00:00,19.015013480260563,30.080475,3.5589905,47.50171347936681,59.393574,29.42873,1.9044838164913231,4.19443,0.3200746
2019-05-27 09:00:00,11.05107943880472,17.886627,0.6366272,70.64824562884516,84.99145,54.877808,1.1585439016394434,1.7360742,0.30023345
2019-05-28 09:00:00,14.522037175293406,22.015533,3.3927307,69.27321119090557,83.3744,54.700943,1.3322500682645484,2.2504947,0.32383335
2019-05-29 09:00:00,18.484321306174195,25.384918,6.223297,58.28387624894981,72.158134,42.337822,0.5729634127091584,1.076681,0.07731908
2019-05-30 09:00:00,21.570891345924622,30.278961,7.5553284,46.411724927277525,61.62888,35.412857,0.7124650686881682,1.6530703,0.13869461
2019-05-31 09:00:00,22.441528117541395,32.27652,7.858551,37.824107539157936,55.153156,25.372961,1.2680399223828644,3.0719626,0.09514039
2019-06-01 09:00:00,22.448481720661732,32.56534,7.6112366,35.43604136826665,53.27426,24.09848,1.1180805057762218,2.1593578,0.1716731
2019-06-02 09:00:00,24.78984698844016,35.919098,9.245026,41.38021615243234,60.43108,28.872673,0.9724071192044683,2.4586458,0.16925278
2019-06-03 09:00:00,23.09498637907535,33.069977,8.806061,44.50459964018362,50.81386,36.06151,1.0574086413026058,2.0350578,0.1644244
2019-06-04 09:00:00,26.77327827602727,35.621735,13.608063,40.90294744805659,47.4149,32.78924,1.0110688623621589,2.146476,0.0882063
2019-06-05 09:00:00,29.008006756607585,38.238922,15.992828,36.43837559822802,50.355244,23.764557,0.8839842615508916,2.000753,0.0678473
2019-06-06 09:00:00,28.92659028595898,38.878815,14.683502,28.505835627061646,40.69565,12.211274,2.05325525555386,3.7186186,0.23377964
2019-06-07 09:00:00,25.541019607705664,35.504303,11.4183655,25.256974007741096,46.32622,0.0059099197,2.7186257072167392,4.7757583,0.67196953
2019-06-08 09:00:00,22.153768177829704,29.219147,11.248444,21.70639360636948,42.218914,2.5743837,2.0522775351406137,4.083142,0.08214277
2019-06-09 09:00:00,25.455356731154325,33.510406,13.524078,22.73212479016649,39.14038,9.824856,1.1098569316533222,2.234466,0.30969745
2019-06-10 09:00:00,28.89706287230547,38.60904,13.833649,22.71547279134937,37.64956,14.405408,0.6455057730436653,1.2424694,0.094059035
2019-06-11 09:00:00,31.83360106029636,41.750885,16.6669,21.745987136708454,34.887512,15.087841,0.4279414893752401,1.0589277,0.04651986
2019-06-12 09:00:00,32.51303967175693,42.654205,17.242096,26.384481265540632,37.19675,19.830845,0.6122787735578202,1.4045633,0.06352777
2019-06-13 09:00:00,32.15038094610185,42.49234,18.025543,24.697877171805178,28.939632,11.257399,1.5944056969581437,3.1266694,0.35584402
2019-06-14 09:00:00,29.967657777505337,40.19034,15.621979,26.332617415967505,37.33778,15.673939,1.9390328391940705,3.8235612,0.6593929
2019-06-15 09:00:00,28.297598696216994,37.318024,16.193756,32.12225602108318,42.75363,22.964571,1.4961825355620135,3.1559231,0.64919555
2019-06-16 09:00:00,28.720344486485146,37.440826,16.544342,26.850729640845376,33.31941,10.884153,1.5157056060832108,3.6663072,0.4646322
2019-06-17 09:00:00,27.415605360110646,36.329742,13.921539,35.87042978405931,48.431767,23.707546,1.0999268031335363,2.3383334,0.13036329
2019-06-18 09:00:00,29.02050979449814,39.129303,15.078033,28.419067597599923,34.71183,23.0674,1.132447291384814,1.9226351,0.49842796
2019-06-19 09:00:00,30.772150749316836,39.828766,18.194,25.916407747091046,32.035187,18.708115,1.1793161215997858,2.608755,0.1695811
2019-06-20 09:00:00,30.76370277928953,40.439117,16.976227,30.367493660184802,36.398346,21.037128,1.8669592864576896,3.63025,0.257929
2019-06-21 09:00:00,26.683039368675622,36.37613,13.819489,41.578774335957256,52.863358,21.272038,2.233600887068037,3.9037843,0.88936853
2019-06-22 09:00:00,24.784107655558728,33.77774,12.100006,29.926101063318725,52.005386,15.417484,1.4587296450841678,2.7643197,0.13138933
2019-06-23 09:00:00,26.84614234351028,35.97989,13.722076,29.78672242146339,43.726513,19.980244,0.857197453787021,2.0352743,0.1590077
2019-06-24 09:00:00,28.997820287388436,38.191315,15.153961,24.220093866201417,30.716503,17.0478,1.1482238192064183,2.1226165,0.23741499
2019-06-25 09:00:00,29.258664631051317,38.352936,15.804108,20.256644630782695,27.595865,14.085532,1.853415529215731,3.3938324,0.4475448
2019-06-26 09:00:00,27.597978774519618,36.868317,13.758942,21.865427894389605,28.12126,11.58234,2.335270741303825,4.3277726,0.5574362
2019-06-27 09:00:00,25.218213403346,34.259186,12.348785,27.46818432361184,40.751053,18.03621,2.54101016944187,4.7995014,0.6598133
2019-06-28 09:00:00,24.29354736068524,31.397858,12.386139,27.370397956307144,37.952377,15.897688,1.9149463916997653,3.4243379,0.56122833
2019-06-29 09:00:00,24.349397879809715,31.874908,14.410065,26.51065633007705,32.9873,21.06933,1.7750404674720242,3.3184268,0.5572867
2019-06-30 09:00:00,27.472468740092268,35.197174,14.708893,25.460988868628398,32.226364,16.089643,1.514594090236903,2.8951273,0.3246024
2019-07-01 09:00:00,28.05373217160178,36.17691,15.663239,25.243574491486054,30.460258,14.440728,1.8475499670354756,3.6363158,0.5760774
2019-07-02 09:00:00,27.561907267021866,35.13199,16.388824,14.46977742789567,25.321224,7.1016293,2.131533169228844,3.97021,0.6266103
2019-07-03 09:00:00,27.429808330485514,35.27823,15.645416,20.41564878990697,25.84685,15.4119005,1.9819381198866468,3.4872105,0.5680184
2019-07-04 09:00:00,26.712422762216875,34.898346,14.665924,20.86098369748048,31.090816,10.473721,1.836939686493705,3.4471886,0.6449374
2019-07-05 09:00:00,28.010790103331317,35.4711,17.440094,24.550204204049024,32.33257,16.688606,1.3500962316284237,2.9535003,0.15966323
2019-07-06 09:00:00,30.106609782974715,38.54361,16.889313,25.965743937008124,37.32719,12.571584,1.34370239864062,2.829368,0.47080514
2019-07-07 09:00:00,30.336848708325476,39.265045,17.044342,20.19965211258984,24.486668,16.642918,1.7751770012600925,3.10791,0.4928343
2019-07-08 09:00:00,27.179833876915097,36.52896,14.247711,26.408055167918796,30.417799,18.949049,1.8546797543674545,3.1657174,0.46465644
2019-07-09 09:00:00,26.86791409120849,34.70108,16.21402,27.611797492523934,39.926697,19.854383,1.662689559022844,3.6177924,0.40838212
2019-07-10 09:00:00,28.18677345889313,35.481598,17.929108,36.472697499722315,43.690956,29.557592,1.5209039975247132,3.424304,0.48298588
2019-07-11 09:00:00,29.696425049579318,36.851227,19.04361,34.98611120112214,44.445534,20.395317,1.5897962652203743,3.442775,0.56930166
2019-07-12 09:00:00,31.243194331624693,38.436676,19.874908,30.355394423571123,35.412144,21.181675,1.582092556909656,3.4902585,0.45644596
2019-07-13 09:00:00,31.617488546888012,38.651764,19.690338,21.405137360865158,30.2653,11.265837,1.4676074248159208,3.0494268,0.18734726
2019-07-14 09:00:00,32.660267841583504,40.1669,20.04776,21.337098616928987,27.089684,12.9178095,1.6847888657730643,3.1991537,0.28892654
2019-07-15 09:00:00,31.733466881361892,39.51114,19.07608,14.503931172289162,19.607231,10.773365,2.1318037592765897,3.910606,0.52815795
2019-07-16 09:00:00,31.328958170230806,38.43521,19.930084,19.075893250173642,24.586075,10.791963,2.211579773697337,3.9514632,0.659915
2019-07-17 09:00:00,29.801872472373816,37.145905,19.420563,30.369798599615873,40.553547,17.291828,1.8133013305367616,3.341479,0.5495434
2019-07-18 09:00:00,30.021824248870644,37.315826,19.393951,29.728283033735607,37.33056,20.12909,1.2412021611077912,3.1042902,0.29156634
2019-07-19 09:00:00,31.036613115342732,38.93228,20.127594,31.422250835505597,36.30989,24.944504,1.5041675285947502,3.3555,0.7161374
2019-07-20 09:00:00,29.917511804846242,37.81363,18.786285,37.69811404336926,45.2644,24.075642,1.387705558264078,3.0730014,0.5914184
2019-07-21 09:00:00,29.716254419787447,36.95645,19.684967,35.87213343430342,46.398155,18.168226,1.2058312799960662,2.3049595,0.5980861
2019-07-22 09:00:00,31.847691775353155,38.87735,20.960602,23.07149648398507,28.322556,14.812768,1.2168655756268343,2.8707764,0.22677512
2019-07-23 09:00:00,32.563992350077456,40.903473,20.173004,22.433298883953057,28.187359,13.00831,1.0871951794217332,2.2450395,0.13241743
2019-07-24 09:00:00,31.593989624350627,39.963043,18.355621,29.96361201020523,47.521427,22.823627,0.9447249500569511,2.2070365,0.15801741
2019-07-25 09:00:00,33.00964515197478,41.753082,18.315582,30.32018473181732,49.237473,21.860285,0.930610152621883,2.232027,0.07591833
2019-07-26 09:00:00,29.96146956604497,40.378815,15.245514,37.052124224315456,63.248524,22.589787,0.659143929129349,1.7921947,0.19098619
2019-07-27 09:00:00,31.591819950483682,40.957184,16.58609,33.839345287546365,48.432144,27.640732,0.9977701149603984,2.3791258,0.13192707
2019-07-28 09:00:00,33.25167486584894,40.982086,18.745758,20.926760370032433,35.22372,11.915128,0.6936960347840252,1.4493178,0.051559493
2019-07-29 09:00:00,33.873043547263364,42.14615,20.583649,12.610161752329589,25.98088,8.33648,1.5459740922432432,2.8395512,0.35970724
2019-07-30 09:00:00,32.021130781694126,40.04312,18.834137,18.47290394932036,26.419252,13.138819,1.9598059078246368,3.6664011,0.23856515
2019-07-31 09:00:00,30.800840795309455,38.068268,18.724518,19.616813817585964,28.951258,10.297774,1.4447724261792707,3.0009677,0.20400536
2019-08-01 09:00:00,30.612183858112644,38.207428,18.691803,19.201660303619867,24.115925,11.858111,1.3825029208853403,2.441582,0.3365594
2019-08-02 09:00:00,30.59258764207351,38.035065,18.505768,26.70906774086145,34.62545,18.469202,1.8264737778751112,3.9522784,0.59618556
2019-08-03 09:00:00,30.06365371586122,36.35196,19.262115,22.34562768688106,33.02758,13.207266,1.260071839095942,2.63689,0.38847336
2019-08-04 09:00:00,32.05427857618406,39.022858,20.49942,18.50261020027968,29.849459,9.31249,1.2631592547236485,2.422614,0.31743348
2019-08-05 09:00:00,32.58995281197696,39.780914,20.349274,18.996610427299053,26.680119,13.27582,1.549431989435722,3.284799,0.06969326
2019-08-06 09:00:00,31.605504993625345,38.64322,20.072906,21.894666209756807,31.841524,15.34543,1.2603734927416421,2.5313685,0.085310146
2019-08-07 09:00:00,31.654587918614254,40.06534,18.844635,19.99898041065188,32.920876,11.339523,1.538431718863308,2.9513025,0.37967962
2019-08-08 09:00:00,30.646524890679814,39.294098,17.30191,26.43147943557916,33.819508,16.221447,1.670388718721978,3.3359556,0.48460728
2019-08-09 09:00:00,28.004629786079533,35.60855,15.786285,26.1353054796246,34.187683,18.322021,1.991116695102633,3.8644967,0.5193462
2019-08-10 09:00:00,27.7015458440398,35.207184,14.939606,29.54504491516163,45.366108,18.295795,2.066844013572133,3.8897827,0.7624245
2019-08-11 09:00:00,26.59181262508463,34.647858,14.910309,30.79984263220635,46.36887,17.499378,2.1559687295068084,4.1138964,0.93652844
2019-08-12 09:00:00,27.267202512089284,33.28238,17.521149,27.234824974987692,39.11952,18.646835,1.3854224789924798,2.8531828,0.34212837
2019-08-13 09:00:00,29.690415181931144,36.740387,18.407135,23.391343604669416,26.395082,19.12815,1.1804244972773932,2.5679028,0.3979827
2019-08-14 09:00:00,31.71297103267051,38.824615,19.812897,19.638720904932953,24.533772,12.686116,1.046298376743965,2.562332,0.1699709
2019-08-15 09:00:00,33.51257500597205,40.972565,21.072174,16.613780174185283,20.953722,8.555547,0.9098533449653511,1.9826231,0.122333184
2019-08-16 09:00:00,33.93396900589818,41.90274,20.855865,18.670180331306387,21.435627,14.65574,1.1449782558626551,2.252645,0.35253236
2019-08-17 09:00:00,33.30671017062673,41.871002,20.546783,17.799076915054453,23.320671,12.133172,1.5110486693374996,3.699531,0.20421387
2019-08-18 09:00:00,30.902931902404816,38.57608,20.037018,22.93127736647548,33.22737,12.169681,1.2402786448121346,3.2986448,0.37738624
2019-08-19 09:00:00,29.792729404971,37.63492,18.84195,23.992881615723665,33.861313,9.306624,1.309823827547061,2.7287157,0.53098327
2019-08-20 09:00:00,29.167711060407157,36.1669,18.450104,29.553476053955464,47.083588,11.427933,1.481172970431506,3.4000933,0.45979637
2019-08-21 09:00:00,29.539803832659913,35.432526,20.196686,17.986602716536126,27.86064,12.231733,1.7077919177292662,3.7289927,0.40099388
2019-08-22 09:00:00,30.102611130059756,36.052887,20.390045,17.85981410307607,27.963467,7.3522673,1.5232217834733324,2.9717777,0.48756912
2019-08-23 09:00:00,30.558541046239725,36.97061,20.39737,37.501517482054275,48.254692,21.637503,0.8305127439910767,1.7980654,0.15887734
2019-08-24 09:00:00,31.978335148150336,39.950592,21.167389,42.07700318690639,49.89244,28.950935,1.157564778421988,2.4579692,0.22307087
2019-08-25 09:00:00,32.08650671790684,39.943512,20.222809,40.045488412012574,47.20936,25.779669,1.1292071616718553,2.2601395,0.5208309
2019-08-26 09:00:00,32.56315272953208,40.16519,21.56607,30.308815017315393,42.53043,21.908466,1.4237779590481672,3.155169,0.111001775
2019-08-27 09:00:00,32.75205678107295,39.730865,21.996979,24.169505644585897,37.18694,14.972897,1.241700778395778,2.7989824,0.2751819
2019-08-28 09:00:00,32.934503457695826,41.190094,19.879791,25.52925038112056,38.79526,17.486668,1.306327888377949,2.8332615,0.3297717
2019-08-29 09:00:00,31.926093620931,40.175934,19.533356,31.526153252337966,39.7684,26.389492,1.8044188475552152,3.7761695,0.7364727
2019-08-30 09:00:00,30.382749971105397,37.239655,18.886139,24.086886713452575,40.15431,10.080706,1.768696293813271,3.6781466,0.32125577
2019-08-31 09:00:00,30.282085152747356,36.366608,19.634674,25.989846843354833,36.83627,13.93495,1.236118512537995,2.4539697,0.46354204
2019-09-01 09:00:00,32.00852101879849,38.36783,21.09439,20.01687064110948,27.947208,13.263514,1.3579429102167226,2.5093553,0.16830982
2019-09-02 09:00:00,33.35356367310658,40.651276,20.825104,23.94022209241976,31.24507,16.271404,1.178840717247056,2.4404383,0.16170697
2019-09-03 09:00:00,31.987203660928685,40.38199,18.70816,30.164063196635052,36.973175,25.009342,1.4859143922044329,3.602697,0.24499701
2019-09-04 09:00:00,31.279400072585872,38.730133,17.541168,32.14389657094931,53.03993,19.13037,1.145105981052211,2.974643,0.0847818
2019-09-05 09:00:00,31.147526819122163,39.573883,16.394196,34.88748409501907,55.027752,27.234783,1.0634819362560297,2.3471515,0.17902775
2019-09-06 09:00:00,30.568230731799247,39.573883,15.91983,35.50610857353609,45.86612,29.220419,1.4507066055021214,3.320091,0.16530146
2019-09-07 09:00:00,29.82532523257288,37.75235,17.31485,32.86299091833613,45.833363,10.845081,1.5393486097185767,3.3558064,0.5593786
2019-09-08 09:00:00,26.233096299613067,35.306793,16.02359,25.577418335076352,46.132374,11.695869,2.546726928590438,4.047455,1.0547742
2019-09-09 09:00:00,23.944177286149454,30.21109,14.154694,25.970437706233543,53.2578,10.468739,1.8733267183215339,3.364561,0.5552563
2019-09-10 09:00:00,23.72915684812415,31.162506,12.172272,31.318806663243212,47.92807,14.535283,2.332296411252317,3.720121,0.90522134
2019-09-11 09:00:00,22.34175958358651,29.783112,10.847565,22.10073992357432,36.63761,10.957925,1.5499393891064106,3.0038993,0.4195147
2019-09-12 09:00:00,25.114624921749453,31.194977,15.046539,22.11785755888879,27.079136,16.281174,0.9909452048182851,1.8386368,0.15940821
2019-09-13 09:00:00,29.654604422766113,37.26407,17.57071,18.60016790762305,26.567669,12.423506,0.672926032928069,1.540432,0.09681779
2019-09-14 09:00:00,31.02285497257151,38.683746,18.431793,17.15295131628329,24.166893,11.029121,0.7590590008522121,1.3890334,0.29803783
2019-09-15 09:00:00,31.28319144098799,38.8815,18.711578,16.49080660835333,21.189089,12.974734,1.0121388483675835,2.8295794,0.20331506
2019-09-16 09:00:00,28.18923781044748,37.088776,14.577057,17.804001647885745,27.664131,7.4437304,2.345856044513942,4.1172566,1.1516085
2019-09-17 09:00:00,20.483272615306987,29.058746,10.281403,32.639829975823005,64.06097,14.275256,2.2698933490100077,4.1178317,0.95056283
2019-09-18 09:00:00,22.767500153208857,29.233063,12.535797,28.302842256966972,41.444706,17.245487,1.5217658370396276,2.7265742,0.671915
2019-09-19 09:00:00,22.936781552222044,31.197418,10.33609,36.463671895913826,53.51252,23.180311,2.5173725280068173,4.250591,0.8360048
2019-09-20 09:00:00,19.753678781564815,27.011871,7.8319397,31.365494181802315,47.92773,16.343624,1.4926842783767078,2.8513148,0.2560273
2019-09-21 09:00:00,22.87653733936645,30.054352,11.837555,25.788411540029013,37.532265,15.589198,1.048856893117116,1.9950285,0.11773229
2019-09-22 09:00:00,25.719619807559184,32.84146,15.241852,22.698686423902345,31.515284,17.355175,0.8255371918935578,1.5525666,0.12674332
2019-09-23 09:00:00,26.383359973856727,34.328033,12.962799,24.95268261101997,34.968655,19.054592,1.3158646887300183,2.4696376,0.03932442
2019-09-24 09:00:00,25.768469065320687,32.48697,13.736969,22.510328415337682,26.828363,19.402582,1.3458997900274756,2.930267,0.31934318
2019-09-25 09:00:00,28.81851939450962,35.48526,18.207916,17.64925543159327,24.924725,10.764099,0.7099360925779766,2.3463135,0.2374626
2019-09-26 09:00:00,30.598677016553495,38.872955,17.97647,23.219607758601132,33.94064,16.018764,0.9346545361538918,2.788924,0.27245635
2019-09-27 09:00:00,28.011309020379713,36.937897,15.670319,38.48416447370606,49.496464,25.921864,1.957413414916363,3.3135812,0.718232
2019-09-28 09:00:00,24.12666761301159,31.91397,12.714752,37.486365112523856,70.200485,5.4021606,1.9983312752448148,3.5424597,0.6594036
2019-09-29 09:00:00,16.818091857915476,27.59024,2.0628967,36.37933861455993,68.60317,12.831283,2.6730513653913652,3.6442146,1.3919371
2019-09-30 09:00:00,15.234269188811083,24.080963,1.9015198,39.75903205185476,50.848587,20.70034,2.2162363269841325,3.5479488,0.7848332
2019-10-01 09:00:00,15.42202950574682,22.600494,4.105133,33.47829109714254,50.4951,15.756049,2.0002121176259773,3.906532,0.33155778
2019-10-02 09:00:00,17.286242873689048,22.959381,8.384674,21.517755205084594,30.573183,15.041933,0.820015976525255,1.4744284,0.14049822
2019-10-03 09:00:00,20.617872040717828,26.873932,10.645416,21.541164843271694,28.726616,12.902168,1.1434412362290916,2.5220258,0.36649337
2019-10-04 09:00:00,21.032050402324444,28.259674,9.389313,9.376973958653169,17.931868,2.2795238,1.9593187140887935,3.653594,0.16771497
2019-10-05 09:00:00,20.30986088819685,25.281403,12.830231,10.106927621026394,20.034134,1.9825811,1.3242570595461096,2.4746194,0.27102095
2019-10-06 09:00:00,23.117297813893288,28.423004,14.437164,12.172928678613317,21.408375,1.6297569,0.5927992469562046,1.5255308,0.0236825
2019-10-07 09:00:00,25.852976239516124,32.746246,15.066559,14.839003232244877,22.490086,10.665867,0.6298256105177785,1.2572646,0.14694911
2019-10-08 09:00:00,26.43998340943608,34.039948,14.457916,17.554921724939636,22.186182,14.034194,0.6836920334612028,1.3719692,0.23444833
2019-10-09 09:00:00,25.08795011237612,32.923737,12.460846,18.37206824826027,21.268364,9.167678,1.6822672844286095,2.9997396,0.30156058
2019-10-10 09:00:00,19.52256769808389,25.89981,8.126373,14.725220150145313,33.949078,6.4920473,1.519665328399659,2.7020538,0.09320104
2019-10-11 09:00:00,19.607319129929692,26.460602,7.9391174,10.153172929019865,15.879163,5.211835,0.7717450472414729,1.5708948,0.03685207
2019-10-12 09:00:00,21.100903150777583,28.521393,10.058502,12.450097586508784,23.95306,2.5272784,0.5206559305921461,1.1015682,0.14066195
2019-10-13 09:00:00,21.77963735121324,28.889801,10.856598,9.590501150394509,17.851357,2.0896368,0.5880258694934407,1.4769323,0.114270836
2019-10-14 09:00:00,21.342203531751238,29.636871,8.435699,15.70350401339594,19.246845,13.634888,0.8371600212032905,1.8618928,0.05937583
2019-10-15 09:00:00,21.112150671859922,27.633453,11.041412,12.997924773202023,15.293247,11.101422,0.5541648344294161,1.0490836,0.07443347
2019-10-16 09:00:00,23.181952707297455,28.66861,14.000641,12.634853063696527,16.214592,8.573422,0.6941761341844167,1.646379,0.07152424
2019-10-17 09:00:00,21.44556520096978,28.105133,10.568024,22.1241279635047,27.34436,17.977173,2.21536654867884,4.0823836,0.34844467
2019-10-18 09:00:00,16.592788118388796,22.993805,6.72818,25.36641897571922,59.816887,7.835226,2.2520070771375797,4.19678,0.2563537
2019-10-19 09:00:00,17.678267881291788,23.885162,7.7530823,19.11176799912159,29.60998,7.8718405,1.5386844960140829,2.7344398,0.26495507
2019-10-20 09:00:00,18.135899043446045,23.973785,9.114655,29.959332291015595,47.09157,15.7595415,2.165388499390242,4.280038,0.13391127
2019-10-21 09:00:00,20.152833968179948,25.364899,11.658112,32.58751288814525,43.21571,26.431599,1.371873378000349,2.4598672,0.2092181
2019-10-22 09:00:00,22.267785689977927,27.101715,15.015778,20.738266716001196,29.20023,12.442416,0.8359377291149691,1.5438198,0.10104624
2019-10-23 09:00:00,23.678109123507227,29.657867,14.593414,19.221941939235833,26.518667,13.052134,0.9852249306404758,1.9178097,0.057064436
2019-10-24 09:00:00,22.339946749296416,28.331451,11.38028,15.289266075119643,19.257992,8.970626,1.1102326699495024,2.330394,0.35110945
2019-10-25 09:00:00,25.222686550617766,32.460846,13.738678,12.983151806909277,16.133041,8.843979,0.5954921688343857,1.5498134,0.08212509
2019-10-26 09:00:00,25.19581564238814,31.611969,15.192047,14.036402207167972,16.431273,11.305002,0.7695946681393362,1.6620117,0.15161312
2019-10-27 09:00:00,22.513709049178885,28.944244,11.563385,21.299953106938624,24.978874,16.217155,1.6119607961258597,2.7929206,0.5301901
2019-10-28 09:00:00,15.18053947387233,22.702698,3.908966,15.520607753179123,23.625526,6.269252,1.450397959362101,2.160462,0.7502787
2019-10-29 09:00:00,15.821040959128595,22.907806,5.2723694,16.045212409306885,29.418644,4.8647203,1.1575912873453913,2.0946465,0.30181864
2019-10-30 09:00:00,15.352346619209186,21.488983,5.76828,13.906968345180042,20.840034,4.804879,0.7018128023589244,1.8041874,0.020361908
2019-10-31 09:00:00,15.792558075159377,21.746613,6.917389,10.021568307588273,19.38853,4.2752495,0.5140633578839288,1.4433001,0.027903868
2019-11-01 09:00:00,16.732843156772446,21.481354,9.4774475,7.970984846601421,13.696284,3.9949884,0.3574764108817223,1.0036709,0.057342645
2019-11-02 09:00:00,18.4636143088469,22.812897,11.385162,7.066240543596274,14.877462,1.5663834,0.3186571525374492,0.91341037,0.07069861
2019-11-03 09:00:00,19.78673015088077,24.862457,11.579254,7.334102025000408,15.006545,1.3478861,0.4923600197744273,1.3289593,0.06155783
2019-11-04 09:00:00,20.401552378150143,25.129303,11.9711,10.837382035444993,17.842106,3.9855719,0.3179598503007168,0.97206223,0.0183922
2019-11-05 09:00:00,20.670099257702077,25.405426,12.637848,14.210601098130898,23.040218,8.275785,0.41505543111569415,1.1234406,0.048925925
2019-11-06 09:00:00,20.427155292137627,25.638824,11.74234,15.302018995238205,22.253885,10.871073,0.592488655203974,1.6779174,0.07832098
2019-11-07 09:00:00,20.058313680520257,25.182343,11.389374,16.808269881134837,21.956448,14.14004,0.4405348805497276,1.4926087,0.07231543
2019-11-08 09:00:00,20.246014946415926,25.762848,11.20816,15.088436738504576,20.303076,11.371471,0.5862726701158388,1.86129,0.089660086
2019-11-09 09:00:00,20.450408826522676,25.804108,11.809967,11.678756826973014,14.480168,9.711099,0.5877817339856204,1.1437849,0.08248665
2019-11-10 09:00:00,19.45058537542326,24.198883,11.669586,13.332251132556253,17.484993,9.58265,0.5774299489796028,1.4038534,0.13047343
2019-11-11 09:00:00,19.045007810461527,23.401642,11.835236,16.943618020986747,24.834995,11.244564,0.516009325955876,1.5977173,0.07453262
2019-11-12 09:00:00,20.320887308213457,24.999786,12.171661,16.238128528475453,23.965012,11.64581,0.37498974433224397,0.9952557,0.055168178
2019-11-13 09:00:00,20.942928980976433,26.012726,12.874054,16.818353811050237,22.491497,8.339153,0.5461461580729946,1.5213649,0.10362383
2019-11-14 09:00:00,19.245356623117573,24.578705,11.371674,16.883156920014695,24.858414,7.4945526,0.859752569300486,1.8836437,0.059149075
2019-11-15 09:00:00,17.074739678723347,23.004303,7.351959,32.57163763136457,43.5446,24.403976,1.5899464600125837,3.4338524,0.10989578
2019-11-16 09:00:00,15.942211025202369,20.245026,7.9598694,24.32651688142574,32.484283,20.011627,1.093605132340887,1.6820165,0.1562075
2019-11-17 09:00:00,18.095271742955276,21.945953,10.664703,16.72908924622107,24.444416,9.576418,0.7168055213236024,1.4142542,0.2006622
2019-11-18 09:00:00,19.912506231003704,23.779938,13.9635315,15.288056764916572,19.530563,10.878219,0.393430288624459,1.1930393,0.034380976
2019-11-19 09:00:00,20.240660457541935,24.386139,12.509186,16.743928647744106,25.657402,11.157402,0.8505442646028604,2.84764,0.118575
2019-11-20 09:00:00,14.797685750557378,22.666656,2.846344,51.43678768019383,69.28918,35.39074,1.2704802941786004,2.9232042,0.14554097
2019-11-21 09:00:00,9.996925744348061,17.669586,-2.1834412,64.48624437928031,79.90967,47.86131,0.943746266432235,2.0970464,0.19866757
2019-11-22 09:00:00,11.976402112586982,20.250793,-0.10897827,63.43196912533348,78.12562,52.472775,0.5331338721530123,1.1787162,0.1190991
2019-11-23 09:00:00,12.826815597861469,20.40274,-0.20077515,50.7793514537504,63.222294,37.36292,0.881631918516834,1.7596332,0.16638684
2019-11-24 09:00:00,14.42098984668894,20.58023,4.365143,20.405270646555707,32.851463,10.09365,0.7435918195216912,1.3864418,0.12837732
2019-11-25 09:00:00,15.20752631047219,20.668854,5.3954163,19.912990956990246,33.97274,6.968836,1.5319176655446145,2.9266212,0.19574316
2019-11-26 09:00:00,9.234466886488121,17.221344,-4.688568,26.077835012012464,53.8611,11.466566,2.178573305562797,4.4036427,0.20286645
2019-11-27 09:00:00,7.144518447389032,14.637848,-5.0594177,41.70931270372321,74.74978,21.034935,2.404048647459515,3.6913524,1.5559914
2019-11-28 09:00:00,2.8415296218520325,11.898987,-9.743591,70.02861150329231,95.93376,52.840904,1.1303295456732392,1.5245125,0.75530505
2019-11-29 09:00:00,2.0424081139090617,9.55722,-10.704498,80.8395224991378,90.60231,67.92653,0.6696325753362373,1.4471551,0.13974251
2019-11-30 09:00:00,2.946858626607195,11.420746,-12.1249695,48.28220389004156,73.6154,29.07045,1.4977835625429456,2.4835196,0.286512
2019-12-01 09:00:00,6.422271286700834,11.583405,-2.8228455,75.66563712126094,97.30083,52.807762,2.314374627080064,4.6595554,0.54591584
2019-12-02 09:00:00,9.364854146972732,15.179596,-1.7479858,50.79280644682259,84.93092,33.20961,1.3444220340737105,2.4708314,0.43739676
2019-12-03 09:00:00,10.70109243873327,17.328308,-1.4998169,48.74542929967094,65.511894,31.570488,0.7311496571404773,1.3262373,0.20340148
2019-12-04 09:00:00,8.302728378873383,14.381989,-2.3172302,41.989624289732305,72.38134,27.287586,1.269416268804998,1.8596805,0.13332471
2019-12-05 09:00:00,9.002046078651176,16.525055,-3.8538513,66.70914802748615,82.84402,48.55886,1.3315937452480244,2.312549,0.33459184
2019-12-06 09:00:00,10.974568955585937,18.285553,-1.3003845,56.7785321787367,79.849014,38.653706,1.0258510779676677,2.1116612,0.29334077
2019-12-07 09:00:00,11.839158370031441,19.703888,-3.108612,66.60163491760825,89.7244,33.251747,2.359370141075802,3.2780993,1.3880079
2019-12-08 09:00:00,10.788325782383424,18.565582,-2.2019958,69.55722395762483,80.74764,57.659046,2.0525745590391344,3.2082744,1.0459983
2019-12-09 09:00:00,8.890103530026693,15.703735,-3.2943115,50.18145577064619,61.49587,42.198994,0.8687316062238567,1.472158,0.12815705
2019-12-10 09:00:00,8.63416877619585,14.858978,-3.0999146,32.61714683211321,59.54867,13.990077,0.6368712167925987,1.298473,0.09382965
2019-12-11 09:00:00,9.25207359912963,15.032318,-4.1178894,29.25275071185953,46.935936,12.514061,0.6821791194361178,2.5222003,0.10994565
2019-12-12 09:00:00,10.988610654643196,16.214478,1.4644775,53.67291218326051,75.77486,39.868607,0.8141568808602037,2.1873624,0.07185797
2019-12-13 09:00:00,13.542922955732877,19.743073,1.4481506,52.51927637868416,70.789604,27.33952,0.7859357559084151,2.2621243,0.070058085
2019-12-14 09:00:00,11.919179813325684,18.351105,1.7280579,58.547696949125005,83.9167,21.990925,1.5589348463182477,2.9710903,0.3183292
2019-12-15 09:00:00,7.916826965567964,15.997223,-5.201996,49.183061779810245,65.68638,34.31138,2.0754901867261117,3.684279,0.091259524
2019-12-16 09:00:00,6.490166171027283,14.408417,-6.7380676,33.75708423575618,55.908115,16.044834,1.1658929911475604,2.0414102,0.17988905
2019-12-17 09:00:00,6.338118001838552,14.101654,-9.63858,18.209593821737144,43.699966,4.725152,1.3485175102727671,2.7730281,0.10971735
2019-12-18 09:00:00,7.020538011630208,14.272614,-7.623871,17.601492798502296,48.155094,5.4091654,1.27721967430747,2.3519776,0.30093825
2019-12-19 09:00:00,7.301588321233112,14.621735,-6.073242,50.774449113286956,69.259254,18.174217,0.5742443492337178,1.2263938,0.1598478
2019-12-20 09:00:00,9.09397358773856,15.693939,-1.5736389,31.48949604214334,45.203194,20.308664,0.5939306187906398,1.6096839,0.043876354
2019-12-21 09:00:00,10.932090698525315,16.659088,-1.9932556,19.447142371451935,29.592266,12.830547,1.5207438495385865,2.8465047,0.9050794
2019-12-22 09:00:00,11.263356462496802,17.766144,-1.5619812,17.146072234016405,32.06465,10.359543,2.1238028900768504,3.4800007,0.7849291
2019-12-23 09:00:00,7.503694380006891,14.074371,-5.332855,83.99077517053163,95.328575,53.27739,0.801383244039429,1.3277428,0.37582967
2019-12-24 09:00:00,5.134684540091712,11.721344,-6.653656,69.98327726675501,89.1146,42.942722,0.8813366781167368,1.4309245,0.32302427
2019-12-25 09:00:00,4.848053604409131,13.223785,-7.7254333,67.040133987325,80.817856,45.718384,0.64951321012982,1.4137937,0.17527035
2019-12-26 09:00:00,5.4013098683230965,13.872772,-8.224884,59.83096744043258,82.22309,37.30816,1.1462233034645315,2.2281191,0.33627737
2019-12-27 09:00:00,6.2101354290188056,14.016754,-9.426605,46.64901096888458,67.23005,26.99958,1.1293674023745477,2.0964932,0.07606124
2019-12-28 09:00:00,6.159113294029737,12.767853,-6.9703674,29.439578934946944,58.891003,11.062879,0.7852103049905654,2.2549267,0.16695222
2019-12-29 09:00:00,7.765925308973181,12.905121,-5.141754,38.754025131159956,56.20788,23.106318,0.7130341505410203,1.526606,0.09247574
2019-12-30 09:00:00,7.218303487646892,14.505859,-4.939453,63.93315711639747,88.74474,42.16395,0.9153356527282113,1.490736,0.17572229
2019-12-31 09:00:00,7.435625440096942,14.756622,-6.5812683,43.19993873495813,57.17134,29.495558,1.1404068133646443,2.502354,0.3673491
2020-01-01 09:00:00,9.93195327009056,14.954559,0.106903076,32.26772668676218,48.644707,21.797737,0.5643417959670218,1.2360901,0.09788561
2020-01-02 09:00:00,10.093976002326087,15.507965,0.44937134,30.495937309434716,51.22255,17.27333,1.0806770071860594,2.2923477,0.19013056
2020-01-03 09:00:00,9.94311751367377,15.326569,-0.49765015,27.78687769649966,46.411003,14.231314,0.7613998382396544,2.0020485,0.0774171
2020-01-04 09:00:00,12.520389600493388,18.472076,-0.79159546,26.282619417927062,44.652454,16.10078,1.1086522149068598,2.6423771,0.31754225
2020-01-05 09:00:00,11.582617534811618,17.810455,0.21084595,22.890202324076547,37.522537,6.356214,1.7495197017552453,3.4537394,0.14019202
2020-01-06 09:00:00,9.212716978301216,15.879303,-2.0132751,25.835829706523256,44.34739,12.410389,1.323225778908941,2.6174643,0.1884429
2020-01-07 09:00:00,10.003814696445545,14.752167,1.5744324,23.229767465300977,38.65586,9.762304,0.8582668381149396,1.7542442,0.26394582
2020-01-08 09:00:00,7.234629180246657,13.458069,-5.6884155,25.635443883932673,45.422974,13.477661,1.8320902172596232,3.1634328,0.40196875
2020-01-09 09:00:00,5.548317545378495,13.501556,-7.7848816,66.60038574166116,80.01658,30.9859,0.7227428543827069,1.8946921,0.16199604
2020-01-10 09:00:00,5.9262082024336,12.709869,-6.38974,27.557150357837937,54.408714,9.439966,1.0416636964071972,1.6987354,0.21209233
2020-01-11 09:00:00,8.258989947158625,13.353058,-2.3539734,32.84590216824603,49.911743,16.18518,0.9565852749546135,2.5915482,0.11539453
2020-01-12 09:00:00,6.569545212381229,13.692902,-5.9075623,40.1878471718751,68.31171,21.779512,1.280535131420468,1.9758223,0.13601425
2020-01-13 09:00:00,6.835264507156239,13.713959,-5.0846863,36.48116025257435,56.010292,13.34584,1.417416225862215,2.1266935,0.1763263
2020-01-14 09:00:00,7.717566599202485,14.421051,-4.9187927,40.53827446775004,70.28976,14.69139,0.8890039143860543,2.665605,0.108491406
2020-01-15 09:00:00,6.754291196804104,13.229767,-6.1405334,24.201603121807054,46.96946,0.64407253,1.2233074446816266,2.0404778,0.2741482
2020-01-16 09:00:00,8.15077048370722,14.563324,-3.8038635,21.42120135741318,43.3955,5.3134704,1.8530551392048236,2.9036522,0.27762792
2020-01-17 09:00:00,3.6486472887754076,10.9166565,-9.276306,31.064663642859834,39.89292,21.603859,1.3948600822928359,2.4501603,0.71124464
2020-01-18 09:00:00,6.568171723939315,12.214691,-2.6446838,26.853649161240828,49.496853,9.981103,0.7235982948740239,1.8985622,0.05900716
2020-01-19 09:00:00,7.135039320819033,11.969116,-1.1109619,23.309707550957686,45.94879,11.2241535,0.8333575174466324,1.5599629,0.2231214
2020-01-20 09:00:00,7.048128077279728,12.357086,-3.2183533,24.30903318534591,43.91171,13.290615,0.7542952095821257,1.5059131,0.15657032
2020-01-21 09:00:00,8.085671172822742,15.215485,-2.5931091,44.979019895966175,52.90532,27.241257,0.7992639684714451,1.7372762,0.30371934
2020-01-22 09:00:00,10.60832342141805,17.890167,-1.129364,66.65527503697709,78.28547,52.899788,0.5841845291351669,1.7851958,0.08494393
2020-01-23 09:00:00,11.271772084351255,17.641022,1.6195374,38.12740930536013,51.59358,27.128735,0.7137390656787844,1.3210711,0.13646539
2020-01-24 09:00:00,11.924128691117119,17.161285,2.2530823,37.86394224962103,48.571724,32.685005,0.9937178274578128,1.7902622,0.097768016
2020-01-25 09:00:00,11.41990646905117,17.946991,-0.017852783,33.518645533762715,51.546818,16.337431,0.5999817470284353,1.2626251,0.099906504
2020-01-26 09:00:00,12.18113687602289,18.033844,2.7955627,54.37911368821522,63.73449,40.886833,0.802123066022462,2.2069345,0.1329307
2020-01-27 09:00:00,10.380353937120447,17.537018,-3.457611,33.679662830436804,48.848083,19.503445,1.5655636255200491,3.044774,0.08279991
2020-01-28 09:00:00,11.114453311774241,18.339508,-0.8851013,21.852622025184246,38.528965,3.473381,1.1715122819097692,2.1274633,0.058755036
2020-01-29 09:00:00,10.171898571513623,17.528809,-3.3950195,26.893414557083094,51.189255,10.965818,1.8018623184944185,3.748289,0.13353023
2020-01-30 09:00:00,10.26514463620964,17.02066,-1.2869568,30.83637047735575,47.574905,17.084492,0.704029275154555,1.5214292,0.03701978
2020-01-31 09:00:00,11.636579219000168,17.404388,0.3711853,33.35613042331789,45.0134,26.450901,0.6138025922033996,1.8110791,0.028039355
2020-02-01 09:00:00,15.210510339202244,19.514923,6.5559387,19.32903458454551,31.342075,6.217701,0.5449188291353014,1.2117276,0.04475209
2020-02-02 09:00:00,16.541344829564537,21.24112,6.830963,17.442447863625,31.875952,5.949918,1.2176377372868328,2.6943295,0.2533864
2020-02-03 09:00:00,7.740072056535325,17.010406,-4.8626404,26.725472973952716,58.667957,7.8265815,3.009303032411482,5.715275,0.031723622
2020-02-04 09:00:00,4.598563612911107,13.641327,-13.442657,18.22574856108525,30.4016,6.077381,1.9323023885507942,3.4267743,0.08154816
2020-02-05 09:00:00,6.434741443265125,13.471466,-6.719452,19.003598959760247,34.316715,4.282523,0.8666227926206119,2.0035965,0.19484065
2020-02-06 09:00:00,9.665206586951001,14.699432,-0.54074097,44.16703363496568,62.319775,32.745556,0.7645475570989213,1.7554425,0.12502669
2020-02-07 09:00:00,13.159718040355529,18.298615,4.355255,21.745651608504808,35.039883,11.18832,0.6777010399367024,1.3059808,0.10255247
2020-02-08 09:00:00,15.004475459564048,20.197418,5.99234,19.688852388808165,32.096024,9.565636,0.6327521733241025,1.6833413,0.069110274
2020-02-09 09:00:00,13.715950382091535,21.761353,-0.82263184,30.955692940128568,50.237682,9.960339,1.6359422600215583,3.0798535,0.3205525
2020-02-10 09:00:00,8.880758303795801,18.252197,-9.224213,28.19957732882738,61.331867,16.163898,2.5784107685115836,4.0138702,1.0526247
2020-02-11 09:00:00,12.494690966692815,21.023102,-3.4358826,17.989353997931943,32.54454,9.12657,1.0171664126388438,2.8925295,0.17400412
2020-02-12 09:00:00,13.118583363920436,21.179352,-2.0438232,19.96226284299008,35.435986,11.192848,0.47225246673041965,1.0511274,0.13326177
2020-02-13 09:00:00,14.356244842201704,22.46286,-0.37893677,33.80764448261515,43.24317,28.92286,0.41217135437787306,1.2825627,0.07974784
2020-02-14 09:00:00,14.671939749555861,23.174164,-0.15200806,34.0151033010948,45.111504,20.640059,0.9101296888911306,2.1280956,0.060311433
2020-02-15 09:00:00,13.508229743144852,21.76236,0.8482971,31.881986577235818,46.982113,18.413303,0.6577728835713864,1.2111342,0.10602953
2020-02-16 09:00:00,14.929016002669357,22.393036,2.4809265,37.22635573664255,62.428436,17.602547,1.091728676088409,1.9844517,0.1629164
2020-02-17 09:00:00,14.549800487945049,22.200897,1.8981628,40.91062126927682,58.062122,18.319935,1.5216732578591101,3.1905453,0.10343169
2020-02-18 09:00:00,14.26005273621314,21.553986,1.0383606,25.790698760785745,40.29132,8.206942,0.9222196335792681,1.7804219,0.17672114
2020-02-19 09:00:00,14.240309772284604,22.63385,0.31939697,24.09245474204002,42.670113,5.674021,1.0124463156842125,2.0539305,0.16876565
2020-02-20 09:00:00,14.00951914041218,22.570068,-0.5432129,24.09807851960384,42.78232,7.386718,0.5577230340225464,0.99513113,0.084726006
2020-02-21 09:00:00,16.187740669881066,25.27707,0.7223816,30.728281235124385,50.708397,20.012478,0.8473232468043473,1.8321565,0.15799718
2020-02-22 09:00:00,14.915198929504129,23.29898,-0.10140991,35.05907409662587,61.596886,21.960167,0.9610819928130853,1.5446619,0.3476421
2020-02-23 09:00:00,12.297890898559956,20.785797,-0.18881226,46.37334833610179,77.24008,25.41586,0.9974068098853904,2.4393,0.23039207
2020-02-24 09:00:00,13.826027418861031,21.242828,1.4381409,14.447180513701062,51.33096,-1.8370085,1.3342707443012358,2.7737622,0.11962768
2020-02-25 09:00:00,14.960974718962632,22.277496,1.6856995,19.07030453564654,39.594124,5.125821,1.0524158090930158,1.8950093,0.11797315
2020-02-26 09:00:00,16.943364074526357,24.570465,2.7599182,25.559377090003682,34.20791,18.032125,0.4612050756047721,0.9374751,0.15913697
2020-02-27 09:00:00,19.479752609213733,28.18277,4.813629,21.792767832102406,36.85369,13.52266,0.7428873876540565,1.6342773,0.05640492
2020-02-28 09:00:00,18.590163634026283,26.882233,4.5834045,15.86870234403403,30.68119,8.321572,0.5103781062212532,1.2292389,0.06286549
2020-02-29 09:00:00,19.207491035780833,28.376373,3.9388733,19.230574519154345,28.267326,9.376945,1.068770768707841,2.3141954,0.101931944
2020-03-01 09:00:00,15.171775631041783,26.018036,-0.464386,33.94756986152516,61.250397,11.190103,2.3182897060502423,3.8397927,0.92660314
2020-03-02 09:00:00,7.160027738472593,15.476471,-7.257904,33.45275458129244,63.021,16.759281,1.851945588664805,2.9211657,0.06117444
2020-03-03 09:00:00,12.94025591390215,20.124908,-1.1563416,25.937873069805423,43.753155,16.870342,1.0692082685999391,2.8764632,0.10348388
2020-03-04 09:00:00,16.57136402266383,23.486237,3.275299,23.572867177727005,35.915474,16.053324,0.3660793660154642,0.75364816,0.040427417
2020-03-05 09:00:00,19.810147964485793,28.887848,5.0343323,22.497120039067717,37.114964,18.782932,0.6940068109646561,2.0123897,0.20729879
2020-03-06 09:00:00,19.92545497460685,29.14566,4.889801,22.42042585476545,43.975426,6.8358526,0.9827105440984485,2.217858,0.2905782
2020-03-07 09:00:00,18.240469375239684,28.302399,2.8492737,29.520995538540884,52.874664,13.702641,2.021082747462058,4.175321,0.6234777
2020-03-08 09:00:00,9.785534700749508,18.931793,-3.3338318,57.16750243355379,74.258865,25.867657,1.0772535575528928,2.224404,0.19220552
2020-03-09 09:00:00,11.611670603738787,20.536713,-1.525238,44.99257108892271,54.717674,33.062874,0.9070114516036758,1.6164995,0.07716823
2020-03-10 09:00:00,13.34137247136158,22.133453,0.03189087,40.94479696513564,52.16307,34.48204,1.251266952995357,1.8742857,0.7036514
2020-03-11 09:00:00,12.498989001887935,20.07486,-1.6216736,62.06531909405549,76.2665,41.56556,0.7091685756354611,1.368891,0.057114724
2020-03-12 09:00:00,15.264783982800168,24.402496,0.87319946,43.256529031317015,61.519466,29.788998,0.7759344315080217,1.7969793,0.062917545
2020-03-13 09:00:00,16.28665519094352,25.373932,1.6532288,43.6872718847101,56.113827,34.039608,1.175644006875713,2.992192,0.12839256
2020-03-14 09:00:00,14.277978402493886,25.082611,0.9497986,65.34969572961413,84.80442,36.009403,2.8331335793012427,5.0526032,0.814653
2020-03-15 09:00:00,10.558720843514607,20.225494,-3.530365,64.45188220223098,85.39706,49.77924,3.641772446323872,5.097233,1.5628406
2020-03-16 09:00:00,8.604249038412036,15.989349,-4.0672913,78.85289176006025,88.31192,66.13614,2.2389502551489757,3.5433326,1.0193864
2020-03-17 09:00:00,4.8424732548770635,11.4322815,-5.3367615,64.19927025666479,87.83772,34.146317,1.5393991292631934,2.2542841,0.5031894
2020-03-18 09:00:00,5.810168175608169,14.484039,-7.4319763,44.257313544427674,69.26822,23.635405,0.8970190751276002,1.8693159,0.047482435
2020-03-19 09:00:00,7.883759769036374,17.385406,-6.432953,58.292546546272135,76.71831,42.672226,1.1043307879902378,1.8264079,0.06960306
2020-03-20 09:00:00,7.754606470896533,17.010895,-6.56723,55.40896131382578,75.93527,25.050169,0.7393095007899627,1.3797394,0.11063933
2020-03-21 09:00:00,10.307367299642749,19.691772,-5.487152,54.285410822244955,66.6896,33.54507,0.6928350795089673,1.3422331,0.110469684
2020-03-22 09:00:00,9.780964912040588,18.774017,-3.8646545,60.05830093474278,79.94269,40.8569,0.7687773135536591,1.2402084,0.22889154
2020-03-23 09:00:00,11.836075109669423,21.19046,-2.5810242,64.70842895387936,79.72305,50.987225,0.9063763713185329,1.3649384,0.50287557
2020-03-24 09:00:00,10.485819081885552,18.797516,-2.002533,75.4170695948195,83.90759,60.255245,1.3842212302657315,2.6021757,0.41880494
2020-03-25 09:00:00,9.144576388946405,18.249176,-4.717621,75.86046980661371,85.60339,64.03958,1.5202313182613933,3.1294348,0.6956705
2020-03-26 09:00:00,5.885794329188229,16.13272,-7.8457947,56.34083204295462,79.48161,32.868332,1.4169376638364448,2.2481794,0.49983183
2020-03-27 09:00:00,6.342376176396385,15.443756,-8.351166,53.64101133742419,65.64743,25.755657,1.3204223475921646,2.2312274,0.38146266
2020-03-28 09:00:00,9.142666270496477,18.27066,-4.992279,58.0470463900392,71.28574,48.4139,1.1129208986098271,2.0775478,0.22585973
2020-03-29 09:00:00,9.08105725581214,18.484772,-3.808197,69.53676856638857,85.85174,49.05196,0.9123632803359312,1.6143402,0.33482808
2020-03-30 09:00:00,11.211982546201227,18.573883,-0.90560913,46.40929236653785,72.14464,32.76964,0.9459342086704122,1.6640261,0.28409052
2020-03-31 09:00:00,14.213048457593572,21.570465,2.0069885,40.33314193723959,51.61564,24.291422,1.4229793891563134,2.5511699,0.061777763
2020-04-01 09:00:00,15.973404984716353,23.931793,2.9825745,27.879974298318018,44.549904,6.8858404,2.0168264685571202,3.876984,0.20944318
2020-04-02 09:00:00,13.637929314821747,22.553253,-0.0463562,32.90498826954726,63.296455,12.993632,2.403786893790881,4.304684,0.4150114
2020-04-03 09:00:00,12.820927861705457,20.903473,0.0831604,20.71391709696522,48.324745,1.3114166,1.5647221897651866,2.677332,0.3815625
2020-04-04 09:00:00,13.28964760375004,21.852448,0.16494751,39.97389710026058,58.56061,23.519867,1.5636941361248424,2.6965058,0.38516265
2020-04-05 09:00:00,12.475340372025755,23.32071,-2.1695251,68.78409548596906,88.77271,54.14083,1.9044124264933917,3.798078,0.7790969
2020-04-06 09:00:00,7.617168753916985,15.841949,-3.9197693,80.69258474133078,97.03334,71.253204,2.289017801437502,3.491133,1.2772111
2020-04-07 09:00:00,8.693622463246015,17.668121,-4.0135193,57.08769779150344,76.022194,41.5924,0.7450098455318385,1.5219281,0.080970764
2020-04-08 09:00:00,10.970448991653711,19.55362,-3.0169373,57.51794025769342,72.28022,42.206,0.8054073213750621,2.319003,0.1331061
2020-04-09 09:00:00,9.10292806770724,17.700104,-2.1319275,82.38262147039494,95.31416,54.89229,2.1403998981731136,4.9001956,0.20472957
2020-04-10 09:00:00,9.901785824931778,17.646393,-4.450775,54.64150541215864,69.30586,41.408638,0.7454569552160607,2.3229759,0.10706206
2020-04-11 09:00:00,13.926566491480799,22.09488,1.1341858,51.84617438529216,69.95305,32.699608,1.007949932995124,1.8597924,0.3745383
2020-04-12 09:00:00,15.58525980564832,23.477203,3.660797,67.93821805970627,80.40108,53.311237,1.053817246263335,2.0735688,0.40314278
2020-04-13 09:00:00,14.879602645486841,22.971344,1.9537659,65.10579014933336,82.60544,39.249973,1.1536170171396891,2.212957,0.29131913
2020-04-14 09:00:00,15.828250871238936,25.355377,1.1756897,27.872523819891427,63.201706,8.410556,1.0909297417916857,2.0287433,0.17476895
2020-04-15 09:00:00,17.591051993681106,26.694489,4.0502014,23.90856923305073,55.099823,3.9018116,0.599696332596976,1.063329,0.16164777
2020-04-16 09:00:00,19.862226777807905,29.474518,4.996002,34.30993111195032,44.678272,23.703222,0.6439129246668339,1.5589038,0.04704064
2020-04-17 09:00:00,19.407150776246795,29.841705,3.6522522,45.96614842215672,60.32656,33.689842,1.0696530308708478,3.1121845,0.07870604
2020-04-18 09:00:00,13.558300299590599,24.345612,0.42178345,71.67662403435313,81.55802,52.991344,0.9955215899215222,2.3875036,0.17020403
2020-04-19 09:00:00,14.295617342845276,22.44107,2.2643127,55.14796545847405,84.38901,22.681976,0.875290872465315,1.6965978,0.10135369
2020-04-20 09:00:00,16.33729333486872,25.40567,2.7904358,56.86501264022602,70.454926,42.34555,1.2104940620688114,2.610556,0.32017604
2020-04-21 09:00:00,14.153650375258053,21.309723,2.967682,57.56126167771244,75.7103,41.339203,1.7200748298238393,3.362406,0.4231166
2020-04-22 09:00:00,17.73560053434943,24.695953,6.4823303,36.21786911207306,54.333763,27.123081,1.1089210347320841,2.2486556,0.2110438
2020-04-23 09:00:00,20.890148779321805,29.090973,8.519928,38.79629259539439,60.992924,25.989017,2.072406762886248,4.1619635,0.3998924
2020-04-24 09:00:00,21.880971228154976,30.290192,8.622955,29.13008640865087,47.978554,21.89652,1.9947693670027493,4.1520243,0.17310835
2020-04-25 09:00:00,23.462035018824793,32.51529,8.862457,27.919026814182658,43.880657,17.091078,1.1857782175685383,2.4677594,0.10041369
2020-04-26 09:00:00,24.777081021429638,34.264557,8.8055725,23.987603799785305,32.2238,15.673019,1.575147168603314,3.0021281,0.10325154
2020-04-27 09:00:00,22.840946284112988,32.525055,8.362946,23.668190624201394,44.451603,15.5375395,2.0474843732318058,3.9459317,0.24985729
2020-04-28 09:00:00,24.021136453942802,31.558746,10.498932,29.679081625085935,35.203674,21.857672,1.5469966010616594,3.3296194,0.028065443
2020-04-29 09:00:00,25.554805573949068,33.57144,10.486969,24.003648487406977,33.681084,16.406757,0.9132052621936085,2.0892708,0.08618616
2020-04-30 09:00:00,23.568182047427968,33.667145,8.353912,28.99442538568532,49.730812,12.4263735,2.5930237891016854,4.9938116,0.3151552
2020-05-01 09:00:00,22.4465555852143,31.23941,7.077301,29.803765003351252,51.448574,19.647232,2.596808315411966,4.91569,0.41644433
2020-05-02 09:00:00,20.777259853962505,29.939362,5.7079163,28.64583877402071,36.55944,20.158592,2.1503551676494603,4.224519,0.55212486
2020-05-03 09:00:00,20.53439948273308,29.875397,5.537506,33.599055330913636,47.738876,25.786041,2.339028210992672,4.4755015,0.48008016
2020-05-04 09:00:00,19.530269239322763,28.052887,4.775055,15.434422997554295,38.00327,3.1438942,1.8304154919059843,3.652146,0.17478347
2020-05-05 09:00:00,21.797548494957255,30.103912,7.888092,16.371244627411738,30.435287,3.851431,1.6425557649549247,3.2992563,0.27613935
2020-05-06 09:00:00,23.741946135545106,32.000397,9.227936,15.715211234053555,27.99909,5.983465,2.434570990357887,5.0175776,0.09068289
2020-05-07 09:00:00,23.294550516784113,30.590973,9.223297,13.754631181656483,28.726303,0.94257355,1.571822407848397,3.315773,0.079594985
2020-05-08 09:00:00,25.905947661527193,34.292877,9.37735,16.075069926567433,29.066456,6.6637964,0.9403604416597727,2.131706,0.029336045
2020-05-09 09:00:00,27.837800894083898,37.296783,9.553864,22.10002343268106,33.113335,14.681483,0.9383236308124666,2.2034724,0.1543269
2020-05-10 09:00:00,27.608328022845228,37.46402,10.950348,22.721299390479246,29.313585,9.551867,1.452805004303941,3.5468137,0.24653365
2020-05-11 09:00:00,24.77980340094473,34.187164,9.800446,23.749635681173284,34.7424,5.791773,1.8388502612707627,3.2487686,0.909795
2020-05-12 09:00:00,22.492439120392817,32.545807,7.2704163,30.941499317878797,45.15028,19.552624,1.940634345502517,3.6555398,0.81822234
2020-05-13 09:00:00,18.179520748807363,27.48404,5.1253967,45.725788292482456,63.945877,31.519617,2.4615774827108194,4.115357,0.951376
2020-05-14 09:00:00,18.760994437256613,27.610016,5.611969,43.1168346876326,55.473587,30.043898,2.5105088818545447,4.3106165,0.92837584
2020-05-15 09:00:00,19.844711807243527,27.473541,9.209869,45.376415145387,53.90964,36.62649,2.4493674461752164,4.6559763,0.54993856
2020-05-16 09:00:00,21.52509526432874,27.981354,11.486481,36.88713579498688,54.15216,21.123398,1.8444245039726577,3.5783083,0.11268359
2020-05-17 09:00:00,24.2796632613493,32.25479,11.307526,33.63029156773273,44.485916,19.199022,1.692061567227563,3.5369854,0.6081253
2020-05-18 09:00:00,21.086889641053574,29.268463,7.3797913,59.67277663375812,73.28511,40.38494,2.884772118390566,4.2407174,1.2388842
2020-05-19 09:00:00,14.535817582731397,24.914703,1.7955627,57.49247799058234,76.56526,37.113064,2.0642341754122855,3.1125236,0.5018199
2020-05-20 09:00:00,15.15104518422197,24.254303,2.1595764,56.05689367697659,70.540115,36.556816,1.3937597977563494,2.5008745,0.093356386
2020-05-21 09:00:00,18.90776045186061,26.725739,6.2496643,41.74560023863878,57.084938,28.471699,1.3435557853584412,2.735638,0.057221767
2020-05-22 09:00:00,22.223548469406808,30.804596,6.7538147,35.31638134134598,42.29027,21.708633,1.832208407671625,3.2391543,0.35907653
2020-05-23 09:00:00,20.295708164442374,30.099518,6.302643,27.14871559901455,41.607643,15.181862,1.7323226198771846,3.3087032,0.1786534
2020-05-24 09:00:00,22.52931984918831,30.575104,10.615387,25.295804628251524,45.662857,15.404956,1.3544835069346517,2.540553,0.3680843
2020-05-25 09:00:00,25.772519992703224,33.82437,13.80484,27.19253277380538,39.685493,19.514679,0.7623010965952915,1.3138139,0.072101116
2020-05-26 09:00:00,29.905497920155312,38.652008,17.27237,28.412206120386628,39.953064,20.85247,0.6703250494856771,1.3440027,0.071567684
2020-05-27 09:00:00,31.348582904869772,40.345856,17.230621,26.3442280542458,29.67683,23.13795,1.1391974214388219,2.2618613,0.24383402
2020-05-28 09:00:00,32.689710107340034,41.753082,18.977692,14.964882150605122,25.66034,6.516636,1.3744019289236213,2.7689252,0.3372219
2020-05-29 09:00:00,32.65876868971412,42.220123,19.112701,18.30295141212492,25.951626,11.951626,1.4274795529712219,3.4308574,0.24903184
2020-05-30 09:00:00,26.615093830398166,37.112457,13.555817,34.90764624714397,45.961792,18.282866,2.3764744807701987,4.3542347,0.9516272
2020-05-31 09:00:00,20.202684764896446,28.25821,10.988678,50.06011399205456,76.309944,26.3765,1.6579995793010418,2.363116,0.8683547
2020-06-01 09:00:00,21.58860399898174,28.468414,10.491119,52.12116659364866,65.92341,35.048782,1.3553548241168476,2.7175584,0.1890699
2020-06-02 09:00:00,24.53899330856376,31.387604,13.247467,34.10406054003331,42.266914,28.556057,1.0513471095018612,2.4216883,0.33811527
2020-06-03 09:00:00,28.65451797202877,37.473785,14.607086,22.142535020167248,33.97586,16.24105,0.5981445286107626,1.4561839,0.11826996
2020-06-04 09:00:00,31.081309826601682,40.597565,15.898834,19.064087588839797,28.375587,13.113868,1.3394833460977902,2.5631957,0.15133627
2020-06-05 09:00:00,31.94957257793635,41.819244,15.407135,19.805324870699692,43.518734,13.023679,1.8386640558750358,4.1456447,0.0407488
2020-06-06 09:00:00,22.61269808960941,33.04068,8.909821,45.184142283398,72.982895,23.398293,2.6328528920461225,4.6840205,1.3947176
2020-06-07 09:00:00,19.22445139328346,28.02481,6.183014,26.28677618799352,47.49283,13.125844,3.6483862521747157,5.7812796,1.3006516
2020-06-08 09:00:00,16.90598256915075,24.66397,2.8299866,18.96164721458689,35.594063,7.832382,2.7561143726184505,5.2395573,0.35622227
2020-06-09 09:00:00,22.05088488739875,29.129303,10.642731,20.018463507789264,30.653862,9.534203,1.2140193837696749,2.2960143,0.24735656
2020-06-10 09:00:00,26.156951848940025,33.912994,14.06778,23.649728855963833,28.835228,17.687225,1.106852846584282,2.1765676,0.1790549
2020-06-11 09:00:00,28.9367541743772,37.83438,14.661041,20.928094643258497,30.170048,15.5567665,1.006075394819447,2.0603228,0.14497897
2020-06-12 09:00:00,30.157238961836413,39.532135,15.166901,18.24321250748321,26.265686,13.871154,1.8388098038163834,3.6560416,0.5730104
2020-06-13 09:00:00,20.878856952950855,30.108551,7.93277,30.224714876097206,46.473785,9.458161,3.0193180709053524,4.711338,1.162368
2020-06-14 09:00:00,20.888799772295783,27.195953,11.988922,38.746825373221654,52.974224,22.060162,2.2163957510078074,4.1694202,0.59605086
2020-06-15 09:00:00,24.10175674367457,30.535309,13.728424,31.275353067612908,44.66836,18.46972,1.8389571349910252,3.5062506,0.4410855
2020-06-16 09:00:00,25.3996847485339,33.309235,12.629547,29.242727175581194,47.726776,8.886932,2.7800862147987195,4.757602,0.8110827
2020-06-17 09:00:00,23.39558921887351,30.350006,12.7777405,22.671657436163336,42.047375,10.770031,2.00823909077991,3.9224112,0.23124209
2020-06-18 09:00:00,25.637535042157594,32.9877,14.163483,21.614340311249453,31.367218,13.347687,0.9966732003554644,2.1769493,0.12286863
2020-06-19 09:00:00,28.40341853205723,36.42154,15.313873,19.925456803661714,30.22873,14.0007305,1.1145872016830838,2.3945487,0.18199943
2020-06-20 09:00:00,29.889473198684016,38.348785,17.097565,22.289283615227653,30.054367,15.581712,1.4827179700462128,3.2238228,0.33642915
2020-06-21 09:00:00,30.5881717915413,38.7565,19.275787,23.263843844754547,34.231735,16.919233,1.8555822922362533,3.5831993,0.63212204
2020-06-22 09:00:00,30.946702504391396,38.061188,21.341217,30.299600601934362,39.01903,19.506016,1.3999263628578487,3.0065587,0.18422242
2020-06-23 09:00:00,32.43726599660397,39.56143,21.501862,30.40107018695737,37.525932,15.524729,1.1067261245431577,2.618682,0.1709788
2020-06-24 09:00:00,32.621485249897034,40.94864,19.568512,32.01258058104308,42.448563,14.530696,1.3652915072982483,2.8797867,0.4564468
2020-06-25 09:00:00,32.17264859949796,40.627106,18.582184,33.02566480307575,41.398987,27.219301,1.3350289587662014,3.0530024,0.108403824
2020-06-26 09:00:00,30.945094548932218,40.515778,16.410309,32.497913896495476,45.51448,18.25969,1.413996998867754,2.944894,0.25953293
2020-06-27 09:00:00,32.09246679110885,41.012115,19.566315,31.19176848233378,38.682945,20.556175,1.1436805683818447,2.239681,0.35598123
2020-06-28 09:00:00,33.089476374138314,42.938385,18.69815,21.7606282952146,37.655384,1.348815,2.4591574576915813,4.09447,0.76652205
2020-06-29 09:00:00,25.17944263656989,34.959137,11.394684,23.896638650460368,39.428482,10.698015,2.057517729928738,3.2296371,1.2728007
2020-06-30 09:00:00,24.42957992771943,32.48575,12.406891,33.182493709605005,43.971264,23.03088,1.1492726553176955,2.2589688,0.34864855
2020-07-01 09:00:00,27.79199305836414,35.51895,15.837311,24.75008223817785,29.018625,17.038458,1.1862651011751635,2.2581437,0.18267071
2020-07-02 09:00:00,28.53202379243521,36.903717,16.13028,23.673277079138586,35.50143,10.346108,1.613508310550241,3.7663991,0.58135545
2020-07-03 09:00:00,28.421560176888477,36.500153,16.504059,17.91275564699459,26.373882,2.8571901,1.545662018434341,3.1028068,0.464581
2020-07-04 09:00:00,29.074535228141315,37.121002,16.777496,21.721903611400545,29.275307,11.853432,1.3923104151129564,2.7048755,0.5003131
2020-07-05 09:00:00,30.941005385586664,38.50943,18.736725,14.378587240499757,23.442019,9.28548,1.7040656376927625,3.2626805,0.73308176
2020-07-06 09:00:00,31.88829009395829,38.96524,20.109772,9.646216939436842,16.379505,4.5314064,2.011445467192354,3.830582,0.70419717
2020-07-07 09:00:00,30.263815629009287,37.777008,19.157867,12.031833111035217,18.713388,7.7133884,2.219831523684172,3.841516,0.5477345
2020-07-08 09:00:00,28.612223844738025,34.831696,18.374664,15.771157315744622,22.619366,8.628025,1.5313266537414898,2.9064333,0.69379014
2020-07-09 09:00:00,30.330209657517457,37.095367,19.018219,17.239103024063375,24.051414,7.106436,1.4176226957050386,2.6508193,0.43704408
2020-07-10 09:00:00,31.126177942943343,37.78409,20.51236,17.559245030018406,24.41436,7.586858,1.4601358942280949,2.9071043,0.6162841
2020-07-11 09:00:00,32.791916637224176,39.475494,21.588776,18.061511556857315,23.769169,14.972295,1.2417321077215253,2.594319,0.23693211
2020-07-12 09:00:00,34.401117075476634,41.91739,21.475983,19.11491222984018,22.373463,17.283619,1.4230683625391187,2.7320602,0.14446445
2020-07-13 09:00:00,34.463710908885105,42.22159,21.246979,19.68227723501391,24.392647,15.785129,1.6697570607904029,3.224262,0.25899988
2020-07-14 09:00:00,32.61402386374618,40.707428,20.63858,20.66785752493106,27.121758,9.598321,1.61240298243555,3.294382,0.73845285
2020-07-15 09:00:00,31.283185740109218,38.260895,21.835114,27.697712730547966,34.41169,14.3641405,1.112848481309254,2.8545098,0.0936377
2020-07-16 09:00:00,31.40858791108144,38.243073,20.752838,29.294805715483907,36.84431,11.797436,1.1548010921529552,2.7004538,0.16128223
2020-07-17 09:00:00,31.17618939181739,38.55777,19.342194,32.80602028337388,39.82998,14.377043,1.3821310535983369,3.0435598,0.35449415
2020-07-18 09:00:00,31.312665739856413,39.36783,18.71988,31.523327255632683,37.700245,16.600931,1.2450936903600367,2.7520003,0.4882456
2020-07-19 09:00:00,32.333719134185685,39.848297,19.361969,28.07005197523861,36.216286,14.899121,1.2730043325735,2.7192304,0.34248275
2020-07-20 09:00:00,31.496068415196305,39.60611,19.002838,30.03710456494177,38.117077,16.620983,1.44004847973547,3.3720398,0.44749454
2020-07-21 09:00:00,31.226571005461324,37.99234,19.796783,28.789901265203696,35.383987,15.969925,1.4158262129263013,3.3816316,0.23235932
2020-07-22 09:00:00,30.087109995944445,37.203766,18.180328,28.111203568484214,35.299923,17.062443,1.4808578450595287,2.6279187,0.90741557
2020-07-23 09:00:00,29.001107535098868,37.084625,15.795563,22.46398100616178,35.3067,10.843649,1.5206154560535008,3.1647868,0.667429
2020-07-24 09:00:00,28.7419959289017,36.05948,16.470612,32.388055070809074,39.439053,20.18124,1.1492068961775037,2.3596575,0.239599
2020-07-25 09:00:00,29.575679063077644,37.643463,16.424957,31.668382239323567,36.699745,21.620762,1.136620454036865,2.625072,0.026385225
2020-07-26 09:00:00,30.50822480709752,38.982086,16.91275,28.828830023946047,36.708237,12.982367,0.9617018236875395,2.280645,0.05581831
2020-07-27 09:00:00,31.235178663279783,40.287994,16.370514,27.249050534413055,38.148846,13.937196,1.0366079075225234,2.532653,0.074262425
2020-07-28 09:00:00,31.643905629490007,40.03531,18.22525,22.309760732391457,31.045761,15.602054,1.4460367374496872,3.097011,0.4089127
2020-07-29 09:00:00,32.9510674318463,40.33609,20.047028,23.998655634063986,29.205833,16.157003,1.4867866334499458,3.309864,0.5743365
2020-07-30 09:00:00,33.66106319424864,40.5773,21.794098,22.619872367866996,30.518063,15.64728,1.4930977922316255,3.3801053,0.6118948
2020-07-31 09:00:00,33.28170868049244,40.218903,20.675934,17.46436457325831,27.558067,10.221156,1.6402950887690557,3.6809602,0.4120003
2020-08-01 09:00:00,33.042821885888145,39.31534,21.36612,16.424618811291385,24.37294,7.9471292,1.8168110335611702,3.8332944,0.5247215
2020-08-02 09:00:00,32.32187688094331,38.308746,21.109528,13.006485376475538,18.499542,7.0997753,1.7077857747728515,3.2961218,0.6375371
2020-08-03 09:00:00,32.145370423289194,38.616608,20.075592,8.067236063104273,10.07856,4.828765,1.9064494341617584,3.4901767,0.39109117
2020-08-04 09:00:00,32.05344533590795,39.393463,19.534332,16.4001611243248,22.030945,7.7826395,1.829414599208611,3.535118,0.8113719
2020-08-05 09:00:00,31.193134178177445,38.56021,19.782867,21.17722853601121,27.808674,14.430146,1.8498500803600053,3.3291419,0.76376474
2020-08-06 09:00:00,27.847898469938627,36.029694,16.570465,29.055421470753913,40.68194,16.859781,1.7743321985039087,3.5118773,0.84416234
2020-08-07 09:00:00,27.448310025577427,34.069244,17.333405,35.6469715324166,46.056416,21.819082,1.1972534067225473,2.2624624,0.18933845
2020-08-08 09:00:00,29.232891767101705,36.4545,17.708405,34.38977268119171,43.715626,18.272179,0.9553861662951556,2.0068955,0.10575292
2020-08-09 09:00:00,30.692528375669497,38.536285,18.737213,28.414865594431756,39.536667,11.560102,0.9965391318617277,2.23693,0.14008407
2020-08-10 09:00:00,32.17590535631615,40.247955,18.935455,24.753006436670262,31.177479,10.1246,1.074680328717245,2.2720356,0.20266493
2020-08-11 09:00:00,32.14026542248689,40.45694,18.0878,28.306159983619178,34.756386,13.167145,1.304252516876141,2.6661,0.3473525
2020-08-12 09:00:00,31.217987748151245,39.436188,17.990631,22.193821976267508,35.635323,7.408758,1.3901769343984758,2.75029,0.40777913
2020-08-13 09:00:00,32.110935854377885,39.866364,18.62613,18.27847307501602,23.249903,8.925348,1.0355402982697057,2.5903516,0.16591339
2020-08-14 09:00:00,32.20257334498774,38.649323,20.444,28.69551412613702,38.076355,22.638739,0.637135969784856,1.3869852,0.1310295
2020-08-15 09:00:00,35.45654913474334,43.48282,21.05899,19.43534072886731,29.935442,12.997942,0.7178858654613873,1.6263269,0.2482454
2020-08-16 09:00:00,35.43462851294828,43.488922,21.57071,20.763658502118286,28.218517,15.744243,0.9370092771567732,1.8344104,0.188815
2020-08-17 09:00:00,37.074306483256976,45.78946,22.191803,23.87977369838648,28.075172,19.782501,2.005389954812755,4.5185227,0.24189141
2020-08-18 09:00:00,35.54011061235917,43.433746,21.212555,24.611220606303256,28.549612,17.830162,1.673996491904773,3.6706836,0.0858188
2020-08-19 09:00:00,34.91862809182595,42.620026,21.211823,22.76444250807175,31.079332,15.03771,2.104691322803117,4.3402953,0.110455975
2020-08-20 09:00:00,32.51366390139043,40.306793,18.703278,17.319689539991007,22.221214,13.468183,2.356945140964993,4.4189744,0.30630466
2020-08-21 09:00:00,32.13262898445777,38.963287,19.424225,19.703649821359946,22.025265,15.814117,1.8917827172456516,3.490675,0.18535998
2020-08-22 09:00:00,30.59746356277185,37.634186,18.66983,21.524303853114148,24.309717,17.52838,1.4940752662274777,2.8815572,0.2786227
2020-08-23 09:00:00,31.284459524994986,38.02408,19.30606,27.91333613304928,38.387527,20.247688,0.9863806429048562,2.1269205,0.4389731
2020-08-24 09:00:00,29.58703061149157,36.583893,16.600739,39.544073640022624,49.551277,31.367682,0.9222577102464188,1.7123023,0.32283184
2020-08-25 09:00:00,31.322879640629253,38.925934,18.199371,37.018081285237166,54.76927,23.854118,1.504348554303897,2.583886,0.5269647
2020-08-26 09:00:00,30.658799858908083,37.34488,18.706207,36.54451440355322,51.535976,18.471182,1.491392361769501,2.8411975,0.4232971
2020-08-27 09:00:00,29.915290998494243,36.24356,18.214264,36.56107261931816,51.8262,18.641342,1.590540197132829,3.1382568,0.518846
2020-08-28 09:00:00,29.650578964431645,36.148834,18.137115,27.16089751012966,35.605602,13.77653,1.073140530392914,2.5787857,0.3295797
2020-08-29 09:00:00,30.41511759778018,37.166412,18.514069,26.31757515740048,31.644928,20.948275,0.9996779099619967,2.1180668,0.27845457
2020-08-30 09:00:00,30.836186662886234,38.019684,18.385895,27.079038375417742,34.53307,17.076038,1.2877032888242324,2.7179875,0.43992028
2020-08-31 09:00:00,30.234101133110244,36.426178,19.269928,27.527003026871686,35.32538,13.168092,1.2311170947846732,2.28438,0.5853675
2020-09-01 09:00:00,30.319164257750344,37.00699,18.885162,23.237129284693527,31.309103,17.655937,1.3235009729657903,2.7943103,0.43317014
2020-09-02 09:00:00,30.463034894713132,36.72989,19.977936,22.542632718941736,28.94006,13.087448,1.2344747656332011,3.0430355,0.07426523
2020-09-03 09:00:00,30.423447532777402,35.62149,21.157623,18.46660997318315,33.321526,12.276248,1.2772738209130592,2.9346766,0.100262344
2020-09-04 09:00:00,31.413930284867547,35.779205,23.08731,18.41112436360597,24.104599,11.475694,1.3512760103190864,2.8455403,0.030961271
2020-09-05 09:00:00,32.93181764092651,38.026764,23.151764,16.093339104183862,18.613003,9.202526,1.087980363134977,2.1507638,0.33596295
2020-09-06 09:00:00,34.90818546102349,42.31607,22.536774,15.141317690962044,20.118923,11.212135,0.9157585062577939,1.9953128,0.16775307
2020-09-07 09:00:00,35.11205512370793,41.794586,22.007477,11.27346176343945,14.37466,8.821514,1.3205308934255129,2.0096827,0.5480742
2020-09-08 09:00:00,34.40504974962721,42.173737,20.109283,17.346146245450953,21.31115,14.071787,1.579662347565987,2.6936283,0.500313
2020-09-09 09:00:00,29.529845554853466,36.08072,17.346344,16.271130195152864,25.447662,7.283601,0.8635724213880661,1.9161057,0.18284239
2020-09-10 09:00:00,25.808308127923056,32.37198,16.506744,23.08967810785856,29.38052,9.490271,0.8216403675412102,1.8154882,0.05367572
2020-09-11 09:00:00,23.80552860553462,30.361237,12.273346,18.96127359046911,22.251398,12.267023,0.6710108862357101,1.3338201,0.09646572
2020-09-12 09:00:00,24.59652313414523,30.189362,14.840729,11.338019476839191,15.438253,8.000478,0.5667893327632183,1.0207858,0.08807777
2020-09-13 09:00:00,26.671878018275834,31.941315,17.064362,13.286533962963135,17.83862,9.185156,0.6874934088098461,1.243345,0.21154647
2020-09-14 09:00:00,27.931222795207304,33.802887,17.478668,17.405413185994195,29.037369,10.221595,0.9116644000330021,1.9437846,0.2686094
2020-09-15 09:00:00,28.259166713778427,34.539215,17.478668,23.003658456018126,34.4174,16.354641,1.0590961202115916,2.1956387,0.35105568
2020-09-16 09:00:00,27.831336610947233,34.00992,16.943512,20.652739346710597,28.167637,15.241855,0.9349210802871878,1.8284961,0.19472845
2020-09-17 09:00:00,27.930727477003302,33.511627,17.296783,16.394007980823286,24.267643,10.061249,1.0523155423125012,2.2191334,0.11879637
2020-09-18 09:00:00,26.13936904179201,31.288727,16.189117,21.685983698264167,40.024467,12.020018,1.583515048478858,3.016579,0.2716551
2020-09-19 09:00:00,24.747608753557472,30.99112,13.81192,32.97961982776634,50.713867,14.569337,2.007027270263339,3.8960042,0.4277262
2020-09-20 09:00:00,25.219789614418403,29.900787,16.190094,21.204826287857067,35.879562,11.710779,1.010211181320679,2.0240896,0.2871476
2020-09-21 09:00:00,26.917752895441822,32.089996,16.521637,16.624322778468624,27.410685,12.289591,0.7928812357750956,1.9234272,0.054645818
2020-09-22 09:00:00,27.828662502994632,34.180573,16.100494,22.979961452536646,31.960833,16.799938,1.3623116288384567,2.9346395,0.22198401
2020-09-23 09:00:00,28.054481844865904,34.22574,17.482819,19.053890679389983,28.256672,11.604339,1.4589527285278212,2.9730504,0.53119874
2020-09-24 09:00:00,28.174153177737253,33.152008,18.411041,17.24008966335553,24.572449,11.426535,1.6516366726757277,3.3577917,0.49714077
2020-09-25 09:00:00,27.19921573099117,32.23941,17.931793,21.907260098764855,36.15688,10.969378,1.836947086237186,3.5585136,0.5345708
2020-09-26 09:00:00,26.207163658976754,30.376617,18.596344,17.14420890479179,34.386562,4.60404,1.6340176671782862,2.9815784,0.35524133
2020-09-27 09:00:00,26.97438046038883,31.763336,17.451813,28.14171968492986,33.359943,20.434162,1.3398824534037568,2.481518,0.27680993
2020-09-28 09:00:00,28.238828974501246,33.516754,17.829254,20.13355387995641,25.020817,15.059879,0.9828227983228777,2.3002343,0.26852065
2020-09-29 09:00:00,29.332801184808602,36.037018,17.562408,20.051005278676868,27.815796,14.492776,0.5575530102760534,1.3588331,0.18487856
2020-09-30 09:00:00,30.205857828790272,37.480865,17.80899,19.2451165799014,23.47312,15.20031,1.0058004151971154,2.1113243,0.35335374
2020-10-01 09:00:00,29.909578075610227,35.839508,19.153961,13.801236227053584,16.514448,11.158979,0.891455015931512,1.7968084,0.18750103
2020-10-02 09:00:00,29.47642908956533,35.023346,19.156158,11.47236757907014,16.033821,7.5221024,0.6266404081872461,1.1205249,0.21028006
2020-10-03 09:00:00,29.161641662099385,34.57486,18.88736,11.835955757881154,14.121608,8.822443,0.835146675330142,1.6946728,0.060567774
2020-10-04 09:00:00,28.827777381075293,34.181793,18.61734,11.526183117371055,16.38855,6.9412346,0.8583950667655813,1.4795982,0.16487761
2020-10-05 09:00:00,29.090089887524755,35.049957,17.936676,11.002573546414384,18.482155,5.8962173,0.8869835812726342,1.8037057,0.20682055
2020-10-06 09:00:00,27.79913777244559,33.261383,18.036774,12.448390997132709,15.900062,8.582394,0.570783654254926,1.4301134,0.14126152
2020-10-07 09:00:00,26.200604905480816,31.100739,16.858551,13.874120740867106,19.517025,10.069434,0.7258305883778868,1.4493506,0.26783487
2020-10-08 09:00:00,25.507602556475774,31.09195,15.519684,19.263461293558482,27.518303,12.67846,1.0042336857337755,2.149156,0.33011577
2020-10-09 09:00:00,22.92917991978527,29.048492,13.256744,26.130452332321187,44.150593,16.021687,1.1353504150324178,2.8760731,0.015280784
2020-10-10 09:00:00,21.540482228322446,27.059479,11.709869,36.064792041905164,56.551254,24.174221,1.1118611310747057,2.203842,0.41879028
2020-10-11 09:00:00,22.173461742459665,27.847809,13.487213,38.39638711880955,47.452118,23.057585,1.7192307699600413,3.4676645,0.48262495
2020-10-12 09:00:00,22.85294333859082,26.807526,16.1044,23.38050534474686,41.84332,15.511289,1.2485275574240258,2.3935423,0.19947073
2020-10-13 09:00:00,25.211069705135174,29.677887,16.302887,13.791625926027296,24.698103,8.428572,1.046224672896236,1.8443322,0.18636277
2020-10-14 09:00:00,26.605459472891823,31.118805,18.650055,16.035879517694106,22.813877,12.067782,1.129876088990067,2.3537655,0.14882463
2020-10-15 09:00:00,26.910189473759544,31.098785,19.65738,14.427800728813756,17.364126,10.701687,0.913056590360348,1.8913795,0.14418687
2020-10-16 09:00:00,27.32583736820169,32.63321,18.273834,15.575365790932363,21.839397,10.372215,0.7753969824728135,1.7990613,0.10628998
2020-10-17 09:00:00,27.30256415760681,33.372223,17.21988,16.28970436474004,19.16383,12.863048,0.5290738578922174,1.276894,0.07604347
2020-10-18 09:00:00,28.069764403684246,33.806793,17.40445,17.688945126699146,21.221035,13.55177,0.7376288863327564,1.8666418,0.13911358
2020-10-19 09:00:00,26.65132119342138,32.258698,16.321198,13.549914405026415,18.938618,9.852681,0.7929413606339096,1.4914476,0.18536839
2020-10-20 09:00:00,25.82464105653071,30.989899,16.064117,17.055162134393623,22.320122,12.762167,0.5090276600123084,1.1959021,0.04779151
2020-10-21 09:00:00,25.380937044006885,30.402252,16.121002,17.081780588558274,20.561287,12.801797,0.6626882446635619,1.3866336,0.094193906
2020-10-22 09:00:00,24.73771511651148,29.750397,14.984772,14.631999497441663,21.183128,8.667502,0.8770964070336823,1.799918,0.1946675
2020-10-23 09:00:00,22.934683768573166,28.375153,13.974762,26.40578119781001,37.19252,20.03313,1.1004626640267818,2.3904884,0.3616703
2020-10-24 09:00:00,21.269343959823743,26.64566,11.80191,26.87919109904039,35.567146,18.564938,1.2895527183510531,2.350579,0.19281545
2020-10-25 09:00:00,20.009732548888394,26.205475,9.842194,39.81423885902082,70.43681,21.565624,1.7369869177681903,3.0693448,0.6087636
2020-10-26 09:00:00,15.184946994118093,21.914246,4.2286987,26.53183570194819,56.208374,1.177124,1.7359928748728353,2.7790244,0.354078
2020-10-27 09:00:00,16.10237763135956,21.74524,5.238434,11.972127523797594,31.572754,4.997261,0.7973326635382452,2.532784,0.12982742
2020-10-28 09:00:00,18.339723955048555,23.157623,10.497467,12.02281585148694,16.989456,6.262894,0.6604998496958369,1.8938885,0.12130911
2020-10-29 09:00:00,21.346051558716397,26.258942,13.55777,10.68403976553088,13.3867235,6.0657644,0.4616447261489489,1.3677254,0.061803278
2020-10-30 09:00:00,21.609980189059797,26.949127,12.966705,11.603604453965561,13.627049,9.056313,0.5768970786196397,1.7214266,0.10970047
2020-10-31 09:00:00,21.132242419715112,26.304352,12.224274,9.052118113421646,12.616282,6.975321,0.5196987139435502,1.1836226,0.053583544
2020-11-01 09:00:00,21.855595430781023,26.366608,13.938873,8.013788788138873,12.245308,5.3770843,0.5642169260420108,1.1559904,0.10832937
2020-11-02 09:00:00,22.093772886910017,26.946198,13.11026,10.473647886518151,17.00465,6.239026,0.5849687111468008,1.407433,0.055879824
2020-11-03 09:00:00,21.676150577483327,27.33731,11.46817,14.031493855126143,28.05856,4.27726,0.3789492663593145,1.1615279,0.040405158
2020-11-04 09:00:00,21.223391616907236,27.137848,11.616364,16.605936324552953,26.520576,11.399484,0.7714621607880876,1.9533546,0.050073825
2020-11-05 09:00:00,21.536436638915063,26.19986,14.0885315,15.0422303980292,18.063084,12.982107,0.7450967534596953,1.6120063,0.053515006
2020-11-06 09:00:00,20.837807068258996,25.321198,12.526276,17.661060383340157,25.13551,12.389706,1.548895875233346,3.1919622,0.14861076
2020-11-07 09:00:00,11.966678241009674,18.418854,1.7294006,53.49502563502271,71.251396,37.27093,1.8960664027782734,2.4962127,1.1063731
2020-11-08 09:00:00,6.664504517097782,15.426178,-7.730072,77.45905588637764,96.62278,51.95481,1.8394575355384002,3.079969,0.3055238
2020-11-09 09:00:00,4.265146351423766,12.872223,-8.980072,37.3188302789898,52.474655,18.513718,1.1860102615311476,2.2483745,0.21712922
2020-11-10 09:00:00,7.944073344743913,13.954681,-2.4414978,29.8584190969917,48.24058,19.311794,0.7023095359501984,1.3429589,0.20324993
2020-11-11 09:00:00,10.064403721605402,15.1822815,0.030426025,16.719408386279586,23.656506,10.840098,0.49952985854743304,1.8447223,0.030462986
2020-11-12 09:00:00,9.454055749718464,14.743805,-0.22494507,18.56505415614892,34.345413,10.476626,0.5882328110312066,1.2068504,0.05434055
2020-11-13 09:00:00,11.722559644714693,18.203278,0.06680298,29.07307013153057,40.4055,18.687431,0.5827214978705538,2.2625945,0.023438118
2020-11-14 09:00:00,13.061798549631135,19.471832,1.3229065,16.34033099500457,37.559204,5.7857647,1.242617590799418,2.9235244,0.21491611
2020-11-15 09:00:00,13.425820229329815,18.059479,4.480377,17.16396677829729,26.817986,8.041091,0.8869661218177805,1.9624074,0.10778703
2020-11-16 09:00:00,16.14413792859733,20.121735,8.902985,15.989721351512673,24.738655,11.066781,0.6149132352948848,1.0577631,0.15027189
2020-11-17 09:00:00,18.10389847627357,22.367096,9.734283,15.670510909637354,25.454556,10.438931,1.596134326822819,3.073342,0.82520324
2020-11-18 09:00:00,15.769908298576354,23.153473,3.2198792,25.270005487388556,45.393524,17.057585,2.00943748403951,4.261279,0.7985934
2020-11-19 09:00:00,12.580843052656746,19.970612,-0.76937866,27.664530062608694,39.38287,10.722713,1.6011661941638355,2.6427817,0.25598264
2020-11-20 09:00:00,12.972059822224708,18.663727,0.80630493,20.117928423038038,37.683773,2.2982607,1.4092102937888726,2.4871595,0.18198211
2020-11-21 09:00:00,12.664265819724392,17.019196,3.1422424,22.271836408324724,38.174473,5.525013,0.9684085165177333,2.006,0.2500165
2020-11-22 09:00:00,13.166882362543902,17.451324,2.30484,21.334637579943077,30.630638,9.720483,0.9263006572628986,2.002657,0.2490954
2020-11-23 09:00:00,13.181432606277838,18.64566,-0.118011475,25.8380128555405,51.1087,6.6011114,1.440774256207663,2.4622657,0.10236532
2020-11-24 09:00:00,10.914301361508933,16.939606,-0.4895935,38.25327187042431,55.451004,27.243427,0.7838281017230775,1.3543793,0.14808936
2020-11-25 09:00:00,12.879402172053517,18.143646,3.7940369,36.22146789568261,52.305153,28.043432,0.9664454140507812,2.1232667,0.042994685
2020-11-26 09:00:00,9.704723950905077,16.227448,-3.657318,28.175650739302487,61.323097,8.064268,1.8876220628467575,3.6022742,0.36439842
2020-11-27 09:00:00,10.394279486260075,16.799713,-2.230072,20.77274368303918,31.520042,14.967837,0.9334774288013696,2.6969457,0.18503761
2020-11-28 09:00:00,12.586932898835414,17.421783,4.478424,19.956443871490894,30.265003,12.357704,0.39027007771240196,0.77152574,0.0825992
2020-11-29 09:00:00,13.34892580328983,17.740631,4.986725,15.827957286486685,30.860643,11.007088,0.6274553410806297,1.3672106,0.087498695
2020-11-30 09:00:00,13.799026801119226,17.681305,5.3648987,12.904931037103806,25.11811,4.9462347,0.9688480747675684,2.0543716,0.1540406
2020-12-01 09:00:00,13.749382042599564,18.273346,5.1874084,13.765123533604232,31.218754,9.238284,0.643805494923901,1.1568955,0.048202455
2020-12-02 09:00:00,13.48741185572078,17.022858,4.198639,13.051485146253421,28.353888,7.08292,0.5935714930667463,1.1397109,0.097520106
2020-12-03 09:00:00,13.453661630629654,17.728912,4.676178,17.676137078930406,30.145035,8.395036,0.5533304420310842,1.3144524,0.1374158
2020-12-04 09:00:00,14.06432405922277,20.731354,4.4149475,15.510271463538864,23.400204,8.466609,0.27056375642080005,0.5105614,0.073792264
2020-12-05 09:00:00,14.562102293070495,18.519684,7.150543,12.12813528813476,17.465452,7.6138897,0.39741301340963836,0.79631764,0.105070695
2020-12-06 09:00:00,14.047396463973143,20.49649,4.4427795,16.121210525680986,20.952938,5.5662203,0.7496487900429325,1.7480049,0.039552912
2020-12-07 09:00:00,11.604479381611668,16.683258,1.9664612,24.26634089380172,40.796993,16.000443,1.655969366410213,2.2495549,0.59330237
2020-12-08 09:00:00,14.285890148302883,20.57608,1.9374084,9.581672461909484,20.929138,4.7583303,1.4697471899111019,3.1868455,0.3949882
2020-12-09 09:00:00,13.738793414946315,19.065582,3.1769104,10.19805148703944,17.442076,5.231138,0.5864192719796395,1.0691403,0.083052695
2020-12-10 09:00:00,13.970913556654466,19.153717,2.9232483,16.21455210790764,23.566689,11.158673,0.9110471418374535,1.8989047,0.07992105
2020-12-11 09:00:00,11.97766371560408,18.024567,0.68862915,12.924379189908693,26.943466,1.7598734,0.9318786862791559,2.4939678,0.03439223
2020-12-12 09:00:00,9.350154575554711,15.301422,-1.6184998,25.44632960148211,45.010426,12.358081,0.8914119473091239,2.8884706,0.072828166
2020-12-13 09:00:00,8.703057679957396,13.403748,-0.7564087,39.64746364398142,60.666573,19.842354,0.6227361149591639,1.5967307,0.23142132
2020-12-14 09:00:00,7.142368361682827,13.579559,-4.115753,52.6602711786115,84.491486,28.445877,1.4385701133216335,2.1992443,0.23515764
2020-12-15 09:00:00,6.641887924618857,13.283478,-5.583893,33.239781308237845,58.67993,21.308838,1.128501969692669,2.2338855,0.17215802
2020-12-16 09:00:00,8.92181207586691,13.79422,0.7121887,33.53548600853245,49.827328,15.940609,0.752896087131981,1.3501327,0.17210811
2020-12-17 09:00:00,9.689422088020308,13.942413,-0.082977295,36.71128581301248,52.341206,27.102924,1.0525898274423071,2.914216,0.19445822
2020-12-18 09:00:00,7.433681669786438,15.762604,-5.6358337,40.64723693558716,66.98989,18.028952,1.442744245818489,2.2102482,0.056386143
2020-12-19 09:00:00,8.27723877945374,14.101349,-3.4689636,22.558026348470655,40.627045,12.274567,0.6518786563268363,1.2424216,0.1466368
2020-12-20 09:00:00,10.045234494266538,14.441315,-0.6622009,18.177903764096644,41.93811,4.870823,0.8624696659045754,1.332176,0.16465726
2020-12-21 09:00:00,9.939011228351944,14.99942,-0.52401733,16.81496987593138,40.151764,5.4699793,0.7615698719690679,1.4127612,0.21763258
2020-12-22 09:00:00,9.851389758075356,15.393219,-1.7395935,17.425525466418,37.72962,5.026072,1.30985038082428,2.6950395,0.21643004
2020-12-23 09:00:00,7.812618089960267,12.8385315,-2.0462341,18.24282114775725,39.188587,5.7697287,1.1166561026093251,1.7965751,0.26942298
2020-12-24 09:00:00,7.07113713437991,12.851776,-4.1286926,16.121777163150103,37.1277,2.658698,0.7634268139816036,1.4002022,0.02221634
2020-12-25 09:00:00,8.071039814566518,13.5069275,-2.2723694,30.973398363024955,44.225258,18.959631,0.9973122434340456,2.0185008,0.40635073
2020-12-26 09:00:00,11.863502618530163,18.849335,0.8551941,43.49232577503137,72.77099,24.00146,1.11953801851283,3.0966403,0.04306513
2020-12-27 09:00:00,8.630013565465504,15.996765,-4.536438,45.822338738984385,74.86415,16.724148,1.1903483995901303,2.1140683,0.38217956
2020-12-28 09:00:00,8.565851727864356,17.270844,-6.3033752,63.326677194924834,87.648636,41.94655,1.6754148308701182,3.4119794,0.40035027
2020-12-29 09:00:00,6.2522525546477254,14.909302,-6.88562,61.511111471874386,85.74608,45.144516,1.328256825583015,2.4116685,0.2196612
2020-12-30 09:00:00,7.782456575705908,16.017426,-6.947418,17.62665929929515,43.466213,1.181057,0.700238930780012,1.6631452,0.17488386
2020-12-31 09:00:00,8.831015715771457,14.416901,-2.7139587,18.695891847094323,41.27591,1.5881863,1.2503801357405804,2.3258684,0.1909523
2021-01-01 09:00:00,7.061943132110287,14.788727,-7.814789,36.019042964414574,51.356087,22.267363,0.8219883778141235,2.717192,0.026132556
2021-01-02 09:00:00,9.1378237583246,14.844452,-2.1731262,29.5774776680989,44.77048,17.148829,0.7347206679236651,2.3612292,0.10943597
2021-01-03 09:00:00,9.898164490262104,15.915192,-1.2371521,48.47019619750801,62.606277,31.778152,0.9162624044932953,2.122131,0.15289831
2021-01-04 09:00:00,10.231969154583737,16.401031,0.7311096,47.97737934794302,67.26622,32.91466,0.9105610382357101,2.1786802,0.10792511
2021-01-05 09:00:00,10.905411515543108,19.286285,-2.2762146,25.475528445965814,48.25874,0.95014477,1.2382599047700558,2.4120193,0.2234549
2021-01-06 09:00:00,10.18880829572737,16.033356,0.88101196,20.103936264034264,45.212425,4.878804,0.7721426240834927,1.4041891,0.1227131
2021-01-07 09:00:00,10.954205361303991,17.224274,-1.3206482,21.749287820010718,49.487732,1.5775738,0.8118000194257908,1.4604328,0.25267717
2021-01-08 09:00:00,9.159555892124558,14.028168,-0.42300415,18.417289278517867,38.584938,0.8232193,0.7408585228530871,1.5923402,0.26818427
2021-01-09 09:00:00,9.112412004849489,16.1586,-4.901947,21.844631535857076,42.715294,-1.9874525,1.1136750443189274,2.2032537,0.17500053
2021-01-10 09:00:00,8.670756289535689,14.007965,-1.5486755,22.825924405007317,41.846226,7.6238766,0.7383142690351178,1.2470499,0.042903155
2021-01-11 09:00:00,10.312303867060223,16.63443,-0.91049194,28.74116545658275,42.53828,18.104687,0.7703053142870636,1.3841906,0.15415378
2021-01-12 09:00:00,11.633766462055803,17.033356,0.7755432,23.133501605577372,41.298462,9.333296,0.6196472608504264,1.7020909,0.027455108
2021-01-13 09:00:00,11.468993449950347,16.746246,1.0939026,27.813326218697256,47.982605,13.748229,0.650917093991897,1.4424083,0.1237027
2021-01-14 09:00:00,14.448057410825072,19.300934,6.2462463,23.179198608237776,50.07508,3.1180506,0.7533190840900408,1.2330002,0.09449483
2021-01-15 09:00:00,14.74083022305149,19.044586,3.7809143,21.086471191993986,46.114296,8.159892,0.7703032052130259,1.5047672,0.10634244
2021-01-16 09:00:00,15.706916243858416,20.781158,6.6913147,18.27231475460982,38.425423,5.700122,1.0709971213068674,2.0343258,0.21385656
2021-01-17 09:00:00,15.984971099532629,21.766998,4.591217,31.60626526597156,44.796593,20.804415,0.9090951127604244,1.7374307,0.15700972
2021-01-18 09:00:00,17.526551458163965,23.292786,7.390442,29.848459411437215,52.676865,18.62999,1.2318871282137271,1.967898,0.41269758
2021-01-19 09:00:00,15.700494186308617,23.871033,-0.09967041,22.35638941353558,45.267506,8.212798,2.430804776709165,3.8627105,1.1100287
2021-01-20 09:00:00,12.326874739378809,22.452484,-5.2312317,29.38663417865123,58.75587,15.794932,1.92469003105206,3.2186863,0.9008938
2021-01-21 09:00:00,13.442920265646762,20.736237,0.49795532,27.858543166453142,45.977043,18.152824,0.45384521532229505,0.80881494,0.07017381
2021-01-22 09:00:00,12.638055045120154,20.433502,-0.09384155,30.555291985406956,50.373474,14.593397,1.2795729578292945,2.9394593,0.42211208
2021-01-23 09:00:00,4.525220283391434,12.3594055,-7.48822,74.73775775327445,88.613335,50.901268,0.7831614398433361,1.4453077,0.3676396
2021-01-24 09:00:00,5.085175761958681,13.126862,-7.724701,61.03047683735728,82.46684,43.87533,0.5887822814232894,1.4489801,0.046712365
2021-01-25 09:00:00,5.099953242215236,14.116669,-8.205597,71.6125683486447,93.09951,39.349335,1.922811208157269,3.3886106,0.63432854
2021-01-26 09:00:00,2.499960605701858,12.388214,-11.937958,59.97993281749782,79.30617,48.212334,1.257163510186814,2.4894187,0.121625155
2021-01-27 09:00:00,4.760250655802224,13.290436,-8.372406,58.93587394249412,83.81392,25.804825,3.4944796637730158,5.765767,1.5353714
2021-01-28 09:00:00,5.763808443414916,13.563232,-6.557251,80.38949682456496,98.26389,48.93521,4.004004202093377,5.5479717,1.8252283
2021-01-29 09:00:00,4.413211911965789,11.125641,-6.783661,82.74045905162127,98.1001,65.666504,1.8764800269517399,3.4163544,0.9047363
2021-01-30 09:00:00,6.824553575648395,14.47644,-5.8848877,36.575272182250025,48.964855,22.117199,0.5228746973039112,1.3721185,0.03991887
2021-01-31 09:00:00,9.651412941650221,16.390106,-3.33255,35.182478822586525,55.141342,17.712826,0.8479614563138894,2.2977571,0.40995947
2021-02-01 09:00:00,11.197709089476007,17.22995,-2.0903625,34.07188150356982,52.980835,22.301188,1.195391104833346,2.491643,0.51249707
2021-02-02 09:00:00,13.98913716069228,22.475342,-0.7375488,47.90186312141554,69.9184,32.250435,1.4321935560796262,2.5583334,0.6851339
2021-02-03 09:00:00,11.223829545996637,19.873688,-3.0950623,44.74385205276698,65.52625,12.186412,2.0761476360824056,3.6875544,0.25191316
2021-02-04 09:00:00,8.498995176039386,14.91507,-4.875946,29.530365777830266,57.194633,8.141778,1.6610839725007258,3.2482078,0.11004054
2021-02-05 09:00:00,10.521447289014645,15.676788,1.5127258,30.38833650611671,50.983627,13.155501,0.9009379543765288,1.8761036,0.115365356
2021-02-06 09:00:00,12.663251614630838,17.602692,4.323395,18.91630715969027,40.844887,2.661294,0.7144330500168395,1.263144,0.059894618
2021-02-07 09:00:00,14.22699885565629,19.135345,5.84433,18.376715860526186,32.066055,4.9167137,0.6713137263025635,1.3936965,0.10912894
2021-02-08 09:00:00,13.844363634904312,19.865875,3.3561096,15.451123438097115,32.650223,-1.5718632,0.570338677191778,1.9371288,0.05242091
2021-02-09 09:00:00,12.628967955157236,20.227478,0.6102905,20.916291759271655,40.70311,3.7187328,1.0660793377823965,2.3860447,0.038716286
2021-02-10 09:00:00,11.608372445969167,19.963593,-1.2726135,42.83411403669219,63.355526,19.196857,1.0394810757129502,2.1170495,0.018197097
2021-02-11 09:00:00,12.659504336952693,20.380829,0.95114136,48.80636495509921,67.82768,35.440968,0.7008937473601523,1.43033,0.071744755
2021-02-12 09:00:00,11.376599129980207,19.258331,-0.2807312,53.72799409722388,72.97355,41.546227,1.4378614927904103,2.2195368,0.22754121
2021-02-13 09:00:00,9.833078172320143,16.994507,-1.144165,57.79376868565356,82.17668,39.125896,1.5197900724385045,2.7385755,0.4789176
2021-02-14 09:00:00,9.282853069355326,18.408844,-5.330963,31.68969971786784,68.52285,13.284567,2.182817553202796,4.2528253,0.30827913
2021-02-15 09:00:00,9.270001670891702,17.202179,-2.164093,68.5160786224187,86.50159,38.630497,1.2040769787076477,2.1760237,0.077138655
2021-02-16 09:00:00,9.762108193658321,17.752472,-1.6108093,37.45063242758785,69.49914,16.571712,1.763513172965598,2.735038,0.31900668
2021-02-17 09:00:00,9.170181699216016,17.189728,-4.351288,34.26567460827813,74.953865,9.621834,2.1264676441387684,3.9788566,0.07330484
2021-02-18 09:00:00,9.579062275487729,17.801025,-4.5739746,17.830551354903637,55.820187,4.6444054,1.1065742497321454,2.0312326,0.050453633
2021-02-19 09:00:00,11.950840736422151,19.891754,-1.5027771,26.752224455161457,48.09929,7.3557024,0.7988856323347674,2.5492601,0.0995392
2021-02-20 09:00:00,13.037158402094803,21.188202,-1.5676575,44.42110876572687,60.87941,21.253101,2.3212461136997216,3.9737816,0.6765139
2021-02-21 09:00:00,8.607631228530238,16.084381,-4.46933,30.36980431331807,56.55511,16.465267,1.7026989055025576,3.0004752,0.1175191
2021-02-22 09:00:00,11.381714809118591,17.712555,-1.5276794,26.335838701206303,40.49247,20.53091,1.0158533402096548,1.7135931,0.18002246
2021-02-23 09:00:00,15.328767744019672,22.190338,3.9422913,25.30063243631653,43.95033,14.132888,0.8895637626013564,1.8131129,0.12928487
2021-02-24 09:00:00,15.225525115759524,22.323395,2.5362854,17.29805558639111,43.23124,5.3757687,1.2893602042939443,2.7687213,0.102187656
2021-02-25 09:00:00,12.741993630264119,20.80655,-0.606781,13.47190977169652,42.52055,-1.9087782,1.9041756535608414,3.4434304,0.25962344
2021-02-26 09:00:00,12.287347542360635,19.908722,0.23294067,17.22893497686587,35.748123,7.1109548,1.0697214817047391,1.9119669,0.062859915
2021-02-27 09:00:00,11.990488726094156,20.232513,-2.992096,28.85725058589957,47.50961,6.108083,2.108941826478187,4.044825,0.067931354
2021-02-28 09:00:00,9.936899964986026,18.260895,-4.7312927,23.600231162267455,45.54698,14.79232,1.4512985510413658,2.7148075,0.13099253
2021-03-01 09:00:00,12.957620616377767,21.442047,-0.47592163,21.620129720416006,43.891357,11.660888,0.9394822312654064,1.7853743,0.16568719
2021-03-02 09:00:00,15.53692720606682,25.89096,0.22103882,14.762134068651612,22.731876,7.740239,0.7412928567265968,1.5035946,0.16570981
2021-03-03 09:00:00,14.653484729856814,24.090546,-0.7200012,19.07463645678487,31.49976,8.359856,1.055235524918754,2.1782703,0.28773805
2021-03-04 09:00:00,12.084861803973581,21.520203,-1.1315002,35.55666449425124,45.009518,26.282955,0.7918408626114096,2.1216352,0.04451573
2021-03-05 09:00:00,14.698342110810017,23.376678,1.7102356,23.66682493155785,31.409695,18.089172,0.42170911702942465,1.5308343,0.02560932
2021-03-06 09:00:00,16.949112573589332,26.127258,3.4729614,31.378741246802747,48.215023,15.49575,1.3195149559162846,2.5779397,0.073651455
2021-03-07 09:00:00,12.50446160572892,19.476746,0.95721436,30.903772780165625,48.426285,13.984878,1.7736274979867115,3.5584958,0.11570985
2021-03-08 09:00:00,13.033093463230728,20.50882,1.0556946,36.770200809624995,66.6092,7.7542515,1.685932077275407,2.8683877,0.41503426
2021-03-09 09:00:00,9.934410457921501,20.389557,-5.405365,49.18175902606901,68.55682,33.160408,1.8917068999662123,3.0686016,0.56113666
2021-03-10 09:00:00,8.078484354642,17.68814,-7.0345154,59.50991530809544,80.90005,45.652317,2.173400806057337,3.4894862,1.2891035
2021-03-11 09:00:00,3.3033122095727094,12.16983,-10.454926,66.95565051299684,86.334435,43.9399,0.7624982841423448,1.6623462,0.2833121
2021-03-12 09:00:00,5.890781305315841,15.586334,-9.616791,59.167762900069626,74.53169,40.180126,0.7828740185014389,2.2090013,0.10884639
2021-03-13 09:00:00,8.254320693137572,17.793365,-6.5674744,33.23531365254047,61.55365,21.373444,0.9031437054733829,2.1018271,0.20747918
2021-03-14 09:00:00,11.831188008388892,21.252838,-1.4978943,31.581938773431773,64.79941,6.6353426,1.2073295412187028,2.430624,0.30841282
2021-03-15 09:00:00,10.927269869415795,19.531158,-0.9102478,54.46137791835117,70.244194,29.93951,1.9024930979013053,2.9235852,0.7909228
2021-03-16 09:00:00,5.633352064312021,12.411285,-3.5935974,49.923023496587504,72.14201,36.641457,1.1679968603792574,2.4712768,0.3405709
2021-03-17 09:00:00,9.099903368261721,16.362915,-2.113617,35.98364776359837,51.032223,19.965816,0.5229111657031681,1.7236966,0.048615094
2021-03-18 09:00:00,12.612013224686848,20.379303,1.671051,36.91893394627038,49.73912,25.953962,0.7824396391313717,2.2591202,0.24685338
2021-03-19 09:00:00,14.269871824400695,24.130035,2.0655823,68.48943996876476,80.66997,55.3145,1.2071921171644049,2.7726045,0.20996885
2021-03-20 09:00:00,10.486894934828513,17.347076,0.12637329,55.47099840948767,82.6959,33.004494,2.456856087075261,4.2009273,0.9927566
2021-03-21 09:00:00,9.084550471449347,17.799957,-5.0594177,41.2062879471633,53.41087,34.194942,2.0060895714033933,3.750074,0.3704079
2021-03-22 09:00:00,10.948161829460503,19.426178,-2.9407654,32.473602275179495,53.068947,17.506804,0.9900815970910647,1.798351,0.25258768
2021-03-23 09:00:00,11.800672710439358,21.252106,-2.0271912,46.482765354459175,74.41155,29.53265,2.471704673639826,4.6799703,0.3377189
2021-03-24 09:00:00,11.548654131401292,21.009918,-4.830414,17.55423551051594,35.810467,10.438459,2.3063928088376744,3.5013628,0.95491374
2021-03-25 09:00:00,12.785381565336138,22.482574,-2.6600037,37.43685802905241,58.227753,21.082283,1.4114957593832347,2.632903,0.30659592
2021-03-26 09:00:00,9.80689610496853,19.331451,-3.9751892,44.345518845272025,65.8044,24.695248,1.2905885173160314,2.639621,0.187761
2021-03-27 09:00:00,14.071241733971988,22.326324,1.2464905,25.530485950557647,48.8442,14.224499,0.5734218419845475,1.6105686,0.077044636
2021-03-28 09:00:00,17.744873087218537,26.20523,4.052887,20.259240832256395,25.10984,16.98484,0.4975919094490371,1.2092191,0.023600271
2021-03-29 09:00:00,19.96757834614192,29.46988,4.6769104,18.610584531543683,23.599632,11.164178,1.376570884913107,2.4852462,0.18001382
2021-03-30 09:00:00,17.624471160359462,27.441559,2.0177307,22.307868164381407,34.603477,14.932022,1.5710237651874874,3.3589056,0.13339275
2021-03-31 09:00:00,17.216628576033372,26.221588,0.5301819,15.967418393923664,29.21321,6.3421154,0.9407588947594839,2.097533,0.07810703
2021-04-01 09:00:00,21.045243789202857,30.666656,5.9127502,16.6726814112533,24.530506,8.928794,0.4759811385689163,0.9922988,0.1278182
2021-04-02 09:00:00,22.4878408480605,32.32852,6.0570374,15.767360215301087,20.268326,11.88265,0.7844547604927301,1.599461,0.2469431
2021-04-03 09:00:00,21.441723568006125,31.26944,6.287018,14.276026327237918,21.875912,4.3290367,1.0315719539070831,2.3475294,0.11521596
2021-04-04 09:00:00,20.141248739603554,29.413483,5.995514,21.712952433950186,31.59501,8.113991,1.4327387358751813,3.5317373,0.12054071
2021-04-05 09:00:00,17.681300667866708,25.32071,4.5101624,29.457848741331915,48.88043,11.61367,1.6913057838540095,3.1260612,0.17699425
2021-04-06 09:00:00,16.34590280135859,24.57022,3.413971,27.96327813466278,41.1441,17.003475,1.6363417204636757,3.275147,0.3651131
2021-04-07 09:00:00,18.228130758616146,26.178375,4.953766,26.040000439767258,42.630444,8.565446,1.1485587026333317,2.3103073,0.17317624
2021-04-08 09:00:00,18.56622602073412,27.475983,4.634186,21.262199385394304,38.74707,6.911133,2.1583604950463005,4.094427,0.3751149
2021-04-09 09:00:00,17.59921479677479,25.32022,4.4337463,20.80025503717647,38.831673,7.499758,1.6573229539213739,3.2438416,0.29880807
2021-04-10 09:00:00,18.81613137984965,26.912506,5.285553,18.262947353232533,37.19147,8.780311,1.9899742357788728,4.0912504,0.26599395
2021-04-11 09:00:00,18.501566103759785,25.54776,6.3719788,23.632056034262188,42.221127,11.165983,1.3533932308157341,2.8521469,0.19184205
2021-04-12 09:00:00,19.632020107860683,27.366852,5.991852,30.259114744264835,48.190853,14.495657,1.3115950974695418,2.8844764,0.11580665
2021-04-13 09:00:00,19.94812569275183,29.02237,4.9422913,30.499119779786515,44.811947,12.562371,1.6533313155312097,2.7849433,0.45664844
2021-04-14 09:00:00,16.11051238841219,26.875885,0.95791626,31.79658964368123,53.294804,5.857264,2.2317372553274777,3.405158,1.1219318
2021-04-15 09:00:00,14.056516812889697,23.609772,-1.0679626,36.56416350962699,46.680603,30.127113,1.295286180947974,2.6114688,0.090205595
2021-04-16 09:00:00,17.115740554587603,26.339508,1.948883,36.471137278043486,45.655922,30.516212,1.2680140664629647,2.8277574,0.33116937
2021-04-17 09:00:00,17.665380259548442,26.972076,1.8841858,34.73397607037261,55.90728,22.325249,1.5433524189806784,2.9287164,0.17025334
2021-04-18 09:00:00,18.81016616048396,28.16861,2.8443909,18.665254074699043,27.86369,13.410563,1.1227720912187988,2.7682528,0.21701954
2021-04-19 09:00:00,22.081976337412357,31.20108,6.335846,19.423511304071553,30.496021,10.470195,1.0676326063716135,1.9670033,0.22951965
2021-04-20 09:00:00,22.699403465019543,31.955475,6.723053,20.63933643899409,28.362356,12.446438,1.5514971786669458,3.0885756,0.23831345
2021-04-21 09:00:00,19.52301863498542,30.539948,4.7391663,28.942740513331692,44.65712,11.383451,1.665454483044362,3.3888206,0.6069719
2021-04-22 09:00:00,16.570891683865852,25.670074,2.0731506,44.17309189367476,61.65987,19.894245,1.3126849229941455,2.6205158,0.32578093
2021-04-23 09:00:00,18.518156500287944,28.450836,3.671051,37.51486616804488,56.56653,22.36951,1.5933871479085964,2.7819817,0.3562397
2021-04-24 09:00:00,19.14660765271867,28.244781,4.656891,47.011736421839075,60.44395,31.23692,1.8105818618788325,2.8200848,0.55746835
2021-04-25 09:00:00,16.92449444725679,26.555573,1.7333069,47.9633256860344,64.60764,37.02952,1.8320638972749856,3.5263526,0.5764743
2021-04-26 09:00:00,9.746550668350778,18.092438,-3.026703,66.90635572697067,85.33442,35.24869,1.741088028448722,2.6323178,0.87987995
2021-04-27 09:00:00,12.546113450450946,21.773102,-2.6233826,40.852712326650675,57.355778,29.137482,2.015277264650283,3.8791592,0.40913874
2021-04-28 09:00:00,16.58538957941687,24.11734,3.493805,19.17807726105629,32.06832,12.263632,1.3231131880845128,2.7148168,0.16991134
2021-04-29 09:00:00,22.433589508460273,29.578033,9.162262,17.055730635483833,24.83537,8.3145895,0.8566374736312399,1.5137348,0.22805244
2021-04-30 09:00:00,25.13769029202882,32.91153,9.46817,21.020354085930318,34.32189,12.071893,0.9339945647201131,2.0900896,0.23502345
2021-05-01 09:00:00,25.867121266838808,34.552155,8.247467,20.148875862195947,32.88463,2.579939,2.1269173876786884,4.264238,0.24648568
2021-05-02 09:00:00,21.103706552842254,30.109528,5.754059,27.807549497119755,41.002075,8.076678,2.642594479388429,4.72701,0.5269866
2021-05-03 09:00:00,20.45516216085292,29.009186,5.21817,24.95217032377286,41.68457,19.012697,2.120208297474359,3.9678679,0.31406522
2021-05-04 09:00:00,22.77850834901534,31.203766,8.019684,24.704338167184783,35.20671,17.049568,1.0568650919468991,2.239146,0.13574725
2021-05-05 09:00:00,25.258087191010247,33.747955,8.983795,29.242553208314103,39.54935,22.537632,0.6155790786995031,1.4531959,0.10808092
2021-05-06 09:00:00,27.07467123940245,36.88443,9.765289,27.51983456982079,39.217827,19.743454,1.3226850189301251,2.930161,0.2122188
2021-05-07 09:00:00,23.814782424322743,33.527985,7.8697815,25.97606137429815,41.8143,1.3025799,2.2720995632998866,4.488598,0.7275185
2021-05-08 09:00:00,20.67552974819057,28.95279,6.1773987,25.462869546407205,36.301952,13.383983,2.023395761775599,3.8585258,0.29890588
2021-05-09 09:00:00,22.153458865906202,30.251373,6.966217,24.34417829789313,39.63677,12.322846,1.5853327496085996,3.0947104,0.2503136
2021-05-10 09:00:00,23.203860023483855,32.203278,7.0785217,29.318679201572625,40.81545,22.403774,1.5893544761999632,3.264982,0.10422511
2021-05-11 09:00:00,24.728276670500065,33.54605,8.27652,25.05539707557252,42.84754,15.355352,1.2285445526497085,2.4027803,0.1689313
2021-05-12 09:00:00,25.982954410405398,34.857086,11.476227,19.440124202593566,34.018425,12.377682,1.1239748891499441,2.2489083,0.24965131
2021-05-13 09:00:00,27.523995480205997,36.443512,13.195465,19.27207832488895,24.454163,13.183391,1.5092421418639144,3.077125,0.3456867
2021-05-14 09:00:00,27.222961366153015,36.274567,13.415192,21.289058966850426,30.775913,14.569661,1.6393683606540568,3.3166425,0.58556134
2021-05-15 09:00:00,25.566618174631458,34.370026,12.184479,22.25395315771509,30.117123,13.03788,2.362022194800176,3.7982485,0.9892083
2021-05-16 09:00:00,18.78433441148252,28.451569,5.4515686,47.77737420753117,61.027126,31.052805,1.6439345654776474,3.2827585,0.6371975
2021-05-17 09:00:00,20.302667379785703,27.844147,9.026764,50.10768587434203,69.14377,28.280487,1.4428399419538547,2.4438033,0.5469378
2021-05-18 09:00:00,22.65705493525917,31.03238,11.164215,32.50235433268274,52.293774,13.840649,2.000039999136979,3.5435784,0.26613015
2021-05-19 09:00:00,23.587296648546044,30.888092,11.081451,26.400141043381087,36.37072,16.120625,2.5145790205903538,4.2645082,0.7100124
2021-05-20 09:00:00,20.166215276959008,29.338043,8.060699,18.529756267812854,37.347027,-1.758029,3.3494921336735515,5.338784,1.1609259
2021-05-21 09:00:00,14.323406753814652,22.251862,0.3085022,31.819883406093417,43.80638,24.02182,3.1602749316387957,4.802909,1.7237532
2021-05-22 09:00:00,13.292517570328641,24.20694,-3.1387634,39.494085183780705,70.65301,21.101366,1.3506174286896189,2.171746,0.51144665
2021-05-23 09:00:00,16.391363176069547,26.22696,0.36514282,39.972664592614926,47.933174,30.564178,1.1982519319354155,2.205366,0.31443197
2021-05-24 09:00:00,19.94886851941618,28.326324,5.7237854,34.36799575867188,41.512062,31.301123,1.460726450903926,2.981187,0.20531128
2021-05-25 09:00:00,23.872132744413022,32.127106,9.816559,28.69648422507234,34.519543,23.677555,2.3309751757265453,4.3948913,0.46792966
2021-05-26 09:00:00,22.9405559367421,31.854645,9.294098,27.262631372892866,33.539963,20.803892,1.9385594820104595,4.0557175,0.5079545
2021-05-27 09:00:00,24.60333090416532,32.636627,11.708649,23.26898553139168,38.658836,2.6627407,1.7965502518640553,3.899711,0.67861354
2021-05-28 09:00:00,24.891851442739437,32.993073,12.610016,19.69429478590811,38.15452,6.1271753,1.896105932025951,3.7143774,0.6626717
2021-05-29 09:00:00,25.27556270848737,33.444733,13.227936,33.99008587864651,40.53237,28.388863,1.5951794791577256,3.5414517,0.11079075
2021-05-30 09:00:00,25.110744088296826,33.38394,13.20816,28.83016382428395,36.394978,20.882004,1.634713959947058,3.248938,0.2811126
2021-05-31 09:00:00,27.93218432315399,34.678375,15.860016,19.28949379462509,23.117184,13.919654,1.057444183319318,2.1862779,0.18791233
2021-06-01 09:00:00,31.0655615134728,40.017975,17.04898,19.806436129869095,26.323853,15.394165,1.1230622038030296,2.1746948,0.18882045
2021-06-02 09:00:00,31.879864928677648,40.932037,18.220612,20.16668271238076,28.72993,13.851024,1.5747296049663708,3.25892,0.57906
2021-06-03 09:00:00,32.58226735314071,41.403717,19.627838,20.334422634419155,29.791222,13.603749,1.436277834192065,3.2321384,0.3556934
2021-06-04 09:00:00,31.31636056292342,39.851715,18.490875,23.46818634074186,33.32195,17.05746,1.4924222006199925,3.0188189,0.25333822
2021-06-05 09:00:00,30.356808252140866,39.102448,18.046295,21.16226964909692,24.754866,13.485501,1.7434273612245759,3.0188966,0.5430776
2021-06-06 09:00:00,29.545978909972973,37.74405,16.717438,21.01607683461336,26.012321,15.2935705,1.706317782065878,3.4910967,0.6238433
2021-06-07 09:00:00,27.598735527380825,36.04776,14.842682,22.363975465829835,31.386862,4.5509243,2.181411522816036,3.6609185,0.80755234
2021-06-08 09:00:00,23.006692322024833,32.034576,10.710358,26.419631790093955,36.330566,10.59145,2.371057357328458,3.999613,0.8471089
2021-06-09 09:00:00,20.743183755438906,28.558502,8.716705,36.886694850537225,54.079685,17.19439,2.32723033076713,4.0934935,0.793983
2021-06-10 09:00:00,18.774825056297004,28.105621,6.796295,21.68791710241993,40.566555,7.539212,2.7940181727284283,4.8029313,1.1561828
2021-06-11 09:00:00,21.41856632682709,27.08902,12.474518,17.443734398465942,30.902052,4.234083,1.9702525724010231,3.9320276,0.45111758
2021-06-12 09:00:00,25.137698503491777,30.12735,16.828522,19.549528044665806,26.072208,9.369084,2.0637555563991277,4.100886,0.537365
2021-06-13 09:00:00,27.943201590266426,34.197906,16.72525,33.43382694697734,44.800488,19.193058,1.8479729782339658,3.8108723,0.68529123
2021-06-14 09:00:00,29.347235445878255,37.278473,16.909332,33.9690636846521,49.42157,12.673425,2.3493878710185445,4.642032,0.5297546
2021-06-15 09:00:00,28.099720933408037,34.26822,17.699371,25.671670219293,40.476597,9.207066,2.6981727110360776,5.208529,0.30208868
2021-06-16 09:00:00,29.184576196360297,33.81778,20.386627,13.65512627162596,16.655457,10.334517,2.2735654279769535,4.26129,0.19166413
2021-06-17 09:00:00,31.709620888874554,37.939117,21.589752,11.614174606461257,17.949554,8.09018,1.3812087142216696,2.9186933,0.16927437
2021-06-18 09:00:00,34.35187019013159,41.52188,21.547272,12.217795908670945,23.6615,6.3997817,0.9727790192446502,2.026863,0.14637697
2021-06-19 09:00:00,35.71499634023996,44.3356,21.499664,15.785671230254849,20.585323,11.079431,1.3474324731106844,2.797052,0.4018589
2021-06-20 09:00:00,34.88487824234983,43.131744,21.444244,17.741265884916636,22.86342,12.80681,1.5191603003785514,2.6721478,0.44561076
2021-06-21 09:00:00,34.615572243078134,43.426178,20.779694,18.936159150269365,29.362547,3.7935944,1.5903652311260281,3.0695455,0.58766884
2021-06-22 09:00:00,31.6019574048633,40.60904,17.818024,14.614926620457116,22.670216,9.467092,1.9387843172060284,3.3572724,0.93554306
2021-06-23 09:00:00,29.055448571529723,37.11148,15.951324,20.005671053964864,27.111916,11.693947,1.9032037146999967,3.2370095,0.99942875
2021-06-24 09:00:00,28.87630985527244,37.26651,15.498932,22.26435813948361,30.985521,16.196802,1.748831600169353,3.0542226,1.1139596
2021-06-25 09:00:00,27.47534976646523,36.168365,15.204498,28.27224375881633,38.419304,20.891281,1.4166926558274389,3.426227,0.3435069
2021-06-26 09:00:00,30.11839550889499,36.80728,19.635162,26.756756766392584,35.311382,16.992397,1.6243696574946676,3.355671,0.37346157
2021-06-27 09:00:00,33.15771337298611,39.81534,22.191803,21.485035794281476,26.238514,15.49945,1.4164618802573035,2.794552,0.50431705
2021-06-28 09:00:00,34.88330990969661,42.220367,22.214996,20.643262797994073,26.0711,16.674309,2.0039307127903654,4.6168957,0.28520623
2021-06-29 09:00:00,32.682492826584905,39.513336,21.406158,19.07362405705766,31.110191,10.544941,1.7171290438262397,3.9712331,0.3511492
2021-06-30 09:00:00,32.07569710757366,40.02359,18.877106,27.799340162413742,45.48192,16.55955,0.7720865896154848,2.381261,0.20916842
2021-07-01 09:00:00,31.645968534677195,40.92691,17.626373,29.691936225483307,40.31692,14.145047,1.2329243323774473,3.2451808,0.30268523
2021-07-02 09:00:00,30.94244294970997,39.251373,18.365387,34.5473151957601,43.8586,27.835163,1.322587826732427,3.1148517,0.40930268
2021-07-03 09:00:00,31.409257252027032,39.84439,17.215485,34.11847446150853,42.109703,21.870937,1.2226191286005328,2.6726427,0.3104729
2021-07-04 09:00:00,30.69264589597833,39.47281,16.862946,17.749217873169805,26.731987,8.681206,1.3562609609039329,2.6345143,0.5572029
2021-07-05 09:00:00,31.350159139841537,39.597565,18.756012,22.735023680467293,29.2402,8.523092,1.3785096573057531,3.0175,0.3729134
2021-07-06 09:00:00,32.10552872160014,39.666412,20.498444,24.975397858474505,33.381344,14.152386,1.641339842145373,3.696533,0.46943456
2021-07-07 09:00:00,31.89823108742422,38.362457,21.379791,20.18413240073565,33.46924,9.212496,2.101009941506473,4.092041,0.712399
2021-07-08 09:00:00,32.49002213600204,38.137848,21.886871,19.763252793412022,28.363365,7.4483786,1.7271362861315012,3.4992504,0.2337574
2021-07-09 09:00:00,34.80157757044657,42.275543,22.120758,20.26767411816914,27.473135,15.430166,1.2977608917999661,2.9741027,0.15392767
2021-07-10 09:00:00,36.42484843129449,44.5773,22.944977,22.590662697816935,27.831264,15.85779,1.4771372191358783,3.6043026,0.20202263
2021-07-11 09:00:00,36.95775174106808,43.980133,24.261871,21.649405075029794,28.158665,16.246891,1.8954135624933188,3.8401363,0.33033422
2021-07-12 09:00:00,36.31382254207318,44.350494,22.911041,12.052643034513677,23.185305,4.2517104,1.8819159427541488,4.1344,0.37212482
2021-07-13 09:00:00,36.02745691181656,43.552887,23.734528,12.51356045952201,22.996101,5.5777645,1.7997491463325601,3.4850926,0.61684084
2021-07-14 09:00:00,33.6605615502433,41.10489,21.770905,17.279922782025846,24.349422,6.543108,1.7591595250331284,3.261175,0.6154282
2021-07-15 09:00:00,31.632795702129783,39.017487,19.921783,21.44718515463165,30.362164,9.609959,1.9793379536201474,3.4276667,0.68647426
2021-07-16 09:00:00,31.432455365160592,38.695953,19.682281,20.73460032286745,28.262424,8.298876,1.6569955403387002,2.8349812,0.6490505
2021-07-17 09:00:00,30.87234817268734,38.03531,19.195465,24.18013730747409,28.658401,15.185745,1.4455990659372306,2.4648561,0.47407293
2021-07-18 09:00:00,32.39045351463875,39.67227,20.019928,21.307626026776703,25.683094,12.3472185,1.1814695543363423,2.376654,0.3409788
2021-07-19 09:00:00,30.580567050350282,39.53482,16.821686,33.22785659033936,55.460026,19.006138,0.8161424796705062,2.3640146,0.03624889
2021-07-20 09:00:00,31.938870143522706,41.49771,17.365631,30.271757631521396,39.004837,25.469994,1.3552666581417305,2.4007144,0.45885348
2021-07-21 09:00:00,31.98386836864603,40.100006,19.117584,25.164607786533246,31.955648,16.045492,1.9927631149676526,4.102255,0.7092586
2021-07-22 09:00:00,31.854999557501685,39.032867,19.40738,18.685238958853823,28.504246,13.681917,1.6050226819672875,3.1042097,0.7143348
2021-07-23 09:00:00,31.827637100960942,39.76358,19.321442,21.88149483016931,36.170815,15.368796,1.5653444194434085,3.054842,0.6652483
2021-07-24 09:00:00,32.232625668635535,40.038483,19.983795,23.685069297975694,39.11705,15.662082,1.164904702569383,2.5773392,0.2844755
2021-07-25 09:00:00,32.01243892622341,39.915436,19.720612,23.323480006468337,33.82538,15.572241,1.370946406551501,3.3140333,0.23944883
2021-07-26 09:00:00,32.420925713728366,39.93814,18.902985,25.51212802943144,43.818245,13.267466,1.321837173206357,2.732771,0.28170854
2021-07-27 09:00:00,29.26575967403329,37.94449,16.001617,29.045121488086085,35.077835,23.246016,1.0489881346198981,1.9676107,0.36140403
2021-07-28 09:00:00,32.24577452470896,40.155426,18.180817,23.144854537371767,29.254486,16.350735,1.118718979107474,2.8217483,0.29089448
2021-07-29 09:00:00,32.12151881748309,40.6127,18.09195,30.93171441529171,47.092133,19.112888,1.06533382879075,2.6414957,0.015634613
2021-07-30 09:00:00,32.012421008043475,41.107086,16.590729,32.611071324614265,51.1114,25.794716,1.1072234565279908,2.525761,0.017276902
2021-07-31 09:00:00,32.8117605046495,42.36734,17.088043,29.271169017318645,47.54226,12.800074,1.0916276899767232,2.6992218,0.21989769
2021-08-01 09:00:00,31.680474220777853,41.36319,15.938873,28.61829051482381,43.25195,16.333025,1.109862268544834,2.3002093,0.39644042
2021-08-02 09:00:00,32.98174965598935,42.1481,18.085602,18.274728654948664,27.902489,4.774004,1.4592111998256017,2.6694872,0.7221226
2021-08-03 09:00:00,32.47423204313321,39.729645,19.76529,17.730777391793158,25.932564,10.9755335,1.3995805082006245,3.4307003,0.3092182
2021-08-04 09:00:00,33.835974132230206,40.821686,21.071686,18.00203546887486,26.53043,11.424961,1.5577767916884848,3.654786,0.29481006
2021-08-05 09:00:00,33.930353828900934,41.4982,20.882965,16.283586794745787,24.416607,6.8284106,2.33935858737665,4.589119,0.486046
2021-08-06 09:00:00,30.571347957975945,37.23111,18.01236,10.130584461561876,20.325996,1.5199127,1.9629880497116392,3.7671425,0.71600175
2021-08-07 09:00:00,29.86355654567376,36.44571,17.642975,16.597153940792754,20.288311,11.995341,0.8896396283011004,2.1322694,0.08921849
2021-08-08 09:00:00,31.631309648086074,39.093903,18.713043,22.81615383378064,30.193005,15.487174,1.3025426144511791,2.4369116,0.46541214
2021-08-09 09:00:00,32.09600565614602,40.045563,19.149078,26.394422849527146,32.40019,18.858929,1.365840244279328,2.679837,0.45046958
2021-08-10 09:00:00,32.10689512780414,39.716705,19.779205,20.647241347184025,27.247066,14.625973,1.0297557541792375,2.045358,0.4173069
2021-08-11 09:00:00,33.38015646817115,41.402252,19.287018,21.010950489143337,24.738651,13.473026,1.1289840469579746,2.3940141,0.15477002
2021-08-12 09:00:00,33.38045481769268,41.240143,20.322418,22.550375915740684,27.275879,12.04499,1.3923329476113333,3.318695,0.38221216
2021-08-13 09:00:00,32.94473868389099,40.79117,19.724274,24.183797460908725,28.606157,16.86397,1.726519653283468,3.6608996,0.3848696
2021-08-14 09:00:00,33.27309624773363,40.96939,21.450592,23.613944548717967,29.604359,17.455921,1.3027262845616607,2.8415167,0.18519968
2021-08-15 09:00:00,33.56325512870848,40.950836,22.284576,22.210326815654856,28.667442,13.487754,1.386373024976509,3.1705277,0.07049776
2021-08-16 09:00:00,34.02214850970063,40.9794,21.957916,20.87584682385177,29.391108,9.834904,1.1602189697289254,2.4793854,0.2878529
2021-08-17 09:00:00,33.626995352071106,41.55435,20.700836,20.736190398099644,28.455698,12.67249,1.833572772473262,2.9215124,0.46287408
2021-08-18 09:00:00,31.454347308657304,40.078278,17.90445,18.891427402836303,27.628181,8.0662985,2.1957466328480155,3.9104657,1.1151413
2021-08-19 09:00:00,25.32795744372976,32.64981,13.314362,29.142608445712934,39.27022,17.555378,1.3986687213214293,2.6194148,0.4029209
2021-08-20 09:00:00,26.33403188300622,33.58487,15.037994,29.63586217721045,37.965084,19.596981,0.970833190354302,1.8699001,0.1549743
2021-08-21 09:00:00,27.494519493175403,34.917633,15.001617,32.674709075517434,41.300385,21.074238,1.550701425857931,2.868668,0.7918555
2021-08-22 09:00:00,27.22614018013377,35.13614,15.285065,40.039562327555295,52.92015,24.183594,1.5586958125002033,3.0848184,0.7281363
2021-08-23 09:00:00,27.755560785020066,34.684967,16.626373,35.431342070725535,51.957294,13.871656,1.4556674821721098,3.0491273,0.6299079
2021-08-24 09:00:00,28.615275806107036,35.86856,16.866608,29.190925232283835,48.65473,7.9984818,1.65444255721127,3.1820955,0.3986353
2021-08-25 09:00:00,28.703776214766265,36.09195,16.269684,19.024600194828796,30.410175,7.162305,1.707716513869002,3.2902277,0.46117076
2021-08-26 09:00:00,29.29024592007579,36.59439,16.709625,20.246296434132287,31.413467,6.7923746,1.4827971920512395,3.165603,0.34809968
2021-08-27 09:00:00,30.264195200368192,36.231598,19.610504,12.859389303272978,21.550117,5.8317704,1.2456285933871947,2.5954669,0.3542945
2021-08-28 09:00:00,32.23217828422446,38.27188,20.834381,11.737527589375368,14.991379,7.5929413,0.7604069795827019,1.478794,0.26618066
2021-08-29 09:00:00,33.61740126688318,40.75992,20.820465,13.025956288615355,16.201694,9.186701,1.1580753172186085,2.2152772,0.1080342
2021-08-30 09:00:00,34.27951539772647,41.57242,21.39273,16.213645200130436,20.21278,13.520605,1.4141679606048196,2.726382,0.07672538
2021-08-31 09:00:00,34.344732232375236,41.932526,21.26651,14.500375399943563,21.126867,7.654211,1.731953540943418,2.8205123,0.4277866
2021-09-01 09:00:00,31.2736245723745,39.720123,18.620514,13.093316899279221,18.097668,5.6134996,1.945743288287716,3.6055117,0.61259884
2021-09-02 09:00:00,28.026981331953493,35.591705,16.380768,16.594811649868277,25.827122,5.7893925,1.4568814573344875,2.6904888,0.50026214
2021-09-03 09:00:00,26.520285336691643,33.232086,15.541412,18.993272598753276,26.143213,11.9439945,0.9954025155942056,2.3789213,0.3508211
2021-09-04 09:00:00,28.284010822484333,34.794098,17.924225,14.985795439319753,22.703295,10.484545,0.7696546309299972,1.8100504,0.1233566
2021-09-05 09:00:00,30.40266074759728,36.587067,20.28238,14.867916401197508,18.487185,7.1590595,1.010760906239329,2.3522346,0.09385126
2021-09-06 09:00:00,32.76182047766662,39.02945,21.933746,15.324725465185841,19.792593,9.025432,0.7378513278329033,1.69648,0.10110921
2021-09-07 09:00:00,34.23106430757292,41.056305,21.939117,20.98189796331313,25.988174,16.631214,1.1219221370901193,2.4965506,0.34859455
2021-09-08 09:00:00,34.58545606467868,42.174713,22.373688,15.993135421856405,21.417904,11.292903,1.453294303865217,3.08541,0.23424175
2021-09-09 09:00:00,34.03874325471497,41.332428,21.207428,14.90004916782292,20.356163,9.556364,0.9483345846978373,2.1018727,0.039267343
2021-09-10 09:00:00,32.465703819568034,41.55655,18.970612,30.2027672278295,40.349476,18.437714,1.8340696787703166,3.4734836,0.07632842
2021-09-11 09:00:00,29.088601203247435,37.281647,15.742096,36.7974112580019,41.22874,29.77101,1.8227142853589882,3.646272,0.5420309
2021-09-12 09:00:00,29.331902059021445,36.363922,17.675934,26.85970202426704,32.022568,20.681135,1.2343358577273988,2.6461358,0.3973077
2021-09-13 09:00:00,30.4245027763788,36.99478,18.902985,18.2942427915199,26.907658,10.219579,1.3420472691470582,2.6521854,0.4388985
2021-09-14 09:00:00,30.63883066194211,37.71695,18.613434,20.16879377110288,27.66941,13.052151,0.7515595702400211,1.7206107,0.20877543
2021-09-15 09:00:00,30.925545871678366,38.37442,19.528717,21.711270244931022,27.980728,13.220909,1.0101361759139986,2.1757913,0.16711655
2021-09-16 09:00:00,29.029194399740675,36.865143,16.501862,24.615911821189915,33.832375,17.358295,1.4289654657416342,2.8737717,0.39673877
2021-09-17 09:00:00,27.262909408428868,34.73526,15.668854,26.11641899577132,38.371277,14.546718,1.1871311353828233,2.4181645,0.3353319
2021-09-18 09:00:00,26.423233042012555,34.499664,13.907867,28.15903551982299,45.840057,13.941102,1.658495479723115,3.2874444,0.33757004
2021-09-19 09:00:00,24.95730357262039,32.226715,13.052887,31.911365044178602,42.125645,15.024082,2.6276853767079826,4.8879128,0.764934
2021-09-20 09:00:00,24.288243670541306,28.929108,16.563873,18.306398451404988,30.407623,7.737092,1.5963810868120503,3.2323382,0.08536557
2021-09-21 09:00:00,27.339557234830068,32.973297,17.91275,17.71324421599845,20.871464,14.504789,0.6351897729216401,1.2918075,0.11395011
2021-09-22 09:00:00,30.240710143047295,37.635406,17.34439,17.69871970475755,19.604641,14.658682,0.7125836926754138,2.157721,0.07291282
2021-09-23 09:00:00,29.86222195891537,37.93521,15.952789,25.347231076994678,29.770235,19.04499,1.2871285006571231,2.6268706,0.3714914
2021-09-24 09:00:00,27.8883440563485,34.131744,16.879791,16.870914053744272,20.760435,12.920919,0.7558987078977691,1.6163554,0.18564664
2021-09-25 09:00:00,28.912122870365977,35.947906,17.057281,19.409038945272837,23.567423,13.989298,0.8875044183401701,2.0454798,0.026584016
2021-09-26 09:00:00,27.692254816003583,34.835358,15.49942,25.564982418440323,32.78755,20.452238,1.335865762783846,2.8737988,0.4813398
2021-09-27 09:00:00,25.854768465389327,32.3356,15.00943,23.687511269958993,29.318958,16.037708,1.8863459933945004,3.6487339,0.69822395
2021-09-28 09:00:00,23.868828551294484,30.065338,12.754791,27.6560217927265,44.809307,16.684307,2.7452068522026614,5.181156,0.62445563
2021-09-29 09:00:00,18.95018048007711,24.920319,8.757721,26.232743747455356,48.05394,8.284109,1.7200095842715688,3.2021081,0.20866925
2021-09-30 09:00:00,21.786339337835557,27.269928,11.998444,14.095727682079248,20.931185,5.2696466,1.0032311170389403,1.8655777,0.20543487
2021-10-01 09:00:00,25.149528814322707,31.836578,14.658844,16.764772610244105,21.830093,10.715944,0.43929568734063745,0.8313605,0.025090538
2021-10-02 09:00:00,26.437451686085467,33.61612,13.8680725,15.291745379333848,19.862555,12.344814,0.46448399554611697,0.94689655,0.057425916
2021-10-03 09:00:00,26.75167502217846,33.668854,14.282135,11.984268163921616,15.344762,8.935907,0.5498995151513846,1.4281708,0.12516952
2021-10-04 09:00:00,26.681500087564075,33.802643,13.781158,15.820987038626209,18.525442,13.127005,0.5619147399618943,1.1030777,0.23407468
2021-10-05 09:00:00,25.299672345724275,33.169098,11.80191,22.30308448564622,30.373398,16.963242,0.7743793046672648,2.4374385,0.08614439
2021-10-06 09:00:00,23.698837998800457,31.911041,10.424713,32.163685609644475,37.74064,25.779703,1.4314451541750701,2.8321362,0.6829891
2021-10-07 09:00:00,21.428705968650036,29.542633,8.800446,40.96807954817178,55.209885,28.379429,1.3945664027916287,2.9013078,0.17204015
2021-10-08 09:00:00,19.933130335549095,28.076324,7.6544495,42.711441598539764,58.57691,18.210228,1.8912843654156433,2.7726552,1.1448802
2021-10-09 09:00:00,14.699992718952387,22.496735,1.5917053,30.003338405442395,47.527,14.647508,1.51989796611551,2.981762,0.110896535
2021-10-10 09:00:00,17.710492070692,23.102448,9.180817,21.50196230121955,33.16835,12.019911,0.8451192335583608,1.4737418,0.22038403
2021-10-11 09:00:00,19.51129187515852,25.708649,8.443024,26.261501532462923,37.177143,11.681048,2.6958427529827467,4.4793634,0.8621653
2021-10-12 09:00:00,11.585195389602575,20.061188,-4.1009216,27.010249736098654,48.201916,18.944103,4.258071398907346,7.344716,0.86021245
2021-10-13 09:00:00,14.195346727845788,20.90274,3.4796448,20.386447288873768,27.70972,13.502885,0.5460943040387707,1.151178,0.08506589
2021-10-14 09:00:00,17.150407552609636,24.088531,6.584381,27.015941410651553,34.581036,17.524765,1.0363824146001641,2.245992,0.029071918
2021-10-15 09:00:00,18.672301369896275,24.43155,8.433502,17.19072660148805,21.847574,11.874918,0.6929972149035818,1.4241511,0.25148746
2021-10-16 09:00:00,22.191538463158224,28.882233,11.397858,14.302077993487336,18.374596,10.793187,0.50195048167928,1.1435894,0.1727649
2021-10-17 09:00:00,23.710496528234273,31.12027,11.762848,16.742127292558614,23.580227,12.623767,1.2528414312190412,2.7223299,0.31848294
2021-10-18 09:00:00,19.143698295116337,27.757233,4.9720764,28.445237148097533,41.859394,19.84377,2.3256099765707168,3.5081496,1.4712038
2021-10-19 09:00:00,12.766035191065043,18.715485,2.4803772,25.96228755162786,41.753147,11.276585,0.6673399056780617,1.1589473,0.11903946
2021-10-20 09:00:00,17.37925597314461,23.619537,6.400543,23.95925513980511,40.46051,10.672171,1.2757006092656542,2.484072,0.10993575
2021-10-21 09:00:00,19.327316952129536,26.917633,8.097809,43.91030548946031,62.94033,26.54362,0.6907221388186726,2.0859315,0.064894535
2021-10-22 09:00:00,21.3303315556725,28.57315,9.405182,34.04680110552898,44.892242,17.343822,1.056602591096707,2.9694183,0.1974299
2021-10-23 09:00:00,14.770641323637903,22.32779,4.3526917,51.29655157684187,85.35379,26.095976,2.374194123735111,4.198766,0.76850134
2021-10-24 09:00:00,15.793438865443818,22.521393,4.5760803,59.05256015702776,76.23981,34.87431,1.4118261653724673,3.0358648,0.32981235
2021-10-25 09:00:00,14.679705157717535,21.96231,2.4544983,87.32643613290895,98.54117,75.75825,3.4379607579609894,5.3417716,1.7707497
2021-10-26 09:00:00,10.080278341515623,17.14029,-2.64682,45.494133367773415,53.01889,37.171234,1.0594667774489162,2.2808208,0.050775435
2021-10-27 09:00:00,15.315036470789664,20.881256,5.267975,51.781596570468274,67.94345,37.148327,0.8800580057530674,1.6194608,0.17907052
2021-10-28 09:00:00,17.974763526903757,22.86734,7.313141,34.382733529454825,55.031654,25.308996,1.0650940691952047,1.9268692,0.27590668
2021-10-29 09:00:00,19.680336075599655,25.303864,8.325348,25.95690656848881,41.753307,17.245495,0.5251493665757095,1.124216,0.03114432
2021-10-30 09:00:00,20.770101151355732,27.884674,5.068268,29.72728968241886,53.501087,19.887806,0.8630469875856335,2.0563066,0.16303228
2021-10-31 09:00:00,17.498654499322527,25.905182,4.344635,42.59837473231802,63.83862,10.686276,1.2071026225748223,2.69843,0.19255768
2021-11-01 09:00:00,15.110427714561524,22.356842,3.1302795,40.20820414279781,55.371643,16.27481,0.7999439093315318,2.0988152,0.098477796
2021-11-02 09:00:00,15.414963342266276,22.288239,4.5961,54.52173520285975,77.02939,40.60361,0.5078031779271658,1.4410546,0.08164805
2021-11-03 09:00:00,18.35439805735757,24.548737,7.6424866,36.241211063971555,52.342495,17.556353,0.9215363610449968,1.9005214,0.08834693
2021-11-04 09:00:00,18.803637669822592,24.321442,7.248932,38.0795056215197,51.928986,23.348873,1.2359579041437745,2.6642983,0.015860666
2021-11-05 09:00:00,17.146128697260792,22.566315,5.6756897,15.448236974146665,38.407562,-2.4289618,1.4342830433448557,2.6073523,0.025193125
2021-11-06 09:00:00,17.239639530539137,23.785797,5.1368713,19.34597787118201,40.15889,3.9609451,1.5028964140940655,3.4117556,0.29394883
2021-11-07 09:00:00,15.202551705293274,21.653717,4.0228577,44.22730491604893,66.804665,20.187119,2.3037041425104126,4.1235423,0.42620552
2021-11-08 09:00:00,12.751970455108165,18.235016,2.7154846,21.909564473218325,43.102512,-1.9053001,1.3320086640678046,2.3450842,0.23436877
2021-11-09 09:00:00,14.485185181220231,20.662994,2.6219788,28.019486862790234,55.972275,5.612899,1.4835252304679896,3.0650866,0.2828969
2021-11-10 09:00:00,14.044048099765519,21.241364,2.7623596,32.949789354158035,42.20231,17.203814,1.1478998213106713,1.9483045,0.21972296
2021-11-11 09:00:00,15.356963202418456,20.682037,4.5314026,40.011697369795435,50.511604,30.21473,1.167512381267793,2.0005655,0.17632923
2021-11-12 09:00:00,15.882812646612706,20.82608,6.344635,29.83506255440194,48.428078,18.142921,0.9053055984618923,1.6625036,0.18168491
2021-11-13 09:00:00,17.703515701723802,22.854156,8.705719,18.95468016700802,39.589012,10.553855,0.8186419575353834,1.7456634,0.110428706
2021-11-14 09:00:00,16.398681127369798,21.309723,8.232819,16.212850170227064,37.228733,7.3891325,0.5134848364190887,1.0322065,0.07857735
2021-11-15 09:00:00,17.243787666807464,22.278961,9.364899,15.9582491499558,37.29308,3.8016262,0.5071258340851366,1.5989419,0.024941776
2021-11-16 09:00:00,15.515848277135262,21.342438,5.297516,18.68729626742455,36.139454,10.022222,1.1697724108549952,2.357917,0.1952223
2021-11-17 09:00:00,14.085180603880076,18.917633,5.435211,26.682888594453978,39.140785,15.793127,0.6770177837146945,1.5619605,0.04019835
2021-11-18 09:00:00,14.696241034379568,19.771393,5.0018616,25.26652218731481,36.885235,17.037323,0.5889479898561615,2.121521,0.028523343
2021-11-19 09:00:00,14.680201931474869,20.764801,4.27652,27.819445633181054,50.186943,6.796318,1.1172111530909814,2.1652899,0.17122155
2021-11-20 09:00:00,14.639566248789947,20.382477,4.507477,32.125594345964885,51.686703,19.485308,1.1402138730795581,2.627546,0.04935765
2021-11-21 09:00:00,13.81364550507601,19.360992,4.091461,25.17956495849788,44.888523,13.907094,1.2368534277954848,2.3032353,0.32348812
2021-11-22 09:00:00,15.41067938808925,21.429352,3.4293518,14.712406356570163,24.72789,8.067735,0.775395444004524,1.433236,0.21837215
2021-11-23 09:00:00,14.161460107022322,20.515778,2.1251526,15.771717541060399,24.557034,7.3253765,0.7106692720645631,2.3976822,0.12771744
2021-11-24 09:00:00,12.76229400837542,18.91568,1.9571838,21.245075780948042,37.60323,9.939396,1.1070028079901693,2.026057,0.057404537
2021-11-25 09:00:00,13.210707464739244,18.026093,4.126129,10.870228833268541,21.217625,4.006687,1.0174716951904814,2.5585015,0.16142073
2021-11-26 09:00:00,14.876418648574372,19.977692,6.0675354,10.864398722163674,30.702328,1.9028053,0.5762597890143307,1.1171286,0.1140145
2021-11-27 09:00:00,14.58170072591031,18.380219,7.300934,13.29363529227544,28.099623,2.7940712,0.5076597820512512,0.8639136,0.05518306
2021-11-28 09:00:00,16.59644125416048,20.716827,8.542999,17.05836907942055,35.831417,7.8746576,0.382375578803877,0.84293514,0.07233814
2021-11-29 09:00:00,17.949544513101443,21.896149,10.616852,17.666087053755266,37.06114,5.9675274,0.6996299421890733,1.6769747,0.22726288
2021-11-30 09:00:00,17.712885183627748,22.46109,8.173981,20.90789732690788,38.361637,9.586998,0.9403434025010313,1.774531,0.29910618
2021-12-01 09:00:00,17.70454480222992,21.76651,8.104401,19.168119993546807,36.408066,11.990095,0.8458599365915214,2.2008243,0.080187604
2021-12-02 09:00:00,18.67574368717004,24.194244,8.793854,18.36437169322849,30.970905,13.219918,0.48233165106177567,1.0270116,0.031913433
2021-12-03 09:00:00,16.530780857768832,22.457428,7.646881,19.844106451355508,28.370728,12.395005,0.5761493392894982,1.4609017,0.17345746
2021-12-04 09:00:00,15.158823138981802,20.12201,5.852478,23.702894231168344,32.690826,15.678933,0.7124664361532954,1.9395019,0.02756153
2021-12-05 09:00:00,12.751284433793899,16.750061,5.836151,17.89654349289996,28.46328,11.959374,1.0672937035888892,1.948202,0.31732535
2021-12-06 09:00:00,11.187985761015739,14.588654,4.6117554,20.495519361580484,32.557056,9.982818,0.5970141464607671,1.3639491,0.11287533
2021-12-07 09:00:00,10.007546126929128,14.764313,2.3072815,33.24740885531167,55.539032,18.609344,0.5443196590371112,1.2895445,0.12305801
2021-12-08 09:00:00,10.229290352125702,15.463226,1.4294128,48.93122413010679,68.74724,35.698494,0.3409839301618249,0.9238197,0.068637505
2021-12-09 09:00:00,11.416267512280797,17.544708,0.51345825,70.35171388236458,81.07983,55.548576,1.4154437834025282,2.5551662,0.4237481
2021-12-10 09:00:00,6.6398369804311415,15.28775,-6.014984,42.74319943453719,75.171425,26.921425,1.154168223934221,2.2615333,0.05391326
2021-12-11 09:00:00,8.056430550344317,14.957916,-4.172943,32.14889925039413,56.396782,11.1702175,0.6032272162353246,1.4122868,0.1219562
2021-12-12 09:00:00,9.556573873734578,15.664459,-1.1463318,30.57731741173875,55.123886,11.232373,1.1233002074992626,2.951798,0.11501805
2021-12-13 09:00:00,9.751539916945376,16.337555,-0.03744507,51.740593431228966,85.49725,18.070732,2.086088938491533,3.5688486,0.6024117
2021-12-14 09:00:00,7.50790246918865,15.079498,-3.9910583,85.6927385533296,98.78608,73.8561,3.024747291232521,4.3207245,2.007189
2021-12-15 09:00:00,2.8341859999687244,10.130768,-9.558685,57.439332292860804,67.805405,35.579865,0.8813610826389136,2.046754,0.11270266
2021-12-16 09:00:00,5.383292476444808,12.606781,-6.1702576,62.1263611200562,84.4402,47.936295,2.0720125160572813,3.6183205,0.7543205
2021-12-17 09:00:00,5.855291556642214,13.277496,-6.880707,34.626834218635345,58.67856,17.813726,1.5094033259135509,2.6214337,0.34609914
2021-12-18 09:00:00,6.40069267864709,11.817841,-4.470001,22.792459413366224,50.487675,5.820179,0.7303014573726736,1.2042863,0.04437494
2021-12-19 09:00:00,6.619416822754943,11.733276,-3.7315674,14.682771598457686,40.461025,0.0039930344,0.6927173558272536,2.183052,0.05306106
2021-12-20 09:00:00,7.499635125258749,14.491974,-7.0959167,10.6092467453151,31.284245,0.91367245,1.0029718455589673,2.959159,0.11653905
2021-12-21 09:00:00,5.501223998435307,11.347748,-6.804596,10.6751220606064,25.714367,0.9987545,0.9042999074301344,2.552977,0.05703558
2021-12-22 09:00:00,7.325235126530401,13.596222,-5.7972107,21.577774060377973,36.29899,9.681801,1.0490621583550501,2.4590364,0.15083936
2021-12-23 09:00:00,8.453434626653745,14.587616,-2.3070374,86.28265482497147,97.89064,64.26057,2.2952242021810045,3.7102234,1.1906098
2021-12-24 09:00:00,8.438713924077888,15.444824,-3.3072205,77.61274397771626,99.25224,61.638733,2.2042512507219127,3.7686293,1.0486088
2021-12-25 09:00:00,7.425528937417255,15.287201,-4.0194397,60.03839741506708,90.26083,26.598677,1.2168538407191265,3.2140276,0.22296023
2021-12-26 09:00:00,4.7236693206315294,13.291718,-8.971954,56.267486980209966,71.00047,45.668438,2.093997291728445,4.497848,1.0089636
2021-12-27 09:00:00,4.011707169943804,12.094849,-10.116821,62.51034971105948,79.397644,38.924988,1.4261113552851699,3.233133,0.49445835
2021-12-28 09:00:00,3.261307530912063,11.96109,-9.386566,78.61506663564889,89.79701,52.88738,1.2776650677180472,2.7048485,0.14633457
2021-12-29 09:00:00,2.8303501863391602,10.499237,-9.318665,80.61655423707545,95.26852,60.43395,1.5113552357892805,2.6073494,0.6150571
2021-12-30 09:00:00,4.837805105075859,11.199951,-6.732605,80.22760107531762,96.70164,67.81492,0.8601174966275947,1.458297,0.20775084
2021-12-31 09:00:00,6.57491886092015,13.225861,-6.233124,62.463181828425185,84.126854,43.031242,1.344033019379344,2.3646698,0.018825725
2022-01-01 09:00:00,4.660238926109514,11.932404,-9.682159,35.62952298840623,69.970695,7.212885,1.604047006423917,2.8686464,0.061561488
2022-01-02 09:00:00,6.1889340081300475,11.920013,-3.9178772,24.51868023081826,46.847145,2.0927706,0.7898924035302437,2.1590652,0.18572502
2022-01-03 09:00:00,8.773017530683205,14.394684,-4.7478943,24.211166561720688,45.886475,11.433981,1.0400525091329555,3.3514156,0.08646864
2022-01-04 09:00:00,7.591138522748224,14.13327,-4.879181,41.553105142840245,59.95195,17.778923,1.0072552738475749,2.8369572,0.17187358
2022-01-05 09:00:00,9.920506364657683,16.525085,-3.1783142,47.80255239625208,63.379154,35.502014,0.9639245714842087,1.7640295,0.18139502
2022-01-06 09:00:00,10.96726690923714,16.43991,0.8635559,45.26121099725656,61.851326,36.29831,0.8436816176085603,1.314085,0.17912501
2022-01-07 09:00:00,11.00548734147958,15.7535095,-0.93984985,31.752403780826356,43.91219,13.247099,1.0153458314758994,2.5092072,0.16841213
2022-01-08 09:00:00,9.014121464708182,15.967926,-4.782074,36.73386220278437,60.153954,22.485538,1.210289820860206,2.320988,0.34342974
2022-01-09 09:00:00,7.766076873979159,14.957245,-4.5627136,23.18419917423495,49.254173,14.394799,0.8974553815127001,2.0833824,0.076680504
2022-01-10 09:00:00,10.295311472151525,17.106476,-4.2118835,24.358795095887942,54.951813,7.293598,0.6999123076682143,1.2374833,0.09137781
2022-01-11 09:00:00,10.896896998976274,17.476776,-2.1384583,24.70105281483016,50.538002,10.889992,0.6645977835551183,1.7976269,0.13056101
2022-01-12 09:00:00,11.481838317985762,17.299255,1.3695679,20.27000570134578,52.88255,6.441144,0.6790004880367533,1.6196717,0.13051207
2022-01-13 09:00:00,12.32010620770734,17.415497,1.245575,15.979844369054012,36.75851,6.0927706,0.7163318689507786,2.1225758,0.11619121
2022-01-14 09:00:00,11.25181503732614,16.514801,0.76675415,18.361246379551776,43.192333,3.8826418,0.9389146988801924,1.610896,0.2147233
2022-01-15 09:00:00,9.177421123092529,14.967133,-4.2867737,23.5809610529038,47.013912,11.87613,1.24185159238869,3.0387363,0.06662206
2022-01-16 09:00:00,10.516984158007233,16.040009,-0.56155396,26.146487862338283,50.47498,12.521853,0.5021306854859853,1.2547181,0.0067702536
2022-01-17 09:00:00,11.9503307004112,18.179382,1.3278198,38.55617388174515,57.57237,21.259218,0.5599490409675987,1.2905574,0.079299785
2022-01-18 09:00:00,11.420876827050279,19.231476,0.23342896,54.42755416600954,82.3555,28.53909,0.8369832050910626,1.6006854,0.06613898
2022-01-19 09:00:00,10.832778629102393,18.562042,-2.361786,44.78922205581989,59.265255,36.589474,0.7363234537685535,1.3147173,0.05926887
2022-01-20 09:00:00,11.255691597482496,17.045258,0.1446228,32.675861763178524,50.26019,16.740658,0.8261431381449142,1.7662894,0.10683333
2022-01-21 09:00:00,13.308483915253362,19.094269,3.5513,29.561015029476522,51.04538,7.9672537,0.9261660257002317,1.628462,0.19645698
2022-01-22 09:00:00,8.841327181917563,17.117157,-8.383759,26.544035222178366,63.789776,8.3819065,1.5469985987983295,4.0457044,0.35889947
2022-01-23 09:00:00,10.71092487778185,19.26715,-4.700989,24.87393782764517,45.802567,12.263506,0.943133062193557,2.7012339,0.17788781
2022-01-24 09:00:00,12.683122676733035,19.86914,-0.6738281,22.38559100247494,45.833076,6.3806047,0.5045453191918141,1.2500737,0.14477646
2022-01-25 09:00:00,13.055125094957646,18.815308,3.9227295,26.351160954950725,47.91896,5.4528837,0.8874822555846922,1.480478,0.07978454
2022-01-26 09:00:00,11.064858010027763,18.569489,-4.3211365,25.283945389700847,37.544945,16.067081,0.7262770380518163,1.38023,0.0060847113
2022-01-27 09:00:00,12.305728834170623,20.279144,-0.3360901,25.5237377964608,41.797157,15.793252,0.754586487301288,1.7306005,0.12154415
2022-01-28 09:00:00,12.441081445956797,20.394257,-2.6721497,22.255856458747367,46.49869,8.0768175,1.004856528995528,2.5987303,0.14877129
2022-01-29 09:00:00,12.176191422664033,20.27121,-2.4006653,21.530547421947354,37.537697,8.545507,0.6689533535274625,1.567921,0.059609305
2022-01-30 09:00:00,11.203846714917745,18.250732,-0.67700195,20.309549360755902,40.89708,7.872157,0.3552392679664938,0.97025675,0.017331468
2022-01-31 09:00:00,12.79933652107718,19.213806,2.5204468,23.011891281218357,38.660587,10.613712,0.8541356397641939,1.6742449,0.06499577
2022-02-01 09:00:00,10.09247469660346,16.130005,0.13000488,27.509508315500373,49.707787,8.769078,1.2522717902009777,2.694259,0.10265733
2022-02-02 09:00:00,7.5833628067807695,15.527191,-7.9493713,21.26718815988937,49.27924,3.0995512,1.841086321456966,3.7481556,0.19878927
2022-02-03 09:00:00,8.953668282057833,16.319336,-3.585785,25.503577066988136,44.572456,11.265964,0.9613775326687585,2.1904316,0.10528765
2022-02-04 09:00:00,10.057569480189613,17.282135,-2.735443,35.171920545235785,54.057785,24.798708,0.7582225191923656,1.8855078,0.17586493
2022-02-05 09:00:00,12.461812970428241,20.509125,-0.75845337,30.400947649552172,47.20173,19.170477,0.8461181864626737,2.000539,0.21050934
2022-02-06 09:00:00,12.637150826097866,19.25003,0.3340149,18.918584657533582,40.230225,5.3196297,0.9310588518474429,2.3590837,0.12072721
2022-02-07 09:00:00,14.461692034020984,20.958893,1.710846,17.58297004863516,32.120285,5.59443,0.625025379408076,1.2007595,0.10443495
2022-02-08 09:00:00,15.569428821746612,22.822357,4.431732,19.648359455610695,41.03981,7.149184,0.7044691249194942,1.3398998,0.15838434
2022-02-09 09:00:00,16.050946643994507,23.388336,2.5133362,20.748003162185938,41.136555,10.83364,0.9752502254471828,2.4237196,0.17137435
2022-02-10 09:00:00,16.701850531712523,24.464508,2.6949768,20.545791651840933,42.765965,8.19905,1.2990942501817475,2.7003741,0.20617539
2022-02-11 09:00:00,19.093864857269637,26.497223,5.749176,19.11124892439379,41.96238,8.587379,0.6993590255346691,1.5312089,0.17232805
2022-02-12 09:00:00,19.148891293217275,26.76889,5.405609,18.167414105156023,37.63524,7.891222,0.6645748636718459,1.1779355,0.060349256
2022-02-13 09:00:00,20.66261242854796,29.537018,5.554596,17.522057755329467,34.96812,8.759391,0.6851748393155359,1.4405558,0.17414212
2022-02-14 09:00:00,19.845855505565964,29.008148,5.0882263,21.32830208135403,36.0617,12.567708,0.7275314987837245,1.5450137,0.1118759
2022-02-15 09:00:00,16.590464715167798,26.526764,2.763092,34.76946482794386,51.199814,23.516228,2.6630267669818015,4.3098416,0.5830511
2022-02-16 09:00:00,9.266297430172017,16.216644,-0.7055969,31.503661480761735,55.09127,20.345179,1.5920589292386647,3.5830607,0.18760605
2022-02-17 09:00:00,11.603693144180397,19.446686,-1.2037048,28.646354944939507,37.30452,19.81324,0.8730371913990247,2.416554,0.12511538
2022-02-18 09:00:00,14.087218503034933,22.963226,1.4554138,25.212037670299956,33.6723,20.612047,0.44148164457797096,1.0534625,0.04605903
2022-02-19 09:00:00,14.095796600417316,22.134491,0.7458191,20.012799159500773,30.768013,9.678168,0.7443147266516645,1.7347236,0.12923054
2022-02-20 09:00:00,16.260087590391834,24.806976,3.49057,24.323668035445756,37.966858,16.633068,0.569831823586371,1.3689412,0.11364875
2022-02-21 09:00:00,14.12154431861569,23.889801,-0.5359802,29.805250639485813,57.013004,4.8676996,1.8214418777883612,3.2816856,0.16680135
2022-02-22 09:00:00,7.567256587540157,17.000824,-7.7862854,61.63817169190033,87.42967,46.817078,1.9910683260387372,3.8449376,0.6889882
2022-02-23 09:00:00,2.448659991004263,12.262238,-11.767059,59.89125543527012,71.248604,40.87751,1.5462272998439572,2.9460957,0.23722278
2022-02-24 09:00:00,5.305497440951342,13.715424,-6.24704,29.92855743266172,59.651627,13.690691,0.7759157169252958,1.5638655,0.18877563
2022-02-25 09:00:00,7.579061406936148,16.00827,-4.968292,32.30328036717965,70.60846,14.924863,0.763426604247377,1.2373456,0.035968743
2022-02-26 09:00:00,9.802153786653037,17.79361,-3.464203,22.266044496821827,42.483448,11.255292,0.7453996638001722,1.4749106,0.12301461
2022-02-27 09:00:00,11.723646377607452,19.190094,-1.0462341,18.681222998262,31.20974,10.165902,0.6603360373047255,1.5460213,0.15356591
2022-02-28 09:00:00,15.192006392383519,23.266022,1.6800842,20.8886723348435,29.426079,14.447667,0.7398461769195983,1.2772233,0.0470294
2022-03-01 09:00:00,18.29246609073607,25.247559,6.54834,13.868444993838327,18.91269,5.783783,0.7331144901558453,1.4443543,0.055987224
2022-03-02 09:00:00,18.880241466696475,26.747528,5.009247,14.037333018795758,23.347397,4.916319,0.6808090348867115,1.4466507,0.09454586
2022-03-03 09:00:00,19.627651929605918,28.262848,5.641754,20.67433302753509,30.041737,11.330799,0.9669284398831446,1.9816715,0.10289094
2022-03-04 09:00:00,15.885753650519746,25.505676,1.986145,41.925398007873795,56.245174,22.53033,1.3700363680334828,2.9551785,0.15133323
2022-03-05 09:00:00,8.675920250305978,17.042145,-3.1805115,43.89461802374096,80.98146,8.985508,1.6941709882226839,3.2485015,0.5786172
2022-03-06 09:00:00,5.690365010643347,13.70108,-6.1582947,55.988804241369074,74.3059,40.442623,0.849699206211427,1.7913704,0.1992595
2022-03-07 09:00:00,9.026301926018562,17.499908,-5.2305603,36.12642429869943,53.21759,22.487122,0.8486607415922383,1.8009108,0.038147014
2022-03-08 09:00:00,10.918899399673137,19.549469,-3.4585876,30.431125349350413,39.42975,20.605528,0.8513383778291259,1.9247468,0.39653865
2022-03-09 09:00:00,13.660242628010849,22.798248,-0.6861267,36.85501112769816,54.23816,23.710938,0.6660361236846135,1.5144953,0.030713592
2022-03-10 09:00:00,14.110822095102264,23.491638,-0.47906494,28.84296192331649,52.216442,14.122693,1.7531586835267199,3.642555,0.10551777
2022-03-11 09:00:00,12.442401987269363,21.235931,-2.1320496,18.66351574615955,38.79212,8.510871,1.0400594177100382,1.8926018,0.30942932
2022-03-12 09:00:00,15.99278945912846,24.534454,2.311798,18.57548355190439,39.833527,7.6100235,0.4358356471677478,1.0914508,0.022378538
2022-03-13 09:00:00,17.037200449867612,26.463287,2.303131,26.929801070298538,43.632465,16.567375,1.690950056347953,3.1017168,0.09779013
2022-03-14 09:00:00,14.904126397722962,23.240814,1.9610901,25.542360349409336,43.74053,5.610404,1.369644154052502,2.4352605,0.14425221
2022-03-15 09:00:00,17.316201391178936,25.692291,4.295807,32.387924290429495,54.24619,9.480563,1.1723639261262335,2.264542,0.026795702
2022-03-16 09:00:00,14.17918400046392,21.387299,1.7330017,37.458446877242245,58.940735,22.030577,1.780125546893663,3.8050287,0.06247228
2022-03-17 09:00:00,15.911794201066073,24.524567,2.0206604,30.320722638267092,49.832363,13.332801,1.1652253224046132,2.225535,0.15729712
2022-03-18 09:00:00,15.695745561795036,24.17862,1.5985413,28.68859105153694,39.314846,22.240627,0.9851025798703756,2.170296,0.104645215
2022-03-19 09:00:00,18.041268867629356,26.983307,3.9754944,31.619274792032,43.4883,19.624283,1.1075462512047822,2.7072387,0.14395328
2022-03-20 09:00:00,10.212185391340142,19.384674,-2.6719666,40.3263010331186,78.01016,21.639069,2.1453495794004773,4.2650356,0.16804323
2022-03-21 09:00:00,14.768962238081997,22.447418,2.700592,27.58160217553294,51.972897,18.411926,1.4152980230024352,3.0291822,0.16018239
2022-03-22 09:00:00,17.577603681858704,24.625885,4.565338,36.49189996188797,52.365417,29.18573,0.8925277814962917,2.1236587,0.09838651
2022-03-23 09:00:00,21.063835775120026,29.610504,6.5069885,34.85328459261935,42.212574,29.648323,0.330097388329173,0.6673853,0.09508403
2022-03-24 09:00:00,23.144131731329423,32.555573,7.1683655,33.214917909377775,40.8356,25.030914,0.6530863150546572,1.556454,0.03349417
2022-03-25 09:00:00,23.990337278998027,33.202545,7.993561,27.944191800086326,35.610783,19.818779,0.8604582068475547,2.1467407,0.10272299
2022-03-26 09:00:00,23.162005960108104,32.154938,7.6490784,29.385027766307477,38.45717,18.13908,1.08047465406669,2.392788,0.055437084
2022-03-27 09:00:00,22.583192964914872,32.887848,6.8468323,18.126049397901742,38.747753,3.5034142,1.5847414367171606,3.487596,0.57848084
2022-03-28 09:00:00,18.37828974941459,28.875519,4.7329407,27.055819117857606,40.07929,10.805852,2.030740795695802,4.155338,0.33208314
2022-03-29 09:00:00,10.309702788735194,17.266998,-0.5044861,68.99485453771868,81.55363,57.62318,1.1596581499211982,2.1652517,0.054760713
2022-03-30 09:00:00,13.477161816084731,20.218658,3.169342,49.890085964514846,83.5419,22.285885,0.771717729716023,1.8287873,0.14924082
2022-03-31 09:00:00,14.918157285836514,22.812653,2.6056213,46.88921926872479,85.01889,28.604824,1.5560066700689599,3.3276985,0.18252444
2022-04-01 09:00:00,15.404897650196972,22.311188,3.4986877,45.27825837094601,60.98445,29.51593,0.907752674668575,1.8244926,0.07209706
2022-04-02 09:00:00,18.907278451338698,26.537506,5.926178,40.787502149154605,49.30871,32.00402,0.9696864384364311,2.2803164,0.14901999
2022-04-03 09:00:00,19.766237756382566,28.593658,5.9256897,33.62255248292238,63.823574,10.553028,1.4056704322742752,3.1628358,0.104779124
2022-04-04 09:00:00,19.877046049020123,29.312408,5.3334045,17.307251800489247,37.1898,3.1328115,2.3457402095066584,4.564801,0.46406254
2022-04-05 09:00:00,18.50188545009695,25.505768,7.050934,38.69479595367118,47.577408,30.26961,2.6361445950915456,5.145744,0.38662767
2022-04-06 09:00:00,19.08789260052697,25.301422,7.6315002,25.09831214933083,45.920822,10.0341,1.7787692306087437,3.633205,0.13159057
2022-04-07 09:00:00,22.53114394425046,30.333405,8.319733,20.768234774947718,41.329933,7.1150913,0.4857073637804912,1.5390712,0.09282384
2022-04-08 09:00:00,27.043372586571024,36.855377,9.978424,22.768824902573446,42.574436,13.66428,0.8058550784596338,1.9375532,0.10353362
2022-04-09 09:00:00,25.45458091482118,35.82315,7.6766663,18.617933946615963,31.00922,6.349556,2.3664772628145605,4.7556953,0.11870742
2022-04-10 09:00:00,19.244269920355862,27.39981,4.7845764,16.795503737250783,39.500374,1.1813889,2.527995378353588,4.593838,0.35266584
2022-04-11 09:00:00,15.76913962246556,24.567047,0.565094,29.168549918523183,48.84796,14.000305,2.5142616559826916,3.8217757,0.58818465
2022-04-12 09:00:00,8.763907220164015,16.847809,-3.4803162,32.811853867085176,58.121178,17.984459,3.267964910323087,5.3350487,0.871643
2022-04-13 09:00:00,10.22412903185608,18.763092,-3.9341736,24.385755095573018,37.823017,11.479528,2.3586669497367256,4.1402516,0.460324
2022-04-14 09:00:00,12.533136558759338,20.689117,-0.9900818,40.800237288565405,56.726517,24.042921,1.7757577463281276,3.1591835,0.24271551
2022-04-15 09:00:00,13.941626885329299,21.792145,1.4298401,57.588746378442615,77.587395,34.20851,1.9199178181017542,3.3126612,0.39879465
2022-04-16 09:00:00,17.751925644557218,26.681793,3.070465,49.70014797449603,54.84014,35.50811,1.4051215846473415,3.2933798,0.41613895
2022-04-17 09:00:00,15.81795603165665,22.955963,3.775299,27.562411022101898,50.251762,14.341605,1.0953137083114273,2.594476,0.09796665
2022-04-18 09:00:00,19.78724339122124,27.605621,5.7169495,21.925092446183918,41.146206,8.574325,1.3962314909307116,2.7868035,0.07968494
2022-04-19 09:00:00,19.24087735649846,29.246735,4.8268127,36.990677130971754,50.57424,15.6015835,2.133576152225439,4.0630264,0.42270356
2022-04-20 09:00:00,15.49827048004721,22.315582,3.549469,51.699212856512645,68.84073,35.055573,1.8288680000003825,3.1814797,0.37017745
2022-04-21 09:00:00,18.273000903778325,27.355621,3.7618713,41.852929351764736,55.47942,30.326885,1.7763924970218181,3.4969285,0.1531021
2022-04-22 09:00:00,12.131347236727606,22.007233,-2.1646423,72.70318968032339,91.22122,49.43216,1.4226040643937914,2.386943,0.63159907
2022-04-23 09:00:00,13.065107243324292,22.229889,-1.018158,39.82752829054243,54.394794,22.531513,1.891271072881341,3.5429096,0.42989746
2022-04-24 09:00:00,16.220925770665872,24.793854,2.0223694,32.00659910321674,43.41864,16.285826,1.2752104278038368,2.180319,0.23550557
2022-04-25 09:00:00,20.123889146173894,29.025787,5.483307,25.951005178842024,41.813957,9.837397,0.7349264006296272,1.4154406,0.10937357
2022-04-26 09:00:00,22.580575264956224,32.207184,5.7794495,24.381739929098867,36.75145,15.985826,1.7351595074882142,3.4994106,0.24608308
2022-04-27 09:00:00,18.763195768655237,27.897125,4.7762756,22.746041387653044,45.826225,5.5215397,1.9600646881394979,3.7213569,0.37915868
2022-04-28 09:00:00,19.062736003678538,28.592438,4.3658752,22.719444509806003,42.930695,8.004911,2.505007358580391,4.6051326,0.43029597
2022-04-29 09:00:00,16.451759621981296,23.598541,5.620514,20.183338183927855,35.953835,13.1413355,2.190674120386482,4.129052,0.08784303
2022-04-30 09:00:00,19.70716790761594,27.352936,6.6771545,23.419528998109687,40.946457,12.117946,1.6103888362234695,3.112121,0.2142036
2022-05-01 09:00:00,20.957527300961544,30.175446,5.5816956,27.999144962860413,41.45779,7.948468,2.6714356325249646,4.9379067,0.5073769
2022-05-02 09:00:00,20.113503432682762,27.853912,6.3246155,29.31507688006567,43.93319,20.819906,1.4477644920604036,2.5308678,0.32075325
2022-05-03 09:00:00,19.64154227647191,28.800201,5.419342,20.66116718833758,40.19389,9.746306,2.3063153580829048,4.4855547,0.13654259
2022-05-04 09:00:00,20.639485102343997,28.441315,7.1044006,25.154033125999344,36.663467,13.915467,0.8113817145933755,1.3668654,0.063616745
2022-05-05 09:00:00,24.634056576271348,33.65982,8.671539,23.599811137736125,30.367188,18.352022,0.9274509435155279,2.093578,0.0985553
2022-05-06 09:00:00,24.73347906533371,34.27774,9.267731,29.08954839806929,38.80987,23.462215,2.389806714378418,4.677473,0.35584256
2022-05-07 09:00:00,23.70170601310764,32.44449,7.9444885,30.058714777430158,49.95858,10.30658,3.001692033622106,5.287211,0.7180492
2022-05-08 09:00:00,18.28310367731501,27.041656,3.442047,30.64132958672283,48.12288,12.405195,3.5423117516606473,5.784647,1.0482444
2022-05-09 09:00:00,11.475555044666464,21.715973,-4.239105,37.75757896291158,51.770855,20.491129,3.58233974506708,5.138906,1.563224
2022-05-10 09:00:00,11.608164844436942,21.848541,-4.4952087,37.34483807922187,57.057434,23.780088,2.4165378709361316,3.4976196,1.0977122
2022-05-11 09:00:00,10.832787700509073,19.462067,-4.5574646,34.96473820330799,45.64505,23.373817,2.734177433728424,4.561931,0.7904557
2022-05-12 09:00:00,15.681491815312825,22.846588,3.197174,28.87186015954425,36.54876,19.53704,1.9493606719767838,3.4059932,0.49476874
2022-05-13 09:00:00,19.29792426907767,26.0065,7.2916565,23.11443835726234,35.21411,14.815668,2.125356143726355,3.9838707,0.23800209
2022-05-14 09:00:00,23.137484104460384,29.992584,10.889801,24.728970038119954,34.727406,17.06725,1.8905409410044327,3.9763045,0.13076916
2022-05-15 09:00:00,25.851319953557947,34.19742,9.731842,29.504662453435067,41.78192,17.303274,1.3492221337790655,3.020112,0.30002806
2022-05-16 09:00:00,26.409861610570488,35.697662,9.230621,25.01250366519189,38.200462,12.442651,2.7052027519994692,5.381329,0.53263164
2022-05-17 09:00:00,23.481025445043713,31.301178,9.564117,18.53301053355325,38.28342,3.9807272,2.137443874752808,4.2962823,0.4788549
2022-05-18 09:00:00,25.332873481779075,32.37271,14.08609,18.639068116814496,24.839256,12.725974,2.0124007039453504,3.7492137,0.27233613
2022-05-19 09:00:00,28.41497133351271,36.268707,15.001129,21.8572122536306,30.959087,12.17146,2.200664926028786,4.383519,0.17815816
2022-05-20 09:00:00,26.82615311237356,35.84854,11.856354,23.88687643208393,40.90837,13.585471,3.090377220495453,5.4857926,0.8051992
2022-05-21 09:00:00,22.104527640568847,30.20816,9.381989,24.151373888096288,33.52456,16.596714,1.0940276619032678,1.8281924,0.33727622
2022-05-22 09:00:00,23.53657941208644,31.858551,10.418854,20.519660780970742,33.350876,14.00322,1.4016121588848562,2.6417632,0.4544656
2022-05-23 09:00:00,25.447138185877577,33.778717,11.9496155,22.61759284955971,38.30136,13.573358,1.743399997336047,3.6521173,0.3806485
2022-05-24 09:00:00,26.493942443796755,34.481354,13.52359,25.012603666809177,34.635887,19.631979,1.5223418928120875,2.9751582,0.14928582
2022-05-25 09:00:00,29.711629505657072,38.15103,15.820953,19.907469330703663,29.839478,12.322743,0.8463001132627818,1.8667516,0.17930396
2022-05-26 09:00:00,31.072918980750956,40.7919,16.120026,17.411960564654105,27.650288,10.923726,1.548981596328723,3.5551789,0.26945537
2022-05-27 09:00:00,27.951800582930048,38.472076,13.323639,26.476349281620305,32.90477,13.514469,2.264516699445088,3.8440475,0.7140407
2022-05-28 09:00:00,24.524891454147223,33.463776,11.344635,36.89283371470646,46.154823,24.920414,2.621257951896518,4.739912,0.70911777
2022-05-29 09:00:00,22.02308676574802,30.759674,8.865143,32.98288905905346,51.285145,14.195302,3.283786050437412,5.3767276,1.170352
2022-05-30 09:00:00,19.97591584400709,27.848785,6.8331604,25.962389459214094,36.75274,17.884048,2.557593154884587,4.459162,1.0321579
2022-05-31 09:00:00,20.771480713719768,28.868073,7.242096,26.300428051504902,34.665394,18.45533,1.8366132662648536,3.6142504,0.29911363
2022-06-01 09:00:00,23.936594427337468,31.417633,11.782867,22.988124466198112,31.674719,17.821716,1.051893148295227,1.8871307,0.15971415
2022-06-02 09:00:00,27.841086439279934,36.270416,13.778229,20.03078616105509,26.611969,15.6892395,1.515276351493434,2.900626,0.62576854
2022-06-03 09:00:00,26.998008785266677,36.39151,12.168854,24.210246700459198,29.543373,18.812904,2.3879977096456866,4.5539494,0.41166732
2022-06-04 09:00:00,25.431186406316215,35.666656,11.185699,33.674476762666856,41.85469,16.307085,2.4249328995085384,4.3790984,0.8843378
2022-06-05 09:00:00,24.30468063658958,32.589264,12.215729,44.03147619746983,61.459915,31.677917,1.7882599641698085,3.3177567,0.63457555
2022-06-06 09:00:00,26.01589063786173,33.552643,14.500397,29.475778354149487,51.56477,11.8384285,2.5157767514902765,4.570154,0.6791211
2022-06-07 09:00:00,27.343868742243046,34.1127,16.410065,12.51998920643731,28.409378,1.0539103,1.901939775994437,3.7787597,0.47053596
2022-06-08 09:00:00,29.44210587991654,36.746002,17.384186,13.155121028932886,26.79886,1.6983242,2.190947254520523,4.3255005,0.682141
2022-06-09 09:00:00,29.19476864022357,36.210846,18.066803,25.451369142187286,35.043304,15.061392,1.9278060125259926,4.0452604,0.4982675
2022-06-10 09:00:00,30.743323710439995,37.632233,19.137115,31.133353795499513,35.82846,23.87356,1.7964181159849302,3.413434,0.5602856
2022-06-11 09:00:00,33.13360475778052,41.33853,19.092438,20.014734747834716,28.661278,14.351842,2.171115652720311,4.2287793,0.30119812
2022-06-12 09:00:00,32.92930336281438,41.466217,18.350983,18.480837906800847,25.329641,13.696829,2.4891240726688055,4.273152,0.28428686
2022-06-13 09:00:00,27.336973965481434,36.969635,12.7430725,31.011079097599556,57.321083,9.050065,3.6099635627472906,5.885856,1.240255
2022-06-14 09:00:00,24.00678547279705,30.78775,13.440338,14.690723176195798,22.874763,5.818203,2.5185391581398773,4.5607324,0.557639
2022-06-15 09:00:00,27.061474567692073,33.844147,16.45523,15.679045716690347,25.813293,6.9951687,1.6368903336829566,3.0492623,0.21134964
2022-06-16 09:00:00,30.30835799880083,37.68228,17.354156,13.568113445520416,17.80389,9.492571,2.1388357388903794,4.273868,0.44816774
2022-06-17 09:00:00,29.178474756084313,37.82022,16.072174,14.42707373021784,22.391827,3.7205925,2.645032178901835,4.024803,1.016824
2022-06-18 09:00:00,19.264209465901672,27.587555,6.3434143,37.28015736428942,49.953102,20.667946,2.2936614745058863,3.5993397,0.87404746
2022-06-19 09:00:00,20.030393783117404,28.35025,7.4969788,29.738640787544547,40.721615,10.619616,2.3228424085883677,3.9128408,0.86203825
2022-06-20 09:00:00,23.611204682308085,31.04361,11.377594,27.274303415732348,32.165356,22.385506,1.4823040679715647,3.0459046,0.062510066
2022-06-21 09:00:00,27.631592277583252,35.371246,14.793854,16.13816364358774,19.572115,11.032313,1.14434798638911,2.6092744,0.030796772
2022-06-22 09:00:00,32.369212192209204,41.45645,17.261139,12.92259414441912,18.968988,9.50577,0.9539535985987083,1.7903262,0.38682565
2022-06-23 09:00:00,27.364474904339545,37.058258,13.091217,20.736188458646783,38.818047,12.283244,0.7936141956497642,1.4848377,0.16435547
2022-06-24 09:00:00,30.058606433611544,39.930817,15.6683655,25.64141757013178,36.489773,20.521023,1.0085301968065543,1.9711632,0.31013924
2022-06-25 09:00:00,31.584002131390548,41.35733,17.165436,21.86189972524714,30.088589,15.061245,1.202170029784901,2.9215407,0.1334471
2022-06-26 09:00:00,32.632516899665745,42.416412,17.644928,18.646107428544358,26.15067,13.789859,1.2764087781383948,3.0925498,0.25640514
2022-06-27 09:00:00,33.80227203396589,42.54117,19.539215,17.02427152459918,25.401623,11.906662,1.6635368365633219,3.7510695,0.5392741
2022-06-28 09:00:00,34.388952293755835,42.97769,19.921051,15.26601322562323,29.68653,9.6165695,2.102033974225427,4.3610077,0.2966092
2022-06-29 09:00:00,33.70338915116872,42.703278,19.312653,17.076772445019614,29.236837,10.451484,2.0031598117934046,3.938139,0.5069155
2022-06-30 09:00:00,31.505690416784773,40.96646,17.232086,14.965281914967319,24.991247,5.022497,1.926605464958709,3.3125148,0.61654454
2022-07-01 09:00:00,29.65152697805422,37.812164,17.351715,16.620029612467786,24.741228,8.950398,1.7871420102262245,3.5309293,0.460693
2022-07-02 09:00:00,29.8906068504142,38.239655,17.257233,24.71781538616904,30.552578,11.312455,1.9842743010243742,3.766772,0.78302836
2022-07-03 09:00:00,27.41919997612075,36.453033,15.10733,22.271350472855243,28.9456,14.6543,2.3803353308360897,4.320344,0.7422159
2022-07-04 09:00:00,24.94205483950526,32.469635,13.879059,30.142423526033298,41.249916,20.959484,2.282137506180649,4.3287234,0.8878275
2022-07-05 09:00:00,26.619885592335265,33.8544,15.233551,41.88102915673144,61.270767,24.29811,1.875545809920378,3.7012043,0.93773484
2022-07-06 09:00:00,27.988199069707605,36.916412,16.037506,45.4872385656443,68.57642,15.241982,1.8301537381514064,3.7322366,0.6510971
2022-07-07 09:00:00,27.869598424023877,35.415436,16.45816,43.17661950492838,62.636917,14.871593,1.7762044709668912,3.7658424,0.6907642
2022-07-08 09:00:00,29.333895803223754,36.03238,18.308502,36.820446604068465,53.43405,14.3313265,1.5388650862274469,3.2807019,0.59641033
2022-07-09 09:00:00,30.956276346982577,38.919098,18.653473,31.143679248652198,40.80522,17.55886,1.8626268702860365,3.7727842,0.6116189
2022-07-10 09:00:00,30.776822849931705,38.076324,20.109283,27.091390266128958,32.69812,15.655226,1.6540634624664963,3.6584206,0.3778603
2022-07-11 09:00:00,32.76876856124744,39.639313,22.264069,19.37756894842088,26.509262,11.067856,1.1332958463248755,2.5416355,0.14291564
2022-07-12 09:00:00,34.4816197125769,42.653717,22.21695,19.60704364968604,24.090076,14.028996,1.2985178259666847,2.7290168,0.35049704
2022-07-13 09:00:00,33.648788637299674,42.089752,21.490143,19.508708501956626,28.023304,10.348692,1.757658627523613,3.363788,0.5972374
2022-07-14 09:00:00,32.62474715771225,39.938873,21.325592,21.111816490555825,34.763863,12.931829,1.5763384046895876,3.3252552,0.3895921
2022-07-15 09:00:00,33.567537499794014,41.554108,20.932281,25.102552185737235,31.519604,20.644604,1.9071678904601346,4.017303,0.53986925
2022-07-16 09:00:00,33.78965017992476,41.888092,21.136139,25.62337525284535,37.23684,18.531559,1.415849084946235,3.3131254,0.12807544
2022-07-17 09:00:00,35.07215720190294,43.996735,20.388824,22.896034046517286,35.408604,17.365635,1.1673339364439743,2.2906578,0.27612302
2022-07-18 09:00:00,35.393015399509466,45.035553,21.910553,21.58583436274134,28.78984,17.25562,1.7202982103158904,3.3199255,0.4077141
2022-07-19 09:00:00,33.043438577102165,42.499176,17.751373,29.71825921333615,39.215675,24.829124,1.4374478215300905,2.8329806,0.6584293
2022-07-20 09:00:00,33.31171816448341,41.790436,20.089264,24.742561518677718,32.393394,21.455894,1.580725037486287,3.469311,0.6305124
2022-07-21 09:00:00,34.314289307649915,42.780914,21.771149,18.685129630363512,28.635132,13.142943,1.7884409301953683,3.8014524,0.7217713
2022-07-22 09:00:00,33.6794211927068,41.414703,21.211578,9.609081077013618,17.034548,3.4759312,2.46892757043752,4.619003,0.8923814
2022-07-23 09:00:00,33.452422137280905,41.257477,20.75357,10.909979573362113,19.219076,6.9573584,2.068904127362173,4.0596385,0.8936122
2022-07-24 09:00:00,33.190512436480674,41.6752,20.518951,13.352211727497416,21.955456,8.291194,1.3833205130960717,2.958099,0.67082953
2022-07-25 09:00:00,33.28576405805313,41.563385,21.477448,16.18990045948898,19.473534,11.979033,1.3523113263012496,2.8747635,0.43149713
2022-07-26 09:00:00,32.59557713747404,41.34781,20.535309,20.268756083142495,26.26894,12.1361265,1.4936741474957942,3.4309998,0.17066357
2022-07-27 09:00:00,32.37666925247095,41.054596,20.55655,24.422352485482676,34.12023,18.4757,1.4772879099068204,3.5610802,0.032803826
2022-07-28 09:00:00,33.13873169481775,40.742584,22.242828,21.399613307052263,31.723396,9.506743,1.4910226897692742,3.5015187,0.057616156
2022-07-29 09:00:00,34.192777940221674,42.07852,23.071686,17.20922913605715,26.424332,11.028295,1.3710287975405524,2.929615,0.39521655
2022-07-30 09:00:00,34.41716256027041,43.03067,21.978912,22.646695829748587,27.710922,15.308494,1.1016391326632464,2.61239,0.17525575
2022-07-31 09:00:00,33.465060075404836,42.08438,21.211334,28.060359390677423,42.084946,17.303698,1.1738725463917092,3.1239018,0.050777927
2022-08-01 09:00:00,29.802507527687,40.03067,14.735016,37.1042819310007,51.915432,26.263653,1.3965424090079552,2.437808,0.4995863
2022-08-02 09:00:00,30.35407679263193,39.32608,17.32901,40.030074601205314,57.213966,33.503193,1.5248252222267515,3.4275749,0.49396122
2022-08-03 09:00:00,32.4782932990517,41.327545,18.861237,37.43447857920785,49.139698,31.104542,1.4569879917134976,3.3609905,0.2546779
2022-08-04 09:00:00,32.87627870081485,42.157867,17.420563,39.26725954001492,60.017277,27.70108,1.0882143275994522,2.5393045,0.14069885
2022-08-05 09:00:00,31.36585448591984,42.420807,15.127838,48.915051149738545,83.11007,29.906944,0.9890948569783297,2.411187,0.1476825
2022-08-06 09:00:00,28.867355096857864,37.87442,16.442291,37.98529585552315,51.47274,19.89852,1.246022448321132,2.798047,0.3715375
2022-08-07 09:00:00,30.068527171936523,38.23355,18.411285,27.447790867540423,36.293602,17.636612,1.604513769021178,3.7676907,0.4405341
2022-08-08 09:00:00,31.39095872209674,39.102203,19.061188,29.008652825872986,37.93957,20.974728,1.7938398683911858,4.416461,0.2656293
2022-08-09 09:00:00,30.11920003021237,38.129303,17.094147,41.21350036393248,63.38747,24.115753,1.5881934776484063,3.872383,0.3902036
2022-08-10 09:00:00,30.08450824897085,39.756256,16.39273,33.97693506319569,51.648376,14.01074,1.7042455058232164,3.7208326,0.46533892
2022-08-11 09:00:00,29.704590945613063,37.668365,17.035309,33.200240973946336,46.925655,24.529335,1.5083076440304326,3.2711043,0.6414214
2022-08-12 09:00:00,30.823865642737815,38.587555,18.1503,27.691812892291065,34.10339,19.763546,1.798239729311372,3.8632584,0.5726619
2022-08-13 09:00:00,31.193419973664106,38.885895,18.053864,17.97805918408661,25.789547,9.307151,1.83213859005764,3.7454665,0.48759076
2022-08-14 09:00:00,31.470686650284904,38.978912,19.07608,17.53459906156181,28.47419,11.468431,1.6917816241196615,3.5570273,0.49188927
2022-08-15 09:00:00,31.799240392968215,39.346344,18.760406,16.871045689139397,26.791515,11.814776,1.4872600864480374,3.2443883,0.41550002
2022-08-16 09:00:00,33.16457811156948,41.378326,19.71817,15.341275004308162,29.661592,10.639919,1.0149308429193176,2.7264624,0.02788505
2022-08-17 09:00:00,34.269607978143995,43.657623,18.165436,18.06151693588174,37.46169,9.211181,0.8935807846436622,2.2876863,0.13517228
2022-08-18 09:00:00,32.79849262195228,43.08072,16.909088,24.572176956495674,48.496235,14.593878,1.1689480277413136,3.1016154,0.12086828
2022-08-19 09:00:00,33.181123230075684,42.435944,18.273834,21.618327517453174,36.14157,15.575163,1.612686087735589,3.5049634,0.23171158
2022-08-20 09:00:00,33.07413163746088,41.678864,18.362457,19.86094232023362,33.67939,13.719572,1.4427270148875184,2.9896455,0.35371396
2022-08-21 09:00:00,33.91500117013328,43.292145,19.934723,16.207581647623236,26.316622,6.7033405,1.4401966138557862,3.3106842,0.29910386
2022-08-22 09:00:00,33.04854079542628,42.675446,19.538727,22.665626123628975,31.350578,8.0054455,1.782807354069726,3.5554829,0.6673278
2022-08-23 09:00:00,32.41559668305814,39.727203,20.81314,16.41823126238683,25.176579,8.961734,1.7748633407211392,3.4289541,0.47752616
2022-08-24 09:00:00,33.27205675381572,40.712067,20.653473,21.6132666278882,26.08231,15.730846,1.3491537109244993,2.7850873,0.012876284
2022-08-25 09:00:00,33.85874086717047,43.26236,19.985016,20.15800006488392,31.459536,9.982928,1.5455374874269174,2.765384,0.3523258
2022-08-26 09:00:00,32.5173011141859,41.755768,18.437408,18.323951737048073,27.234661,3.9338808,1.3988492295195383,2.834951,0.2971166
2022-08-27 09:00:00,32.658764306779176,41.623444,18.512115,19.910743754255407,24.474167,16.591354,1.3804978608743632,2.6008053,0.38909078
2022-08-28 09:00:00,31.844936637098613,41.022858,18.126373,24.002954042424417,33.222244,16.378494,1.582397273004246,2.9593906,0.6058593
2022-08-29 09:00:00,30.74171242239055,38.94742,18.689606,32.51164593084022,37.097054,22.233772,1.3332906408560856,2.8453298,0.5898474
2022-08-30 09:00:00,31.763144145062483,39.94864,19.509186,24.830491474761356,34.483574,10.721854,1.1750434983060747,2.3952522,0.39125854
2022-08-31 09:00:00,33.31001965925941,41.376373,20.687897,19.389230225864416,29.063244,7.4935303,1.3781445835652664,3.1828299,0.2775551
2022-09-01 09:00:00,33.5162432556848,40.912506,21.168365,18.65187150271622,26.291866,12.801571,1.3174378052429732,2.8667862,0.13262911
2022-09-02 09:00:00,34.97665436635316,42.864655,21.77481,17.986558801381438,25.320822,14.1137905,1.134605452644129,2.6599786,0.2737635
2022-09-03 09:00:00,35.945467452009495,44.120026,23.071198,17.708498358805823,25.0132,12.548357,2.061219489533296,4.563638,0.4291272
2022-09-04 09:00:00,35.25166933846333,42.870026,22.407135,16.263826616148844,23.15438,11.231795,1.1923515948269885,2.7137134,0.07219828
2022-09-05 09:00:00,36.31539939005182,44.80484,21.765045,15.897685525838526,19.731977,13.712446,0.9431958847072637,2.1523652,0.031277657
2022-09-06 09:00:00,37.14737502182351,45.715973,23.655426,13.894705312444122,27.513454,4.534766,0.6211662526680053,1.1840613,0.115913674
2022-09-07 09:00:00,38.24323693835021,48.20816,23.297028,15.36195364961531,27.046963,10.7592,0.8306706078951719,2.3655071,0.1854906
2022-09-08 09:00:00,37.128374400926816,46.106598,22.100739,18.432268148968834,25.1464,14.061077,1.5220156299313334,3.2319481,0.14697027
2022-09-09 09:00:00,35.367274491288526,44.06778,20.750153,17.62350414536969,21.003506,12.520211,0.9346673541544895,1.9578296,0.12323588
2022-09-10 09:00:00,34.287402888935674,44.320953,19.508453,20.33299743106185,25.828701,14.527919,1.2329352724892575,3.3597112,0.27875325
2022-09-11 09:00:00,28.070178760781744,38.640533,13.987457,51.79298695637351,65.11971,42.815025,1.6092111476087223,3.3413415,0.22760129
2022-09-12 09:00:00,28.843271734713028,39.006012,14.521637,47.55535727264366,64.09297,24.7375,1.2522371482864836,3.0888176,0.050616495
2022-09-13 09:00:00,27.7487662385804,37.670807,13.348541,38.741480217587274,63.0282,21.567253,1.7006352720610838,3.6724563,0.2507853
2022-09-14 09:00:00,25.44557320063177,35.056793,11.732819,33.928500315278306,42.36693,25.40599,1.8425355378812733,3.8998713,0.6836642
2022-09-15 09:00:00,23.55116105889374,31.36319,11.2430725,46.315445030184364,67.69348,27.29684,1.8803416092245133,3.8507383,0.68440795
2022-09-16 09:00:00,23.33793304294261,30.593903,12.377106,36.53555072062382,48.49856,24.32528,1.5746345295598496,3.421353,0.31093505
2022-09-17 09:00:00,24.385309257749554,31.496979,12.5711975,31.837111130981697,43.694077,18.383389,1.3911101857045318,2.472465,0.49881852
2022-09-18 09:00:00,23.509641424388235,32.680817,9.979645,34.75946445845595,42.11767,22.535622,1.7832367605970978,3.385401,0.47919792
2022-09-19 09:00:00,19.099743550647474,27.715973,8.635895,59.90281119138874,83.67932,36.156944,1.694396386002279,3.3183396,0.226677
2022-09-20 09:00:00,18.613912851745283,24.460846,9.775299,55.400097301326234,72.80527,28.626972,1.1203352977662075,2.7002683,0.21667184
2022-09-21 09:00:00,21.26991048276693,29.431793,8.558746,52.30891111116682,70.690285,27.79788,1.3903056760654164,2.316976,0.49228466
2022-09-22 09:00:00,21.577868453387794,29.179108,11.320221,36.36847063279501,50.544426,17.567863,1.7967696670011808,3.4905484,0.4503899
2022-09-23 09:00:00,23.49441825531744,29.169342,14.35733,21.568188968035614,26.680653,14.892727,1.0594565267695926,2.22328,0.15763296
2022-09-24 09:00:00,27.27389678492176,34.272858,16.011139,20.632169789649907,24.969343,14.314738,0.7892619750314764,1.9502289,0.029799491
2022-09-25 09:00:00,28.775120581516433,36.373688,16.85025,24.999134351330873,32.83158,16.356249,0.9194528134591116,2.1607509,0.11073286
2022-09-26 09:00:00,30.097865326081433,38.02774,18.291412,29.32585263569773,37.33082,23.012182,1.0659726144995396,2.6388996,0.09348848
2022-09-27 09:00:00,30.369525265193147,38.509674,18.11319,20.255091071690703,43.38154,5.627633,1.3853703882323327,3.219634,0.26277724
2022-09-28 09:00:00,28.576309376507538,36.33023,15.576324,16.112252113712525,25.944286,9.063008,1.5468781707895993,2.8870518,0.042338543
2022-09-29 09:00:00,28.515131071896803,36.519684,15.377106,20.45320381197071,31.037762,15.55743,1.8139799079648449,3.6163585,0.09358312
2022-09-30 09:00:00,26.842190700661092,33.71524,15.275787,24.8782208967556,34.985806,14.548305,1.1056151095428461,2.2813168,0.44745937
2022-10-01 09:00:00,27.145202184369964,34.562164,15.708649,27.191052788443507,35.082104,19.312572,1.0080325482725456,2.1078496,0.23162119
2022-10-02 09:00:00,26.776468172103762,34.89029,14.749664,31.734654896688344,50.393227,16.484158,1.4559303943819688,3.1830063,0.28043243
2022-10-03 09:00:00,25.373367578510567,32.0961,14.2308655,30.71648227747756,44.556915,17.033731,1.2797824163044076,3.067237,0.17816912
2022-10-04 09:00:00,26.532478293417967,33.063873,16.083405,17.706204897578843,25.312075,7.2339497,1.150447398977889,2.5202215,0.113163985
2022-10-05 09:00:00,26.712984395844387,33.100983,15.84317,16.699767298257406,26.989532,8.438965,0.9118604837688641,2.1576807,0.10855071
2022-10-06 09:00:00,27.803985378118966,34.994537,15.8714905,18.729558546813998,26.39176,12.276299,0.5636114267243204,1.2721136,0.089492925
2022-10-07 09:00:00,28.061796963951508,36.19522,15.165924,19.414542322612824,25.334076,15.9567585,0.8279888874155185,2.0706055,0.1269631
2022-10-08 09:00:00,28.13072856993108,35.65982,16.050446,17.470106736975044,23.864971,12.926649,0.8554616920914692,1.9135464,0.079897374
2022-10-09 09:00:00,27.775873837143365,36.348297,12.984528,18.874320840719886,32.248627,10.294505,1.0138871361796733,2.2402174,0.14108594
2022-10-10 09:00:00,26.936472645801587,35.23575,11.925201,21.097112214230084,37.173542,12.342498,1.341602824587042,2.597472,0.21727134
2022-10-11 09:00:00,25.75390111171805,34.61856,11.156403,20.482215183470327,31.177738,14.611331,1.335962557771038,2.498402,0.23735717
2022-10-12 09:00:00,26.416422886821692,34.722076,13.37442,18.945345350241972,22.152885,11.213169,1.3078280758942509,2.544627,0.13888799
2022-10-13 09:00:00,25.44047137105889,32.822174,14.271393,18.97059264077724,22.25581,12.451397,1.2744934667480319,2.427291,0.16022779
2022-10-14 09:00:00,25.20422481580357,31.842926,14.604645,15.364563838194208,19.23542,13.68344,1.1961742256590506,2.6021094,0.06040417
2022-10-15 09:00:00,25.453830725107537,32.45645,14.653717,14.753316823054183,19.101772,9.9338045,1.0591715395236534,2.2175007,0.09162053
2022-10-16 09:00:00,24.41616305775267,32.421783,13.247955,23.94399565024874,37.8728,10.500998,1.3693855494705764,2.8958716,0.21970488
2022-10-17 09:00:00,21.800626400293652,28.352448,11.340729,27.335537516453442,38.31141,13.818557,1.0488399246834674,2.4031038,0.27397773
2022-10-18 09:00:00,22.622318759726852,29.172028,11.515778,19.017506890215067,25.745123,11.2067795,0.747131646261731,1.6169747,0.024053792
2022-10-19 09:00:00,24.3411044475298,31.303864,12.403473,18.48855464598591,23.761793,15.568206,0.8121934394451839,1.6903746,0.341391
2022-10-20 09:00:00,25.95167623275273,33.34024,13.588287,17.227642140529678,20.89944,13.366427,0.485828436967452,1.0861539,0.05916626
2022-10-21 09:00:00,25.441070329388992,33.855377,12.20694,19.600968431112747,27.634193,14.69019,0.6401632765496265,1.2397789,0.13317962
2022-10-22 09:00:00,24.49283855615863,33.517,10.390045,25.586473187036948,33.490063,15.348717,2.004394153075802,3.8414366,0.13482103
2022-10-23 09:00:00,15.176723116024789,25.551178,1.9554749,35.0871783052958,63.517174,20.72691,2.439650998188557,4.2032394,0.63923573
2022-10-24 09:00:00,15.559211633276618,21.622467,7.1251526,18.90457410924354,33.704773,10.482119,1.3287022632835275,2.258589,0.19852844
2022-10-25 09:00:00,18.150275310822053,24.297028,7.834137,22.939823448330536,35.400436,13.852918,0.691110850209586,1.8963645,0.19177063
2022-10-26 09:00:00,18.015125719840682,25.345612,5.527252,21.88577492254193,31.200146,13.340772,1.5598781542522593,2.8403358,0.2430705
2022-10-27 09:00:00,15.864192747456173,22.41397,5.402252,21.453723053538223,32.48078,11.91531,1.1390623707228413,2.495344,0.051960647
2022-10-28 09:00:00,17.822354557746962,24.566315,7.0917053,24.34525107225509,31.695152,17.879349,0.5083080592855765,1.8901592,0.042371437
2022-10-29 09:00:00,18.07006497225376,25.6044,6.1471252,29.868865605217216,41.367165,19.811527,1.11122784350317,2.6145098,0.09180316
2022-10-30 09:00:00,18.028606333868993,24.29361,7.688141,22.392520448778598,26.879475,19.238836,1.1289438057959786,2.191362,0.19972953
2022-10-31 09:00:00,18.79008333785083,24.45108,9.787018,19.058981584180213,25.85868,10.811805,0.40549173064993543,0.8979363,0.07110867
2022-11-01 09:00:00,16.976457103275152,23.211578,6.018219,17.128654317694732,27.963518,6.2297554,1.4230523413018072,3.0144188,0.5899623
2022-11-02 09:00:00,10.386161999870012,17.970123,-1.1724548,60.3978680061644,77.83056,50.12811,2.3818085821744903,3.4796941,1.1599302
2022-11-03 09:00:00,6.996628653260473,15.8211975,-7.4151306,56.66662560530286,86.40234,43.273438,1.7848730121004774,3.1254659,0.19917913
2022-11-04 09:00:00,10.056229408847912,15.964264,2.3541565,35.54796972724148,55.854538,20.97113,0.8480830501468102,1.5792509,0.26061794
2022-11-05 09:00:00,13.502074975527478,18.42691,4.360504,30.208807563192067,37.21799,18.007973,0.7732331587184622,2.2702281,0.14184693
2022-11-06 09:00:00,13.658492188425157,19.409332,2.9132385,46.42355084413553,81.7135,21.80169,0.7632177940983258,2.4150581,0.12716869
2022-11-07 09:00:00,13.56005297512246,20.987457,1.9034729,75.92172913751318,94.389366,60.781,1.5923191316120229,4.1436796,0.23282129
2022-11-08 09:00:00,8.62788238644788,16.037628,-3.6479187,68.25062034282797,101.55583,45.209343,2.2790052756270023,3.0017517,1.4440248
2022-11-09 09:00:00,6.137530963717836,14.341431,-6.0179443,72.71926545696184,83.70017,58.04783,1.7405940816972445,3.3666084,0.7238668
2022-11-10 09:00:00,7.491398194001647,15.41452,-7.097687,40.154763140067175,56.52562,23.029524,1.2192309528043763,2.3673537,0.23951574
2022-11-11 09:00:00,9.353276158334666,16.223969,-2.7818909,25.004708422196686,35.726746,8.36737,0.7459131375705857,1.38004,0.058144588
2022-11-12 09:00:00,10.718471229763338,17.61319,-0.91415405,27.75911652661089,49.16192,14.082595,0.9825207985081063,2.387356,0.13790315
2022-11-13 09:00:00,9.26890871539456,18.01294,-6.897217,43.76497449773597,69.163246,27.924961,1.6853631753739582,3.3544254,0.07105807
2022-11-14 09:00:00,9.581190430725997,16.910065,-3.2051697,24.859188759479775,45.77159,4.896592,0.480236184507207,1.1789539,0.07830482
2022-11-15 09:00:00,10.986617236754114,18.308014,-1.5982361,25.967756772617935,53.626656,7.9672575,0.9879906788972305,1.8549918,0.249237
2022-11-16 09:00:00,10.884555866771791,19.96225,-6.928192,21.44816209348623,41.496536,13.465284,1.0823419667902774,3.1087005,0.22269121
2022-11-17 09:00:00,12.7343346079615,20.291656,-0.67318726,19.06349695792793,34.35395,6.971138,0.6341371999412599,1.3310553,0.0676304
2022-11-18 09:00:00,12.707456434785286,19.690338,0.45596313,18.68019500299119,37.722958,7.0884523,0.8535758008703326,1.6122016,0.0996719
2022-11-19 09:00:00,10.176539495171198,18.618439,-5.656952,23.482680832016303,40.037537,14.568789,1.2573313662992118,2.758004,0.16244097
2022-11-20 09:00:00,11.363289132303578,20.011078,-2.832672,15.67488634183368,34.5094,4.985961,0.627483069330052,1.3203808,0.1735105
2022-11-21 09:00:00,12.606894570269674,20.014587,0.10638428,14.444895147136485,35.766125,2.3051872,0.7454968876737486,1.5271337,0.09784983
2022-11-22 09:00:00,12.195263013504587,18.464752,0.62490845,14.746491603508254,33.752884,1.1265202,0.6405297660957616,1.2878271,0.061744247
2022-11-23 09:00:00,12.483432201760763,18.709137,1.1603088,20.793224261627735,41.921326,2.8197649,0.8374888290626988,1.4922905,0.0820707
2022-11-24 09:00:00,12.569003201318026,18.356598,0.31948853,20.68653549203053,44.06326,8.610133,0.8298361620745109,2.4571142,0.058437433
2022-11-25 09:00:00,14.402549906417391,22.153717,-0.62753296,19.238756216982157,46.30783,7.6285434,0.5360333265899302,1.2809407,0.0651962
2022-11-26 09:00:00,14.936970478740534,22.61441,3.8858948,21.971516681394668,43.509018,6.616994,0.6543464231310043,1.8306808,0.054365244
2022-11-27 09:00:00,13.088489778740382,19.622711,0.2027893,24.489527523403243,49.360996,11.00827,0.7493098345465322,1.3385986,0.11424159
2022-11-28 09:00:00,12.26090697218666,18.355377,-0.2696228,30.02723932336831,48.764175,15.657214,1.173960718686443,3.0051234,0.065346576
2022-11-29 09:00:00,9.313244443450571,17.183441,-4.5939636,37.68117526757798,65.33162,22.460526,1.6573474467954254,2.7325754,0.08500956
2022-11-30 09:00:00,9.450711594839788,15.577881,-2.511963,32.540466559027436,54.830208,9.448921,0.6269210775695497,2.3624647,0.13761503
2022-12-01 09:00:00,10.655568596690046,18.71936,-2.8060303,58.92914760295501,78.30628,37.484814,1.8737163657918439,2.9092894,0.67085135
2022-12-02 09:00:00,6.502425547890141,11.969849,-5.4422607,33.543722049329006,48.157963,22.877308,1.276437033539772,2.9373398,0.031647533
2022-12-03 09:00:00,6.127319224601877,12.115326,-5.9771423,62.38903592840229,81.76463,34.27289,1.2904131442389783,2.3468564,0.54028827
2022-12-04 09:00:00,9.125630557470458,16.489899,-2.3529968,77.79231741962508,96.97369,54.629017,1.8738330774021321,3.1135857,1.2601948
2022-12-05 09:00:00,9.641161266185236,17.91568,-3.4143982,66.95136552004783,83.044525,39.79779,1.3171231320108585,2.656728,0.18546318
2022-12-06 09:00:00,8.729065672009824,17.116241,-6.1806335,57.37405356692373,70.436165,35.54554,0.63389344612603,1.6677934,0.074180834
2022-12-07 09:00:00,6.703760523045844,15.815643,-7.172638,68.31362237170829,80.18971,48.817333,0.6604669401494191,1.1125767,0.12439531
2022-12-08 09:00:00,6.857273858444387,15.693695,-8.409821,59.39716335582899,80.3046,41.98663,0.5976007124173661,1.5264362,0.08690679
2022-12-09 09:00:00,7.242518040568314,14.946503,-7.69223,50.73590188480926,76.14639,28.53529,0.9616268122709144,2.2474847,0.10585294
2022-12-10 09:00:00,8.113595348138404,16.19519,-6.578247,37.64151968267528,62.84899,19.661491,2.2620878241282494,3.7164555,0.9532547
2022-12-11 09:00:00,8.531347761582992,16.142883,-5.3082886,73.2828711221551,98.11858,39.886845,3.795128011658727,5.693022,2.0840158
2022-12-12 09:00:00,4.304486326749043,13.699554,-10.530365,65.5949076160874,76.44093,53.628433,0.6409743444579051,1.316558,0.13524055
2022-12-13 09:00:00,4.393330977007963,12.811066,-9.835419,60.68562158324048,82.01638,45.7704,1.0275423403851387,1.8664322,0.19834577
2022-12-14 09:00:00,5.644997533090475,12.827423,-6.250702,39.01281260198026,60.116142,26.569265,0.6886038051268442,1.5085847,0.05181808
2022-12-15 09:00:00,7.214782137450243,12.522858,-4.190033,35.97159068730568,59.394997,20.042671,0.7399500191192472,1.2560306,0.16293101
2022-12-16 09:00:00,6.597851415203991,12.068573,-6.1091614,33.483930115889216,51.501106,19.989388,0.6619995322535567,1.2160692,0.04178962
2022-12-17 09:00:00,8.17413793072069,13.81543,-3.4111328,29.11309494617462,49.299786,16.01912,0.6385072939854798,1.3705592,0.09991328
2022-12-18 09:00:00,5.948836040392621,11.982697,-5.3180847,29.751656281186936,47.706936,16.108799,0.48983500938420393,1.4506809,0.040495723
2022-12-19 09:00:00,3.802123414332698,10.038696,-9.644897,25.836956327696964,48.90115,4.4923344,0.5529584808144337,1.4536031,0.06076533
2022-12-20 09:00:00,4.824839923412014,10.811554,-8.452026,24.583669474888723,36.29589,8.763376,0.8474567109783527,2.4763308,0.23691152
2022-12-21 09:00:00,6.301959273951297,12.255951,-5.614197,36.40719726440393,58.78818,24.489819,0.6736563638018092,1.1787053,0.19247365
2022-12-22 09:00:00,5.859550702621505,11.249268,-3.1378784,43.171719238009175,55.380653,24.808521,0.7760901135298168,1.5372154,0.062252335
2022-12-23 09:00:00,7.306379158328866,12.124786,-1.7424011,47.947438996245666,60.897896,30.741646,0.5639470917869652,1.8401294,0.038000874
2022-12-24 09:00:00,8.324782025579907,13.546173,-0.9225769,30.04511556395924,53.779655,16.307,0.7591151802452186,1.2739307,0.28671193
2022-12-25 09:00:00,9.545240383100577,14.304382,0.12490845,25.11365949554116,49.276367,11.741209,0.8053405727729112,1.1870606,0.28531495
2022-12-26 09:00:00,9.6642777571887,14.178101,1.4862366,26.439333039441127,47.83743,16.395374,0.7740344225708808,1.7672883,0.24296544
2022-12-27 09:00:00,9.386594983331008,15.060455,-0.8998108,23.956056629497283,48.14991,10.04444,1.7612138628439427,3.650368,1.1074212
2022-12-28 09:00:00,7.523936285347702,12.667572,-2.2796936,37.75248256209632,58.7298,17.659489,1.1041902933651422,2.365307,0.3812973
2022-12-29 09:00:00,7.8156296501881,13.944,-4.1631775,37.91707622051212,70.59886,9.638385,0.9215058379079487,2.2228956,0.24997339
2022-12-30 09:00:00,8.895645416361731,14.763824,0.23062134,88.05279043494198,98.17425,71.82596,1.4512590990309937,2.5570314,0.54442084
2022-12-31 09:00:00,10.29170592775614,18.218903,-0.20687866,89.91462921513458,99.10239,78.85841,2.625920599287416,3.9442456,0.9408054
2023-01-01 09:00:00,8.51738905977362,14.873688,-1.7552185,72.10275894940771,97.77912,47.02521,2.0535391758505477,3.342767,0.2601009
2023-01-02 09:00:00,7.044549620577413,15.600739,-7.9461365,36.25091726574853,79.77672,16.58141,0.8433786278719655,1.6128635,0.120733865
2023-01-03 09:00:00,5.0984437654173576,11.552948,-7.6762085,51.725129754689576,70.87127,25.004082,1.5726829114866578,2.8142173,0.5369173
2023-01-04 09:00:00,7.284386010878677,14.751434,-4.9666443,35.72808872239537,64.202126,16.48535,1.894180155169582,2.8287005,0.6258395
2023-01-05 09:00:00,10.821633008548588,18.862335,-3.795868,64.0319677220301,93.06416,41.69066,3.7880815667584047,5.7025547,1.6285179
2023-01-06 09:00:00,6.801443607762906,14.410034,-5.669586,44.6720101204366,60.520546,34.051796,1.0372501597513617,1.9416385,0.38887963
2023-01-07 09:00:00,8.276685393491448,14.707031,-4.6660156,29.034597904924137,54.68971,13.792285,1.545848882180354,2.355144,0.855834
2023-01-08 09:00:00,9.502126398447672,16.87854,-4.932007,37.217770109494644,70.17,7.8340573,2.6255626648058725,3.8486447,1.0324576
2023-01-09 09:00:00,9.870333660895312,16.385162,-2.1941833,79.08329378346201,93.30024,56.29633,3.0450350029593594,4.374577,1.4699378
2023-01-10 09:00:00,9.587149322413325,16.497955,-1.8223572,77.02664287841219,97.84093,56.547375,3.6820076584797463,5.3186264,1.9219542
2023-01-11 09:00:00,7.207506716157525,15.412628,-5.0961,62.67221223868527,78.69577,42.17147,1.6798814175993604,2.477478,0.82176435
2023-01-12 09:00:00,8.087063929931276,13.836243,-1.919342,58.16141015058414,84.470985,43.449875,1.3507731984041154,2.66759,0.3053858
2023-01-13 09:00:00,13.053458922321681,18.39914,-0.40164185,44.26715955070558,65.76752,29.224876,1.5118464437129184,2.6793227,0.43720025
2023-01-14 09:00:00,9.795246947723001,18.472015,-3.9928284,66.94697702954763,82.33116,47.008057,2.3791134143211456,3.9687638,1.036159
2023-01-15 09:00:00,7.8277286618298945,15.687103,-4.4222717,55.9596068419829,72.72829,29.690802,1.7639202320695668,2.9731722,0.8978053
2023-01-16 09:00:00,5.698919955471752,12.690094,-6.6045837,83.5771885984129,98.91874,70.684364,2.598520005543532,4.033022,1.5345994
2023-01-17 09:00:00,3.905032131135897,12.395782,-8.935211,74.27651219886322,83.70792,59.85962,0.9214993120631453,2.1248608,0.20989157
2023-01-18 09:00:00,5.273461716410111,13.034576,-8.096283,39.69764913121265,68.19911,28.03896,0.4254584445726972,1.0580596,0.10168752
2023-01-19 09:00:00,6.475426840803038,13.651764,-6.813324,48.548729146690434,77.134834,30.259834,0.7465230725405443,2.233236,0.04859853
2023-01-20 09:00:00,4.734633833099224,12.878326,-8.977142,35.40042094127629,64.96216,9.154993,1.367865050059208,2.3059635,0.12598872
2023-01-21 09:00:00,6.04564868347893,12.820068,-7.4466553,29.8349107352786,52.688423,9.774769,0.7325819572005197,1.5123314,0.101128146
2023-01-22 09:00:00,8.28665823716267,13.319244,-0.28427124,29.6193123843601,52.102398,17.873219,0.9858572746086263,1.6522304,0.12818223
2023-01-23 09:00:00,6.118142573034675,13.902985,-8.3489685,33.13237258510427,59.341686,16.988472,1.726389147757716,3.54824,0.3149712
2023-01-24 09:00:00,6.875719694663587,13.948639,-6.4338684,23.554567784671004,48.024208,9.946653,0.8414541292410542,2.3203166,0.06483467
2023-01-25 09:00:00,9.83874867422304,15.514557,-2.8643494,23.90743799294889,45.33355,10.099173,0.70520413186855,2.0535119,0.12496032
2023-01-26 09:00:00,9.706872700352392,16.62854,-5.3519287,27.685231080009693,49.371475,16.969149,1.043556581699977,2.9964683,0.15686451
2023-01-27 09:00:00,11.536038471028576,17.672028,-0.80062866,23.765422131935363,43.933212,14.137324,0.46453727446672244,1.35725,0.028848412
2023-01-28 09:00:00,11.038599103768377,17.38086,-1.953125,25.87424626449948,43.488354,14.898511,0.7426786000940087,1.6688008,0.10691089
2023-01-29 09:00:00,9.528385658962861,17.145782,-3.9342957,45.38467982008552,70.46637,16.458553,1.0042404458798064,2.6984344,0.13759781
2023-01-30 09:00:00,4.057444490603189,10.995575,-7.865753,58.52136152778021,89.262,43.62013,0.9948826616523259,1.6029605,0.1999181
2023-01-31 09:00:00,5.37710152779249,13.419952,-10.388092,23.409682488037937,40.122734,13.372732,1.2429680626096193,2.698182,0.45967713
2023-02-01 09:00:00,7.3160292715762125,14.6633,-5.8679504,17.56445553793129,38.581287,7.276601,0.614037764582373,1.9487427,0.124111675
2023-02-02 09:00:00,10.642178842299927,17.194427,-0.89541626,20.907438416466313,42.106148,8.148686,0.667660750228337,1.5112644,0.22228256
2023-02-03 09:00:00,11.204032371595645,18.274048,-2.7070618,26.71098954790547,46.027905,10.118303,1.182138457682697,2.3542566,0.40132138
2023-02-04 09:00:00,11.230319368918174,20.246887,-3.7785034,36.43384162700433,56.51588,17.176487,0.6539138232529719,1.9972883,0.066693775
2023-02-05 09:00:00,11.73619056288726,20.331207,-2.846527,48.980065847975965,61.986626,38.0152,1.6468092368253164,3.1762831,0.5824712
2023-02-06 09:00:00,6.056756436334638,15.748444,-8.4039,40.9991578259665,66.21828,29.58546,1.5882852225709696,3.1180458,0.15626597
2023-02-07 09:00:00,7.987328386895456,14.435638,-4.143402,29.18989972891758,43.396004,18.466316,0.8064522598358828,2.276747,0.07674172
2023-02-08 09:00:00,9.866284075440547,16.15982,-0.9847107,25.586376054581944,37.60138,13.226379,0.7951473651195732,1.279561,0.23143552
2023-02-09 09:00:00,12.341956460369772,18.956146,1.3467712,21.008004780080306,40.876152,8.899132,0.6302494659411467,1.2500236,0.28365022
2023-02-10 09:00:00,13.929239946488053,20.317108,2.4460144,27.14616294648093,41.326,18.592125,0.5485332883845182,1.4954249,0.041209683
2023-02-11 09:00:00,13.306059325417664,23.12149,-1.120697,39.36351394033899,54.13285,20.250038,1.4174791417278225,2.187551,0.6339724
2023-02-12 09:00:00,6.66781538802627,14.741486,-7.889374,36.17826967561629,53.95709,20.457088,1.4278093831297858,2.9753075,0.363904
2023-02-13 09:00:00,10.579615442603313,18.024567,-4.0247498,22.891393775328297,35.30776,13.260882,0.9132037373810762,2.0346632,0.1947149
2023-02-14 09:00:00,11.542138148312063,21.269684,-3.4959412,39.09954213695103,68.58541,18.636192,2.215895790123572,3.594099,0.7543581
2023-02-15 09:00:00,3.924789307243884,14.07608,-12.234467,30.178823657463827,65.145706,12.4464855,2.4765992702207895,4.484768,0.3520906
2023-02-16 09:00:00,5.854658112916525,14.683655,-9.419861,17.005816239063865,37.500427,7.3637104,0.6200481358223593,1.2668387,0.08387528
2023-02-17 09:00:00,8.594356221590544,17.405853,-6.8558655,17.568957075780197,30.091282,7.053987,0.6102203994020987,1.1519649,0.1263439
2023-02-18 09:00:00,9.49103280012406,18.0878,-4.959076,20.049540366863877,31.32412,14.049581,0.6665966122756233,1.537705,0.1656222
2023-02-19 09:00:00,11.027310151763743,19.922516,-2.8352966,18.469524088402657,37.14584,7.5390797,0.7536777850980689,1.5567673,0.08933273
2023-02-20 09:00:00,12.987150694723255,21.11026,-0.7973938,19.235468187673824,35.692425,9.633363,0.5918304258182568,1.7071036,0.10309603
2023-02-21 09:00:00,14.420671272844004,22.400116,2.3571472,28.295349787127943,47.618206,13.864301,0.4529340437567709,1.0024785,0.018977556
2023-02-22 09:00:00,10.17366527305984,22.132538,-4.5588684,47.08463558046619,80.68051,6.4109783,3.7674087662694475,5.9453716,2.0696318
2023-02-23 09:00:00,1.6508819754149044,11.954987,-14.46109,62.34105740763508,77.628876,45.542934,1.7105889356485384,3.4551988,0.38390982
2023-02-24 09:00:00,3.223553210172099,12.164337,-11.81311,66.05048554674073,78.59458,47.297707,3.3987500260381855,5.6187687,1.1967727
2023-02-25 09:00:00,2.838353496372463,9.189301,-6.858734,80.02337733692279,93.96326,60.427143,0.7897031858686263,1.5830966,0.15942366
2023-02-26 09:00:00,3.60650277421729,11.122711,-7.926117,67.18959822283698,79.022675,55.166946,1.1593569100883028,1.8965377,0.23514836
2023-02-27 09:00:00,5.299916879109048,13.880341,-6.8989563,77.76421260236822,90.63562,57.057495,2.3270108364324433,3.8399346,1.0491774
2023-02-28 09:00:00,3.603666266028142,11.990387,-9.533844,67.90962711552541,78.91979,55.65026,2.121476641885103,4.387061,1.0123686
2023-03-01 09:00:00,3.6553063221770685,11.971832,-9.26004,69.24557776327795,86.212105,49.760273,1.3041744042018346,2.5349014,0.051308107
2023-03-02 09:00:00,6.467466970764178,12.565399,-3.4703064,25.83091586458478,58.326904,12.662842,1.8823450863963387,3.2669058,0.31723472
2023-03-03 09:00:00,8.746937512770046,14.860107,-0.06567383,32.11762874809916,56.332077,19.839094,0.7298649104597185,1.9164875,0.0466846
2023-03-04 09:00:00,9.24488926496781,16.644623,-2.945221,36.86651926302118,64.75038,-1.9957151,1.2464033350146944,2.736355,0.18810372
2023-03-05 09:00:00,5.843950009267644,16.108063,-9.219818,66.07566384235002,92.8232,42.30888,2.638035649524478,4.6576624,1.5339371
2023-03-06 09:00:00,4.66167304149991,14.990387,-9.9045105,64.81448749035724,83.939926,42.01024,1.4303183563392232,3.2485719,0.31525955
2023-03-07 09:00:00,6.506051546862352,15.560608,-7.5243225,55.90368747662722,72.554085,39.511906,1.2013536058015568,2.5209384,0.32099104
2023-03-08 09:00:00,7.453798815105472,15.913483,-6.5923767,60.780280132846784,80.24612,40.390747,1.2784982729120995,3.0543377,0.25871265
2023-03-09 09:00:00,8.312779493280345,16.476715,-4.927643,24.433648793225323,40.372555,9.735835,0.8915615180458732,2.6168563,0.18296288
2023-03-10 09:00:00,9.287556070550636,16.916168,-1.4607849,84.09792344995186,99.50219,61.388905,3.0975974605979357,4.8226495,1.3109252
2023-03-11 09:00:00,10.988722129050188,19.039734,-0.33450317,85.10787869928929,97.04361,69.359535,1.752347754879859,4.2553606,0.35310298
2023-03-12 09:00:00,13.072269162093676,22.655182,-0.15731812,62.6068214606328,74.07607,43.658104,1.4755815499786007,2.8514547,0.22457448
2023-03-13 09:00:00,12.59784687816557,22.278229,-0.9073181,52.826127616555276,71.546616,40.729485,1.1221553496727132,2.7603488,0.37227172
2023-03-14 09:00:00,14.149576296796397,22.700836,-0.3753357,56.38183877776735,74.3935,37.836403,2.233049606756256,3.4340358,0.76580656
2023-03-15 09:00:00,11.165559640294305,19.106842,-0.9419861,67.91078588483967,90.89593,32.126396,1.4526006210760452,2.7932136,0.71100855
2023-03-16 09:00:00,9.982153941763727,17.85318,-2.4378357,38.22134893779769,70.81904,13.857447,0.8054834972700587,1.5981773,0.13573644
2023-03-17 09:00:00,11.547838515126955,19.962555,-2.8851013,41.71371651897612,56.450443,24.676193,0.4475833857373547,1.1239425,0.033064503
2023-03-18 09:00:00,13.208741135924697,21.846588,-1.6377869,24.230163792305,38.44643,12.801372,0.44658511261588035,1.0252144,0.06057116
2023-03-19 09:00:00,13.645429394345854,22.647614,-0.63949585,41.577982452012435,70.46184,20.907152,1.8578479800027496,2.9946926,0.6656559
2023-03-20 09:00:00,10.196456893491302,18.272125,-2.2962341,47.420773629622424,76.69582,18.457188,1.2262632432248346,2.7309098,0.33350408
2023-03-21 09:00:00,10.347635341445084,19.730621,-3.8943787,59.71299597477272,80.13477,38.912117,2.1449194945117536,3.9653819,0.5364833
2023-03-22 09:00:00,6.131280246619099,14.007721,-6.3365173,64.3822870820796,85.50683,48.412098,2.981279615024614,4.866644,1.4442135
2023-03-23 09:00:00,7.085629623367879,14.8714905,-4.893402,78.48612913317504,90.371864,56.202003,1.017913016333937,1.9916608,0.29844227
2023-03-24 09:00:00,7.631526426191442,16.221832,-5.328949,51.767980621912194,78.87085,36.253662,2.5043332404622953,4.1581073,0.5958704
2023-03-25 09:00:00,7.501006697553066,15.139801,-5.9656677,38.76520510745581,59.422215,20.758266,2.296070645598343,4.2976675,0.45244947
2023-03-26 09:00:00,7.402493881959174,16.039215,-7.3455505,32.97494891838947,57.440224,3.5205946,2.2362563721250117,3.9763782,0.39910126
2023-03-27 09:00:00,7.674741110619664,15.772614,-7.1648865,28.470002645224554,41.864037,17.584251,0.9126166544963265,1.955875,0.15903683
2023-03-28 09:00:00,11.958441643453853,20.403229,-1.8955994,30.022739655663113,47.69979,8.676354,1.771138216036332,2.778563,0.5001222
2023-03-29 09:00:00,7.706850046642728,16.351715,-4.556488,65.88199725234676,82.87299,52.31831,2.1903741283244695,3.3094666,1.4154209
2023-03-30 09:00:00,5.306373984940535,13.52359,-7.2361755,67.9693160719627,82.63934,46.685375,0.7969035261210379,1.3142823,0.37145737
2023-03-31 09:00:00,7.97671772823918,15.636627,-4.929779,36.13073427425153,55.46231,17.96231,0.7829945939895255,1.5648977,0.08983497
2023-04-01 09:00:00,11.543334195096179,19.593903,-0.39437866,37.897534571622145,55.68485,22.095707,1.182015395200786,2.2307758,0.25129965
2023-04-02 09:00:00,13.247062762931193,21.400787,0.027252197,45.981616538794334,68.30502,19.40268,1.5605873677115631,2.8632991,0.29846007
2023-04-03 09:00:00,12.415870132841405,21.401031,0.29360962,52.93098160510272,71.25801,35.286823,3.484431293039915,5.131103,1.900065
2023-04-04 09:00:00,5.755457975334878,15.765289,-10.346283,37.349829404352484,51.036392,27.2513,2.7912668652999217,4.751097,0.88434726
2023-04-05 09:00:00,8.284195294228539,17.247711,-5.7347107,37.34625742148315,59.34014,19.050076,1.2280894185587425,2.203649,0.07947158
2023-04-06 09:00:00,10.88358506377233,18.861725,-1.8013611,26.426842573515554,51.616375,7.3852615,0.8604977339728339,1.7802093,0.20206755
2023-04-07 09:00:00,14.137236808347666,23.358795,1.1791077,37.74788440247269,57.37304,15.294914,0.8052211292698855,2.3476188,0.120111
2023-04-08 09:00:00,13.442959253277138,22.407867,1.7184143,49.74079541578041,82.3799,24.84449,1.0580924607762134,1.9016331,0.12110273
2023-04-09 09:00:00,16.704278227128498,25.125153,5.1114807,28.84894112072397,52.43228,9.408487,0.9052524314450354,1.9440273,0.04757186
2023-04-10 09:00:00,19.82133368570311,28.159088,8.73526,31.129904056697605,41.004578,22.718765,0.5679743995116809,1.2491007,0.028071932
2023-04-11 09:00:00,21.75223217342966,33.471832,8.077301,34.52699032850897,49.24608,24.543747,1.5959958390649058,3.3788178,0.1404428
2023-04-12 09:00:00,17.479823602854196,26.29776,5.7157288,40.87126289900617,67.24445,5.008114,2.10736409076781,4.1885667,0.27879503
2023-04-13 09:00:00,14.114595078405614,23.466705,2.5292053,44.77338881465132,76.09788,23.021795,2.1513779774729653,4.103223,0.29371777
2023-04-14 09:00:00,12.767399201844853,21.18106,0.8138733,38.437001247302035,65.39546,22.17728,1.2358483770874096,2.2379649,0.47055885
2023-04-15 09:00:00,15.628426778513585,24.193512,2.9024963,30.74919772021139,42.97223,20.214417,0.9565547102707176,1.9854873,0.2731845
2023-04-16 09:00:00,18.254001997682735,27.38736,5.9186096,30.747128963361977,38.961246,19.056076,1.437235891110816,3.233553,0.10291489
2023-04-17 09:00:00,17.724151947854807,27.090729,5.1786194,35.862472287299475,52.96243,18.50135,2.207056352093158,4.4769235,0.43700656
2023-04-18 09:00:00,13.756066856827033,23.627838,0.6649475,43.88112684865773,73.33567,14.917701,2.3685911169925933,4.1383014,0.51571214
2023-04-19 09:00:00,10.679845414383124,19.488922,-2.7044373,38.24151524060172,62.79382,25.176167,2.31956286888339,4.12025,0.5740083
2023-04-20 09:00:00,13.318905094992033,20.616608,2.183258,18.15544337593034,44.72777,0.9388119,1.7456359132006662,3.4711587,0.13439307
2023-04-21 09:00:00,17.407908203158343,24.829254,6.7728577,32.82263610633267,46.401047,21.36663,1.4017882645186939,2.8124719,0.15972552
2023-04-22 09:00:00,19.743357282065404,28.270172,7.3346252,40.29289149508933,51.813423,28.157959,1.3315964404135918,2.8680344,0.06833747
2023-04-23 09:00:00,20.12082390795632,29.839264,6.169342,45.005869894049816,65.98767,29.186062,1.532678952348812,3.0437992,0.3204131
2023-04-24 09:00:00,19.751444743554885,29.514801,6.2796936,27.812345446571342,48.067387,9.742087,1.8956352261927676,3.5597246,0.18981202
2023-04-25 09:00:00,20.501391482576537,29.933014,6.823639,22.92251132840808,40.79751,11.555093,1.4272839479515107,2.989281,0.18046716
2023-04-26 09:00:00,21.186607812964837,30.312897,6.973053,23.458484031458834,45.050377,11.368256,0.7792951676701448,1.5634242,0.09202115
2023-04-27 09:00:00,23.48049421205178,33.323883,9.203766,24.619713257344753,28.484612,19.13478,0.6313512197000508,1.2220495,0.18907669
2023-04-28 09:00:00,25.76030856796075,35.99698,10.026276,23.287558046915454,32.12918,13.2627125,0.7104481625294466,1.7072569,0.118618846
2023-04-29 09:00:00,26.912304591432985,37.246246,10.165924,27.67606632682624,42.473206,15.46507,1.0444575518738026,2.5727682,0.12051411
2023-04-30 09:00:00,25.78682552444144,36.28824,9.643707,28.294581006195994,39.57309,17.770721,1.6959262319894075,3.970071,0.16087016
2023-05-01 09:00:00,21.688929993113675,31.789948,7.9794006,37.139569574251524,56.266754,11.861651,2.6646985355704196,4.6574173,0.74735284
2023-05-02 09:00:00,12.059631058903562,21.446442,0.049957275,64.14085768555749,79.39105,36.719273,1.5512939296487662,3.2272434,0.45304945
2023-05-03 09:00:00,10.820102490203112,19.974518,-1.3028259,56.769797782376344,69.54325,41.078407,1.850680498537388,3.269375,0.583959
2023-05-04 09:00:00,11.239985687357546,18.312897,-0.060150146,66.67255779659922,85.61411,24.7938,0.8886274349670249,1.3129488,0.1290782
2023-05-05 09:00:00,11.192247983876598,20.994781,-1.929779,59.96881447423613,74.1273,50.793736,1.1273108966085916,2.1822119,0.428255
2023-05-06 09:00:00,12.53813354023913,21.906403,-1.1482849,64.45270600394603,73.25964,54.440323,1.7324171198176805,2.7331192,0.8051459
2023-05-07 09:00:00,13.945155720413766,23.386139,0.8055725,56.20745628592324,69.920975,44.241074,1.6168091350542868,2.849096,0.48456714
2023-05-08 09:00:00,17.112021055182254,26.791168,3.5919495,50.24265930743299,62.442184,38.520184,1.838233233382097,3.2513592,0.5015832
2023-05-09 09:00:00,17.453865767567322,27.037506,3.0296936,45.10803151915036,66.44893,34.163525,1.6035723627974137,3.5598044,0.2863217
2023-05-10 09:00:00,15.790341143760088,25.427399,2.6131897,48.93407816785133,67.578766,26.865444,1.8731568144842072,3.4613066,0.5196416
2023-05-11 09:00:00,17.966976640216274,26.586578,6.40152,38.634655199866465,63.059208,15.019104,1.523588018779797,3.4694214,0.2885784
2023-05-12 09:00:00,20.361028738632456,28.062897,8.14859,37.231115717400485,45.56693,26.55037,1.5471347155634974,3.2415283,0.14615825
2023-05-13 09:00:00,23.04693030708313,31.010895,8.13028,29.206336376714145,46.44827,17.002193,1.1532776433741438,2.0113783,0.08617436
2023-05-14 09:00:00,26.028105804271092,36.283844,8.73111,29.55765666417773,40.529057,22.263432,0.6564795035931273,1.5195001,0.20526934
2023-05-15 09:00:00,26.059009062699488,37.000885,8.795807,24.29774720085456,48.97771,17.360523,1.4360169689469258,2.4910657,0.54953
2023-05-16 09:00:00,26.915684248328546,37.00235,9.894928,22.339640877870682,42.718494,14.744746,1.3614474525317435,3.2035844,0.1306705
2023-05-17 09:00:00,27.735370189539083,37.552155,11.256744,23.994104489704224,40.22641,16.444557,1.3291366707657624,2.9807017,0.3142677
2023-05-18 09:00:00,28.388329961451916,37.863434,13.936676,22.386799241057982,32.02486,14.903795,1.6273612547135756,3.4003236,0.5304103
2023-05-19 09:00:00,28.515968105586524,37.98697,15.485016,22.734648389196412,34.703655,14.393582,1.4584433829813273,3.425559,0.19609807
2023-05-20 09:00:00,27.559051157165243,36.822174,15.042633,29.4540365030545,43.55012,16.840317,1.5337399090195813,3.4446635,0.06948414
2023-05-21 09:00:00,26.028603458676116,35.36783,13.389313,35.88109843402096,53.435917,24.197636,1.321238365113186,3.39522,0.051804602
2023-05-22 09:00:00,27.046163944905118,36.68228,12.91153,45.219812658873934,70.82272,26.786545,1.047829387048643,2.5364742,0.13479204
2023-05-23 09:00:00,27.335120939053866,37.48477,12.30069,24.218609837134117,36.38967,2.2525597,1.6189294706136745,3.975759,0.026439682
2023-05-24 09:00:00,23.611685624132065,32.13272,11.101471,31.655001872116305,45.477272,4.861882,1.6438204161423533,3.594937,0.85986984
2023-05-25 09:00:00,21.233216170740775,29.674225,8.990631,41.99389109599637,58.290054,24.770948,1.1919065445123453,2.990938,0.38570398
2023-05-26 09:00:00,20.45156787749994,29.589508,7.354645,49.536085800632115,61.580063,36.8177,1.4121120580843516,2.908751,0.37814596
2023-05-27 09:00:00,21.537308752060653,29.815582,9.903717,55.351955317989166,65.04157,44.69091,1.282023985540929,2.8237555,0.111349665
2023-05-28 09:00:00,23.65015072348865,32.51358,10.493317,44.02457984350808,53.993156,35.399414,1.4622263447087616,2.978449,0.57788485
2023-05-29 09:00:00,22.001927959010686,32.094635,10.092926,45.68917007762938,55.903915,33.715084,1.6243477802657842,3.446167,0.52837557
2023-05-30 09:00:00,21.098648703170625,30.704254,8.976471,52.28988431550443,76.166824,28.032867,1.34640551999876,3.220265,0.08480207
2023-05-31 09:00:00,20.198152849012274,27.861725,10.29776,53.69152661360943,76.194725,16.25332,1.4530092646910262,2.9971333,0.07138574
2023-06-01 09:00:00,22.460806069087653,30.979889,10.281647,51.2890035136184,69.251434,29.450653,1.1844558474308393,2.4864395,0.28260535
2023-06-02 09:00:00,23.232050422719396,31.696686,11.362213,33.03102085098778,50.89363,19.446037,1.410591893898765,2.7887993,0.51755136
2023-06-03 09:00:00,24.92918368319897,32.965973,13.305817,29.62534435765232,40.059795,13.017348,1.2652280052072684,2.9823318,0.17636892
2023-06-04 09:00:00,26.65918121914285,35.38614,12.811432,29.6411529766268,35.2531,18.361141,1.0484702428763764,2.5631855,0.04628402
2023-06-05 09:00:00,27.726471274526318,37.926666,12.591461,27.475557151722978,44.683655,20.644691,1.5116014833594849,3.8474267,0.13178067
2023-06-06 09:00:00,22.162371391146735,31.698395,9.9027405,39.90753627502392,52.251114,18.559706,1.5854586753191096,4.1007767,0.13817178
2023-06-07 09:00:00,18.684798397462032,26.86441,8.1805725,70.07110447610829,96.653,14.090496,1.2310205709425985,2.9500637,0.21933171
2023-06-08 09:00:00,19.0264745755573,25.63272,9.695221,72.52972354891364,90.20891,35.568283,0.5759497658791264,1.1665636,0.029527744
2023-06-09 09:00:00,21.713907003413567,29.51651,10.648346,60.80576719031429,73.00147,42.96241,1.2393233560514554,2.8775296,0.15357447
2023-06-10 09:00:00,22.92331755494388,32.164215,10.093903,51.938208708116434,61.951366,27.47871,1.4943588799810608,3.7280324,0.073170386
2023-06-11 09:00:00,20.966908797359736,31.185211,7.8785706,48.66813551669023,75.93003,25.829464,1.144952192370922,2.4596515,0.11214997
2023-06-12 09:00:00,21.019689999743605,31.362213,7.549713,55.11329790077427,65.04996,41.761536,0.9910650844173545,3.3480484,0.07943753
2023-06-13 09:00:00,21.921860948539518,30.808502,10.305084,59.28368202783701,72.804054,48.081432,0.9770021408057056,2.5781229,0.101923116
2023-06-14 09:00:00,24.261566028606865,33.719147,12.529694,55.626950821722154,66.61334,40.17279,1.3021535293909838,3.1699417,0.17619272
2023-06-15 09:00:00,25.374721114599595,34.779938,12.224518,53.81364142204713,63.122,44.718674,1.232365204389732,2.9042785,0.33728075
2023-06-16 09:00:00,25.52408207401629,35.242584,13.014801,46.078648378945495,56.84847,35.102375,1.3082368849159118,2.9026275,0.30246907
2023-06-17 09:00:00,26.71431499747945,36.227448,13.694977,44.53100777509371,54.24387,31.456911,1.0599444226738775,2.0033736,0.37443194
2023-06-18 09:00:00,28.203917744569594,37.974762,14.302887,40.24054625847207,50.985493,31.773994,1.7166828615551728,2.8207107,0.25695103
2023-06-19 09:00:00,25.65212910000929,36.157867,12.066071,25.90582264862857,51.752964,-1.4099026,2.979701067484785,4.6554856,1.0073805
2023-06-20 09:00:00,19.988410849105207,27.914215,7.8888245,19.7316481343404,37.90215,6.6057277,2.505302991942377,4.3925076,0.64990044
2023-06-21 09:00:00,21.296097720860075,28.511871,10.322662,23.439721130211986,35.457134,9.086763,1.73934074072325,3.4059126,0.4782113
2023-06-22 09:00:00,23.153107293120286,31.261871,10.511871,26.593790423159298,35.319714,19.468151,1.333341246866359,2.4359622,0.610414
2023-06-23 09:00:00,21.473454596306,31.200836,9.068024,40.33768789788171,64.37621,25.439846,1.7730632720104684,2.8372426,1.1765871
2023-06-24 09:00:00,22.518766175949793,30.037994,10.936432,43.91766075163744,61.6084,22.425894,1.2800448987419872,2.9423249,0.37346977
2023-06-25 09:00:00,24.83725046463894,32.388092,13.175201,40.01546821819179,51.716793,25.380856,1.7068381031527462,3.6833365,0.6807228
2023-06-26 09:00:00,24.018484174584046,31.991608,11.964264,37.79075165223626,49.18472,29.97385,1.9207236459706583,3.9511797,0.79547596
2023-06-27 09:00:00,23.945400036862225,32.53604,11.938873,31.94090990591878,39.33069,19.216805,1.6119405558331905,3.2281296,0.6239606
2023-06-28 09:00:00,25.283891399555102,33.2648,12.915192,34.276718591604315,41.748756,23.803082,1.3786683886191502,3.2123306,0.1533793
2023-06-29 09:00:00,26.75468272743757,34.84903,14.757477,32.86177830375777,38.55833,27.542706,1.6581791929730143,3.1684897,0.5268582
2023-06-30 09:00:00,30.082784374453468,37.86441,18.337067,23.480829241030268,30.593803,15.377448,0.9683385792937785,1.9690868,0.23154832
2023-07-01 09:00:00,33.11913418682195,41.801666,19.670074,20.34124314251086,28.29766,16.858772,1.0806174312193566,2.2844205,0.10793064
2023-07-02 09:00:00,35.653620619046876,44.95816,20.90738,19.29986805579959,29.45935,14.514039,1.2006834998096325,2.9819677,0.12691483
2023-07-03 09:00:00,34.70994376319669,44.712067,19.756989,21.567860979874776,33.06451,16.6581,1.4703540891086624,2.9672887,0.06702188
2023-07-04 09:00:00,32.32651237914075,41.57608,18.679596,22.59337318044486,30.781143,15.320205,1.5537968248689902,2.8775194,0.6446928
2023-07-05 09:00:00,31.408937303493587,39.820465,19.295074,26.50524107287742,36.94358,17.38036,1.4276049517606186,3.2063925,0.28776598
2023-07-06 09:00:00,31.02996960643617,38.98355,19.80191,26.957669048898026,32.215324,22.098137,1.5962950898686552,3.336971,0.77063274
2023-07-07 09:00:00,29.253072942595054,37.36734,17.851715,23.9251099501582,37.676483,9.739561,1.753245893477517,3.4911823,0.7653079
2023-07-08 09:00:00,28.215647195501333,36.103424,17.191803,28.34518559622964,43.638214,16.421875,1.9627460669036652,3.856149,0.32566446
2023-07-09 09:00:00,27.924959634176105,34.91446,17.935944,24.959442861948638,46.65586,9.780384,1.911495728549008,3.9096258,0.54885614
2023-07-10 09:00:00,26.7937608429595,33.640533,18.254547,28.058890207859054,42.689785,14.437084,1.6792775045939972,3.713188,0.3890762
2023-07-11 09:00:00,28.758011129836973,34.77115,19.07193,20.387621027797522,26.349262,10.848507,1.1998500882564167,2.3803291,0.36244392
2023-07-12 09:00:00,30.938148252267354,38.440826,19.292389,17.286498475427024,25.998608,7.7275276,1.0951279026063367,2.197278,0.19004388
2023-07-13 09:00:00,31.719929888677655,39.413483,20.589996,16.402687660379748,22.265518,8.910049,1.450213803451419,2.9836795,0.6686652
2023-07-14 09:00:00,32.9854084960225,40.297028,22.481354,12.050303506098345,17.787815,5.5417213,1.502108074865019,3.2153118,0.25868452
2023-07-15 09:00:00,34.64624160641978,40.90982,24.85318,12.811009813584063,19.76896,5.9642735,1.2445239986885694,2.7292752,0.09020836
2023-07-16 09:00:00,37.30590700987665,44.592194,26.041412,12.348846451163835,20.013973,8.244786,1.0448993543154357,2.282652,0.20131819
2023-07-17 09:00:00,36.177420347765064,44.7128,24.367096,20.520062072439277,24.58374,15.704834,1.15151646049827,3.018037,0.06746436
2023-07-18 09:00:00,35.03506827440748,43.989655,22.740875,23.75877006941299,29.344727,13.348634,1.4803452785810478,3.4338334,0.6562466
2023-07-19 09:00:00,32.65832569900289,41.808502,19.566315,26.690498571803502,38.92663,17.92554,1.3865884205766044,2.4794981,0.49909788
2023-07-20 09:00:00,33.302035468355825,42.016754,20.85196,22.406306500573148,28.457087,14.850808,1.4746417784880763,3.3564694,0.52446854
2023-07-21 09:00:00,34.198944728749325,41.710358,23.382233,13.400510814749522,20.435032,4.535631,1.1604962927045515,2.6829395,0.08914069
2023-07-22 09:00:00,34.75010259532485,42.3356,22.840973,14.313276042537762,22.665047,5.187047,1.1024966463781989,2.5018563,0.07404188
2023-07-23 09:00:00,36.00673206850723,44.40689,23.572906,16.639848266106945,25.508698,9.74297,1.1233945880935554,2.1914573,0.07263025
2023-07-24 09:00:00,34.03032421269489,43.723297,21.141266,19.955344417359353,31.429821,8.17811,1.6180282956177856,2.8810697,0.6015466
2023-07-25 09:00:00,32.46982983308908,40.598297,20.447174,16.51360952570113,24.093971,6.8357716,1.7718689201290905,3.5754795,0.21379007
2023-07-26 09:00:00,33.39732956208513,41.450104,20.752838,17.715281659218913,25.90104,10.557114,1.2201315030882267,2.3745916,0.33484945
2023-07-27 09:00:00,33.008022854804324,41.77066,20.112457,17.12545102114343,19.93806,12.532179,1.741892811205205,3.614558,0.28885567
2023-07-28 09:00:00,32.74190361266102,40.894684,20.92984,18.36670637633339,22.161549,14.096912,1.9612778922222767,3.6598706,0.41940752
2023-07-29 09:00:00,32.22369520184975,39.679108,20.421295,16.878181803053103,20.316463,11.359431,1.6333136287835408,3.0335891,0.4606469
2023-07-30 09:00:00,32.4753096850244,40.383698,20.303131,18.419009194519983,21.942879,14.4084835,1.797219795024764,3.3116329,0.5314923
2023-07-31 09:00:00,32.857609563038636,41.146393,20.13272,15.095338943901544,21.062569,10.170945,1.6545076445454765,3.3405128,0.5467993
2023-08-01 09:00:00,31.929600771939477,40.94278,18.981842,18.85347192317711,27.725422,12.065655,1.4608353476959595,2.5732422,0.4592285
2023-08-02 09:00:00,30.453697161415732,38.938873,18.404205,20.293154304885796,30.163506,10.25335,1.4999129502402317,2.8027873,0.680263
2023-08-03 09:00:00,28.54736308220191,36.054108,17.714264,29.987604210524744,38.77984,18.072805,1.650741911193611,3.1393678,0.7592405
2023-08-04 09:00:00,27.785880747641954,34.635406,19.369293,23.342412546349834,38.028225,10.949781,1.706931052737909,3.3766134,0.27721953
2023-08-05 09:00:00,29.21197125335226,35.331207,19.046051,17.52441448002745,34.3987,7.4104195,1.6698401894683097,3.1301455,0.62241316
2023-08-06 09:00:00,30.676736127769004,37.360016,20.083893,16.723851089104354,29.337858,6.7597327,1.734726220124641,3.1695812,0.43282086
2023-08-07 09:00:00,31.767467552468247,38.87613,20.098785,20.202424078511488,26.433521,10.464664,1.2301295481532166,2.3070145,0.3908078
2023-08-08 09:00:00,31.994733330523275,40.69107,19.214508,19.49809603451539,26.221523,15.605628,1.5854512708629072,3.6817443,0.37919807
2023-08-09 09:00:00,30.78337695678323,39.066803,19.047272,12.498661572291015,21.094353,3.1256218,1.4669569416145674,3.0126972,0.6202651
2023-08-10 09:00:00,29.970239368056184,38.026276,18.292389,22.645687229830507,28.307594,12.261693,1.1904767921471384,2.9537373,0.34805396
2023-08-11 09:00:00,26.823934384593258,36.02481,15.175201,49.69335762864555,63.627563,30.748657,1.1165610844949725,1.9326417,0.18896142
2023-08-12 09:00:00,28.101972497020256,35.989166,16.505035,37.69796564988772,50.73987,29.453058,0.9838343328700364,2.0270162,0.068297245
2023-08-13 09:00:00,30.148441613058083,38.52823,17.412262,32.52996760184471,41.964874,24.424534,1.099838618502182,2.468527,0.13690396
2023-08-14 09:00:00,30.308940181518494,39.797028,15.628571,25.574224679895096,30.654036,20.429817,0.8343623205307814,1.9054066,0.26652166
2023-08-15 09:00:00,32.561359180792124,42.30191,17.82315,24.768534858678784,31.98753,15.972085,0.8618190366862358,1.8957365,0.13906348
2023-08-16 09:00:00,32.62320923186422,42.66104,16.25235,22.59700331814035,47.148987,11.149084,0.6371404382582793,1.6640577,0.060328774
2023-08-17 09:00:00,32.12786967659355,42.84854,16.50943,25.094668030481003,46.631245,9.943745,0.7048177963695526,1.388966,0.13642836
2023-08-18 09:00:00,32.71731282384843,43.034332,17.323395,22.38983633479528,32.159946,10.202916,1.4604694719848792,2.9876602,0.61532384
2023-08-19 09:00:00,30.726567319506046,40.21353,15.301422,24.386667150857377,38.885353,15.0714855,1.144999772259592,2.3633952,0.073702365
2023-08-20 09:00:00,27.736378230219657,38.97354,13.510651,56.11785170278723,89.50827,35.95749,1.0988434639069011,1.6721308,0.2702964
2023-08-21 09:00:00,21.88525260824082,29.772858,10.674469,56.693350915091884,69.323494,44.661903,1.2594270492005195,2.95618,0.2728806
2023-08-22 09:00:00,24.011920813602956,32.372955,12.659821,54.76282777980297,69.4586,41.66273,1.2847119697582585,2.8555589,0.2786678
2023-08-23 09:00:00,27.12150135373139,34.62491,15.579987,42.29206429455649,53.73681,30.28851,0.8416406898041944,1.8950813,0.33261755
2023-08-24 09:00:00,30.101595761759313,37.566803,17.922272,33.67961633446738,40.85434,24.359716,0.7530758303663291,2.0493495,0.10053891
2023-08-25 09:00:00,30.437094366779093,39.58853,17.31314,30.430675323148684,45.182243,3.5023594,1.317741608917705,2.3980303,0.4603821
2023-08-26 09:00:00,29.358962034965316,37.100006,17.906647,28.08805132200288,41.88604,16.089722,1.012118975932956,2.234219,0.31801775
2023-08-27 09:00:00,29.730679693796617,37.689117,17.804352,23.228022653744382,32.50029,12.140916,1.2901843638949597,2.8571157,0.42307803
2023-08-28 09:00:00,30.66339743024065,38.04068,19.34732,16.147555626589885,29.538115,5.2998333,1.351597619812708,2.893817,0.11565354
2023-08-29 09:00:00,31.889607969539554,39.31314,20.319,15.030048137973013,23.403397,7.8213663,1.6044052101728175,3.1683745,0.29121417
2023-08-30 09:00:00,30.954012148168147,38.06241,19.624908,12.199940366853099,19.928204,4.869804,1.500109566366006,3.0164268,0.1535574
2023-08-31 09:00:00,31.59616052661852,38.543365,19.644928,12.660044114349228,19.209185,5.723529,1.0704980751903606,3.0884264,0.10237281
2023-09-01 09:00:00,29.58337698568255,38.783844,15.670563,16.53038369465622,25.412125,7.166505,2.217967635510766,4.2295146,0.45802945
2023-09-02 09:00:00,25.169335911070164,33.659332,11.815582,38.149677734402616,62.53879,28.722368,2.0132456073460543,3.2610843,1.3125169
2023-09-03 09:00:00,22.244541458147808,30.187653,10.908356,67.41464373768461,86.22814,38.666283,2.0052990424134394,3.1082876,1.0847421
2023-09-04 09:00:00,20.918049124484526,27.10904,12.256012,45.98347224178216,68.4063,23.742998,1.3323846287768017,2.9064958,0.05117693
2023-09-05 09:00:00,24.614133880700933,30.912018,14.755768,38.97542305070384,48.95487,31.173618,0.9724632588998312,1.7625402,0.44020277
2023-09-06 09:00:00,27.26145920268806,34.707428,15.560944,35.522067527130886,44.234516,28.343891,1.0964379731894192,2.4016776,0.32704452
2023-09-07 09:00:00,27.82470855648984,35.467194,15.678131,33.304072644937534,49.807434,13.408998,1.2383372089180316,2.5218973,0.15286511
2023-09-08 09:00:00,28.525052188943732,36.04019,16.12613,21.964695854879384,27.839775,14.250649,1.2494400213014578,3.0329554,0.4076529
2023-09-09 09:00:00,29.960486985823024,38.07242,16.605621,24.301842977951182,28.011919,19.803204,1.2394312188898036,3.2578404,0.29638126
2023-09-10 09:00:00,29.425867080660794,37.9252,14.149811,32.701266913466625,45.51094,21.502935,1.2775964549624665,2.8758724,0.21367458
2023-09-11 09:00:00,28.448479744458268,36.862457,14.567535,35.110060900659974,55.19648,20.785816,1.1900582983805537,2.766527,0.14869186
2023-09-12 09:00:00,27.626375757323444,35.704987,14.308014,32.22100634103623,44.250225,24.348482,1.1626144328526522,2.5397322,0.37779334
2023-09-13 09:00:00,27.46532880732269,35.844635,14.629791,31.592424255146614,43.138435,25.266796,1.153268823094747,2.3030472,0.41372862
2023-09-14 09:00:00,27.068871019933056,35.5961,12.638092,28.42573916929777,36.877342,19.492249,1.1077214168024834,2.3937688,0.1522282
2023-09-15 09:00:00,28.00720041821171,36.599274,15.075836,30.00037338932474,36.092144,22.81514,0.9534454272412212,2.1053712,0.07133821
2023-09-16 09:00:00,28.27472992015356,36.926178,14.982819,27.62636860931108,32.581547,22.16645,1.1284776402734287,2.6719484,0.074455276
2023-09-17 09:00:00,27.00260093360305,35.74356,13.925201,33.40973933088455,42.36912,20.25584,1.4178086593536086,3.384883,0.22136942
2023-09-18 09:00:00,25.16142075421908,32.99063,13.607819,51.401244408572964,67.9002,25.497856,1.4932822770389993,3.4071577,0.13248569
2023-09-19 09:00:00,24.043379221129157,30.813873,13.04776,55.746184774907505,73.81933,21.912327,1.2253636448293752,2.8716347,0.14866449
2023-09-20 09:00:00,23.93510865135255,31.290436,12.278717,48.45830847681684,61.570694,22.444279,1.0689037573767532,2.3921752,0.20528485
2023-09-21 09:00:00,23.7248351121591,32.58902,9.55777,46.708845669813456,62.307922,25.280148,1.5874267217646003,3.162004,0.4880698
2023-09-22 09:00:00,21.928171891678403,29.530182,10.775787,25.587995133757573,55.046432,10.098312,1.22252072927074,2.4181752,0.5089175
2023-09-23 09:00:00,23.0537394090764,30.495514,11.464264,27.77895373207461,40.573647,17.151318,0.9903604563299679,2.0177836,0.40502587
2023-09-24 09:00:00,24.165975149109613,31.665436,12.393951,23.1795796478598,36.890793,12.523605,1.0275636099700136,2.2485716,0.28376177
2023-09-25 09:00:00,25.354444883980932,33.06363,13.030426,19.01197883179742,34.014347,0.21834946,1.2447587649936775,2.6350694,0.24265057
2023-09-26 09:00:00,25.119131909128384,32.510895,14.64151,25.390013887930934,36.496666,11.095786,1.6752405806638404,3.2934918,0.40903535
2023-09-27 09:00:00,24.29445491822929,29.695465,15.315826,19.1905413494933,35.866238,11.86233,2.0862039592785226,4.0844765,0.46424764
2023-09-28 09:00:00,24.393786830997612,30.047272,14.457428,28.482447498814917,47.905293,14.917154,1.9329951481266825,3.6301234,0.5280476
2023-09-29 09:00:00,24.258637612624455,30.18814,14.1822815,25.018938022473343,44.65235,4.68762,1.3622311741319386,2.2882943,0.5316783
2023-09-30 09:00:00,22.04192188954198,31.25113,9.421051,47.25443846024322,61.98005,32.2019,2.0028127863513436,3.303035,0.8645968
2023-10-01 09:00:00,15.39286718948938,24.233551,2.837799,62.75154350854954,76.04136,36.149017,1.0140161900012115,1.8582858,0.32024607
2023-10-02 09:00:00,16.32977901423277,24.906158,4.046051,66.83228752126213,81.24295,49.341164,0.7922749329628122,1.4360881,0.18206501
2023-10-03 09:00:00,19.81462242446446,26.952057,9.575348,46.16765031071576,61.27724,35.281147,0.6837501743972522,1.2467415,0.024550416
2023-10-04 09:00:00,22.656551968702843,29.474274,12.189117,37.50243280452441,48.45731,29.679966,0.727657521369262,2.088604,0.094112284
2023-10-05 09:00:00,25.71937781473207,33.513824,13.732574,29.70397299125097,40.659843,22.71844,0.8091854182464059,1.815994,0.25786135
2023-10-06 09:00:00,27.740648306001958,35.87686,15.369049,24.273950309274944,33.26052,17.877708,0.7870138543656983,1.4589852,0.31912762
2023-10-07 09:00:00,28.800375100390966,36.90103,16.48111,24.574241889386375,33.251507,18.232574,0.40000744711042485,0.93146986,0.11378423
2023-10-08 09:00:00,29.502951075666715,38.28238,15.643707,22.17433581863022,29.47948,15.524638,0.5786153840625065,1.3026196,0.09633312
2023-10-09 09:00:00,28.04696919479005,37.20523,13.275543,21.022291672381535,26.461784,14.228962,1.2448709589286469,2.3886862,0.18481179
2023-10-10 09:00:00,21.643986863946907,28.732819,12.005768,29.743564297318493,40.933933,19.543308,1.7929783623457685,3.1064992,0.15752289
2023-10-11 09:00:00,20.532799657968383,28.140778,9.246246,42.071191265343906,72.64617,19.67929,3.1360983686549018,5.2682896,0.85335827
2023-10-12 09:00:00,17.943952884465205,23.714996,9.032379,33.47628405338475,55.88356,17.184341,1.6171600572544902,3.0999608,0.18184724
2023-10-13 09:00:00,20.03327658229057,26.88736,10.0104065,22.05798735299947,37.258278,13.781582,0.42117016593106804,0.9523461,0.038575605
2023-10-14 09:00:00,22.081430945017644,30.549225,9.494293,20.181560419942112,30.225142,0.77255726,0.8333519530442466,2.337647,0.14126807
2023-10-15 09:00:00,23.36523622712599,30.39566,13.481598,20.337806739961557,24.600006,15.762998,0.5912801026912732,1.2915928,0.12500441
2023-10-16 09:00:00,25.23086919429295,31.46988,15.055817,19.267342448990913,24.54282,14.714696,0.8688298515374775,1.856605,0.02358239
2023-10-17 09:00:00,24.41176720489534,30.773346,13.847809,16.742478443617554,24.216928,10.622221,1.5530849563965718,3.2717707,0.22249177
2023-10-18 09:00:00,24.15591562732976,29.240143,15.771393,16.706730545127805,22.275154,13.174878,0.7341065847379675,1.2741058,0.3144412
2023-10-19 09:00:00,26.902353601937932,32.818268,17.17569,17.29511673618814,20.698544,14.064068,0.3754975722703779,0.9770709,0.076132305
2023-10-20 09:00:00,27.826799141998436,34.74356,16.460358,17.58378771176361,25.965162,7.225215,0.6118717810954764,1.3367633,0.13964152
2023-10-21 09:00:00,26.53975803697358,35.36319,13.677643,22.895496122111762,37.02176,18.107697,1.0860210535709067,2.4642916,0.10115907
2023-10-22 09:00:00,22.394194536497025,30.167877,11.413971,44.60681474241129,63.079407,24.716125,1.5956368887720904,2.972479,0.43398595
2023-10-23 09:00:00,18.54095019822796,26.129791,7.467682,62.48828891778051,79.19771,32.105755,1.8666789691205523,3.8287292,0.12577654
2023-10-24 09:00:00,18.00598093012269,23.94815,8.902496,47.026378699477746,65.3335,20.141945,0.5639199819039129,1.2991828,0.030444613
2023-10-25 09:00:00,20.311599148092284,26.55777,9.842926,30.391872438138602,55.668846,8.889168,1.111206379749679,2.6978748,0.2490848
2023-10-26 09:00:00,17.943814662873763,26.694733,5.62442,34.1445945951701,52.447105,17.394043,2.404246414295481,4.52612,0.5347551
2023-10-27 09:00:00,15.426783472481873,21.482086,5.778961,20.44755332255829,49.7247,-3.0799866,1.403015634531077,2.2047758,0.4478716
2023-10-28 09:00:00,15.641783027687723,22.139801,4.8839417,15.100372524204145,30.920267,-0.751441,1.561571494146177,2.7079577,0.46187806
2023-10-29 09:00:00,14.271943808752326,20.369781,2.7638245,14.56909802437944,23.88313,5.972933,1.3776774756818815,2.495129,0.18123226
2023-10-30 09:00:00,17.014284413447456,23.535065,6.427643,10.302003459414864,19.13625,7.343281,0.7854091134239488,1.7611048,0.31617764
2023-10-31 09:00:00,18.670706770320862,24.572906,9.670563,9.399193848594614,14.686992,4.6052694,0.5878382202664363,1.4872013,0.14263846
2023-11-01 09:00:00,19.82905568185788,26.026764,10.784576,9.66054137494432,19.319662,4.272787,0.4384064997927082,1.1187738,0.04436975
2023-11-02 09:00:00,19.74895139789311,26.051422,10.563141,10.576000679951555,19.579128,3.5959444,0.31506175791506597,0.7216752,0.05038859
2023-11-03 09:00:00,21.5325830756359,27.708649,11.689117,21.29194843876519,30.315083,16.412739,0.5730721002706242,1.2919931,0.034806002
2023-11-04 09:00:00,21.698257850839582,27.826324,12.281403,21.99288104783735,28.956047,17.579414,0.5867986257129042,1.5947996,0.09805528
2023-11-05 09:00:00,21.803286568021633,28.45279,11.050446,23.949331673606725,32.86409,18.236286,0.73664649565131,2.708268,0.054969303
2023-11-06 09:00:00,20.544327802122666,27.118317,8.911285,32.44230745696233,45.069565,22.412712,1.1153153952263377,3.4034727,0.20202169
2023-11-07 09:00:00,17.11727491476603,25.677643,4.3885803,57.13752545001132,71.4975,37.898228,2.4023065122547917,3.611167,1.3897939
2023-11-08 09:00:00,12.797226809557685,20.638092,-1.6065369,28.087962973729354,40.78743,19.373367,1.8581836836518881,3.3697927,0.19511952
2023-11-09 09:00:00,13.757711958955213,21.160309,1.1332092,10.279944912108268,24.438028,3.8325596,0.9356776262811184,1.6471468,0.43925306
2023-11-10 09:00:00,13.883232651640867,21.10318,1.2303772,9.665410058682134,15.928883,4.613394,0.8497015776506551,1.7788105,0.09416293
2023-11-11 09:00:00,15.33909721952449,21.776031,4.7623596,13.553666688488121,23.011196,2.6420279,0.6214731868001201,1.3309991,0.05996673
2023-11-12 09:00:00,16.664701593247912,22.358307,7.9266663,16.920771555108733,24.505396,12.239771,0.3623330557646368,0.9294991,0.02464111
2023-11-13 09:00:00,17.878582000782103,25.094635,3.0065002,15.78165817967911,23.270056,10.689183,1.0334707382098194,2.879445,0.2870119
2023-11-14 09:00:00,17.138671460269165,25.455719,5.063629,20.601951868988817,24.75129,14.590169,1.3694508764738473,2.332616,0.40158787
2023-11-15 09:00:00,17.987396854670237,25.516266,5.3854065,16.69015353394637,26.219051,4.506115,1.1807167480716567,1.9878055,0.5141227
2023-11-16 09:00:00,12.919534429192424,20.861969,-0.071624756,63.932250408386714,92.7352,46.868916,1.0456004535133283,1.5504758,0.10486714
2023-11-17 09:00:00,15.389249941541607,23.670074,1.3536682,53.4582099604931,75.97684,30.526358,0.7200241020046246,1.1526861,0.20389147
2023-11-18 09:00:00,14.365588268536726,23.07486,-0.1578064,57.768707919796555,73.87723,34.82254,1.795474221292111,3.1067247,0.45938107
2023-11-19 09:00:00,11.726251151938982,18.942047,0.049468994,32.2677483744463,74.98353,12.912662,1.779289470033975,2.5734777,0.33379224
2023-11-20 09:00:00,11.855409904537453,18.046051,-1.5818787,17.964164627392126,34.978806,7.6350574,1.8113878549958546,2.9931068,0.43782175
2023-11-21 09:00:00,13.620653579659631,19.439362,3.0799866,15.411570799838444,29.110641,7.966111,0.7358206005962081,1.9209026,0.04335233
2023-11-22 09:00:00,15.99279187001224,22.836334,7.5101624,15.499914956834703,29.658318,6.8731623,0.6941287216710242,1.5614252,0.09613323
2023-11-23 09:00:00,15.55313926897395,20.58316,7.0519104,20.99650604042248,38.12353,6.709319,0.7502841962672054,1.5917077,0.028670095
2023-11-24 09:00:00,12.985395667767648,21.367584,-1.0874939,38.85843220103334,67.82619,15.013625,1.1591259229098612,2.4260657,0.08462418
2023-11-25 09:00:00,9.907320250576674,18.152496,-3.1619568,28.434517407615626,52.128197,12.593042,0.8239891731497362,1.5436133,0.22866197
2023-11-26 09:00:00,10.12907864120558,18.376373,-5.0767517,23.512398700454867,31.300137,17.676842,0.8664908483791919,1.9412755,0.15218285
2023-11-27 09:00:00,10.237890658903098,18.213531,-2.7493591,21.00263378483261,33.196114,10.6492405,0.9648955578296186,2.5683463,0.16218702
2023-11-28 09:00:00,12.127138189197979,20.441315,-2.3555603,20.654581673760614,29.952469,12.311936,0.6019118234868788,1.4913523,0.05470267
2023-11-29 09:00:00,12.546108239446426,20.360992,-1.519867,38.008183731396734,52.569855,28.142319,0.7337712404428235,1.3556432,0.044900924
2023-11-30 09:00:00,10.837841660422214,19.79776,-2.922943,68.81274881881012,84.06812,46.011856,0.829551274204261,1.5035528,0.07565757
2023-12-01 09:00:00,9.462217814911924,18.19571,-4.0152283,60.60900235809623,75.52488,45.677227,1.882659600297965,3.2281504,0.12585135
2023-12-02 09:00:00,9.469924722877124,17.01773,-3.1116638,46.30805751939086,58.06508,35.15941,0.7749018892997455,2.19719,0.042643372
2023-12-03 09:00:00,11.653892287721192,17.909576,1.8356018,55.60294251248955,68.35533,38.28502,0.5815017716732676,2.1672218,0.04850893
2023-12-04 09:00:00,11.708206777194562,17.275055,1.9566956,35.05911129963503,45.11818,25.466253,0.761692091009933,1.1355518,0.102834985
2023-12-05 09:00:00,13.661143056848687,18.912506,4.332428,29.05519904621125,43.344078,21.430103,0.7408885082651793,1.3790766,0.12609775
2023-12-06 09:00:00,15.258722042438478,20.610596,6.366455,27.943409106049618,46.73252,19.612457,1.0367821770800307,2.1626616,0.33362794
2023-12-07 09:00:00,13.520313697722031,22.42575,-0.41799927,30.715078111736428,51.2283,13.072047,2.237740484963593,4.342186,0.2739284
2023-12-08 09:00:00,10.578188712887425,18.367096,-2.976654,23.019950878115456,45.70636,12.401673,2.087373019228428,4.0304213,0.048521727
2023-12-09 09:00:00,9.655635210279058,15.220886,0.30862427,21.651601192702355,49.333736,6.283429,1.1256526312080313,1.8743858,0.07652468
2023-12-10 09:00:00,11.591702220385628,16.307526,2.5350647,25.13236105855716,47.814148,10.314149,0.652923430284979,1.240195,0.08775217
2023-12-11 09:00:00,12.45994183815668,16.66446,5.2308655,15.043101338121398,30.6963,3.9217644,1.0191158373834712,1.7700137,0.047090206
2023-12-12 09:00:00,11.727044214692683,17.125885,0.077056885,27.098046943937664,41.96131,17.386219,0.7759614899707581,1.5880698,0.05087488
2023-12-13 09:00:00,10.138471177422787,16.633453,-2.4915466,27.184037124584446,56.423733,16.39709,0.9954885126423763,2.247105,0.28842592
2023-12-14 09:00:00,11.761994509024419,18.539398,-1.5602112,19.575213793767297,31.03965,12.43363,0.46472250665538306,0.9800989,0.04462137
2023-12-15 09:00:00,13.198028050366759,20.050934,2.636383,16.960715673666403,46.142952,6.658581,0.6330635611270856,1.2296884,0.04118801
2023-12-16 09:00:00,14.426574494740123,21.506744,3.4618225,16.956768593738886,47.879955,6.012767,0.6586971259272779,1.301263,0.054456625
2023-12-17 09:00:00,15.983099187091398,20.592194,7.8578186,16.65548901428886,41.08069,8.171237,0.6471748050205126,1.3715186,0.12802793
2023-12-18 09:00:00,13.78728460025684,19.613678,3.428131,22.953384733312614,45.066437,11.324248,1.1458867980665093,2.0975282,0.473615
2023-12-19 09:00:00,11.843141858019408,17.53946,1.7660217,77.3589080892088,96.79915,57.45424,2.0024817539015647,3.159852,0.97360265
2023-12-20 09:00:00,11.914658352557353,19.953033,-0.28329468,74.63468037355256,83.97036,64.005005,1.714930665602703,3.0134223,0.7509634
2023-12-21 09:00:00,9.388145905021247,15.243042,-1.9385986,66.52816354512083,91.353134,39.44298,1.174809043365171,1.9282676,0.3825237
2023-12-22 09:00:00,9.675253900354164,15.3089905,-2.167572,54.85491250206942,87.55098,37.640823,1.4251637907551447,2.1411088,0.30586228
2023-12-23 09:00:00,10.660421206886724,17.771637,-1.7459412,51.957353933641116,72.28081,32.776905,0.4101644155655473,1.0101992,0.10929833
2023-12-24 09:00:00,10.009889026072074,15.78775,0.8873596,31.495445114863756,60.65877,9.182936,0.5731572896317396,1.0994766,0.16625872
2023-12-25 09:00:00,10.159913806668897,15.226105,1.4897766,30.195704352674525,45.513382,10.914501,0.7617091387390271,1.4830512,0.12113475
2023-12-26 09:00:00,11.783375083073736,17.098053,3.3910217,29.898656238894965,55.80397,6.4328766,0.4861946198659431,0.8329328,0.16927812
2023-12-27 09:00:00,12.096861862772187,17.69107,1.2516174,18.579176083640593,40.799107,1.3459826,0.9885685115328259,2.0585942,0.22273292
2023-12-28 09:00:00,12.408795522770333,19.75113,0.8541565,25.900412684075807,49.119347,7.0529385,1.1724856027350088,1.9009316,0.20682035
2023-12-29 09:00:00,15.001473457718646,21.763092,4.78067,32.10538009127952,57.285076,10.134833,1.0172007466920765,2.0381672,0.15067211
2023-12-30 09:00:00,13.320920659748424,21.4169,0.9598694,42.77765589160035,86.50492,20.518808,1.1902183826187105,2.1977453,0.26560712
2023-12-31 09:00:00,8.520143226267749,16.468414,-2.8890076,61.45813508215729,86.01384,36.474724,0.5604177204047718,1.1614621,0.056748237
