time,t2m_mean_C,t2m_max_C,t2m_min_C,rh_mean,rh_max,rh_min,wind_mean,wind_max,wind_min
2013-01-01 09:00:00,7.278709939772909,11.1362,1.3881531,33.46422924949102,55.112118,14.710491,0.9111008222098241,2.2762551,0.14533125
2013-01-02 09:00:00,8.469025869895006,12.615204,1.0749207,20.963972798284757,30.033684,14.6704035,1.7890556577555718,3.950187,0.28200164
2013-01-03 09:00:00,10.356322260297986,13.286194,6.444397,15.242160162016848,21.919758,9.663467,1.2930111104777813,3.0077896,0.16877167
2013-01-04 09:00:00,11.464391763004187,13.992889,6.016327,13.596216254907704,20.52774,10.02567,1.2843877222215145,2.847132,0.0954545
2013-01-05 09:00:00,11.245075609557603,13.8802185,5.8938904,14.259619982376218,28.004173,6.013262,0.9682223841142193,2.0854366,0.16448921
2013-01-06 09:00:00,11.873326027992618,16.486206,5.1307373,20.806647337820515,35.247215,11.789473,1.173077857154354,3.554698,0.19458807
2013-01-07 09:00:00,7.459943429038219,10.448822,2.464325,36.79430347076174,57.035473,17.90266,1.710911357647543,3.369624,0.62052065
2013-01-08 09:00:00,10.914952993171937,15.623077,6.8711243,22.420680370252086,34.735504,14.019326,1.0165558710568166,2.5940242,0.21005294
2013-01-09 09:00:00,14.209892903815955,18.583649,11.132477,29.595594862232616,44.491913,22.151897,1.165146832819598,2.2546432,0.32004958
2013-01-10 09:00:00,14.713298340136532,17.879303,8.816803,34.43977768087572,49.53543,21.568865,2.89648851797022,5.4549117,1.2297883
2013-01-11 09:00:00,4.780270215844553,11.202301,-3.953949,63.29109430367256,82.42157,26.165688,2.3583175008647226,6.6386676,0.16139841
2013-01-12 09:00:00,4.42557688416349,10.249695,-3.8342896,47.42466407816077,60.48906,30.903608,0.7828216976410728,2.0408099,0.018968714
2013-01-13 09:00:00,4.891510354895047,10.086639,-3.26297,29.706618642746868,45.607166,20.098022,0.7434940925884322,2.0738783,0.084568776
2013-01-14 09:00:00,4.250488107938679,9.364288,-4.2587585,28.263024088428242,40.22698,18.668106,1.2377877640699793,3.0787015,0.06538712
2013-01-15 09:00:00,4.941342258397071,9.677185,-2.015747,24.491472393070843,32.350433,19.976315,1.0458219306032714,2.5390775,0.13371871
2013-01-16 09:00:00,8.80723372883159,11.231842,4.8978577,24.291480244491034,30.278034,19.081919,1.1610671064500453,2.8319182,0.1806302
2013-01-17 09:00:00,12.096781283236055,13.904816,8.58255,12.19281280480313,18.783978,5.401164,1.6333834058032166,3.4713943,0.14648156
2013-01-18 09:00:00,15.221439645155272,17.3685,8.347015,11.20223923400132,16.70813,6.3771935,1.6683863252062183,3.6164842,0.24808265
2013-01-19 09:00:00,15.343612337631612,18.768341,8.198029,8.777654248848894,14.958511,4.7202306,1.6792331255818491,3.4265893,0.14616348
2013-01-20 09:00:00,16.881419617093684,19.995178,9.635803,9.316370165986793,14.129584,6.344428,1.3192880556938889,2.7940714,0.25892812
2013-01-21 09:00:00,16.610925198944983,19.349854,11.672119,8.918750092652653,14.957867,5.2352104,1.386546622880324,2.9292173,0.16225566
2013-01-22 09:00:00,17.391023775754604,19.91217,12.966858,8.595675438465726,19.424253,4.89691,1.287882542511742,2.6023583,0.08970047
2013-01-23 09:00:00,17.348961282309176,20.175507,8.999725,11.236664827387022,18.606634,5.151182,1.5161187838844543,2.663459,0.33528045
2013-01-24 09:00:00,15.976181300545761,20.006805,9.305634,21.053457168146334,29.688004,16.633316,1.4674086137241766,2.6072636,0.38819262
2013-01-25 09:00:00,13.524992066786751,19.041687,5.9260864,76.01355542636144,84.08481,68.830894,1.495347035275561,2.5137625,0.55274713
2013-01-26 09:00:00,13.449615501202118,17.279114,7.6970825,77.3238564275695,83.45937,74.17573,0.615585224844323,1.2027649,0.13184841
2013-01-27 09:00:00,12.224639309102315,15.645233,6.004608,66.62191128059513,94.415,38.55172,2.471550794462348,5.3875904,0.6167173
2013-01-28 09:00:00,8.267675657060238,14.038483,0.3685608,59.61907763177336,73.60135,38.019417,2.069116893887247,4.602123,0.45563513
2013-01-29 09:00:00,8.28317969145695,13.499664,1.2639465,56.276519582753544,83.806274,29.767212,1.5230523650781682,3.9580276,0.12240043
2013-01-30 09:00:00,11.22181033157591,13.142609,6.15271,39.688997211376154,54.067814,31.099064,0.75310614285711,2.1994636,0.1805948
2013-01-31 09:00:00,15.072905801824959,17.803986,9.573517,32.807401654539696,44.10244,26.911034,0.5330107952232828,1.2376091,0.018309025
2013-02-01 09:00:00,16.895132343121702,19.882751,11.566345,23.168911025164377,39.780155,11.577162,0.794631118513926,1.6223365,0.12641649
2013-02-02 09:00:00,17.47287744487221,20.533234,11.941437,22.560035237574926,41.82823,10.332429,0.7836380412366336,1.421467,0.23153754
2013-02-03 09:00:00,15.567251962979242,20.063416,10.120056,28.083673435850027,47.349724,19.795036,0.574315783891923,1.3263817,0.035419207
2013-02-04 09:00:00,15.620495904535517,19.473114,8.002747,29.834833691681553,38.132065,19.13988,0.9587425054300536,1.8152663,0.1350289
2013-02-05 09:00:00,16.312757383783662,19.153198,12.22937,22.11374534546681,42.29638,13.908496,0.7925984832891965,1.9987785,0.1332712
2013-02-06 09:00:00,16.114152551665768,20.444305,9.748993,35.30875100527035,53.858414,14.750069,2.4429135136045654,5.3236775,1.282616
2013-02-07 09:00:00,12.687000802589864,17.452301,8.014801,20.479166729070947,40.319614,5.999069,0.8718944910478098,2.0304525,0.17181547
2013-02-08 09:00:00,12.290697622060804,16.623352,5.4241333,58.865882609453415,85.30085,23.885391,2.435569826390486,6.7537584,0.40755618
2013-02-09 09:00:00,5.926242393435928,10.357941,-0.5776062,59.18196859273755,85.07074,35.219177,1.720989965715363,4.8292737,0.033831008
2013-02-10 09:00:00,8.215454321375603,13.044769,0.9842224,44.79139885324735,68.00519,33.878105,0.922167674698852,2.6111422,0.08670184
2013-02-11 09:00:00,9.502977858408713,13.9444275,3.0264587,40.14941301871258,58.34764,26.067894,0.7570494951468381,2.737345,0.111111745
2013-02-12 09:00:00,11.53151198457897,16.929352,4.0953674,25.909323099686567,42.375175,17.355108,0.7344692213122666,2.1853774,0.05368551
2013-02-13 09:00:00,13.213642666966336,17.714996,7.5626526,24.825084467164032,33.809353,19.094387,0.6447880723571896,1.2312722,0.16089652
2013-02-14 09:00:00,14.105728069480335,17.496979,9.678131,23.845297210537627,37.5416,18.450933,0.8112910790517093,1.4401686,0.24518777
2013-02-15 09:00:00,17.17349735036737,20.491364,11.825348,24.05830645796371,31.599194,19.407862,1.6672735127299436,3.717503,0.2581121
2013-02-16 09:00:00,19.948323177482393,23.657043,13.897278,12.188220834692887,20.140291,6.388341,1.6797043048121338,3.7789962,0.26569578
2013-02-17 09:00:00,18.372200161371552,22.48587,11.880402,15.247551993175042,29.905716,9.347542,0.8295578249238461,2.1482415,0.091325216
2013-02-18 09:00:00,16.175113619135402,20.92514,9.764313,23.857528244027563,32.75599,13.574214,0.7507934865897807,2.4703379,0.06831745
2013-02-19 09:00:00,16.382808999095005,20.562805,10.205383,41.59435106100416,68.60153,20.804653,2.7498035362709006,5.897684,1.271354
2013-02-20 09:00:00,8.156653185943526,13.541595,1.2037048,67.89010219873894,91.85495,38.183075,2.844590794564532,6.3224974,0.9992029
2013-02-21 09:00:00,7.336502065281877,13.450867,0.22195435,50.56342009628464,81.185844,23.338408,1.3602052511068334,3.4515467,0.046698105
2013-02-22 09:00:00,9.860904679322857,14.299194,3.1606445,36.034849058796596,57.700035,13.917729,0.6409107222398153,1.3891186,0.07533309
2013-02-23 09:00:00,12.122758864021023,16.194489,5.1593323,38.915406943957514,62.606148,21.297552,1.5770447436538755,4.046032,0.12185453
2013-02-24 09:00:00,11.025477274118941,15.902252,3.429596,37.473311430579024,62.99409,14.452738,1.5439164952946567,3.4440138,0.23057939
2013-02-25 09:00:00,12.501291309892508,16.078522,7.881256,18.62591732161498,29.63536,8.803288,0.7788218009358637,2.2615345,0.10622322
2013-02-26 09:00:00,14.626155872515369,18.70401,8.786041,27.41166408544168,48.865963,3.2886724,1.0872193145507203,2.7200081,0.2088273
2013-02-27 09:00:00,14.397151546014015,18.269684,9.015778,18.31312418233326,28.970314,3.6695318,1.0426345597966766,3.1310005,0.098184384
2013-02-28 09:00:00,15.408972238561091,20.435944,9.119537,19.815803560233448,42.70717,12.613417,0.549350003365267,1.6744304,0.1463736
2013-03-01 09:00:00,17.30147420534945,21.154938,12.28775,20.59527880515118,29.170223,10.134744,0.8112430923753621,2.0342357,0.00845386
2013-03-02 09:00:00,21.21496290131455,24.430328,15.424469,19.343127207242233,25.963367,16.430614,1.1434969003240256,2.5615973,0.17812888
2013-03-03 09:00:00,23.408782308022865,28.355621,16.132965,20.716676851744545,31.873764,15.889388,2.037837625590441,4.0813174,0.53940886
2013-03-04 09:00:00,16.581316445152197,21.45279,8.643768,52.26312162050776,63.854923,40.758743,1.9133416585171534,4.97917,0.19962507
2013-03-05 09:00:00,17.432515957008036,20.727692,12.575348,40.77734835552895,56.842476,27.269287,0.665599493088965,1.2983062,0.1034852
2013-03-06 09:00:00,19.279882613269933,24.30191,12.831207,42.91366257099722,62.781578,18.235428,2.831518687276463,6.4357724,0.20661978
2013-03-07 09:00:00,12.975233446816617,17.645172,6.363922,63.01549040261845,88.96781,36.21781,2.357583457051013,6.0013356,0.36259344
2013-03-08 09:00:00,12.16793702382904,19.221832,4.387848,64.13399592926598,86.393875,41.396755,1.2637555466186974,2.8248625,0.28529775
2013-03-09 09:00:00,7.859656379736293,12.622711,2.2384338,73.2896494144599,97.01346,40.91796,2.007276741081764,5.936772,0.12635678
2013-03-10 09:00:00,13.431258589131176,16.139557,8.507965,20.363386469277067,31.984741,9.413001,0.8860511204751123,2.2873845,0.078330055
2013-03-11 09:00:00,16.99269542760328,19.761139,10.946686,13.227102743683261,20.282272,10.227585,0.5684330391055326,1.6547732,0.08623004
2013-03-12 09:00:00,18.90466451229446,21.433258,15.083649,14.32925255410651,23.327698,6.521446,0.4618626200339579,1.5206264,0.06879813
2013-03-13 09:00:00,22.140517012219277,25.371979,17.858307,14.374551859696789,20.230198,10.135469,0.6533955239055823,1.7865179,0.056505803
2013-03-14 09:00:00,23.85983730517978,26.83194,19.312408,14.752512396429074,22.365786,11.045473,0.5760512691597092,1.8093293,0.078805335
2013-03-15 09:00:00,24.701083527628896,27.697662,19.738678,19.463418616961466,31.752388,10.153831,1.2393774206766728,2.2720292,0.26054788
2013-03-16 09:00:00,22.297424550222217,27.787994,16.625885,22.42693558960221,46.835255,9.186114,2.048257990050878,4.9663916,0.24435267
2013-03-17 09:00:00,19.840224653440714,24.819672,13.96225,27.597064161812288,52.755974,10.021612,2.2018775325480524,5.229701,0.261025
2013-03-18 09:00:00,18.96162629790922,23.582367,13.004242,24.342269468368677,46.80144,7.115471,1.5948913493945096,3.7141473,0.22114621
2013-03-19 09:00:00,18.523621092535166,22.775543,12.550934,25.489391945296553,48.349113,9.59063,1.445303819002196,4.3618755,0.11344779
2013-03-20 09:00:00,21.014809420378015,26.020416,14.811432,35.965199083714225,50.8761,23.0636,2.269798409999896,5.154264,0.3896443
2013-03-21 09:00:00,17.332333679496912,20.495514,10.991608,39.555459073051935,63.240448,14.03871,2.2257776343916005,5.9583774,0.3569729
2013-03-22 09:00:00,16.9782355391431,21.880768,11.328033,42.02206753638287,68.0077,10.799559,2.0323202880692848,4.5086293,0.6049324
2013-03-23 09:00:00,16.77024100980691,21.35147,11.164459,20.838029866727982,37.762375,1.8365936,1.4288260377151165,3.0513632,0.25495833
2013-03-24 09:00:00,16.574050036253936,20.077057,11.887848,16.86421739965188,36.198307,2.6943998,0.8219841492518997,1.616859,0.26557145
2013-03-25 09:00:00,19.619464938778776,23.583649,14.265289,20.71271407034897,32.29552,10.764308,0.568957398455059,1.39589,0.043462683
2013-03-26 09:00:00,21.078290459947027,24.96988,15.337067,20.20080737643182,29.7714,10.729053,1.5205371347403893,4.1025157,0.06766443
2013-03-27 09:00:00,21.18961410328353,25.926178,13.791412,34.844312445977806,46.06186,22.347015,2.1385027010448403,6.223939,0.32049674
2013-03-28 09:00:00,19.773909544588832,25.184235,12.752594,47.77211896857418,61.028385,26.751328,2.225954170270961,6.177964,0.24275856
2013-03-29 09:00:00,19.790226590617465,22.403473,14.551666,27.263274996936513,45.024677,15.350033,1.2510347115958609,3.2927992,0.28904802
2013-03-30 09:00:00,23.46105317064803,27.747711,17.288727,28.546837788170524,39.783108,15.549357,1.4273280913390771,2.8683379,0.46287665
2013-03-31 09:00:00,24.514454021808888,29.9169,16.786041,32.8650979376909,51.45074,17.239803,2.2751501842787865,5.147897,0.06916793
2013-04-01 09:00:00,18.195303690656374,22.629303,11.600006,57.6122627906186,85.16676,33.088634,2.7914120920605345,6.7860637,0.67353487
2013-04-02 09:00:00,18.138389968837828,22.83194,11.881744,51.61391901093243,72.788345,26.466612,1.390405431668334,3.6357713,0.11721819
2013-04-03 09:00:00,19.786242095754062,22.998932,16.086578,31.151201551809713,46.714256,19.438223,1.195227230876453,2.4213572,0.3446014
2013-04-04 09:00:00,23.229159084168145,26.258942,18.223785,23.922076752709252,45.205578,8.690813,1.3709976231148937,3.10427,0.08003598
2013-04-05 09:00:00,20.421206534339944,24.247711,14.323883,56.133778533194715,76.27508,30.681332,2.6941205902571492,6.3022738,0.6796481
2013-04-06 09:00:00,18.370525502658154,23.650055,11.991852,50.475620566171784,84.001,28.206951,2.506451168496351,5.232501,0.6709307
2013-04-07 09:00:00,18.641466296323472,24.142242,12.659821,47.97481793550107,76.995445,22.525293,2.355535326102271,5.5724463,0.29123154
2013-04-08 09:00:00,20.003013606752347,25.357819,13.896881,46.73229289172744,68.92407,17.525637,3.889378800958131,8.172827,1.3253464
2013-04-09 09:00:00,13.984833945791706,19.299469,8.38028,34.791255509308996,60.107796,17.650764,2.0258284002358478,4.650855,0.044265673
2013-04-10 09:00:00,19.08342201966957,23.086334,14.147614,17.104736572323798,28.910576,4.7935886,1.0658199028300752,3.783694,0.011591464
2013-04-11 09:00:00,22.529437004044212,27.243317,16.608551,20.113123484547913,37.612617,12.471993,1.602170908960056,4.747879,0.11748002
2013-04-12 09:00:00,23.140664051227986,27.645905,17.050201,36.484071821843536,53.245285,14.096847,1.442836132654852,3.1045654,0.2172549
2013-04-13 09:00:00,24.46984313387094,28.606842,18.100983,27.90060486782952,40.279247,14.98441,2.043966903270625,4.9134235,0.3291632
2013-04-14 09:00:00,24.6876538276681,30.963776,17.24112,34.37625364026069,44.477768,19.766832,3.0792843831450543,8.144422,0.57542247
2013-04-15 09:00:00,21.491751657469365,27.386871,14.504059,34.94311278579865,44.695786,18.520002,4.008023371314343,9.94024,1.1958833
2013-04-16 09:00:00,19.029445475451666,24.782867,11.706696,36.77408683213825,64.65778,6.310589,3.8604414220098464,7.3418427,1.7450935
2013-04-17 09:00:00,14.42003039490129,21.181793,6.7289124,22.60224304782032,30.931892,13.764496,2.1593261703730695,4.2233005,0.28841805
2013-04-18 09:00:00,17.555361980226053,22.815094,10.910797,16.522566309210458,22.842,10.226998,1.045137692560847,3.0910146,0.06578149
2013-04-19 09:00:00,21.046174345254087,26.411774,14.503571,13.888988727775228,20.777203,10.285232,0.7945393648199249,1.8826312,0.13884602
2013-04-20 09:00:00,23.495930528708698,28.657867,16.902008,17.83686627387814,26.891048,9.707454,1.2022034050597148,2.9055793,0.19080319
2013-04-21 09:00:00,26.02982838473025,30.373444,20.41446,16.72797596847777,26.010952,6.283161,0.9844486699643638,2.1597877,0.14472628
2013-04-22 09:00:00,28.075678706401618,32.628326,22.073639,16.26876074626297,23.06333,11.650356,1.6163273921124286,3.937198,0.13605583
2013-04-23 09:00:00,28.100300045506913,33.45523,21.355621,17.46734267401041,22.6293,10.955427,0.8304373695674234,1.4300088,0.05014241
2013-04-24 09:00:00,26.13170349458312,32.549713,19.182526,15.317557850302594,23.379456,7.9935007,1.100991999705327,2.1833162,0.20100322
2013-04-25 09:00:00,25.457385899523672,31.71524,18.350006,21.44939773098098,36.414806,7.860119,1.7897294548718259,3.9802969,0.19864084
2013-04-26 09:00:00,24.420112837148906,29.654938,19.01236,29.131451816149337,45.8594,8.75614,1.6086392655163675,4.082031,0.14793299
2013-04-27 09:00:00,26.68599464773098,30.911041,20.967682,18.86255144628339,29.68025,7.831749,1.1577260768328366,2.3200064,0.16429794
2013-04-28 09:00:00,27.645431827402035,32.77359,21.638824,16.292710945829278,29.270298,7.7781115,1.6408439851949397,3.2557771,0.27355304
2013-04-29 09:00:00,28.557594030764733,33.923004,21.962067,16.311255293509582,27.695911,7.503744,1.6101199674663067,3.2294595,0.10814351
2013-04-30 09:00:00,29.925762761530223,35.41397,23.361237,21.286928045002114,30.4347,11.169074,2.718065401890145,7.0169225,0.48844683
2013-05-01 09:00:00,28.581818550816934,33.904694,21.717194,15.315841778011237,27.38891,3.5659313,1.1827639022047978,2.0365703,0.077000186
2013-05-02 09:00:00,28.465729880582842,34.03409,21.555573,7.159107564899658,19.46577,1.6486053,2.6602764273857096,5.644646,0.23487298
2013-05-03 09:00:00,28.396671723023644,35.368073,21.305573,6.61353449381923,14.84127,2.6108017,1.2372251930085736,2.8179717,0.17923513
2013-05-04 09:00:00,29.937065531017367,35.569,23.049469,11.030283225166198,19.851109,3.6748257,1.1050691189641109,2.611796,0.15003589
2013-05-05 09:00:00,28.249877627197066,34.000885,21.1044,14.297691719242481,24.3849,7.257427,2.9074254402593374,7.0245624,0.2443052
2013-05-06 09:00:00,19.726427982901214,28.074371,13.486481,50.906042879690894,68.95353,34.289467,2.8643100937626587,5.2101107,1.1509765
2013-05-07 09:00:00,19.36385499497152,26.933258,10.902008,48.18340955928983,60.74038,37.232567,2.429029069081473,5.6567464,0.5009382
2013-05-08 09:00:00,19.343688271247117,24.829742,12.710846,53.085118119551744,70.60976,38.003845,1.6522196930832491,4.7320237,0.20338692
2013-05-09 09:00:00,21.51027305641344,26.285553,15.749176,55.765463820594206,75.628365,29.007174,1.5165234343596117,3.3034542,0.36496115
2013-05-10 09:00:00,23.318533841560622,27.963531,18.973785,43.53663950883802,58.037266,16.735394,1.2539774807956439,2.8812952,0.17559338
2013-05-11 09:00:00,27.425001314904137,31.580963,22.162506,23.158483240967904,39.273174,10.155986,1.024560099453158,1.9454618,0.28596798
2013-05-12 09:00:00,31.39872601796685,36.44522,24.611237,17.156003357246,22.532646,9.579047,0.6770267453149686,1.1366115,0.079730146
2013-05-13 09:00:00,33.05310622940726,38.498444,26.131256,15.959200135442575,24.76052,7.901145,1.3273634576169155,2.337266,0.4971441
2013-05-14 09:00:00,32.0076971261073,37.38272,25.17569,16.24193168531089,24.390945,8.444458,1.9562239810863697,4.0638175,0.1579253
2013-05-15 09:00:00,28.725836351203554,34.456696,21.103668,21.486255169601687,33.993473,12.353238,2.9863537988993043,6.6139503,0.34225556
2013-05-16 09:00:00,29.331475072680064,35.272125,22.63736,23.926087946006458,34.85866,10.9943695,3.316508879750272,8.047359,0.81516886
2013-05-17 09:00:00,22.288897971983033,26.572906,15.610016,48.711143428711964,61.76441,26.881596,3.1088043824413814,7.400083,0.29680803
2013-05-18 09:00:00,23.431741806372713,29.038483,16.321686,28.189028504508112,47.127155,5.9904366,2.598060231204612,6.027344,0.5052869
2013-05-19 09:00:00,24.524288304051083,30.068268,18.466705,22.071930379114924,34.577568,13.3075285,2.0442486003032787,4.182493,0.3042877
2013-05-20 09:00:00,26.531525239825385,31.140045,20.987701,18.164140721212284,26.739202,9.829459,1.055874996815541,2.7331014,0.04342952
2013-05-21 09:00:00,29.648150259983765,35.444977,23.032867,14.309140519696893,20.351192,9.3919935,1.465359350931764,2.5820076,0.16232303
2013-05-22 09:00:00,29.57710960635029,35.339264,22.020905,16.437149415314085,20.477898,10.477897,3.7305869711624067,7.244169,1.6358266
2013-05-23 09:00:00,21.69322418116434,25.833405,15.602936,17.700971615929113,27.270248,6.086671,3.2349832832032654,7.574426,0.7018702
2013-05-24 09:00:00,22.594709825129712,26.975006,17.720612,17.154187768646807,25.140356,7.9790115,2.0166712277550105,4.2633624,0.27196452
2013-05-25 09:00:00,25.14438610616503,29.35025,19.6315,23.75897146874205,33.42611,9.230796,2.315246712615259,5.9060154,0.63075185
2013-05-26 09:00:00,25.767383436154375,30.889313,19.764313,24.45571185762795,35.62468,13.300463,3.1430844136788196,7.3062468,1.1240087
2013-05-27 09:00:00,23.79497183667388,29.22403,17.684967,36.97067373474273,54.83203,19.32422,3.0146004869073875,6.2996593,0.6234522
2013-05-28 09:00:00,23.605671829877963,27.951813,17.588531,39.47058175283531,56.460068,17.913193,3.7002701511278984,7.501789,1.4324175
2013-05-29 09:00:00,23.30239640449662,28.962067,17.071442,41.33482135107138,65.77056,23.966835,2.754141541726024,5.786162,0.22290824
2013-05-30 09:00:00,25.83891941113876,31.11026,19.673004,24.286840841122196,36.286114,4.8759575,2.5209359199836143,4.968886,0.7271686
2013-05-31 09:00:00,27.852950001033378,32.89273,22.597809,17.345735145871462,27.888027,8.266677,1.6804218851039576,3.394629,0.38090682
2013-06-01 09:00:00,30.72125330360626,35.257233,25.93692,12.497411918519846,21.114944,6.4430685,1.1726634017434947,2.5090642,0.14022864
2013-06-02 09:00:00,32.39572013166304,36.763824,26.871246,13.036521409400523,19.200779,5.7984343,0.9415755998421672,1.5602385,0.12292385
2013-06-03 09:00:00,33.2595991166703,38.358795,26.921295,19.38634894942314,30.050468,10.12078,2.687865070127296,5.496639,0.92576706
2013-06-04 09:00:00,31.51218345748032,35.5231,26.489899,30.737626611190638,42.819805,14.362774,2.4063711056692565,4.75704,0.99921846
2013-06-05 09:00:00,31.636941434378457,36.202545,25.835358,32.38535941405238,43.495323,10.171217,1.8744132745179058,4.0740595,0.46072018
2013-06-06 09:00:00,32.50298589754789,36.560944,27.142975,27.2511607093655,39.072235,9.8081045,1.8769739198795543,3.947744,0.71454006
2013-06-07 09:00:00,34.3519674003316,38.39859,29.228668,21.235632984172785,31.156107,5.2216883,1.4077297971897547,3.644044,0.3198709
2013-06-08 09:00:00,36.04793488509631,39.75992,30.922028,13.762139053746822,22.42981,2.8077116,0.963131433313295,2.1655674,0.12810385
2013-06-09 09:00:00,37.85084050383341,42.629303,31.15274,18.634885046364698,29.23691,4.1705036,2.3385519448944496,4.7462444,0.4413373
2013-06-10 09:00:00,33.45948431723957,38.070465,27.334137,19.535330532628,42.715954,4.313609,2.6278586413699387,4.7291183,0.8289938
2013-06-11 09:00:00,28.80689089219692,33.219147,25.273346,24.056731931033575,29.64823,17.234167,1.9798084872174384,4.4506946,0.35451382
2013-06-12 09:00:00,32.361874107864594,36.16519,26.194489,20.88613951323621,31.873552,11.090118,1.7144939154920111,3.6553032,0.54148406
2013-06-13 09:00:00,31.490695119037355,36.317535,25.255035,19.864634863907995,27.545998,10.092874,2.9407229907747596,6.088748,1.1211581
2013-06-14 09:00:00,28.675652806180267,32.984283,22.986237,11.725157831808225,21.848442,2.4641638,1.6732154876104839,3.5315547,0.49637145
2013-06-15 09:00:00,30.748001009729307,34.67276,25.325104,13.121502437528356,20.0426,5.7746067,1.7702138946289236,3.8686695,0.30046073
2013-06-16 09:00:00,30.61123648284081,35.61075,24.87442,15.847152783309967,24.376064,7.8526278,2.5416809580998323,5.1669765,0.9217179
2013-06-17 09:00:00,29.929446504056898,35.36075,24.222076,17.64515370821509,27.905746,9.444809,2.349950090406582,4.333853,0.5625795
2013-06-18 09:00:00,30.037476085567732,35.272614,24.493317,19.600835760534792,27.601377,9.316258,2.9755023962413394,6.1082797,0.9030771
2013-06-19 09:00:00,27.88289443405955,32.25992,22.230621,23.405581634063804,39.56884,7.8930597,3.302761588496686,6.9021287,1.1096432
2013-06-20 09:00:00,24.764209436462863,29.383942,19.436676,19.510832718782748,33.147297,7.432452,2.589497612914406,5.097814,0.59336513
2013-06-21 09:00:00,26.895770347257667,31.887604,21.520416,19.77162380859489,30.359499,10.931923,2.1021198625682715,4.800521,0.28974694
2013-06-22 09:00:00,28.23726229355117,33.22574,22.874664,19.76019838372493,27.38089,11.543355,1.8727083030574716,4.5880146,0.43471298
2013-06-23 09:00:00,30.562061600563993,35.271393,25.033112,17.794348548728244,23.220446,9.4310465,2.240171993149128,5.381007,0.2583761
2013-06-24 09:00:00,28.232468157172093,33.354156,21.408844,36.51612646950877,48.994797,16.227173,3.536537111774757,8.59827,0.8240511
2013-06-25 09:00:00,27.136369463699452,31.691315,22.949127,51.75463722038772,66.51054,28.561054,2.874323972851136,7.1573,0.30813384
2013-06-26 09:00:00,30.653801522706317,35.81436,25.065826,49.01702227222704,61.74821,25.736986,2.379031085054656,5.4374084,0.38501304
2013-06-27 09:00:00,32.77705419512915,37.100983,27.909576,37.315516025737026,50.70768,20.945961,1.7123582033355291,3.968373,0.29507354
2013-06-28 09:00:00,35.33787691763035,39.97061,30.085846,29.391441557851532,39.2125,17.230297,1.5973653504103136,3.4572816,0.13555326
2013-06-29 09:00:00,36.565001572726715,41.144684,30.701324,21.70142595655342,30.496548,10.199972,1.5537291553501675,3.5751238,0.31184465
2013-06-30 09:00:00,37.355318901612634,42.945465,31.558746,15.309102129581925,22.703932,7.444708,1.262694518113447,2.941193,0.14137754
2013-07-01 09:00:00,37.29438372965711,42.534332,31.712067,13.594908078187222,18.564966,8.044628,1.5014244227850364,4.4095654,0.0740255
2013-07-02 09:00:00,37.85407096179296,43.687164,32.923492,19.22234322998958,26.476892,10.016798,1.7744659110279248,5.333419,0.24417019
2013-07-03 09:00:00,37.20909072712561,43.062653,31.394684,21.93347994124209,27.65975,8.690527,2.254075315143505,5.748637,0.20445111
2013-07-04 09:00:00,36.677321188643816,42.35147,30.66983,27.273980610226385,35.7618,15.382929,1.8503072245844625,5.9042134,0.1384918
2013-07-05 09:00:00,38.07985403885891,44.60318,30.194977,25.796098691233652,35.35248,12.3642,2.3606020661788265,5.1093054,0.16875868
2013-07-06 09:00:00,35.662295125128026,40.882477,29.036774,13.078614648346795,27.328743,2.969368,2.349465397373578,4.3754272,0.37946567
2013-07-07 09:00:00,34.424229475877894,38.454742,28.161774,12.847995653728766,19.832336,7.6292105,2.1751495251225585,4.076566,0.74900323
2013-07-08 09:00:00,35.5435208977126,40.484528,28.734528,12.51715633063437,16.400951,6.1129084,2.0589931906415897,4.2057843,0.34134325
2013-07-09 09:00:00,35.954380303388746,41.214264,28.958405,13.995912086629652,17.656202,8.308654,1.891712583272901,3.6738548,0.39604583
2013-07-10 09:00:00,35.9692482807215,41.291412,29.150787,14.19020393544936,17.634987,9.865457,1.8314397229612296,4.6193905,0.03791225
2013-07-11 09:00:00,33.21397230435787,39.29019,27.02066,20.646446933833797,25.33522,17.026627,1.5687823047404827,4.3367124,0.3053833
2013-07-12 09:00:00,31.257411584485794,38.394684,25.312653,22.787168339319198,34.34421,13.380811,1.5838605346149304,3.1349776,0.29254842
2013-07-13 09:00:00,33.14119141657528,38.46768,27.498932,14.992631614381812,18.767715,10.32631,1.8289696288690163,3.9901695,0.18292327
2013-07-14 09:00:00,33.29691043075462,38.72769,27.311676,15.060846649467258,17.94226,10.782104,1.782903620406767,3.2519808,0.34896702
2013-07-15 09:00:00,33.70160812636044,38.88199,28.075348,13.162595424636574,17.827053,9.491116,2.0374105444953914,4.5139604,0.33839774
2013-07-16 09:00:00,33.576697896279825,38.39859,27.746246,14.981256698599559,18.274824,9.883442,2.2735332836373963,4.724,0.91381574
2013-07-17 09:00:00,32.427818405838025,37.075836,27.118805,16.650267868769912,25.58081,11.373267,1.6870460242102965,3.3473673,0.315134
2013-07-18 09:00:00,32.500286547664075,36.457672,27.541656,14.441732500647799,28.45329,5.119337,1.4067456025904788,3.0478294,0.13714956
2013-07-19 09:00:00,33.706716649165855,38.237457,27.862457,13.391155043544563,26.010471,4.831004,1.518722804863887,3.8944361,0.537996
2013-07-20 09:00:00,35.61528164977085,40.231842,29.585358,14.007377280833843,23.204075,8.675179,1.2756815410915352,3.3725374,0.42975813
2013-07-21 09:00:00,34.94080907074647,41.191803,30.0961,21.669285784686725,24.727879,16.501316,1.5448730801031556,3.0485175,0.21701245
2013-07-22 09:00:00,33.155343260703944,40.7023,26.829987,35.039680834650184,57.969933,21.93087,1.3484476442287305,3.7739997,0.23790947
2013-07-23 09:00:00,31.514414373115244,38.647614,24.897614,47.75053888240025,59.416447,38.74013,1.249796152049938,2.6743958,0.37908772
2013-07-24 09:00:00,33.24058165876784,39.892,25.460602,41.51055462478836,49.46918,33.008244,1.880453417252078,4.050684,0.21013673
2013-07-25 09:00:00,34.19099502820484,40.27481,27.970123,29.38366388842553,34.69738,19.308353,1.8165033138447104,4.0254936,0.50529236
2013-07-26 09:00:00,35.609421567375364,41.166656,29.209625,28.387993502810712,37.596657,16.694313,1.7000795513075821,3.8044987,0.32148716
2013-07-27 09:00:00,33.550784084066606,39.65396,26.341461,39.025733242152356,52.59739,32.156174,0.9963646132423344,2.9994533,0.18749477
2013-07-28 09:00:00,33.77873502015137,40.65152,25.049957,26.917567265178,34.940807,17.63153,1.5194175113896298,3.6124809,0.25732017
2013-07-29 09:00:00,33.319714626753864,40.182526,25.020416,27.055231392069686,33.693512,22.845858,1.8520879749447485,3.7415414,0.25548604
2013-07-30 09:00:00,33.944067280186175,38.825836,27.39029,25.191983502276692,38.58206,16.108362,2.1759574373449317,4.1160564,1.0881621
2013-07-31 09:00:00,33.51362619215763,38.34439,27.811188,24.705247388045944,36.01896,11.731198,1.8676580834705367,3.0723076,0.75119203
2013-08-01 09:00:00,32.68163253945289,37.699615,27.076569,22.94430905497507,35.578552,10.906675,2.245501328085783,4.131274,1.1585264
2013-08-02 09:00:00,30.587353402581016,35.838776,24.858307,15.647192084925445,24.559032,9.159819,2.056649045832905,4.7316275,0.10463045
2013-08-03 09:00:00,30.967058418308284,35.81778,25.802155,13.893092214490204,20.8847,7.9120455,1.5449631691629426,3.8213723,0.16910742
2013-08-04 09:00:00,32.72489082961192,37.25235,27.422272,13.476975870211199,21.133446,5.871726,1.72860150001535,3.2072966,0.81568116
2013-08-05 09:00:00,33.28056310321938,37.66617,28.162262,14.10264322531113,22.861454,6.571662,1.927611846035201,3.8336139,0.56298065
2013-08-06 09:00:00,33.05050609708985,37.3024,28.00357,17.975664911046877,28.286343,9.176954,1.963904410497155,4.9564333,0.14349668
2013-08-07 09:00:00,32.397390565614614,36.944733,27.245514,22.684914895740192,32.024704,10.690314,2.678042852049709,5.9359217,0.8847367
2013-08-08 09:00:00,29.3074254049327,33.791412,23.385162,24.654508521719677,36.62466,9.534818,2.153539313227705,5.422483,0.115149446
2013-08-09 09:00:00,29.52525473042442,34.18741,23.466705,26.040592544612604,38.62231,10.8668165,1.8585369537297451,3.6818206,0.5357496
2013-08-10 09:00:00,29.956526599853532,34.813873,24.300201,25.078728487942243,39.217426,11.823023,1.6968201893159407,3.3674924,0.4767541
2013-08-11 09:00:00,29.992832794561025,34.815582,24.421051,28.137557864704906,41.543606,13.458306,1.4877050744114386,3.0552638,0.23040903
2013-08-12 09:00:00,31.252803469375692,35.729156,25.985016,24.51444217829162,35.0316,11.933946,1.3509292677490687,2.9173133,0.24942084
2013-08-13 09:00:00,32.48674579313189,36.880524,27.32779,19.208836045081014,28.396204,8.595423,1.249861122546828,2.6727147,0.16758578
2013-08-14 09:00:00,34.09308753638925,38.67105,29.133942,14.260485408042413,22.618385,6.704337,0.95236355122449,1.9007856,0.18293492
2013-08-15 09:00:00,34.056734291741236,39.15274,28.896881,12.835100058392317,19.00477,7.332895,1.1029695574950336,1.8414134,0.24897791
2013-08-16 09:00:00,35.801542530277345,40.565582,30.380035,17.43102790409312,24.5941,14.180038,1.387630773596022,3.2245224,0.08910003
2013-08-17 09:00:00,34.69186795995057,39.373688,29.291656,23.253050537987,26.502617,18.867163,1.598040256505852,3.8902152,0.25306642
2013-08-18 09:00:00,34.26489388141863,38.98282,29.176178,21.829795223502916,26.725033,17.756153,1.1831359838952566,1.8384652,0.16040513
2013-08-19 09:00:00,32.879325713525645,37.42813,27.260162,32.876516419364336,39.09664,27.303259,1.3410280071631413,2.8666952,0.121676646
2013-08-20 09:00:00,34.29974538604637,41.862946,26.659576,41.55060398753659,53.100304,24.716448,1.162333617665392,3.229961,0.21772306
2013-08-21 09:00:00,33.532710250078196,39.41812,26.119293,23.251024839839648,42.052235,18.80614,1.4883117422543846,3.5155187,0.15450428
2013-08-22 09:00:00,34.45378863125916,39.699127,26.517487,17.57463377664997,22.385342,11.618248,1.9970379057676069,3.837254,0.20877111
2013-08-23 09:00:00,34.55798378093243,39.14908,27.926422,20.000370613876072,27.459333,13.443707,1.7770997188402478,3.6875215,0.3164108
2013-08-24 09:00:00,31.824824625151564,35.852936,25.891998,22.071071662258717,32.87979,9.590266,1.512858559101508,3.0256155,0.21810451
2013-08-25 09:00:00,32.1212421354557,36.59439,26.410797,18.60651709134657,29.621857,7.4644365,1.1377855985497038,2.3599074,0.027629334
2013-08-26 09:00:00,31.171962293367528,36.118073,25.145416,22.823517932176337,38.037178,9.85749,0.7395002245181664,1.6041007,0.17372364
2013-08-27 09:00:00,29.58651410465677,36.135406,22.16861,46.65753857726571,56.64695,36.255543,1.1518644127916602,2.6366508,0.19879346
2013-08-28 09:00:00,31.082698300012794,36.615875,24.530426,36.63697712763283,47.21916,28.414848,0.9169430457319665,1.3213571,0.22543703
2013-08-29 09:00:00,32.37840164993821,37.32144,26.555328,32.36305316997501,38.321716,27.872665,1.3115144425803689,2.6387417,0.55220574
2013-08-30 09:00:00,32.572567047857206,37.766754,27.340973,30.864584299307655,37.83869,23.596666,1.1509299445965817,2.7255528,0.30318564
2013-08-31 09:00:00,34.028578297549984,38.931305,29.032867,29.724865859683078,35.534245,25.116276,1.274507011676242,4.409861,0.07886435
2013-09-01 09:00:00,34.172512888049425,39.988678,28.41446,30.595051711542883,45.536846,23.301613,2.073916835614271,5.2788897,0.30160537
2013-09-02 09:00:00,32.91746430687925,39.08658,27.459625,44.294736976636045,65.81227,26.37802,1.8575285513509106,3.885151,0.61573565
2013-09-03 09:00:00,31.279690614385913,37.21817,23.904205,46.77770745911248,55.014687,32.838104,1.3656238084012906,3.4025135,0.36992905
2013-09-04 09:00:00,31.11341841963889,36.416412,25.46695,36.32303552928174,45.51005,21.847923,1.5656482014345443,3.122972,0.5204387
2013-09-05 09:00:00,31.805842000978032,36.58487,25.487701,32.19024703661612,41.529984,18.910816,1.5263706386437959,2.861323,0.48015764
2013-09-06 09:00:00,31.897443660173337,35.973297,26.764313,26.074088750548345,35.44925,16.621338,1.6830000146287445,3.3193629,0.48073986
2013-09-07 09:00:00,32.59070391335234,36.91519,26.749176,22.863072734802202,34.86821,13.298888,1.3097080689738965,2.64019,0.42625967
2013-09-08 09:00:00,33.57304948564007,39.38443,27.523102,17.210808410522663,21.17146,10.64021,1.1341859603068871,2.0054111,0.29990563
2013-09-09 09:00:00,32.40098168136251,38.55313,25.906647,21.06437790301904,29.094877,17.266752,0.8741348062936679,2.116402,0.10155532
2013-09-10 09:00:00,32.24630559628815,38.41104,25.981354,22.70704603343691,27.310547,15.226545,1.2746949090412838,2.89193,0.27317572
2013-09-11 09:00:00,31.253990947253442,37.07437,22.474762,26.369030042037842,31.919058,20.12609,1.9211363916243935,4.180618,0.67898786
2013-09-12 09:00:00,29.81965028228211,34.416412,23.988678,30.332178148586006,43.31729,16.191404,1.4136047332146175,3.0490746,0.42854613
2013-09-13 09:00:00,30.233968034602583,34.317535,25.08902,29.053258172077143,37.960175,20.337976,1.1772881562643298,2.6812835,0.22853093
2013-09-14 09:00:00,30.481651693171386,34.738434,25.488434,29.594892801532104,36.18219,19.635313,0.9659427462066738,2.2011907,0.23293
2013-09-15 09:00:00,31.98143613145959,36.186188,26.871735,23.155690963675244,29.931019,13.109831,1.2562695939259356,1.9956408,0.35837308
2013-09-16 09:00:00,32.44512672701103,35.933014,27.196686,24.723479712659486,33.343277,16.472778,1.4869483897552394,2.3096557,0.4484049
2013-09-17 09:00:00,31.37694433389163,34.861725,26.273834,29.146721662962438,49.266544,16.31342,1.9307986252215514,4.230243,0.58115244
2013-09-18 09:00:00,27.155009670927143,31.424225,22.086334,27.39921953152461,42.323437,13.95181,2.1858917236939632,4.217504,0.82601076
2013-09-19 09:00:00,27.026791475220648,30.5607,23.196686,15.688025119826248,22.784676,8.038581,1.0307152989141437,2.1082509,0.21772142
2013-09-20 09:00:00,30.393905872396374,34.4628,25.904205,15.774985810879183,27.108082,5.518239,0.5585566019551812,1.0891986,0.051598873
2013-09-21 09:00:00,29.015514675505983,33.260162,23.398834,28.503603792873974,37.47448,16.115107,2.847565785641372,5.595413,1.2614995
2013-09-22 09:00:00,23.419732237624658,27.905182,16.778229,54.53545916250536,73.05934,30.114363,3.1306585512678193,6.064047,1.5922555
2013-09-23 09:00:00,21.922470584512155,24.641754,19.683258,24.854998039264206,34.15872,13.55325,1.0866773272546635,2.8259058,0.39871147
2013-09-24 09:00:00,27.033231848965386,30.188873,23.679108,17.52588801637627,25.47754,10.290039,1.1814125001182174,2.0204723,0.5670358
2013-09-25 09:00:00,28.382500939531894,32.569,22.123688,24.845474662749645,39.213303,12.400804,2.8594589760775206,6.858286,0.36164176
2013-09-26 09:00:00,19.875302046221975,25.100006,13.656647,42.43367451030849,61.618454,22.226376,2.9027521580969937,7.1301403,0.5923319
2013-09-27 09:00:00,19.379926391980234,24.772858,13.707672,27.793201299306133,37.898434,16.369091,0.862149011646944,1.9591609,0.13240016
2013-09-28 09:00:00,22.33843243880932,26.746979,17.401276,15.258745843076353,19.6438,10.991457,1.1125866916323046,2.459406,0.20199807
2013-09-29 09:00:00,26.110473559741877,30.903473,20.93277,12.637017881510026,17.1656,9.224193,0.5593421094274901,1.2111508,0.0048266775
2013-09-30 09:00:00,26.869619897464815,31.619781,21.65689,19.595479165461427,25.23985,12.013286,2.0013200602910097,4.5883102,0.13145494
2013-10-01 09:00:00,24.96270652712701,29.378082,19.780426,22.515093793842997,43.258343,4.855998,1.7645065357298897,3.919655,0.041150015
2013-10-02 09:00:00,25.162492254019355,29.627106,20.15445,38.98210346910964,51.648773,23.35668,2.0546938418314853,5.3028326,0.17384866
2013-10-03 09:00:00,23.84079476242357,28.76651,18.08487,28.7002243440669,44.053246,16.39309,2.7696456553535835,6.7537055,0.44343352
2013-10-04 09:00:00,20.85684613446398,25.21524,15.842194,15.23140853385868,19.143713,12.514598,2.117237846011633,5.4757314,0.16580439
2013-10-05 09:00:00,22.515658164489253,28.450592,16.308014,13.763403418621408,17.744524,11.0691,2.6183999961602344,5.668469,0.5361222
2013-10-06 09:00:00,25.454078252822853,30.745026,20.07901,10.100116566509257,12.695384,7.5770435,1.8006218710075474,4.0675535,0.18481714
2013-10-07 09:00:00,27.594320220269765,32.127594,23.0065,10.0165344055975,13.487843,4.3714905,0.5374747783636624,1.5325952,0.11402509
2013-10-08 09:00:00,26.306157155222934,30.865387,20.545074,12.620388360416536,17.526424,7.502679,1.740407988978062,4.552056,0.12717105
2013-10-09 09:00:00,23.498773606518114,28.862213,17.1044,21.651134332363718,28.13641,12.597348,3.344087444424152,7.365806,0.36601165
2013-10-10 09:00:00,15.163945666535255,19.313385,10.260651,57.41901765768154,70.79804,37.40206,1.7597947028356316,4.3604207,0.14297973
2013-10-11 09:00:00,19.381734463449163,24.408356,14.103668,38.064162417000354,44.324852,24.789696,0.6915626330929919,1.6226698,0.0952253
2013-10-12 09:00:00,22.10328857136318,26.329254,17.048004,32.04548270335315,40.818264,23.826077,0.8396704651800899,1.4059625,0.32091382
2013-10-13 09:00:00,22.52447888161288,26.632233,16.753326,27.764161076950028,38.57342,17.323421,2.0414608844327153,5.002013,0.40711078
2013-10-14 09:00:00,19.444176220609677,24.043121,13.841949,27.91712069400316,36.321426,21.762661,1.1084624095855562,2.9687243,0.05907388
2013-10-15 09:00:00,21.79456757197363,26.858795,16.47403,21.962158290464604,27.871788,14.792631,1.4372848981714772,3.3981843,0.19845732
2013-10-16 09:00:00,23.20733333269459,28.537262,17.226715,18.647141342181982,24.385902,13.576632,1.664599330148333,3.8871055,0.2580691
2013-10-17 09:00:00,23.335888207331664,29.29654,17.163727,16.913260432445067,19.787806,14.006556,0.43300355528571954,0.7542022,0.055808198
2013-10-18 09:00:00,23.30373480762222,28.125153,18.59195,14.87614842133399,17.352966,11.708434,0.5204718473270247,1.3155507,0.055979893
2013-10-19 09:00:00,24.92499769569298,29.284576,20.046295,12.056052893931637,14.892137,8.528809,0.6755106906607338,1.6638969,0.03498409
2013-10-20 09:00:00,25.161195187489568,29.100494,20.938385,10.164025749241627,13.5313635,7.912777,0.6136414012711988,1.1949306,0.1398927
2013-10-21 09:00:00,24.796663203607807,28.571686,20.454498,9.054482280998242,12.1006975,5.506156,0.47455656175035266,1.341956,0.13709828
2013-10-22 09:00:00,25.63101649123496,28.978424,20.365143,12.075138339725154,14.504386,9.431276,1.1946196092107806,2.6412027,0.05678455
2013-10-23 09:00:00,25.33734561969237,28.669098,19.842926,14.866347252373897,16.509724,12.54741,1.1905141092073421,2.603511,0.28211045
2013-10-24 09:00:00,24.63638774668874,28.815338,19.170807,15.857156719392052,19.573542,12.028331,0.6893166537285693,1.3019794,0.30656162
2013-10-25 09:00:00,23.896500473359424,27.688873,18.808014,15.515820490891288,21.810244,9.455156,1.2499243599650043,2.7203588,0.41773653
2013-10-26 09:00:00,23.463867123333273,26.544342,19.489655,11.701576722457537,13.9290495,9.119762,0.5455039040980421,1.2436279,0.14962964
2013-10-27 09:00:00,23.97011339046628,27.257233,19.487701,16.626047188769995,24.732388,10.629526,0.43199551259649605,1.6456032,0.08377559
2013-10-28 09:00:00,22.358734061322707,27.737701,15.350983,24.793625690945007,37.06061,13.154311,4.340105139463218,8.665426,1.2456951
2013-10-29 09:00:00,12.797521608509555,18.330963,4.0177307,64.52529661703602,82.70731,47.344032,2.244193119325627,5.766323,0.13683662
2013-10-30 09:00:00,13.986782423269688,19.708405,6.250641,47.41396170447485,60.514233,38.664425,1.0536763318095552,2.547697,0.2922936
2013-10-31 09:00:00,16.45664614005085,20.423737,11.7430725,27.316568759143777,34.3643,20.555706,0.7166312170065391,1.8862227,0.0970678
2013-11-01 09:00:00,19.273705923225975,22.56778,14.702545,20.86335112737228,26.081123,14.169324,1.182213533160302,2.4336324,0.26412356
2013-11-02 09:00:00,22.500451776048124,26.238678,17.057037,19.393522882430542,26.26733,15.409532,0.833335277063324,2.307282,0.10805001
2013-11-03 09:00:00,21.620060609757616,25.754059,15.83609,22.54809175703746,38.273895,16.305145,1.8488826656275499,4.0694757,0.32384783
2013-11-04 09:00:00,16.494604324995294,20.488678,11.180084,39.392846853251164,55.02966,21.53309,1.4459438380621616,2.81349,0.269565
2013-11-05 09:00:00,15.138874158624787,19.176666,10.193512,27.24750743994814,33.738853,20.6412,1.3167076628038963,4.4860034,0.08206597
2013-11-06 09:00:00,16.376310562533206,20.604645,11.00528,15.674160549945164,19.292442,12.84713,1.4425804734804348,3.3144696,0.20163515
2013-11-07 09:00:00,20.094071307360082,24.0065,14.430328,15.963157208582595,18.927774,14.498087,1.3180810449355158,2.9686115,0.21239379
2013-11-08 09:00:00,20.889581338719495,25.001862,15.622955,15.147280639954975,19.695755,8.867629,0.6421311935533736,1.3337458,0.018631326
2013-11-09 09:00:00,20.977989074579227,24.35733,16.55655,14.965898736299518,20.50917,10.163877,0.45973310197718453,1.2129408,0.08704659
2013-11-10 09:00:00,21.898068550224423,26.002594,15.965485,8.652001633939832,14.261821,2.9094095,0.879678724957453,1.9545726,0.2674176
2013-11-11 09:00:00,21.945854677584748,26.001617,15.976227,10.250795379689908,13.345465,4.989996,1.2346872347827769,1.9758914,0.16127259
2013-11-12 09:00:00,22.202253356628546,24.518036,17.660614,11.860942495411082,15.023134,8.312197,1.0326564458634062,2.3326576,0.070204675
2013-11-13 09:00:00,19.47919166133329,21.520172,16.26773,15.037374522811788,23.878176,8.424629,1.1386392461908885,2.06788,0.15110458
2013-11-14 09:00:00,20.794407948074706,24.776276,16.313385,18.15633013701109,24.151878,11.599176,0.6739568100451029,1.4603598,0.11671424
2013-11-15 09:00:00,20.07620609740303,23.497711,15.775055,24.287879207718753,30.055443,12.5451975,1.8084620384069718,4.425046,0.25798237
2013-11-16 09:00:00,15.561655860513326,19.305817,10.262848,47.36890651289438,72.874344,25.960184,1.3248056213801023,4.1654973,0.024838071
2013-11-17 09:00:00,15.717559410987974,21.065826,9.696686,48.501486824976176,57.79733,38.393044,0.9418281248209812,2.8628519,0.08538915
2013-11-18 09:00:00,16.188692487719663,20.390533,11.777252,49.640989112008285,65.013374,40.802437,0.9190061016445639,2.3502913,0.13743258
2013-11-19 09:00:00,16.451748711867026,20.530914,11.54068,55.72447987536016,70.27852,43.497482,1.4226940555234753,3.247971,0.18287113
2013-11-20 09:00:00,14.660217279838264,19.066559,9.799744,59.613671750589496,77.93555,42.79553,1.431991891552997,4.364998,0.050723903
2013-11-21 09:00:00,15.879367611863245,20.963654,10.227325,69.01004330947973,87.95196,39.198048,1.6415097691246412,4.928856,0.43548954
2013-11-22 09:00:00,10.863286946787355,15.233246,4.045746,67.54234304733723,82.61182,54.306866,2.0362849553137257,5.1442847,0.17589444
2013-11-23 09:00:00,8.968466545762055,13.884064,2.1866455,69.8400876634448,83.06121,59.86199,1.690431280335085,3.9138494,0.4717876
2013-11-24 09:00:00,11.656039947674572,17.333862,4.8901367,61.92427091514085,74.063255,51.052017,0.9664422556263316,1.9894116,0.23744115
2013-11-25 09:00:00,13.930547901943214,19.12326,8.664703,36.12828921056881,45.52387,27.94965,0.5572704981793536,1.4598314,0.125442
2013-11-26 09:00:00,15.240449146594926,18.455719,12.652985,22.894389889456395,28.714186,17.221775,0.9656763211121571,2.2122924,0.13379581
2013-11-27 09:00:00,15.449201662921837,18.52359,10.524567,28.188853561423954,38.641563,21.243128,1.8295515035139673,4.101155,0.2770627
2013-11-28 09:00:00,17.139118752958154,23.342194,9.660553,42.347772651489805,55.754574,25.844418,2.5553801725732144,4.501048,0.4889611
2013-11-29 09:00:00,15.834109731856017,22.148376,7.798767,48.27359752115587,57.637047,36.605797,1.7145497610503535,3.0372462,0.17021917
2013-11-30 09:00:00,14.801397436306445,20.57492,8.150055,42.0027799887937,50.828842,37.250717,0.6187614369706977,1.4995705,0.05944148
2013-12-01 09:00:00,16.153022782339235,20.48819,10.828033,26.92768373666638,33.3592,21.257137,0.8602094429204349,1.7140566,0.05210364
2013-12-02 09:00:00,17.10495964308882,20.508698,13.86026,16.862645622539908,24.935318,11.203417,0.821909946861006,1.569391,0.22244462
2013-12-03 09:00:00,17.085092932064242,21.512604,12.5711975,17.899926820837532,28.27227,9.553519,2.0870103347077182,6.0902467,0.15746309
2013-12-04 09:00:00,10.996389732382397,16.710815,3.7244873,56.91127294629652,80.73662,24.935837,1.9586582724888433,3.7496414,0.61489165
2013-12-05 09:00:00,6.690205834351673,11.700165,0.67282104,37.44107792755258,57.7457,23.597027,1.2732898770580636,2.4702146,0.25117788
2013-12-06 09:00:00,5.481881004950765,10.343201,-0.8110962,29.762927619801456,47.384583,13.536924,0.699643876877009,1.3390497,0.23168348
2013-12-07 09:00:00,7.165770274890406,11.82074,0.5062866,27.970057976384986,42.498363,16.928051,2.2429680836390347,6.354167,0.42641532
2013-12-08 09:00:00,5.035254583742699,11.878174,-4.5612793,44.12196002300947,54.71468,30.3876,1.498061443993997,2.588081,0.564004
2013-12-09 09:00:00,4.066028747659516,8.563995,-1.9692078,19.613734637490236,31.892332,11.267332,1.6723056316675853,3.5388966,0.27652538
2013-12-10 09:00:00,6.2351819714508,10.514526,0.15127563,12.175001402262522,18.50576,7.7791977,1.8946228546383186,3.9336877,0.34994593
2013-12-11 09:00:00,9.292575370777058,12.518799,5.425049,11.37363463567387,16.012428,7.459243,1.3427133767830852,2.607932,0.094191246
2013-12-12 09:00:00,12.195547779937897,15.919098,3.9825134,13.204685023554893,19.09877,8.092128,1.332997538033169,2.3562624,0.18020956
2013-12-13 09:00:00,13.05792405244921,16.561981,8.253387,14.635744274138386,23.313572,7.557852,1.0728405030691468,2.0241802,0.19635855
2013-12-14 09:00:00,12.668409986848133,15.2187195,8.701141,16.270706028634063,23.925896,11.169135,1.259891936779662,2.871912,0.2330843
2013-12-15 09:00:00,14.233841064609067,16.900146,8.472015,13.91475571835056,20.710136,7.210184,1.568813942249464,3.0953355,0.2692953
2013-12-16 09:00:00,15.846778774706479,18.69394,12.441986,12.915759400454128,23.301796,7.0417175,1.4636019765001822,2.7926135,0.22317064
2013-12-17 09:00:00,18.322731996763707,22.099396,12.898224,13.089151304685428,24.875206,7.07479,1.5859166730070924,2.6284244,0.43320787
2013-12-18 09:00:00,18.590215299462784,21.554474,14.197052,13.753838428370361,26.630562,9.851623,1.1569650821821893,2.1266847,0.21410167
2013-12-19 09:00:00,15.226114174909696,18.901642,8.405548,28.3451266919797,45.54337,11.439155,2.267779542398155,5.1636558,0.22848767
2013-12-20 09:00:00,9.403959051363245,14.8714905,3.061554,53.67954297690137,79.547966,26.8175,1.2386096789211725,2.8588617,0.10263035
2013-12-21 09:00:00,10.746272263201945,13.873901,6.535858,35.020547963711,56.88409,14.787932,0.9853895169969495,1.9285245,0.17266434
2013-12-22 09:00:00,13.158038369958376,17.011108,8.11853,33.61268354261739,43.551964,19.348837,0.6223796990153421,1.7054477,0.1586343
2013-12-23 09:00:00,14.75820982969816,18.125824,8.623871,31.57169557979078,38.222054,24.1945,0.9003181308039145,2.029587,0.0806971
2013-12-24 09:00:00,15.627199222285526,18.710114,10.600739,25.521619475676342,35.457382,18.101913,0.8616551904561663,2.0833118,0.042013235
2013-12-25 09:00:00,17.04570718145885,19.045258,13.330414,18.74682181115288,29.607231,8.526035,1.464096683254211,2.9285643,0.0898345
2013-12-26 09:00:00,17.656367578406787,20.562103,10.864838,12.582057324702857,17.377007,8.308168,1.372104505859277,3.003179,0.28845558
2013-12-27 09:00:00,17.537662223431425,20.233917,11.524933,7.243861821318494,11.895965,3.9651423,1.215768799891304,2.5959883,0.4041082
2013-12-28 09:00:00,17.456195845311413,19.181915,13.170197,9.032165416295282,18.045965,5.65534,0.800863241153339,1.5094991,0.064005546
2013-12-29 09:00:00,15.756978557661967,17.96225,12.08139,11.65847687713127,18.998293,7.0919714,1.2781665549601067,2.9322972,0.22048295
2013-12-30 09:00:00,15.834900621557779,19.362335,9.497101,10.156915809381161,20.89323,4.1530466,1.1304554315491966,2.473278,0.32600677
2013-12-31 09:00:00,16.689270729773057,20.951874,9.819061,12.63313538077873,25.317814,8.875664,0.6368183981292217,1.7877727,0.14158991
2014-01-01 09:00:00,15.378616371340286,18.446991,10.181366,14.202760863633289,28.847473,8.680227,0.8245997197402029,2.0890176,0.2536621
2014-01-02 09:00:00,16.463145397674907,18.916046,11.150421,20.98676933009057,28.610004,15.086568,1.191810194403332,2.344433,0.23784976
2014-01-03 09:00:00,17.618646271941657,20.571747,12.403778,22.858148961754825,33.038055,14.463837,0.7192293306245542,1.6644518,0.037139032
2014-01-04 09:00:00,15.760688717948199,18.580597,10.879425,22.84180315724154,31.873817,17.983536,0.7541120945092326,1.523353,0.12879893
2014-01-05 09:00:00,16.843974050298073,19.552795,12.085999,20.418534315293766,34.178516,10.411623,1.325926771697374,2.9518192,0.13286535
2014-01-06 09:00:00,16.79634651205521,21.186249,10.440155,14.453177266147305,23.853615,8.982861,1.4261037859237937,2.9926522,0.26647115
2014-01-07 09:00:00,15.495477670889102,19.355255,9.304474,13.163776657689176,24.794964,7.469902,0.7115870799684131,2.2494545,0.118794896
2014-01-08 09:00:00,13.72394381618301,17.147583,8.319458,26.081740571961625,38.338882,19.380844,0.954521684508716,2.7877395,0.06883434
2014-01-09 09:00:00,13.785716844445744,17.050995,8.574432,30.48832849090935,47.05407,18.828476,1.3722945768732844,3.4541743,0.28684437
2014-01-10 09:00:00,12.443282508032041,15.849945,8.997467,35.841500929432016,52.411873,21.885578,1.2676134170208209,3.5791283,0.19159213
2014-01-11 09:00:00,15.166232413273917,18.573883,11.130524,31.451547728104444,36.302277,23.845243,0.9874539078156047,2.618216,0.14702609
2014-01-12 09:00:00,16.18581498744811,19.985748,10.364655,31.406769258763543,41.982708,20.685833,2.018523340717311,4.2381787,0.66528755
2014-01-13 09:00:00,12.37327533782451,15.476959,9.289459,19.893178931573317,28.07357,14.575752,1.7612387515199703,3.82667,0.29483026
2014-01-14 09:00:00,16.452195585845573,19.311676,11.700348,12.254999789521806,17.15168,9.77668,1.1427506711117326,2.544869,0.032516427
2014-01-15 09:00:00,18.08069676564793,20.085358,13.159576,11.014778521897725,16.092335,7.6576424,1.4006388716804365,3.2001069,0.22931845
2014-01-16 09:00:00,19.907531846035624,22.46817,14.194733,11.94262723382293,16.170666,9.369885,1.1365748919180934,2.6656618,0.23292004
2014-01-17 09:00:00,20.35408168076532,23.352448,14.151276,8.563845760484742,12.62866,6.515685,1.4189788960644028,2.8814423,0.19745053
2014-01-18 09:00:00,20.768658112627577,24.503693,14.208771,9.174911111453124,15.122194,6.9809847,0.8736716006930952,2.3767054,0.3397964
2014-01-19 09:00:00,19.542365078479293,22.657867,13.775055,9.400309000248443,14.293114,6.918927,1.0718408547516631,2.3416684,0.30242437
2014-01-20 09:00:00,18.388622085146494,21.86142,12.427826,10.917996595520103,17.565876,7.5424395,0.768224968614821,1.8592651,0.1791805
2014-01-21 09:00:00,19.648891045022594,23.377594,13.1315,11.17335837384213,19.691498,7.01935,1.2319725610563264,2.3796794,0.1584196
2014-01-22 09:00:00,16.66448901154348,20.455963,10.911041,10.447235384098882,20.519634,5.166168,0.5847248467341839,1.440938,0.056773614
2014-01-23 09:00:00,17.896410664995642,20.85019,14.090424,11.18093743714645,22.978533,3.4599,0.7823425502551811,1.6593577,0.09880788
2014-01-24 09:00:00,18.564194351186188,25.81903,9.098328,16.10106714784608,22.70869,9.620547,4.2722314704720565,5.8446445,2.476736
2014-01-25 09:00:00,19.088976934446578,25.624847,10.626801,18.059149412378606,22.967388,15.061137,1.8263067963458723,3.0977468,0.28790694
2014-01-26 09:00:00,19.62009717094861,24.684418,13.13559,17.520164454784492,23.028934,13.204685,0.509940697859501,1.1160098,0.028337527
2014-01-27 09:00:00,17.78764494969505,22.449158,12.138611,24.948250408012882,32.32371,20.737774,1.0837371335942767,2.175239,0.16927002
2014-01-28 09:00:00,17.66669303693004,21.067413,12.610382,24.052859316287122,35.591377,10.321844,1.1069286281721993,3.1412537,0.064215876
2014-01-29 09:00:00,17.60319926436705,20.776215,13.237152,41.743561776681524,56.086452,14.45364,1.0234572087496907,2.8581145,0.1356572
2014-01-30 09:00:00,18.667425760033325,22.353668,13.756012,42.64016325539392,59.653805,28.977158,2.0808811393543243,5.354011,0.3342408
2014-01-31 09:00:00,13.110827205918042,18.697235,4.99411,77.19970450067689,92.49819,53.40113,2.7665308485741016,6.82246,1.023305
2014-02-01 09:00:00,10.114545579814433,16.61023,0.96765137,48.49906557188553,71.54275,28.675076,1.538669180244745,3.9159665,0.15732528
2014-02-02 09:00:00,10.86814060158622,16.339233,3.018921,20.37784687282287,41.998234,11.15247,0.7359342486444155,1.4413619,0.039780352
2014-02-03 09:00:00,10.078724027204032,15.003357,1.2728882,51.981608718202644,90.2188,25.906307,1.2553476374214552,3.096901,0.08126401
2014-02-04 09:00:00,9.171505815095315,14.121735,2.049469,55.94466556644226,88.109,31.136349,1.2793894530346714,3.1312323,0.284369
2014-02-05 09:00:00,9.983433468081103,13.620789,3.4762573,48.21807950011637,71.74356,24.352932,0.6395620286396612,1.8161825,0.12375169
2014-02-06 09:00:00,11.394832351230036,15.705139,4.2715454,33.77108950597344,59.19394,7.5788507,1.4399674976676102,3.6130207,0.10596745
2014-02-07 09:00:00,10.170856491725829,14.350159,3.55365,65.24810530847256,92.38446,44.87124,1.7470402792277169,6.4686346,0.1422165
2014-02-08 09:00:00,13.245966932204851,16.488342,6.324066,54.2298372316333,76.86036,40.980247,2.292385673492041,6.585826,0.43276435
2014-02-09 09:00:00,16.175298709409162,20.581238,8.554108,59.698500736935,85.77371,31.85167,2.6433546703613335,6.4257054,0.5774951
2014-02-10 09:00:00,17.217115502539514,21.393036,10.928192,62.45073176627452,87.00042,35.113384,2.53926786053507,6.528735,0.7046067
2014-02-11 09:00:00,16.546626133657753,20.56482,10.46521,37.10816387080898,65.619385,11.545168,1.653949641090494,3.37677,0.336542
2014-02-12 09:00:00,16.664638359676644,20.103973,12.625458,23.324289134945115,46.145905,5.3802776,1.1329984899406929,2.5361235,0.27875823
2014-02-13 09:00:00,19.803811126491553,25.005096,14.967987,20.60902249322407,34.41359,10.579231,1.4603984280074167,4.137915,0.14679344
2014-02-14 09:00:00,20.766795102525293,25.958649,15.153961,19.984517263268643,31.577318,6.3001366,1.5819797287669752,4.5412865,0.2127961
2014-02-15 09:00:00,22.26059294110786,26.136047,16.440735,12.648640218945763,23.033842,4.4041967,1.477889858755348,4.168747,0.124067456
2014-02-16 09:00:00,21.1986480515381,25.693573,13.150604,13.487024708977389,22.593855,8.464949,1.8673609471592296,4.649652,0.11720547
2014-02-17 09:00:00,19.017898569277577,23.277008,13.413727,23.31111809286391,39.969936,14.685884,0.8829609894721537,2.6725366,0.13650161
2014-02-18 09:00:00,18.67059988281983,23.58136,12.782532,25.025117187130707,41.403145,9.723458,1.7545967003946676,3.4401288,0.7038732
2014-02-19 09:00:00,17.707209629694887,21.880524,13.155914,26.994289523117743,46.143055,14.248636,1.9883331363103196,3.9872065,0.7306404
2014-02-20 09:00:00,17.306059777114115,22.24112,11.192291,29.167703993286477,45.62174,11.17808,1.5284322549391829,2.9940357,0.24666399
2014-02-21 09:00:00,16.97765389319602,20.227509,11.790009,24.65876777456903,45.214767,13.347007,0.8202802138785847,1.8451328,0.26831147
2014-02-22 09:00:00,18.638562435462234,22.735687,13.36264,24.496710197717398,43.726067,15.786294,0.8311984695428201,1.8647532,0.19453505
2014-02-23 09:00:00,19.204879197302432,23.424408,13.983002,27.357130355950403,33.89899,19.621647,0.4845235623307089,1.1389271,0.09595186
2014-02-24 09:00:00,21.31102301784449,25.389313,15.188141,25.542218921799687,32.288925,20.092627,0.36133958752276135,1.0659653,0.033164293
2014-02-25 09:00:00,22.3252331101059,26.85144,15.51355,23.520530014077714,33.32582,16.540665,0.5305265247703616,1.5899575,0.096657075
2014-02-26 09:00:00,22.781173554087786,27.988983,15.906952,26.755027546212876,37.707508,17.123535,1.9090376094556223,3.887757,0.37634903
2014-02-27 09:00:00,16.69536521292531,20.792847,9.472534,64.4095786842901,74.00726,51.218204,2.5278427331266284,5.6546197,0.27835464
2014-02-28 09:00:00,18.123751533465054,22.32486,7.8111877,23.071545215086385,38.35222,11.332688,1.922470937329622,3.827265,0.21192387
2014-03-01 09:00:00,12.058011453403992,17.81366,3.583191,69.90251271368302,87.46413,41.45241,2.9513767489294183,4.75798,0.72207075
2014-03-02 09:00:00,12.622648111817512,18.396759,4.86969,71.74100002843593,83.98959,57.99246,1.6779840137821183,3.105366,0.23155066
2014-03-03 09:00:00,14.103976596557061,19.181244,6.836273,60.717300899292745,69.73755,49.6773,0.9538153329744238,1.8985997,0.11571076
2014-03-04 09:00:00,15.415313485323395,19.100616,7.657257,57.17795157897885,73.11399,42.875713,1.2617097579459557,2.6444874,0.13733797
2014-03-05 09:00:00,17.084018087622667,20.75827,12.47702,35.90281316934059,44.014545,27.514545,0.7575368029187926,2.0200262,0.12597717
2014-03-06 09:00:00,20.398482909778636,23.577362,15.217987,37.73128382783584,60.689484,23.965576,1.5011824769294433,3.3569658,0.25360233
2014-03-07 09:00:00,19.832192923992295,25.13095,12.45517,45.285106485954486,80.79838,21.292465,2.548770361167951,4.2832303,1.3961089
2014-03-08 09:00:00,18.284245180672087,21.21695,13.572418,21.717568056882193,31.076403,11.6923685,1.9378416160659762,4.136901,0.3410618
2014-03-09 09:00:00,22.12927918241587,26.321869,16.200775,12.968068676822808,19.728748,4.389056,1.3604787778710703,3.4272716,0.107236765
2014-03-10 09:00:00,24.209815773178377,30.158142,16.367126,13.644680628193653,24.113953,9.551453,1.271333094276064,1.9049865,0.5042546
2014-03-11 09:00:00,20.34582008152472,25.018219,13.13736,19.0885884123572,35.805653,6.6416807,1.752615664194281,2.683967,0.58496
2014-03-12 09:00:00,19.395763448271055,24.582184,12.543121,19.004293137256465,26.937237,11.4802065,2.951254593140096,6.4506927,0.58176327
2014-03-13 09:00:00,18.99541252384182,25.92514,9.778198,18.41652288356928,23.887875,13.99884,1.8925339054802615,3.8630877,0.12609814
2014-03-14 09:00:00,20.93689387337986,27.293854,12.965729,15.43357954847737,21.492039,9.980143,1.2278170309409349,2.5851707,0.16869228
2014-03-15 09:00:00,22.109919209802683,26.929596,15.058502,16.760908436686044,26.279346,10.537158,1.0745723805910012,2.1847315,0.27216527
2014-03-16 09:00:00,24.26861184964082,28.44217,18.297638,12.756784643011482,19.200779,6.9725513,0.8276267594878469,1.76972,0.12409948
2014-03-17 09:00:00,26.61662713403257,30.671051,19.915192,12.642960067076896,22.44388,4.536001,2.4483346847502423,4.9048767,0.7144202
2014-03-18 09:00:00,20.093062275677028,24.583649,13.232086,20.061574343616673,27.942162,6.8919897,1.6058136589959495,2.7301126,0.28343496
2014-03-19 09:00:00,19.64107762441131,26.321686,12.274811,12.85671445998595,17.17547,10.548684,1.7568849054151277,3.7917786,0.19418046
2014-03-20 09:00:00,22.407516294526545,28.375153,14.881012,11.967035234210359,19.39976,7.5751085,0.6067460779828446,1.1668067,0.023526631
2014-03-21 09:00:00,22.753817333497068,28.148346,15.61319,16.40248702113688,24.595127,10.821689,1.726953049457184,3.5635803,0.17681737
2014-03-22 09:00:00,22.292475358360434,28.179596,14.64444,30.02113643274271,38.670433,17.979027,2.352287484451605,5.429133,0.64181805
2014-03-23 09:00:00,21.831907961721015,26.831818,14.853302,19.588937312498036,30.388031,7.232067,1.2615472290268335,2.7102773,0.12987041
2014-03-24 09:00:00,22.774375021806748,27.804352,16.366852,15.117416562047714,22.369728,7.5541253,1.0462352785443536,1.7600183,0.51861167
2014-03-25 09:00:00,24.689655304647317,30.008575,18.080841,14.658021160109541,21.934536,5.356411,0.8723383907846216,1.4634874,0.24969614
2014-03-26 09:00:00,21.826174694338533,27.439941,14.055176,31.018413664149236,49.21261,17.704796,4.399411747561021,8.748909,2.0119293
2014-03-27 09:00:00,13.20070957725278,18.360474,5.611725,66.95453794073757,88.99627,37.769707,3.5017808330836533,7.7385783,1.2892599
2014-03-28 09:00:00,16.137840655659204,21.810944,9.133453,48.360243580586484,62.26123,28.493204,1.8763510314721958,4.4392247,0.15970929
2014-03-29 09:00:00,20.193594962174984,24.633698,13.575104,34.73063458079803,43.972534,22.373575,1.442343423164671,3.2218184,0.18596578
2014-03-30 09:00:00,21.904919566301658,27.442291,13.582916,35.51379300674583,45.546066,24.44841,3.377806850037984,6.972025,1.7175306
2014-03-31 09:00:00,14.897890503297901,19.541656,7.801422,38.394509933170355,59.204735,13.607078,1.7726289596094382,5.6389327,0.09151344
2014-04-01 09:00:00,15.49517641528405,20.163727,7.8023987,43.481796142984635,62.685184,25.112469,3.3334292440706452,7.317809,1.0995083
2014-04-02 09:00:00,12.182035072770589,17.266022,3.5609436,56.725043189404154,75.9429,27.846224,2.405009193551683,6.139005,0.057320084
2014-04-03 09:00:00,13.2589823891376,18.782135,5.2347717,34.26128612778768,46.468597,20.206875,0.8774724818481536,2.3843482,0.17327067
2014-04-04 09:00:00,17.16058864194622,21.517242,7.5309143,36.68307391336707,56.48507,20.763374,1.9763137100002006,3.677125,0.85783327
2014-04-05 09:00:00,15.190517062524009,20.648834,6.4476624,50.02609414268628,75.65163,24.47682,2.8433154667406355,5.1000986,1.4777007
2014-04-06 09:00:00,17.273695659181044,21.369781,12.154449,33.97692062193063,52.131027,12.460434,1.2842036447188292,2.926444,0.08864359
2014-04-07 09:00:00,22.249902122224285,25.181793,16.720856,20.37164802274953,26.657516,16.138084,0.7919304626076233,1.7390167,0.21635817
2014-04-08 09:00:00,27.733108575352674,33.135406,19.932281,15.219961809647419,21.816217,11.445358,0.4495960221785132,0.85309684,0.020079685
2014-04-09 09:00:00,29.112830540871983,34.393463,21.26651,13.931287036257672,19.10136,9.195111,1.5110479433501425,3.1792426,0.55122995
2014-04-10 09:00:00,28.268884411198258,33.11026,20.077057,11.81139081973598,18.333965,6.095683,1.6391279597228938,4.01641,0.18847755
2014-04-11 09:00:00,27.319387418892916,32.068268,20.216705,12.733456812876172,21.376568,5.8257866,1.686809847597943,4.462204,0.13676383
2014-04-12 09:00:00,27.619110275234732,33.17447,19.510406,13.31537684011976,19.88482,9.749475,2.8613606838205694,6.9843946,0.83622974
2014-04-13 09:00:00,23.70505009762502,29.547028,15.888824,39.132668238726595,55.01023,16.70143,2.5523061373662292,6.4898095,0.7212606
2014-04-14 09:00:00,24.168988859021056,28.342438,17.072906,9.714296302653473,13.667503,3.888837,0.9729017826187171,1.660241,0.1452321
2014-04-15 09:00:00,26.169110609833865,32.159332,18.604645,14.855649860201734,28.808643,7.0385275,0.8860578161198943,1.3984907,0.09594179
2014-04-16 09:00:00,26.06285100214609,31.931793,18.693512,17.183410240351492,27.089245,9.472057,1.728037581450717,3.8927479,0.17804474
2014-04-17 09:00:00,26.05909243330109,30.727203,19.621735,21.67065932248492,30.967587,14.146962,1.2122293710205536,2.6228845,0.39482433
2014-04-18 09:00:00,26.45276304304747,31.365631,19.281647,29.9171519254553,41.427,17.284748,2.469902683850173,4.914695,1.0145671
2014-04-19 09:00:00,23.788970509750925,30.063873,15.269928,45.149434326594545,52.854267,28.013306,1.5835964372289466,3.1383262,0.7408937
2014-04-20 09:00:00,25.37743128821006,30.775543,17.83023,28.290703630210842,40.71274,13.585693,1.9285643491453761,3.483906,0.6508889
2014-04-21 09:00:00,26.139518481637083,30.437653,19.90445,13.715456279509658,21.088522,5.4134784,1.3492858606782336,2.841481,0.14700781
2014-04-22 09:00:00,27.70199800629888,32.253082,20.21402,13.541966874291727,18.675117,5.1016736,3.4840523043642375,6.667434,1.9272552
2014-04-23 09:00:00,18.09858471971637,23.587067,10.774078,31.071944456217796,43.506382,11.232608,2.5100609209992966,4.945482,0.71777904
2014-04-24 09:00:00,19.691366560217148,24.600494,14.79068,29.046248900960787,42.267666,14.121699,1.4237254650382813,2.9213204,0.33493856
2014-04-25 09:00:00,23.355063940947502,27.898102,16.79654,31.828339186037354,47.693623,15.675423,2.3970550903639523,6.195796,0.24225819
2014-04-26 09:00:00,15.58165760957894,20.223785,6.3526917,65.36649579428347,81.488335,39.683083,3.9541404183391364,8.164725,1.6327314
2014-04-27 09:00:00,15.26667110959977,22.344635,7.0853577,51.54344031516128,66.41141,30.766876,2.5269199220811496,5.9657946,0.3842914
2014-04-28 09:00:00,18.674509792257652,24.951324,12.299469,39.33261586379752,59.292313,26.764969,2.1204730233260802,4.770719,0.47956184
2014-04-29 09:00:00,22.58407979268401,26.611969,16.752594,21.295064517542762,28.047546,14.758485,1.6584160259398315,4.1033406,0.2309281
2014-04-30 09:00:00,26.878854031087087,32.213287,20.805084,12.504939887847375,20.451336,8.778076,2.52699848634752,6.0074086,0.40052098
2014-05-01 09:00:00,25.80470896331127,31.585358,18.536041,10.24353657071647,19.677717,4.8074923,1.7871383927064164,4.40714,0.1697689
2014-05-02 09:00:00,30.50827800487764,37.42032,22.25113,11.468663212862934,24.232346,2.9823456,1.0264244530626314,1.7584354,0.21316445
2014-05-03 09:00:00,30.82798491843681,36.246246,23.039215,10.894518175593035,16.34885,5.782444,2.022567094537835,4.8702097,0.05268914
2014-05-04 09:00:00,28.732683891571696,34.081696,20.835602,10.849177912624931,17.862976,5.4098825,2.4642350463289446,5.2501793,0.8242354
2014-05-05 09:00:00,26.32272613350534,30.059479,19.4794,24.315557171934266,39.013992,12.20149,2.6655006587632726,6.4177957,0.8327463
2014-05-06 09:00:00,22.755137303359334,28.958893,14.54483,40.805875979805656,53.87783,23.092674,3.9874643913248566,7.9019947,2.0410907
2014-05-07 09:00:00,16.908623273023977,21.410797,11.424957,45.5952791994511,60.9782,28.282318,2.0714435105217266,5.9213314,0.037482012
2014-05-08 09:00:00,21.069263965122275,27.308258,14.479889,34.4224991811219,44.479225,21.787819,2.4320287115380137,5.153059,0.7279035
2014-05-09 09:00:00,22.89777016551585,28.735016,15.01236,36.17855164697761,44.120243,24.327274,2.9247223246558143,7.7677455,0.5087325
2014-05-10 09:00:00,22.90231607775388,28.616364,15.497223,37.64873322559592,63.099216,15.744489,3.598976112711238,7.516323,1.412929
2014-05-11 09:00:00,20.626612440584267,26.497223,12.493317,20.269113960981024,37.014683,4.9834337,3.1829944834579202,4.974555,1.6658031
2014-05-12 09:00:00,23.57295830717277,28.299225,16.75821,13.385372347961296,18.435146,5.2791157,1.1641987534566833,3.300312,0.1482688
2014-05-13 09:00:00,28.02072899409643,33.61075,20.761139,11.99977491523062,15.974735,9.723213,1.222976809247031,2.5168226,0.26528868
2014-05-14 09:00:00,29.881734557788832,36.836823,21.79776,9.451078876885997,11.651843,7.546157,1.5833167415673526,3.87097,0.261177
2014-05-15 09:00:00,32.205298908914756,38.49649,24.41446,9.707122256613006,14.305109,6.8441715,0.9313676668200221,2.2343206,0.1296726
2014-05-16 09:00:00,33.926252349103436,39.623444,26.367584,10.709256048925532,14.394606,7.2256145,1.4945739571393997,3.1334987,0.027027974
2014-05-17 09:00:00,31.759862617370516,37.682526,24.836823,10.032796721394758,13.727097,4.746628,2.3787292371609974,6.5691137,0.23978311
2014-05-18 09:00:00,29.817930507095696,35.037018,23.111237,12.937126671859339,18.395271,5.4775887,3.40725646797808,7.833243,0.870819
2014-05-19 09:00:00,25.320479246356854,31.080719,18.035797,29.956277274863197,41.397263,9.760544,3.1738194492642906,7.2366934,0.8737732
2014-05-20 09:00:00,24.022630914777096,29.87149,16.71524,26.372532523464443,37.034027,14.3543415,3.3947523336542726,7.002879,1.131906
2014-05-21 09:00:00,18.873435336631587,24.733063,12.205475,48.62875135948393,56.89643,26.869656,2.363987539481832,5.8059053,0.3819648
2014-05-22 09:00:00,21.441823554549273,27.7753,13.553864,44.32375820994969,59.952446,29.46582,1.1673610248951667,2.311673,0.16432372
2014-05-23 09:00:00,23.545973277177495,28.940826,18.31363,35.4731447966419,46.049072,15.296634,1.1277102922499727,2.7516177,0.12644035
2014-05-24 09:00:00,28.024684869322527,34.62393,21.118073,25.455319996247482,34.79545,8.963415,2.0474408715687713,4.223641,0.39711082
2014-05-25 09:00:00,29.7824358195046,35.362946,23.50064,26.29186572805518,34.54985,13.97955,1.7088599724069786,3.8930738,0.30809826
2014-05-26 09:00:00,32.495474850999585,37.993317,25.383942,21.181228347935193,32.033363,12.617676,1.9889322510314889,3.349453,0.36858007
2014-05-27 09:00:00,33.975930603799725,39.180084,27.260162,11.565860499690864,16.525951,5.6822023,2.212383150374873,4.5305133,0.30757228
2014-05-28 09:00:00,32.97154891822254,37.70938,26.728912,10.294950452100691,13.579624,6.230443,2.7314000324391987,5.8319864,0.61564666
2014-05-29 09:00:00,28.08067983575563,32.239166,22.037994,8.368620987966244,13.341545,2.41967,2.3038187263284993,4.8063293,0.73881346
2014-05-30 09:00:00,28.996158226006855,33.144928,22.764069,5.547286478257132,8.177027,1.0686722,1.4395435592110082,3.4038029,0.2148993
2014-05-31 09:00:00,30.936178199748383,35.706696,24.193024,8.08352569171219,11.288315,5.557846,2.2849527380424806,4.6953573,0.54346144
2014-06-01 09:00:00,29.42357356600337,34.19107,22.973297,10.929993363474201,15.689565,5.759877,1.5266997395878266,3.6470687,0.120179735
2014-06-02 09:00:00,31.48914563885728,35.917877,25.929596,10.665732336283163,17.797207,5.1233597,1.9988968511298877,3.8833196,0.574028
2014-06-03 09:00:00,30.012401941068617,35.164948,23.55362,9.778874446009679,14.252043,5.084074,2.3948930980445478,4.6951003,1.0520188
2014-06-04 09:00:00,30.538774492397692,34.593414,24.876617,13.818552199955327,20.070526,6.292741,1.8429631236228872,4.226482,0.26919794
2014-06-05 09:00:00,31.698159540829693,36.551178,26.211334,16.111479719722638,22.008991,8.554853,1.347398950563744,3.2553499,0.22284111
2014-06-06 09:00:00,33.70418764933157,38.993805,27.564117,15.825465138896282,21.174158,6.6971407,2.105009703328498,4.7337604,0.3211615
2014-06-07 09:00:00,32.60064143851395,38.393707,26.327301,14.824612299615422,20.53172,7.434822,2.1607226678447953,4.4938073,0.5933472
2014-06-08 09:00:00,33.975719003364134,39.16861,28.465485,14.627639161694503,21.130741,7.851655,1.4681307889285995,2.7866356,0.08619053
2014-06-09 09:00:00,36.75737045639323,41.738922,31.147125,11.671987474337124,17.142342,6.0994453,0.8637405767270069,1.8097085,0.2991109
2014-06-10 09:00:00,37.89145652356842,43.887604,31.36612,10.274813411758812,14.053927,7.57578,2.0975014942701056,3.6636138,0.6063982
2014-06-11 09:00:00,33.791265155977555,39.260895,27.661285,16.519051277615247,21.483334,8.446156,3.149985201336928,6.876422,1.0430253
2014-06-12 09:00:00,32.57912372047497,37.31729,26.987213,21.908134881112698,28.40775,13.048465,2.7767536338114938,6.197437,0.8810452
2014-06-13 09:00:00,31.928424836962677,36.863678,25.428131,23.733689739735407,31.50161,10.051171,3.368429507374469,7.276339,1.7355622
2014-06-14 09:00:00,29.316507106537074,34.64615,22.462555,11.18815677514734,17.123838,6.092431,2.1682542991251443,5.2376714,0.5084086
2014-06-15 09:00:00,29.56478389584737,34.3461,23.588287,11.227866614853628,14.341699,6.659957,2.383227349444941,5.668849,0.16757157
2014-06-16 09:00:00,28.419072968312662,32.826324,22.144684,21.200548200850605,30.517586,13.408212,3.842487410544104,8.316248,1.893647
2014-06-17 09:00:00,26.905884345281663,32.192047,19.633453,27.605039646930422,34.485943,16.709017,3.7567385493026406,8.483539,1.9001207
2014-06-18 09:00:00,26.80642745639841,31.965973,20.028473,17.272939066305984,22.339737,9.946067,1.5846475704059597,3.3654814,0.20297438
2014-06-19 09:00:00,29.653563734369186,34.81607,23.50772,14.00427127330858,18.249723,8.090368,0.9257607974534142,1.5601397,0.33032194
2014-06-20 09:00:00,32.78885541761207,37.65103,27.21939,11.570324783457519,15.701223,7.7217007,1.5056540004187093,2.1573746,0.17594892
2014-06-21 09:00:00,33.12735728757269,38.173492,26.882477,9.579867442321328,12.311217,5.54412,1.9981776441221217,5.071358,0.06387163
2014-06-22 09:00:00,33.001596951532974,38.235016,26.60025,11.273383992002751,14.92505,5.6555185,2.5441380102903786,6.297169,0.5456057
2014-06-23 09:00:00,32.62507479563317,37.87735,26.691803,11.740045476799919,16.262463,6.1265564,2.1569416959883387,5.1530995,0.47204345
2014-06-24 09:00:00,32.87399652742977,37.640778,27.664215,13.880000322465131,18.539146,6.6254396,2.1178577509392693,4.9788756,0.26182085
2014-06-25 09:00:00,32.63528548105137,38.15909,26.590729,17.327656702442155,24.9115,9.0365,2.690568590025937,6.1941514,0.14983188
2014-06-26 09:00:00,31.639101898715012,36.57852,26.316803,24.258996939731528,32.302544,12.012593,3.0261627258870387,7.19165,0.5443531
2014-06-27 09:00:00,27.981610508462154,32.754303,21.920807,37.9805393932198,52.984276,22.523338,2.831585659201851,6.25733,0.30232778
2014-06-28 09:00:00,29.280370644313052,34.479645,23.671051,29.510547028188352,43.062054,15.233929,2.1438765760339913,4.791136,0.18549526
2014-06-29 09:00:00,32.286218801982386,37.06314,27.320953,16.026414955467626,24.67096,5.855069,1.5750574459983016,3.3253267,0.24336246
2014-06-30 09:00:00,35.200555083924996,38.970856,29.890778,13.949409258720992,17.664522,9.90278,1.1329003718214192,2.7243803,0.01995644
2014-07-01 09:00:00,37.283772978631134,42.325348,32.854645,13.580930091154324,19.594658,7.1606493,1.8661696963413212,3.4668305,1.030398
2014-07-02 09:00:00,37.763702317911566,42.464996,32.91812,15.967078354696573,22.48513,7.7160788,2.1262221338886538,4.0114202,1.0601711
2014-07-03 09:00:00,36.48074914053234,40.90396,31.364899,16.301955054679215,23.707617,9.413134,2.240291479250352,4.6018076,0.5181569
2014-07-04 09:00:00,35.9168090613407,40.74649,30.267975,16.426392871165714,24.943478,9.724976,1.4562238907334462,2.9215183,0.1244925
2014-07-05 09:00:00,35.91276410890896,41.787262,30.314606,17.27877192228261,23.786129,10.133784,2.151321959895341,4.9154906,0.9210141
2014-07-06 09:00:00,35.596846412593834,41.63614,29.651764,15.395002029589794,22.507519,9.396166,1.723911978026646,4.024665,0.13417378
2014-07-07 09:00:00,35.22696425159438,40.40689,29.057281,13.883988414238154,24.556507,5.562517,1.3075674308606777,3.3063178,0.23884423
2014-07-08 09:00:00,35.4190401831126,40.520172,28.477448,11.829897059372385,16.130821,8.702715,1.564821822517664,3.5386379,0.17544147
2014-07-09 09:00:00,36.94017800754415,42.86905,30.829987,15.810068879682085,20.292753,11.491287,2.1808790952168926,4.1644607,0.2486755
2014-07-10 09:00:00,35.64610411407563,41.07901,29.231354,17.753671086142894,20.998304,13.857679,2.4562746958492,5.2445965,0.78860205
2014-07-11 09:00:00,33.513247271225794,38.56192,27.821686,21.174608135151328,28.757854,11.990753,2.4463502246265927,4.667733,1.1409603
2014-07-12 09:00:00,32.32799948885986,37.47354,26.520416,26.715623319830463,36.74666,11.009269,1.5970007205509946,3.2356815,0.3481106
2014-07-13 09:00:00,33.89572766577834,38.145172,28.953766,20.93472624696361,30.281588,8.457652,1.011943667953762,1.9767084,0.078248195
2014-07-14 09:00:00,36.93933155108442,40.591217,31.645905,20.006094566882677,27.34853,10.123585,0.9626131438547699,3.3690484,0.27045828
2014-07-15 09:00:00,32.97789499539027,37.80313,28.178131,31.138140318734123,47.33415,21.483673,1.3874450792385549,2.846161,0.23128487
2014-07-16 09:00:00,34.57720234910272,40.54117,28.203278,36.96301232281187,52.242897,22.73888,2.4631623063779178,4.867081,1.3657933
2014-07-17 09:00:00,33.371579340817675,38.177155,27.727936,42.27041895030488,60.77588,18.916502,2.730574101011789,5.8197665,1.450738
2014-07-18 09:00:00,31.559642847043108,35.76773,27.64273,51.325806059823556,73.41655,12.865366,2.5607723770348843,5.133566,1.3539656
2014-07-19 09:00:00,32.47124682780236,36.650787,28.350006,39.75216426181102,55.084568,18.118864,1.8954974092467398,3.7421212,0.68475115
2014-07-20 09:00:00,31.174390929828576,36.43277,26.387848,34.069062259034084,46.276825,17.78547,1.603610227300477,3.1997426,0.5830266
2014-07-21 09:00:00,31.688947985113884,36.630768,24.921783,37.047497162129574,51.847507,22.29855,2.2418365821162527,4.9809093,0.67664087
2014-07-22 09:00:00,32.17853294256531,37.184723,26.220612,35.301785990930206,46.247345,16.462187,1.8425942116949237,3.538657,0.23126373
2014-07-23 09:00:00,33.82576442696205,38.452057,27.79776,26.124064685192426,37.07955,11.091271,2.3661309595496434,3.9272199,1.1787809
2014-07-24 09:00:00,31.718828381986555,36.640533,26.89444,17.12809705818115,29.801916,5.864416,2.0870075183087407,4.0266166,0.4605177
2014-07-25 09:00:00,34.05224083038428,38.98111,29.54361,12.76252792662961,20.313583,5.353408,1.5351811005383704,3.394056,0.4950158
2014-07-26 09:00:00,36.57203488620905,41.07315,30.88565,15.261297757988352,24.931238,8.199847,2.0493702598915235,4.604335,0.5980675
2014-07-27 09:00:00,35.668760958607606,42.213776,29.688385,22.110485189211914,30.011644,15.303133,1.9140806315023293,4.8269057,0.44539365
2014-07-28 09:00:00,34.78990285892576,41.876373,28.292389,32.65010407764885,48.906055,18.792774,1.3766638940648834,2.9165874,0.6631103
2014-07-29 09:00:00,32.80441300238658,40.351227,23.915436,34.581694598666516,46.032654,27.806683,1.3755715788517466,2.9405248,0.20119956
2014-07-30 09:00:00,34.00894567069366,40.42984,26.571198,40.33845474933196,47.494713,26.08846,1.4339507583432716,4.057481,0.3924544
2014-07-31 09:00:00,34.135218274585725,39.812897,26.285553,30.161879001146886,38.888382,19.7729,1.0684685562342082,3.1037366,0.24119511
2014-08-01 09:00:00,36.71944867034148,42.382965,29.572418,18.632990539700373,22.78366,14.720687,1.2902012675240397,2.5513053,0.2312646
2014-08-02 09:00:00,37.141027079965795,43.284332,30.169098,13.755353093120943,17.144218,8.901977,1.2467661116254067,2.943035,0.15644974
2014-08-03 09:00:00,34.06548465970775,41.508453,27.48111,21.234884752850753,30.924059,14.670153,1.4332205233050799,2.7299545,0.07185076
2014-08-04 09:00:00,26.461026475678693,33.551422,18.533844,42.14171804735473,61.18582,19.51254,1.2349711106426124,3.0218124,0.3669609
2014-08-05 09:00:00,31.39627164407659,37.368073,23.500885,25.113113924328577,31.851099,11.397974,2.276092032207181,4.578143,0.66151893
2014-08-06 09:00:00,32.69005727077365,37.997955,25.503815,26.49687669786574,45.25599,12.150522,2.017131538417402,3.8025453,0.28013897
2014-08-07 09:00:00,30.82197141233854,36.039948,24.502838,36.96867460927227,45.77252,18.724901,1.792357849972217,3.8408406,0.14636071
2014-08-08 09:00:00,33.30598209880412,38.730377,27.736237,28.788447917168583,40.438805,13.557983,1.1871962002483232,2.4753306,0.2468725
2014-08-09 09:00:00,34.391497704633764,40.084137,27.775543,25.43277531166829,30.713957,16.646772,1.3110885851742198,2.685122,0.08508346
2014-08-10 09:00:00,34.11698525660648,40.15323,26.512604,17.98651347227127,24.848158,12.056114,1.5864886867669414,3.1339788,0.61099124
2014-08-11 09:00:00,33.852537579502155,38.881744,28.284088,21.40002196241853,32.627728,11.468945,1.3724423330774123,3.1843863,0.4672154
2014-08-12 09:00:00,32.86003004938436,40.05069,24.347565,30.784895333412457,38.186264,22.701889,1.2999530242296242,2.6618059,0.24189967
2014-08-13 09:00:00,33.738991650876414,39.371735,26.760406,29.173558619072047,38.18093,19.746437,2.0522726345870814,3.6430829,1.0146227
2014-08-14 09:00:00,32.56396211049457,37.53897,26.064362,21.19824124998235,34.56378,10.055094,1.8869723963046077,3.863734,0.34726354
2014-08-15 09:00:00,33.33074919663903,37.54825,27.450592,15.58890391006081,23.918352,7.2675056,1.918600744942108,4.04198,0.47628868
2014-08-16 09:00:00,34.105397448509166,39.240387,28.070465,15.041498229468559,19.632826,10.173565,1.804439909427135,3.5314252,0.5608307
2014-08-17 09:00:00,35.29970735249458,40.0856,29.741852,13.97923712943683,18.229809,8.159495,1.7088238945406067,3.8833818,0.30500847
2014-08-18 09:00:00,34.86790852658038,39.75357,29.030914,16.702981772840104,21.798443,11.799121,1.6346716975659454,3.8452199,0.050507072
2014-08-19 09:00:00,33.70425857272335,39.16568,27.011383,13.81004505338155,20.413223,8.081192,2.277714845125589,4.635864,0.066334076
2014-08-20 09:00:00,30.232371094608368,34.737946,24.349274,25.762499611383443,35.340218,10.927787,2.1774551358077123,4.523057,0.6587583
2014-08-21 09:00:00,30.869129178527373,36.322174,25.72647,25.220116978782993,39.17644,10.524098,1.39442745549983,2.538283,0.6007752
2014-08-22 09:00:00,31.78696143644237,37.132233,25.41153,24.385598630550525,34.22212,15.744131,1.8605233194146544,4.141043,0.27201828
2014-08-23 09:00:00,32.10866413327284,37.918854,25.270416,26.76534512294539,33.77585,17.447723,2.723394084499953,6.1475782,0.86082643
2014-08-24 09:00:00,31.510282952240686,36.039703,26.117828,27.267905983592172,36.70989,17.370045,1.9922298534563656,3.9822838,0.9666611
2014-08-25 09:00:00,32.167410001972655,36.98941,26.731598,22.61379143763351,31.235712,13.480299,2.502222571506546,5.3337517,0.6863447
2014-08-26 09:00:00,30.377987659999178,35.344635,24.569244,17.374179140184065,27.574867,6.10573,2.4209190063415362,5.169886,0.91171944
2014-08-27 09:00:00,31.237248267704047,35.732086,24.92154,20.078165396941266,25.768337,11.542302,1.4810869287936144,3.0732305,0.41638485
2014-08-28 09:00:00,33.352081955705785,38.177155,27.552155,20.0185560875449,28.211266,9.966225,1.294150970731703,2.3157258,0.3723392
2014-08-29 09:00:00,34.64679933665917,39.159576,29.069733,18.29396612061726,28.039999,9.008586,1.176194708605019,1.8754166,0.32997203
2014-08-30 09:00:00,34.366516453476265,38.732574,28.882965,16.853542355053687,25.869976,9.185222,1.7505297171514496,3.5746286,0.075507544
2014-08-31 09:00:00,33.1015889661183,38.282623,27.604889,16.6022861358983,23.676907,10.501125,2.114660024532313,5.432677,0.31062594
2014-09-01 09:00:00,32.332649344505114,36.763336,27.528961,16.53717861600239,23.715282,9.723096,1.3065171979276498,2.7962475,0.026492223
2014-09-02 09:00:00,34.44454316116082,38.673492,29.82193,18.16474159585087,27.0392,10.4767,1.0683266917703715,2.213542,0.12109592
2014-09-03 09:00:00,34.679231529553874,39.483307,29.38565,19.635112793436228,29.244703,11.347467,2.124238286204584,4.585708,0.28377685
2014-09-04 09:00:00,33.043047408394784,37.486725,27.685944,21.688369111324498,30.908098,12.194244,1.9019720748065452,3.8430617,0.8317392
2014-09-05 09:00:00,33.18353920105295,37.812164,27.583649,16.782261528696402,26.939093,10.947275,1.3387532059950487,2.3025486,0.40582597
2014-09-06 09:00:00,33.900599585029795,38.703766,28.41861,15.384978327240816,25.217157,6.896475,1.1521546523568,1.6835612,0.4341327
2014-09-07 09:00:00,34.38468677805872,39.07779,28.462555,18.2802494405419,22.140312,9.550989,1.123894473197469,1.947652,0.338137
2014-09-08 09:00:00,33.88129849716262,39.27359,27.730621,18.357291261836203,31.575619,9.955409,1.7207458177474466,3.9066,0.16508467
2014-09-09 09:00:00,29.779435183415387,36.112946,23.099274,21.718842973634562,34.226658,9.274586,2.0340767130375967,5.2364016,0.28165197
2014-09-10 09:00:00,30.568684005547425,35.228912,25.187897,11.584558357368728,17.484827,6.210128,0.7727408838926668,1.6403003,0.22763693
2014-09-11 09:00:00,32.98004971103143,37.51358,27.64444,14.02947863986432,18.317364,10.854374,0.3832649050029718,0.8477197,0.08619165
2014-09-12 09:00:00,34.190805350965434,39.74356,28.579498,15.43657955473986,17.862434,12.988391,0.5665713098224162,1.1620288,0.11199736
2014-09-13 09:00:00,34.37141195223779,39.925446,28.614899,16.340735136705636,19.65494,12.533846,0.7089684381449766,1.601101,0.077861495
2014-09-14 09:00:00,34.282704644776516,40.11026,27.477448,19.51919779470812,22.136047,16.97123,0.8759670332964099,1.96603,0.10959809
2014-09-15 09:00:00,34.435872297304,39.613678,28.13321,17.98000023268002,20.875103,12.868062,0.8772063333243373,1.5321243,0.20059863
2014-09-16 09:00:00,35.60023455404354,41.357086,29.663727,21.631676833780748,31.870564,14.5268135,0.9077428780743817,1.7943698,0.18667305
2014-09-17 09:00:00,32.49840584677571,37.06656,27.861725,22.03346304310729,27.980747,15.597735,0.9755188878976937,2.5529106,0.10972876
2014-09-18 09:00:00,34.06276132145575,39.47574,28.231598,23.857083633387305,29.750519,16.760769,2.22344873861058,4.8253546,0.4352346
2014-09-19 09:00:00,28.879639772967607,33.94815,22.821198,50.32389487257908,61.861683,28.599964,1.917856966631273,4.4848595,0.15063888
2014-09-20 09:00:00,29.079069001055586,33.193512,24.427887,42.75073433442336,53.15781,22.925474,0.9291173742253642,1.8717397,0.23859438
2014-09-21 09:00:00,29.549550817090676,34.935455,23.228424,37.528408438166984,52.484325,12.956981,1.30999823536972,3.0036993,0.48833442
2014-09-22 09:00:00,29.429259535522704,34.013336,23.970367,31.53617464358946,43.563183,15.969433,0.9376432008806949,1.5804421,0.3809185
2014-09-23 09:00:00,30.53837586433002,34.756256,25.551178,25.80356225491116,36.73822,12.671812,0.6596529440087462,1.1965169,0.21107173
2014-09-24 09:00:00,32.07162569442329,36.57144,27.018707,16.784516901065395,30.716986,7.8159,1.0535089104943718,1.6720935,0.42260274
2014-09-25 09:00:00,32.131659785350905,36.13394,26.889801,17.011454142296937,31.791061,9.068404,1.8240459967777412,3.5487282,0.39505443
2014-09-26 09:00:00,28.393420401960498,32.052155,23.345123,42.990304528320294,70.07764,22.788578,2.535129147440066,4.225223,1.5374277
2014-09-27 09:00:00,24.39443709264458,28.515778,19.033356,49.45365766615128,65.924965,24.294247,2.704499730608065,6.591831,0.20658244
2014-09-28 09:00:00,20.812679360288996,27.027008,13.44693,46.83875583451303,58.7932,27.101795,1.982437921169579,5.91206,0.104950234
2014-09-29 09:00:00,23.125815236539268,28.481842,15.629059,44.57052299859022,58.26263,29.345247,1.4949497573139792,2.5959184,0.123258196
2014-09-30 09:00:00,23.518124130795172,27.971832,19.57486,31.893213430556543,43.42227,19.656649,0.6834746824037816,1.2900946,0.17342314
2014-10-01 09:00:00,26.44514267408988,30.610504,21.212067,30.67613136816331,41.95517,17.20995,1.0106389830021765,2.0231025,0.25458017
2014-10-02 09:00:00,27.263286081281024,32.091217,22.081451,14.231257012409536,23.858116,9.194054,1.9151159669729942,4.1996427,0.20583184
2014-10-03 09:00:00,29.774980638530337,35.539948,23.780182,10.415835711998211,19.812817,7.082349,1.2084744557341889,2.629049,0.29074556
2014-10-04 09:00:00,31.830882736048977,36.915436,26.308014,10.330522993111625,15.4746065,5.5914545,0.8885216873187162,1.906614,0.04101053
2014-10-05 09:00:00,31.0491049278441,35.254547,26.514313,9.48766462228785,11.988658,6.5464406,0.6787384942245758,1.5822728,0.13432674
2014-10-06 09:00:00,32.4745675936623,37.222076,26.81778,10.199101272899881,13.142208,7.1026382,0.795707313523617,1.6187896,0.22265433
2014-10-07 09:00:00,31.784643298658523,36.4899,26.314117,12.84654959639886,17.570587,8.511994,0.45936237954054987,1.0643463,0.027783258
2014-10-08 09:00:00,31.206976475825627,36.299957,24.786285,16.130961187443695,21.704159,10.2783785,0.8725024594791835,1.791038,0.06837855
2014-10-09 09:00:00,28.360492412936765,33.72867,22.947418,19.520367499654885,24.54619,14.030565,1.44239986339161,3.0576289,0.23452397
2014-10-10 09:00:00,27.863440655166414,33.787262,21.920074,17.483958161322555,22.942585,10.24235,1.549369005390029,3.639543,0.20668277
2014-10-11 09:00:00,26.188581566963535,30.743317,21.448395,18.292752906055625,26.827545,9.726949,0.7772593491079461,2.0040781,0.036199402
2014-10-12 09:00:00,27.44682877649791,31.029205,23.017487,16.547886341999632,25.423748,11.267499,0.751894996634757,1.6633863,0.14512758
2014-10-13 09:00:00,28.188663396986215,31.953278,24.246246,7.719811828819619,12.608291,4.503397,1.4952468130894392,3.3945174,0.39142808
2014-10-14 09:00:00,29.35550381271105,35.380524,22.964508,8.150563792794049,12.700702,4.3999205,1.1772960528829102,2.442439,0.18479551
2014-10-15 09:00:00,28.10632731009906,34.035065,22.57022,21.048547075389923,44.292244,8.885993,2.33440044891623,4.5584025,0.3170486
2014-10-16 09:00:00,22.054656257926865,26.467438,17.633698,45.52110530593482,71.99922,21.727386,1.5932398641774057,4.3992987,0.119866185
2014-10-17 09:00:00,23.41974776217444,27.236237,18.716705,36.002770561680975,54.11432,20.134304,1.1517838202117354,2.8785756,0.1925204
2014-10-18 09:00:00,22.588029428466825,27.165436,17.325592,40.31435923754769,56.36483,19.49764,1.0784704504182636,2.5123181,0.14648876
2014-10-19 09:00:00,23.379977943996778,26.92154,19.679352,32.70390422135594,37.75563,26.101227,0.5770658276182525,1.1073049,0.164532
2014-10-20 09:00:00,25.65351460262599,29.3461,20.703522,28.570989159743583,34.172485,24.00037,0.908838965883415,2.3053064,0.23224288
2014-10-21 09:00:00,24.553532433311318,28.571442,18.71402,34.11013922705994,52.707397,11.84872,2.3418411854172354,4.562074,0.83607984
2014-10-22 09:00:00,20.668199547427093,23.916412,18.277985,22.937169873186896,29.97744,12.0809,1.0658674583911816,2.5338356,0.19164813
2014-10-23 09:00:00,22.808740613884368,26.270172,20.511627,17.364678516244407,21.57123,10.79544,0.7380832117345815,1.4426857,0.21938494
2014-10-24 09:00:00,24.959396311314038,28.69815,20.873932,13.262713694739139,18.901798,9.022698,0.6154871424107565,1.5581806,0.06579601
2014-10-25 09:00:00,27.1950642986846,31.084381,21.955475,18.774200915442524,26.052952,13.537002,1.8134844420943765,3.1425984,0.315942
2014-10-26 09:00:00,23.290044460504646,27.670563,16.78189,41.80024727205937,60.164845,22.162369,2.5186011466949787,4.800886,1.1709226
2014-10-27 09:00:00,18.506137544887395,23.259674,14.412994,34.813130312892184,51.3104,18.721119,1.2659925502897613,2.9453678,0.4465201
2014-10-28 09:00:00,19.542967459670535,22.895172,16.298248,21.830450417824,26.985737,15.9017515,0.9836617294237566,2.0455601,0.13414636
2014-10-29 09:00:00,21.72634765605727,24.878326,18.477936,16.423982346364976,21.3,12.277184,0.7209757530804273,1.8072044,0.11845335
2014-10-30 09:00:00,25.07787964958112,28.12027,21.348785,14.077813278458109,17.916182,10.345254,0.9273496571649984,2.1417325,0.06420779
2014-10-31 09:00:00,24.7143479860747,29.979645,18.83902,19.685258612953927,33.568092,13.078407,1.2732267472474947,3.4716387,0.15995209
2014-11-01 09:00:00,20.185997293685375,25.448639,14.636139,55.990757109424806,74.64927,37.071148,2.5994494187107633,6.1635594,0.40539777
2014-11-02 09:00:00,12.29090994316033,16.193024,6.2066956,63.79447094769926,78.665726,38.970417,1.6566340067349352,4.413346,0.16531421
2014-11-03 09:00:00,14.445740796972757,18.934723,8.493317,34.622434136589725,43.31931,20.670872,0.7867833063817355,1.8647971,0.077943325
2014-11-04 09:00:00,16.01929043156173,19.213287,11.122223,21.05922288603326,23.35041,16.131956,1.1112462725741432,2.4991643,0.13678911
2014-11-05 09:00:00,18.53932885670173,20.485504,15.033844,17.929673253453327,25.58219,13.184692,1.0009846033335372,2.4839149,0.11575066
2014-11-06 09:00:00,22.24661173905082,24.8378,17.41983,22.01582988725319,29.43684,17.943747,1.0427991299273576,2.5018685,0.17930825
2014-11-07 09:00:00,24.124899459007395,27.458405,18.90567,20.811812383859852,28.869843,14.967499,0.5496959694460026,1.6545224,0.026720144
2014-11-08 09:00:00,21.696378934783183,24.616364,18.518707,18.184221060850142,24.2365,12.701325,0.8892078699428793,1.8374578,0.14487077
2014-11-09 09:00:00,23.28311221327465,26.75772,19.665924,19.704293999482584,28.78662,14.645676,0.6061507055524739,1.7784353,0.012041216
2014-11-10 09:00:00,22.70725776638386,25.294586,18.737946,21.427371404236577,28.73794,15.316065,1.2129744253646773,3.0753493,0.22536725
2014-11-11 09:00:00,22.515138005290282,26.411377,17.473877,32.81615695244609,47.94066,16.90941,1.8281361545393564,5.2696147,0.031898156
2014-11-12 09:00:00,17.89200012344105,22.620758,13.529266,52.33545535910878,71.144135,35.223083,1.7684619993263937,4.5875764,0.46372893
2014-11-13 09:00:00,17.301183912466286,21.261993,12.367462,44.76213997433072,67.527115,24.749104,1.7000411946780245,4.913356,0.08382396
2014-11-14 09:00:00,17.18148657731956,21.341003,11.397644,61.030416908926206,85.94953,35.738594,2.09643202875878,6.3032203,0.3615734
2014-11-15 09:00:00,16.261615768665422,20.698334,10.454193,46.64381214932213,77.13967,11.610667,1.8944856753478603,5.379893,0.2979673
2014-11-16 09:00:00,15.04280631447989,19.780548,8.809845,26.88142006441922,39.054234,15.288609,1.0770808130521623,2.2048752,0.39596415
2014-11-17 09:00:00,14.830460416254198,20.656189,9.124939,6.7160969375499056,11.124646,0.8195095,1.8504385996384813,3.9134204,0.5782785
2014-11-18 09:00:00,16.01140053067138,20.532623,10.020905,9.247630235861042,12.566315,5.074127,1.7154816102586805,3.4985356,0.3215596
2014-11-19 09:00:00,17.30596124323506,22.949615,10.545319,10.613120689531767,13.602787,6.0637245,1.0587431225949955,2.420155,0.10372364
2014-11-20 09:00:00,17.463511428490733,22.071686,10.888092,30.512289160985716,51.90493,14.427573,1.0233030448797686,1.9266698,0.13867877
2014-11-21 09:00:00,15.08782149205939,19.49002,8.99588,59.821934677836204,86.65386,31.521046,1.7816945561818158,3.7845733,0.50161946
2014-11-22 09:00:00,13.93388766379212,17.128937,9.998932,42.75514637122409,78.746826,20.025562,1.3206927325263889,3.6322253,0.041522518
2014-11-23 09:00:00,16.037611680275177,21.339264,10.401764,44.473238456771846,81.659,6.751732,1.5495705840733625,3.1200113,0.2139775
2014-11-24 09:00:00,15.09226911162716,18.538727,10.265289,22.39442491421294,56.025406,1.8043385,0.9941253003445913,2.340678,0.13048911
2014-11-25 09:00:00,15.814820277423166,19.083893,11.902252,11.956122915554074,20.285465,8.297325,0.9641415417165135,2.4229696,0.047698803
2014-11-26 09:00:00,17.805235456670005,20.853424,14.638641,13.249388344670724,15.743088,9.928502,0.7486552016446851,2.0017583,0.08146786
2014-11-27 09:00:00,19.74293537733223,21.844635,17.278229,10.581391545653547,14.418254,6.4828806,0.880843523046397,2.0589738,0.06824842
2014-11-28 09:00:00,19.706810381413277,23.287292,16.15448,10.223282340032146,13.396012,7.4161377,0.7386121955054089,1.8598627,0.071327105
2014-11-29 09:00:00,20.48548236954025,24.604523,15.208038,9.364488338678479,12.212539,4.0816593,1.500902529774894,3.2391763,0.28648657
2014-11-30 09:00:00,19.409715048146438,23.258087,12.943634,13.041129990573575,24.020016,4.9575157,1.8496157279948002,4.1610103,0.32410446
2014-12-01 09:00:00,16.115235161026135,21.16507,9.435638,55.29978395967189,69.77893,38.021564,1.0799248635457253,2.0321822,0.1962381
2014-12-02 09:00:00,15.808833480229112,21.49936,10.063812,46.158731182181896,67.555214,27.078655,1.9845627440973013,3.4636476,1.0841234
2014-12-03 09:00:00,14.62142393885,20.06836,8.591797,79.56971463670958,95.91352,62.241646,2.423760849071907,3.8208103,0.34180003
2014-12-04 09:00:00,16.543095872737638,22.895355,9.424652,67.77267133392493,83.73821,52.71222,0.9693276947720072,2.4216247,0.26365706
2014-12-05 09:00:00,16.50115097324573,21.549164,10.472992,69.35506859154495,90.064514,57.931698,0.8655263137243311,1.2746832,0.3379514
2014-12-06 09:00:00,15.195891645280824,20.585419,8.553375,63.38397314753232,78.73649,52.53727,0.7815253217776985,1.8851182,0.070234716
2014-12-07 09:00:00,17.11812343585666,22.476715,11.400543,42.32732331252834,57.785892,27.805424,0.9549342164778899,1.9898057,0.09518765
2014-12-08 09:00:00,16.47067556166519,20.885223,10.754364,38.139513084272366,49.744095,28.042309,0.6087758894755303,1.6160295,0.13165328
2014-12-09 09:00:00,16.870468341750666,20.883545,12.264404,32.50007612562004,42.158306,19.599415,0.5832236014996793,1.7177304,0.06583533
2014-12-10 09:00:00,16.31405225489874,19.289703,12.340485,29.12400810847121,39.22559,18.479496,0.7500382638714436,1.913269,0.12841
2014-12-11 09:00:00,16.116641634338862,19.176422,11.115875,33.343066633301234,51.015007,23.339226,1.2307138288401385,3.1172557,0.08842176
2014-12-12 09:00:00,16.823803584005873,24.05777,8.942535,61.45060559176663,81.77804,36.082726,2.6184253668954898,4.5533104,0.7117777
2014-12-13 09:00:00,10.907026209654703,16.490631,3.2933655,73.43622597364268,92.19717,44.613884,1.7184913006477749,4.823345,0.20053987
2014-12-14 09:00:00,10.328081442673124,14.718658,2.650055,37.71365645827145,64.43871,13.618171,0.5754270764081443,1.6880989,0.062015112
2014-12-15 09:00:00,10.912941580911877,14.484528,4.722809,38.46503111127295,60.57569,22.200691,1.4584672373626382,2.5568304,0.340507
2014-12-16 09:00:00,11.383958024585638,16.996735,3.1161194,51.50679489585805,70.107,27.68513,1.2637503929581368,2.6004744,0.11817236
2014-12-17 09:00:00,11.741580349644096,16.730865,3.9183655,71.08234482338092,80.46272,58.281773,0.7802025298507145,1.6004528,0.16795012
2014-12-18 09:00:00,10.283159010052373,14.523773,2.6175232,65.38754404592116,77.79608,52.66566,0.9722123258681438,1.7081076,0.19674507
2014-12-19 09:00:00,11.957022821734995,16.448425,5.7492065,49.36469284116303,73.904915,19.57679,0.5914211696463774,1.6678841,0.049820714
2014-12-20 09:00:00,12.465316176945123,17.076141,5.320282,56.81057814178739,74.154785,40.050583,0.829916598736074,1.746815,0.19513816
2014-12-21 09:00:00,12.051414915703845,16.69516,4.849457,69.80588895948638,80.90541,50.19302,1.1051140204592969,2.829944,0.074174486
2014-12-22 09:00:00,13.385564131349042,16.667633,9.152008,36.362130011341975,56.456886,18.671732,1.3131562418027498,3.430242,0.16403617
2014-12-23 09:00:00,15.289270675586408,18.254486,11.885895,28.662568656152295,41.879185,19.89493,1.1315868342133504,2.6229918,0.28177008
2014-12-24 09:00:00,16.835317625171626,19.345367,12.898102,31.982518233049326,61.4131,16.639662,0.8757726659206334,2.5059786,0.1431357
2014-12-25 09:00:00,15.34904911807223,18.849762,7.088043,42.423222210545966,60.979492,13.11757,2.787787828316623,5.507643,0.93179756
2014-12-26 09:00:00,9.224808763810017,14.359955,2.1236267,28.8732940671941,47.221794,10.9968195,1.0589385975940542,2.1349518,0.012695415
2014-12-27 09:00:00,8.65649632280656,13.326752,1.2720642,23.498491238963922,31.359821,14.421589,1.3886312161457317,2.8808143,0.32264572
2014-12-28 09:00:00,9.60284294774965,14.271881,2.4378967,25.78427082505067,43.31534,13.067543,0.6440940102533272,2.0577548,0.07772957
2014-12-29 09:00:00,10.142096417756932,14.132599,3.8572083,27.830398318372875,45.3278,8.761394,1.060729268835371,2.8432736,0.19452225
2014-12-30 09:00:00,10.386459576582467,14.521515,3.7695618,32.78750782774332,57.190315,6.99891,1.0744252860546515,2.5701385,0.31578845
2014-12-31 09:00:00,4.774497345494979,9.450012,-2.5324707,29.177787289161817,54.377697,17.422045,2.482117270035282,6.0128546,0.5837261
2015-01-01 09:00:00,6.379213535935605,10.366119,-1.2859802,15.426404180747257,27.342081,8.312413,0.7467337658184837,1.8352102,0.16043036
2015-01-02 09:00:00,8.719521750604429,13.121307,2.9572449,18.267914310384175,23.774086,12.91335,0.6058579504589724,1.7705166,0.061549168
2015-01-03 09:00:00,9.580826275595598,13.395782,5.316803,20.32944002372292,25.346237,15.695646,0.5246792335664507,1.6643175,0.06525377
2015-01-04 09:00:00,11.804381252399878,14.680695,6.8037415,22.425118275282834,31.156927,15.310579,0.5992871459837174,1.7183249,0.043108113
2015-01-05 09:00:00,13.31200381752376,16.263763,10.182526,18.35637492864516,24.575386,13.356637,1.2524031487261178,2.7756915,0.080706105
2015-01-06 09:00:00,16.1507245488296,19.240082,11.312225,21.9268293312974,30.716454,16.667923,1.7205920475282221,2.9785738,0.37950167
2015-01-07 09:00:00,19.07326438641394,22.404816,12.248566,24.077507267791784,32.11991,18.533913,1.5066255012983467,2.8685198,0.16354482
2015-01-08 09:00:00,19.091112394837808,21.603241,15.51535,28.654606401012856,34.05265,20.520658,0.8285533432024259,1.9217222,0.3535702
2015-01-09 09:00:00,18.328528607383703,21.28891,12.331879,32.32711628683562,42.964287,22.050652,0.44995317208223956,1.0266571,0.05267839
2015-01-10 09:00:00,17.323241140400626,21.41977,11.136566,37.8507497387324,45.14231,27.318083,0.4881132501794876,1.0404049,0.04995682
2015-01-11 09:00:00,13.799136919556133,19.043121,8.550934,54.63694865589581,66.92968,44.062492,0.549565032939325,1.307091,0.093282275
2015-01-12 09:00:00,12.101181462378975,17.624664,5.837555,64.80010475664093,89.469986,33.06071,0.6859201781240135,1.119121,0.17264055
2015-01-13 09:00:00,12.628644140318215,17.194153,6.787903,52.96546184429289,70.53383,39.545547,0.7086332958495165,1.4669399,0.14403686
2015-01-14 09:00:00,13.61714613098792,17.640106,8.460419,33.93686191261143,39.74055,24.596046,0.9250218735666179,2.1013682,0.09223306
2015-01-15 09:00:00,14.627382587601403,18.833801,8.747864,20.295744694301323,35.3795,8.32872,1.0000505168632672,2.2870955,0.096456185
2015-01-16 09:00:00,14.272179645324059,18.086853,7.870056,17.64743159797877,31.481655,8.669154,0.7414292765456597,2.042861,0.22616474
2015-01-17 09:00:00,14.631866977355855,18.694305,10.098114,24.97626833989457,37.226486,12.695234,0.6896872018769168,1.6632067,0.12604338
2015-01-18 09:00:00,15.694050687932418,18.107758,11.222992,26.642152391772154,38.55316,19.367458,0.6505343941275955,1.7256631,0.059148084
2015-01-19 09:00:00,15.224219755303523,18.485992,10.954742,23.42132392053175,40.47975,12.639906,0.9904390547839953,2.2227392,0.21583275
2015-01-20 09:00:00,13.66219927367871,18.367035,9.566254,27.029587411342273,37.073067,16.356503,0.9181708842808258,2.2193062,0.16447978
2015-01-21 09:00:00,11.452423336521406,14.004669,8.348328,30.497162471400625,39.847496,18.830158,0.9415551351626315,2.061232,0.072750375
2015-01-22 09:00:00,13.176088052537466,16.268768,9.827362,18.10223683059135,28.491238,9.073269,1.2057149291524885,2.7852664,0.33021438
2015-01-23 09:00:00,14.107731060662275,18.151947,8.048431,15.369286633090093,30.84248,9.330002,0.9777355538613347,2.3906858,0.10032901
2015-01-24 09:00:00,14.764589185463421,16.921783,10.730377,20.51246705267858,25.065166,14.270934,1.301032842741941,3.142383,0.17224845
2015-01-25 09:00:00,17.369714492017806,19.970184,12.10849,16.20539265793731,23.048985,7.942382,1.6532116148693141,3.6747134,0.18425734
2015-01-26 09:00:00,18.56380519688281,21.30896,13.912476,25.152643533169314,30.178955,9.210206,1.629912082016859,3.8446877,0.19183435
2015-01-27 09:00:00,15.119766537722171,18.997864,8.685364,41.01883267733486,62.89976,31.802105,1.3066563893719847,2.9338326,0.5035244
2015-01-28 09:00:00,14.833747326861783,19.722076,7.778717,62.800233727712566,74.477356,52.142246,0.7925055538940236,1.7128255,0.0571105
2015-01-29 09:00:00,14.252020425181342,17.720123,9.524811,41.787345206413576,50.611195,34.084995,1.3378128228456196,2.8971386,0.09371958
2015-01-30 09:00:00,15.996679140756385,19.36734,10.015778,44.69204983901204,55.56947,29.987438,0.6425239087851232,1.3702105,0.08200484
2015-01-31 09:00:00,14.301864122106792,18.532928,7.341522,54.25407053063898,66.22328,42.92602,0.6970863401416899,2.0115402,0.052142844
2015-02-01 09:00:00,16.494206072746806,19.929657,11.949188,18.675346723151513,24.802982,10.599856,0.7418763529255397,2.2289212,0.109598495
2015-02-02 09:00:00,18.401081826525285,21.219666,13.715759,17.7718526681604,28.700356,11.875753,0.7010817210918694,1.3112262,0.0968469
2015-02-03 09:00:00,18.378833252538186,20.75705,14.040253,20.140828663179484,28.898838,12.106926,0.9711910482809656,2.379812,0.22264975
2015-02-04 09:00:00,19.39337923384022,21.94748,14.808807,15.365886364158019,22.021763,8.51941,0.9273227800485891,2.0665598,0.048309967
2015-02-05 09:00:00,22.09516967661898,25.88446,15.88446,13.139537418896635,22.943016,8.7008295,0.9421399373080231,1.9254282,0.2979287
2015-02-06 09:00:00,22.70299979951625,27.527313,15.759735,11.313567408737459,18.672148,7.251279,1.1322189942580905,2.4317143,0.28919703
2015-02-07 09:00:00,21.749203416447585,27.217804,14.809601,19.80619006240115,37.875244,11.591503,2.258149902716802,5.3722887,0.23786496
2015-02-08 09:00:00,16.962017830953073,19.921692,11.925598,42.71088988619844,69.684074,32.126095,1.4646450411178817,2.466886,0.47003725
2015-02-09 09:00:00,21.42430334712367,25.43106,14.41153,41.145988500256266,52.32985,13.835891,1.8266153858053233,3.6961262,0.2381355
2015-02-10 09:00:00,17.09128616393849,21.863617,11.361664,36.22730427078939,51.277424,23.649712,1.531611830341694,3.0384102,0.67516303
2015-02-11 09:00:00,17.169192866735443,21.542633,13.818024,16.17640182072749,24.263077,9.539642,1.8279330641916234,3.8821929,0.24949239
2015-02-12 09:00:00,20.096602238237494,23.146149,14.878571,14.90063343848668,19.227541,10.844728,1.9537715124662325,4.3830714,0.3112548
2015-02-13 09:00:00,21.79354921116078,24.880646,16.77713,15.793761822584903,22.658741,11.166891,1.2407343804498758,2.919328,0.20397374
2015-02-14 09:00:00,23.080812360027323,26.1185,18.829437,16.608359559856897,28.803028,12.844321,0.6784760945056599,1.9934474,0.06698722
2015-02-15 09:00:00,23.116914544576503,26.527771,17.81488,19.681510070243167,36.612473,11.35466,0.6452854163199907,1.6601855,0.05647709
2015-02-16 09:00:00,22.660765272269828,25.312103,18.249603,15.529118920470848,25.832634,6.4131536,0.7787893110704001,1.6297947,0.20270443
2015-02-17 09:00:00,22.466452113619937,26.425995,16.586151,13.552589110805958,23.187176,8.031555,0.6739597332810878,2.460523,0.036935512
2015-02-18 09:00:00,21.6219734493356,25.370758,16.505524,19.472159385785424,30.997105,14.31454,0.7558211039511936,1.8903307,0.022774452
2015-02-19 09:00:00,20.52695194790141,22.62027,16.960114,17.932144642912515,33.50316,9.452376,0.7376357709896252,1.6138394,0.18833058
2015-02-20 09:00:00,20.738171865312324,25.822357,15.695404,19.726557734866656,34.257423,6.9644547,1.2074642957678428,2.6237557,0.27404433
2015-02-21 09:00:00,18.636486811615157,22.939423,14.2655945,26.2734732713145,48.088036,13.504013,1.020035320338687,2.4882739,0.09435668
2015-02-22 09:00:00,18.562367226724064,22.274841,12.446716,42.83574477208326,61.667305,28.405588,2.031922707277663,7.0912385,0.52588373
2015-02-23 09:00:00,10.215075224555108,16.424896,2.129547,70.07482910192631,85.785194,52.543007,1.2391954705367139,2.680072,0.23474196
2015-02-24 09:00:00,11.927679484200098,17.849396,3.939331,32.38597466811666,48.138153,14.129383,0.9657123173620357,1.9285544,0.11094898
2015-02-25 09:00:00,14.499209539324454,18.130096,9.931885,23.728302764682496,41.786125,9.651643,0.9050302259781386,2.3923154,0.08462092
2015-02-26 09:00:00,16.66124385685373,20.394623,9.94931,26.63293383250055,49.258396,9.813083,1.101855712582754,3.0980403,0.10544194
2015-02-27 09:00:00,16.35566672357345,19.846222,11.266144,48.21220966487069,68.69078,32.66991,1.3795471256925511,3.6623743,0.0617653
2015-02-28 09:00:00,14.703391620597131,20.311676,7.18277,64.48898346356152,78.00602,35.353676,3.0617952030526516,7.439677,0.63112974
2015-03-01 09:00:00,11.652609310691048,16.115875,4.4479065,56.9503162708081,77.61909,31.536978,0.6204612829038406,1.4766375,0.06562906
2015-03-02 09:00:00,11.014931343656201,17.177155,3.3334045,63.960031283725606,76.97354,49.596596,0.6481231395833,1.414023,0.02235856
2015-03-03 09:00:00,12.30191883772028,17.675629,5.318207,55.114818691595154,70.61922,29.16219,1.0403744899197434,2.2503395,0.17322709
2015-03-04 09:00:00,13.642146871652756,18.995453,7.343109,30.53799581017958,54.813305,18.895336,0.5420484952422585,1.1643156,0.12572753
2015-03-05 09:00:00,16.720747083203435,21.119354,10.519745,16.140968707887026,24.615318,10.700808,1.1987454137359386,2.7402625,0.22946416
2015-03-06 09:00:00,19.161927933038385,23.454376,13.448517,14.372345248285468,23.537903,7.7996206,1.116102987583339,2.4429488,0.19522202
2015-03-07 09:00:00,21.28443252548368,24.620758,16.655914,13.675840070688455,23.418135,6.000166,1.2029190202133473,2.8436067,0.19156778
2015-03-08 09:00:00,23.14865949079217,26.460358,17.610748,13.195794485090442,27.35777,7.134207,0.6819776181342869,1.5015458,0.1783269
2015-03-09 09:00:00,22.282862146318678,26.19748,16.720917,15.730399074985618,31.581663,7.3281755,0.7122023097478852,1.7744784,0.09034706
2015-03-10 09:00:00,22.605225370879282,26.549622,17.346497,11.127188698183877,14.180837,6.7706804,0.7235885466631199,1.4875919,0.09503571
2015-03-11 09:00:00,24.102356304421676,28.465485,17.242828,12.984554405383525,21.585793,8.249855,0.9487989630961284,1.8539863,0.108424455
2015-03-12 09:00:00,18.762705361331257,24.117584,13.549469,42.89908889060449,53.318783,32.67425,0.9972041044850332,2.4264991,0.07674178
2015-03-13 09:00:00,22.238668620119427,25.305023,17.094086,23.32864164456581,29.026613,14.93912,1.8442287115300766,5.066094,0.11697879
2015-03-14 09:00:00,24.11492005673034,27.805237,18.52594,18.218925791139295,21.721355,14.858898,1.3719637253856116,3.1063218,0.047465105
2015-03-15 09:00:00,27.180044948666193,32.137604,20.030182,19.625580334058895,23.18909,14.431361,0.7958979700640847,2.1057718,0.03536397
2015-03-16 09:00:00,26.62927111256215,32.045074,19.410309,21.41195020295369,27.228405,15.317377,0.8593755127441262,1.6402493,0.20478532
2015-03-17 09:00:00,24.47535399844344,28.064117,18.41568,23.571562038374005,34.810776,17.316935,1.563559617557768,2.6422439,0.3572795
2015-03-18 09:00:00,18.96857049744176,23.443756,13.5746155,47.55149360290463,68.81023,23.446941,1.4436084639628315,3.6749172,0.282469
2015-03-19 09:00:00,20.445893268152417,24.942322,15.923737,31.43122509387008,48.330524,14.193806,0.8818415230802645,1.9458172,0.18882154
2015-03-20 09:00:00,24.34331804453467,28.381989,19.260895,12.706726498560043,22.311768,2.7327583,0.5585087969998399,1.3336791,0.13211848
2015-03-21 09:00:00,25.138654714501342,29.010406,18.658844,18.70317641877454,29.102665,8.712203,1.9105379541324763,3.5530336,0.2710195
2015-03-22 09:00:00,22.36337051085934,26.832855,15.51059,22.896778101047715,30.002228,17.28536,2.2197843826030907,6.3470364,0.38163078
2015-03-23 09:00:00,22.028759535404106,27.809113,14.369659,25.51991310455393,44.48468,7.1860247,2.893546327908632,6.4732285,0.5650915
2015-03-24 09:00:00,18.665737548133222,23.927887,12.11734,45.61477279798059,77.949,21.403582,2.6475543073677046,5.1881146,0.59500146
2015-03-25 09:00:00,18.906466098109433,22.713287,14.889069,41.45375321187031,59.61946,25.748367,1.4886972162414371,3.1036048,0.26539367
2015-03-26 09:00:00,22.802526248241577,26.157623,18.081451,23.797710403325624,32.351677,15.907394,1.4303460348647157,2.881144,0.2145394
2015-03-27 09:00:00,27.453558207994604,32.07852,21.105865,19.923274200392836,30.028645,16.1828,0.4550799660739843,0.9833108,0.079126894
2015-03-28 09:00:00,27.241444538893006,31.708649,21.09732,20.517150290653735,28.898302,8.595071,1.572159061837601,2.8726614,0.24791859
2015-03-29 09:00:00,26.377686984488662,30.137848,21.112457,18.82979326535333,32.805397,7.723791,1.0378351594018764,1.9344302,0.22521923
2015-03-30 09:00:00,27.33674806394214,31.217194,21.611725,15.998516964727953,25.244905,7.944124,0.7597917645956681,1.2579553,0.15620331
2015-03-31 09:00:00,27.36693039494827,31.67569,21.324127,18.182044389618373,29.06864,8.604538,2.1242083899616206,3.5017505,0.6500277
2015-04-01 09:00:00,21.335208198354167,26.39151,15.0086975,25.286194051022992,44.89504,5.2445145,3.1322291076174773,5.7679133,1.1505234
2015-04-02 09:00:00,20.033793655335728,24.797028,14.070465,23.408006657102803,35.419407,11.321751,2.1740723334617766,3.7716942,0.69335717
2015-04-03 09:00:00,18.91586911442704,23.238434,13.906403,17.6175309179705,27.083,11.4031105,1.5299535174342624,3.7283409,0.09762159
2015-04-04 09:00:00,21.864879728714698,26.976715,15.263824,13.471581309620332,19.419342,7.934461,0.9241771208635604,1.6555303,0.1255651
2015-04-05 09:00:00,22.63606867101089,27.037079,15.904266,17.178116165652018,24.5848,7.9402695,2.5565936575996173,5.3882318,0.5257016
2015-04-06 09:00:00,18.192068788902475,23.64444,10.30069,32.1981244488201,44.29268,17.51924,3.278501237526268,6.4751477,1.5648398
2015-04-07 09:00:00,16.562485393208476,20.831451,9.284576,37.4201305712201,50.474976,18.97107,2.653959762474338,6.6889696,0.059362926
2015-04-08 09:00:00,11.680152192893956,18.184723,3.8492737,58.462776032598775,82.35021,37.209587,2.5903182796454867,6.4068646,0.3782668
2015-04-09 09:00:00,15.572077675698495,19.644196,7.6922913,21.477339042808445,31.101667,13.018188,1.0528872702695895,2.6047509,0.3112613
2015-04-10 09:00:00,19.848839004148147,23.692291,12.7118225,21.12903525095718,44.04813,11.692661,0.6480831699477355,1.273985,0.05022378
2015-04-11 09:00:00,21.355180788473717,26.557037,14.943756,29.51679762168262,39.966198,13.509167,1.511549171796101,2.976465,0.20144255
2015-04-12 09:00:00,21.97944173992653,26.94693,16.834625,30.16461459648942,44.57717,13.160687,1.485001851981792,2.9552581,0.32563382
2015-04-13 09:00:00,25.069239783285468,28.893463,19.157135,15.776137381374031,28.1828,8.68783,0.9175806380895384,1.7508589,0.17374302
2015-04-14 09:00:00,26.31843333488314,31.239899,19.030914,21.22721529252954,31.875835,11.787622,3.0577997890560327,6.6557655,1.3579688
2015-04-15 09:00:00,17.66643469767604,22.115387,11.694733,17.43060589131429,27.144022,9.189251,1.934070914724969,3.847415,0.6529929
2015-04-16 09:00:00,19.90892011013102,24.17398,13.785553,11.043938881942218,14.915709,8.318052,1.3098048285793755,3.5011363,0.0652327
2015-04-17 09:00:00,23.15548026799422,29.161285,16.196442,13.828418808633854,18.817719,9.99497,0.6485208622842943,1.1747998,0.03234931
2015-04-18 09:00:00,24.918933195962666,30.13443,18.07779,16.98335800622797,21.33606,12.900367,1.131773358499106,2.2279942,0.057651527
2015-04-19 09:00:00,26.75292049839203,31.470367,19.464508,16.66503703935067,21.889378,11.333244,1.2038529994151648,2.6592705,0.23034851
2015-04-20 09:00:00,27.121129673977066,32.262848,19.805817,15.671072536360459,25.269625,6.5977497,1.7265174909897896,3.3011496,0.7365361
2015-04-21 09:00:00,26.23559823246552,31.41275,19.936188,24.67925415199605,37.01506,2.5931845,2.175341571412537,5.252087,0.41334242
2015-04-22 09:00:00,19.358474149155313,25.84024,13.310944,53.16798914332052,67.84564,25.476429,1.830693590304687,4.1980267,0.5666229
2015-04-23 09:00:00,20.3090599132492,26.27066,14.259674,49.19666905628322,65.52143,21.347176,1.5479951178297175,3.6651278,0.48792905
2015-04-24 09:00:00,20.23194591809124,27.58023,13.24234,52.76854526910891,66.03581,26.211592,3.031758658395002,7.584951,0.9494229
2015-04-25 09:00:00,18.909507697727747,25.518219,10.766266,52.87462504862879,66.73103,29.049976,3.3223412318290464,9.856137,0.41724148
2015-04-26 09:00:00,15.704750602522722,19.558258,11.420807,56.23782999096671,86.410126,24.652273,2.3706020081971486,6.045134,0.48691082
2015-04-27 09:00:00,21.76442743943079,24.53653,17.177155,28.17897342765115,41.775105,19.47823,0.9249267145657323,2.3208284,0.021623293
2015-04-28 09:00:00,26.260375883027336,30.608063,21.129547,16.99701187586116,23.929445,11.184312,1.0138973531529785,2.1731217,0.27665973
2015-04-29 09:00:00,28.929163568321428,34.085114,22.48941,19.176812593289256,26.388504,11.908035,1.1429643225171218,2.1808968,0.08819654
2015-04-30 09:00:00,28.751708528553934,33.61612,21.856354,21.183516136643266,30.761673,13.000873,1.5188459823271907,3.0715103,0.08430682
2015-05-01 09:00:00,29.89064466615082,34.86685,22.960602,18.142757785257547,23.239471,13.15744,1.6199224550494742,3.8620117,0.39858282
2015-05-02 09:00:00,29.20855555481762,35.071198,22.268463,15.04329842608109,17.381895,11.49127,1.8010800520253896,4.113651,0.4251689
2015-05-03 09:00:00,28.115525726628107,33.711334,20.926178,12.420886987515315,17.336567,5.4174795,2.252824808670913,5.070332,0.45238832
2015-05-04 09:00:00,27.24072105459868,32.36612,20.018463,20.568086560391333,27.166769,11.225363,2.520548818779191,5.471194,1.16968
2015-05-05 09:00:00,25.027436160515833,30.388336,18.368805,33.67666278918187,44.71172,18.96172,2.8830440384992446,6.5923257,1.0502744
2015-05-06 09:00:00,24.040031663665616,29.437653,18.070465,40.602158672642226,53.525623,16.050022,3.1801455999409125,7.213464,1.2960291
2015-05-07 09:00:00,21.940478584942298,26.74649,15.818756,33.43219742639109,44.05149,15.164772,3.820345453549854,8.570363,0.889394
2015-05-08 09:00:00,14.418583073085017,20.301666,7.2098694,48.027968887684615,88.81091,28.209347,2.7098400029330847,6.1349707,1.2839657
2015-05-09 09:00:00,17.48197036813383,21.969147,13.227692,63.542571791791765,82.21592,30.758888,1.851663265897079,4.7538667,0.4483694
2015-05-10 09:00:00,22.35846888201337,27.483551,16.849274,25.64311409960998,41.277203,12.167829,1.2722189565071098,3.289806,0.10131457
2015-05-11 09:00:00,26.41008214581359,31.276031,19.416656,23.648424452700716,32.84945,11.0721035,1.5952891986347735,2.9491405,0.24580471
2015-05-12 09:00:00,25.416944864083064,30.92154,17.693024,22.364233748135756,33.160652,13.143842,2.8250066749077427,5.6692963,1.1821471
2015-05-13 09:00:00,22.79035390851925,27.19522,15.548737,25.09267222124226,34.75697,14.705576,2.807408285578458,6.4066963,1.0740881
2015-05-14 09:00:00,20.60396571312674,25.535309,13.558746,30.61496231447285,38.982613,19.679523,2.867579216480349,6.3074713,1.4052968
2015-05-15 09:00:00,15.33286028640805,21.750885,8.561432,61.61628518376748,86.795906,35.11724,2.1660502738449865,5.941842,0.25210303
2015-05-16 09:00:00,17.764785214109054,22.372467,12.054596,53.06777210470308,72.939545,34.28056,1.7669189929225741,4.4740586,0.2514283
2015-05-17 09:00:00,21.952426816172988,26.545807,14.989166,40.73718717961884,52.064194,27.326584,1.8361626324177474,4.417756,0.5163047
2015-05-18 09:00:00,22.532692552381377,27.98941,14.825348,45.84414155662497,66.67534,25.487839,2.2788377937400424,4.863143,1.0174556
2015-05-19 09:00:00,20.938911034480725,27.029938,14.05777,45.02550894924691,55.082306,34.332493,2.3943198866569846,6.102815,0.41030872
2015-05-20 09:00:00,23.33564340875239,27.71695,16.433746,36.36412821381949,46.81001,21.752262,1.9965463027579728,4.275635,0.8529457
2015-05-21 09:00:00,23.660461025711527,29.19107,16.26529,39.07132117368049,51.16483,21.260708,2.573349395113893,5.317139,1.0278088
2015-05-22 09:00:00,18.894292773436632,24.069977,11.726227,57.72558787425748,76.70998,27.150614,2.9674003270894724,6.9324236,1.2582941
2015-05-23 09:00:00,18.71080543206955,22.942291,13.547028,61.84449537188145,82.99588,35.781002,2.1425502446722824,6.125654,0.27947742
2015-05-24 09:00:00,22.5130338674399,27.768463,15.642242,55.530672936005686,70.29004,34.57129,2.2022542943813366,5.696095,0.54757416
2015-05-25 09:00:00,24.730564043000868,29.916168,17.127106,48.11841786517731,62.18323,32.003544,1.9214996790245824,4.4980626,0.6356431
2015-05-26 09:00:00,27.241388358703375,32.742584,19.896881,43.494501557417294,54.613647,27.81677,2.36866486750951,4.551456,1.2783012
2015-05-27 09:00:00,27.139228620952963,31.902252,20.2128,44.14932287242632,56.540764,23.729593,2.132621399075103,4.073081,1.2907449
2015-05-28 09:00:00,28.773009995987707,33.332916,21.957916,27.36263261556446,37.29565,16.705807,1.776154706802136,3.764804,0.33857545
2015-05-29 09:00:00,30.27732879988679,34.266266,23.977203,17.01358896921505,22.484964,10.688089,1.3153695909565095,2.5995708,0.14104892
2015-05-30 09:00:00,32.21246355584225,36.144684,25.920074,16.416754685082974,23.511196,9.534633,1.1433162346749968,2.2280302,0.23368712
2015-05-31 09:00:00,34.53720668157047,39.22867,28.261871,15.265122027008623,21.761047,9.886046,2.052337342944674,3.583134,0.7830206
2015-06-01 09:00:00,32.16275069214066,37.108063,26.395172,13.360561519778825,20.823189,7.2216263,2.921371127087456,6.2004166,1.2333933
2015-06-02 09:00:00,27.909124583499022,32.75943,20.808258,27.609104208204087,54.437557,13.770564,2.744028125698385,6.194923,1.0567993
2015-06-03 09:00:00,27.712646905358326,32.25772,21.953033,36.29347646255626,47.963593,16.991405,2.7800216027038442,7.327468,0.46295062
2015-06-04 09:00:00,27.290236435677798,32.75943,20.991852,26.883711011905515,37.72344,17.465626,3.334855980395383,7.6267934,1.1011325
2015-06-05 09:00:00,25.118796201370742,29.98941,18.777252,31.731243687001626,41.488045,10.096998,2.0995854774946223,4.573516,0.79826325
2015-06-06 09:00:00,26.384953430427117,32.042145,20.439606,31.41994194457553,48.36129,6.3839655,1.5975463959249256,4.0744166,0.04635922
2015-06-07 09:00:00,27.77120091919636,33.86197,20.743805,29.478587902563383,40.28323,15.576198,1.1303991542594736,2.228523,0.2020265
2015-06-08 09:00:00,32.05334035999539,37.221344,24.985992,18.953645149143085,24.897133,12.971351,1.761504895514639,3.6264899,0.20821238
2015-06-09 09:00:00,36.606787851116906,42.103912,29.21524,14.890828530695503,22.817625,10.344969,1.6979752268148876,3.8523226,0.43624315
2015-06-10 09:00:00,26.493007219798642,30.588043,21.601715,46.74351727938333,58.65454,24.931166,1.621526738418921,5.261587,0.3763555
2015-06-11 09:00:00,28.373034643090648,34.200592,21.048248,38.162620159761495,57.905537,22.18288,2.0463507257205604,4.9765553,0.16048715
2015-06-12 09:00:00,30.227875326232038,35.01895,24.319,38.34620892692569,49.98862,20.11758,0.9876389056878967,2.7454557,0.34179974
2015-06-13 09:00:00,31.919078449262997,37.22232,26.44278,31.307725493337028,41.779327,16.743465,1.646878184980392,4.504711,0.3369081
2015-06-14 09:00:00,33.85450682214065,40.0253,27.121002,23.803152648427336,31.424149,14.753727,2.457266523808764,4.888236,1.4356929
2015-06-15 09:00:00,34.7191386171678,39.612213,28.24112,15.787502474406013,21.431908,8.334829,2.14084532335438,4.4892836,0.14714971
2015-06-16 09:00:00,34.168568518309655,38.224762,28.138824,11.405119065394137,15.797981,6.0606766,2.1539422354495943,5.1823688,0.1996819
2015-06-17 09:00:00,33.26296871546384,37.364166,27.82901,10.186413551973386,14.405167,6.0100584,1.6906200613073659,4.3265085,0.23449416
2015-06-18 09:00:00,34.09432069394984,38.56949,28.389801,11.986292406846223,19.560753,4.9556065,2.139584676724376,5.4788733,0.13879012
2015-06-19 09:00:00,34.658824083014906,39.49283,28.633453,10.30512632267101,14.935647,4.9551783,2.4100751090817902,5.777177,0.3807501
2015-06-20 09:00:00,33.66712688908615,38.7753,28.874908,8.501676986074816,13.131891,3.8770857,1.7396226276221765,4.164162,0.23054016
2015-06-21 09:00:00,35.116015994369604,39.782867,30.372711,9.502974471902638,14.191658,3.7171392,2.536596329748587,6.3601685,0.41183782
2015-06-22 09:00:00,32.70955545867338,37.63028,26.862701,12.047396119196398,16.112705,6.4779625,2.63339179942468,5.7548723,0.661028
2015-06-23 09:00:00,32.02793861775473,36.858307,27.455963,11.418554625627342,17.112593,5.647749,1.8145942472589842,4.662318,0.16499525
2015-06-24 09:00:00,32.92018835842185,36.731354,28.012604,16.413420350319242,23.23859,7.439357,1.327415180622142,2.9963944,0.1529772
2015-06-25 09:00:00,33.967785937450685,37.91104,29.254791,16.140347759857427,23.476671,6.898388,1.2472924881901437,2.3685355,0.5396534
2015-06-26 09:00:00,36.22810384511854,40.55777,31.477692,13.520821103483364,19.270987,5.593011,1.6078105254587596,3.1640065,0.59093386
2015-06-27 09:00:00,36.95776506091653,42.427887,30.722809,15.408036152238873,18.944553,12.303927,1.8405769494805597,4.2085824,0.23633386
2015-06-28 09:00:00,33.00572986273926,38.264313,27.572906,17.22201510296798,21.734524,11.226712,2.002879519227391,4.313305,0.6752885
2015-06-29 09:00:00,33.17255289731162,38.799957,27.100006,27.617826306667872,34.06459,22.002851,1.3058640445316783,3.1837168,0.2616478
2015-06-30 09:00:00,33.43190885973223,36.415436,29.892242,28.232936540344223,36.969784,18.244965,1.1927162154239264,3.358761,0.09496226
2015-07-01 09:00:00,35.26288685630823,41.33902,28.481598,26.582983315260016,33.78749,11.941335,1.1602038632586318,2.9029965,0.10364815
2015-07-02 09:00:00,33.03378330611355,37.700592,28.126373,33.438860630272764,42.303024,26.19365,1.4343076262824306,3.5093687,0.30378944
2015-07-03 09:00:00,33.05363368652871,38.940094,27.57486,39.485223846106685,50.706783,19.06069,1.9501840085856974,4.806172,0.4317371
2015-07-04 09:00:00,35.487922216009565,40.636383,29.521149,28.610918785669952,42.65725,14.249398,1.7114088173520745,3.2235305,0.405391
2015-07-05 09:00:00,35.09372313966509,40.858063,28.819,26.096745596285196,37.20372,11.504501,2.222440843269591,4.7041616,0.8457516
2015-07-06 09:00:00,32.484072561655125,37.926666,25.350494,33.79440924454813,43.760586,22.27198,2.260891038680156,4.105592,0.8877147
2015-07-07 09:00:00,32.03905553995173,36.96158,24.539703,42.277487679109335,54.099133,24.937729,1.8648469045947245,4.336119,0.47389364
2015-07-08 09:00:00,31.392637188744175,36.275055,24.985992,34.80249756753784,49.763393,11.500698,2.416827368684003,5.1016197,0.31386277
2015-07-09 09:00:00,29.353198710217725,34.694244,21.95987,46.523155471234915,58.120514,20.901033,3.0080220917723595,6.7852707,1.0486993
2015-07-10 09:00:00,25.736526984393436,31.5419,19.058014,58.630550590730984,75.2157,33.547733,2.5582752420871677,5.9524107,0.73457575
2015-07-11 09:00:00,27.81700895360973,32.71231,20.888092,50.64392103336983,66.17268,33.96565,1.711940109981361,4.0399876,0.20486048
2015-07-12 09:00:00,29.5978549829332,34.881256,22.631256,44.35334000483201,56.78841,25.714191,1.8105344235006664,3.6995113,0.46092048
2015-07-13 09:00:00,31.916727338786302,36.161285,25.52652,31.835004320934686,43.746277,16.3558,1.9019078682273378,3.7347107,0.39172712
2015-07-14 09:00:00,32.008670817186555,36.457672,25.686188,29.627154654573133,41.21782,14.43776,2.0834887712896273,5.073308,0.20548344
2015-07-15 09:00:00,31.549517583596923,36.494293,25.468903,27.304499987170836,36.435234,15.284176,2.1976954473859287,5.094858,0.13808222
2015-07-16 09:00:00,32.332060246217736,36.65616,27.046783,24.163729854536317,30.64926,15.579685,2.0704116929253646,4.0715656,1.0248355
2015-07-17 09:00:00,33.68219972056909,38.17447,28.524078,17.10431005566947,24.811836,10.51258,1.7004384087807447,3.0675814,0.80320543
2015-07-18 09:00:00,34.69308971196955,39.31143,28.743073,17.443366852875577,27.68724,12.507552,2.1721442413769183,4.6748023,0.6356003
2015-07-19 09:00:00,26.950497630815505,34.558502,21.722809,37.09900282212629,52.66727,21.88107,1.2179853755812011,2.1865616,0.3920238
2015-07-20 09:00:00,29.103164015643983,35.32657,24.2211,61.82739492268772,73.28854,35.565693,0.759618416503735,1.4537067,0.036012642
2015-07-21 09:00:00,29.855928065592707,37.099762,24.43985,51.14489638867656,67.6124,28.920986,0.8771715062174993,1.9628258,0.20304783
2015-07-22 09:00:00,31.635568566879897,38.121246,24.963043,40.71986860025149,53.259995,20.805088,2.0214278677293454,4.4291935,0.22054763
2015-07-23 09:00:00,29.903257115636222,35.72403,24.222076,44.439343072823256,56.54647,26.424248,2.5126054793584953,5.1548157,1.0769508
2015-07-24 09:00:00,30.416531455638903,35.98575,24.782623,26.674958707073124,31.989088,18.688307,2.0628562883692916,4.895251,0.39759374
2015-07-25 09:00:00,30.91185060731624,36.436188,24.96939,28.064553055879497,34.90047,16.34969,2.1577529153985444,5.6188874,0.33761615
2015-07-26 09:00:00,31.67572959092547,36.783356,26.228668,25.764316248257543,33.957726,13.12783,2.072199109590403,5.5785155,0.20359889
2015-07-27 09:00:00,32.11519162069669,36.862946,26.607086,22.13005515297045,33.524223,11.108844,2.418924830742533,5.9103794,0.444416
2015-07-28 09:00:00,31.769615396845325,36.465973,26.450348,16.470418768676485,26.152826,6.602045,0.7512822890628806,1.5023463,0.067190595
2015-07-29 09:00:00,34.82639376071188,39.2211,29.7211,15.282621696682963,22.941889,5.8038893,0.6312231950037228,1.3826542,0.15624021
2015-07-30 09:00:00,35.71110253007572,42.161774,29.954742,20.534363957108145,28.935545,13.689451,1.252838801005117,2.2611756,0.36674082
2015-07-31 09:00:00,33.31395322545194,38.61612,28.535309,29.98809923035191,44.820328,21.265368,0.8859156546928413,2.6918864,0.05684224
2015-08-01 09:00:00,35.30407070947865,41.167877,29.380768,32.49462524045018,51.59835,14.627344,1.6960774285087765,2.6078444,0.09925467
2015-08-02 09:00:00,35.40236484098483,40.358307,28.487213,29.88457250243451,42.29596,11.765722,1.65304638594045,2.8513684,0.8298289
2015-08-03 09:00:00,34.38454574264972,38.93521,28.474274,23.7265202985359,37.448936,9.854707,1.920168332599385,3.6431713,0.4846378
2015-08-04 09:00:00,33.69055385673721,37.9169,28.006744,20.865239733952944,30.654076,10.572282,1.978448178106321,4.775099,0.2789892
2015-08-05 09:00:00,31.466739218224802,35.888092,25.409576,22.934086306342344,34.075005,12.750787,2.2369431447421926,4.5286884,0.6438018
2015-08-06 09:00:00,31.061103431746744,37.0502,26.143951,10.531838828424046,19.722761,3.8282294,1.5841809753525962,3.7871013,0.4935607
2015-08-07 09:00:00,30.602367173650123,34.59903,24.138092,19.47198291582973,27.52184,14.218331,1.855715884132354,3.5556056,0.4326088
2015-08-08 09:00:00,30.68309841657276,34.99112,24.645416,22.28493657035042,30.142187,11.27105,2.0329702149872753,3.851916,1.1153419
2015-08-09 09:00:00,31.871449846512974,36.193024,26.364899,27.244447959008806,39.09029,11.957479,1.231501494324275,2.182208,0.3254182
2015-08-10 09:00:00,33.288220080879285,38.090973,28.272614,24.357024172139102,41.84608,5.228894,1.8902711861045725,3.338017,0.9681824
2015-08-11 09:00:00,32.16134005767498,36.451324,27.222809,25.807545477902615,41.95308,5.132766,1.7242157980310895,2.8733065,0.8731231
2015-08-12 09:00:00,31.757624604171042,35.853424,26.810455,16.858383761809197,29.141684,5.61222,1.3004587624725725,2.0351555,0.08092417
2015-08-13 09:00:00,33.49228471185785,37.444244,28.70987,18.380058177105187,25.556282,6.0178967,1.0735468607110474,2.0393941,0.46326593
2015-08-14 09:00:00,33.718029039980365,37.983063,28.06314,22.895165526117417,31.716686,16.943249,1.6394015831826896,3.1206632,0.8193288
2015-08-15 09:00:00,33.064665948386676,38.16275,28.070953,18.98101069967996,26.643814,11.380927,1.6665372719794396,2.820797,0.5797494
2015-08-16 09:00:00,35.1494390280223,39.59561,30.142487,14.852348349171567,18.570683,10.681637,1.668278193101099,3.5726633,0.4807822
2015-08-17 09:00:00,36.85213532513592,41.40323,31.067291,15.684701437096471,18.625406,10.645663,1.8347588492081788,4.9873624,0.09873743
2015-08-18 09:00:00,36.50649165977029,41.81607,31.068024,15.5791378336351,20.16528,9.433846,2.4793817204448256,6.073993,0.7134434
2015-08-19 09:00:00,35.50703678653406,40.247955,30.312408,17.262436529525438,22.80804,6.565789,2.2826677122461905,5.1617084,0.7688841
2015-08-20 09:00:00,34.46129906508503,38.98404,29.310211,16.896295247823552,23.355747,9.793246,2.1911643150983116,5.252678,0.63317865
2015-08-21 09:00:00,34.149785419021896,38.34268,29.399323,19.00030210533143,31.09866,9.563504,2.287747312465609,5.6371646,0.93054867
2015-08-22 09:00:00,32.82285815808251,37.28482,28.101227,24.84939252509747,31.84788,14.817972,1.9107404271356154,4.6433206,0.43063936
2015-08-23 09:00:00,33.64815387920305,37.589264,28.636139,21.12206580096635,32.063488,10.603232,1.6658804563492475,3.5764923,0.47343487
2015-08-24 09:00:00,34.03445464099178,37.919342,29.09903,23.07349583093091,36.33097,10.615674,1.5124023015717156,3.0297167,0.26642343
2015-08-25 09:00:00,34.55092962178384,39.02945,29.662262,18.681299576648172,30.790634,8.017197,1.5309255538426023,2.9982722,0.23154293
2015-08-26 09:00:00,33.571498472024984,39.403473,27.911285,24.26578076982256,31.38525,16.016653,1.4258428418019273,3.3685231,0.1888188
2015-08-27 09:00:00,34.52983978180288,39.933502,29.095612,20.339201717178604,26.813213,12.85553,1.5473562859889967,3.7236934,0.12611228
2015-08-28 09:00:00,34.70965618924879,40.173737,29.208893,17.7089006522856,23.200481,11.759527,1.3724880074710788,3.003997,0.38025033
2015-08-29 09:00:00,36.63264259144279,42.115875,30.346344,18.798482556629367,23.506348,14.744629,1.780743315604975,4.126398,0.33916873
2015-08-30 09:00:00,32.36111597668042,36.996002,26.68155,32.78844251094323,44.649326,14.063389,2.5004597888962534,5.1027346,0.30777282
2015-08-31 09:00:00,29.319129612038125,33.70279,24.470367,22.854109354993916,39.27356,10.062621,1.8468405867009694,4.14739,0.28814086
2015-09-01 09:00:00,31.112740883591187,34.819733,26.585358,18.99953792046766,25.542969,10.678444,1.3950178219328362,3.3158748,0.24718142
2015-09-02 09:00:00,31.541973634177737,36.18741,26.814362,21.7542808378305,33.411263,8.962046,2.170106469707342,3.8917093,0.68259454
2015-09-03 09:00:00,30.391446473230474,34.800934,25.269684,29.87002506050192,46.6572,8.2197,2.350001179429606,4.598884,0.7873773
2015-09-04 09:00:00,28.520352635163704,32.948883,23.013336,37.111926997985904,55.87216,16.011803,2.230157672411863,4.9754977,0.5740891
2015-09-05 09:00:00,27.193538819166577,32.10562,21.34195,27.26246489037506,36.717243,8.287651,2.1864294366080146,4.65954,0.37666175
2015-09-06 09:00:00,27.37974603534815,31.397614,22.713043,13.513202534530647,18.494118,7.798806,1.1724439662970594,2.1550727,0.40550008
2015-09-07 09:00:00,30.53787695013716,34.88858,25.347565,19.36043339347293,27.032497,12.785811,0.9099281243875466,1.7762318,0.13031542
2015-09-08 09:00:00,32.60815392633941,37.297028,27.328278,21.002456512577048,32.98746,13.046158,0.6301521066930994,1.483005,0.2029557
2015-09-09 09:00:00,34.43498848553219,39.010406,28.768219,24.07555361813438,34.966084,19.490093,0.5836907166655587,1.3744538,0.12082565
2015-09-10 09:00:00,33.84815569693842,40.197174,27.883453,27.521945711417775,38.50017,17.316578,0.7619367490911054,2.1794317,0.115965515
2015-09-11 09:00:00,35.11785968928103,40.86319,29.26358,23.684421424700137,32.98276,13.955566,0.4956633810139477,1.1417264,0.09056563
2015-09-12 09:00:00,35.58574318894716,40.578278,30.312653,20.086568068600414,30.960846,8.574126,0.9470549119787811,2.0283523,0.30434424
2015-09-13 09:00:00,32.470471374553995,38.498444,26.926178,25.39143449073092,32.93133,19.274673,1.7462168324924356,4.1627727,0.3524625
2015-09-14 09:00:00,32.743635901860785,38.10855,26.467926,28.410658628958032,39.817116,15.555937,2.2621511263281353,4.9993434,0.35715535
2015-09-15 09:00:00,26.53738397039689,31.291168,19.8107,46.43323293340846,60.429047,32.534515,2.0880391294835,5.775146,0.17522533
2015-09-16 09:00:00,25.62883583491714,30.687897,20.092194,49.77556460743371,66.4389,24.859016,2.934312469303033,6.114737,1.3495884
2015-09-17 09:00:00,24.180740199481875,29.224762,18.49234,30.38643906916416,42.510563,17.77834,2.084901827649666,5.433179,0.35154024
2015-09-18 09:00:00,25.51016342766013,29.311188,22.190094,24.682735074121506,34.012947,14.805917,0.9844817330518449,2.8155775,0.24159399
2015-09-19 09:00:00,29.28861985678668,32.786285,25.462067,17.20442698797753,23.877068,9.478631,0.9697065761336479,2.2726488,0.15638219
2015-09-20 09:00:00,32.2279002708529,36.510895,27.381989,15.434918261627258,20.611877,8.16266,0.8037174856390384,1.8180895,0.07719797
2015-09-21 09:00:00,34.61027531984456,40.227448,28.809479,18.89584322357924,28.160164,12.968406,0.6007845211800937,1.0703608,0.17029527
2015-09-22 09:00:00,33.37692155298771,39.34366,27.572174,21.215194002968115,29.968264,12.41068,2.1140115119906757,5.1560035,0.084327966
2015-09-23 09:00:00,31.2797214223811,36.82242,24.785309,28.119933538007047,38.29025,18.762836,1.892811164087212,3.5436618,0.31707725
2015-09-24 09:00:00,30.683317809019343,34.818756,26.379303,16.36021242990772,21.936106,11.688914,0.8627773348972669,1.9043025,0.049883936
2015-09-25 09:00:00,33.215889620615485,36.876617,28.497711,19.012741620627136,24.600952,14.878296,0.6683688998286581,1.5305856,0.1815133
2015-09-26 09:00:00,33.381974545539606,38.478424,27.949127,22.96003869987329,26.689331,18.716675,0.8752130924442107,1.9152997,0.06612777
2015-09-27 09:00:00,32.050151684974026,36.451813,27.065094,26.912029439193436,33.771477,19.359016,0.9838309251069782,2.306972,0.03280114
2015-09-28 09:00:00,30.59275712997578,35.227448,25.034088,22.670600636843623,31.221504,13.927773,1.537480050439296,3.6571589,0.24307519
2015-09-29 09:00:00,30.13339643564632,34.7399,24.94693,20.198074561620672,27.559004,13.963316,1.6283990566497644,3.0303795,0.5484386
2015-09-30 09:00:00,29.12281394452674,33.775787,24.525787,20.42257405165663,26.193047,12.3017645,1.6205534967241713,3.5377758,0.32707822
2015-10-01 09:00:00,27.379345755512304,33.20987,22.737213,24.183528062676547,34.252663,16.787817,1.941677099259511,4.2890396,0.12670396
2015-10-02 09:00:00,23.594586520245343,28.626862,17.341705,42.208158829052735,59.53803,18.902613,1.8183738973325985,4.6196346,0.3576972
2015-10-03 09:00:00,24.14219971549784,28.437164,19.96402,33.97639953847763,52.51174,19.284697,0.6607926161119836,1.5932308,0.24022654
2015-10-04 09:00:00,26.795649340592377,31.851715,20.066559,31.58107539339532,46.751743,10.49249,1.527173688875085,4.2679596,0.22332236
2015-10-05 09:00:00,18.4254980154509,23.360992,12.3871155,60.62361658135238,72.60036,44.64144,0.9433422338283761,1.5648205,0.3380061
2015-10-06 09:00:00,20.47515569154831,27.362457,14.436188,59.076798464579596,74.73065,42.262604,0.7423120579077663,1.5220526,0.101118945
2015-10-07 09:00:00,23.82081605869405,29.928375,19.047272,44.684520039647474,55.181583,33.25029,0.8608348831693302,1.531378,0.25016168
2015-10-08 09:00:00,26.434667757240277,31.035309,22.237457,29.484753557956097,39.083626,19.782846,0.8566461069327939,1.8795516,0.24190368
2015-10-09 09:00:00,28.95961576801909,33.469635,24.696198,24.315651443312262,33.92287,17.086933,1.0805631775893143,1.9776846,0.3907686
2015-10-10 09:00:00,30.509345571998722,34.3649,25.57193,23.283292160331435,31.272144,16.77605,0.9470912239160244,2.741014,0.058393687
2015-10-11 09:00:00,31.82057407206395,38.034576,24.227936,28.20452416620688,32.197968,22.028076,0.8093643786072048,1.997124,0.35627168
2015-10-12 09:00:00,29.791654795310023,34.60733,23.55655,24.46716600731588,29.99759,18.535618,0.7308457820278554,1.334361,0.15498239
2015-10-13 09:00:00,32.29354343746377,36.983307,25.549713,26.453377720747216,30.716198,21.571667,0.3884733652176719,0.8510198,0.052596744
2015-10-14 09:00:00,31.252684153583118,37.550934,24.265778,32.54124811319205,39.97499,26.685436,0.787502288640098,1.8983008,0.119939625
2015-10-15 09:00:00,27.393980492087564,31.74112,22.20987,42.09371775226076,58.51992,25.949493,0.7434634624888716,1.9819089,0.14325893
2015-10-16 09:00:00,23.479491372593714,28.84024,16.16983,66.60980070407842,75.55448,54.757607,1.2322198841082435,3.0968094,0.16097909
2015-10-17 09:00:00,23.12832192038684,29.452545,15.882233,61.69339448649013,69.9369,54.520638,1.134328064188884,1.9493049,0.46955886
2015-10-18 09:00:00,23.95203250768367,29.989166,15.82901,70.59625556170825,81.038185,59.045994,1.4529748183804203,2.2381804,0.6685355
2015-10-19 09:00:00,20.460074782916422,24.480377,14.667877,58.592560403239084,82.762825,33.412983,1.9839586091476398,4.625601,0.4895365
2015-10-20 09:00:00,20.137716662972764,25.048492,15.277985,54.111495627640906,76.50357,30.765291,1.0951970549126795,2.272835,0.058092322
2015-10-21 09:00:00,21.911742422213763,25.80606,16.808014,33.768635352879556,49.33455,21.119581,1.2602295707567834,4.5237126,0.120584525
2015-10-22 09:00:00,23.487673553655384,28.532623,17.204498,28.473595194146565,34.442463,22.622501,0.515644663394836,1.3751783,0.121611744
2015-10-23 09:00:00,23.886121744706827,28.982819,17.281647,26.84989327582009,30.672455,21.66554,0.5773514493209511,1.2464553,0.03425158
2015-10-24 09:00:00,24.44520081728382,28.913483,18.804108,20.887760114247104,29.437014,13.990686,0.9446700807459242,2.3815105,0.266261
2015-10-25 09:00:00,25.043924958245157,29.569,19.238922,21.55024110772242,29.712461,12.047273,0.6615416046178314,1.6668361,0.09216163
2015-10-26 09:00:00,23.55860272625233,28.635895,17.311676,18.668813082883506,27.164253,14.418477,0.48753342968105945,1.2714809,0.13176747
2015-10-27 09:00:00,25.463936828601163,29.552643,20.165924,9.250891798112615,20.854023,2.767849,0.7730349881932689,1.617452,0.21013132
2015-10-28 09:00:00,22.80935161929284,26.430084,17.363678,12.423451624698187,16.527773,8.875429,1.4220337798280929,3.1729794,0.20478986
2015-10-29 09:00:00,19.636814114883464,24.440826,12.640045,54.997643796254465,72.52013,38.637314,2.2566783355017677,5.043447,0.45561573
2015-10-30 09:00:00,19.91857121886352,22.903473,15.839996,22.633554407858668,39.800625,9.281094,1.3109560426827298,4.132042,0.11948876
2015-10-31 09:00:00,22.176433971614927,24.68106,19.00064,15.412090499147112,23.893436,6.5918064,0.5423902903791582,1.890203,0.034048412
2015-11-01 09:00:00,24.582374762298628,28.217926,19.835114,18.138049422243956,23.11538,12.115047,1.0964040760790128,2.9169588,0.08140466
2015-11-02 09:00:00,24.183908982099297,28.610016,17.736969,21.46098914880413,39.63146,10.986926,1.9958978418334992,4.6069083,0.23810238
2015-11-03 09:00:00,13.17695880579646,20.115143,7.746002,74.6945341844374,95.2942,52.837166,2.2250224969100074,6.4084754,0.27199963
2015-11-04 09:00:00,11.53479455566611,17.170807,4.6161194,62.01346741540526,78.719765,40.63712,1.2830696839947822,3.32691,0.07971331
2015-11-05 09:00:00,12.327800764510357,18.3107,5.7357483,24.152905437728567,32.38058,15.591519,0.699902848265098,1.5061804,0.14594589
2015-11-06 09:00:00,13.958827419246177,18.93106,8.538727,22.21693380738114,32.729702,12.631061,1.1066071170850262,2.4939575,0.19962054
2015-11-07 09:00:00,15.46709644760756,19.273346,10.472565,20.780020471025605,28.06284,14.544026,1.478366886596128,3.629689,0.27809447
2015-11-08 09:00:00,17.226423170293288,21.80606,11.774811,20.587366105346426,35.375275,11.8869915,0.8277826206970138,2.1802082,0.14996456
2015-11-09 09:00:00,18.019044282908965,23.131744,11.678619,27.07302711944773,37.237183,17.080935,1.9501629526962332,3.9492364,0.53514004
2015-11-10 09:00:00,13.416903454089606,18.785309,6.041168,62.54795970677207,76.41383,36.925552,2.575850347301757,6.1019506,0.50481534
2015-11-11 09:00:00,11.20240726395025,14.47525,6.181061,15.366828404479069,26.843102,4.3118525,1.1648534611121077,2.4506283,0.44305655
2015-11-12 09:00:00,13.314513031108618,16.924469,9.310455,10.82545474823899,21.567013,2.3532753,1.0285693101426423,2.3600094,0.112675115
2015-11-13 09:00:00,15.025698580118274,17.72403,11.321686,12.845977895659919,17.963558,7.5893545,1.487404418374135,3.1422417,0.21349713
2015-11-14 09:00:00,16.787853001006624,19.928864,12.065582,12.818726663112509,17.651081,8.945895,0.9401186173805138,2.2663767,0.31101975
2015-11-15 09:00:00,18.657395830684038,23.123688,12.670563,16.333226320725302,26.136957,8.272246,1.2937368959279782,2.925967,0.13690862
2015-11-16 09:00:00,9.933240890759919,15.7118225,1.9110413,64.98834242025048,89.51209,26.64881,3.732401131754689,8.040992,1.7539179
2015-11-17 09:00:00,10.376630253563405,14.330475,5.982086,20.46636920906702,34.005722,6.8520164,1.3388950096747452,3.3525515,0.20575899
2015-11-18 09:00:00,12.170776843511135,15.717194,7.8089905,26.59220393017708,37.20567,13.589729,1.2736489387378604,3.1320114,0.23290859
2015-11-19 09:00:00,15.442728128478507,19.012848,12.432526,19.34649853909171,24.922382,15.258262,0.8170895870067398,1.9971286,0.12065632
2015-11-20 09:00:00,16.990556665705526,20.95401,13.931793,19.710382578183644,31.461468,11.340695,0.8275315370860022,1.6871805,0.033110082
2015-11-21 09:00:00,18.983814827792685,22.966736,14.941345,22.374081319778618,30.000626,17.16613,1.7410066045377228,3.8403273,0.21371622
2015-11-22 09:00:00,19.14646313456433,22.631744,13.362213,14.498820065550905,29.239883,6.080332,1.637124899963316,3.2310617,0.33124277
2015-11-23 09:00:00,20.1262641744853,23.835358,13.66153,12.704148990807688,19.632214,7.575012,1.0216434926440063,2.2773225,0.17794992
2015-11-24 09:00:00,20.181219823305526,25.225983,13.487701,20.523064663491795,27.138203,13.833518,2.1186588567387576,4.8084755,0.31866452
2015-11-25 09:00:00,14.656002423117172,19.83957,7.183319,55.260513620468906,74.09234,28.553848,3.082210771524863,7.3561144,0.06957986
2015-11-26 09:00:00,8.658568384026978,14.149109,1.5418396,51.26883481542501,64.399765,37.395863,0.9010426615950112,2.7394032,0.12297158
2015-11-27 09:00:00,8.576201653755106,13.485748,1.9154358,35.34620994414277,45.859455,27.511501,1.888270703988464,4.219877,0.20525633
2015-11-28 09:00:00,8.3403490156756,13.943268,1.0467834,34.36179646801697,44.591217,27.455837,1.3776928654556089,3.2018206,0.4550287
2015-11-29 09:00:00,9.73389830705662,15.649353,1.9794312,28.03178247892172,34.735867,18.8041,1.0546325767045008,2.4678342,0.1991141
2015-11-30 09:00:00,9.815566376425977,15.102844,3.1794128,19.96555274015926,32.38109,6.7756176,0.802232071309756,2.0398045,0.15734941
2015-12-01 09:00:00,11.02648986693913,16.27127,6.098053,20.71438509223021,37.554375,5.8404207,0.7103654592028252,1.9143786,0.16036172
2015-12-02 09:00:00,12.946199281718407,15.446381,8.678375,15.65042181014089,22.552328,10.487298,0.9635081574735292,2.3445985,0.228952
2015-12-03 09:00:00,14.626438216596455,17.51529,8.415924,14.436662197601827,23.791817,8.276191,1.2304303675289612,2.376996,0.15258798
2015-12-04 09:00:00,15.893806014213965,21.108307,9.4774475,21.704477263877536,58.075607,12.970206,1.6738650883168713,2.6253154,0.6451488
2015-12-05 09:00:00,13.062548926370937,17.507233,7.505768,19.870485403920284,35.873764,6.342513,1.015273581555855,2.5912132,0.08080109
2015-12-06 09:00:00,13.969364576488601,17.74942,8.316315,12.113158074796322,20.019238,5.8996553,1.3099052243592717,2.712944,0.3816572
2015-12-07 09:00:00,14.970142352930736,19.757477,10.001617,13.775388544605072,21.67627,8.996583,0.8978596657244341,2.3265119,0.04469548
2015-12-08 09:00:00,15.217348600589787,18.102203,12.250641,33.03033298019386,41.198174,16.342176,0.9104226799120558,2.0725625,0.17907125
2015-12-09 09:00:00,15.330329848140877,18.705719,12.3854065,27.238649154678733,36.795563,17.477556,1.1881410372222305,2.412501,0.235389
2015-12-10 09:00:00,15.821844677165359,21.04068,11.359039,25.11139966479978,39.595123,14.895307,1.4804541493847394,3.6169412,0.17338845
2015-12-11 09:00:00,15.15202150119336,19.093903,7.6739807,67.82261041208609,93.46686,50.794983,2.8035947069403355,6.8977056,0.5762863
2015-12-12 09:00:00,7.998084882837247,14.371735,0.45376587,60.95304046540157,92.28369,23.510466,2.280668228713891,5.1037827,0.4755638
2015-12-13 09:00:00,10.717766679835563,14.964752,3.8190002,43.07452193674583,58.667076,20.842928,1.3978169416254733,3.4580762,0.17653328
2015-12-14 09:00:00,10.982526380301863,14.6371155,2.787506,61.83954966835538,91.306404,27.49144,3.0531513684227707,7.3313417,0.31151205
2015-12-15 09:00:00,6.388310881395739,12.10025,-1.0850525,35.18022456416437,58.422592,20.145622,1.300146747799732,3.2559912,0.09034751
2015-12-16 09:00:00,7.183985143972961,11.654938,1.2037659,26.801066954045975,36.8043,19.606827,0.8733731969548233,1.9004586,0.09880633
2015-12-17 09:00:00,7.74978617451211,12.179352,1.5295715,28.3060263808324,45.377804,14.269029,0.5599295768706409,1.5920756,0.06785098
2015-12-18 09:00:00,10.196343486700755,13.308807,6.0334167,28.34027239080621,47.581207,19.327303,0.9963987907670161,2.1746933,0.16068631
2015-12-19 09:00:00,12.585510556979159,16.9216,7.355194,29.54289689077254,39.923035,18.434256,0.7636441918911845,2.2493703,0.10296771
2015-12-20 09:00:00,8.814969824115508,13.956451,2.6595764,49.9106097153897,86.06017,19.076965,1.9013256784103547,4.951703,0.2820414
2015-12-21 09:00:00,8.927917608157713,12.328033,2.6112366,56.739133700284874,76.450356,18.273653,1.3162221831902265,3.2941275,0.16396533
2015-12-22 09:00:00,12.669959164479337,16.932526,5.7567444,87.7863025991798,97.970566,74.013954,3.0633064553447067,7.7461987,0.5412166
2015-12-23 09:00:00,13.100941177113327,18.132477,5.6305237,78.08366518070184,98.37421,47.346165,3.4826435123212427,7.102116,1.7362248
2015-12-24 09:00:00,9.387840150527666,14.656158,2.7186584,57.39651537199285,91.03308,27.158085,2.079497767845666,5.419386,0.36979043
2015-12-25 09:00:00,8.399256972952912,13.531555,-0.32000732,58.02701459868449,85.3123,37.840557,2.499414756055959,6.174664,0.21766569
2015-12-26 09:00:00,6.004549237617823,10.970306,-2.4140625,22.134000094618393,43.854942,10.073693,1.6641044030446699,3.8121364,0.3062208
2015-12-27 09:00:00,7.503850400763326,11.040436,1.9291077,12.071196735141728,17.344006,5.749175,1.6560844677997264,3.9513946,0.11662485
2015-12-28 09:00:00,8.426093115046456,14.587921,1.3222961,17.445004626956496,32.52885,4.6547356,0.803127680242746,1.8338397,0.16249792
2015-12-29 09:00:00,5.142623849169183,8.799438,-1.4189148,50.1358020776827,59.10313,37.922646,1.3456897336984883,3.1912792,0.32728624
2015-12-30 09:00:00,7.1658038987413875,10.599518,-0.058685303,40.20878080129298,59.259598,13.384015,0.5485744921580756,1.4006013,0.08236026
2015-12-31 09:00:00,8.020234854073692,12.139526,0.82507324,33.954571382033485,47.348972,19.023354,1.1898456265639064,3.0873878,0.27706712
2016-01-01 09:00:00,7.952997975282358,12.581329,-1.1471863,23.694729989843175,35.603615,16.255959,1.962321273375344,4.215451,0.24347506
2016-01-02 09:00:00,8.244086432773486,13.950348,0.6048889,19.892911131906573,31.700726,9.196818,1.6031246667446408,2.9418669,0.24394408
2016-01-03 09:00:00,10.16770987115109,14.733795,2.1185608,23.40737738249752,40.75233,11.59608,2.1442104463948106,3.7682514,0.47661984
2016-01-04 09:00:00,12.802161582035012,18.360962,3.6070557,42.3858977304433,54.078495,32.703495,2.2575925897970324,4.61165,0.13216281
2016-01-05 09:00:00,12.489752772252984,15.447784,4.736847,63.998999976879574,79.59275,52.870785,1.8040570608925028,2.9100099,0.36066446
2016-01-06 09:00:00,9.104933665985754,13.705902,1.4734802,72.74984219440108,86.03348,53.373615,1.8934477867258952,4.299924,0.49491367
2016-01-07 09:00:00,8.044632899732164,13.537018,0.1991272,76.20763354371702,91.44459,62.136486,2.156755278361121,5.474274,0.057204377
2016-01-08 09:00:00,7.689312521460522,13.023834,-0.37850952,68.63047999686246,90.218285,37.15577,1.5413321792977772,3.709377,0.21380755
2016-01-09 09:00:00,8.437953488617381,12.043518,1.541565,38.66942036928443,61.969154,19.8498,0.6735731460949541,1.2667408,0.16570947
2016-01-10 09:00:00,9.439683440497276,13.19223,2.9949646,75.52232071682181,90.52928,57.4637,0.6432214246826379,1.4587088,0.048133057
2016-01-11 09:00:00,10.227995368965708,14.851715,2.6524963,41.41953272482787,49.504097,30.466408,0.9324222509778428,1.8209296,0.18235858
2016-01-12 09:00:00,11.301671328385737,15.905975,4.497772,9.44171629775023,18.610376,2.7511272,1.2186092103155162,2.1342685,0.072768405
2016-01-13 09:00:00,12.845799515915246,16.378418,6.4956055,11.31455035300322,31.745949,3.419857,0.9177937896290751,1.6501058,0.09409472
2016-01-14 09:00:00,12.646658177259269,17.930817,4.385895,35.32562980969015,56.493988,19.099457,1.4496618684589633,3.1432765,0.03667416
2016-01-15 09:00:00,12.271384068080806,15.681671,4.197296,34.19083348616982,65.74394,5.4783154,1.8582332231387415,4.7881703,0.23679326
2016-01-16 09:00:00,12.401259158674009,17.074371,4.8302307,43.112389221573004,69.55839,22.78329,0.938309286808146,2.3384886,0.07649334
2016-01-17 09:00:00,14.282902612155908,18.930817,6.825348,34.07711853842545,56.881485,5.2792616,0.9615914836292434,2.0611205,0.24261153
2016-01-18 09:00:00,15.967125254354357,19.814941,7.1411133,46.009207545762756,70.51242,30.407436,1.3113559056968636,3.1606455,0.09728895
2016-01-19 09:00:00,13.703122687496148,18.138275,5.9078064,45.127820882954,74.12064,20.693272,1.5246026690151027,2.6585622,0.26927736
2016-01-20 09:00:00,12.315038227954062,16.56308,5.277008,55.11386674952804,81.85893,26.674759,0.9999463836217602,1.8206803,0.28864685
2016-01-21 09:00:00,13.948348805811918,17.246185,9.615326,22.555136737363984,43.729626,12.401501,1.49865391005742,3.1052268,0.09930956
2016-01-22 09:00:00,14.710912948824443,19.581726,5.141266,21.397658136107378,39.80796,10.765907,1.4940252174486517,2.9211125,0.3163537
2016-01-23 09:00:00,15.916899437178813,19.704987,8.310455,35.302620944123284,46.78625,19.70422,0.8864699560617374,1.8808386,0.16493146
2016-01-24 09:00:00,10.514999280187453,15.2239685,2.981781,71.74672525483206,93.20824,38.323425,2.3537233433039453,4.3026743,0.8859066
2016-01-25 09:00:00,11.154847229204393,14.388092,5.6664124,47.76208783448582,75.04909,20.97276,1.087720075816332,2.3374813,0.4190184
2016-01-26 09:00:00,12.34426778974455,15.881653,6.0320435,30.282488848368708,42.393005,20.131563,1.505184920011923,3.3008602,0.09449488
2016-01-27 09:00:00,14.49389159006654,17.297699,8.438324,17.861687762790105,34.019287,6.6384153,1.1840637051866094,2.8806431,0.22886425
2016-01-28 09:00:00,13.86088044075251,16.288849,9.056427,17.182238259939055,38.610138,8.8054495,0.7263619931016966,1.7975969,0.105159506
2016-01-29 09:00:00,14.716351383501944,18.178375,8.194,29.063521350436126,56.016727,6.0167265,1.3341259974161512,3.5786858,0.02005773
2016-01-30 09:00:00,15.470620173838654,20.556183,7.8647766,53.92472670139537,74.07325,30.43653,2.2683826904318036,6.613607,0.2567803
2016-01-31 09:00:00,11.225690960760687,16.96231,3.9994202,76.12145332775846,91.69365,57.11162,2.1031350258387453,6.309145,0.13769434
2016-02-01 09:00:00,4.94395913136492,10.615631,-0.9624939,63.412040809475506,84.40906,30.327028,3.514922071815651,8.722877,0.5251193
2016-02-02 09:00:00,6.636389936559624,12.451324,-1.650238,34.22478921449329,67.712524,12.227724,1.2883030017742247,3.4330566,0.095259376
2016-02-03 09:00:00,7.63281838943891,11.370758,0.3121643,34.11599693928242,49.664673,20.965456,0.8331712753189016,2.0406241,0.26173022
2016-02-04 09:00:00,10.0639760464029,14.835114,2.514801,32.94012158410337,48.395363,22.692238,0.9224935265108681,2.2882452,0.12027847
2016-02-05 09:00:00,11.93636184701569,15.146576,5.681732,23.76932339020369,36.57731,16.913244,1.5036822004473436,3.48488,0.16483629
2016-02-06 09:00:00,14.988217816725694,17.961548,8.836548,21.42185484392402,30.074469,14.06275,1.3932671138563297,3.455322,0.06898016
2016-02-07 09:00:00,16.094004464451473,19.152374,10.775421,16.804266879482487,31.959034,11.119189,1.5935246092894122,3.549498,0.1763014
2016-02-08 09:00:00,18.722718074046554,22.291168,9.828278,17.853671397486274,28.741695,13.702634,2.394459286909895,5.807969,0.23523697
2016-02-09 09:00:00,20.32184566067457,23.775116,10.986053,14.474260468257652,24.163317,8.897692,1.9901986057299688,4.296806,0.111000925
2016-02-10 09:00:00,22.288864538410337,25.456879,16.193207,12.316731124859317,31.359211,4.75128,0.9964380900332688,2.4664156,0.12819877
2016-02-11 09:00:00,20.139226267762012,23.694672,15.389984,11.055568601651535,31.82674,2.0357618,1.0157119472375762,2.1416874,0.0944262
2016-02-12 09:00:00,20.633307518659763,22.754852,14.286102,13.014014522596453,52.434025,2.7346926,0.6905625239547604,1.7212604,0.07343847
2016-02-13 09:00:00,19.514214591192683,22.948883,15.581696,16.818359345951635,35.380013,8.708344,0.9095662067445313,1.6820383,0.22753045
2016-02-14 09:00:00,18.233549061769963,22.952667,13.563995,21.67363109295079,53.96331,5.100029,1.127274979959506,3.1773484,0.12310237
2016-02-15 09:00:00,19.4655069280426,23.853394,15.245972,24.585515878298036,38.320587,6.272587,1.344505820615887,3.9517207,0.09421471
2016-02-16 09:00:00,21.62930876119549,25.07846,17.260101,19.37425163352486,29.189362,11.694688,1.3053867638673968,3.0297391,0.11207527
2016-02-17 09:00:00,23.430159643820332,25.753632,18.079803,18.171193314354916,28.51125,11.835468,0.9387430797616424,2.0180883,0.16745491
2016-02-18 09:00:00,14.685880576080876,20.232574,6.2794495,55.847075191656295,72.96235,37.931103,2.1472827009833004,4.8189173,0.17406884
2016-02-19 09:00:00,14.068104380503428,19.115204,7.5351257,35.73497725031589,49.41896,23.840897,1.1015052349802539,2.6937072,0.2049677
2016-02-20 09:00:00,16.33043466398567,20.50064,10.711578,25.9033615107426,43.75589,12.210335,1.0580850943363094,2.678498,0.15204456
2016-02-21 09:00:00,16.049036705956496,18.535065,12.484283,22.630679599492765,45.949104,10.3079815,1.2215348351493005,2.5301633,0.3113073
2016-02-22 09:00:00,16.751317590690007,20.983856,12.235809,23.822671518494417,42.370697,7.0286856,1.7187790909539549,3.6218984,0.6661653
2016-02-23 09:00:00,17.777533316184872,21.459015,12.675812,15.021397022878231,28.513807,4.9848404,0.8106949961707277,2.1207912,0.23549102
2016-02-24 09:00:00,18.542719075819775,22.878082,11.794098,17.118582495237064,32.00293,9.133611,1.812905647285831,3.7770002,0.15707678
2016-02-25 09:00:00,20.36825193497623,25.83194,13.915924,17.64755058597842,34.459538,10.486882,0.984208156156835,2.2536466,0.06965622
2016-02-26 09:00:00,21.62146672199009,25.215546,16.391327,14.446737192494389,26.574528,9.086247,0.7728132990303853,1.7642539,0.105402574
2016-02-27 09:00:00,22.02067624545259,25.754486,16.514252,20.678837924758827,42.12922,10.488592,1.3029348110024257,2.6135185,0.13026705
2016-02-28 09:00:00,19.629990120154503,24.425446,13.876617,24.213743672493482,52.843662,11.3019905,1.449876924473217,3.8566535,0.26935717
2016-02-29 09:00:00,19.730393601422293,24.402863,15.068878,23.018010494795234,40.58525,11.433708,1.369485057892988,3.2428758,0.5334111
2016-03-01 09:00:00,20.488056119397413,24.692047,15.154938,23.282512298297057,39.512875,14.111698,0.9007759598283137,2.536233,0.109623455
2016-03-02 09:00:00,22.77362640463872,26.873749,16.510468,16.72888884234274,36.814304,4.584568,1.2962611576758625,3.3890545,0.073219255
2016-03-03 09:00:00,22.292662196929427,26.194244,16.432526,13.997733546041347,37.15475,5.7873096,1.3371110992394268,3.6748319,0.063267805
2016-03-04 09:00:00,20.579506647622566,24.983734,14.1614685,22.203671173508088,52.866386,4.1515436,1.4582846784905403,3.2841735,0.25807345
2016-03-05 09:00:00,20.841927243478665,25.04715,14.158478,53.86391660446082,73.29164,36.139294,1.9454451741251206,5.5690584,0.11770585
2016-03-06 09:00:00,16.717002866163,20.197662,9.426178,71.46598979897273,83.8835,49.52803,2.5586790411944795,6.116874,0.2755681
2016-03-07 09:00:00,12.828328380315213,18.381256,3.9828186,48.75591092352542,70.45005,26.578869,2.346817317091469,5.9876246,0.44108808
2016-03-08 09:00:00,10.090439345722302,13.710114,3.8356018,62.74342779526347,88.376724,40.655502,1.362650223397954,3.9363153,0.038461052
2016-03-09 09:00:00,14.040714441878606,16.980377,8.750397,49.94361702481753,67.769745,28.777876,1.3796472222196987,3.8052404,0.28049278
2016-03-10 09:00:00,18.790314036992754,20.99112,9.92276,27.78431077802339,38.639297,18.373672,0.8408357448981164,1.7798522,0.2970937
2016-03-11 09:00:00,23.09219885439171,26.604645,16.010895,27.793845963669604,41.529152,13.043287,2.0955050495877283,4.0597672,0.46839058
2016-03-12 09:00:00,9.682577743848071,14.695953,2.7254944,73.16455653003362,97.822334,56.08405,3.274402475930359,8.209467,0.28528896
2016-03-13 09:00:00,12.93658931838604,17.694,5.281891,65.92619245285294,85.201225,43.027843,2.3764414610509594,7.248964,0.36284187
2016-03-14 09:00:00,14.38564624551509,18.802155,8.255768,76.24870442735002,91.07814,49.621113,2.9777489421397876,8.218588,0.11247068
2016-03-15 09:00:00,16.489165049790927,20.368073,10.48526,32.05031882262425,60.14098,9.324924,2.0068416114952887,3.9725084,0.40748832
2016-03-16 09:00:00,18.167658214540666,23.11319,14.236725,25.479815233867814,41.485977,14.518682,0.8897366634016091,2.2399487,0.32262003
2016-03-17 09:00:00,21.349966510105162,26.34488,16.977692,19.101857214693357,32.899883,8.5417795,0.7146391273199265,1.9404045,0.06878948
2016-03-18 09:00:00,23.253946324136734,26.870758,17.310211,23.311768870478936,38.032585,14.16995,1.0214375344169686,2.2733684,0.3021414
2016-03-19 09:00:00,22.962504302979312,27.1503,17.13272,24.36183813378415,54.057907,10.094661,0.9347741803640499,2.1639981,0.20564765
2016-03-20 09:00:00,22.893847429389098,27.608063,16.877594,28.316437288757133,41.92502,10.663042,1.425004486614248,3.4763124,0.2572885
2016-03-21 09:00:00,22.405318386272825,27.109528,15.572418,38.55093512133469,62.616135,16.279404,2.5580810662799918,5.6336765,0.96876425
2016-03-22 09:00:00,17.70252287094428,22.649567,10.471832,59.970488151358424,83.75224,32.69365,4.201020183059653,8.107935,2.195674
2016-03-23 09:00:00,15.072951501471778,20.10611,8.882965,27.265655037997732,52.73246,10.298867,2.0798933800744805,3.3589222,0.95692825
2016-03-24 09:00:00,17.412775618879607,21.157196,12.129852,23.178742224762843,53.457016,6.437914,1.0077700346235754,2.15316,0.14216433
2016-03-25 09:00:00,19.654200894262374,24.142975,13.654694,42.442331005337714,67.68426,20.348576,1.4521886143232614,3.828731,0.12749155
2016-03-26 09:00:00,19.168642745772843,23.685455,13.451324,41.29304711252049,71.57093,19.910461,1.1367077035891964,2.6933482,0.117618956
2016-03-27 09:00:00,21.08770552057331,25.530182,15.299713,27.08308119255493,54.300224,14.209921,0.941183844612051,1.7442616,0.26568434
2016-03-28 09:00:00,21.330555368825003,26.58609,13.789215,34.961186662337454,58.398438,0.13724136,3.103272360408623,7.0816784,0.8165904
2016-03-29 09:00:00,12.649126023476526,18.474762,3.7359924,49.789613665594004,65.56733,35.605263,3.445975360045805,8.835435,1.0014825
2016-03-30 09:00:00,13.186858508814225,19.0878,6.011139,36.56149512844754,53.928238,15.62989,1.5368093759565185,3.9648314,0.37021467
2016-03-31 09:00:00,16.078045460545127,22.00235,9.728912,42.16595208369338,62.33328,26.230993,1.1617094974044722,2.534298,0.2696487
2016-04-01 09:00:00,19.267384640214118,24.428864,13.56192,41.367970974981375,63.641045,20.68792,1.138801647375944,2.5589905,0.25255585
2016-04-02 09:00:00,22.268543355976874,26.70279,16.278961,26.469782039561956,41.68052,16.478537,0.5378739138247431,1.0672152,0.06035798
2016-04-03 09:00:00,24.887583589939368,29.866852,17.448883,29.442915403809447,37.702972,19.012405,1.1344066018223138,2.1557074,0.22625227
2016-04-04 09:00:00,24.67053780092408,29.938568,17.286224,29.237266477965758,40.222908,20.426191,1.6522418151281508,3.2908795,0.25465125
2016-04-05 09:00:00,23.319091905936205,28.79068,17.588043,25.901345584375502,46.332775,5.8413515,1.2104557902143733,2.6867144,0.43138385
2016-04-06 09:00:00,26.446216534211203,30.298004,21.20816,14.188942113010096,20.039566,2.9250336,2.0311464868775317,4.0940733,0.40982434
2016-04-07 09:00:00,28.652792208975995,33.954254,21.430817,16.067909302359876,24.686514,10.954878,0.977159508642289,2.2017777,0.16613965
2016-04-08 09:00:00,20.231925745654223,29.297028,13.988434,41.254180924625906,55.77397,21.939922,1.1132909956799817,2.8845408,0.17736842
2016-04-09 09:00:00,16.865800150657435,22.560455,11.14444,74.55634436287461,87.866135,56.510662,1.5002376015697727,3.4935553,0.5184028
2016-04-10 09:00:00,16.89128722427256,22.47525,10.049469,67.73858020864124,79.64373,38.153984,1.4967007013638638,3.3560565,0.61251205
2016-04-11 09:00:00,18.082729558279084,23.083893,11.763336,61.99291967480059,78.92905,37.86264,1.4322607332373483,3.5008364,0.034399536
2016-04-12 09:00:00,19.82089172593942,24.819977,14.389069,55.24833175405328,73.442894,29.649597,1.2305722572765623,3.1472385,0.21525945
2016-04-13 09:00:00,22.174411466519075,26.298248,15.729889,60.334200763608216,77.64151,30.524324,2.2707446064702115,5.686914,0.3183885
2016-04-14 09:00:00,20.33865689271414,24.882965,13.808746,45.23576992593954,69.71679,22.065977,3.2020110201509193,7.86146,0.5281696
2016-04-15 09:00:00,18.58386815668848,23.995514,11.698639,40.27970072595972,63.098625,15.770501,3.831973241603183,6.7659054,2.2522295
2016-04-16 09:00:00,19.653114932822007,23.148102,14.787262,16.623906821127893,27.82837,7.3453665,1.7766936471244967,5.791719,0.21684344
2016-04-17 09:00:00,24.935775820292747,29.083649,18.698883,10.333817918689922,17.462635,3.358242,1.3459527546750714,3.622695,0.03220773
2016-04-18 09:00:00,28.358879447740037,34.659332,21.008942,13.474571302886256,19.985804,6.7709594,0.657816299533807,1.465502,0.061597813
2016-04-19 09:00:00,29.052847952143168,35.301178,21.010162,17.56080472699307,24.432686,11.06526,0.9638275559914812,1.7588892,0.33190235
2016-04-20 09:00:00,27.89203533743074,33.89688,19.869537,16.751024191259845,25.233875,12.651845,1.9569137628874071,4.486106,0.4451597
2016-04-21 09:00:00,27.615082006640023,32.73819,19.997955,15.506572047416483,22.209974,10.407906,1.7754612781448436,3.4220057,0.51059586
2016-04-22 09:00:00,27.5529405172789,32.591217,20.183014,20.103524483408023,29.82294,10.457955,2.777301391295851,5.28123,1.0160687
2016-04-23 09:00:00,20.751160771465834,24.72232,13.521149,51.64254581387462,74.210014,29.385792,3.605849499288439,5.865226,2.0247488
2016-04-24 09:00:00,19.32397996317252,24.37564,13.2135315,43.96136811415208,69.90065,17.796543,1.9616518408379322,3.976533,0.62020916
2016-04-25 09:00:00,19.278011100338574,25.870026,11.221588,50.15697567158555,65.99207,27.191288,4.048814125560528,8.553588,1.2693661
2016-04-26 09:00:00,14.678894639776331,19.69571,9.608795,40.778023905071876,62.128475,14.96721,2.1173204106724253,4.9350624,0.30239797
2016-04-27 09:00:00,19.014773146599794,24.559479,12.444244,36.90056009727675,51.8238,25.843332,2.359909211667856,6.1248565,0.08498705
2016-04-28 09:00:00,17.754949197934366,23.17398,10.004059,50.53488168655751,82.61471,23.92035,3.231273847627719,6.563061,1.873662
2016-04-29 09:00:00,18.060124471653182,23.883453,11.873688,48.629145795538484,67.13198,30.753075,1.861118868550974,4.805846,0.20195706
2016-04-30 09:00:00,21.66356040824536,28.058746,13.806793,43.573535211449894,67.3318,26.596699,2.001588448218632,4.885593,0.34180054
2016-05-01 09:00:00,21.243188850830677,26.856842,13.159576,33.66403451607166,45.99112,25.71679,1.1327600279922967,3.1926506,0.23444586
2016-05-02 09:00:00,23.138012014477113,30.262604,14.702057,25.23260744764905,42.176937,13.832117,0.9780352859335226,1.8625114,0.2953234
2016-05-03 09:00:00,25.05178129047283,31.576569,17.185944,24.628637675501516,31.206295,18.769493,1.4236886996793063,3.27158,0.16105507
2016-05-04 09:00:00,27.379477462230113,32.75894,18.975739,24.525061006143698,37.61799,19.867016,1.5154886541991222,2.6214643,0.2892809
2016-05-05 09:00:00,24.54024024405203,28.233551,18.15738,38.10853420454423,62.201782,19.764282,2.9872021902807147,5.6386375,0.87671506
2016-05-06 09:00:00,17.798899894634758,23.436676,11.678864,59.492292198917525,86.32606,23.923714,2.058321882227588,5.6504517,0.72404855
2016-05-07 09:00:00,16.718804812606777,21.162018,10.538971,60.174078648052635,79.95644,25.104877,1.8514699120662983,5.830709,0.093581386
2016-05-08 09:00:00,18.023743875708647,24.063385,11.833405,57.21810326735057,77.3847,32.91595,1.8643321102452666,4.8791213,0.5378338
2016-05-09 09:00:00,21.109278460454107,25.136139,17.12149,64.06740421544734,79.26488,34.428795,1.7252419511524146,5.463783,0.18122515
2016-05-10 09:00:00,24.430992185776915,29.81485,18.107819,53.232682828515415,69.647484,31.813416,1.7559216566415037,4.7834587,0.21846396
2016-05-11 09:00:00,26.45488130223731,31.653961,19.886383,40.1075879200894,60.26037,11.611932,0.7314587258451761,1.5134879,0.0794128
2016-05-12 09:00:00,28.947853647391696,34.43448,22.352448,23.80981498540399,36.355408,11.056694,1.3945039518604043,2.7458801,0.465693
2016-05-13 09:00:00,31.386491344082003,37.368805,24.568024,24.533816160358988,40.68627,12.369866,1.014424522143796,2.2158546,0.3185807
2016-05-14 09:00:00,30.61376289034189,35.820465,24.250153,26.008267665856348,42.968407,12.538718,2.727873996139726,4.806549,1.3224237
2016-05-15 09:00:00,25.209206098266293,30.632477,18.423492,41.73261787350949,56.604202,26.021019,3.3021707770104682,7.893004,0.70788074
2016-05-16 09:00:00,23.458692814334597,29.250885,17.130035,43.06513338806147,63.410408,18.407738,1.9449676831788363,4.899476,0.0035492515
2016-05-17 09:00:00,24.316847650652505,30.450836,16.70279,39.78522981397927,50.577145,24.113354,1.435006740166495,2.9304538,0.08599885
2016-05-18 09:00:00,26.205822299717227,33.055084,19.218903,28.138726432440656,43.775997,18.62338,1.3050232228666416,2.3771956,0.102187924
2016-05-19 09:00:00,28.907761746583503,35.954742,21.501617,26.726219778053874,32.207985,18.3662,2.192974604234901,4.069621,0.33139408
2016-05-20 09:00:00,27.83156227324099,32.569733,20.89981,18.86398634954973,31.190228,3.4285078,4.232802731386435,8.489545,2.2979429
2016-05-21 09:00:00,19.15651997229031,25.19693,10.993805,35.492705749067994,49.327923,19.656048,3.618891592489258,7.52235,1.8993341
2016-05-22 09:00:00,19.505847437811042,25.398834,12.542389,39.71602050214692,51.408054,23.345554,2.4558048395916194,5.757723,0.15387362
2016-05-23 09:00:00,21.90537601580695,26.575104,15.450104,41.40732759281829,57.570183,20.800652,2.3815795852577164,5.488983,0.5086236
2016-05-24 09:00:00,22.08237940239843,28.002594,14.361969,40.31227076643509,60.512917,22.59495,3.143475763086701,7.849104,0.9368019
2016-05-25 09:00:00,20.86898743448137,26.30191,14.200348,40.2556721730552,55.59346,21.452835,2.6975302225893287,5.612981,1.3341913
2016-05-26 09:00:00,20.881717045144967,27.537994,14.530914,57.38918249219892,70.282394,30.152822,1.7770449889743742,5.239412,0.22655214
2016-05-27 09:00:00,24.41083714691797,30.018463,17.994537,41.7810437853689,56.352768,21.5598,1.409736735770186,3.5565054,0.21295601
2016-05-28 09:00:00,27.33857277406065,33.043854,19.592682,29.808678539376427,36.62661,19.10255,1.275971120866059,2.672213,0.12524721
2016-05-29 09:00:00,27.795851896778913,35.17935,19.092682,26.204495871970682,37.265575,9.126468,1.5966188338952008,4.0227346,0.16473156
2016-05-30 09:00:00,28.290996282527033,35.12271,21.37735,22.375759236452986,33.944702,5.182402,1.7845915499100444,3.6448495,0.3483069
2016-05-31 09:00:00,30.735364142616447,36.664703,24.268707,18.129019612592955,25.202782,9.312027,1.7325786309966202,3.596138,0.22298518
2016-06-01 09:00:00,32.756710552061975,38.66983,25.677643,17.884466552729425,24.354416,8.756759,1.4366096160416606,3.093381,0.16918662
2016-06-02 09:00:00,34.296138361381566,40.8649,26.60318,15.400492748221644,21.11887,9.05637,1.8512583136684315,3.951867,0.18863826
2016-06-03 09:00:00,34.39808620947059,39.71353,27.436188,12.147440877114846,18.662983,4.7957964,1.1957370115854884,2.7311764,0.36693764
2016-06-04 09:00:00,35.93573690666477,40.85196,29.803131,12.233048628683905,18.069923,7.717696,0.8043251762671155,1.8224063,0.14773427
2016-06-05 09:00:00,36.24363132371718,41.30777,30.21988,12.326361673253238,18.050026,5.7453384,2.1677184660516495,4.8627486,0.7412975
2016-06-06 09:00:00,33.86658289782065,40.316803,26.711334,17.08488886178013,22.103922,10.486734,2.704002916417952,5.159976,0.8461829
2016-06-07 09:00:00,34.504308057586854,40.652252,28.089752,16.2536169035844,24.01117,8.472107,2.352442740743027,5.1884613,0.29241556
2016-06-08 09:00:00,34.4578772660015,40.135162,28.517975,23.20064106433532,34.647552,11.482943,2.019745147845191,4.331265,0.40145573
2016-06-09 09:00:00,33.20191117086182,37.779205,27.941315,18.469163015885275,27.253307,6.51134,2.1933649183734687,4.9849725,0.36766168
2016-06-10 09:00:00,31.21593061720887,35.908356,25.605621,25.714041750100886,38.815514,9.160047,2.2126477700406433,5.0073833,0.6543554
2016-06-11 09:00:00,29.751339163213345,33.954987,24.51944,28.366837812792998,48.650894,13.64699,1.8101835888561288,2.944193,0.8238887
2016-06-12 09:00:00,26.691556305410927,33.10147,18.996002,35.84602063514921,50.7246,21.2246,2.7506251905250365,5.354613,1.0974442
2016-06-13 09:00:00,26.541926776161176,33.51822,19.12564,43.84887353631847,54.45877,25.498356,2.0900337107257863,4.5302205,0.6174338
2016-06-14 09:00:00,28.585968175450887,35.045563,21.416656,29.608750112380267,42.097904,10.828167,2.992194654164414,6.675293,0.7957943
2016-06-15 09:00:00,27.10185711170459,32.282867,20.443024,22.167015504549873,30.809135,14.355111,3.120874705178012,7.567618,0.6165139
2016-06-16 09:00:00,24.467875216872415,29.813385,17.512604,32.99082165823118,48.7033,14.634457,3.2438312790679538,6.9116755,1.466565
2016-06-17 09:00:00,25.31499235528088,29.60904,20.53775,29.26890660256425,40.838383,13.9594755,1.830849854768618,4.9570093,0.121473424
2016-06-18 09:00:00,28.864599755652137,32.826324,22.599762,30.46084227404474,43.098866,12.251255,1.9166619335487918,3.9851418,0.56188536
2016-06-19 09:00:00,29.825085681183452,33.765778,25.615387,10.99191967856489,17.32645,3.4202547,1.4976671412944411,2.3446097,0.39394477
2016-06-20 09:00:00,33.8983881542901,38.412994,28.305573,13.625600337421346,21.067665,9.016885,1.6358243767187768,2.684129,0.84018356
2016-06-21 09:00:00,35.619770829795414,41.189117,29.75357,16.144382693231712,21.674084,9.749308,2.1419443942643945,4.4340715,0.1760535
2016-06-22 09:00:00,35.29060554506907,40.256744,29.254791,13.47719217635788,18.893364,9.682427,2.576599613730451,7.3932796,0.10740507
2016-06-23 09:00:00,34.67793343231409,40.591705,28.560455,10.10272342755169,16.721556,4.6629944,2.5445285197832086,6.2572165,0.6000902
2016-06-24 09:00:00,33.569223392525146,39.12906,27.675934,11.309636624761417,15.410295,5.580637,2.7400257679760505,5.82161,0.37068933
2016-06-25 09:00:00,31.244489667381288,36.1503,25.41983,12.631515056677824,21.006668,6.0975647,1.7280157195290777,3.8559184,0.33994392
2016-06-26 09:00:00,33.63551158875919,38.21695,27.777252,11.903849635460956,20.14169,5.207265,1.0485226194180102,2.5536683,0.24196874
2016-06-27 09:00:00,36.28674031008046,40.865875,30.996735,12.509041077990965,16.896645,8.137334,1.5179007400614895,3.2608104,0.23899953
2016-06-28 09:00:00,36.537012961706296,42.054108,31.071686,12.536972695398058,15.38408,8.532517,1.5544486981693997,4.2191854,0.31207916
2016-06-29 09:00:00,36.02507883568961,42.3461,30.510162,15.987334199140998,21.073624,11.616592,1.370484413444979,3.7968566,0.091786124
2016-06-30 09:00:00,36.07772981088527,42.80191,28.955475,16.336298107249775,24.027245,11.525628,1.6782653076443868,3.358023,0.24327593
2016-07-01 09:00:00,35.71973335112369,41.032623,29.36856,18.982290546197174,24.663116,14.972742,1.495500431664325,3.134321,0.39422566
2016-07-02 09:00:00,34.85033468988871,40.428864,28.335114,25.13099518312705,34.586,18.653997,1.61491678771102,3.8241155,0.32334402
2016-07-03 09:00:00,35.15364971434008,40.5231,29.644196,18.47195096605103,29.611162,6.513506,1.9761414770643317,3.4856868,0.4748659
2016-07-04 09:00:00,34.68179723191008,40.285553,28.94571,21.446286615536966,27.319204,9.754892,2.202354509224451,3.8250062,1.1612413
2016-07-05 09:00:00,34.37166501802449,39.691803,28.740631,21.7347111112074,28.560976,10.746064,2.620821960132798,5.7420917,0.43820056
2016-07-06 09:00:00,32.887848997481115,38.25772,27.593658,23.619950270650214,30.566113,11.06794,2.8295462075449485,7.0206995,0.24102663
2016-07-07 09:00:00,32.184434135364256,37.41812,26.494293,23.274854772967682,30.981903,11.09023,2.5091000946543836,6.2563434,0.44383046
2016-07-08 09:00:00,32.32214220821584,36.69229,27.196198,24.96645146864528,34.211037,14.530165,2.1580700756658104,5.180817,0.27845356
2016-07-09 09:00:00,32.57443392147013,37.266754,27.098785,29.423367927979402,38.543102,14.601212,2.4512859400796647,5.689325,0.24121
2016-07-10 09:00:00,31.1963076265817,36.00772,25.302643,32.69606967245817,41.53307,16.415882,3.025533492377419,7.106042,0.4126132
2016-07-11 09:00:00,28.467694087113045,33.134186,23.204498,17.636413304090645,29.641914,8.08332,2.206234839060466,5.1445904,0.48494163
2016-07-12 09:00:00,30.666115792742175,35.023834,25.84024,16.64554201624866,25.968899,4.8475847,1.7311004487605677,4.2608714,0.08014903
2016-07-13 09:00:00,32.197914291288384,37.18033,26.744293,15.687812670591876,19.667742,9.864686,1.6756961299339956,3.49203,0.2691919
2016-07-14 09:00:00,34.24977305552045,38.481354,29.49112,15.111810573062792,20.445358,9.212362,1.2117560856182172,2.652522,0.4215832
2016-07-15 09:00:00,36.114952296434126,41.013824,30.953278,15.237851523885563,22.179945,9.248978,1.893336884424422,4.7628355,0.2127283
2016-07-16 09:00:00,35.62588092857743,40.73282,30.389069,20.35642449372587,29.52033,9.117435,2.741909674954277,6.228962,1.0619887
2016-07-17 09:00:00,34.180381328452654,38.73819,28.499908,16.759380702828217,24.965942,7.8433695,2.6188178022638597,5.465183,0.9240083
2016-07-18 09:00:00,33.979896089802025,38.081207,28.581207,14.231165849543004,26.135223,3.740366,2.602362499614285,4.8875813,1.1110457
2016-07-19 09:00:00,33.038230907637114,36.969147,27.674225,17.177786260497424,25.809574,7.902212,1.9970248649419902,4.2871013,0.8620954
2016-07-20 09:00:00,33.47897797122749,37.406647,28.135162,17.092847697500076,26.15971,8.27299,1.695570122587419,3.722215,0.47571748
2016-07-21 09:00:00,34.39082278420426,38.537994,29.23526,15.58255723463149,24.439985,7.542182,1.6058761144123805,3.360474,0.45905185
2016-07-22 09:00:00,34.89854583133149,39.6752,29.722076,13.146185560074473,18.057198,6.5819664,2.066704145049024,4.083205,0.15462762
2016-07-23 09:00:00,34.09812754133816,39.207428,28.600006,10.97399300376526,16.75753,4.1977396,1.7877154079127995,3.9052126,0.16026857
2016-07-24 09:00:00,34.683144491386145,39.796783,29.729156,9.79417543002112,14.212624,5.055151,1.5996184552421775,4.312744,0.019996509
2016-07-25 09:00:00,37.4026252821418,41.964508,32.29068,13.506824806570691,20.214102,7.251644,2.3941881504686493,5.677561,0.8386768
2016-07-26 09:00:00,36.780977289686405,41.675446,31.425446,16.923240276024732,24.038036,8.189356,1.886184373480905,4.380423,0.31765893
2016-07-27 09:00:00,37.889310316627416,42.614166,32.668854,15.148877376416815,19.02158,9.4239235,1.6237555566936945,4.1340656,0.5226
2016-07-28 09:00:00,38.17420640228761,43.534332,32.79019,17.859307590068603,23.88255,14.120452,1.5338011756406096,4.0773497,0.34388268
2016-07-29 09:00:00,38.09537672284711,43.137115,32.50821,18.632717621811185,21.943398,13.176276,1.4758368225089316,3.424181,0.36852533
2016-07-30 09:00:00,38.31342192555098,43.295807,32.56729,15.55431503635848,20.963894,10.038114,1.4975798679968686,3.485847,0.14830978
2016-07-31 09:00:00,36.98804992665964,41.9274,31.19107,23.820719682263324,34.054188,13.295319,2.4607552572135365,5.199828,1.1868533
2016-08-01 09:00:00,36.268341916097995,41.69107,30.433258,27.597719609684873,34.12831,15.3543415,2.517724400239887,5.683047,0.37869936
2016-08-02 09:00:00,35.85454176927249,40.904694,29.836334,26.55134713336542,32.4028,18.098955,2.0437470509719415,4.3715506,0.6541479
2016-08-03 09:00:00,35.958972565758586,40.748444,30.43985,22.75288814288867,28.046505,17.175411,1.9824099398213484,4.3455696,0.48028016
2016-08-04 09:00:00,35.04137399066343,40.193756,29.742584,16.973694332183694,22.401134,9.913176,1.7078791718821145,3.7602313,0.3449161
2016-08-05 09:00:00,33.95371585662804,39.25528,28.684967,17.46578914719195,24.28526,9.180204,1.8937947965207846,3.7686217,0.91048545
2016-08-06 09:00:00,32.95243624022231,36.93936,27.652252,22.526249655988952,31.84911,8.888173,1.9180116194614025,3.4929829,0.7269465
2016-08-07 09:00:00,32.79461430077373,37.279938,27.7565,22.40039931864037,32.04337,7.9418063,1.9806409079685485,4.168965,0.1957108
2016-08-08 09:00:00,32.047354088248426,36.52896,27.189117,13.274725536210141,19.864025,6.3093386,1.7745754630455286,3.8733618,0.27334875
2016-08-09 09:00:00,33.28222855185345,37.727936,28.015045,14.338143081709939,26.43927,6.339306,2.1783122723766453,5.267785,0.1723266
2016-08-10 09:00:00,32.09388311472139,36.32022,27.01944,17.92473256292423,29.290068,7.1046286,2.3431370994619085,4.451628,0.78453165
2016-08-11 09:00:00,32.59693869706962,36.797028,27.406403,18.239317857833633,29.314957,7.006363,1.9258068358515241,3.1344004,0.83264714
2016-08-12 09:00:00,33.98148450459314,38.455475,29.010162,17.856350003595832,30.226982,5.559676,1.3612146731183052,2.3667738,0.5820941
2016-08-13 09:00:00,34.179600703703215,39.271393,29.017487,21.514446542414515,29.030989,9.312863,1.2810126060907883,2.6335533,0.42481
2016-08-14 09:00:00,35.77816741037117,40.358063,30.944,21.006233781116777,25.1271,12.919029,1.2581441330233027,2.818161,0.49042645
2016-08-15 09:00:00,36.957433440528746,41.698395,31.11441,16.418371151125523,22.357468,10.111375,1.9710869838184413,4.571282,0.31692004
2016-08-16 09:00:00,35.38123450835815,39.882965,29.525543,12.19465957179614,22.838432,4.086046,1.7857709342774415,3.5614696,0.4571512
2016-08-17 09:00:00,35.18575834263703,39.07608,29.765533,14.290823089390042,23.887201,4.570795,1.3565350890473753,2.5429647,0.14509705
2016-08-18 09:00:00,34.99633267415152,40.10855,29.798004,8.419392878718028,22.83756,2.3945684,1.3901393109036524,2.6884394,0.293604
2016-08-19 09:00:00,35.27566276783506,40.544586,29.527008,10.355644354840438,17.508114,4.379755,1.5127824390170266,2.7072115,0.22549698
2016-08-20 09:00:00,34.437325345016916,39.66983,27.917877,19.563020431841224,24.87011,13.440179,2.0750014413701114,4.965228,0.9030775
2016-08-21 09:00:00,33.501317040232664,38.464264,28.43692,25.276903289722416,33.801548,15.985143,1.7905954025713682,4.0729394,0.22049819
2016-08-22 09:00:00,32.8219289599096,38.487946,26.194977,27.73452456090583,34.964863,15.921894,2.0290935605516167,5.6231046,0.32697815
2016-08-23 09:00:00,31.608166059448195,37.25479,24.336578,29.86353710447677,36.672424,23.816956,1.4239529682067522,4.15201,0.16166982
2016-08-24 09:00:00,32.450695290110104,37.890533,25.92569,24.240535208929664,29.028725,19.439465,1.839134154886153,4.2626824,0.4897387
2016-08-25 09:00:00,32.06070481715915,37.328278,26.277496,19.64711416783653,24.08155,11.979936,1.7419657074944173,4.2359004,0.47742984
2016-08-26 09:00:00,32.59301661619594,37.87442,26.534576,22.662123702340256,33.45865,12.44886,1.5390377116262643,3.0316834,0.31209317
2016-08-27 09:00:00,30.760671241868806,35.752594,24.854156,32.197727964436076,41.99145,16.305962,1.9283852095892369,3.0779326,1.0014808
2016-08-28 09:00:00,30.587259238860497,35.263092,25.079498,23.6662780879186,31.837528,17.295414,1.463135784089374,2.9784894,0.164311
2016-08-29 09:00:00,32.166813449105575,36.464996,27.000153,15.59363194084828,22.763092,10.705944,1.4236047811362074,2.4801407,0.61290544
2016-08-30 09:00:00,33.54958007519775,37.620514,28.233795,14.16689699638268,19.642395,9.473144,1.3851976352623507,2.5450392,0.3867817
2016-08-31 09:00:00,33.0847125975755,37.95694,27.16397,16.691926067938997,22.430618,10.218364,1.7334766821203602,2.862207,0.8368881
2016-09-01 09:00:00,33.48362924121204,37.0607,28.24234,24.856644582838985,33.774143,12.8742285,1.8974219527910865,3.8641698,0.73520803
2016-09-02 09:00:00,32.169624346496505,36.408844,27.215485,26.531080181807173,43.88043,10.754128,1.886904137183711,3.8859358,0.6905783
2016-09-03 09:00:00,31.419627281285955,35.784576,26.183014,27.358674905869286,48.558987,12.377038,2.4202215933159565,5.453808,0.50329846
2016-09-04 09:00:00,28.905403585813417,33.04605,23.053864,23.786996862018643,34.238514,4.8048954,3.3479929010936567,7.28346,1.5368384
2016-09-05 09:00:00,25.267645573263167,30.045319,19.772858,26.5397028468006,37.8307,15.539571,1.99338425480144,4.830509,0.17109507
2016-09-06 09:00:00,26.277770981509775,30.572418,21.853668,21.477950190073162,34.040524,4.5167074,0.7821325570687314,1.7080106,0.13102038
2016-09-07 09:00:00,30.43376743932322,35.10733,25.630768,12.878796480062922,19.00751,7.931877,0.72284826185253,1.327861,0.2881223
2016-09-08 09:00:00,32.48679857860384,37.670807,27.164948,19.08855986533715,31.377752,10.393536,1.6818166517435005,3.9637563,0.39752877
2016-09-09 09:00:00,32.406103044135534,37.130035,27.124176,20.89507236749381,28.100826,12.353436,1.408352088107664,3.1576102,0.2054264
2016-09-10 09:00:00,32.90494368234647,36.948395,28.266754,22.332768425638573,29.069254,11.322631,1.0321051960688667,2.2705023,0.37845704
2016-09-11 09:00:00,33.043164256029286,37.5795,27.34317,24.090244197388593,33.722588,13.246594,1.82311656571313,4.3634186,0.47706908
2016-09-12 09:00:00,31.096327270100232,36.262115,24.78946,25.9060191430542,31.81603,17.773062,2.987648513832601,6.999791,0.33764595
2016-09-13 09:00:00,27.788913153722888,33.06729,21.905182,25.747115517610986,42.868515,4.935728,3.55143900138113,7.8002634,1.2846372
2016-09-14 09:00:00,21.69535275557803,26.005768,17.684235,30.665864761899577,47.464096,19.02269,1.7586325519087955,3.8922408,0.82586795
2016-09-15 09:00:00,25.074249539512607,29.350006,20.699615,16.98678852968547,26.835575,7.8048162,0.6834157932912915,1.514406,0.16719505
2016-09-16 09:00:00,28.188792241096905,32.40518,23.450104,18.008567177247073,29.585117,8.576347,0.8175515283710193,1.3970186,0.21050763
2016-09-17 09:00:00,29.547925253185838,34.154694,24.57071,14.318816777209129,21.88172,7.8881903,1.0373125229292355,1.9619336,0.2823858
2016-09-18 09:00:00,30.76217104155637,35.822174,25.802643,11.088329801941386,13.695696,6.3402267,0.8854254301015888,1.8690379,0.1906508
2016-09-19 09:00:00,34.77937051431803,39.161774,29.152008,11.132832056170402,19.38173,6.8447847,0.78177056334244,1.2604971,0.280829
2016-09-20 09:00:00,34.39938362303303,40.02945,28.818512,18.744435495657722,26.637602,13.969633,1.575706225343482,3.8944626,0.04359356
2016-09-21 09:00:00,30.597379040778947,36.81729,24.784088,37.10380238359587,47.990364,26.908335,1.0419767789373613,2.280668,0.29143617
2016-09-22 09:00:00,28.99315811001918,34.272858,22.841217,23.813987176165874,39.874077,10.656503,3.11372681176885,5.8736153,0.8807372
2016-09-23 09:00:00,19.24795233117709,25.248444,14.057526,33.76451680569479,46.4718,14.38977,2.200402811637667,4.3957877,0.26748842
2016-09-24 09:00:00,22.758562705581483,26.204742,19.774078,23.12824422896562,29.289948,14.00479,0.6658739549355353,2.1059287,0.12575632
2016-09-25 09:00:00,27.87337825219788,30.999664,24.056305,14.341703264081776,17.373775,10.317983,1.5653492108026346,3.225949,0.3255596
2016-09-26 09:00:00,31.39268953467132,36.557526,26.202057,13.145817079488937,17.06525,8.359773,1.575431341536187,3.8278496,0.17203632
2016-09-27 09:00:00,32.86978699199369,39.341217,26.208405,15.620999441207173,18.17725,13.03272,0.8998307983704116,2.5370848,0.07476946
2016-09-28 09:00:00,31.119304361868842,37.64444,25.16397,21.594727911993726,35.445404,13.72984,1.1430164887439678,3.1203425,0.09298109
2016-09-29 09:00:00,29.059071619194242,36.446686,20.245026,29.10245844658109,36.794098,20.046766,1.144772005586814,2.6959662,0.28359473
2016-09-30 09:00:00,30.327630142681528,35.424957,23.081207,26.36362296404853,32.008293,22.159058,1.5242594461953478,2.7177513,0.30490923
2016-10-01 09:00:00,29.1100587716046,34.317047,22.391266,30.141091314556473,35.42811,23.740973,2.0452832256310143,3.6816196,0.60983884
2016-10-02 09:00:00,24.112789507631362,29.101715,19.17984,29.551902468310598,49.988983,12.024139,2.346322403700891,4.6094937,1.0509844
2016-10-03 09:00:00,20.512143368420652,25.295319,13.6839905,33.37781859604076,49.190323,15.063028,2.928944128249923,6.3853374,0.58209544
2016-10-04 09:00:00,18.871122148426366,23.478668,13.766754,36.29607617772038,48.192547,20.265335,1.6423437949880872,3.6409385,0.31652755
2016-10-05 09:00:00,19.802408733932396,24.45694,14.751862,35.72739300310578,60.256344,10.64574,1.84268885756331,4.352217,0.14861688
2016-10-06 09:00:00,20.154316531298832,24.525055,15.060211,24.046028581820877,31.50462,15.652011,1.2130798080255878,2.894271,0.32009697
2016-10-07 09:00:00,22.726972753290397,26.828766,18.397125,12.769775456688182,15.723307,9.93164,1.5116528068329809,3.2925363,0.20509672
2016-10-08 09:00:00,25.836045464060078,30.31607,20.00943,10.415898090314478,13.450996,7.4953623,1.2158544823022703,2.2938771,0.24703741
2016-10-09 09:00:00,28.462193534824735,33.26187,22.36148,13.095199804001167,18.967056,10.178884,0.6510802250223212,1.7045643,0.052171703
2016-10-10 09:00:00,28.49149480956089,33.548492,22.536774,17.694964341320855,26.162134,12.689478,1.1522177845553205,2.382859,0.25884804
2016-10-11 09:00:00,26.49529605942172,31.391998,20.622467,26.789164944045005,36.67359,13.384788,2.2571274201475764,4.71501,0.31750152
2016-10-12 09:00:00,25.361491411932207,29.306793,20.613434,29.222162816685653,48.251728,12.488407,1.6799761337899548,3.5826085,0.7331683
2016-10-13 09:00:00,24.16433158856404,28.352448,19.332916,19.131434493603464,28.056583,10.955022,1.1435072161547297,2.672039,0.100138076
2016-10-14 09:00:00,25.048476851466205,29.360504,20.930817,17.96359023765041,24.724838,12.931093,1.5527127261992841,3.5825155,0.12896998
2016-10-15 09:00:00,24.276438424661876,28.96695,18.316559,32.508081010639266,51.85708,19.950386,2.4370208557569506,5.529892,0.35686442
2016-10-16 09:00:00,22.44234096704315,27.22696,16.469147,63.023638030464795,82.15075,31.51403,3.243496252814801,7.2992187,0.7585147
2016-10-17 09:00:00,21.99943719930758,26.251862,15.257721,56.54314152545122,76.09689,37.845234,3.6129907931897116,7.7289944,1.7116699
2016-10-18 09:00:00,19.076037016821545,24.140533,13.986237,49.58796058599241,71.83246,31.098083,2.095871613156566,4.409644,0.6976574
2016-10-19 09:00:00,20.157643642501853,23.748444,16.810944,25.162306960134668,39.97142,15.252463,1.434776798677678,2.9732363,0.49178076
2016-10-20 09:00:00,23.03233847478691,26.343903,19.484528,14.162577041707033,22.20858,11.222131,1.9682392477193593,4.4249654,0.2735745
2016-10-21 09:00:00,25.21012593976758,29.069244,21.577057,10.614474737457252,13.408288,8.125375,1.1605238071520732,2.4729779,0.113225386
2016-10-22 09:00:00,25.729090654831282,29.366364,21.975739,12.39398483684354,19.368681,8.22102,0.9324589278893043,2.1023114,0.07260145
2016-10-23 09:00:00,25.779355990967474,29.75357,21.025055,11.764427911346885,15.01494,7.8678875,1.1254979973574115,2.3050919,0.17695206
2016-10-24 09:00:00,23.510061691875876,30.73111,16.092438,29.00571129599937,46.616344,21.405407,1.5877820790348813,3.082174,0.4381794
2016-10-25 09:00:00,21.357114207865266,26.518951,16.22647,45.33334372534235,55.316463,26.593807,1.7196277695103606,2.8068264,0.5364781
2016-10-26 09:00:00,23.276515953115222,27.720367,18.548492,30.52210913999564,40.23151,19.819149,0.41038966178580244,0.9615205,0.061532732
2016-10-27 09:00:00,25.06736997468977,30.200592,19.888092,35.78437823987608,45.145832,28.96413,0.4070376440555283,1.0236837,0.055624537
2016-10-28 09:00:00,22.694370055474224,28.122711,17.425446,43.200555652282894,58.81488,32.654724,1.2100653627538687,3.0309997,0.094657294
2016-10-29 09:00:00,20.02910653835727,23.837067,13.986725,48.06519043854938,62.250633,33.465477,1.031642399849755,2.4608364,0.24841201
2016-10-30 09:00:00,21.952555037755474,26.577057,16.096588,45.40318397538509,56.406464,35.135258,1.5342627372299842,3.0375404,0.34203595
2016-10-31 09:00:00,17.278779248985188,22.273346,10.402008,60.44127617888309,86.89851,31.883396,1.895071447642802,4.510026,0.55154735
2016-11-01 09:00:00,17.009998619629982,21.032867,11.862946,59.359653020954035,83.27455,36.80546,1.9866103333147478,6.06123,0.118238874
2016-11-02 09:00:00,17.24546950819098,21.347076,12.518463,28.606182469365084,35.60078,21.448437,1.093682392902677,2.2684202,0.18013476
2016-11-03 09:00:00,19.678340521692974,22.48526,15.484528,19.18634667010249,23.329258,14.705947,1.361501179865119,3.3765213,0.13678919
2016-11-04 09:00:00,21.99668711678197,25.666168,17.006012,20.902805600616002,25.621311,16.898243,0.8490753261564089,1.8760145,0.15707278
2016-11-05 09:00:00,22.967574078494465,26.365631,17.642975,24.809065125468308,28.962547,19.828032,0.6079039874953115,1.4497077,0.15899381
2016-11-06 09:00:00,22.678520486297657,26.265778,17.105621,27.30029043289003,36.56609,18.691544,1.181074904078629,2.7928298,0.12527107
2016-11-07 09:00:00,20.180855723500883,24.67862,15.72403,32.707780742601955,44.087624,21.92579,0.8574488410345785,2.07167,0.17199537
2016-11-08 09:00:00,22.037397861942395,25.41153,17.638092,23.70895511850356,26.905794,21.480692,1.4709891479789565,2.7980566,0.22851695
2016-11-09 09:00:00,23.414078750968372,27.145172,17.914703,24.548656984334265,26.798208,22.77477,1.4665861256754122,3.025917,0.2567566
2016-11-10 09:00:00,24.468300428569705,27.918121,18.48648,27.437501873420928,30.273617,25.044092,1.265884529187284,2.8837123,0.12307631
2016-11-11 09:00:00,24.090886353931637,28.216217,17.53067,23.525922067297113,26.95929,19.367794,0.914060004091894,2.104346,0.26283056
2016-11-12 09:00:00,24.32135384988038,29.254791,17.55362,21.324363696239896,25.375677,17.842224,0.5549759425938361,1.456296,0.16567774
2016-11-13 09:00:00,22.263395155793717,27.41446,16.642975,23.50991633358108,27.285301,17.371239,0.6988666364461226,1.6147314,0.008273969
2016-11-14 09:00:00,21.80342129865187,25.39273,17.640778,16.934696603785895,23.70078,11.023403,0.532444770984892,1.376376,0.066403605
2016-11-15 09:00:00,21.741602745123487,24.455719,18.570953,11.433393040699018,19.725676,6.904196,0.8451640485265872,1.6335235,0.1559576
2016-11-16 09:00:00,21.717119174460493,25.841705,17.292877,15.099111767836662,25.314632,8.20135,2.421063154528584,4.3394933,1.0932583
2016-11-17 09:00:00,12.275757818977127,17.843903,5.650543,35.29393002115812,58.595226,17.057587,1.720629733113411,2.8733315,0.79646456
2016-11-18 09:00:00,13.573852269311374,17.310944,7.6078186,15.365885894486935,19.380337,12.026362,1.904114051410983,4.282163,0.53545314
2016-11-19 09:00:00,17.049862297420873,23.437408,10.128571,7.6800886170825375,12.446312,3.043766,1.8296615981498152,3.793908,0.23010369
2016-11-20 09:00:00,18.302413176520247,23.099762,12.468903,11.32060508123733,17.224514,6.9417944,1.1028750809773655,2.1391652,0.036361776
2016-11-21 09:00:00,15.057861518067739,19.699615,8.5433655,64.34186353891836,89.45536,32.163322,1.5378085685294045,2.6769161,0.64020395
2016-11-22 09:00:00,12.889924833825148,17.840973,7.184967,50.0459754551856,60.880653,41.595497,0.8978572566412615,2.4813392,0.08547387
2016-11-23 09:00:00,14.438719405810787,17.641266,9.971344,46.2604091493145,62.65326,23.954039,1.0497502046974296,1.8794094,0.32264233
2016-11-24 09:00:00,13.322421129433167,17.415192,7.9845276,21.203188695073543,37.95626,4.3490095,1.2440294434130739,2.7755663,0.2098769
2016-11-25 09:00:00,15.193471295046663,17.894196,10.337555,7.698717702315911,17.248943,0.7919121,1.2769549612958815,2.8339367,0.09338766
2016-11-26 09:00:00,15.580862975114144,19.220367,9.060211,10.453987219548237,18.53703,0.8495048,1.3859104560835462,2.7610378,0.13616605
2016-11-27 09:00:00,8.483743946503807,13.416901,1.4715881,81.0734446416562,97.11766,52.571465,2.925105057048883,8.316753,0.72290486
2016-11-28 09:00:00,9.133331501137093,14.937408,2.7792053,48.1262608210728,87.33344,16.324524,1.9071685546815993,5.2798386,0.30634615
2016-11-29 09:00:00,10.106508114819405,13.84903,3.558014,45.14357593257401,58.008854,28.497135,1.11205707931798,2.2239542,0.24420796
2016-11-30 09:00:00,11.280131576012536,15.136871,3.912262,32.239874794974966,43.3347,24.292429,0.7841601181552644,1.9840075,0.055118084
2016-12-01 09:00:00,11.610414031325092,16.134918,4.14859,44.27368063298288,73.17024,30.670998,0.7323092518769043,1.6712083,0.13377003
2016-12-02 09:00:00,9.828053068585973,13.799713,4.674713,50.113896742924304,77.00183,30.310421,1.643862491262634,4.451854,0.27761877
2016-12-03 09:00:00,10.113256137679855,14.32486,5.6061096,21.768041109505358,35.41204,13.0535,1.502993505103969,4.1911383,0.11467763
2016-12-04 09:00:00,12.252984680182635,14.573883,8.870758,21.72629295105284,31.3615,15.152296,0.8534469469057383,2.1561913,0.12790847
2016-12-05 09:00:00,13.86139280824932,18.625885,6.9442444,28.771024546043996,46.960693,18.560646,1.3863844515495052,3.9417393,0.05908372
2016-12-06 09:00:00,11.487616417645427,15.803833,4.540161,32.63415306926041,70.956635,10.534756,1.8421282014418823,5.054484,0.16904497
2016-12-07 09:00:00,8.824604870067503,13.422791,1.5736084,36.87655869034862,55.391552,12.868115,1.5139629558561216,3.8831534,0.14574707
2016-12-08 09:00:00,10.115760337472295,12.9263,4.3423157,30.563165772185183,50.57096,6.692053,0.8354728059967919,2.2185538,0.08742834
2016-12-09 09:00:00,13.439953902310378,17.894745,7.836151,82.40344753720476,96.684746,41.03218,0.8283679104870837,1.9741102,0.019711606
2016-12-10 09:00:00,15.632591833248682,21.067719,9.821625,64.77001528115139,87.053795,47.60097,1.090919827408088,2.884691,0.13553996
2016-12-11 09:00:00,14.602105933733583,20.068787,8.50824,80.23791153557043,95.02174,59.969086,1.937750832506617,6.027565,0.29540384
2016-12-12 09:00:00,14.192614706663733,18.246918,9.00473,52.30555132475222,81.62055,7.929144,1.6380798257903255,4.0872345,0.32299507
2016-12-13 09:00:00,13.741180320581748,18.24936,9.2552185,50.667736834616285,66.5025,30.542118,0.9583004776937354,2.8001342,0.059834987
2016-12-14 09:00:00,16.266177715597166,20.270416,10.6961975,32.067633803091894,42.236584,15.689709,0.955594507851099,2.6293824,0.20203434
2016-12-15 09:00:00,18.171415376566756,21.890045,12.69278,27.50645700811325,39.419697,16.137764,1.6350293692648876,4.0179005,0.1350251
2016-12-16 09:00:00,13.89568234166893,17.65207,8.820038,71.12040405873809,92.283646,45.7879,2.264700382792655,6.2856407,0.4174574
2016-12-17 09:00:00,7.875580103667687,13.097351,0.066101074,47.568291218866555,79.713425,20.6838,2.5165278193146916,5.684421,0.6511076
2016-12-18 09:00:00,7.334498189242993,11.122498,2.2592163,28.18138872977738,49.3217,9.489669,1.0784870288240904,2.207018,0.11704355
2016-12-19 09:00:00,9.190235292043951,12.071503,4.9863586,13.852501143154637,29.977858,6.9778576,1.9527752072721323,4.2886896,0.34283248
2016-12-20 09:00:00,11.158615450361708,13.433685,7.21109,6.722938988366863,25.494373,-0.46265793,1.497292658995033,2.9510074,0.2641187
2016-12-21 09:00:00,12.459000473814001,15.532379,9.022614,8.216030008003191,27.371458,1.1956768,1.3157026088406862,2.4283288,0.13200915
2016-12-22 09:00:00,11.374821352660433,16.528229,6.1922913,48.56233279446554,66.91993,22.42384,1.3956866865519133,3.0377526,0.19243799
2016-12-23 09:00:00,12.029427643436065,16.174225,6.301178,36.96418532620293,73.217155,14.053094,0.8121476956920586,1.4697284,0.19177113
2016-12-24 09:00:00,11.323037085658314,14.818268,4.427643,73.92863009288217,91.3565,62.48587,2.0160327551154973,6.030601,0.046302017
2016-12-25 09:00:00,5.40528126840411,11.39859,-2.7928162,48.28433617868486,72.57741,23.671162,1.585773365728488,4.9921336,0.2499694
2016-12-26 09:00:00,6.738761749816604,10.986053,-0.70925903,35.77829859231837,59.57773,18.999601,1.7181387169083833,3.5564542,0.546194
2016-12-27 09:00:00,9.01999674398121,13.7966,1.8365784,23.88838849406202,46.222454,11.644328,1.8149415760809025,3.8897038,0.34590113
2016-12-28 09:00:00,10.884561506105854,13.339874,7.8125305,19.13960777396354,34.807587,12.04769,0.9989491895250435,2.0465376,0.20890135
2016-12-29 09:00:00,13.001910387935936,15.930725,7.4190063,17.574690336468112,30.385815,12.588709,1.576595735279931,2.6963303,0.15171063
2016-12-30 09:00:00,14.52835873049878,16.839752,8.876862,20.396480548574523,32.51845,13.990482,1.341010062412097,2.354421,0.11763935
2016-12-31 09:00:00,10.011689598303633,12.960419,3.731903,77.11232559707578,93.22708,63.039585,0.7955739726542189,1.5866222,0.17410937
2017-01-01 09:00:00,7.507520388954163,11.416809,2.4246216,67.33899604216117,86.830666,48.604103,1.0667598706967294,2.3023186,0.11151464
2017-01-02 09:00:00,8.127357748498923,12.924927,1.0206299,55.97224457241791,82.028114,32.895306,2.0507405061582564,7.2185655,0.11385406
2017-01-03 09:00:00,9.046295815076576,12.644745,2.091858,54.761345406278295,71.183586,39.586483,1.5068370582016613,4.243372,0.30786526
2017-01-04 09:00:00,11.15504463052332,14.282013,4.3210754,62.50121684739457,88.6689,43.055622,1.943492795066429,4.4011345,0.32467294
2017-01-05 09:00:00,11.623236125988058,15.255005,3.9854736,89.35794444432456,99.99363,72.40021,2.2815201280527613,6.583507,0.28231385
2017-01-06 09:00:00,10.791840831041156,14.18869,4.2882996,34.397402288633394,88.39318,6.7916183,1.2294766118975229,2.8454225,0.09632107
2017-01-07 09:00:00,9.098507033652993,14.946899,2.5855713,31.987663804258222,64.93547,5.9237537,2.161065543473789,3.6650312,0.40678722
2017-01-08 09:00:00,13.473460925827737,18.919128,8.176941,54.165512441460265,88.89342,38.27623,2.3096498762235993,4.2505565,0.5687846
2017-01-09 09:00:00,16.391353554263787,21.907562,6.9446716,52.238949556138856,71.86856,41.48966,1.8814810169024718,4.7155857,0.16221057
2017-01-10 09:00:00,11.947602418537656,17.141693,4.039215,58.40959719132665,72.0067,35.33482,2.2314500107086896,5.578547,0.12323142
2017-01-11 09:00:00,12.340225709735591,17.015442,5.2302856,67.50244903689229,90.577934,35.025272,2.903804828127882,6.9383717,0.375539
2017-01-12 09:00:00,11.75680959488983,16.10727,3.8162537,69.6081821006504,83.884,48.040253,1.6493324923846342,4.013965,0.18224029
2017-01-13 09:00:00,8.827174683770806,13.888153,1.026825,71.80839396074441,87.012375,59.473316,1.046001989641263,2.1520457,0.37907705
2017-01-14 09:00:00,9.707649698410592,12.333588,5.0144653,47.58163860088755,62.40957,27.08535,1.6700996544826192,4.6284037,0.26420644
2017-01-15 09:00:00,10.24595651025237,14.051758,5.991211,33.113985346792575,51.57253,17.947529,1.1000987101013036,2.225648,0.20531857
2017-01-16 09:00:00,10.143055660776952,13.287384,6.6526184,29.27882516197317,41.080856,15.172368,0.8580151281359212,1.7878844,0.11469814
2017-01-17 09:00:00,10.253484776305982,12.55304,6.60968,21.11714378808953,37.114414,10.893032,1.0605086869654883,2.1040564,0.10450521
2017-01-18 09:00:00,12.837170131931373,16.197357,7.306732,24.62316971721819,41.491856,12.844844,0.6090937578188144,1.1875957,0.12644811
2017-01-19 09:00:00,10.776175834221988,13.595123,4.143219,58.20183814501467,80.15884,35.8854,2.2898921685290587,6.158644,0.06877137
2017-01-20 09:00:00,9.912471379288661,14.902985,1.8678284,71.36229805559599,88.081406,49.96942,2.3344367860099293,4.4334197,0.35376126
2017-01-21 09:00:00,8.204312157433208,13.908356,0.11343384,73.44533818513639,90.46138,51.695267,2.9555470773107557,8.010235,1.05227
2017-01-22 09:00:00,9.212895924781265,14.843414,-0.20736694,59.925663127057526,74.58234,46.91046,2.1751418995936005,4.108523,0.496233
2017-01-23 09:00:00,8.078495057842417,13.26358,0.2460022,71.0054119577184,83.45452,48.81439,2.2526768809606312,5.103741,0.3723777
2017-01-24 09:00:00,5.72669961294315,10.786041,-1.8623962,58.044084234835076,74.297455,40.26046,1.0990188137411727,3.7298844,0.030738354
2017-01-25 09:00:00,7.107357240458612,12.26944,-0.5997009,50.33311323886845,69.431564,37.019493,0.799744417258853,1.6352454,0.15245353
2017-01-26 09:00:00,7.779666472307099,12.396637,0.65249634,46.010072620482966,72.30829,15.239807,0.6148628644541017,1.5357152,0.047942415
2017-01-27 09:00:00,8.545430677137347,12.964813,1.1093445,32.723763107545864,43.48247,25.311655,1.6299386469225383,4.2409525,0.27100554
2017-01-28 09:00:00,10.446015666819335,14.381073,3.4396667,14.003458459386524,22.913532,4.4658504,1.602797676707341,3.446358,0.20504045
2017-01-29 09:00:00,13.497493369966492,16.477448,6.6981506,9.453480517242857,20.02393,2.0662565,1.5244056114565563,3.0535696,0.18557866
2017-01-30 09:00:00,15.38237195399887,18.187653,9.131012,11.262896642165432,21.38385,6.010707,1.2594871749123384,2.6288984,0.13414763
2017-01-31 09:00:00,16.939489302196932,19.754791,10.3055725,15.947166527304939,44.273254,6.5759544,0.9314293789256444,2.0968633,0.23040447
2017-02-01 09:00:00,17.430300353222037,20.626434,10.405731,21.243526602563144,49.944294,8.9874735,0.7189334615513129,1.4478062,0.06616471
2017-02-02 09:00:00,16.884466243353188,20.15866,9.441864,22.206870577995115,53.681854,9.4664755,1.207869614211392,2.647833,0.29242405
2017-02-03 09:00:00,15.928251319114338,20.012451,6.7839355,68.63008048519322,83.12106,55.910122,1.5066671621448302,3.4050226,0.10306137
2017-02-04 09:00:00,14.337894552644684,19.414581,5.8540344,71.82072441191005,86.45021,50.107567,2.1826211316700386,5.7692037,0.53366804
2017-02-05 09:00:00,13.97740507957036,18.027924,6.5415955,35.81712825191663,64.90009,19.305614,0.8237536686261135,2.1816504,0.21269801
2017-02-06 09:00:00,13.302501554767332,17.335602,6.683258,67.87515874510405,86.28508,49.552856,2.2089777992568824,5.5970173,0.046960745
2017-02-07 09:00:00,14.90466396701521,18.954926,7.411957,70.14971301260567,84.42871,44.74849,2.831527782823951,8.601487,0.3767858
2017-02-08 09:00:00,16.120829212265903,19.95993,7.641571,85.38567010025028,97.0571,69.213844,2.0350232486587676,6.7843785,0.20589253
2017-02-09 09:00:00,18.360276674255715,21.561066,8.979034,36.526307639562745,63.571857,25.864756,0.8965192024691901,1.7790557,0.2607699
2017-02-10 09:00:00,19.469920653191082,22.199066,10.333832,40.20784670246588,65.845184,17.794403,1.6639640371453182,4.141705,0.16270266
2017-02-11 09:00:00,12.11237413619466,15.642059,5.466278,75.62555398728584,89.68176,65.5906,1.5533571334261365,4.5182247,0.26461533
2017-02-12 09:00:00,12.148636335005278,14.383453,6.8155823,46.53886238033342,59.516346,36.113953,1.6445139737115215,4.2761927,0.41110554
2017-02-13 09:00:00,14.647840885717017,17.606598,9.768951,29.201094712670006,37.292053,19.059954,1.148062429398452,2.8874204,0.14463918
2017-02-14 09:00:00,15.90804650760765,19.330963,11.709869,23.77422338071098,35.692883,18.163235,0.9331886300052598,1.7864003,0.14891627
2017-02-15 09:00:00,17.519250026871646,21.444,12.375641,17.09342685201429,29.69019,8.464028,0.9161063723299702,2.1725183,0.34872264
2017-02-16 09:00:00,19.5451154407142,22.58023,13.076324,19.972683360281383,38.64661,8.880746,1.2010891820327771,2.160553,0.1421527
2017-02-17 09:00:00,12.905162020270609,16.560944,6.0472717,58.28220984749512,73.65276,33.359848,2.2610256139363187,3.7521894,0.5909535
2017-02-18 09:00:00,10.355384062841381,13.900543,4.1166077,75.9979808851818,89.57172,56.02248,2.2918010753353286,4.06538,0.34363165
2017-02-19 09:00:00,12.511140430119838,17.792877,4.6913147,69.94426766058729,81.20178,42.164394,1.7209824491896395,3.6701,0.45565057
2017-02-20 09:00:00,14.297770622442954,18.455963,6.6766663,75.79391607904577,93.8783,58.390022,2.1892009547179345,6.3103614,0.25382894
2017-02-21 09:00:00,16.764309344060223,22.835114,8.680817,59.920204722662575,81.7097,28.711666,2.4548257362489103,6.376037,0.006848377
2017-02-22 09:00:00,14.894650070618297,18.896393,7.369049,70.21778611584052,89.94794,47.702343,2.944088528432772,5.889582,1.3962389
2017-02-23 09:00:00,9.927464449125978,15.357819,1.848053,59.492475384976764,77.27464,38.881424,3.2940598780522223,6.327514,1.6478987
2017-02-24 09:00:00,7.811736280947457,13.277008,0.4449768,51.11669107473617,78.65188,17.89352,1.291101235511335,3.0299144,0.28715023
2017-02-25 09:00:00,9.792330364865165,13.662506,3.646881,29.074495635868555,46.28967,8.564375,1.1497443755670003,2.5500236,0.2296571
2017-02-26 09:00:00,9.847631788304398,14.040192,3.0167542,51.97219000357303,76.742355,28.19157,1.1217254292723133,3.647234,0.0388507
2017-02-27 09:00:00,10.778816651185593,14.4791565,4.770172,69.27982790733668,85.18284,47.5384,2.3749650518465315,5.732377,0.58642787
2017-02-28 09:00:00,9.711431560233962,14.905914,2.527008,53.66232924777334,85.85523,25.860342,2.2066210740538525,4.753935,0.42525846
2017-03-01 09:00:00,11.530532086362541,14.953766,5.5084534,31.061860101356388,46.179058,21.64497,1.0683225427140082,2.2337112,0.27188653
2017-03-02 09:00:00,14.649234460575713,17.875244,7.701416,23.391840024040558,38.15378,11.68262,1.5481777785657798,3.621478,0.18001537
2017-03-03 09:00:00,17.495277429263638,22.005585,10.306366,14.910088096306058,28.11975,8.423266,1.4128179225319883,3.3445609,0.26510653
2017-03-04 09:00:00,19.03691532894146,23.037933,12.813324,16.040685983307114,28.492321,4.941539,1.2012353952738926,2.688435,0.18583564
2017-03-05 09:00:00,17.398809178893657,21.813507,8.760773,30.570870711154846,57.585136,4.7921686,2.8746866012212116,7.249613,0.17923777
2017-03-06 09:00:00,9.39411541055199,15.160522,-0.04260254,58.578920175988884,80.18454,36.7236,2.590431614864232,5.306436,1.2823936
2017-03-07 09:00:00,11.227437203748195,14.598053,6.085602,36.44102843259709,48.82424,25.656271,0.9556542556521934,2.1193423,0.1936147
2017-03-08 09:00:00,14.91116595661316,18.379303,11.334381,31.646120767467814,47.404644,17.790947,1.1437044893965223,2.0690937,0.44593748
2017-03-09 09:00:00,18.24555173782619,23.52066,14.002686,27.749070755688543,42.29341,15.697592,0.9351560967773855,1.9625217,0.32003945
2017-03-10 09:00:00,21.28168275947172,27.034363,16.46405,23.660590588143187,40.838696,15.559035,0.8356185977597718,1.3446959,0.1606137
2017-03-11 09:00:00,19.33304803757858,25.421783,14.251007,26.084490407409007,42.507713,14.125461,0.9527974136849702,2.2423718,0.15518537
2017-03-12 09:00:00,21.087081240437897,27.581757,15.300507,25.60310372105545,43.069946,15.366712,0.9434402464895502,2.0860019,0.27520984
2017-03-13 09:00:00,22.91401853948679,28.716309,17.46045,18.247357964096786,31.218975,7.7072554,0.778992060747912,1.9987689,0.17378378
2017-03-14 09:00:00,24.930827255839745,29.256378,18.586456,17.47745199608174,32.609364,10.90543,0.4292378695980026,0.942011,0.08275558
2017-03-15 09:00:00,25.87932825183418,29.600739,17.747223,24.222952771515637,42.792156,12.70094,1.2327708018582657,2.6826322,0.084439084
2017-03-16 09:00:00,24.947421779878823,30.730133,13.626617,27.38706908383418,41.913597,12.047887,1.801620623872004,4.0153694,0.115428224
2017-03-17 09:00:00,22.293303170623233,27.758453,16.764313,28.137797942493183,37.347744,16.612297,0.8331354902987025,1.8890766,0.10946334
2017-03-18 09:00:00,24.637139773403987,27.915436,19.792389,23.18751517356307,47.646973,13.549317,1.0238248773242422,2.5539265,0.081408136
2017-03-19 09:00:00,24.753658934200416,29.27359,18.09195,19.577518832303905,37.005386,12.290541,1.3171922287892082,3.1641552,0.13418286
2017-03-20 09:00:00,23.507738769543607,26.973053,17.213287,26.532858598870664,40.771088,14.17343,2.0318357259998288,4.065706,0.19623494
2017-03-21 09:00:00,20.529415130706695,24.124664,14.275055,52.684591977971415,76.84101,22.923042,2.4706340805060383,6.655528,0.16763866
2017-03-22 09:00:00,17.718385762277535,22.96054,11.646088,68.85262137781673,86.29714,48.22683,2.400372998651453,5.944219,0.64481467
2017-03-23 09:00:00,12.99463474919861,16.261444,6.308319,56.429344165586,89.94662,28.216263,3.0398990135484367,6.6762843,1.2549458
2017-03-24 09:00:00,16.50888384230592,19.346588,12.401276,29.13578227811223,54.649956,6.9814053,1.4800179297399005,3.8947182,0.20647198
2017-03-25 09:00:00,18.011068312392183,22.827301,11.694489,48.51747828645713,66.033356,26.873203,2.0366507651978374,6.069415,0.11586081
2017-03-26 09:00:00,15.27318203318913,19.12442,10.38736,55.490301964029314,80.475685,30.737408,1.7180879585522753,3.9995139,0.2656607
2017-03-27 09:00:00,16.110025300560494,20.551666,10.223541,57.962564659205434,82.04197,29.341942,3.1108306000974677,7.667699,0.99597704
2017-03-28 09:00:00,15.224627386575264,19.48526,10.42569,39.33033088068784,70.65862,19.129082,2.2721663186831025,4.407278,0.9369029
2017-03-29 09:00:00,18.555824846231303,22.153473,15.030426,29.636758802554564,48.731514,8.963139,1.007557320932625,2.1240346,0.24388762
2017-03-30 09:00:00,21.459106943938025,25.862457,16.374176,33.67231902378273,62.45156,17.892967,2.3375048415193023,5.4884787,0.34234795
2017-03-31 09:00:00,14.068327604555861,20.737701,7.587799,41.84502960575981,60.44216,19.523043,3.7581425655633565,7.90919,1.2485073
2017-04-01 09:00:00,18.261044470013815,20.745758,14.228668,31.474062662333388,40.188755,21.865578,1.1293765742916215,3.959939,0.15417854
2017-04-02 09:00:00,22.700238808382494,26.76651,17.024323,24.36197435911924,42.553806,16.88998,0.8477151971425105,1.999483,0.12971129
2017-04-03 09:00:00,23.815051929290178,29.10196,16.7836,34.30913100682221,51.614414,22.915195,2.6049778514790023,7.0363426,0.49266258
2017-04-04 09:00:00,21.424572238211,27.222809,14.123199,18.639934377971226,37.889484,8.772297,0.988447741586449,2.470342,0.09469548
2017-04-05 09:00:00,23.233275636454152,28.994781,16.018219,14.971342691104812,26.302233,3.9174604,0.5659310980208936,1.6748366,0.009027801
2017-04-06 09:00:00,26.031280428137165,31.78189,18.240875,19.11981645099957,28.606434,11.037453,1.6054405019671012,3.3643608,0.21913785
2017-04-07 09:00:00,20.768619063476308,25.245026,13.202057,19.17548291074959,34.37729,-0.056178093,2.374821724046847,5.934661,0.12826623
2017-04-08 09:00:00,18.784966612616586,22.817047,11.848297,53.12982117412186,78.743835,28.743832,3.164709673685312,7.22243,1.0849618
2017-04-09 09:00:00,13.513378871901637,19.228424,6.7137756,35.688593415426354,53.621155,18.420725,2.1497485364107662,3.5249193,1.1284524
2017-04-10 09:00:00,16.278058131620924,19.824615,10.760162,25.34415041196952,55.108307,11.427208,0.9434843419412973,2.313785,0.19473918
2017-04-11 09:00:00,19.35986573702138,23.043854,13.848541,19.01582141054873,38.85044,10.566232,1.2262663818398607,2.8026972,0.11216474
2017-04-12 09:00:00,20.74216220144109,25.14444,14.409332,39.91706624300522,47.271324,29.408043,1.9754053786122225,5.5645742,0.08482619
2017-04-13 09:00:00,23.04853230422401,28.880035,15.764801,43.89079721588213,64.190155,12.72284,3.3405923771211015,6.9346337,1.0411855
2017-04-14 09:00:00,16.183734442843445,21.793854,8.3211975,52.25758762838627,72.83439,25.317276,3.421907643178675,6.1196675,1.8393631
2017-04-15 09:00:00,17.335217022544555,20.631012,13.753571,22.769545645186135,35.04704,15.340008,1.2354538908169856,2.866653,0.38878143
2017-04-16 09:00:00,22.710577225934117,25.84732,16.710602,14.899099807043585,25.10976,3.4886675,1.2366707661953709,2.6513577,0.35648027
2017-04-17 09:00:00,23.490680748656814,28.248444,16.50235,22.08390549926807,30.58802,13.564643,2.429653632936815,5.78502,0.49335912
2017-04-18 09:00:00,21.67232100144963,26.296051,14.684723,56.31745342876129,70.10937,35.315464,2.8163209739699915,7.0888643,1.019162
2017-04-19 09:00:00,17.70857890435508,22.220367,13.171783,54.239541443823256,81.268265,29.308804,2.048746697684939,4.6307826,0.83467716
2017-04-20 09:00:00,19.449193428364822,23.926178,13.279694,48.817751832979994,76.02901,8.650101,2.691704270170633,6.085955,0.7697382
2017-04-21 09:00:00,20.148382508600264,23.917877,16.40567,27.49033683711039,49.03781,15.723437,1.554145620083581,3.1971395,0.18250373
2017-04-22 09:00:00,23.02067091070188,27.472565,18.816315,22.210158653446104,40.010498,12.354249,0.8165937165398088,1.6694658,0.20901425
2017-04-23 09:00:00,25.80220961770243,31.098297,19.701813,29.0748614479849,49.395878,10.845632,2.298056665451157,4.7826457,0.4205264
2017-04-24 09:00:00,20.847861746088483,26.29068,13.943024,36.758870825158915,65.42127,17.217815,3.4466406670011147,8.8254,0.8280202
2017-04-25 09:00:00,18.16737020689203,24.003326,10.823639,55.54997337362337,80.564285,31.560158,4.176039161956096,8.856277,2.1020198
2017-04-26 09:00:00,18.915338578996057,24.941315,12.898346,52.69447489079205,75.20965,27.767036,2.037018484597936,4.7018886,0.25445178
2017-04-27 09:00:00,20.604423606105343,26.391266,13.842438,54.37757511413211,87.22459,23.746185,3.415391190313534,7.353042,0.47488675
2017-04-28 09:00:00,20.03417527129875,26.290924,13.537018,36.67428176525463,57.29325,23.164345,2.91687252302451,4.929004,0.62712437
2017-04-29 09:00:00,20.43110956853519,25.82193,13.484039,15.00625312370747,30.147818,5.272002,1.7631085941647713,4.891545,0.07522055
2017-04-30 09:00:00,23.291099731565282,28.697662,17.717194,13.83479322509233,31.308506,7.195443,0.6507143046374763,1.7367964,0.17941108
2017-05-01 09:00:00,26.157396007383113,31.148834,20.427887,26.75788411776661,44.446415,15.064066,1.1816296547494316,2.711584,0.20981301
2017-05-02 09:00:00,28.12701739442025,33.16519,21.602692,28.64951673761149,42.098053,14.508215,1.1000414220132457,2.3612168,0.054728296
2017-05-03 09:00:00,30.06482111338846,34.997467,23.298248,25.64652250297717,35.266167,14.683125,0.7617788763612074,1.8138704,0.08433993
2017-05-04 09:00:00,32.15836398113612,37.40396,25.487946,26.929925073601446,38.289993,14.594682,0.6635040051057238,2.1501186,0.11128418
2017-05-05 09:00:00,31.496841339392176,38.186188,23.578766,13.439639341066417,29.42281,6.1503544,2.152765327932241,3.986127,0.7977459
2017-05-06 09:00:00,26.751626111116536,31.719635,19.715729,34.4282818046203,49.040047,16.434576,3.1330897964874818,6.3415127,1.7927309
2017-05-07 09:00:00,16.403337186821034,21.993317,9.952301,48.42700502796262,65.42012,32.268852,1.5675780952068552,3.271593,0.20944342
2017-05-08 09:00:00,18.50553449068991,22.595612,14.40152,32.95858918113729,60.95389,15.219966,1.3751162677499276,3.2042542,0.31585774
2017-05-09 09:00:00,23.25053286523024,26.812164,18.247467,38.02375348359263,53.139076,16.149792,0.9075297196688433,1.8841878,0.13995346
2017-05-10 09:00:00,26.142338908392105,32.159576,19.147858,39.050510052660876,50.8006,15.066222,2.160579455355017,5.3520555,0.5738147
2017-05-11 09:00:00,25.090796547538616,29.36441,19.08316,54.68581556199877,67.365005,33.67952,2.324133370836355,5.1071157,1.168892
2017-05-12 09:00:00,26.61358445317569,30.534088,19.86026,51.300280354180686,67.22276,25.012285,2.6374172477476936,5.780557,0.8672781
2017-05-13 09:00:00,18.514426992309268,24.756256,12.631256,43.57053390395849,78.823044,16.502731,2.874034709470284,6.2209225,0.568607
2017-05-14 09:00:00,18.811341645917537,23.795074,12.552887,36.01874361717511,59.614014,12.564704,2.3678942950096666,5.606208,0.10100159
2017-05-15 09:00:00,19.893834049080226,24.36856,13.110748,38.84862261288455,53.022507,16.134356,2.972302699746734,6.9589415,0.9325564
2017-05-16 09:00:00,17.557320425377668,23.523346,11.435211,56.96423339025432,75.86239,38.157333,2.5483099593845218,6.764349,0.14738287
2017-05-17 09:00:00,20.799467662065524,26.866364,12.858551,54.22484487342322,71.00207,32.060444,3.8867649244505555,9.194341,1.0803258
2017-05-18 09:00:00,19.76727980139742,25.622223,13.950348,33.86454197419835,47.696457,21.041622,1.4058848230405843,3.1953077,0.23556998
2017-05-19 09:00:00,24.005338627116032,28.914215,16.92398,20.614265779266386,30.063284,12.068563,0.8728364107369684,2.0334263,0.022821037
2017-05-20 09:00:00,27.77894699882762,33.936188,20.810211,20.210271812785177,26.957764,15.61792,0.6283940670904411,1.3025972,0.093858406
2017-05-21 09:00:00,29.750788423840447,35.423737,22.390533,20.272932525528095,29.29997,13.987471,1.0884218003127608,2.334184,0.04917515
2017-05-22 09:00:00,31.10979328389334,37.056305,23.94107,17.643871025423273,26.23151,9.028,0.8477705297885723,1.8079474,0.061749205
2017-05-23 09:00:00,33.19964446035067,38.33145,26.602936,16.721002597925807,26.38205,8.423361,0.7842279569063457,1.6279024,0.0600512
2017-05-24 09:00:00,33.875860577470405,39.15811,27.384674,13.083082906217411,19.138832,4.1332912,2.11312649178197,4.576329,0.24512707
2017-05-25 09:00:00,30.646407666136326,36.139557,23.348541,14.212720880048321,20.832136,9.136824,3.715407433250708,8.766208,0.5727554
2017-05-26 09:00:00,24.92367649131853,29.493805,19.802399,38.979111487131966,56.22319,10.477097,3.7948587768031223,9.5142,1.7082096
2017-05-27 09:00:00,23.391169122724705,27.605377,19.06192,45.34762724244803,68.484375,11.159901,2.1105866140536316,4.8940687,0.7627519
2017-05-28 09:00:00,27.27277876444998,30.658112,22.148346,30.712164306489804,61.31862,6.520994,0.9390769519578916,1.7037609,0.037477314
2017-05-29 09:00:00,30.187616738744453,33.938385,24.508698,23.1577921102022,42.177864,4.1085043,1.0266050513303098,1.7774981,0.010732322
2017-05-30 09:00:00,30.504764970392785,34.697906,24.049469,25.94968870122645,41.527946,6.3641167,1.545180243040907,3.559108,0.22667928
2017-05-31 09:00:00,28.953649196479944,33.54532,22.2211,30.48189308295823,45.11878,12.644064,2.4592495184239973,4.608995,1.2563485
2017-06-01 09:00:00,21.761321748867033,25.19986,17.737946,47.61711809182437,67.62095,25.114956,1.5597472802980956,4.122449,0.1042126
2017-06-02 09:00:00,26.88740842514943,30.590485,22.608063,38.90741931477972,68.30753,13.100939,1.364083400942551,2.7474146,0.09992793
2017-06-03 09:00:00,30.84732740305202,34.363434,25.922028,23.008852119889912,34.932285,9.207942,0.755561497669504,1.1990333,0.35915527
2017-06-04 09:00:00,32.50489246476053,37.453278,25.838043,28.604065342927395,36.533966,17.37381,2.0321630305521396,4.399156,0.18874149
2017-06-05 09:00:00,31.54970841282193,36.8107,24.722809,20.968862736149983,26.495014,14.774584,1.987373852306324,4.971318,0.44973895
2017-06-06 09:00:00,31.47393546635078,35.87564,25.654938,10.940946705848063,21.31031,4.431403,1.4905817886853345,3.2207017,0.44064498
2017-06-07 09:00:00,32.29611601492462,37.009186,26.485748,16.596896497014466,27.298843,6.6995115,1.9847371782821972,4.212867,0.86806995
2017-06-08 09:00:00,31.14949430143895,35.95816,25.753082,21.191046171958718,37.097126,9.795866,3.0995660412352692,5.906631,1.6700892
2017-06-09 09:00:00,27.187534172393782,32.92325,21.282623,31.43840760437711,51.204544,19.794388,3.1929275282765124,7.2052455,0.8829311
2017-06-10 09:00:00,26.704845724061272,31.754059,20.490387,44.66133583989423,69.738434,20.824373,3.6279366686783736,8.080843,1.3314992
2017-06-11 09:00:00,22.464005670800134,27.05899,16.62735,41.79873486548012,55.809826,24.446507,3.59015178897407,8.908628,0.95663464
2017-06-12 09:00:00,19.68185962951327,26.240387,11.996246,41.5166216033022,54.816097,25.94891,3.937376717072447,7.926711,1.9394726
2017-06-13 09:00:00,21.550458135301938,26.357574,17.259918,32.842775280048194,53.850418,17.249239,1.7408321909804536,3.1222742,0.39820176
2017-06-14 09:00:00,25.49493966746894,28.922272,21.41446,26.986516921947967,42.82966,13.403875,1.0685443065455875,2.141729,0.21986824
2017-06-15 09:00:00,30.134653858077172,34.57486,24.992828,22.189683091121374,33.157234,8.883931,1.523980430253155,3.1786394,0.13886788
2017-06-16 09:00:00,31.6286755047326,36.41983,26.416168,21.970568182328154,31.885181,5.3656497,1.4782549305393384,3.2097044,0.21566078
2017-06-17 09:00:00,33.6156826581028,38.402008,28.405914,21.473834186172002,35.35303,4.286624,1.2554094199317594,2.7303774,0.050072894
2017-06-18 09:00:00,35.26536381422625,39.98062,29.84195,26.745660708943806,36.905235,11.997405,1.1192598954624626,2.5851545,0.23800786
2017-06-19 09:00:00,38.1070416097084,42.563873,32.429108,20.23334222354228,31.007427,6.5871468,1.1174280536698795,2.5412,0.39866865
2017-06-20 09:00:00,38.613799886781635,43.536774,32.786774,15.279330440951176,26.043987,2.8279228,1.6475057988139477,3.1960974,0.3289631
2017-06-21 09:00:00,38.41384403401736,43.152252,32.32608,26.4963791275875,36.870174,10.702763,1.9083845997612618,4.626115,0.061579447
2017-06-22 09:00:00,37.56479690783658,42.421295,31.640045,23.197623014091867,37.35,13.682028,1.3271387535146295,3.4082863,0.12353203
2017-06-23 09:00:00,37.934097485689506,43.55655,31.454987,17.685594393837224,27.895878,8.129858,1.8201058914548813,3.5092587,0.9140037
2017-06-24 09:00:00,38.20033668910946,43.057526,32.487213,16.778873525798815,26.25534,6.813572,1.6328531252272769,3.9079711,0.2771738
2017-06-25 09:00:00,35.343920655906686,39.769196,29.25821,15.434489392329459,27.142628,7.1973495,1.9454622981465888,5.9288735,0.22601411
2017-06-26 09:00:00,36.749867702022016,42.078033,29.767487,10.11822813664998,16.12996,5.3243933,2.835660510758081,7.597464,0.32907972
2017-06-27 09:00:00,33.80594267667442,39.25186,27.208893,15.068116575136882,21.86898,5.9702597,2.4652262411205568,6.5900393,0.3570349
2017-06-28 09:00:00,32.983101855465065,37.08316,27.399567,23.687097604030377,37.41232,7.8183775,2.4761551800515145,6.915914,0.37590027
2017-06-29 09:00:00,31.417932166122114,36.60074,26.085114,16.557662269130216,26.47327,6.5084276,1.8859789955979256,4.930893,0.23062442
2017-06-30 09:00:00,33.145002721288904,38.12271,27.831696,15.430612913406735,24.544167,7.95286,1.6896367755406243,3.4129775,0.22079474
2017-07-01 09:00:00,33.980813514343595,38.988434,28.129059,18.350274335468125,29.390259,9.608811,1.7552209840982786,3.1806202,0.18110752
2017-07-02 09:00:00,33.8980933500124,38.02066,28.768707,20.21115534987595,37.859097,8.345394,2.005886820673738,5.0381904,0.653457
2017-07-03 09:00:00,34.037893335199044,38.57193,29.10904,25.260421695310228,40.160942,12.867972,2.059024053483377,4.128423,0.57370275
2017-07-04 09:00:00,35.04592865164864,39.85147,29.636627,20.556194177452824,35.09958,7.7011395,1.9489323723238525,4.729753,0.71342975
2017-07-05 09:00:00,35.24732570382122,40.119293,29.629059,12.98242652959361,21.315853,2.8231726,2.0499401894493174,5.0526276,0.29189706
2017-07-06 09:00:00,35.093549975758435,40.201813,29.676422,14.409782947847315,21.25941,7.53609,1.7956803139968454,4.0099134,0.4578845
2017-07-07 09:00:00,35.7635108083104,40.6149,30.536774,17.836785994036735,25.103706,9.992046,1.6918776714095836,4.0010843,0.06412487
2017-07-08 09:00:00,36.63390077707237,41.828278,30.632233,16.374127124041674,24.47773,8.174309,1.283766735010738,3.319094,0.23673277
2017-07-09 09:00:00,37.488277077631494,42.082672,31.569,15.135330241629736,21.061594,8.354563,1.6901685967034104,4.5585036,0.32555416
2017-07-10 09:00:00,35.51839519026004,41.872223,29.862457,20.500316409169475,27.635614,15.768698,1.8289491562050197,4.3447223,0.21256757
2017-07-11 09:00:00,34.70504352834348,40.944,28.211578,28.507364338974764,39.48007,18.211903,2.2707219647084904,4.9815464,0.28983894
2017-07-12 09:00:00,34.9903392111496,40.440094,28.397125,25.086377934008684,37.13346,16.444576,2.320490382531022,5.8697143,0.31460077
2017-07-13 09:00:00,34.88511186728692,39.97818,29.398102,19.058217341249385,24.360046,13.84442,2.1512429653743763,5.1686635,0.6757932
2017-07-14 09:00:00,34.84315227434206,39.646637,29.140778,21.85529068988293,28.581005,14.837135,2.0420878876404016,4.5861893,0.50394475
2017-07-15 09:00:00,35.23331667282923,40.298004,29.83316,20.08184910950285,28.174767,9.232066,1.7106144961322858,3.6957524,0.24171278
2017-07-16 09:00:00,34.87771509865735,39.51187,29.806793,13.58575612024508,21.941605,8.065432,1.981355020655798,4.672411,0.3597532
2017-07-17 09:00:00,37.17224064286847,41.96646,31.85904,13.68453662256035,20.92855,5.5496435,1.9570980739161579,5.74656,0.054123756
2017-07-18 09:00:00,36.4193173141598,42.730377,30.689362,15.671701847304298,21.363258,7.136696,2.54055864766475,5.6397943,0.15622765
2017-07-19 09:00:00,34.33241208800166,39.683258,28.63443,15.923422617199625,21.618439,8.806322,2.21915785665551,5.399385,0.15995555
2017-07-20 09:00:00,34.45346810780785,39.2211,29.043365,20.22286004229134,25.722301,10.948153,2.088411539077181,5.2888103,0.36929566
2017-07-21 09:00:00,33.31078393732412,38.121002,28.103424,18.86866296446424,28.643047,10.299298,1.8961789852531044,4.411222,0.26645118
2017-07-22 09:00:00,33.11448566811521,37.31314,28.526031,20.329200782698376,30.050022,11.670331,1.4152464255214288,3.3501546,0.21379511
2017-07-23 09:00:00,35.636199528509906,39.58145,31.016998,14.629307693730885,23.742184,5.359371,1.6026641854965373,3.6513774,0.5773451
2017-07-24 09:00:00,37.61696560142451,42.18155,32.216705,19.072546900563932,27.324034,9.882836,2.248848963324073,5.599781,0.8357764
2017-07-25 09:00:00,32.33044274221248,38.275787,27.514313,17.984268147628683,31.44016,6.3776608,2.095331975567367,4.0628896,0.92096335
2017-07-26 09:00:00,34.51152878017086,39.52774,29.584381,24.56388382946763,29.209349,16.717161,1.9611228271230556,3.1550343,1.1382787
2017-07-27 09:00:00,34.13927064745599,39.12198,28.89151,26.987435153028237,38.913956,16.647278,1.9088596466128593,3.6462758,0.70253617
2017-07-28 09:00:00,35.0558181335723,39.994537,29.074615,23.03656871254624,29.223385,14.813228,1.42413020564191,3.4930396,0.32802472
2017-07-29 09:00:00,35.37023830212752,40.6669,29.817291,19.86939394507627,29.414095,9.862536,1.9356991439942413,3.9448931,0.2635038
2017-07-30 09:00:00,36.022356969943985,41.019684,30.082184,15.952739736981238,27.68264,8.464498,1.9687264285046109,4.6052594,0.26960543
2017-07-31 09:00:00,35.98139839122939,40.74356,30.63028,16.514203098021618,24.03996,8.860273,1.8660753813985285,3.785403,0.5872479
2017-08-01 09:00:00,35.78181652540832,40.23648,30.140778,14.847283745262963,20.9128,8.803424,1.3611636704309507,2.263916,0.62048817
2017-08-02 09:00:00,36.27067703027973,41.65689,32.11783,23.07563044556307,32.193687,10.257637,1.0071659864359543,2.3834434,0.07480734
2017-08-03 09:00:00,34.75667122966843,40.92325,29.362701,33.98870275562515,43.498108,17.080639,1.3021168063776225,2.66813,0.096166745
2017-08-04 09:00:00,31.397399073706765,35.743317,25.272125,30.158286655633614,39.922188,17.363356,1.3659677257776242,3.2766547,0.30795667
2017-08-05 09:00:00,32.7194401522072,37.886627,25.417877,33.667917931664775,38.71673,27.435478,1.5342725066780591,4.2607126,0.17907211
2017-08-06 09:00:00,33.597760248672785,39.54898,27.410309,36.8286878670967,45.53526,25.472176,1.7550766358846674,4.1587133,0.32169658
2017-08-07 09:00:00,33.91691487937243,39.759186,27.063873,26.656576675006242,40.573273,16.208136,1.9395908626106095,4.0215583,0.8222388
2017-08-08 09:00:00,33.456559730765605,37.92276,27.707916,32.208103667210445,42.912292,15.078692,1.5679898509344328,3.449018,0.13282068
2017-08-09 09:00:00,33.71752681774274,38.305084,28.318756,26.818576697139513,35.327953,14.480297,1.525819322882165,3.0818295,0.19454764
2017-08-10 09:00:00,34.01139839031856,38.84366,28.49405,30.079213524230518,41.8785,15.812095,1.5934941838290897,3.744982,0.15790406
2017-08-11 09:00:00,34.287776997468654,38.502594,29.088531,26.29507614570795,41.32801,8.585824,1.5126901044069894,3.0416355,0.31107545
2017-08-12 09:00:00,34.057451042327955,38.579742,28.880524,19.297158890639736,29.244007,7.8572884,1.4822015257525216,3.424747,0.30626717
2017-08-13 09:00:00,34.42362331130283,39.34146,28.905914,20.35217932318663,30.70628,9.330999,1.888967306915866,3.9966426,0.19547911
2017-08-14 09:00:00,33.83145647652037,39.536774,27.743805,22.360431474781137,29.731514,12.599906,2.7013863834868883,6.9873085,0.27737176
2017-08-15 09:00:00,30.460672533874742,35.113678,25.156647,31.406025923082634,50.85427,11.423292,3.3700030068570017,7.7801948,1.6942383
2017-08-16 09:00:00,29.235693393821748,33.42227,24.49649,38.47684846350894,59.855385,18.653088,2.06111662582893,4.8881216,0.88054913
2017-08-17 09:00:00,30.81322563318696,34.58072,26.73111,33.28011517070987,45.014076,14.695827,1.3552292764741842,2.7209747,0.3263913
2017-08-18 09:00:00,33.54175444160586,37.729156,28.8815,31.578472260610805,43.866375,10.9835615,0.99115243999049,1.713568,0.13194096
2017-08-19 09:00:00,34.56386606861406,39.3378,28.93155,29.064466690072454,43.25085,5.081319,1.27690624282636,3.0046842,0.030768164
2017-08-20 09:00:00,33.45742496162592,39.11783,27.098297,29.452720236325035,38.25365,12.596967,1.8220118742674338,4.3087363,0.61214757
2017-08-21 09:00:00,32.35907346347176,36.88565,26.870026,31.98316342222806,49.630608,11.587225,1.5970103848620705,3.0292377,0.39970183
2017-08-22 09:00:00,31.756751285153427,36.726227,25.372711,30.837564720070105,50.194664,9.863575,1.1278668818628326,1.8982754,0.5075782
2017-08-23 09:00:00,33.32678047705912,37.847565,27.814362,24.549899043794316,35.75191,13.626365,1.2955578010423907,2.313727,0.27566463
2017-08-24 09:00:00,32.59779759760664,37.872955,27.009674,28.14200169340048,39.9536,12.391842,1.6925803528944292,3.061666,0.6972502
2017-08-25 09:00:00,32.67591424820887,37.35977,27.859772,26.851513403364603,35.124054,18.351503,1.0108145293545179,2.2741454,0.120005324
2017-08-26 09:00:00,34.496555456818214,39.309235,29.019928,22.76493510285409,31.789083,12.09993,0.8317496126050823,1.8024927,0.26953617
2017-08-27 09:00:00,36.90775339513647,41.376617,31.925446,15.092986877399595,22.37857,8.062574,0.7910910232347774,1.7626429,0.31453368
2017-08-28 09:00:00,36.77691181769961,41.991608,31.417389,12.731013138839863,15.564487,10.220737,0.8179017134903159,1.7408475,0.03345712
2017-08-29 09:00:00,37.72549916266854,43.334137,31.968903,12.860453176891182,17.180855,7.9933543,1.1153103119705023,1.8376336,0.16771896
2017-08-30 09:00:00,37.6404868606665,43.49405,31.14444,12.275566849394025,18.662754,5.6509314,1.166777952846915,2.3212812,0.1530005
2017-08-31 09:00:00,35.131658205563554,40.17105,29.602692,19.689943250351394,23.670893,16.06933,1.5255456738275437,3.1599455,0.5849046
2017-09-01 09:00:00,34.375850715307934,40.03653,27.808014,21.230952582127614,25.541237,16.112185,1.4224919812225938,2.6976173,0.47329634
2017-09-02 09:00:00,38.121121104481404,43.394684,31.0607,15.299937731817325,19.485552,9.560269,1.1293250540855293,2.3836179,0.28229088
2017-09-03 09:00:00,38.0671487133917,43.79068,32.357086,17.807379736781446,29.458628,9.677378,1.3310179366511674,2.837702,0.4100988
2017-09-04 09:00:00,34.220738731323024,39.530914,28.726227,39.267504554342516,54.882847,28.054722,1.9527496036786274,3.8251915,0.21618837
2017-09-05 09:00:00,33.879674474468004,37.34268,28.629791,35.99054463111291,57.85244,17.84026,1.6617968986075298,2.768042,0.39212605
2017-09-06 09:00:00,33.06923821576521,37.53189,26.223297,38.14344915997561,52.23717,16.019196,1.7514778022438462,4.0863595,0.7665486
2017-09-07 09:00:00,31.673327205573287,37.05533,25.463531,28.845847384133247,40.528416,9.015129,1.5626059781157844,3.2013903,0.5976466
2017-09-08 09:00:00,31.43964127374977,35.466217,25.690826,29.310850314245442,46.801888,16.523287,1.3335551167234796,2.4499586,0.23105839
2017-09-09 09:00:00,29.88737716594801,34.443268,23.671783,31.989609695877917,53.89865,20.485386,1.0325110462323894,1.6315811,0.16653238
2017-09-10 09:00:00,30.16772643888646,35.5607,23.22403,33.24688803455223,42.1925,23.098469,1.0720195570825835,2.1667662,0.03789411
2017-09-11 09:00:00,32.639598150612755,37.87491,26.960846,25.299319060653733,31.945608,21.570608,1.4697682034176005,3.5785418,0.17070019
2017-09-12 09:00:00,32.268940477236924,36.618073,24.659088,45.95380228907657,55.37535,37.828476,1.187583980208505,2.1832013,0.35305777
2017-09-13 09:00:00,31.105085719793067,35.874664,22.792633,34.74067555389367,54.70953,13.148329,2.1797508347074994,3.9352005,0.26761684
2017-09-14 09:00:00,28.1726951323796,31.681305,23.382477,44.08782076489247,64.91903,16.129969,3.048306799356742,6.852728,1.2853049
2017-09-15 09:00:00,25.400813416733968,30.048492,19.116852,56.48906648879456,77.003136,30.26822,2.707718198829027,7.1006656,0.21329632
2017-09-16 09:00:00,25.687801326599697,30.600983,20.17984,32.80351216458359,45.27213,19.98363,1.1347648575312823,2.813473,0.12222697
2017-09-17 09:00:00,28.1377613430775,32.302643,22.23819,37.01260770083732,52.99578,14.632876,0.9585388719366578,1.8157443,0.27794567
2017-09-18 09:00:00,28.010104168414102,33.404938,22.170563,30.919186092816833,38.9381,17.911087,1.7181919218323194,3.6055236,0.3181802
2017-09-19 09:00:00,27.98482748076674,33.15909,21.957916,35.30625134169991,48.013355,19.329762,3.13230266599505,7.4473286,0.73797834
2017-09-20 09:00:00,24.08102687966891,28.769196,19.008453,35.0711094367525,47.78911,22.464329,2.5634559858417028,6.042673,0.49430346
2017-09-21 09:00:00,24.253760307350717,28.96939,18.397125,40.461408739149206,53.359207,23.128738,3.158168487933701,7.9109793,0.6464032
2017-09-22 09:00:00,18.39714111885354,24.99405,11.427399,38.02602055617498,49.632484,17.545025,1.786525169214872,4.5089207,0.059960686
2017-09-23 09:00:00,19.786036705678725,24.972565,14.115143,37.50946984898922,54.14854,24.093853,0.7836007977788352,1.5719081,0.18010093
2017-09-24 09:00:00,21.112485282726823,26.648346,14.226471,26.271858038643032,33.576492,18.869463,0.9179407629529482,2.2438245,0.18378577
2017-09-25 09:00:00,23.277543215442506,28.953033,17.085846,24.32888945823572,28.615427,20.400536,1.2838354313830673,2.9106104,0.06794441
2017-09-26 09:00:00,24.845253695796487,30.093903,19.226715,22.927868105399046,29.327,18.32818,1.0791073477531499,2.8169525,0.09134942
2017-09-27 09:00:00,26.993398106615132,33.18521,19.964508,20.699433609412306,24.141617,16.721855,1.2808347617353109,3.45947,0.1482341
2017-09-28 09:00:00,28.711087780836692,34.956207,22.389801,17.29265328242001,23.895378,11.650338,0.6557898316896296,1.6301292,0.10889151
2017-09-29 09:00:00,28.392233059150158,34.143463,22.276276,16.759868861152956,20.995537,12.464522,0.7548070650999715,1.5545053,0.30755183
2017-09-30 09:00:00,27.813963479649658,33.022614,21.860504,24.24550663666486,31.018969,14.858812,1.808275654220822,4.703754,0.23121783
2017-10-01 09:00:00,25.41103544829963,29.843903,19.734528,30.080739995661585,45.230114,17.290283,1.9269337807482445,4.3389993,0.42647165
2017-10-02 09:00:00,24.100762311940002,29.39444,18.378815,19.18622799021521,29.85099,9.245521,1.8384603200745988,3.7177432,0.13932009
2017-10-03 09:00:00,22.414682077985788,26.94693,17.148102,17.3840573069611,26.123713,5.174494,1.1027309038187714,2.1913178,0.26607093
2017-10-04 09:00:00,20.622982580819325,24.977203,14.923248,17.728754143934736,29.362682,3.80223,1.5392891978332959,2.6156108,0.8918329
2017-10-05 09:00:00,22.12029480948371,26.311676,18.639801,15.144788036249624,21.219362,8.256125,0.8085756100027365,1.6990904,0.2244005
2017-10-06 09:00:00,24.209513101905372,27.419586,20.433258,11.900692252971508,15.168781,8.306341,0.8791550332213148,2.0473258,0.17384803
2017-10-07 09:00:00,26.376762990125883,29.798737,22.564362,10.35142596951574,13.225347,6.7571335,0.6073800670772024,1.6135503,0.09940033
2017-10-08 09:00:00,28.045855958862944,31.876617,23.810211,10.270703251106866,14.715907,5.83366,1.4052830364927058,3.390083,0.06338581
2017-10-09 09:00:00,25.510911493510378,29.615387,20.357574,13.146842322810153,18.862652,6.741559,1.5863558369325967,3.217704,0.17867285
2017-10-10 09:00:00,22.923923163851555,29.471832,16.760895,10.153926020557211,13.965353,6.605978,2.430716517755028,4.304351,0.38972664
2017-10-11 09:00:00,24.89565671507296,30.165436,18.671295,11.782061007142191,18.720743,9.1485615,0.6925773289131077,1.2449747,0.20283894
2017-10-12 09:00:00,23.793015565807593,27.693512,18.132965,22.326503163583133,32.928226,10.104009,1.850844774943902,3.397773,0.92597157
2017-10-13 09:00:00,20.27561457502088,24.608551,16.235504,12.263111228843934,20.930902,6.165277,0.9903834212854247,1.8396572,0.4738552
2017-10-14 09:00:00,21.609668896991536,26.012604,17.920807,10.741906810425023,16.63498,6.148775,0.8550653565170148,2.0228317,0.25384557
2017-10-15 09:00:00,23.738823970299677,26.443512,19.636871,8.383589573516428,11.414422,6.055047,2.05816145557795,4.3924384,0.48543295
2017-10-16 09:00:00,26.018570088310753,29.926178,20.810944,7.630737804521806,10.391951,5.2669506,1.1085483158436729,2.5151477,0.15701526
2017-10-17 09:00:00,26.946383339341878,30.319733,22.356842,8.855791138004504,13.94465,3.7844937,0.6179550809504633,1.6264627,0.049111333
2017-10-18 09:00:00,26.50817798572018,30.555573,21.401276,17.91206301419931,25.184631,10.887757,1.2752632377888664,3.1081924,0.19156122
2017-10-19 09:00:00,24.867488255680314,28.643463,20.151276,18.811334279336332,31.583368,11.197607,1.304937301132197,2.9424305,0.1962261
2017-10-20 09:00:00,22.543586282474166,27.73111,16.527985,35.35161455793809,57.295662,15.596444,3.336799724443283,8.035194,0.56222236
2017-10-21 09:00:00,16.142210789488672,20.641266,12.127838,37.70837434668295,58.95158,21.12384,2.0273070200943777,3.5941424,0.68216497
2017-10-22 09:00:00,19.718150622755502,21.95401,17.887604,24.21772080962029,28.984343,18.265257,1.2827526423253064,2.6077888,0.21204887
2017-10-23 09:00:00,24.416911224236685,28.610748,21.583893,12.730572013051122,16.189465,9.366526,1.3514786841173398,2.7640488,0.19062205
2017-10-24 09:00:00,27.769562953763455,32.30313,25.066803,15.05203192088533,20.680862,7.6993837,1.7282217098133026,3.850204,0.23241125
2017-10-25 09:00:00,28.59462871508572,31.39273,24.339996,15.0012817619391,18.810616,12.103584,1.1751823504190162,2.613957,0.18757828
2017-10-26 09:00:00,28.743140548246686,31.821442,23.868317,14.442259335379513,20.442833,12.339271,0.5070778603823646,1.027566,0.12666768
2017-10-27 09:00:00,28.531111064360744,31.876862,24.134674,12.147801221659815,15.92977,7.944771,0.534893463632646,1.2941567,0.010857985
2017-10-28 09:00:00,26.787064198864414,29.85025,23.242828,12.375290742829671,16.3816,9.014411,0.6325645094775078,1.343766,0.2329971
2017-10-29 09:00:00,26.405644155170307,29.515533,22.787018,13.960989422359471,20.159687,10.4766,0.6117502625012756,1.7377795,0.095742054
2017-10-30 09:00:00,24.965754952532677,28.651276,20.692291,23.3067894895066,34.60147,13.399933,1.7378853081077288,4.023846,0.72805303
2017-10-31 09:00:00,21.319135667216358,25.03946,16.426178,44.504048089504,60.17421,24.401863,2.1047455896379508,6.2095237,0.6191936
2017-11-01 09:00:00,18.960373573998993,22.037506,15.303619,61.286464605060694,74.489815,40.848343,0.81691194307657,2.0906909,0.08060365
2017-11-02 09:00:00,20.109269532040344,23.112457,15.43277,59.980504319601984,75.8874,36.47334,1.64562315034024,4.8600535,0.19582678
2017-11-03 09:00:00,16.60334267896127,20.400787,11.154694,67.80316133076643,87.87177,45.639637,2.0701364126517254,5.7234,0.01833635
2017-11-04 09:00:00,17.418792150824913,22.078278,11.111481,60.08483602106822,75.33658,36.67259,2.024944312972731,4.871449,0.121939115
2017-11-05 09:00:00,17.62677060671814,22.562439,10.886658,62.00639434592849,79.59273,33.620583,2.464941199376357,6.168256,0.16408646
2017-11-06 09:00:00,15.905376502052036,19.651276,10.598785,38.77637005879429,61.867596,15.66072,1.9882244415122414,4.684742,0.5443423
2017-11-07 09:00:00,17.185574518523367,20.91269,12.014252,27.300522158482735,49.73298,11.986884,1.2287901781087953,2.966895,0.22853965
2017-11-08 09:00:00,19.292429256241235,22.211578,14.254547,34.10476209612694,57.647026,13.334527,0.4991379786952768,1.5096055,0.080887124
2017-11-09 09:00:00,20.882197864974103,25.103546,15.0625305,47.292610624439924,65.53257,27.15821,2.0231214100724575,4.6758304,0.19746704
2017-11-10 09:00:00,19.61077289603446,24.94696,13.386414,58.39720661387508,84.5234,20.188196,2.1667995931656066,4.9429464,0.018578969
2017-11-11 09:00:00,16.769733525122035,21.502533,12.483307,43.70451871411363,70.415474,21.036564,1.3499237492593326,3.2969327,0.29214197
2017-11-12 09:00:00,18.125744944163102,21.437408,14.542877,27.489825610461974,40.18082,12.2192335,0.6425275335066113,1.4606385,0.2141115
2017-11-13 09:00:00,17.40010672514046,20.721344,13.6354065,25.533583726047432,41.143326,14.615313,1.1577168398812234,2.6460834,0.05806714
2017-11-14 09:00:00,17.681327996472476,21.9794,13.100494,34.524926671824225,52.10427,19.840752,1.427845093784472,4.0801945,0.06586608
2017-11-15 09:00:00,17.873586488166893,21.682037,13.80191,24.472231613374642,35.72449,13.875765,0.9873225675356455,2.7438624,0.11209671
2017-11-16 09:00:00,21.3102749129784,24.780914,15.073883,36.605381104115644,49.591713,29.212807,1.7804215938128263,3.970651,0.16506746
2017-11-17 09:00:00,20.696814789569487,25.566559,13.64859,53.24703808513468,62.884857,44.96322,2.467899639580376,6.38054,0.63024664
2017-11-18 09:00:00,15.518034791533978,19.269531,9.3125,27.065513829010953,46.11187,17.307182,1.300752888873649,2.1388745,0.5903376
2017-11-19 09:00:00,15.660141679816718,19.632965,10.539703,14.538351870984672,28.96222,7.7012587,1.2670153468593937,2.722341,0.108103625
2017-11-20 09:00:00,16.644885214597593,20.411285,12.756989,16.781502066339375,34.81461,8.732577,0.7484479996478257,1.8807013,0.059824996
2017-11-21 09:00:00,18.595198537794204,21.596222,14.919952,24.267186808188935,32.195015,13.962711,0.8338780270837144,1.876762,0.16459852
2017-11-22 09:00:00,21.750761718306876,23.414215,17.180908,23.053658720434214,29.217892,19.047752,1.1451626966851465,2.0953999,0.18997398
2017-11-23 09:00:00,23.4775640876976,26.089996,18.201324,22.76168793796324,28.137772,15.84871,0.8737994419061105,2.0496795,0.08836671
2017-11-24 09:00:00,22.980783495276057,25.790436,18.856842,21.315848734384794,27.623888,13.929478,1.2931602078324376,3.1335135,0.2002208
2017-11-25 09:00:00,21.433374953349244,25.434723,17.036285,21.282888329038922,28.288343,10.986233,0.7666005769114426,1.9969612,0.105596475
2017-11-26 09:00:00,22.980879615791537,26.048492,18.277008,20.89359279375203,24.571926,12.200831,0.9008702408901406,1.7879813,0.2868449
2017-11-27 09:00:00,22.793082088006543,26.186432,17.287994,25.455016229000595,39.25697,16.354626,3.5328828142451805,5.9735456,1.6322773
2017-11-28 09:00:00,12.987067064295275,16.485931,9.229889,25.699690593970566,31.063599,21.137817,1.2024209624983173,2.7107673,0.27901706
2017-11-29 09:00:00,14.263591343354847,17.454498,10.890045,22.443005316425758,28.29225,15.73861,1.3384995464213039,2.670919,0.035345737
2017-11-30 09:00:00,15.22987973847546,18.80191,11.725739,19.90531913611178,25.71738,14.147015,1.25135310951066,2.5642443,0.026004476
2017-12-01 09:00:00,15.717011155034527,18.420319,12.510162,24.046535711799045,35.163795,18.89817,0.7154447511208541,1.6454383,0.12332558
2017-12-02 09:00:00,16.219876842762574,18.948395,12.235504,22.60442835808461,30.221123,12.205794,0.8524502667100858,1.8050706,0.08000582
2017-12-03 09:00:00,17.406269390278794,21.999176,12.503082,24.44196706068527,41.37055,15.655704,2.013900710720487,3.5348194,0.9278388
2017-12-04 09:00:00,12.681142781784445,16.669342,7.0326233,28.02758748755932,40.834614,16.130455,1.42579723319283,2.8397386,0.18745273
2017-12-05 09:00:00,11.252684732002194,16.066315,5.1125793,16.90647527078227,29.272324,8.214052,2.5544402359961706,6.279241,0.43403104
2017-12-06 09:00:00,13.057672272592185,17.018951,8.532257,11.1853905195645,14.121448,7.951728,1.5662583538455301,4.01951,0.062111847
2017-12-07 09:00:00,15.299907109666151,18.016998,10.495514,10.59027824286677,12.323126,7.924547,1.810376436654703,4.376239,0.15650493
2017-12-08 09:00:00,15.84994101594691,18.68814,9.858063,11.567907130523167,16.507473,7.1262493,0.9732252789140381,2.393401,0.05393719
2017-12-09 09:00:00,16.18539831198717,18.093872,12.558716,11.456092946691285,14.135905,8.88513,1.07926438838491,2.4193654,0.12711877
2017-12-10 09:00:00,17.499895405315442,19.34729,11.995728,7.769369876264591,9.953856,4.8655863,1.7365389243654317,3.8352225,0.1954758
2017-12-11 09:00:00,16.035061226711093,18.335571,10.820007,6.413549738521801,12.470061,3.372405,1.5431032476537268,3.3359475,0.18778466
2017-12-12 09:00:00,16.17314148713126,18.099518,13.529205,4.553941376854594,9.060157,1.2469158,1.0464455597255768,2.3231568,0.17099774
2017-12-13 09:00:00,16.584473910496285,18.11322,15.128845,3.99847510344707,9.947467,1.9084044,0.9218004959200375,1.9785912,0.12829456
2017-12-14 09:00:00,16.4685461793095,20.05951,13.774353,6.199526514938758,12.403405,3.6903296,0.9569409322538428,2.2340097,0.1724317
2017-12-15 09:00:00,16.539566906635514,19.348297,14.516266,8.900656708351416,16.749695,4.6950064,1.100046323459185,2.746549,0.12640274
2017-12-16 09:00:00,17.70240435883892,21.996307,12.59787,9.086919091839803,16.411264,5.4932957,1.1852814889202554,2.488533,0.031509724
2017-12-17 09:00:00,12.54787251993082,16.138885,7.554901,26.142018472783153,34.458748,16.901243,1.9657720663456106,5.844922,0.10024088
2017-12-18 09:00:00,12.799452862651208,16.934174,7.036194,17.239551580689167,23.614494,13.414664,1.1370802655895444,2.624637,0.15980631
2017-12-19 09:00:00,14.190069794043325,18.020538,9.319366,18.57272217223833,30.952356,11.625225,0.643534660543641,1.6472868,0.09490305
2017-12-20 09:00:00,15.691534652155212,19.002838,10.162994,25.555464928068965,34.722855,19.411858,1.8648614764624474,5.12758,0.23765656
2017-12-21 09:00:00,6.920630214510254,11.523102,1.6057434,34.98130206469238,70.758316,11.508312,1.4510528310336903,3.6943176,0.21659188
2017-12-22 09:00:00,9.009176501591071,12.196136,4.8035583,10.28347898536243,17.596657,5.0539885,0.8289239305681536,1.8282398,0.16221085
2017-12-23 09:00:00,10.962900559081447,14.471222,5.474579,11.100128923332536,28.167881,3.4912758,0.6541606650104128,2.0272915,0.17790711
2017-12-24 09:00:00,12.302652357116642,14.951996,8.250824,12.768146606741682,29.977575,3.8688736,0.7970129663783003,2.1697419,0.034747537
2017-12-25 09:00:00,14.475037568505627,15.661896,11.312286,14.643646792923194,32.252014,6.107483,0.8730357633208947,1.902063,0.108438134
2017-12-26 09:00:00,14.080116855721542,16.239777,10.540558,30.121334326830976,37.389496,15.4926815,0.7799905905952359,1.8877815,0.1366195
2017-12-27 09:00:00,16.175973192719255,18.082245,13.554901,20.78004179334218,30.599022,8.255273,0.6969157025318657,1.9099207,0.11110452
2017-12-28 09:00:00,15.666193423741333,17.881866,12.459991,13.645430282776367,24.814966,7.980503,0.8948368680999436,1.8336781,0.008386007
2017-12-29 09:00:00,17.119723825032622,19.299194,15.678101,11.180704689889986,18.87732,3.9086666,0.8411443995686375,1.9896793,0.119789496
2017-12-30 09:00:00,17.663495761858144,19.472504,13.849457,10.858622596543684,16.900932,6.346244,0.8078945496947901,2.095841,0.17769288
2017-12-31 09:00:00,15.85916359953643,18.509064,11.665314,13.640329663429304,20.01146,9.328892,0.75598898081937,1.9028428,0.08804481
2018-01-01 09:00:00,17.839063960256794,20.942902,12.698761,16.52651414653195,20.804932,12.679933,0.7848933724904467,2.0839703,0.1158011
2018-01-02 09:00:00,16.613078386008397,18.706635,14.2066345,13.081657005569776,24.455103,8.239304,1.0761571350731096,2.1221604,0.22159034
2018-01-03 09:00:00,16.55909001044182,18.476868,11.947571,17.95665735597097,24.165314,11.391875,1.5302891307009283,2.578439,0.46811435
2018-01-04 09:00:00,15.723034689939368,18.398743,11.293274,26.064309184963506,55.174286,13.457363,0.8019953201554844,1.5115339,0.06702698
2018-01-05 09:00:00,18.94289398387002,21.586761,13.600433,59.043722684529044,81.416214,38.72871,1.164293817826077,2.1093001,0.15829253
2018-01-06 09:00:00,17.969622630726747,21.600891,12.602844,48.33990413174155,67.57155,34.73561,1.1456148942139635,2.4685936,0.15226386
2018-01-07 09:00:00,15.626910083798236,19.195099,8.888458,39.00421104452749,63.45954,17.623604,0.9733389532838309,3.0234997,0.124018036
2018-01-08 09:00:00,16.634133591505872,18.842133,11.963226,48.959701460142966,69.99902,35.5782,1.1259104970992426,2.5156174,0.18768978
2018-01-09 09:00:00,12.689156149836435,17.041718,6.283661,77.38119336607784,95.10413,61.876072,2.756851437556869,4.029535,1.042458
2018-01-10 09:00:00,11.728068913344487,17.497467,4.919037,77.75708431044264,88.80977,67.46602,1.7818731130567629,3.2015877,0.76570785
2018-01-11 09:00:00,12.432288523015245,15.243469,8.941559,37.76629991591884,57.214554,16.825521,1.167418535944438,3.0431764,0.30685526
2018-01-12 09:00:00,15.422745815305234,17.115387,12.966949,29.90457635240952,45.744667,16.384369,1.2818898852556253,2.8785417,0.15492727
2018-01-13 09:00:00,15.807129961777719,17.522003,12.518097,22.58203735883272,41.427105,10.154065,1.3828243385289645,2.469365,0.38849056
2018-01-14 09:00:00,17.28942495735828,20.339874,12.279327,20.967935147531705,33.0048,16.071205,1.72858712150703,3.1790638,0.2780912
2018-01-15 09:00:00,17.790539453849988,20.87436,12.198578,22.053661500345765,37.075153,15.072446,0.7629371929169021,1.6280283,0.10529799
2018-01-16 09:00:00,16.69529629802048,19.630707,11.941254,21.731241784841774,39.856293,15.451936,0.7550661171931666,1.680224,0.23997538
2018-01-17 09:00:00,15.41156359091599,18.453888,10.822174,33.50037811434766,42.446625,28.587252,0.7360763755136497,1.8307174,0.029947508
2018-01-18 09:00:00,16.264679952334916,19.261871,12.828278,33.24276690140165,44.112328,27.776009,0.7833439290346506,1.8185589,0.20796418
2018-01-19 09:00:00,19.134410566359406,22.140411,13.3298645,38.348791387596115,61.414337,23.644806,2.0694418840429893,3.9622467,0.80646676
2018-01-20 09:00:00,10.11946145853284,14.814484,4.429718,63.723558439051594,89.225716,37.47962,2.6104221785703503,6.2921724,0.74197
2018-01-21 09:00:00,8.898718478678575,14.711151,2.2839355,40.08356444799688,61.42063,24.000904,1.2101963879297986,3.1993916,0.013967097
2018-01-22 09:00:00,10.463885513999344,14.564178,5.0934753,32.71394474472851,61.69056,17.073948,0.7778044807654281,2.019414,0.042961907
2018-01-23 09:00:00,13.39208409685881,17.06311,8.401001,30.087867558517047,40.723118,19.88718,0.633506479143566,1.8388807,0.08313081
2018-01-24 09:00:00,14.570168419990296,18.005524,10.323883,17.73745356670607,27.724094,8.070104,1.1304042880656362,2.4628944,0.15028869
2018-01-25 09:00:00,16.455456451384975,21.097626,9.759735,21.288066669895024,36.71323,13.083942,1.7700549464946658,3.5199265,0.2778347
2018-01-26 09:00:00,9.962947861282544,16.07669,3.9398499,41.93784808435971,76.58307,24.575357,1.7262386016633096,4.127284,0.33793163
2018-01-27 09:00:00,11.620064026807029,15.344757,6.9703674,27.545792604773045,52.15519,9.959876,0.9674389378990884,1.9999852,0.13402137
2018-01-28 09:00:00,15.275308032516989,17.110931,12.897858,20.943012632752495,30.60014,14.094811,1.5566401006519799,3.4146013,0.11056236
2018-01-29 09:00:00,19.004106830683327,23.023651,15.267792,15.36665512599194,24.004898,12.437936,1.6869491161536478,3.7824142,0.116848305
2018-01-30 09:00:00,19.591274348211073,23.306763,15.248169,15.295962206878126,24.660213,7.62755,1.0369007735525555,2.6424365,0.098222405
2018-01-31 09:00:00,19.677688155066278,22.913239,15.790192,16.383148209752648,31.89351,1.7330151,0.7959644396209555,1.8398832,0.14110744
2018-02-01 09:00:00,19.243546392204962,22.609344,15.330048,14.293844729126723,22.772945,5.847005,0.6761687751931111,1.5481858,0.1024757
2018-02-02 09:00:00,20.062712679242964,22.817444,16.37799,15.829964963147628,21.368164,9.286946,0.7513316459127933,1.7974672,0.112144366
2018-02-03 09:00:00,21.422057848527686,24.352264,17.197968,18.790854385487915,27.17913,12.972067,0.6335795640814889,1.3491974,0.108188085
2018-02-04 09:00:00,22.569249616309207,25.53595,18.147278,19.16147636923206,24.423962,15.521617,0.7690268075660563,1.7780267,0.088312075
2018-02-05 09:00:00,22.59615979933443,26.16806,17.445404,19.002865505984044,24.852722,14.788996,0.5496862585672015,1.245821,0.1341146
2018-02-06 09:00:00,20.93611819598408,24.280548,16.085236,22.110616319398357,34.962105,14.247262,0.7987138583665356,1.8153261,0.14156942
2018-02-07 09:00:00,21.12733129340222,24.35904,16.614899,16.90868926917419,23.827015,10.358124,1.4102503673919784,3.1168854,0.32472178
2018-02-08 09:00:00,21.246868290197483,25.95578,15.311249,15.962519620958641,22.499771,10.083283,0.889462438062866,2.231677,0.07059525
2018-02-09 09:00:00,21.695642767753554,24.787903,17.793762,15.489083883331146,27.789581,9.002942,0.6812114585561816,1.4392486,0.21410537
2018-02-10 09:00:00,20.896419187471906,24.97641,15.884613,26.152857683660933,41.783714,11.354027,1.612112684592658,4.3712726,0.26752678
2018-02-11 09:00:00,18.13378729573577,23.186676,11.846832,12.988277997261598,37.38847,5.2205,1.281703174434061,3.3132586,0.14001824
2018-02-12 09:00:00,17.423882666681607,22.358032,10.252563,17.866136907903265,34.198563,8.854814,2.948819212858835,6.1126065,0.5651302
2018-02-13 09:00:00,11.588771358406632,16.512817,4.2272034,42.996994856108884,51.86016,28.687641,1.0276965604793669,2.094369,0.061995987
2018-02-14 09:00:00,14.750296480163854,19.750061,6.734436,40.296943960495746,51.087307,24.97984,1.6387643717114566,3.278268,0.14963937
2018-02-15 09:00:00,15.399437617108447,21.051666,8.338776,43.090379119638705,54.878708,34.703075,1.118755521511232,3.1242826,0.14474368
2018-02-16 09:00:00,15.082273386269833,19.658844,9.414703,26.007277942160464,41.19396,14.579684,1.5425937182327212,3.5256052,0.31323096
2018-02-17 09:00:00,16.236552566686555,20.480927,11.644989,16.86485783964632,25.590424,10.226806,0.6956363313344522,1.5698336,0.04991984
2018-02-18 09:00:00,19.68314951052122,23.675568,14.386505,20.566549729809488,31.093163,11.921288,2.0662256693746746,5.0082145,0.32525787
2018-02-19 09:00:00,17.18224494654396,22.75003,8.757843,39.54029906144271,54.469006,25.910412,4.866024468681817,9.184612,2.7646692
2018-02-20 09:00:00,6.659273950655461,12.934113,-2.0779724,29.448847162672024,40.83414,18.697422,1.721775533761404,3.0335732,0.30925143
2018-02-21 09:00:00,8.359941136733426,13.684662,1.3038025,30.420159199489355,39.207,21.919174,0.868797163280056,1.6095824,0.08448183
2018-02-22 09:00:00,9.832992118590141,15.755829,1.6874695,34.289279185730635,41.77333,24.06174,1.6789397814358915,3.959674,0.20465864
2018-02-23 09:00:00,10.505228371052283,16.675385,1.0503845,49.300017349974674,69.25802,28.777548,3.4712832355308887,7.1373653,1.6241485
2018-02-24 09:00:00,7.258341959714414,12.873688,0.29019165,29.709707879491067,49.573483,12.207579,1.1431625976580433,2.8168213,0.37226465
2018-02-25 09:00:00,10.634778238059255,15.875641,2.5397034,32.62316874232229,39.302273,20.660465,1.3066680521739236,2.8996127,0.18185945
2018-02-26 09:00:00,13.043081137352146,17.516022,7.787506,28.21020849016262,43.954727,21.532127,1.2427783036922422,2.47811,0.17208634
2018-02-27 09:00:00,12.001578160254155,16.659088,4.6688538,43.163537319809606,74.99956,22.078655,1.950461833725359,4.1206174,0.68979704
2018-02-28 09:00:00,8.037484830515496,12.782379,1.221344,50.23957709049292,71.947464,35.719376,0.9749543580875649,2.3053687,0.21728186
2018-03-01 09:00:00,12.54962485310773,16.169342,4.671295,44.66468957444631,59.136948,33.968952,2.0732309523284145,5.4758577,0.15958825
2018-03-02 09:00:00,14.01349752682961,18.474274,5.105133,66.902367790252,94.54555,41.1482,3.079127883315215,7.376116,0.14361705
2018-03-03 09:00:00,12.699084553899013,18.13443,3.7379456,69.55358589466772,79.67181,49.941338,3.0620197330519963,7.405899,0.3917656
2018-03-04 09:00:00,8.784958009506113,14.078522,0.13516235,58.36377601810488,82.10758,23.07387,2.0036793696330712,5.1719384,0.29748347
2018-03-05 09:00:00,11.032317240010627,14.031647,3.725006,25.570204848783273,52.15574,11.20925,1.942131975480677,4.8437543,0.2751245
2018-03-06 09:00:00,14.780203028808785,18.164703,6.2643127,11.339941038360694,17.657345,7.3629823,2.149735022000612,4.599756,0.66898173
2018-03-07 09:00:00,18.947520990630608,22.60196,9.453522,7.5504854171546265,15.042582,2.9833508,1.3366625148295601,2.645992,0.21770787
2018-03-08 09:00:00,18.76445286423734,23.27359,9.839996,12.230742152990658,21.941174,5.6087875,0.791075838882273,1.9577818,0.1326723
2018-03-09 09:00:00,19.663531444165585,24.393951,10.304108,26.079737320440977,47.524147,12.070795,1.5157429890977534,4.653746,0.09086307
2018-03-10 09:00:00,18.86661948235337,24.12564,9.352203,49.645747228393965,72.08835,23.02975,1.7314400384080308,5.2731986,0.22419114
2018-03-11 09:00:00,13.395067868062085,17.14151,8.162506,73.91251785689809,90.52832,60.84909,0.7812936166708107,1.5455474,0.21778536
2018-03-12 09:00:00,18.40817679647887,21.807526,13.95401,50.70155656915598,61.679523,36.42569,0.6663288055771387,1.0504137,0.051091112
2018-03-13 09:00:00,22.293863095465042,26.572418,16.67398,51.25287563054664,71.91827,32.191704,1.5099283357563384,3.4799092,0.31219667
2018-03-14 09:00:00,19.833639744929542,23.987701,13.569733,66.30683026568754,83.04626,39.026623,2.742862177792332,6.5078006,0.354757
2018-03-15 09:00:00,13.30343357455098,17.608307,6.1825256,57.028297556521906,83.68679,26.246912,3.0045905352291777,6.965221,0.9238239
2018-03-16 09:00:00,12.823270858589353,18.564117,5.5172424,43.165437074388045,60.6648,20.736319,2.528963279476169,6.168945,0.38975546
2018-03-17 09:00:00,11.944881288478712,16.386139,4.870514,66.48159345124162,82.48072,42.236523,2.6397788406159455,6.327165,0.09624668
2018-03-18 09:00:00,10.2592769877092,15.68811,3.1131897,39.7974798506409,63.93856,24.919027,1.5086057755046434,3.8390753,0.24946
2018-03-19 09:00:00,13.055757739398757,15.879303,5.5436096,22.6073100136661,28.221645,12.522347,0.8255455146084787,1.4454352,0.17165054
2018-03-20 09:00:00,18.075758833471866,21.947418,8.439606,21.937993275671605,44.88604,12.050745,0.5300972761854559,1.3756573,0.014093589
2018-03-21 09:00:00,14.581366250793451,20.035065,9.017487,50.95636895116795,77.64587,21.337275,1.353001039359522,3.3631575,0.23419897
2018-03-22 09:00:00,15.136600791912485,19.458405,9.036285,71.40259091354353,87.6011,51.085094,2.132072175186594,4.481814,0.22992894
2018-03-23 09:00:00,16.00737361659685,22.174469,8.48111,53.81042220178959,90.59403,23.433872,1.8860756336656046,4.886864,0.44695398
2018-03-24 09:00:00,15.438031457596367,19.114166,9.049713,37.102614053121904,77.594955,11.668383,2.1719768017702346,5.144714,0.5993774
2018-03-25 09:00:00,13.13341948617358,18.118073,6.3329163,54.13682477868271,68.90253,32.715027,3.3602004528542175,7.0771904,0.8346008
2018-03-26 09:00:00,11.5901966690206,16.660553,5.691803,47.26673169776014,68.19845,22.85704,1.974965256467736,4.1068435,0.26669982
2018-03-27 09:00:00,14.57546045295959,17.66983,9.478424,30.000599056170213,47.422497,12.68446,1.2784546337028964,3.9489152,0.020094566
2018-03-28 09:00:00,18.304087184657647,20.779205,14.395905,25.979560905605908,39.91878,19.912807,0.532877553303499,1.0602663,0.051101707
2018-03-29 09:00:00,21.56199740068172,24.895172,16.863922,25.695391473999827,42.918793,17.691849,0.6909935882651548,1.7402275,0.2220878
2018-03-30 09:00:00,23.005795848685864,27.170319,17.97696,21.2899519345144,38.772602,7.4015064,0.6165030107258946,1.2086229,0.23982646
2018-03-31 09:00:00,24.65649056023335,28.45108,19.093658,23.600242304019396,51.384945,6.970869,1.0308454668907636,2.442662,0.21201077
2018-04-01 09:00:00,23.231147695645973,27.562897,17.07071,23.21771107987687,41.77375,9.37336,1.5064349315601422,3.780169,0.24506046
2018-04-02 09:00:00,23.61568368899566,27.972565,17.367096,27.187418801199787,43.160187,17.117216,2.174907717759167,6.122008,0.26815718
2018-04-03 09:00:00,21.46834932313817,26.532135,15.029205,34.560223210279275,49.252224,16.451443,1.3826136805279094,4.0935144,0.1478711
2018-04-04 09:00:00,23.390859779398568,27.425201,16.93692,24.367870315127973,41.10228,15.610638,1.1492742861533676,2.3058372,0.26231965
2018-04-05 09:00:00,23.51338773431263,27.875397,17.365631,31.097713771321065,44.279476,17.787289,1.7743742848485473,4.5366797,0.06983248
2018-04-06 09:00:00,22.660485470612457,26.993805,16.144196,34.213111620131784,52.771782,19.525688,2.5552905393805627,7.9415526,0.25747767
2018-04-07 09:00:00,20.134751821530415,24.679993,13.806946,74.27336531662834,92.82782,40.557125,2.682615634687125,9.167329,0.18012342
2018-04-08 09:00:00,19.427015583436003,24.446442,12.42691,44.717327449861266,76.53373,13.9742775,2.6618716362031036,5.5425553,0.8482296
2018-04-09 09:00:00,21.1108811598412,25.412506,17.981598,13.126826621385963,36.147892,2.4709358,1.002359688772776,2.4952683,0.2881277
2018-04-10 09:00:00,25.701754752635566,29.544098,20.55191,11.100297684720891,21.873398,7.451524,0.4860997723199185,1.0841094,0.02871109
2018-04-11 09:00:00,28.18190192831048,32.442047,20.88736,25.77778576087539,45.680805,11.920231,2.774924981988883,5.75625,1.3161697
2018-04-12 09:00:00,23.08690167344332,27.715729,16.688385,33.2600333802377,53.12247,15.29044,4.336376580187693,9.04409,2.6869712
2018-04-13 09:00:00,14.785100747191052,19.483063,10.100739,27.918051300221375,48.811737,13.942125,2.679540656626746,4.173225,1.1048241
2018-04-14 09:00:00,19.028520937042913,21.40982,14.837555,14.263559503465487,24.073265,7.4750795,0.7378710675292812,2.0595303,0.14054292
2018-04-15 09:00:00,23.978415703236237,27.771149,17.591461,19.810064397623606,30.438454,11.908752,1.6161063577281989,3.928896,0.29066765
2018-04-16 09:00:00,23.74973277215844,30.276031,15.639313,24.271442830432008,38.82177,18.630365,3.5292436840956123,6.5640283,1.6061742
2018-04-17 09:00:00,12.466415270599157,17.348053,4.8961487,48.91977123086034,79.55317,27.896921,2.6425847078018876,5.6223106,1.6185378
2018-04-18 09:00:00,15.792438368055116,18.281158,10.562653,20.965279267526952,35.142143,12.205912,1.0259902751574403,1.9723688,0.14790046
2018-04-19 09:00:00,19.45268526015144,23.815582,12.282379,25.20716141944632,53.13216,2.4274101,3.3654510779463127,6.921427,1.7899718
2018-04-20 09:00:00,16.877184493851132,21.739655,12.022369,42.112696527208286,61.64982,22.696693,2.352649876832756,5.6983933,0.23691969
2018-04-21 09:00:00,21.90823842150229,24.70523,17.180328,23.011012491081846,40.903053,12.898004,1.0094316947399398,2.0757427,0.15383628
2018-04-22 09:00:00,25.508322178327774,29.786285,19.413239,21.846874909425775,37.937492,11.673142,0.9595178054268596,1.925864,0.18998812
2018-04-23 09:00:00,27.98918809628475,32.67935,20.382477,22.428129130952627,37.661102,15.233166,1.5938907009278331,4.339439,0.25361684
2018-04-24 09:00:00,28.832546342133696,34.06534,21.61026,13.23265687108486,25.022327,3.7918587,1.5281673990061257,3.0871468,0.121119134
2018-04-25 09:00:00,28.24259085538256,33.850983,21.532623,19.379292801893456,29.29599,12.20224,1.6204396107712489,3.3323622,0.8160128
2018-04-26 09:00:00,28.799656726632918,33.499176,22.73941,23.99645373160066,40.528786,9.208474,1.947171207232554,4.2438774,0.9537569
2018-04-27 09:00:00,28.058937242983404,32.662262,21.230621,24.899180670823448,42.39609,9.717437,2.761730001827509,6.108649,1.140153
2018-04-28 09:00:00,22.055147582217103,27.040924,15.579987,35.612252250111126,62.056496,14.8807125,3.269003451280696,7.442681,0.99662995
2018-04-29 09:00:00,19.904374894005798,25.18399,13.0746155,42.391599110804115,62.735287,17.332943,3.507801994550988,8.658125,1.128608
2018-04-30 09:00:00,18.911141780865705,25.02652,11.445465,53.55417193426105,70.87841,24.991693,3.012351835480028,6.2940903,1.0469941
2018-05-01 09:00:00,18.38948090793548,23.291656,11.098297,51.04354806214656,67.816635,27.976788,2.211858664328083,6.00443,0.19913208
2018-05-02 09:00:00,16.497750756901553,22.33194,11.486725,55.81047697500902,71.08064,27.049038,1.4760926464181021,4.742067,0.2207528
2018-05-03 09:00:00,20.84394592260236,26.601715,16.062408,43.36957824214044,57.386784,17.176739,1.5576116976916965,3.167141,0.66572404
2018-05-04 09:00:00,24.439587555603964,29.199371,18.937653,24.561323908227358,41.506912,11.407423,0.6968902890036163,1.6956215,0.034798183
2018-05-05 09:00:00,27.29641679492312,31.903961,20.993805,21.234408464308377,34.418854,12.312302,0.4554111881281004,0.91294414,0.104367286
2018-05-06 09:00:00,28.682685407775978,32.6149,22.241852,17.307481011179142,30.981297,6.5651455,1.6673521519878485,2.842017,0.5402685
2018-05-07 09:00:00,27.126196727066144,31.03897,21.017487,21.2384662924181,38.0611,8.03226,2.0289455190467773,4.4460564,0.55831206
2018-05-08 09:00:00,27.726237443244145,32.076813,23.141266,23.873483809013134,42.45514,11.09264,1.271171843075877,3.328353,0.09956166
2018-05-09 09:00:00,29.262780093095444,34.363922,23.713531,24.570399997207634,39.460117,7.05569,2.3063463804690008,4.848544,0.66203946
2018-05-10 09:00:00,27.905400557600103,32.88907,21.932037,30.194268574832954,46.649635,13.719946,2.5746651359157156,5.7368636,0.5158863
2018-05-11 09:00:00,25.951906297340827,31.08023,19.812653,32.93948797248207,52.251377,19.126377,2.9079273487199093,8.559224,0.0990691
2018-05-12 09:00:00,24.539864477364972,30.90152,17.337067,35.13285643376747,44.5601,19.489788,2.7318487374163403,7.5110836,0.74514544
2018-05-13 09:00:00,22.709316777369963,28.011383,15.046295,37.850829749291904,50.47871,18.525585,2.8374318444039908,6.759452,1.1858011
2018-05-14 09:00:00,23.266934493063616,29.20279,16.527008,47.016457893705834,60.30765,25.140383,2.028502756919931,4.102039,0.9467526
2018-05-15 09:00:00,25.393974685661306,30.84488,18.258942,51.80028038156567,66.36154,26.949566,2.1366761724831935,4.4001274,1.0648584
2018-05-16 09:00:00,25.380180986555786,30.229889,18.765045,45.44858427228612,62.75956,20.28603,2.6989927116375467,4.94816,1.4223791
2018-05-17 09:00:00,22.671102015189945,27.198639,16.239655,40.73412155537958,54.587997,16.98858,2.4986434502229624,5.5120854,0.880512
2018-05-18 09:00:00,23.911378108431848,28.636139,17.433014,44.0249234778246,58.63289,21.730547,1.9757428402744568,5.64859,0.22353868
2018-05-19 09:00:00,25.351664335993007,30.246246,18.800934,50.21226510986582,66.93186,27.728737,2.13481260010059,5.3210354,0.3046533
2018-05-20 09:00:00,25.4854621074698,31.7294,18.11612,38.24796765297844,50.216022,14.911438,2.2283393807800724,4.870407,0.69603026
2018-05-21 09:00:00,24.032369548557256,28.913483,17.737701,44.167277302199004,60.837185,19.16531,2.826399248082113,6.7477417,0.9499888
2018-05-22 09:00:00,22.70880498970172,27.371979,17.463776,46.623891628500864,64.01158,12.25077,1.7656582064334478,4.358226,0.6273346
2018-05-23 09:00:00,25.945714782190862,31.93814,18.356598,45.92722231368631,58.93782,31.54329,2.2289154892839997,4.5795865,1.1156654
2018-05-24 09:00:00,26.67401488815085,31.547028,19.570465,48.33653432673141,60.879436,30.061806,2.137731103526156,4.0526,0.6687583
2018-05-25 09:00:00,24.771616611531385,29.380768,18.441315,43.98814275331378,69.49638,17.365213,3.44026053764464,7.097761,0.93038946
2018-05-26 09:00:00,20.458563269235583,24.56607,14.177399,59.12442949792852,79.21639,28.345299,3.366443292088763,7.097624,1.1073717
2018-05-27 09:00:00,21.509378115922686,27.17276,16.498932,52.93270973817981,65.77335,29.054417,1.7376985295690297,4.6276193,0.19303244
2018-05-28 09:00:00,25.72687323450691,30.24234,20.518463,39.06114109844528,51.60031,20.78238,1.0475489664423097,2.3094602,0.10257354
2018-05-29 09:00:00,30.006775425538024,35.699615,23.54483,24.055412434258105,35.670204,14.240518,1.076045401307831,1.8573076,0.30954042
2018-05-30 09:00:00,31.73356673413923,37.934235,24.244781,20.20120079949574,27.57988,11.072068,2.863735769137875,6.3721504,0.48569658
2018-05-31 09:00:00,27.02216963304329,31.353912,20.725006,31.324867685447046,45.865154,17.740154,3.504273799067251,7.590357,1.9732183
2018-06-01 09:00:00,24.136109639715414,28.655914,19.181305,23.367598030149257,32.018982,13.378212,2.218468613216027,4.546533,1.1232296
2018-06-02 09:00:00,27.741322496616533,31.357819,24.130768,16.333765179458506,30.011742,6.539297,1.0861553797004284,2.633038,0.38077444
2018-06-03 09:00:00,32.682623109517124,37.09073,26.48526,14.330490188481,21.689346,5.9258423,0.9990241725116243,2.034543,0.3267457
2018-06-04 09:00:00,34.77724566108901,39.961823,28.067291,15.284471611937086,20.678894,11.031343,1.8808851230420016,3.9452784,0.5399279
2018-06-05 09:00:00,33.31298478654304,39.156647,26.635162,18.680364680575074,25.126495,11.212434,2.373946452158222,5.0075316,0.23569834
2018-06-06 09:00:00,30.383735766232746,35.700104,24.114166,16.558869720791822,22.694248,9.47142,2.730870222457115,5.735165,0.87998325
2018-06-07 09:00:00,28.464004297140832,32.970367,22.642242,21.967188287361246,30.994335,11.519311,2.745306903106394,5.8487453,1.5304983
2018-06-08 09:00:00,27.767621532088754,32.46768,22.74112,26.721038295310347,40.43427,12.208482,1.8421733479072637,3.9345772,0.20149912
2018-06-09 09:00:00,29.74333482987271,34.18399,24.680084,19.831640133401,34.752956,10.755812,2.4959859092142147,5.211256,0.27560526
2018-06-10 09:00:00,26.395947391729578,31.002106,20.006012,26.94855294198612,49.65182,11.011197,3.589085917688044,6.7487187,2.0396616
2018-06-11 09:00:00,26.0556942122563,30.218903,21.29898,19.123331937760415,34.829926,11.716312,1.55993572753695,3.254814,0.5411102
2018-06-12 09:00:00,30.52636233555819,35.674957,25.757965,16.105531989407645,24.635897,10.514759,0.9778631668300564,1.962816,0.39204574
2018-06-13 09:00:00,33.91465700783897,38.01822,28.213531,18.854407271356294,25.978153,9.7320595,1.3173991069004733,3.1731136,0.36069378
2018-06-14 09:00:00,35.03678543092309,40.27652,28.686676,19.113241467863105,28.701601,11.794391,2.585648409442187,5.9470587,0.45907336
2018-06-15 09:00:00,33.433285897680264,38.2565,27.391266,17.597445818931277,28.64634,9.559222,2.698140839719133,6.0127015,0.38925043
2018-06-16 09:00:00,31.37064876534265,36.539215,25.332184,21.600502488577714,34.76346,6.61502,3.224079327928131,6.936527,0.7408838
2018-06-17 09:00:00,27.141760149601623,32.44864,21.24942,34.565847670927475,49.065933,16.624525,3.9684150672561462,8.755403,1.4516048
2018-06-18 09:00:00,23.952421232034908,28.385895,19.709625,37.88752008149369,56.806217,14.384904,2.519938634245606,5.5271716,1.2020285
2018-06-19 09:00:00,27.835897439098858,31.896637,23.620758,31.510153540690716,44.25517,14.16096,1.2450860710551142,2.4526687,0.29619655
2018-06-20 09:00:00,31.631969011547653,35.52066,26.823395,22.36158956785499,31.227917,10.133387,1.2974745510954775,2.2951882,0.50894094
2018-06-21 09:00:00,34.22124867288278,39.11441,28.452301,12.93274217459102,19.754353,4.007531,1.9347453628198814,4.0361633,0.5248195
2018-06-22 09:00:00,34.50163750919114,39.612946,28.995758,9.452093493513342,16.045448,4.9021015,1.773187500338868,3.7152324,0.11053342
2018-06-23 09:00:00,34.68929474059735,39.78067,28.991608,9.327155650192248,14.310624,0.8747616,1.6322029487867826,3.5048318,0.21771829
2018-06-24 09:00:00,34.980255298113605,40.630035,29.817535,16.373273449178082,23.04143,8.897778,1.7175691889041356,3.955377,0.3015116
2018-06-25 09:00:00,35.00362305786439,39.368805,28.339508,27.936114167091834,38.749405,12.081435,2.5603238803183226,4.8978004,1.4702868
2018-06-26 09:00:00,33.67392774766239,37.64395,28.81192,31.060948875470366,42.22741,13.785521,1.9249097480026918,4.447057,0.19214828
2018-06-27 09:00:00,34.601510633865814,39.437164,29.558258,25.48301191485022,36.34244,14.170566,2.2402120891963184,5.238594,0.286285
2018-06-28 09:00:00,33.80330862208666,38.467194,28.2836,12.45651087044273,19.899805,5.1600695,3.0426052206587975,6.8534884,1.1564989
2018-06-29 09:00:00,31.080451293499948,36.375397,24.978912,24.623910827830976,34.271103,11.071882,2.5479627289133076,6.455719,0.37848184
2018-06-30 09:00:00,31.598180034245786,36.24478,27.308746,26.587353332924923,33.600994,14.968182,1.291368329638331,3.77579,0.10386655
2018-07-01 09:00:00,34.936913007636576,39.636383,29.573883,24.55260397250637,34.00343,10.748803,1.6664494091869675,3.1938078,0.51268494
2018-07-02 09:00:00,35.16446824708686,40.013092,29.138092,27.75723302522342,38.017998,11.786358,2.3058605825406917,5.0077043,1.2003337
2018-07-03 09:00:00,34.0144281025286,38.89151,28.149323,29.827695215097535,40.08122,11.130232,2.7913475786055613,6.4447484,0.9399032
2018-07-04 09:00:00,32.41641294811325,37.11148,26.396637,26.30455148912941,37.14376,13.232796,2.77955455933446,5.2136827,0.71027845
2018-07-05 09:00:00,32.50942186120767,36.17227,27.387115,19.152311476388487,29.961834,6.573251,2.007713218406361,3.5993457,0.7734417
2018-07-06 09:00:00,33.67753002901827,37.87393,28.901276,12.629524982764535,16.787788,7.326852,1.4548466627527437,3.0287058,0.2607959
2018-07-07 09:00:00,36.25122822175183,40.909576,29.573639,14.231144070025575,19.63162,10.016958,1.5499667566355457,2.8982432,0.15062921
2018-07-08 09:00:00,36.490201992503444,41.094635,30.901276,17.765123245355106,21.963192,12.271785,2.1135622063500747,4.71018,0.73927057
2018-07-09 09:00:00,36.37449719170911,42.009186,30.847076,14.879944147656554,19.940218,8.856797,2.3248584696713035,5.3084803,0.3979235
2018-07-10 09:00:00,34.255977123651235,39.11978,28.547516,13.213901740915377,20.064163,9.639216,1.4598151386654779,2.8955762,0.21936677
2018-07-11 09:00:00,34.90427936996821,39.602203,29.932281,20.04481101981196,23.504757,17.352413,1.3238694144348553,3.3034642,0.22979148
2018-07-12 09:00:00,35.13224560122802,40.293365,29.9711,32.07098223712711,39.366432,23.298086,1.6916334481397293,3.6671038,0.4978548
2018-07-13 09:00:00,33.57348331453835,39.84781,25.629059,34.20701180809281,41.44419,25.257603,1.5021424367307885,3.3671923,0.5223193
2018-07-14 09:00:00,34.45155449417604,40.02896,27.314117,34.74946973045165,41.146675,24.745804,2.0050669670221946,4.6874247,0.38421565
2018-07-15 09:00:00,36.10121524965632,41.00406,29.660309,30.76677528509262,38.273716,19.82293,1.7966299293979726,5.0341563,0.45255208
2018-07-16 09:00:00,36.70232769887684,41.319,30.963531,30.39686128206564,37.80727,18.811176,1.989490259814754,4.8561583,0.09429377
2018-07-17 09:00:00,36.385184569112255,41.458405,30.901764,26.67249760126313,31.453773,17.934351,1.908735748932038,4.6905885,0.31614122
2018-07-18 09:00:00,37.553771994926024,42.15445,32.377106,23.776296657448622,30.593979,12.604117,1.579359864396987,3.0438612,0.2232337
2018-07-19 09:00:00,36.148416777158104,41.548737,31.591705,31.490862396927124,39.426605,22.369274,0.9545875188959403,2.8065863,0.024320744
2018-07-20 09:00:00,37.05418834405117,42.714752,30.454987,31.8834306021171,41.531303,19.72754,2.143873559201521,3.9536624,0.5191741
2018-07-21 09:00:00,35.084618849650724,41.183258,27.142242,37.22089879051273,50.35455,21.877544,2.0481251622734966,4.1120605,0.7926621
2018-07-22 09:00:00,33.53266117667897,39.713287,26.65738,39.52835186427034,48.73168,26.813837,1.9257599225556583,3.5057635,0.831101
2018-07-23 09:00:00,34.878849023513226,40.13321,28.131256,35.57951612312321,48.48905,17.738194,1.5421934122051542,3.4478805,0.15361983
2018-07-24 09:00:00,34.85278219798971,39.855865,28.797272,30.108183713847712,44.604282,12.515479,1.8849478862872953,3.9404974,0.46832252
2018-07-25 09:00:00,36.06452300242802,41.87198,29.848541,20.91554145245289,30.61475,9.370624,1.6205402823405046,3.5427568,0.17567217
2018-07-26 09:00:00,36.27480492438872,41.075592,30.386139,17.66056563777581,24.550564,8.299782,1.6730113623808933,3.8934736,0.13537665
2018-07-27 09:00:00,36.995341762912346,41.527008,31.339508,16.558413517588217,21.594662,7.9852858,1.497781729921384,3.4515104,0.35728762
2018-07-28 09:00:00,36.77710075556428,41.628815,31.318268,14.409583081409863,23.466524,5.696993,1.6120185076973697,4.1737366,0.2682643
2018-07-29 09:00:00,36.81448014888622,40.878326,31.458405,15.697848549400502,20.601831,11.035425,1.6648155049271904,4.0470495,0.27910835
2018-07-30 09:00:00,36.40512165666894,41.34268,30.676666,16.806211097540185,23.796612,11.296613,1.771633672665876,4.2769547,0.34750694
2018-07-31 09:00:00,36.18568721675729,40.24649,31.105865,19.38277346279834,27.943544,14.931826,1.6662738167048063,4.2862177,0.19610046
2018-08-01 09:00:00,36.573567613579655,41.56021,31.075836,25.63013983880335,29.260693,20.811474,1.8393217401180733,4.7920127,0.5712527
2018-08-02 09:00:00,36.418628655122006,41.909332,30.442535,21.361800431589543,26.34614,16.563328,2.0757223610547606,4.909833,0.26688638
2018-08-03 09:00:00,36.16735952519588,41.513336,30.349274,16.559572593602024,22.069397,13.038773,2.0422296116675382,4.804615,0.39503315
2018-08-04 09:00:00,35.71695377415159,40.393463,30.373932,11.509342409491603,18.13594,7.002305,1.9338393745402986,5.0105057,0.36252233
2018-08-05 09:00:00,34.51024151253728,40.190094,28.447906,13.959596547448399,19.447493,6.498274,2.4707118672479833,6.490008,0.27682576
2018-08-06 09:00:00,33.315013223695246,37.79483,28.242096,12.46992889033602,21.519258,3.0964136,1.8335644276624907,3.7706103,0.29897255
2018-08-07 09:00:00,33.63602677724134,39.062653,27.64273,11.074548880820995,18.870857,4.13608,1.238524839688018,2.7436845,0.08682554
2018-08-08 09:00:00,35.03221149690876,40.37442,29.347076,11.653272453001962,18.896265,4.6039877,1.4094513178827046,3.219581,0.25036144
2018-08-09 09:00:00,35.94277254201313,39.835114,31.122223,13.29131347590149,19.00704,7.6671963,1.4261557012743202,3.5353336,0.27359268
2018-08-10 09:00:00,36.71570855563749,41.069244,31.82315,15.197584084377434,27.136406,7.8746862,1.7489357158728867,5.2634296,0.2460557
2018-08-11 09:00:00,35.30311302230439,40.468414,30.101227,21.10681809261523,26.12083,13.8231,2.27237431406297,5.514899,0.078809924
2018-08-12 09:00:00,35.00293890910359,39.839752,30.099518,21.060110692128745,27.497463,14.876369,1.859682526209942,3.8722448,0.19784606
2018-08-13 09:00:00,35.18505071273387,40.106598,29.815582,23.344826475674296,33.21505,14.226768,2.3475317508570313,5.5224657,0.8435531
2018-08-14 09:00:00,33.99680344532021,38.69937,28.26773,25.443029435173948,31.409307,15.335881,2.135890924706138,4.5128384,0.614838
2018-08-15 09:00:00,33.98682665059346,38.529938,28.215485,25.15877468575344,31.522152,12.427579,1.9782814025484141,4.099312,0.48397222
2018-08-16 09:00:00,33.3768242178254,38.87271,26.964508,27.597421042915474,33.69568,14.80607,1.7222699354707727,3.9426076,0.61220807
2018-08-17 09:00:00,34.78149562522867,39.850006,29.139069,26.08829536103446,31.420628,13.631566,1.5300559016865443,3.6687648,0.113486685
2018-08-18 09:00:00,34.86701887703589,40.47525,29.455719,29.36551258012102,36.412975,20.193523,1.62543920776626,3.9690711,0.29486108
2018-08-19 09:00:00,35.55777221160582,41.03653,30.247467,20.887132009330188,27.484219,15.028243,1.6361238560347795,3.958144,0.3666198
2018-08-20 09:00:00,36.51006908423841,41.432526,31.219635,18.822494971468924,23.87767,12.906668,1.8500064731534318,4.4516873,0.36501262
2018-08-21 09:00:00,35.082910259029745,39.46158,29.604156,15.761529833672084,27.481396,4.438427,2.4913037467154715,5.345556,0.4573189
2018-08-22 09:00:00,33.06489759347005,36.70572,27.819,20.776404569489717,34.852787,9.096585,2.3776833661217482,5.181651,0.8659364
2018-08-23 09:00:00,33.283373700997174,37.006012,28.121246,21.2551980940111,30.898184,10.135982,2.287289481624573,4.8746467,1.2262744
2018-08-24 09:00:00,32.710600487477166,36.769196,27.388336,26.336671169396762,36.13483,11.00998,2.3255924170204523,5.392591,0.41199753
2018-08-25 09:00:00,31.655532746375627,36.012115,26.59024,24.712475961287247,37.28061,10.671232,1.9273546188695208,4.6628323,0.4133843
2018-08-26 09:00:00,32.49630476744079,36.760406,27.649078,21.230895659822075,33.11978,8.733064,2.1173506845603995,4.98917,0.6409771
2018-08-27 09:00:00,32.579737381129064,37.074615,27.105865,16.672978955712544,33.59728,7.2066545,2.8489404588180554,7.2681694,0.9693102
2018-08-28 09:00:00,31.27509680944746,35.350494,26.008698,27.042164229099154,40.027008,10.112945,2.50660915116825,5.474145,1.2000618
2018-08-29 09:00:00,30.504338246665952,34.273834,25.723053,31.75605518637932,45.071598,16.513006,1.8924064997134704,3.7761045,0.6258875
2018-08-30 09:00:00,31.311618397792984,35.04019,26.33902,14.78404661495818,32.063683,1.2903509,2.297122716000542,4.869642,0.8222849
2018-08-31 09:00:00,29.582655244203067,34.0231,24.614899,18.885158070458715,38.282444,4.45022,2.229471023485024,5.179002,0.20167063
2018-09-01 09:00:00,27.956242092445677,32.588776,22.664948,23.598024874968015,34.343655,9.124398,1.5479415557467369,3.7673504,0.21067888
2018-09-02 09:00:00,30.586429211997995,34.517975,25.709381,25.184657666601844,35.856087,6.9132423,0.8494662556169614,2.1693268,0.16965881
2018-09-03 09:00:00,32.74559122447886,37.162018,28.072174,25.820587139817537,36.208298,7.5291796,1.1697926550269324,2.8119838,0.33229992
2018-09-04 09:00:00,32.56595955278334,37.92227,27.486725,25.04055573785709,34.891758,9.918363,1.1700362090490288,2.1350007,0.26596323
2018-09-05 09:00:00,32.63781267909502,38.029205,26.812408,23.380119200490203,35.64544,12.391874,1.1949333096113657,3.3476627,0.21864201
2018-09-06 09:00:00,32.30371288789405,37.8898,26.983551,26.76554641014265,35.875023,14.324243,1.2477811274061648,2.17789,0.3377414
2018-09-07 09:00:00,33.07626786582739,37.794342,28.159576,20.575895600007804,28.57067,10.319736,1.0965251790107526,2.1697955,0.2686214
2018-09-08 09:00:00,33.77373192737076,38.206207,28.637848,19.175258050094737,24.931313,9.612967,1.3339299345670783,2.4096885,0.44031215
2018-09-09 09:00:00,34.323219752500506,39.14566,28.99527,15.344239833428404,22.092545,7.6198883,1.929671376622991,4.5603204,0.05444808
2018-09-10 09:00:00,33.13944703478586,37.412262,27.906403,12.294096179539373,19.427162,5.226679,1.8362138108110166,4.5456953,0.20433185
2018-09-11 09:00:00,32.08527106065026,37.04605,26.786285,10.184252554983745,15.096179,5.992737,2.0293000821923495,5.36867,0.26440933
2018-09-12 09:00:00,31.64995913209907,36.964752,25.986237,15.2996062603557,21.955235,8.041173,2.4546332117262923,6.751595,0.14321461
2018-09-13 09:00:00,29.351419103608293,34.051178,22.90274,19.09333870562141,27.595243,10.756387,2.39384447450586,4.9066997,0.30326575
2018-09-14 09:00:00,27.77312420878087,32.012848,22.493805,17.931989809643845,26.699322,11.644634,1.585455954938745,3.2581773,0.4118608
2018-09-15 09:00:00,30.037706023322755,33.80191,25.184723,18.872487574489842,31.854465,11.5629,1.7528154433543948,3.8397655,0.5552576
2018-09-16 09:00:00,28.216209415445576,32.325104,23.077057,22.414963811174918,31.563683,11.231651,1.9097510046512125,3.6692643,0.6736558
2018-09-17 09:00:00,28.27515390309395,32.597076,23.804108,18.973206536319132,27.738148,8.055027,1.7111965378071607,3.6608047,0.5095908
2018-09-18 09:00:00,29.321955629300533,33.321198,24.250885,18.81513988019479,31.609735,6.5669327,1.826905674472404,4.118111,0.30788365
2018-09-19 09:00:00,29.077638187117202,33.1669,24.520416,19.78132135638131,31.432312,7.0175476,1.9085795128649141,4.2625875,0.23496991
2018-09-20 09:00:00,27.275786485524918,32.16519,22.600739,15.726458215146595,21.625776,8.215876,1.013230723927873,2.7046618,0.18763378
2018-09-21 09:00:00,30.316331749680955,34.276764,26.05606,18.96570906443563,30.002827,7.4763117,0.528122411564312,1.3775864,0.13617852
2018-09-22 09:00:00,31.64872240218284,36.42984,26.17398,19.525432181760195,26.852345,13.059781,1.2466156616135657,2.4819746,0.34642658
2018-09-23 09:00:00,31.415301518465697,36.309723,25.460114,25.600576775927873,31.86272,19.49944,1.6077770299833603,2.9263942,0.38189027
2018-09-24 09:00:00,31.09614720495472,36.444244,24.852448,20.403947642477473,25.917345,13.139615,1.7854497704510033,3.987904,0.24335065
2018-09-25 09:00:00,30.067294750234055,34.818512,24.672028,18.796148793928186,25.55373,11.995135,0.9096086046493422,1.978433,0.15948837
2018-09-26 09:00:00,31.077895910643292,35.6669,26.452057,16.74314088336816,22.47633,8.09947,1.1668853781887478,2.3992558,0.38884482
2018-09-27 09:00:00,32.538727115856204,38.012848,27.706207,12.589595650909827,18.783314,5.130971,0.734105555211278,1.6509337,0.11758174
2018-09-28 09:00:00,32.862945919385766,37.61563,28.12735,16.92155453536772,23.573063,9.786481,1.1821585816205988,2.132707,0.12760457
2018-09-29 09:00:00,32.085229380515955,36.412994,27.237213,24.103231677509847,37.998825,14.307014,2.3055029196250567,4.180095,0.052716386
2018-09-30 09:00:00,26.224722394558455,29.717926,21.18863,27.81627950781314,38.231094,17.043594,2.1414948382695322,3.8566957,0.58171153
2018-10-01 09:00:00,27.676256694385415,30.392487,23.230377,30.265297531772717,46.743404,17.508728,1.4930889374034848,3.297998,0.14608635
2018-10-02 09:00:00,28.38922735319545,33.049713,22.842682,42.576836696931835,52.190052,35.361927,1.0864213654377048,2.170869,0.11908076
2018-10-03 09:00:00,26.989353678420457,33.47232,18.84732,54.030662208338285,64.52266,42.878124,1.963597488924383,4.5309596,0.17612009
2018-10-04 09:00:00,21.025062312510784,26.327301,14.7836,69.13222125645827,84.94523,52.53869,1.522929853585978,4.967949,0.07513522
2018-10-05 09:00:00,22.019679065001753,27.633453,15.430084,58.978733584986735,71.526726,43.100945,1.7343963214261604,4.0177293,0.27694055
2018-10-06 09:00:00,22.511476872559626,26.703033,16.867096,51.63722445522102,75.96664,35.06039,1.951055685382938,3.953695,0.13467392
2018-10-07 09:00:00,21.22560691898758,27.362946,14.304352,45.84575474778516,58.083744,31.06812,1.3972973888085989,3.2616374,0.08517123
2018-10-08 09:00:00,21.916330308922795,27.912018,15.23819,29.992083557152895,39.931625,20.131882,0.5945968181952948,2.1190066,0.06218985
2018-10-09 09:00:00,23.6381782823143,29.643219,16.569,28.220532912914404,41.053192,14.092308,1.0278765708603304,2.2565618,0.0858159
2018-10-10 09:00:00,23.961450911564214,29.923248,16.809967,33.28177017871121,43.348457,20.375496,1.9198195318952571,5.113088,0.10564701
2018-10-11 09:00:00,22.675250182542698,28.16446,16.025787,45.21968506621836,61.770462,28.028276,2.1076022156679715,4.303794,0.7882163
2018-10-12 09:00:00,21.389214025167348,25.80606,15.972076,46.93674763386026,63.27548,30.185665,1.6477194480851074,3.565664,0.14612633
2018-10-13 09:00:00,23.243367745649152,28.723053,16.6586,26.846175036536888,32.12073,20.796513,0.9872580693817501,1.791491,0.12425943
2018-10-14 09:00:00,23.85426899325347,30.220856,17.759918,28.91225305913506,35.18433,20.875736,1.0204981843176548,2.2400184,0.023261825
2018-10-15 09:00:00,24.466889614472052,30.243805,17.31607,11.342872563537657,26.62397,1.7177191,2.4756366695150285,5.97461,0.5650395
2018-10-16 09:00:00,22.841434213661216,29.136871,16.576324,10.838964802798921,22.070225,0.39095116,1.0710406752913835,3.4869595,0.121789634
2018-10-17 09:00:00,23.055968635382783,28.596832,17.42691,15.295821451979094,22.128313,11.184622,0.6209739842696717,1.9239695,0.05007152
2018-10-18 09:00:00,23.803357752100055,30.110016,16.889313,17.930723705328365,22.347488,14.627667,0.528378392868555,1.0679339,0.055312987
2018-10-19 09:00:00,24.43165896631956,29.98404,18.314117,18.640713334388163,22.438427,15.075146,1.0943382849210834,2.109485,0.041093983
2018-10-20 09:00:00,24.569245991064463,29.304108,18.487701,19.416550193124795,23.968828,14.515145,1.4942384221366867,4.174622,0.025355544
2018-10-21 09:00:00,25.53625385115106,30.955963,18.821198,18.624420772687017,26.745089,14.017008,0.9517887025146778,2.0182087,0.18170512
2018-10-22 09:00:00,24.812323153349325,30.648102,17.700836,23.863283350445954,28.305012,19.00423,0.6729723957901225,1.3271289,0.23459055
2018-10-23 09:00:00,24.42999650627985,29.778961,18.25943,25.82031598900128,31.53029,18.737938,0.6729386333423686,1.701115,0.2526931
2018-10-24 09:00:00,22.83249422487887,27.336334,17.719147,25.99345516319471,32.454163,19.323051,0.9256734477170094,1.7592945,0.25821504
2018-10-25 09:00:00,23.982172268222996,27.53189,19.311188,18.38318200098928,24.274395,8.98219,0.9692118313259941,2.159259,0.3689995
2018-10-26 09:00:00,24.18976494848556,27.26065,20.53775,20.984393873550648,27.799448,15.429846,0.5534147397936029,1.2411234,0.0149156125
2018-10-27 09:00:00,25.802079057450555,28.782135,22.444244,18.352180741592623,25.791754,12.774395,0.5537384059968457,1.457265,0.12181444
2018-10-28 09:00:00,26.40009019106401,30.075592,22.581451,18.515113996179988,27.550152,10.530622,0.8167337374616133,2.030613,0.09342217
2018-10-29 09:00:00,24.607576522460874,29.296783,19.98233,24.40869810491121,36.346825,10.07135,2.186001898496665,4.2955656,0.65446424
2018-10-30 09:00:00,19.099471519433337,23.305817,14.337067,34.57106108813344,50.86606,20.6379,1.6403708320133674,3.745539,0.6899304
2018-10-31 09:00:00,18.93664906709057,22.221588,14.496979,21.240328250398814,32.367264,14.6133585,1.2157994320151218,3.8305786,0.18687022
2018-11-01 09:00:00,20.10323409680359,24.492584,15.646637,16.934864382206538,22.832428,8.308991,0.9471742515224416,2.1712701,0.07523398
2018-11-02 09:00:00,22.193267279399663,25.812408,18.86905,23.424425366245664,28.725182,18.210049,0.6310666200311548,1.4561352,0.09172095
2018-11-03 09:00:00,23.368587199674266,27.672272,18.834381,19.83220487410503,24.534035,16.11031,0.9356180152499323,2.1922104,0.24556877
2018-11-04 09:00:00,22.502076984337123,26.164215,18.558746,18.78522346959575,24.225817,14.244788,0.5564865531310059,1.6293626,0.07424644
2018-11-05 09:00:00,22.96185833704294,26.914215,18.318512,21.920708508754267,35.297157,13.060281,1.3853508364381837,3.473654,0.27435762
2018-11-06 09:00:00,21.821691079066795,26.302887,17.720856,19.867405851096773,28.763348,4.0949497,0.69031291741756,1.5428561,0.25609288
2018-11-07 09:00:00,21.930842443070787,25.09024,17.924225,14.6681134399673,27.795776,0.8209692,0.7482345663351326,1.6939737,0.18556634
2018-11-08 09:00:00,20.782517286902817,24.963531,15.986969,15.6224234104704,24.122635,6.832906,1.0376489054591436,2.3087769,0.23330688
2018-11-09 09:00:00,18.05392962342728,23.07486,11.78775,10.266157843170559,20.149818,5.5873184,2.4771823874567827,5.706046,0.7220467
2018-11-10 09:00:00,18.97142917774329,23.117645,14.32663,8.136627021257505,10.750419,5.4567137,0.7294195553746275,2.3711603,0.17410259
2018-11-11 09:00:00,16.7679850634986,20.186188,12.467438,8.908131888025324,13.759478,5.3169127,0.8514095955489982,2.2634757,0.16259517
2018-11-12 09:00:00,17.047910191786173,22.990814,11.256439,10.473406091766783,13.746306,6.2502127,1.6526769517637654,3.572771,0.41068786
2018-11-13 09:00:00,16.904477797572213,22.357635,11.166229,9.930659813101155,12.51379,5.983885,1.8173530423144386,4.0145326,0.18222854
2018-11-14 09:00:00,16.643625279393746,20.306671,11.853546,11.71330949806024,14.163521,8.184047,1.494260305432257,3.162152,0.22656706
2018-11-15 09:00:00,18.67394691853309,21.62558,14.658783,13.43466810675634,14.999572,10.960825,0.8321860701714884,2.118121,0.0698685
2018-11-16 09:00:00,18.493378825838874,20.833832,15.076019,13.271158296015587,15.248206,10.681873,0.6732948774924813,1.8938704,0.07554567
2018-11-17 09:00:00,19.293485976315253,22.47647,15.033112,15.32076088716379,18.669865,11.056582,0.49110908357236854,1.125586,0.02623055
2018-11-18 09:00:00,19.369213535702613,22.842194,14.3246155,15.848534222452452,19.643137,11.585646,0.6022499182600142,1.6409189,0.17954715
2018-11-19 09:00:00,18.67062131456146,22.104523,13.292023,16.884529357975214,20.70636,13.440734,1.5669207110108405,2.9616227,0.0837594
2018-11-20 09:00:00,16.730993775210095,23.100372,10.934357,13.189472377575049,18.017254,6.562505,1.4359731697246718,2.602746,0.1957564
2018-11-21 09:00:00,18.85291107932494,22.748993,13.15329,14.784059840352697,33.585594,9.0554905,0.8176225561498472,1.7647394,0.2551437
2018-11-22 09:00:00,18.348457162935972,22.909637,11.8862,40.12153668306948,64.75339,23.448704,1.6444799702274477,3.9678912,0.2704191
2018-11-23 09:00:00,15.001115637840883,19.907318,6.1299744,50.25663003019225,67.73676,26.611765,1.9425145185022552,5.4542403,0.23895226
2018-11-24 09:00:00,13.634288874330537,16.333405,8.069733,79.69634747159022,93.85205,53.74658,1.8056733785477177,4.8966136,0.10139947
2018-11-25 09:00:00,15.260827381325669,19.694244,10.027496,57.48553155344468,65.42783,49.666573,0.7749236535483308,1.7918929,0.07547222
2018-11-26 09:00:00,15.961440423030922,19.680939,10.553986,32.78249128988328,44.94876,21.089388,1.3975891642876481,2.9708526,0.37115237
2018-11-27 09:00:00,17.419240230200955,20.60257,12.036163,21.189768805093472,33.277,15.440056,0.7205758922219166,1.839114,0.007974438
2018-11-28 09:00:00,18.193557497597283,21.590973,12.854645,30.37825709513197,46.434566,21.511177,1.4874686643701656,3.7628605,0.076370426
2018-11-29 09:00:00,14.367866102516302,18.008453,7.0436096,77.11505545914412,92.074455,68.37548,2.2419886388323196,5.139229,0.63363785
2018-11-30 09:00:00,11.617800513515306,17.112213,3.8719788,73.64611120259607,89.00043,55.255505,2.500697607144812,6.754509,0.19716915
2018-12-01 09:00:00,11.261778216710411,16.472809,3.5177307,63.732571772739,92.00588,34.38417,2.0790804844958206,4.530517,0.39798743
2018-12-02 09:00:00,9.862702839925419,14.487946,1.542633,69.23019784772742,92.685074,46.891502,2.1905745120451563,5.113611,0.77551216
2018-12-03 09:00:00,10.079557659678642,13.68692,1.7066345,28.13373102633653,46.938545,1.3410578,0.565902314367476,1.6731396,0.05950847
2018-12-04 09:00:00,11.80792584905032,16.595703,2.7949219,25.334533142882147,40.216988,12.568549,2.0248759213294822,4.2816772,0.14350037
2018-12-05 09:00:00,12.744689177241753,18.546478,3.6460876,28.38328794933633,49.793835,16.973522,2.7143153707326135,4.4984303,1.5250893
2018-12-06 09:00:00,9.811062718494895,14.985657,2.1887817,71.99204196104256,87.3828,53.09117,1.891611844646626,3.686724,0.25832132
2018-12-07 09:00:00,10.023327994349529,14.384186,3.354889,72.53383332971447,86.24951,63.890137,1.4619261701877655,3.184363,0.3042064
2018-12-08 09:00:00,12.375049458192336,15.979218,6.5436707,39.35077747441491,59.425014,23.135952,0.976319666649054,2.1066597,0.0657841
2018-12-09 09:00:00,13.34969423857018,15.975372,8.725372,26.51662322807955,45.857296,11.525264,1.1701677399143355,2.336555,0.11186322
2018-12-10 09:00:00,13.237995681138784,15.920258,8.453461,25.028471401828988,44.36323,11.127442,1.268662214628737,2.0723922,0.3869295
2018-12-11 09:00:00,10.860523263993628,12.739288,7.3818665,32.71138722778143,38.68896,18.84807,1.1891949865691656,2.4895282,0.10762654
2018-12-12 09:00:00,12.900427002804747,15.651154,10.2742,28.16876837019467,47.052807,15.970827,1.337190243172937,2.7418776,0.10094564
2018-12-13 09:00:00,13.668126167914522,15.556702,10.877014,15.774568360495687,45.010765,3.3779535,1.0467456985646781,2.118037,0.23998469
2018-12-14 09:00:00,14.757878617211873,19.395966,6.2612,12.011855159813276,34.72756,1.9675913,1.7644199632904292,3.593258,0.14960763
2018-12-15 09:00:00,12.531500865832811,16.435944,6.808258,12.270525555011803,22.92854,6.4962387,1.254518484357097,2.2767975,0.06447885
2018-12-16 09:00:00,15.193940424788195,18.086823,10.965729,18.088805815758004,29.27378,12.534775,1.0225116817843536,2.169452,0.16433291
2018-12-17 09:00:00,16.244094430777807,20.890778,10.427887,26.578316239587398,46.034084,15.807522,1.3524022020902655,2.6182911,0.16476095
2018-12-18 09:00:00,12.981882382079846,16.677887,6.588043,45.62513086276754,68.285194,23.485008,1.2575687991622808,2.9995606,0.3255483
2018-12-19 09:00:00,13.958946040104706,17.006256,10.435944,21.329171056300837,55.364925,11.728207,1.0420597424807327,2.2074213,0.32781363
2018-12-20 09:00:00,15.982199131203686,18.711334,13.0902405,14.005208558961467,38.748276,3.6527014,1.0214965191582093,2.4168308,0.24197072
2018-12-21 09:00:00,15.84028200742722,18.174713,11.299713,18.01174852467925,35.83969,7.929536,1.1200824932560638,2.2977498,0.14901564
2018-12-22 09:00:00,15.198342063111511,20.7482,9.716949,32.96885863656449,53.31448,27.693386,1.036883874498773,2.4160745,0.14461617
2018-12-23 09:00:00,14.164652874209196,18.209625,10.436188,33.34551812681836,41.612568,28.792572,0.7635219863942367,2.1986222,0.09954774
2018-12-24 09:00:00,13.101887991580156,17.434967,8.735748,39.681345637158635,64.61957,27.87738,1.182823948491652,3.4067953,0.33337742
2018-12-25 09:00:00,13.904240436388477,17.482574,8.078278,67.88927900489271,88.19992,43.29367,2.2764487823066997,4.8199043,0.4642693
2018-12-26 09:00:00,10.383478551498627,14.49057,3.6833801,48.86639076804623,77.00344,17.897972,1.4962093118868967,3.8463311,0.25310516
2018-12-27 09:00:00,10.636401698358952,13.868317,4.4151917,46.62234838137438,81.044785,13.50497,1.5228816569890242,3.4430842,0.487819
2018-12-28 09:00:00,8.095597003914293,12.690155,0.05343628,27.346063616088845,57.97714,9.610459,1.4129547571284844,4.0360785,0.24142224
2018-12-29 09:00:00,8.447061982674256,12.719666,3.008728,23.678555892170223,36.009052,14.86095,0.8020995939832373,2.5315986,0.09311162
2018-12-30 09:00:00,9.879675525450068,12.903137,5.774231,23.255705200232388,29.814623,18.52556,0.7971334012791836,2.016577,0.08080891
2018-12-31 09:00:00,11.512836649844132,15.869019,6.0565186,42.139617129939566,64.66401,22.792797,1.1965427847821528,3.605616,0.1576542
2019-01-01 09:00:00,8.30224135918104,12.553314,1.2935486,24.857953451685155,52.996723,4.9463453,1.9364754042531782,4.8537455,0.2779071
2019-01-02 09:00:00,8.419019505853214,13.105377,2.2052307,19.232940473805826,28.900974,10.629887,1.0472263154253063,2.5275562,0.3536334
2019-01-03 09:00:00,10.020938167752718,13.797638,5.021515,24.494935252768258,30.369576,18.27633,1.0618418274102266,2.1346397,0.07653842
2019-01-04 09:00:00,12.48585292163989,15.836273,7.6976013,22.35955495556686,29.257486,16.468424,1.08490458785584,2.2014422,0.20771714
2019-01-05 09:00:00,13.776388680455796,18.35611,7.8072815,18.166074388990634,27.816559,8.25406,1.5236722926877855,3.138425,0.12993877
2019-01-06 09:00:00,8.872706563189979,15.403717,0.71817017,60.96748269402684,80.81651,43.55451,1.1655129058338976,2.4293935,0.23371643
2019-01-07 09:00:00,12.261947733520515,16.538239,5.032379,55.22712867446991,73.0034,31.549122,2.5800831401818654,6.1575484,0.3703865
2019-01-08 09:00:00,15.216789041963182,19.644806,5.847931,45.19927187493811,72.24015,26.557789,1.2644568942055885,2.0628083,0.28859743
2019-01-09 09:00:00,15.216000429799294,21.667847,5.238373,49.738452109769966,61.332886,32.525124,1.619059718599809,3.0481753,0.23338243
2019-01-10 09:00:00,14.369919874845095,17.50772,8.947174,42.68500994908992,60.833115,23.426865,1.0192445723215662,1.8714157,0.13731456
2019-01-11 09:00:00,13.583657587334471,16.505829,8.792938,29.788856488482384,46.75764,13.882642,1.1104539234924016,1.8276196,0.25169355
2019-01-12 09:00:00,14.75251557723584,20.82779,5.073883,43.39242191302246,57.47926,22.32301,2.4651711183363085,4.212328,0.43458214
2019-01-13 09:00:00,10.947699182983172,17.639008,2.599945,50.805048817136715,73.15789,33.017265,1.67582347477523,3.3322685,0.3142097
2019-01-14 09:00:00,12.615643618371053,19.00705,2.9777527,43.40719946661584,58.56273,29.761948,3.6908145853706227,5.9288554,1.675717
2019-01-15 09:00:00,9.345912399464055,15.686127,0.9888611,77.00760009088484,99.69417,46.338005,2.8639927727795675,3.682326,1.4945511
2019-01-16 09:00:00,11.549050257094223,16.341888,4.2950134,64.98573573011069,95.393845,38.041286,1.956140608657467,3.355335,0.45204374
2019-01-17 09:00:00,14.904643777538922,21.20874,5.8220215,79.02805115841267,96.379745,49.586777,2.1476542610600178,4.03583,0.31463423
2019-01-18 09:00:00,12.277673777581697,16.664581,4.623413,61.32937979216333,82.367134,44.847603,1.9181708472489152,4.8936763,0.35323682
2019-01-19 09:00:00,13.997306682976841,17.086823,8.635651,39.74672472130337,52.17112,26.124245,0.7360370434847372,1.7942095,0.11671291
2019-01-20 09:00:00,16.39347518372398,18.611206,11.6698,34.20047264105439,53.25907,24.041054,0.659869201894293,1.3276609,0.09214971
2019-01-21 09:00:00,15.598052456101016,20.005219,6.9895935,52.32545663046133,71.232834,32.736744,3.15098113408777,7.140681,0.9108842
2019-01-22 09:00:00,9.406260591261173,13.75882,1.599823,23.863772481827286,34.210705,14.031175,1.4492179461095516,3.1826613,0.18826169
2019-01-23 09:00:00,11.524488836222247,15.208405,6.477936,16.27834167692233,28.778772,10.217686,1.0338698751274165,2.362642,0.20213933
2019-01-24 09:00:00,13.493901475911173,15.8871155,7.7211,24.91408505307094,41.607,18.392155,0.7939090939779739,1.9978284,0.21178655
2019-01-25 09:00:00,15.09092946180931,19.158356,7.2364807,21.284903875203693,38.423477,9.964878,1.2467900688814357,2.5266845,0.049099863
2019-01-26 09:00:00,16.088324644162356,18.77826,11.442322,12.91253693886431,33.811466,3.073145,0.9180356608766985,2.3697944,0.062231276
2019-01-27 09:00:00,17.42925030056108,21.450531,12.097015,18.05189370196394,30.588196,8.6951,0.9476997337173889,2.4700553,0.23515533
2019-01-28 09:00:00,18.494470340625867,21.516937,13.1770935,21.729683488624662,59.687756,10.04713,0.6964080863129727,1.8603697,0.11897477
2019-01-29 09:00:00,17.30882925251734,20.425995,11.886932,23.05629612248963,55.396034,13.5824175,0.6969064136513772,1.7424375,0.12685405
2019-01-30 09:00:00,15.130192186454053,20.650482,9.007904,36.983820555702046,65.19117,21.909407,0.8404840080292589,2.137586,0.107488625
2019-01-31 09:00:00,17.933428999668195,21.571838,11.677307,39.12232525753935,56.47458,27.135906,0.8567565785344564,1.6007357,0.32372943
2019-02-01 09:00:00,12.001414141459463,16.44992,6.1979675,52.953663090212736,63.399292,40.360268,1.4767030478018635,2.674444,0.24487957
2019-02-02 09:00:00,14.211833643064267,19.474976,7.4300537,60.73290346961426,80.153534,47.38888,2.647289985184144,4.863841,0.49617827
2019-02-03 09:00:00,10.824329087562262,15.674438,2.8951416,77.3378044320319,92.70764,57.167156,2.726032546011788,6.265007,0.24927127
2019-02-04 09:00:00,12.148326113629082,17.128601,4.736023,75.55632637481196,91.68477,58.960854,2.5726634982704577,6.6404867,0.14443046
2019-02-05 09:00:00,10.445286667955543,16.687042,1.8901672,71.28164745627896,90.06015,45.78833,3.051544001078426,6.6243362,0.44801772
2019-02-06 09:00:00,5.752786040814556,10.894196,-2.7933044,58.20752456117064,87.73293,19.178268,2.263786225852658,5.5058684,0.32236737
2019-02-07 09:00:00,6.334627087373747,11.789337,-2.042694,35.392513202994905,54.628967,22.48714,0.7451266033896214,2.1019695,0.12280656
2019-02-08 09:00:00,9.553515093401018,16.358795,0.73965454,39.20082068050119,62.636475,20.802946,1.0592818858958422,2.4552946,0.2669241
2019-02-09 09:00:00,11.007709356731596,16.078888,2.172638,50.63114842400769,69.892715,34.93771,1.6499832625805624,3.9342275,0.14354801
2019-02-10 09:00:00,9.872827445946939,15.476959,0.90078735,63.76994544864802,76.41246,43.83043,2.4716280263484385,6.149899,0.07467295
2019-02-11 09:00:00,5.892263866273083,11.337372,-2.3677063,38.64037955474507,69.502815,14.772631,1.3883998924630354,2.9662328,0.3944094
2019-02-12 09:00:00,8.795007364473804,12.533295,2.4629822,16.714827273406424,46.840813,0.21314907,1.25576838913523,2.4029365,0.12532042
2019-02-13 09:00:00,10.999085964128199,17.69815,2.5829163,10.211476974372909,29.962435,-1.3704281,1.4736119225489344,3.7216537,0.21274915
2019-02-14 09:00:00,12.581935449374498,18.637146,4.559021,73.21534483722112,94.30424,55.60952,2.583800854719759,5.886948,0.46366167
2019-02-15 09:00:00,11.617492137232318,16.675049,3.5168457,68.66298790597504,80.00735,49.42723,3.055520510142166,6.569144,0.6610218
2019-02-16 09:00:00,8.425875765740386,14.199432,0.017791748,67.47532376636967,87.50935,34.194443,2.761276477842412,6.775002,0.51542306
2019-02-17 09:00:00,8.048731671182566,13.276337,-0.7763977,66.68166930594576,82.6825,42.116096,2.482003766181264,6.7484217,0.14672743
2019-02-18 09:00:00,5.987364456243768,11.014008,-2.323883,65.65700412865226,94.10378,37.219887,2.0655942497542865,4.8565674,0.7228484
2019-02-19 09:00:00,6.572656777903035,12.267853,-0.85324097,46.7199478527715,82.49221,14.63796,1.0703112973787452,2.289957,0.07501318
2019-02-20 09:00:00,7.812874431618297,12.2673645,-0.5607605,42.99717319802845,69.347,28.38366,1.7855676575952169,4.610926,0.067002416
2019-02-21 09:00:00,7.561917098762763,12.518158,-0.8158264,67.65184772669936,83.22586,40.948692,1.8221421891133383,4.6063814,0.37777132
2019-02-22 09:00:00,5.583163842812837,11.202942,-2.9843445,40.10478192890022,72.03789,17.55351,1.2456764438815544,3.0060046,0.111214474
2019-02-23 09:00:00,8.867191403969173,12.986938,0.26818848,22.178756635567023,48.94849,-0.25854015,0.6153803151676648,1.7284409,0.07287544
2019-02-24 09:00:00,11.032351155769106,14.556,2.6556091,30.707669588675607,59.44907,5.6331673,0.5544456118405212,1.3777307,0.10671071
2019-02-25 09:00:00,13.712202809466476,16.961609,5.1119995,21.88325292795394,40.78826,11.582073,0.8985092508443961,1.9811203,0.1190914
2019-02-26 09:00:00,17.25787100080538,21.428131,7.955475,30.2605737105859,38.76714,23.922558,1.7243653919309856,3.6262097,0.17652687
2019-02-27 09:00:00,16.950265104612185,21.121246,7.9024963,31.370786754411004,42.569855,19.951767,1.9261404612660662,4.138624,0.657264
2019-02-28 09:00:00,16.004468959018254,19.78183,8.006439,72.38351246524044,89.32782,48.997593,2.2162193971534974,6.077363,0.7404329
2019-03-01 09:00:00,16.1951403636146,20.46228,7.985718,48.34985245639653,77.11082,24.332531,1.8890432094028415,5.640655,0.096399136
2019-03-02 09:00:00,14.341430086667344,18.281464,6.042572,68.85602128358012,81.62042,43.460266,1.9322728532224536,5.9194965,0.30230495
2019-03-03 09:00:00,15.4959409312184,20.988678,6.4691467,72.32680656422706,85.549225,54.97568,2.53276224930812,7.5721436,0.6568442
2019-03-04 09:00:00,15.398261758975707,19.360992,7.8004456,59.70784801642747,82.05409,39.66453,2.311681775528053,5.6801186,1.1483506
2019-03-05 09:00:00,15.503509709732839,20.218079,8.276672,26.776598378230062,54.31157,7.975633,0.9777731284483684,1.7134469,0.3285485
2019-03-06 09:00:00,14.368604946543144,19.209198,5.9631042,72.72838459753851,90.52646,47.536133,2.131607712121075,4.5659876,0.09138393
2019-03-07 09:00:00,14.49907520040631,21.371796,6.3053894,64.14140505757315,84.27189,44.725014,2.1643269734006196,5.4397774,0.36605656
2019-03-08 09:00:00,12.81349601763668,17.037262,5.619293,69.09814081973515,88.81804,46.38212,3.043622945939852,7.2789574,0.88509446
2019-03-09 09:00:00,9.317479157343826,14.923248,1.393219,62.388433352624695,79.39684,39.400673,2.1041830979360934,6.1140175,0.16632448
2019-03-10 09:00:00,11.74854020512214,16.583557,3.8276978,47.99959047781876,59.33754,33.715084,1.8233211328166878,4.2113185,0.20723371
2019-03-11 09:00:00,11.819848282175485,17.1503,4.257721,40.57472386639513,59.920555,27.487494,0.9827817099947795,2.288145,0.32263672
2019-03-12 09:00:00,13.776831625138186,18.636383,6.645172,39.53004075217995,57.019573,25.313519,1.6004221125849654,3.105243,0.5434894
2019-03-13 09:00:00,14.84213579393412,20.118317,6.74527,48.19768641787053,69.66006,15.6336155,3.1061042890115256,6.035622,1.3897184
2019-03-14 09:00:00,12.897411174897513,16.62857,6.216461,27.585115619596078,39.07688,15.849286,1.1006847582985495,3.2293587,0.045922462
2019-03-15 09:00:00,15.39732215422299,21.73233,6.8729553,22.35338422549402,30.478954,12.568798,1.9392262947117491,4.4567685,0.28780296
2019-03-16 09:00:00,16.957291829564156,21.169098,9.016754,24.195436368542016,34.569588,15.880865,1.581935351622954,4.245727,0.13452981
2019-03-17 09:00:00,19.47293732166645,23.243073,13.2899475,22.468957564445137,29.747612,12.780175,1.4082767106217147,3.055948,0.1777239
2019-03-18 09:00:00,21.933145178759332,25.49234,14.464996,27.782049763080437,34.48276,18.29265,0.6509516399721712,2.048356,0.06074091
2019-03-19 09:00:00,22.831953160473347,27.38443,14.368805,26.510484946645217,36.61024,20.301167,0.7493747133376758,2.0683897,0.10271825
2019-03-20 09:00:00,21.38021775768368,27.005768,11.490143,30.70626926715641,46.306633,20.306633,1.8773322451753198,4.235971,0.49049267
2019-03-21 09:00:00,12.379796027500731,17.524078,5.297516,70.25405574788547,84.59028,41.84353,2.273644889231744,6.1114516,0.45761016
2019-03-22 09:00:00,13.993823416021144,19.225739,5.9657288,58.229234899303165,76.01476,38.009434,1.542327498735715,4.1918845,0.11805596
2019-03-23 09:00:00,15.874116973204309,20.31314,9.373688,55.7297972585077,75.975655,33.86628,1.7987287863269186,4.3922334,0.64405423
2019-03-24 09:00:00,14.688229311933299,18.603912,8.771637,30.60282746190278,47.06792,14.450734,1.590889277136072,3.79705,0.5812363
2019-03-25 09:00:00,19.19262647972323,22.917877,12.892487,19.11424094045599,30.083267,0.6715994,0.9546133334892695,2.0246525,0.055004235
2019-03-26 09:00:00,22.386572533723324,27.28891,14.888519,23.523392515205035,42.502216,8.630332,1.7423042872134236,3.1596565,0.6530681
2019-03-27 09:00:00,21.551152528385103,25.907135,14.223541,29.891637073432918,47.241333,11.082025,2.177523718026735,4.8899994,0.2511289
2019-03-28 09:00:00,18.73434713577535,24.150787,10.422272,59.10245115636414,80.81228,42.323994,2.8821730131003527,5.9864798,1.4535806
2019-03-29 09:00:00,17.142765290289844,23.16983,8.972565,46.63950957289591,62.867603,20.414478,2.5747434898936894,5.344282,0.9932173
2019-03-30 09:00:00,16.988144766763696,21.78775,10.4791565,33.62637899498528,61.057022,15.94374,1.3190702552413969,3.0074172,0.12391748
2019-03-31 09:00:00,19.422853774303974,23.84732,13.081696,24.587018501957942,42.115387,13.332644,1.1849776090071225,2.4889212,0.094404206
2019-04-01 09:00:00,22.084575145347515,27.023346,15.199127,24.06741345609652,30.963037,19.213037,0.7534090234669437,1.6146023,0.07473453
2019-04-02 09:00:00,24.23948643557543,29.519928,16.30899,30.207830370743295,42.36445,16.942572,2.1659083988290964,4.2834544,0.286286
2019-04-03 09:00:00,18.617602913370945,23.696198,11.232819,52.14266534654804,67.52642,36.960014,2.791872359627937,6.039627,1.4700145
2019-04-04 09:00:00,20.482935845386862,23.966217,14.399811,52.77706493082448,71.93127,32.314083,1.8526984537348787,4.2755566,0.5361681
2019-04-05 09:00:00,17.78631295959849,21.650055,10.640289,60.66336596071905,81.59241,29.018185,2.549752105428477,6.9182963,0.5873077
2019-04-06 09:00:00,17.023879440314886,22.177643,10.766022,39.97012727637482,59.787086,27.636082,2.0534363748370748,5.5704293,0.32160962
2019-04-07 09:00:00,21.08073404637736,26.274323,13.7743225,36.92767927103015,52.02504,25.485975,1.547245364861941,4.1077323,0.09761392
2019-04-08 09:00:00,24.092667434276223,28.151276,17.399323,30.51581298962714,49.448715,19.788542,1.269851770762562,3.1549761,0.23135397
2019-04-09 09:00:00,25.076092937701958,29.502838,18.018463,44.309446696248386,65.963196,25.247324,3.4587898674549375,6.7740846,1.5613617
2019-04-10 09:00:00,16.560364108699332,22.903961,8.233551,40.2262900359713,66.96392,13.5693865,4.152138734615776,7.353459,2.4770305
2019-04-11 09:00:00,18.026337623554866,24.010162,10.613678,30.442919474175504,56.316605,7.103012,1.821476422099148,4.5539083,0.44950587
2019-04-12 09:00:00,15.655110868940483,21.692047,8.838776,57.671587553530955,77.85829,26.880383,2.5792131008301,4.991932,0.4348557
2019-04-13 09:00:00,19.528722265227657,23.161774,12.7430725,28.89111835423162,41.858307,18.398773,0.622474159322053,1.7211227,0.1771201
2019-04-14 09:00:00,23.571193494498743,28.700836,16.058258,32.142852913947564,43.213478,21.748632,1.7772141976900508,4.702105,0.3309207
2019-04-15 09:00:00,23.90721147035464,30.159576,16.100983,38.49675233481519,47.12647,23.513474,2.9417820251079956,7.0055685,0.9273738
2019-04-16 09:00:00,21.1376954923295,26.926422,13.110016,43.2989361916253,52.936344,31.975407,3.57817787882798,7.987521,1.373646
2019-04-17 09:00:00,17.52866272994345,21.22818,13.544342,35.7185217317236,61.712852,17.365854,1.551666544031999,3.719504,0.6468445
2019-04-18 09:00:00,23.624757153025143,26.10196,18.766022,19.533454812729445,25.599602,12.715037,0.9969360549560428,1.8018028,0.2466983
2019-04-19 09:00:00,28.661639687845366,33.463043,21.666168,21.754832799630407,28.460361,15.593423,0.9587653569464017,1.5191472,0.04533342
2019-04-20 09:00:00,28.15628986270059,33.672028,21.150543,20.883157618573673,30.837017,11.9375105,2.8732668245775224,6.302926,0.90137047
2019-04-21 09:00:00,22.118951626219427,27.427399,14.314117,48.09238737172163,74.15507,25.420692,3.4431853251746767,6.7558794,2.190435
2019-04-22 09:00:00,19.916317654639727,24.790436,14.1041565,41.89430599555326,62.71898,22.735407,1.4162127677899927,3.0084589,0.25039583
2019-04-23 09:00:00,24.38946010810122,28.576813,17.98233,23.730304080027736,35.73831,13.751546,1.6910538644559399,4.5454307,0.24256188
2019-04-24 09:00:00,28.775366272921076,34.146637,21.849762,18.74550323865349,29.213266,7.771676,0.9262223947852893,1.5119928,0.2127546
2019-04-25 09:00:00,30.627967865945436,35.758453,22.647125,23.727426761344187,33.89173,16.911264,1.443300023293346,3.2282996,0.23146999
2019-04-26 09:00:00,30.585816826778,36.375397,22.930084,23.42990634121978,36.93588,10.404943,2.120385356614358,4.813464,0.1415487
2019-04-27 09:00:00,29.502845372173624,35.7482,21.945465,25.009028589268265,35.598854,10.480051,2.6084599461695555,6.1458163,0.4259815
2019-04-28 09:00:00,27.92740866318934,33.830963,20.32315,21.04500754167649,33.803524,6.5814896,2.863428200342484,6.78098,0.85027295
2019-04-29 09:00:00,26.36378993081462,32.47061,19.60733,28.383562733218934,45.233162,12.397226,2.7265039500382677,6.525808,0.36764312
2019-04-30 09:00:00,19.519619805920513,26.177887,13.796539,60.12424188968225,74.12569,33.555378,3.2871997976453007,8.409785,1.0308365
2019-05-01 09:00:00,21.00584954533207,26.089752,13.572174,45.51815989140362,59.201,23.263203,1.9172835981790834,3.7808049,0.9934016
2019-05-02 09:00:00,22.634563572785737,27.80606,15.649811,31.053929930542225,44.831192,16.542131,1.0757253226274113,2.141656,0.24710892
2019-05-03 09:00:00,25.164042240570495,30.194977,18.089508,20.680582825351006,29.009422,13.935203,1.1340128780388044,2.510783,0.15004262
2019-05-04 09:00:00,26.62957064959852,31.951324,18.972809,18.98176683351948,28.913933,14.38557,1.6346328408616966,4.012627,0.17681053
2019-05-05 09:00:00,27.057556904453747,32.97354,19.434479,17.748616399069647,27.334412,6.7535963,2.5984903260784806,5.762389,0.61313885
2019-05-06 09:00:00,22.980763904652292,27.700836,17.00943,33.25928724130799,60.056923,16.568642,3.202928726827726,7.155848,1.589612
2019-05-07 09:00:00,20.426062327735508,27.199615,14.833649,60.1826101015794,82.48543,28.379086,2.3618655852814063,5.5730057,0.22081292
2019-05-08 09:00:00,23.533928645267736,28.538239,17.947174,51.27727840223807,67.02359,23.800447,2.5822889579444563,6.118148,1.1328977
2019-05-09 09:00:00,24.987080034610074,29.92569,18.535065,51.17592436875912,73.89865,22.693218,1.8902248614843855,4.2836933,0.78714794
2019-05-10 09:00:00,21.832978487110893,29.033112,12.275299,61.13248676820482,78.14392,35.15748,1.3078771770381221,3.6956444,0.11670633
2019-05-11 09:00:00,20.111813440460708,23.010895,15.448395,52.53581825801591,69.508026,30.425385,0.9708409204834023,2.16828,0.025175534
2019-05-12 09:00:00,23.60716424870958,28.047516,18.615875,36.70685035363895,57.57626,15.60751,0.8119218972847195,2.0394561,0.035015814
2019-05-13 09:00:00,26.44090182310032,31.342194,19.769928,39.68452906927241,54.527187,14.389114,1.6518854387763404,4.1020346,0.1168562
2019-05-14 09:00:00,26.107936232241343,31.24527,19.292145,32.39284176919189,44.84612,20.63662,1.8718671685902033,4.855188,0.35387447
2019-05-15 09:00:00,25.936402643170936,30.777985,19.008453,39.58020359221042,63.053345,25.10803,2.584415484053124,5.5925326,0.32730693
2019-05-16 09:00:00,21.923421210141385,28.212067,15.39566,47.99095735169048,68.72467,29.071758,2.92018433362336,6.666169,0.28555405
2019-05-17 09:00:00,14.951446935777199,20.291412,7.880768,62.31305524808892,91.779175,29.661839,3.5380032974485407,7.4105744,1.8738512
2019-05-18 09:00:00,18.820520131087164,22.756012,14.082916,37.31660530051687,56.708015,25.392754,1.3746706389765935,3.1915512,0.24378057
2019-05-19 09:00:00,17.81359608807651,22.29361,11.1354065,47.337200549022945,67.91094,20.223442,3.294649918865118,7.7810783,1.3998231
2019-05-20 09:00:00,14.237487864991522,19.02066,6.953766,68.82179541065298,88.77713,31.11472,2.8382278914599297,6.744334,0.8387876
2019-05-21 09:00:00,16.60714488378096,21.939362,9.66983,59.68440059154202,74.9564,31.413311,3.2680491867162105,8.760621,0.49408334
2019-05-22 09:00:00,15.646750116298904,20.601715,7.39859,73.01982076176148,86.928535,34.012436,2.9612940255426863,6.357881,1.2046748
2019-05-23 09:00:00,15.873592181551714,19.95401,9.473297,66.26817028739848,83.93443,47.034874,1.8067518326754537,5.2562613,0.33207425
2019-05-24 09:00:00,18.55063003893042,23.708893,13.230133,54.94796403724311,64.87249,39.87099,1.401731806333244,2.9541738,0.7398523
2019-05-25 09:00:00,22.3436897941329,27.211334,14.992584,44.19885017916955,61.946316,23.114285,1.3937571130989774,3.666364,0.1711684
2019-05-26 09:00:00,22.307464593028158,28.170319,15.389069,39.294516559862956,61.819355,5.349413,3.142403316724427,6.5832343,0.638368
2019-05-27 09:00:00,13.310456452163749,16.955719,7.9198303,70.29748002224676,89.90906,40.330933,2.7952039540745712,6.8834066,1.1656023
2019-05-28 09:00:00,17.716172092611203,22.617096,12.900543,59.029967837594015,76.07779,33.350742,1.9029299807123303,4.316364,0.7070669
2019-05-29 09:00:00,21.78487392490257,26.947418,16.442047,45.2492535004256,62.665165,25.109154,1.267722012547222,3.3483398,0.3884075
2019-05-30 09:00:00,25.6829879092071,30.232086,18.539703,39.38650399881886,61.8152,18.0027,1.3599836338186624,3.3995395,0.3153098
2019-05-31 09:00:00,27.15331634550887,32.85269,19.50113,35.25715626857339,49.263855,19.137531,1.6010278236558955,3.323638,0.29038984
2019-06-01 09:00:00,26.50956190090892,31.930573,18.140533,29.76694553366989,43.00098,13.461139,1.1093439469513409,2.7876635,0.14574274
2019-06-02 09:00:00,25.931720878719602,32.87027,18.875885,27.23803645585841,40.82561,13.584606,1.5998608464979334,3.85921,0.1430892
2019-06-03 09:00:00,26.77491759168538,33.06021,18.946686,35.704044281615374,54.778343,17.842758,1.5099426688648987,3.5102808,0.50380707
2019-06-04 09:00:00,29.6234889623841,35.11978,22.221344,30.590296361226414,46.19146,12.312678,1.2852994648259717,2.7375042,0.42953935
2019-06-05 09:00:00,32.18082349126115,37.194,24.414703,27.599326231856352,38.113056,14.780243,1.394914161550806,2.7261057,0.47324076
2019-06-06 09:00:00,33.09365897063225,40.130768,23.36905,25.31497172106739,38.5791,14.817383,2.870684051181703,6.017038,1.1957216
2019-06-07 09:00:00,30.354872953941424,35.932037,21.992584,29.513982468955554,40.105816,19.176107,3.0433543735248594,6.1682534,1.4889784
2019-06-08 09:00:00,26.165972732288765,30.512115,19.439117,22.326669600903948,41.861862,9.688122,1.9197949389033027,3.1163735,0.93267965
2019-06-09 09:00:00,29.011774575896936,33.113922,22.826813,14.627463390006321,17.39038,11.267633,2.619091936442856,5.492345,0.62580854
2019-06-10 09:00:00,32.901626854363656,38.63443,24.312164,12.22705533824548,16.399559,8.719871,1.7015378603067637,3.2539508,0.4825168
2019-06-11 09:00:00,35.337918787465355,41.32901,27.381744,12.985559337783556,19.313295,7.712841,0.43630946192716585,1.2221001,0.046003405
2019-06-12 09:00:00,36.4854247024079,42.302643,28.20108,20.32983156381965,26.211155,13.384251,1.3049415534939335,2.7480783,0.2775721
2019-06-13 09:00:00,35.508064752315306,40.584137,28.478668,18.957914706513268,24.459164,10.466975,2.757089001565214,6.3217864,0.93058205
2019-06-14 09:00:00,32.701216402094076,39.12393,24.998932,22.690162886917296,33.54168,15.424493,3.2324317952157227,7.211718,1.2077358
2019-06-15 09:00:00,31.82420396191685,37.25357,24.876617,25.00055794827905,31.378159,14.827852,2.1260851710484143,4.4521546,1.0279247
2019-06-16 09:00:00,33.06596039295573,37.841217,26.413483,30.748904403675184,42.1044,14.276278,2.3201158389636927,4.9040046,1.04512
2019-06-17 09:00:00,31.729556346609968,36.007477,25.064117,31.141379969246316,42.000515,10.786889,1.8971586916918481,3.8109863,0.73247105
2019-06-18 09:00:00,32.79919434721023,38.392975,25.021393,21.643093664621535,30.973547,10.04433,1.4304801436237253,2.9295063,0.40926984
2019-06-19 09:00:00,34.1023254124284,40.397125,27.697906,21.029337918654274,34.664093,6.6562805,1.9761058617816951,3.9118016,0.55270696
2019-06-20 09:00:00,35.17563223043459,40.907867,27.98404,27.41018882217827,37.71425,14.412128,3.458631588761041,7.871188,1.2914248
2019-06-21 09:00:00,30.38295154766655,35.799957,24.06363,28.328608678324116,44.832108,13.261797,3.753941468824384,8.691928,2.3204918
2019-06-22 09:00:00,28.03472471241662,33.57657,21.34024,33.21451883450715,52.540314,15.329604,1.553490698841696,3.0326865,0.3751098
2019-06-23 09:00:00,30.411726530593114,35.759186,23.140045,18.425648893665,29.296825,7.935644,0.9301951206199798,1.714604,0.25993237
2019-06-24 09:00:00,32.48762874652681,38.165924,25.25772,18.813343017891274,24.531662,12.224315,1.9716837807134748,3.695176,0.11029036
2019-06-25 09:00:00,32.93825874983929,38.563873,26.296295,21.01111981193095,28.585533,13.225382,2.5667951279152024,5.377667,0.67550504
2019-06-26 09:00:00,31.119142295488075,36.58902,24.530426,26.396226429233355,33.051888,14.668135,3.0687597972912535,5.944995,1.801327
2019-06-27 09:00:00,29.562416862522127,34.796295,22.835358,26.78787311778752,39.519043,13.715897,2.6603175390578615,5.4321795,1.0623786
2019-06-28 09:00:00,28.68215712159605,32.36075,22.714264,24.95478742654127,38.57852,11.566804,2.1899298746593017,4.622562,0.9284452
2019-06-29 09:00:00,29.6776039965888,33.474518,23.531158,21.12929043771318,32.52807,9.477285,1.9805505350616186,4.134224,0.32089695
2019-06-30 09:00:00,31.09856520865509,35.412018,24.958893,22.64570944162338,33.51907,11.747605,2.1139575568490354,5.343227,0.359041
2019-07-01 09:00:00,31.991433174545705,36.372223,25.53238,23.28772893972004,30.663383,12.259765,2.2204486025536228,5.232903,0.70491445
2019-07-02 09:00:00,31.028838940591925,35.8273,24.930817,20.210915399443476,26.746647,10.352117,2.5864425304542946,6.970264,0.43484592
2019-07-03 09:00:00,30.516293801562085,35.7919,23.983307,18.777303356358217,22.80614,12.542162,2.6280412638150814,7.2364945,0.13534327
2019-07-04 09:00:00,30.550508391094866,35.634674,24.085846,22.678639718832,30.762691,11.603565,2.582160410846266,6.658504,0.431779
2019-07-05 09:00:00,31.309641501124588,36.17227,25.455475,22.09506995896573,29.752384,10.850981,1.6477905078554478,3.836361,0.11633415
2019-07-06 09:00:00,33.1077307990779,38.34439,27.01236,24.051102020751117,33.86455,10.04594,1.502943757061317,3.0793514,0.21695383
2019-07-07 09:00:00,33.806033351853785,39.325592,27.266998,22.64979306196431,29.282242,13.033139,2.4766684990559154,5.1184063,0.4253826
2019-07-08 09:00:00,31.05060570222065,36.09146,23.876617,24.19407868098019,29.881231,14.810919,3.228768091355855,7.2885137,1.5585018
2019-07-09 09:00:00,30.124677193739387,35.040924,23.94522,27.862962254855145,35.582947,17.497011,2.311688157079692,5.1347523,0.93196833
2019-07-10 09:00:00,31.639151879605265,35.860504,26.104645,27.928894542303222,37.45578,18.343302,1.658557906594836,3.168949,0.5489675
2019-07-11 09:00:00,33.22242985662359,37.027008,27.860992,27.849917146134764,40.29711,13.577337,1.6187402176145003,3.5069163,0.52773017
2019-07-12 09:00:00,34.68841453583036,38.93277,28.215973,25.155915349072036,34.288086,11.604493,1.5933027056376667,3.2720993,0.056114815
2019-07-13 09:00:00,35.42351536247759,39.552155,29.364655,18.367073478561338,29.726774,6.078023,1.717483531794742,3.6954103,0.3568767
2019-07-14 09:00:00,36.5949497347263,41.31534,30.176666,18.347331274817353,29.689083,9.656091,1.8870116753549109,4.2907605,0.25981423
2019-07-15 09:00:00,35.929624942131284,40.964264,29.372467,19.1250227996781,24.164608,11.70098,2.1564455241686926,5.0356035,0.18763906
2019-07-16 09:00:00,34.13078864617671,39.30435,28.07779,18.359077575685316,25.12727,9.8334,2.3971409407215263,5.7389383,0.19001828
2019-07-17 09:00:00,33.09602925789795,38.16153,27.14981,26.372676974421278,37.94417,11.807452,2.2889419096322507,5.935215,0.29318985
2019-07-18 09:00:00,33.30663283604787,38.089264,27.80606,28.594766271366538,37.615715,17.552288,2.473174154893248,5.3122406,0.8996777
2019-07-19 09:00:00,33.955173499873865,38.815094,28.760406,25.47071185987635,35.005882,14.573411,2.794959598662868,6.0932374,1.4234694
2019-07-20 09:00:00,32.03286924528004,36.799957,27.05191,29.926927073169434,41.28658,17.872517,2.7366592279644943,6.0360746,1.309559
2019-07-21 09:00:00,32.93663231143762,37.063873,27.831451,29.143016399230262,39.843468,15.013946,1.9789538397007562,4.2297273,0.961716
2019-07-22 09:00:00,35.893973305209784,39.2836,30.174225,22.68735731128969,28.768353,13.2893305,1.950552749790639,3.536421,0.76166296
2019-07-23 09:00:00,35.704224843932195,40.56949,29.071442,21.550806074007426,31.003765,13.730967,1.3764363181507127,3.204926,0.248206
2019-07-24 09:00:00,34.95410145151175,40.131012,28.879059,30.779845522891375,37.840073,20.452534,1.2865751876499074,3.3449802,0.2444516
2019-07-25 09:00:00,36.29001864159869,41.77652,28.581207,29.884132831746307,34.815598,21.467943,1.4936837554368805,4.7750006,0.04408548
2019-07-26 09:00:00,32.1271709683067,37.648346,25.39981,30.920262700596336,34.924305,23.863224,1.1970285144704964,2.773806,0.12642178
2019-07-27 09:00:00,35.952604105259354,41.269684,28.882965,25.58279202196078,33.033707,19.424332,1.4755594213746894,3.0167508,0.3031095
2019-07-28 09:00:00,37.22744937490734,41.94693,30.653961,12.32968584857331,20.149502,3.0049715,1.3173979618864753,2.9310327,0.13944423
2019-07-29 09:00:00,37.205713250852966,42.157867,30.468414,6.839956987292408,11.945725,3.6299896,2.4348254005543004,4.760244,0.81231016
2019-07-30 09:00:00,35.87180294551143,40.740387,29.664215,15.53211380358854,29.231752,7.9200687,1.9412867430916791,4.1612015,0.33739704
2019-07-31 09:00:00,34.56744892765181,39.005768,28.665924,15.479620987032089,30.685633,7.289962,1.9516359202504734,4.4595623,0.5246699
2019-08-01 09:00:00,33.93802925116347,38.67813,28.168365,14.091194158921066,24.28384,5.157669,2.1391467478409956,4.1427298,0.76165926
2019-08-02 09:00:00,33.99816309083826,38.57022,28.329987,17.487729635839695,23.639774,9.964456,1.7492604916521326,3.2053409,0.44834718
2019-08-03 09:00:00,33.04801668326047,37.148834,27.594147,19.115288978413673,32.993958,9.031485,1.241246860499002,2.5971558,0.07127025
2019-08-04 09:00:00,34.88052747543088,39.151764,29.009186,17.199039009575216,29.494518,7.179308,1.4589212141415084,3.0429835,0.18821579
2019-08-05 09:00:00,36.36927515612689,40.78482,30.364899,18.561600253109624,28.525429,7.98246,1.7744707795731705,3.6626468,0.48093796
2019-08-06 09:00:00,35.516527815372456,39.434235,29.65689,20.188283533267654,31.73695,13.733045,1.6594957922147098,3.7534902,0.5069835
2019-08-07 09:00:00,35.588422245696734,40.731354,29.012604,15.8805022223528,25.401794,4.862961,1.949880564108175,4.3561893,0.28843117
2019-08-08 09:00:00,32.98220710548145,38.5773,27.596832,17.90080643754864,28.362476,5.757653,2.055372389538152,3.9674838,0.38155296
2019-08-09 09:00:00,32.68303680205946,36.930817,26.39566,24.093149888937656,34.320496,14.507994,2.1045122812167705,4.6499577,0.6199193
2019-08-10 09:00:00,30.988413403295056,35.695465,24.896637,24.84173440258484,35.702045,12.963764,2.1556627401684767,4.910466,0.31550863
2019-08-11 09:00:00,29.74104730643711,34.776764,23.184967,36.18561335710757,56.65012,15.982151,2.2300114636999058,4.873326,0.5124268
2019-08-12 09:00:00,29.308384564308767,33.700348,24.249176,24.57870982787922,39.991985,11.225228,1.2989775257403047,2.9478452,0.19949706
2019-08-13 09:00:00,32.234562523527075,36.50406,26.797028,16.371665677152535,25.17112,8.508036,1.0085484928531474,1.8242126,0.4332312
2019-08-14 09:00:00,34.60304723849157,38.935944,28.891022,16.200815420622728,24.101738,8.506538,0.9281365556478133,1.8515675,0.37079507
2019-08-15 09:00:00,36.21184010831206,40.76944,30.44522,13.645231688106136,21.62114,6.9420033,1.154155375933067,2.474132,0.25086203
2019-08-16 09:00:00,36.73433812016839,41.762115,30.576569,15.043230493671379,23.240314,8.136209,1.9277002341350218,4.7342696,0.47216082
2019-08-17 09:00:00,35.59447422951524,40.86905,29.579987,13.097896948836334,20.069777,6.566766,2.711601313223565,6.1671863,0.2882276
2019-08-18 09:00:00,33.555015510183296,37.935455,28.365143,21.54136402117131,31.976788,12.004717,2.4728046793216443,4.9757457,1.0691893
2019-08-19 09:00:00,32.50058626116919,37.047028,27.209137,23.40923871997091,34.21911,14.73131,2.2116220106093256,4.1006613,0.9387636
2019-08-20 09:00:00,32.40013899665479,36.245026,27.1044,27.193948717003487,41.303677,9.591995,1.8002586550334214,3.4361641,0.5818556
2019-08-21 09:00:00,33.12246268542788,37.588776,28.106354,19.45843339473668,31.083296,5.1873684,1.7052349007291046,3.2596133,0.35699394
2019-08-22 09:00:00,32.46929560497432,38.144684,27.51773,19.106844980270804,30.665747,3.9998074,1.7249374150023935,4.4130306,0.13934323
2019-08-23 09:00:00,32.02693275046113,36.70694,26.83194,27.737332630857995,42.567192,17.059378,1.4831315055964531,3.774491,0.09974267
2019-08-24 09:00:00,34.206342934597615,38.677155,29.393951,31.25301138887611,48.368153,15.271248,1.5782469589749544,2.7133126,0.54498386
2019-08-25 09:00:00,35.405012193354764,40.146637,29.447418,27.347691178852386,39.5179,14.920294,1.6589586047471359,3.5224376,0.5895415
2019-08-26 09:00:00,34.928788428217445,40.23355,28.456207,28.370054255950645,36.095966,19.198399,1.6027646939720273,3.8728518,0.32491338
2019-08-27 09:00:00,34.723208415806596,39.55899,29.793365,27.586701514922186,41.726,18.507935,1.0191854060343026,2.7234395,0.15943344
2019-08-28 09:00:00,36.66298197803542,41.635406,31.604156,25.369216966654275,32.009533,13.486949,1.8061792834430908,3.7411768,0.6285644
2019-08-29 09:00:00,35.088778083837724,39.738434,29.763824,33.30957818305921,42.4514,20.760586,2.175193400812741,4.477668,0.6956837
2019-08-30 09:00:00,33.643631336560645,37.86075,27.970123,24.50584188787627,36.049454,11.022687,2.090808755044782,5.119484,0.06381506
2019-08-31 09:00:00,33.94818437586764,38.520905,28.761139,20.334431253634797,32.01795,9.12245,1.6927537152070185,4.1718636,0.3923146
2019-09-01 09:00:00,35.203724472589954,39.340485,30.127594,15.206117472823351,24.560389,5.146426,1.5432275923063845,3.3576558,0.31395105
2019-09-02 09:00:00,36.19354744897055,41.12979,30.375885,21.48590414178944,27.959913,13.279217,0.8591308379135196,2.0592427,0.21321072
2019-09-03 09:00:00,34.928163667840806,40.68277,27.967926,28.755705332178422,33.27115,22.754425,1.521973869615288,3.597859,0.2928578
2019-09-04 09:00:00,34.59825944459823,39.777008,28.775543,28.904968927707525,34.419434,19.77773,1.3066634572146425,3.3106866,0.2610653
2019-09-05 09:00:00,34.86040706171366,39.782867,29.263336,26.897159063134577,33.22697,17.70744,0.8516386361382469,2.1614132,0.26156768
2019-09-06 09:00:00,33.3714148324205,39.40396,25.736237,32.68180268583662,37.591515,27.618856,1.5068620268207091,3.8303552,0.26718792
2019-09-07 09:00:00,32.55227092727927,37.94571,26.205475,35.451348380637484,46.1068,15.704456,2.062863300553056,4.6743226,0.19973549
2019-09-08 09:00:00,32.57743227005591,37.42398,26.097809,22.936110219499497,34.628468,5.8433113,3.203023072117688,6.8573794,1.3187971
2019-09-09 09:00:00,25.717623156277227,30.463043,20.055084,30.126696452461907,57.735237,12.923022,1.8414996008436892,4.2563367,0.21947898
2019-09-10 09:00:00,27.237946876896785,32.23282,21.256256,35.439076224262045,48.851498,15.617122,2.5442260169879036,6.6164064,0.30923492
2019-09-11 09:00:00,25.33923042082614,30.359283,20.412506,25.554860364772576,42.175446,11.946206,1.819497655457933,4.3033967,0.3676133
2019-09-12 09:00:00,27.534962302975146,31.653961,23.167633,16.674508443584322,22.62601,10.70534,1.5430275906928699,2.996465,0.44386786
2019-09-13 09:00:00,32.10892132605903,37.535553,26.092194,15.047207435482363,20.941849,9.265984,1.0416413991459768,1.9796672,0.23606382
2019-09-14 09:00:00,33.8528630351434,39.158356,28.349762,14.124880466367394,17.88955,10.766488,0.6389027363462005,1.1589012,0.05932492
2019-09-15 09:00:00,34.18733035235687,38.990875,28.194,14.918746267086433,21.926264,11.150026,1.2721526656617324,2.953927,0.19603549
2019-09-16 09:00:00,31.133152477762167,36.44815,24.438385,15.79617017295221,30.545235,7.111699,2.578493232090679,5.149749,0.21854088
2019-09-17 09:00:00,26.08544018416916,31.070465,19.013824,31.733374912020835,48.829292,17.744007,2.4318046037242773,4.3581166,1.1597184
2019-09-18 09:00:00,24.705892170037487,28.766266,19.820953,25.38090425642102,42.03455,7.983285,1.4534858916610958,3.4740646,0.21578471
2019-09-19 09:00:00,26.72607988002835,31.339996,20.584137,31.76411594677247,41.882385,20.597229,2.7913872718275825,6.164301,0.45427525
2019-09-20 09:00:00,22.32182017188569,27.589996,16.228424,32.02279817983582,44.12365,20.740837,1.3572554994168011,3.1716328,0.20101422
2019-09-21 09:00:00,25.028070923079895,29.95279,20.00943,22.12127861850073,35.62992,13.02285,0.9812330467511544,2.1544075,0.12534915
2019-09-22 09:00:00,28.329056088531843,33.169586,22.532867,16.577149474449474,21.132471,12.534815,0.9364348828715385,2.191863,0.17812103
2019-09-23 09:00:00,29.30204426681985,34.318268,22.622955,22.196051522511254,31.562405,14.769436,1.5414062276596152,3.6817873,0.07928521
2019-09-24 09:00:00,28.413690534293607,33.059235,23.670563,20.72393261490125,30.402582,12.786963,1.1684831469397874,2.1142623,0.26454455
2019-09-25 09:00:00,30.64125895543947,34.37198,26.452545,13.790129030625518,23.604027,6.573162,1.146577493861116,3.0857015,0.28693163
2019-09-26 09:00:00,33.52069013045252,39.103424,27.652252,19.572105521954953,25.175014,13.940863,1.173496625125773,3.2891266,0.1593238
2019-09-27 09:00:00,29.11221386555343,34.379303,23.644928,37.857687403547814,51.554676,24.128895,2.541362943287267,5.8164215,0.7066783
2019-09-28 09:00:00,27.002990455106612,31.86905,21.347565,46.93021969200025,70.55464,5.8982544,3.3903447710962116,8.454818,0.85155636
2019-09-29 09:00:00,22.26202841397145,27.728912,15.180084,27.375917373864027,44.352238,9.172009,3.3906343762781077,7.0213976,1.2913215
2019-09-30 09:00:00,17.847837697865998,23.4169,11.014557,39.96770027109958,52.817337,21.123474,2.1832062156667367,5.421056,0.13808693
2019-10-01 09:00:00,17.941124743643172,23.239166,12.036041,34.660777265327624,54.967754,15.310737,1.905538104182725,3.8250873,0.12733106
2019-10-02 09:00:00,19.446828980150883,23.12735,14.749908,20.982779572797295,31.042583,13.516486,0.8116930077239849,1.8462243,0.22746374
2019-10-03 09:00:00,23.090161460495892,27.01651,18.557526,17.44108258301932,26.707085,9.620918,0.8074706807198272,1.985931,0.10907117
2019-10-04 09:00:00,24.237808482545006,28.36905,18.61905,19.598188172849653,27.334211,11.576399,1.9140612715562677,4.5854344,0.22591494
2019-10-05 09:00:00,22.403147984387033,26.533356,19.127106,12.851222429466137,22.924759,2.8939028,0.8480034011337757,2.0735972,0.2499544
2019-10-06 09:00:00,25.79083032995368,28.497223,22.263336,9.749474036844452,12.16773,6.945074,0.9327686915733482,1.9948751,0.18131265
2019-10-07 09:00:00,28.874581791260255,32.85562,22.771637,10.694028345020381,15.211747,8.740086,1.0395825180069718,2.330815,0.14623624
2019-10-08 09:00:00,29.260380083827215,34.287994,23.54776,14.408300639693216,20.059607,9.941942,0.7976133245610881,1.8996886,0.060155842
2019-10-09 09:00:00,27.86926905036694,32.511627,22.185455,18.596554837445762,25.085495,7.002739,2.334136221629196,6.5786586,0.14150697
2019-10-10 09:00:00,23.82539552539083,28.44278,17.216217,15.882489704785543,22.148296,11.910016,1.392940443675141,2.7265754,0.15237314
2019-10-11 09:00:00,20.775831244784854,26.876617,14.402008,7.844097318438365,17.098553,3.9651003,2.6935112205071396,6.17045,0.39155734
2019-10-12 09:00:00,22.63940550730024,28.470612,16.464752,7.049936597696432,11.496028,3.5899515,1.1520092863843063,2.4942732,0.074543305
2019-10-13 09:00:00,24.221930550752802,29.27066,18.421051,8.265057284585982,13.726356,4.968543,0.6742658189727391,2.0115633,0.07221555
2019-10-14 09:00:00,24.268830423183374,29.699371,17.769684,13.116741492371064,17.188251,8.6427,0.93663558974659,2.1904213,0.14775135
2019-10-15 09:00:00,23.40638656278628,27.846344,18.723297,12.56401350202854,17.916508,7.1665087,0.7160946564728253,1.851005,0.10866852
2019-10-16 09:00:00,25.78207001770494,29.379547,21.863922,12.481784876895608,17.551428,5.8044357,0.8688745699920585,2.0107791,0.22597365
2019-10-17 09:00:00,25.154295912493808,27.87857,20.612946,22.174586325095923,29.96936,17.309204,1.8362610557531418,3.3172958,0.5210145
2019-10-18 09:00:00,18.460396718564823,23.642242,13.025055,34.7725519502128,64.49148,20.198507,2.5104850714454403,5.061015,0.7654282
2019-10-19 09:00:00,19.02318249129013,23.154694,13.922272,27.956983741643125,49.923,9.453872,1.356443690086609,3.7657087,0.039122216
2019-10-20 09:00:00,19.423019764606863,24.05191,14.423248,33.35378016941356,52.671253,18.325829,1.6771477619079722,3.9087243,0.43320403
2019-10-21 09:00:00,21.302061127243576,24.50357,18.259674,31.953536746642914,53.35243,20.760986,0.6665497212779843,2.1311297,0.03925574
2019-10-22 09:00:00,25.03793096749024,28.566559,21.615387,23.433826279820376,30.485386,17.712563,0.7644649104726865,1.8560959,0.115021095
2019-10-23 09:00:00,26.248098799157674,29.564117,22.355133,16.114790904430308,19.72395,11.178823,0.8416441334038871,2.0830734,0.12130803
2019-10-24 09:00:00,25.384150866875927,28.483795,20.49942,9.70839798439787,12.56047,6.6385946,2.031802185191395,4.43142,0.42740023
2019-10-25 09:00:00,27.069860282045624,32.566315,20.954987,9.075717141217753,13.539291,6.6578627,1.7838122025483065,4.119439,0.38102105
2019-10-26 09:00:00,26.837021726625835,31.41275,22.051422,11.409932953036053,18.695627,7.2776585,0.6939383921549328,1.2482983,0.19251251
2019-10-27 09:00:00,25.494493390314346,29.805573,20.018463,17.434715784177754,21.486687,12.553093,1.31047198305675,3.8440378,0.4064028
2019-10-28 09:00:00,17.69035700218211,23.745667,8.784729,16.176193416549246,21.433315,7.7809706,2.300446798348635,5.7633176,0.44855723
2019-10-29 09:00:00,17.764772540232002,23.376556,11.946869,13.372384099082096,19.910173,8.464861,0.9679386121405774,2.1253831,0.1349244
2019-10-30 09:00:00,17.733836625591096,22.04953,13.156952,10.596059621585518,16.03144,4.941598,2.621313465781851,6.099603,0.53019756
2019-10-31 09:00:00,15.499466947989447,22.699738,9.384186,5.900254218111496,8.755718,2.1763573,2.627975161462812,4.8314505,0.23494789
2019-11-01 09:00:00,17.23506539919282,21.82901,13.053619,4.248753842839471,8.551753,2.4189405,1.286067715499115,2.72493,0.18782601
2019-11-02 09:00:00,20.021396152276225,22.867584,16.90274,4.933023699598511,7.9726334,3.1850367,1.293885761686931,2.6351736,0.3365575
2019-11-03 09:00:00,22.164027808014907,25.37613,18.356598,6.523089750151511,9.49092,3.722886,0.7518476565033521,1.6637543,0.08444501
2019-11-04 09:00:00,23.266284064228046,26.041412,19.660553,7.347228101435642,10.916325,5.165908,0.4557258675173065,1.355903,0.058080636
2019-11-05 09:00:00,23.295577358972764,26.010895,19.860504,9.171309315397332,12.795608,5.89717,0.5820961873728677,1.7511648,0.08472897
2019-11-06 09:00:00,23.74268059516106,26.375153,19.552887,13.120074133987051,16.520931,10.816385,0.5328339677881847,1.5205487,0.096896216
2019-11-07 09:00:00,22.751788605627496,25.80539,18.58664,13.38306320879441,15.823657,11.168631,0.5490472451278714,1.2127569,0.046754584
2019-11-08 09:00:00,23.787803167813763,26.479645,19.08902,14.282930107963772,16.98136,12.322607,1.0187520235693466,2.1410894,0.053297598
2019-11-09 09:00:00,23.54220780346685,26.739655,19.423248,13.083019615079298,19.981771,8.108733,0.8877252536218572,2.109367,0.034170512
2019-11-10 09:00:00,22.392782727749648,25.50357,18.366852,12.049090474368489,23.121712,6.8531675,0.6145843816771352,1.4666883,0.045342725
2019-11-11 09:00:00,21.270049732652808,23.708282,18.031342,12.178384329600858,15.59222,6.050894,0.5663714998864208,1.325072,0.02954083
2019-11-12 09:00:00,22.89787805098524,25.425568,19.577911,13.7824885159694,17.238403,10.996216,0.7855765640372736,1.6439611,0.075831205
2019-11-13 09:00:00,23.264380564673843,26.131866,19.874054,16.276743045708955,20.664038,11.925091,0.5963655628370215,1.1631436,0.22307137
2019-11-14 09:00:00,21.962589404106552,25.238861,18.326752,16.822186748476824,22.780773,12.269053,0.8117603047522155,1.9970609,0.059575494
2019-11-15 09:00:00,21.44282801739115,24.230865,16.935944,30.35109868076387,42.49762,14.27108,1.617679963003018,3.0921347,0.5417723
2019-11-16 09:00:00,18.13543218307001,21.89737,15.981598,24.713091297539357,32.036243,19.496002,1.0316365205316125,1.8855582,0.18819478
2019-11-17 09:00:00,20.873488816651275,23.91861,18.28189,16.36140357491626,20.975666,13.103456,1.103310889164238,2.6239965,0.1303568
2019-11-18 09:00:00,22.619059020873806,25.735016,19.842438,14.121787542469324,16.757637,8.812324,0.8008865547377556,2.0239906,0.098644786
2019-11-19 09:00:00,23.147323523121543,25.59903,19.434967,14.096999401113948,17.028715,8.34512,1.1042409463853164,2.140791,0.17783818
2019-11-20 09:00:00,21.342271253908734,24.926422,15.2916565,33.96906003953261,56.62902,15.961052,1.7236052408048754,4.010211,0.30140337
2019-11-21 09:00:00,10.891101209767783,15.17984,4.33609,70.63460655689104,78.262405,58.647945,1.0600645065695953,2.4478543,0.28952557
2019-11-22 09:00:00,14.21362914865955,20.158997,7.291809,55.62827382583676,75.33335,43.605587,0.6885776144984247,1.4295564,0.25658444
2019-11-23 09:00:00,15.266037882495368,20.975006,9.076569,51.391876038178864,60.077312,45.896103,1.6317732448837654,3.7351587,0.26150995
2019-11-24 09:00:00,16.07706288780048,20.797028,10.691559,26.592343511385593,43.60596,18.515526,1.337098978945575,3.1180854,0.19099575
2019-11-25 09:00:00,16.941029165665213,20.756744,12.854401,20.472315074801948,37.74227,13.50579,1.5298582981878934,3.1817813,0.46560717
2019-11-26 09:00:00,12.044725008389833,17.871735,4.268219,29.444968025706835,50.75113,12.87613,1.6747922594068023,2.9973876,0.42574063
2019-11-27 09:00:00,10.394330180632949,14.985504,4.542145,23.175627681576277,36.241966,11.1052475,2.087093634723843,4.33548,0.068938814
2019-11-28 09:00:00,6.822656729776384,13.195862,-1.9232788,65.45645345599499,87.42595,47.34825,1.072818544944933,2.0355911,0.33835718
2019-11-29 09:00:00,4.604000050877573,10.858002,-3.5853577,77.00018926178828,91.4695,62.430435,0.9187842066573665,2.059373,0.012945384
2019-11-30 09:00:00,6.1403092349326585,12.746918,-3.762848,49.22802578396165,72.56264,30.433731,1.4414918360839162,2.1820989,0.011926042
2019-12-01 09:00:00,7.338305657510546,12.347076,0.42129517,57.71952863824382,69.937546,50.2227,2.351399952201421,3.9686682,0.8940658
2019-12-02 09:00:00,11.85776474120695,17.484283,4.621002,32.40577019222719,57.01686,13.690079,2.0961845421656085,4.2102513,0.080178685
2019-12-03 09:00:00,13.845029396071482,18.65448,6.4716797,30.25352982131524,37.648613,19.77752,1.2277654270239633,2.2459085,0.1384447
2019-12-04 09:00:00,11.04851623324663,14.135651,4.004242,38.60678265263459,46.775867,29.322742,1.6720199141254122,3.2545664,0.5068521
2019-12-05 09:00:00,11.610322591824854,16.991852,4.3941956,71.31700089724534,88.88149,59.097923,0.7707960843057725,1.325446,0.20607866
2019-12-06 09:00:00,13.46957856457982,19.674225,5.053131,58.60663955810359,82.95839,32.752056,1.7637830059307202,3.1910017,0.41470715
2019-12-07 09:00:00,14.944940624886613,20.844513,6.5414124,69.73584424465167,88.93028,44.736122,1.560423181753637,2.7320936,0.37103808
2019-12-08 09:00:00,15.364558549386174,20.850739,5.7999573,73.67489952305174,83.61635,60.877796,1.7612232729451802,4.4620557,0.17541122
2019-12-09 09:00:00,12.029582909427802,15.799438,4.6290283,53.390481863119476,74.83962,34.886494,1.129492542915263,2.4204824,0.13225888
2019-12-10 09:00:00,12.56848785963848,15.405853,8.056244,26.008997015123754,43.42367,9.4822645,1.047354624302175,1.9288436,0.21407337
2019-12-11 09:00:00,12.533609846191098,15.049896,6.9776306,28.604218558549157,49.21328,16.951561,0.6874628111173655,1.9149588,0.22089382
2019-12-12 09:00:00,13.465954658958083,16.327759,6.0855713,46.353718112666925,59.544388,33.544388,0.946565881959139,2.446272,0.24148127
2019-12-13 09:00:00,16.12701310421778,20.08487,9.045807,47.71150477019015,60.597736,34.320393,1.2206286992999011,2.9021635,0.118109256
2019-12-14 09:00:00,15.691695896053943,18.93509,8.464386,58.26813186222329,72.80283,47.849705,2.4491663229365606,6.343017,0.72994244
2019-12-15 09:00:00,11.552173161198994,16.104645,3.9601135,55.92503209967539,86.78736,25.791267,3.166341524217475,6.382954,1.5039569
2019-12-16 09:00:00,9.938788280246115,14.205292,2.3849792,31.17971891873266,41.212803,20.627426,0.907625420456331,2.4299707,0.14652324
2019-12-17 09:00:00,10.494611107445735,14.103607,1.7969666,11.678579762738314,37.55934,3.0437145,2.2780004359635604,4.6441355,0.29409587
2019-12-18 09:00:00,11.01584911559496,16.62613,2.5480042,8.805262584082294,22.319569,0.599167,2.2417438454296965,3.8209703,0.46381384
2019-12-19 09:00:00,10.866284503662314,15.91861,2.3893127,35.14151384248888,68.103905,14.791405,0.699455262792547,1.6222163,0.067061774
2019-12-20 09:00:00,12.678374849173565,15.635345,7.721283,22.264664128341085,41.993523,15.601633,1.0751290472062458,2.4400237,0.23643775
2019-12-21 09:00:00,15.22976383209749,18.496979,9.120026,17.945913153451997,40.672775,7.699953,1.756493450049796,3.1422236,0.100533426
2019-12-22 09:00:00,15.429097706260222,22.164581,7.0454407,14.615485483478519,30.990028,5.672043,2.76148159705796,4.221881,1.230965
2019-12-23 09:00:00,13.44420635201277,18.562653,4.7950745,45.24925592130802,91.44967,17.269575,1.158388422951919,2.6952682,0.14965072
2019-12-24 09:00:00,7.5060607169371565,14.694,-0.17123413,79.925994970412,93.704445,56.848972,0.9842357429696337,2.0533798,0.1725474
2019-12-25 09:00:00,8.13063428941581,13.049957,0.9952698,65.20143003033458,83.30614,39.60122,1.4004947249929742,4.1060815,0.23912363
2019-12-26 09:00:00,9.207229905302881,14.136444,1.5348816,61.868805080408336,77.2934,44.887154,1.500836735031867,4.1099052,0.10725474
2019-12-27 09:00:00,5.850668753539139,11.262848,-0.860199,59.15738444579837,90.26231,39.13602,1.109906671431451,2.805009,0.101562954
2019-12-28 09:00:00,8.11732240452477,12.701447,1.896759,31.44347340682452,54.059135,12.961316,1.0283980051748913,2.2886145,0.1651709
2019-12-29 09:00:00,9.52285729375501,12.950043,3.7781677,26.11187174612754,35.46675,14.739129,0.8234384307169114,2.084876,0.18184459
2019-12-30 09:00:00,10.25252673689414,14.955078,3.0371094,53.2337481053001,69.47912,41.464733,1.4203727268199082,2.9168713,0.1571564
2019-12-31 09:00:00,10.793265382419179,14.508575,3.424591,42.49668147582648,56.300247,34.65925,1.4448912063418335,4.052786,0.12346724
2020-01-01 09:00:00,12.89576083231725,15.897919,6.8334656,30.160912651446385,42.73951,23.26258,0.9661013197659555,1.9613379,0.04008887
2020-01-02 09:00:00,12.27522454089069,15.226715,6.129059,46.23858557937131,73.976456,17.578018,1.3848466136585953,3.2830405,0.083011
2020-01-03 09:00:00,12.74804736530109,15.381744,7.705475,22.998397873188818,34.27819,16.86022,1.0379788986960141,2.2074816,0.17065297
2020-01-04 09:00:00,16.560891466736507,19.444733,10.206451,23.87480115424293,37.421986,12.074499,0.9853630148415922,1.9982711,0.09719519
2020-01-05 09:00:00,14.752313386603475,18.19522,6.615143,23.921604691268207,47.90535,7.1452765,1.2938108824220071,3.2719479,0.21792538
2020-01-06 09:00:00,11.632112007579963,14.646881,4.1664124,19.46229926656362,27.909887,13.433325,1.3033576940524172,2.8765912,0.10406954
2020-01-07 09:00:00,13.831604376221264,16.836151,8.925995,12.097127364989948,27.566015,6.9966793,1.423953485444038,2.86579,0.021866798
2020-01-08 09:00:00,12.972421539175286,16.338928,6.2373657,16.52587637938368,40.079224,8.251099,1.5394088645822814,2.7099454,0.7509871
2020-01-09 09:00:00,7.93916885468326,12.021088,1.3882751,58.50458709518691,90.7783,31.620827,1.8403600870064125,4.574803,0.119810976
2020-01-10 09:00:00,9.002920962900419,12.504791,2.5184631,38.24704824434124,65.43787,9.365747,1.4745140030639536,2.9951074,0.19112709
2020-01-11 09:00:00,11.13144702612118,13.771027,6.591339,33.765900059499856,53.767212,15.275024,1.4499849775328162,2.9815013,0.23412482
2020-01-12 09:00:00,9.606955851839189,13.813995,2.8022766,47.63812833713515,82.04368,24.182796,1.8342977059457088,3.9835763,0.3536952
2020-01-13 09:00:00,9.928153028103509,14.260834,4.2901306,47.96423651591085,72.568886,27.221764,1.703923061041272,4.231509,0.2591043
2020-01-14 09:00:00,9.982118671017759,14.33316,4.5382385,39.76510388375937,60.18726,16.39061,1.6158652002220393,4.2021236,0.15912345
2020-01-15 09:00:00,9.947397906191156,13.63797,3.2989197,30.85384194976474,50.41868,11.399145,1.3839483208481695,3.0551095,0.24500385
2020-01-16 09:00:00,12.557232163257595,15.233246,6.9773865,25.58787813921493,48.09472,7.356439,1.2670770034241001,3.1369262,0.20128192
2020-01-17 09:00:00,11.66526367519765,15.842438,4.063141,37.23525056070387,49.775734,15.221046,1.7172110447121127,4.468274,0.08025599
2020-01-18 09:00:00,10.113222159177326,13.443207,3.3396912,22.524815716923545,46.42654,10.129664,1.5034484944543285,3.0729234,0.1799344
2020-01-19 09:00:00,11.136757771947714,14.262665,4.328491,17.97109484339202,34.96634,10.410998,1.815973391161946,3.5458038,0.19116071
2020-01-20 09:00:00,12.972400390365635,17.685211,6.2379456,19.90254351307896,39.089134,13.997589,2.0828530302263064,3.2439322,0.7981014
2020-01-21 09:00:00,13.69095074194604,16.561188,6.986969,37.776351810774564,69.60454,20.913132,1.2393567562321763,2.755866,0.45543796
2020-01-22 09:00:00,13.35495874505466,17.478058,6.0971985,63.02872065998422,80.71125,47.493553,1.2678763252651977,3.1613064,0.14887263
2020-01-23 09:00:00,14.202392324584935,17.592194,9.1586,37.56209012685837,53.09358,24.191235,0.8288799985696549,1.9433185,0.16231103
2020-01-24 09:00:00,16.07221154026729,20.25113,12.268707,29.417990915287405,54.166775,18.224066,0.8979268949726612,1.9073689,0.033315092
2020-01-25 09:00:00,14.45766595054397,19.200897,8.382721,34.61635491265503,44.94377,21.125706,0.9827346037567856,2.9846435,0.04561231
2020-01-26 09:00:00,15.74045387349878,19.320953,11.04361,41.63441290097127,61.601677,26.142944,0.8895569305971338,1.6934705,0.36712506
2020-01-27 09:00:00,12.763751232086292,17.292877,5.044342,47.430598153030296,85.25433,18.015163,2.0329198075582093,4.4691525,0.2713137
2020-01-28 09:00:00,13.437683151455701,17.413727,6.7496643,25.00744241356368,67.94302,2.4028893,1.2191637316932415,3.4638438,0.06593663
2020-01-29 09:00:00,13.111804400101335,17.833496,6.866699,43.050905874213264,73.82129,14.7790985,1.9089877044420969,4.2558537,0.61973953
2020-01-30 09:00:00,12.73100259868022,16.559723,8.313629,26.242247087863277,43.23506,8.4555855,1.0269559332526668,3.3188367,0.0858367
2020-01-31 09:00:00,14.926325211680535,18.066498,10.924957,25.899079990934474,37.157932,15.992421,1.0690110127699195,2.3001041,0.13773331
2020-02-01 09:00:00,17.976627084910092,20.798126,13.784454,18.08181104232568,38.762962,10.311451,0.945181337072163,1.911131,0.12819758
2020-02-02 09:00:00,20.275611245031996,22.58487,16.4794,16.960155604750792,35.946327,8.786171,0.8425410685435617,1.4139006,0.14606623
2020-02-03 09:00:00,13.886198432235346,18.639313,6.1236877,41.4617213965126,70.93575,17.428144,3.434930702379518,6.189965,1.4007084
2020-02-04 09:00:00,7.755516199547969,13.291718,1.3073425,16.88552509720616,31.796131,7.261286,1.5353245635791115,4.33748,0.13549748
2020-02-05 09:00:00,8.640899795618338,13.309357,3.6418762,17.34607725023819,28.396738,6.3684607,0.7579417118690938,1.9769733,0.087950036
2020-02-06 09:00:00,11.666567163216087,14.224823,8.886993,31.321076555020607,42.533546,23.194775,0.8888522120786778,2.3782666,0.17486776
2020-02-07 09:00:00,16.43171718048751,20.491974,12.195099,25.758035323288375,41.600685,19.373081,0.7869883795467352,2.2568855,0.06949989
2020-02-08 09:00:00,18.277822016969253,21.644684,14.529449,21.53660502157247,36.053917,7.521558,1.0705715989723035,2.7691712,0.1619621
2020-02-09 09:00:00,17.59144000240161,21.476196,10.501587,27.232541638687007,44.921276,17.268932,1.4705000283203344,3.8003309,0.41813198
2020-02-10 09:00:00,12.383274200352048,17.261963,6.674225,29.657122601950597,46.13265,18.588587,2.773400245463936,7.506158,0.1218834
2020-02-11 09:00:00,15.651365176853176,19.292633,10.101227,16.748489343515853,27.059107,10.431257,1.2899297380085897,3.8521638,0.28705722
2020-02-12 09:00:00,16.883633174145643,21.380524,10.536774,17.319624276254867,27.41046,11.729228,0.5063701693328733,1.2856452,0.0777431
2020-02-13 09:00:00,17.98717597290721,22.228485,11.443329,27.788015936550707,38.806824,15.426455,0.46551051022143286,1.9381006,0.016372876
2020-02-14 09:00:00,18.18992780249613,22.349945,11.451508,24.968185300689406,46.332684,14.574843,0.43680212582516875,1.5432956,0.15125237
2020-02-15 09:00:00,17.581317897095175,21.490875,11.098297,30.38460492574976,39.37822,23.382053,0.8700345982288324,2.3566275,0.09695069
2020-02-16 09:00:00,17.376759542343336,21.31491,11.4184265,35.82808109142623,57.375984,20.82911,1.3072809772174627,3.646667,0.072375976
2020-02-17 09:00:00,17.645896568494493,21.720428,11.148163,36.31848243875516,56.951935,18.803497,1.396215227036606,3.8739038,0.36782032
2020-02-18 09:00:00,17.3543748276565,21.104767,11.876251,24.27162155525527,37.246002,10.920034,0.8960968904455568,2.5709713,0.1561681
2020-02-19 09:00:00,18.54256897738128,22.374084,11.739319,21.759101239211645,34.345043,10.809402,0.8070016509541262,1.4357005,0.12565003
2020-02-20 09:00:00,17.76550201153441,22.230225,11.230225,18.006423600246695,22.532318,10.667968,1.1922632180949397,3.3385358,0.09414648
2020-02-21 09:00:00,19.819981570058076,25.718475,11.093475,20.922722611700344,24.290428,16.48904,1.772085452329258,3.859742,0.14777115
2020-02-22 09:00:00,19.678850229372642,23.65445,10.884918,22.631548217049964,26.632042,19.98751,1.2001513239954846,1.9896827,0.5205052
2020-02-23 09:00:00,13.246423797795103,17.752594,8.195953,53.06765604965365,83.78696,33.271328,1.7008611089048185,4.7269993,0.37129724
2020-02-24 09:00:00,16.786314822473344,20.684235,10.9010315,37.363968873520804,61.79971,4.2879915,1.312840962386866,3.6895955,0.047902096
2020-02-25 09:00:00,17.847415839180258,21.507965,12.730621,17.840551667847745,28.762539,0.11800861,0.6191857519239112,1.5611788,0.04777808
2020-02-26 09:00:00,21.12157307094509,25.912262,14.494293,13.710658699505515,22.207676,8.483178,1.372922583154187,3.6023076,0.28974903
2020-02-27 09:00:00,21.426912479948896,27.00113,14.956207,18.000966839837805,31.705177,12.029396,0.7304168340742925,2.1059136,0.25427133
2020-02-28 09:00:00,21.97402158077074,26.100983,15.253326,12.096152512349825,18.93119,8.196572,1.2492644329196934,2.4774232,0.19812319
2020-02-29 09:00:00,23.22494304492642,27.440826,15.722076,14.149612458068786,18.884514,10.373038,1.2633501754483387,2.8264387,0.15244013
2020-03-01 09:00:00,20.433782197682604,25.703583,12.22702,26.834326381707783,39.144928,15.569009,3.4838895116111197,7.2052193,1.431194
2020-03-02 09:00:00,11.830360881585875,17.285065,4.7450256,44.76186493677546,63.35045,27.856937,1.6642211703419165,3.0905547,0.5305147
2020-03-03 09:00:00,16.261439515658424,18.984283,12.181549,19.93341734343734,29.085663,11.573466,1.5057194810622148,4.6510763,0.29108635
2020-03-04 09:00:00,20.23171794493885,23.078033,15.382721,20.071512738012853,24.55074,14.589309,0.5357384040004188,1.5937521,0.04596018
2020-03-05 09:00:00,23.91512352654479,28.516754,17.337067,20.882954322424567,23.725882,17.521214,0.5718845867440389,2.1782718,0.020732839
2020-03-06 09:00:00,24.395589475442705,29.02066,16.815582,22.644630224042487,27.268394,10.018498,1.21603540496282,2.3869116,0.1930275
2020-03-07 09:00:00,22.87850639927308,28.204742,15.390289,28.787132684777887,35.26529,17.194828,2.7284242695167995,4.9674597,0.13357951
2020-03-08 09:00:00,14.4766538662563,19.131012,7.556793,60.47696127013729,78.6411,31.414532,2.128597790362984,5.355307,0.5950178
2020-03-09 09:00:00,16.00127099788466,20.946869,9.493744,43.81443550281538,56.143456,29.094538,1.3755554685370743,3.5506775,0.22558911
2020-03-10 09:00:00,16.385673771541008,21.00064,9.809235,39.45471251817662,55.367188,29.44298,1.8787712072529497,3.9770236,0.20118512
2020-03-11 09:00:00,14.808805518470535,20.684235,7.31192,69.91398856959708,91.07728,54.436653,2.0473961307519395,4.5249553,0.6457124
2020-03-12 09:00:00,17.484486340490946,22.884918,10.150543,47.22917308095545,60.593685,31.281185,1.572136508182106,4.0923038,0.012332484
2020-03-13 09:00:00,15.76476730059403,22.217682,10.7274475,54.6486477454396,81.941956,21.594296,2.121280142107752,5.534283,0.7318567
2020-03-14 09:00:00,16.047118182368877,22.611908,8.695892,67.59436292336474,81.68519,44.724247,3.0178019848686457,7.1240797,0.28822374
2020-03-15 09:00:00,14.65938335439148,19.534088,8.620026,67.27577422463975,83.41293,50.244965,2.9174323541684557,6.0582595,0.7228323
2020-03-16 09:00:00,14.399761359071135,20.335052,7.405365,61.094858603721704,77.16739,45.835354,2.46780498888748,4.74656,0.75245124
2020-03-17 09:00:00,8.629402450245266,13.078766,2.5069885,60.89482560674531,81.75192,42.71663,1.6962435706945664,4.5725436,0.1478541
2020-03-18 09:00:00,10.36895859940995,16.40982,2.8434143,47.69992002663652,68.45999,19.86978,1.1990787446050646,2.3724074,0.22900286
2020-03-19 09:00:00,12.226661916856017,17.205719,4.5533752,51.563092397219165,68.92824,23.07768,1.842899045819774,4.969404,0.14989424
2020-03-20 09:00:00,11.770071890315194,16.89566,3.2101135,66.7267541251728,84.5134,48.897827,0.9057112811618407,2.1743023,0.17412984
2020-03-21 09:00:00,13.945073634178357,19.855835,4.857788,59.6634317324673,75.13882,41.959133,1.0220061080358722,1.7380723,0.27992094
2020-03-22 09:00:00,15.88764482433345,20.727142,6.6548767,51.55409482828627,73.18503,37.932728,0.8271473517209201,1.7892576,0.111393824
2020-03-23 09:00:00,16.701471818802304,22.995148,7.418976,53.80405969488435,68.1369,39.36613,1.1226880010385565,3.1536918,0.050134342
2020-03-24 09:00:00,15.11107394409595,20.002594,6.7779846,62.65990937958925,82.65759,39.497433,2.3905511602471123,5.639154,0.58207285
2020-03-25 09:00:00,14.421349650012758,18.56363,6.4288635,63.570531272744745,83.03177,36.761284,2.785558935373358,6.538103,1.1978139
2020-03-26 09:00:00,11.687108667918892,17.117096,3.5038147,58.41034842260354,81.85898,41.876144,2.6400772307612406,5.976889,1.1219062
2020-03-27 09:00:00,10.585426006476155,16.685944,2.592926,50.338794040979124,69.08289,29.459929,2.0350619451390566,4.8557663,0.36635235
2020-03-28 09:00:00,12.693802073946983,18.028473,4.9081116,50.879320885139784,64.59341,24.038898,1.3305342514407212,3.4370596,0.1535348
2020-03-29 09:00:00,14.498560983631137,18.771881,6.863678,57.88260932433928,76.55587,36.075397,1.9064069956829575,4.7619624,0.19987369
2020-03-30 09:00:00,14.669039790957754,19.380524,9.309235,41.70712048123966,60.828236,25.68209,1.4616613410456716,3.3775253,0.21236049
2020-03-31 09:00:00,18.876043223065437,23.144684,12.922028,35.168747051229545,57.377567,24.639286,1.7254948063837854,3.2465742,0.7497341
2020-04-01 09:00:00,19.878417581351698,24.365387,14.068512,43.527368237998814,60.629745,23.193436,2.13692982954088,4.95893,0.5516972
2020-04-02 09:00:00,19.252955849052512,24.625519,11.980988,37.543668152485964,57.850937,8.749581,2.5972480201393857,5.821622,0.9015992
2020-04-03 09:00:00,17.18682007112841,22.18863,11.005035,31.122581496405804,54.5474,3.1294346,1.735094267945209,3.493567,0.4347371
2020-04-04 09:00:00,17.7115112775532,22.965729,10.86026,28.96095221710451,45.46368,15.9519615,2.0111748238768565,5.8901873,0.10266216
2020-04-05 09:00:00,19.123967366340707,24.836334,11.5902405,48.06209189242676,60.69106,26.67208,2.9800330137483884,6.851144,0.6257288
2020-04-06 09:00:00,14.657451690179357,22.11148,7.632965,72.847326855062,89.66954,58.56798,2.3269024318584806,5.247347,0.11772992
2020-04-07 09:00:00,12.617648314187647,18.818512,4.2723694,63.531724832722,73.67631,52.02787,1.187410022825508,1.9442279,0.19525883
2020-04-08 09:00:00,11.511202404339713,18.721588,3.36026,68.97600944684166,86.224915,47.288033,0.9609536642755848,1.6622545,0.0955351
2020-04-09 09:00:00,8.836748567971824,13.473785,1.9581604,85.42107221159716,94.896194,75.39935,1.477353376839577,2.9280033,0.61060625
2020-04-10 09:00:00,10.242857524018234,15.305084,3.2523499,70.04730569608763,90.776825,45.283638,1.3328357226080099,3.718427,0.05993731
2020-04-11 09:00:00,14.841052291936137,20.284332,7.477936,56.993768985374274,77.64683,39.413982,0.8497921790851428,1.8936368,0.059870794
2020-04-12 09:00:00,18.26896581769722,22.54361,9.901276,60.65169825153604,74.32593,40.04952,2.005754382671235,6.351187,0.29147068
2020-04-13 09:00:00,18.830858037752023,23.0065,11.014313,71.52706389455179,87.397514,49.680565,2.5410401609934974,6.151375,0.9136093
2020-04-14 09:00:00,18.54132579960583,23.810455,10.058502,31.762005341224572,60.28454,11.319696,1.026922949396429,2.4053376,0.13387088
2020-04-15 09:00:00,20.099135897837186,25.380035,13.962311,28.959795726263035,46.303654,20.082691,0.5513267250145837,1.1056597,0.207841
2020-04-16 09:00:00,23.182368060438137,27.523346,16.621002,30.519221134925196,36.311085,21.241865,1.6798207076111,4.8066297,0.36176792
2020-04-17 09:00:00,23.34355988761655,28.00772,16.585846,35.262977166023504,48.88906,22.34617,1.9506462135394573,4.9253025,0.06416784
2020-04-18 09:00:00,16.933259182993197,23.468658,9.193268,70.99758550164901,89.34682,42.99552,1.7634675320475484,4.860446,0.069727644
2020-04-19 09:00:00,17.185355236971247,21.741852,12.330719,66.55210393191251,85.4909,42.357758,1.8003303901406167,5.0024962,0.17942336
2020-04-20 09:00:00,19.600210598864464,24.413483,13.341217,56.34945511283549,75.831696,33.13852,2.0191628175059186,5.500097,0.06878748
2020-04-21 09:00:00,16.93438876364405,21.473785,10.89151,70.57632865253987,90.24269,44.593594,2.6402886939893917,5.939488,1.2985877
2020-04-22 09:00:00,20.537982148804133,23.843658,16.720612,39.65220265195853,55.376987,15.337671,1.5462742950873485,4.222482,0.071539536
2020-04-23 09:00:00,23.613757999180507,28.460114,17.590973,42.96839266670071,64.4773,23.153708,1.976019464130622,4.6838107,0.11513959
2020-04-24 09:00:00,25.02979673734211,30.059723,19.10147,37.21252049881435,52.107117,21.22074,1.5131412335955676,3.2258823,0.3904516
2020-04-25 09:00:00,27.0351603858432,31.851227,21.118805,27.009733698969438,40.13847,16.31764,0.8843699937789106,2.4338048,0.12141014
2020-04-26 09:00:00,29.688721023726544,34.295807,22.795807,27.994772132245977,37.68474,16.364101,1.7001011523290666,4.0693293,0.21256185
2020-04-27 09:00:00,26.860288248185782,32.437164,19.468414,27.383775796562208,39.084885,12.463791,2.105683162040459,4.8621097,0.5191896
2020-04-28 09:00:00,26.90512541717601,30.849762,22.668121,25.03250136964974,36.410706,14.753661,1.215231026878555,2.6867065,0.28936732
2020-04-29 09:00:00,30.020604580950305,34.710114,24.721832,22.85849101816901,35.28145,14.914262,0.7621897244677779,1.4011866,0.27109635
2020-04-30 09:00:00,29.59696458605896,34.22769,22.294098,32.379190257565526,48.812843,16.215214,2.8531911040321862,5.549861,1.4154624
2020-05-01 09:00:00,26.32014301364154,32.067535,19.337067,27.104402971818352,40.607677,12.389419,3.4456381381087633,6.8924294,1.4373952
2020-05-02 09:00:00,23.654384886100217,29.435455,16.646393,24.86786723641889,36.896873,16.349998,2.545943604714824,6.1023126,0.4328151
2020-05-03 09:00:00,23.912643826759506,29.555084,16.842194,32.52506748943939,46.15943,16.051666,2.979508735448409,7.298486,0.76769525
2020-05-04 09:00:00,23.15807235333051,28.172028,16.689117,20.48302181329551,39.249363,2.887949,2.104587996024569,4.575573,0.5472136
2020-05-05 09:00:00,25.346528656652254,29.555084,19.69571,18.66585989102391,39.292946,8.323546,0.9802375597948472,2.2228892,0.09816546
2020-05-06 09:00:00,28.385290473128407,32.79532,22.416412,17.47605658511408,29.196781,4.7121267,2.2036102013116063,4.1843014,0.7884676
2020-05-07 09:00:00,27.169323782206618,32.40738,22.670563,15.100445450981203,36.58568,4.206773,1.1055879176154757,2.9403455,0.35357106
2020-05-08 09:00:00,30.718517542058407,34.415924,25.142487,14.255326972308517,25.701674,4.428236,0.6818281428358798,1.4836226,0.14194307
2020-05-09 09:00:00,32.027281397435615,36.402252,25.36319,20.63550757797273,29.464897,8.9055395,1.6482673175761136,3.2701182,0.33707285
2020-05-10 09:00:00,31.26907730526557,36.596832,24.200348,18.411407110129076,26.779665,10.3031025,2.3755555001944377,4.5188236,0.28891927
2020-05-11 09:00:00,29.72929393104647,34.337555,23.247711,14.332761815316038,23.332243,4.280054,3.174746926671599,6.7086573,1.1764307
2020-05-12 09:00:00,26.01375488886879,31.137604,18.495026,20.213315765891245,25.173717,11.697154,3.5896057777366126,7.791842,1.4645467
2020-05-13 09:00:00,21.90648799797549,27.10318,14.642242,49.356135784349384,62.555252,29.250565,3.5814138510892457,7.865099,1.8399769
2020-05-14 09:00:00,21.524010467240316,27.13736,14.520172,38.73826257658783,50.149624,24.857922,3.163345464909905,7.4828553,0.97032565
2020-05-15 09:00:00,22.43792771393629,28.145416,15.942291,45.303785560196424,60.631958,28.41946,3.083580478674047,5.856345,0.9275289
2020-05-16 09:00:00,24.305038963419236,28.162994,19.662262,40.01700549443567,55.408554,23.502304,1.7536815382218052,3.603417,0.62417436
2020-05-17 09:00:00,27.02670840089087,31.420807,21.182526,27.97515689132754,38.205997,17.980473,2.1006289500484914,4.94907,0.24985464
2020-05-18 09:00:00,26.474469141863835,30.912994,19.868073,40.71417502163655,75.0273,16.666191,3.623175873883418,6.9750466,1.3507979
2020-05-19 09:00:00,20.386136192944434,25.479156,13.451813,55.23932523302406,72.32009,26.27322,3.5305646938836497,7.412818,1.6937236
2020-05-20 09:00:00,18.628644497728658,24.400787,12.733795,44.690453774250976,67.686165,24.279915,2.080008953699792,5.3224125,0.19354102
2020-05-21 09:00:00,22.201820842944414,26.723785,17.300446,35.25040857612185,57.139668,14.917011,1.1938278044725203,2.5479739,0.18841213
2020-05-22 09:00:00,25.73042791809945,30.324127,19.017487,31.427236972269757,45.58119,16.024647,2.1378419835715468,5.1608667,0.34970394
2020-05-23 09:00:00,25.504147498373072,31.822174,16.804596,24.248204784552826,35.62327,11.213112,2.0109543113427044,4.005021,1.0401349
2020-05-24 09:00:00,25.035865391903826,30.223541,19.074371,20.256660988423484,34.13514,12.033578,0.8892498718817973,1.889493,0.09379193
2020-05-25 09:00:00,28.356593558399936,33.515778,22.374908,19.67353703662214,27.862335,10.792098,0.6115161971790432,1.3199506,0.13463232
2020-05-26 09:00:00,32.75515562813399,38.22818,26.161041,19.385810913428383,25.033527,13.309501,0.8127530695047103,1.5104673,0.29268134
2020-05-27 09:00:00,34.70085841766695,39.75406,27.572418,19.36134042474951,24.920448,12.177013,1.3869555018478197,2.839751,0.40267593
2020-05-28 09:00:00,35.969125657063614,41.10855,29.381989,16.98590348827947,24.855652,9.144714,1.5497055210878374,3.4405816,0.20798467
2020-05-29 09:00:00,36.1432195759981,41.784576,29.753326,18.39573503304476,26.183392,10.268032,1.9778837785286383,4.2466984,0.21926568
2020-05-30 09:00:00,30.75526756503399,36.962067,22.939606,28.723470420904675,46.978172,15.860986,2.693727178674909,5.7214108,0.21439503
2020-05-31 09:00:00,24.970996430343348,30.32071,19.373444,37.16174958356366,53.3765,13.497594,2.5633691580457847,5.0626884,1.1990832
2020-06-01 09:00:00,25.658864664237854,29.939117,20.400055,31.73895445518639,57.71638,14.919505,1.6513134243440677,3.9339697,0.5696822
2020-06-02 09:00:00,27.94313707829218,31.407135,22.518463,33.095360288495655,45.673244,15.333402,0.7670704194824829,1.358944,0.13893284
2020-06-03 09:00:00,31.01724459205917,35.417145,25.536285,17.81145592246795,22.940876,11.522301,0.9987379668055034,2.4813142,0.43115908
2020-06-04 09:00:00,34.00890915634557,39.78116,27.076569,12.82071699631284,18.699806,5.2590027,1.254984225974003,2.6504414,0.038645796
2020-06-05 09:00:00,35.26445341297841,41.51065,27.821198,16.83110067242408,24.00024,9.269773,2.740127307729066,6.174896,0.4040096
2020-06-06 09:00:00,24.175930006359636,29.505524,15.808258,47.58652939333584,59.75376,17.980324,4.07379473870721,9.663808,1.9653972
2020-06-07 09:00:00,22.79507418095841,28.882233,14.981842,37.30705700022383,51.53189,16.321157,4.4901021424387295,9.2923,2.218811
2020-06-08 09:00:00,20.139581562017668,25.23233,13.648346,21.687319264765193,33.758106,12.531601,2.6505597955537823,4.233579,1.1954421
2020-06-09 09:00:00,24.82946177349669,28.250397,19.900543,16.460488845171533,28.06066,8.138785,1.0254169249793497,2.6224887,0.13801976
2020-06-10 09:00:00,29.77864151750464,34.580963,23.524323,12.847121556253583,20.540478,6.3903513,0.7319385884752811,1.6332704,0.08552301
2020-06-11 09:00:00,32.776526621380924,37.572662,26.168365,13.670036139879134,18.728642,7.877079,0.7217121016076932,1.3538114,0.07007752
2020-06-12 09:00:00,34.031059963756945,39.227448,27.45987,12.69880455559926,19.609436,5.447809,2.677141516048747,5.22279,0.36251685
2020-06-13 09:00:00,27.470309848690533,31.178864,21.116364,26.516262097197853,39.33824,15.088241,3.6297443920226784,7.237503,1.8881137
2020-06-14 09:00:00,23.327393891254587,27.940094,19.00064,36.53909664173928,51.459885,20.8336,2.652613103582058,5.1099777,0.7502433
2020-06-15 09:00:00,26.898192043084237,30.910309,22.11319,31.146687884292355,45.969532,13.695705,1.54493665096232,3.0114892,0.39758086
2020-06-16 09:00:00,29.31605143798015,33.94986,23.326813,34.04085785676942,46.354538,18.643602,3.0996676567118095,7.198995,0.773906
2020-06-17 09:00:00,27.07589427344692,31.404694,21.257233,26.934853495790094,42.572018,9.238781,2.4170387358345464,5.254295,0.84637845
2020-06-18 09:00:00,29.280584210713187,33.028717,23.985748,14.916639538289905,34.272846,3.7259722,1.1183720924015803,1.8720541,0.14525713
2020-06-19 09:00:00,31.551145244263523,36.38443,25.444977,15.954328339002583,20.857271,8.361541,1.3404145684921935,2.783977,0.3577539
2020-06-20 09:00:00,33.700900038935856,38.737457,27.53238,17.84879657797105,24.575134,9.495774,1.8062259176091846,3.3112075,0.9957135
2020-06-21 09:00:00,33.69645965042906,38.854156,27.707672,23.408366442959,30.50424,11.827795,2.2766726392927827,4.5296364,0.79064757
2020-06-22 09:00:00,33.55134418355709,38.397125,28.470123,24.733538234462017,31.8745,16.796375,1.7112691411637484,4.123954,0.2665841
2020-06-23 09:00:00,35.771682503810666,40.055573,31.27237,28.62863582989254,38.354057,11.775931,1.9331360338278085,3.7555008,0.88105834
2020-06-24 09:00:00,36.306897718876655,41.05606,30.694733,27.96932630434195,37.802643,9.616633,2.076160264995646,4.363594,1.0306532
2020-06-25 09:00:00,35.633684709704255,40.744293,29.550934,29.83508759754744,39.660122,17.330532,2.4054464560416524,5.607444,0.5148774
2020-06-26 09:00:00,34.19202553348572,39.13492,28.041168,28.454210025028722,35.7675,14.492283,2.0571046717508805,3.6610887,0.8419573
2020-06-27 09:00:00,34.48102832050199,40.57071,28.460846,28.494203370219743,37.444664,13.186852,1.7821418333500862,4.167075,0.26361132
2020-06-28 09:00:00,36.21847281693749,42.807526,29.01651,23.63280511944226,34.352722,1.2256956,3.8340628314272287,8.567561,1.4262694
2020-06-29 09:00:00,27.84156101800403,32.52359,21.502106,16.27100582822028,28.670671,5.2331715,3.6462075025975333,8.0837145,2.283942
2020-06-30 09:00:00,27.41171141383421,32.747467,21.56314,26.856616118560954,35.82669,18.16267,1.3613142672134582,2.6709704,0.19145854
2020-07-01 09:00:00,30.12517685587693,35.179108,24.202545,22.271333763854926,30.567902,12.960333,1.9905546888613637,4.0791154,0.36194783
2020-07-02 09:00:00,31.218325509378303,36.272858,25.983795,20.40809986446242,31.521889,6.0179834,2.6500383052806877,5.2600837,0.54716855
2020-07-03 09:00:00,31.90695640596374,36.343903,26.914215,22.305874057994444,33.549664,13.4437275,2.447969184279042,4.792567,0.9821613
2020-07-04 09:00:00,32.44447842094593,36.70694,27.048737,22.193285357406793,30.622963,11.638588,1.9771668439032448,4.2749877,0.29037574
2020-07-05 09:00:00,33.67376127404265,38.482086,28.112946,14.220800881902555,20.474262,8.734987,1.826546700459572,4.423045,0.3074976
2020-07-06 09:00:00,34.52185828593491,39.42032,29.12735,13.619163232442268,19.508411,7.3209114,1.7375253799140897,3.981421,0.4004626
2020-07-07 09:00:00,34.14268973353575,38.911774,28.685211,12.513534165733068,17.073206,6.853245,2.472242223257041,6.145343,0.35737666
2020-07-08 09:00:00,31.76426534497483,36.136383,26.650055,14.246683026997289,20.845928,7.154522,2.073764958590272,5.5087423,0.3410453
2020-07-09 09:00:00,32.796698810479484,37.423492,27.72232,17.509845481916702,23.84151,6.704092,2.116050691775496,5.439271,0.026767896
2020-07-10 09:00:00,34.953105063386545,38.987213,29.73526,14.968498483759568,22.463894,6.2898836,1.7064841849794932,3.5503252,0.2016952
2020-07-11 09:00:00,36.63588670521517,40.401276,31.504791,16.000014622817304,20.60807,10.640264,1.5166235996728472,3.4559655,0.41746363
2020-07-12 09:00:00,37.90303866158922,42.552155,32.026764,16.6902526760065,19.30081,12.816435,1.9188611267297546,4.522697,0.2840589
2020-07-13 09:00:00,38.123560925291486,43.03604,31.909088,16.164318421653142,20.539036,11.349679,2.5691793751023506,5.993645,0.53542626
2020-07-14 09:00:00,34.93752600244636,39.299225,29.65274,10.849763457212058,21.49599,2.707696,3.1612041227134746,6.9456625,0.85562855
2020-07-15 09:00:00,33.62033528300509,37.68863,28.421051,20.315609496834583,26.547737,10.292972,2.447762071857635,5.1989355,1.0412822
2020-07-16 09:00:00,34.38212553405856,38.102448,29.526276,25.23946905142973,33.820873,12.551342,2.0137692621606327,3.9659133,0.75838655
2020-07-17 09:00:00,35.22447103319149,39.20816,30.335114,27.137221902759944,38.61834,11.262872,2.111175484980045,4.062208,1.0112418
2020-07-18 09:00:00,35.181462736797414,39.61978,29.373688,24.34127034840454,35.19657,10.970011,2.058951191601531,3.8865829,0.78890675
2020-07-19 09:00:00,36.098499501410515,40.68814,30.178375,23.6018586147692,35.142067,10.610818,2.30728925704724,5.1254096,1.2107706
2020-07-20 09:00:00,34.71452804257552,40.133453,28.104156,23.304378638947092,33.05165,9.57118,2.462117006224184,5.1797533,0.93078256
2020-07-21 09:00:00,33.93814790915883,38.615387,28.232574,29.13628734958783,39.818314,10.35249,1.841368690121727,3.944359,0.06891671
2020-07-22 09:00:00,33.89722460846593,37.865875,28.172516,22.492964109642372,42.141716,12.0351,2.3157948740226435,4.7601347,0.8361664
2020-07-23 09:00:00,32.44210824094688,37.154938,27.172516,17.04986290345467,30.90423,10.242086,2.756044417014932,5.403274,1.1163447
2020-07-24 09:00:00,31.683667786027172,35.711823,26.274323,30.253318553351733,39.928757,16.653896,1.8829234937575228,3.4036312,0.6659083
2020-07-25 09:00:00,32.623613190310664,37.577057,26.737213,28.983057299427973,39.193867,14.690298,1.764484587316926,3.246586,0.79903364
2020-07-26 09:00:00,33.89776517683413,39.11685,28.095367,20.490842840687723,32.60737,10.380804,1.4551179022940766,2.5790684,0.5074833
2020-07-27 09:00:00,34.9100657758039,40.09854,29.289948,20.084091711518845,30.840252,9.085633,1.5997076227127458,3.2502553,0.543861
2020-07-28 09:00:00,35.044850868642925,40.25992,29.189606,21.461223582952748,27.884224,9.889511,1.6917225817052497,3.0122573,0.6602494
2020-07-29 09:00:00,36.07292441855827,40.77945,30.882965,19.253707947598038,25.606222,9.66091,1.6567204937617792,3.1783862,0.18958396
2020-07-30 09:00:00,36.52870519014988,41.149567,31.546051,15.276519616766503,24.820877,5.595539,1.7587053700564403,3.4601707,0.46816644
2020-07-31 09:00:00,37.17233871155224,40.894684,31.783356,17.48874800529675,26.674282,7.5619726,1.8166270913792966,3.8131683,0.46309027
2020-08-01 09:00:00,37.29103839616624,41.174713,32.12784,14.039914569868774,22.36119,4.181368,2.135028282860329,4.893726,0.2137227
2020-08-02 09:00:00,35.05183033714576,39.707184,29.990387,12.153033290388558,17.796642,5.250924,2.141677573180369,5.9235106,0.33477482
2020-08-03 09:00:00,34.504212413226185,39.622467,28.643951,9.518975659531604,15.37564,2.6684036,2.2771722500304485,5.646807,0.37479967
2020-08-04 09:00:00,34.38941610564183,40.071198,28.69815,14.18860445690754,22.644226,5.5543823,2.276180103935235,6.1476502,0.25757942
2020-08-05 09:00:00,34.02674443788925,39.204742,29.050446,25.817231205330145,35.177452,12.64499,2.6674750471304707,6.4524283,0.29022092
2020-08-06 09:00:00,32.145033365855056,36.935944,26.72696,30.16867063444205,40.373344,13.236088,2.879668340986267,6.072211,1.5417973
2020-08-07 09:00:00,30.103657669739675,34.47354,25.034088,32.45478673928621,40.69704,17.655252,1.8135444858976602,4.4821215,0.16366297
2020-08-08 09:00:00,32.092338161935345,36.81778,27.210358,31.670432648842155,45.545616,18.610157,1.5997701097693602,3.2354045,0.7556848
2020-08-09 09:00:00,34.05154309340128,39.016754,28.331207,29.03479872617344,37.838787,16.61479,1.4243685048190775,2.8700047,0.5623213
2020-08-10 09:00:00,35.50577321867917,40.67569,30.148346,23.756930035459305,34.708298,11.255605,1.5700043571978255,3.2548673,0.70762044
2020-08-11 09:00:00,35.52488699083301,40.829987,29.574127,24.06617064833514,33.706207,10.956207,2.1155440327926693,4.086576,1.0945503
2020-08-12 09:00:00,34.56154441876305,39.89908,28.252594,19.448509398696846,31.91657,6.9907894,1.7603427118462551,3.8164673,0.407686
2020-08-13 09:00:00,35.75199918726696,40.49527,29.93277,16.099048511799587,24.245996,8.343317,1.8625733883709668,4.5714993,0.6073937
2020-08-14 09:00:00,33.96659674955066,38.887604,29.834625,23.952564285318743,29.181824,16.451355,1.199808100627013,2.9468167,0.33593956
2020-08-15 09:00:00,38.07995852791112,43.588287,31.517975,21.784993630922123,27.191322,15.154192,0.8549620715407942,2.394079,0.16128494
2020-08-16 09:00:00,37.775112067179464,42.623688,32.50821,17.735261326222872,22.941174,10.285081,1.2860987289778205,3.2083194,0.10124245
2020-08-17 09:00:00,39.49559976961859,45.541412,33.30899,22.36872181891988,28.353691,10.870823,1.1835766034301423,3.244509,0.07187619
2020-08-18 09:00:00,38.88025803446567,43.943512,33.349762,19.085827841769092,27.378849,6.8554106,1.430877611183254,3.0475712,0.065727346
2020-08-19 09:00:00,36.946823403562746,42.493073,31.401276,22.477750350925444,29.85021,10.617303,1.7478630064193648,3.728366,0.28470284
2020-08-20 09:00:00,36.08667113059789,41.369293,29.33023,16.098481613429517,19.88615,11.21037,2.0936637021289286,4.4303145,0.33770508
2020-08-21 09:00:00,36.609564466661254,40.92032,31.244537,16.880699329531375,23.388699,10.372711,2.073040236864765,3.8991466,0.34947604
2020-08-22 09:00:00,35.15103039431017,39.12442,29.810455,19.736848790877804,25.01666,13.247129,1.8748491554408138,4.774981,0.37694076
2020-08-23 09:00:00,35.50475361378375,39.96939,30.080719,24.371505798018276,33.80159,11.0055,1.876517058464802,4.6715345,0.4135482
2020-08-24 09:00:00,34.592049442117684,38.396393,29.035065,35.093992821340855,49.536667,15.777838,1.329845548016316,2.957748,0.32239375
2020-08-25 09:00:00,35.583533013249394,40.396637,28.70523,32.81960481446335,48.253647,15.507551,1.9496112530058545,3.7127056,0.5699201
2020-08-26 09:00:00,34.55343393958378,38.673004,29.12613,32.103444323368905,52.542118,16.952274,2.142253602528975,4.004524,1.0919169
2020-08-27 09:00:00,33.087561271342054,37.696686,27.802155,26.753385406917502,43.418686,12.637436,1.9311532674630638,5.1966953,0.24298301
2020-08-28 09:00:00,33.42806613136037,37.988678,27.619537,18.640058492807135,32.34779,9.419052,1.5036984433059266,3.5345845,0.19842495
2020-08-29 09:00:00,33.82438585469072,38.242584,28.88321,19.12374973509012,27.928743,6.108511,1.7065812432751075,3.7255619,0.38806036
2020-08-30 09:00:00,34.48644335607304,39.54312,28.879059,19.5850135544155,29.919788,7.94487,1.7741630655596676,3.3225727,0.8499724
2020-08-31 09:00:00,33.4588251183626,37.937897,28.172272,19.796933227211074,35.286167,7.379918,1.3802852657796865,2.8921778,0.26813883
2020-09-01 09:00:00,33.81948389568669,38.503082,28.36441,22.369563175257397,33.28176,9.965353,1.6279084916850552,3.5459793,0.4417294
2020-09-02 09:00:00,34.10711783339059,38.4252,29.206451,20.704162956699086,28.527607,12.631465,1.5173306931303534,2.7384534,0.7507611
2020-09-03 09:00:00,33.21635351494638,37.29532,28.461334,18.826854180796754,28.092655,11.454339,1.5060964995775095,3.1279929,0.31638244
2020-09-04 09:00:00,33.93892853988888,38.798737,27.781158,18.192197759704698,31.700031,7.942218,1.1730771604829862,2.3258734,0.21511447
2020-09-05 09:00:00,36.188580747821504,41.290436,30.331451,16.759150336873724,24.687222,6.249401,0.6738413974615569,1.8565884,0.052249573
2020-09-06 09:00:00,39.20110215700231,43.400055,33.911774,13.626429973729337,18.130642,9.626737,0.7204973474013842,1.6690596,0.102903545
2020-09-07 09:00:00,38.805394025561725,43.700836,33.07779,10.455430571078823,14.549994,5.924138,1.2435978457867154,2.4330206,0.03470331
2020-09-08 09:00:00,36.22323514324779,42.986237,29.753815,13.836436578828446,22.022087,4.615837,1.6267245495355793,4.0651565,0.08019264
2020-09-09 09:00:00,31.80523936967694,38.604156,26.002594,13.41601595201324,24.777615,8.608514,2.041821627853648,4.4859653,0.1743617
2020-09-10 09:00:00,28.16805214639936,34.006744,22.813385,11.008418553750024,20.72427,8.107458,1.1611072949300252,2.1541173,0.11204414
2020-09-11 09:00:00,26.86319184490395,32.115143,20.790924,12.768258269378027,19.388117,8.341588,0.6344379313858396,1.3258026,0.06885351
2020-09-12 09:00:00,27.465592460523794,31.57608,22.585846,12.199040558991252,14.457785,8.049413,0.739905744932514,1.428134,0.03291942
2020-09-13 09:00:00,29.323468581055465,32.785065,24.86905,12.486021222430121,18.90112,6.939062,0.8156985999026688,1.5810131,0.05614601
2020-09-14 09:00:00,31.88424374732375,35.19937,26.732574,15.487307398659777,23.647377,6.3114386,1.1616110603969942,2.3358767,0.24604161
2020-09-15 09:00:00,32.36265402664344,36.07242,27.2482,19.11132370557467,31.62582,12.034328,0.7811577909411659,1.6527013,0.17307293
2020-09-16 09:00:00,31.96075382223148,35.552887,26.90445,16.142252888312598,26.905716,7.280717,0.8588701592932898,1.7736067,0.24425104
2020-09-17 09:00:00,31.85006900382706,35.304596,26.978424,12.66944692194025,22.63483,5.6817064,0.7403393037128673,1.4914283,0.28210345
2020-09-18 09:00:00,31.482936070205596,35.339508,26.675446,15.201969881545358,35.073143,4.7700176,1.4658243858051943,2.7424002,0.37133452
2020-09-19 09:00:00,29.59865739395093,34.37784,24.2294,34.43864661604631,52.921066,11.709962,1.9126365161559526,3.890371,0.65983874
2020-09-20 09:00:00,28.19329126084415,33.879303,23.2211,16.414786832826014,25.512375,7.1608124,1.055055507996342,2.1710155,0.2762735
2020-09-21 09:00:00,29.992209426945124,33.64859,25.908356,14.935862070486042,28.504435,5.98643,0.9296650936002788,1.9461933,0.29126814
2020-09-22 09:00:00,31.289034725854492,35.37393,26.02237,24.292726757508586,34.01869,13.491345,1.6634853969967172,3.801405,0.2893889
2020-09-23 09:00:00,31.21310026413363,35.885895,25.712067,20.348089623512188,26.268402,12.647307,1.49245969600992,2.951894,0.2657055
2020-09-24 09:00:00,30.81777987708415,35.107086,26.114899,17.374999293010752,25.740417,8.162293,1.52506160487917,3.147538,0.23489533
2020-09-25 09:00:00,28.959678314864618,34.262848,23.786285,26.217002425712366,36.839157,10.9823,1.7931684515590443,4.1540103,0.20456034
2020-09-26 09:00:00,28.859567084543528,33.94693,24.130524,24.830162439257727,40.72141,6.8978243,1.627415850920939,3.410633,0.1291432
2020-09-27 09:00:00,28.543412452460302,33.093414,24.326813,26.14741408806237,35.805256,15.233361,0.6711158227038883,1.9526347,0.03358071
2020-09-28 09:00:00,31.73708299125451,35.255035,27.329254,16.699852619583705,22.14191,12.973942,2.0955536815621074,4.7315855,0.27459183
2020-09-29 09:00:00,32.49019291227381,37.41397,26.597565,12.198494067251037,18.672462,9.833326,1.4147699701062524,2.9141204,0.18418442
2020-09-30 09:00:00,32.753999320910964,37.924225,27.182037,14.82353725428391,19.22312,9.641716,0.6783458677862363,1.2983309,0.0747698
2020-10-01 09:00:00,32.75618888435861,36.200836,28.01529,14.311307899591318,23.420698,6.6160107,0.6899954556786334,1.7100811,0.060812723
2020-10-02 09:00:00,33.4491983491053,37.173737,28.92569,9.142261732680089,16.393196,3.7497597,0.8295601329691948,1.9362733,0.10413893
2020-10-03 09:00:00,32.30692881214293,36.79947,27.16861,9.558397016051142,18.621609,1.3838124,0.7146710999752648,1.472733,0.22415337
2020-10-04 09:00:00,32.136641274057524,36.09195,27.636871,8.774439586429398,17.322546,1.0565176,0.54685296844697,1.2860959,0.086648226
2020-10-05 09:00:00,32.183313046938906,35.8273,27.575348,13.360301350947761,20.903084,6.19069,0.8760158742316797,2.0043848,0.20796824
2020-10-06 09:00:00,31.108817620449372,34.870758,26.769196,11.799607841835199,14.790687,8.746456,0.4785106835104121,1.4521098,0.028284801
2020-10-07 09:00:00,30.180790515843512,33.118317,26.198395,14.721036108979867,22.665462,9.166471,0.6735329761335899,1.3998015,0.1236776
2020-10-08 09:00:00,28.694777346331705,32.04898,24.107574,19.24031570206788,26.631584,12.510491,1.220836496533745,2.8050528,0.13586368
2020-10-09 09:00:00,26.909129159455745,31.079742,21.98404,29.771831554821738,41.007385,18.042543,1.7898433908949547,4.1342673,0.37040648
2020-10-10 09:00:00,25.17768233931008,29.424713,20.57315,29.240442691772593,51.81688,15.793444,1.7888518162711045,5.111084,0.40390533
2020-10-11 09:00:00,24.886663506645846,29.072418,19.566559,46.23735999175508,58.795868,24.13929,2.079937211150516,4.935694,0.32654136
2020-10-12 09:00:00,24.860174319174803,28.6669,21.242096,25.56529901864163,34.453514,17.624569,0.9955408923570535,2.5435078,0.11949468
2020-10-13 09:00:00,27.93000383788086,31.357574,23.881012,17.023753027250585,21.57701,10.043871,0.831546233038719,1.6716472,0.22353342
2020-10-14 09:00:00,29.039180967398522,33.462555,24.521149,14.741877160495012,19.596825,9.681978,0.8455917152943028,2.1563153,0.11283732
2020-10-15 09:00:00,29.210748690327137,32.981598,26.005035,12.319476631105726,16.54772,7.158718,0.5883934315027354,1.4857389,0.080418155
2020-10-16 09:00:00,30.316637401647483,33.867584,26.172272,14.349574998486927,16.585491,11.636272,1.4230452074879216,3.439704,0.106812745
2020-10-17 09:00:00,30.086700689589918,34.67105,24.78238,13.868258657322416,17.558218,9.7847805,0.5709299674160337,1.7472309,0.08938151
2020-10-18 09:00:00,30.600065717672635,34.490387,26.007965,13.996769083904505,18.875988,10.131865,1.2061010630448197,2.802945,0.2155512
2020-10-19 09:00:00,28.693090568420246,33.412994,23.29776,15.188472340157423,20.807793,10.924726,1.1945034445685336,3.0018249,0.034868777
2020-10-20 09:00:00,28.251784055298515,32.27896,23.464508,12.046890466503935,18.351643,6.3672676,0.8491135538885861,2.2090795,0.11195288
2020-10-21 09:00:00,27.786517457066566,31.05655,23.771393,12.83593126283592,17.899452,8.102079,0.6465018758394879,1.1813245,0.29248267
2020-10-22 09:00:00,27.219412994944605,31.142975,22.707428,15.983938973114991,22.312035,8.151877,1.2593303730018597,3.268785,0.09637003
2020-10-23 09:00:00,26.04229044069797,29.875153,21.496246,27.426889058599215,46.622208,16.030022,0.963100019017889,2.6523924,0.14553116
2020-10-24 09:00:00,23.76951239417815,27.393707,19.973785,37.25438238237976,54.528084,18.71168,1.4784034919479465,3.728797,0.59132135
2020-10-25 09:00:00,22.383891066769593,26.662506,17.799225,47.47766390993424,77.88603,19.557812,2.7784544489081604,7.5355415,0.6807072
2020-10-26 09:00:00,17.88533646487332,22.832214,11.988464,24.15061657726311,65.81551,1.9700928,1.3273106540265693,3.116901,0.30502203
2020-10-27 09:00:00,17.30278658805696,21.999146,12.3585205,11.73252014166877,28.479004,-0.12914085,0.859626411232302,2.8805163,0.12103414
2020-10-28 09:00:00,20.026086441275197,24.296295,15.591217,15.917394890628268,22.102737,10.573156,0.4343566238032481,1.3854771,0.078612514
2020-10-29 09:00:00,23.793233338192863,27.505035,20.423004,11.293285382885387,13.8136635,7.904997,0.559609980572974,1.5014312,0.112401016
2020-10-30 09:00:00,24.712118130049078,27.654205,20.302643,11.206668741231326,14.044594,7.9899063,0.8330068047436764,1.6511996,0.1688709
2020-10-31 09:00:00,23.79190049652226,26.91568,19.974274,10.152768457703454,13.170633,8.147196,0.5668266579983103,1.3921869,0.18426745
2020-11-01 09:00:00,24.181462120227934,27.038483,20.690826,8.943195605002916,11.775522,5.9771185,1.1945907503883406,2.4604921,0.12787135
2020-11-02 09:00:00,25.04427127530147,28.090729,20.776276,12.628322134768858,15.489893,7.984312,1.0935222947004761,2.6189034,0.012021812
2020-11-03 09:00:00,25.018873967634818,28.02481,20.518951,15.680302874912737,21.574135,8.1503105,0.5500100893474763,1.2449845,0.06895555
2020-11-04 09:00:00,24.33488450414967,27.546051,20.31363,16.47300254811938,19.534122,13.1591215,0.6676934959754821,1.6379483,0.012661566
2020-11-05 09:00:00,24.09051227648689,28.3815,20.81485,16.376309764533914,19.587576,12.088155,0.996948113706381,2.2601795,0.06021077
2020-11-06 09:00:00,23.206956826704186,26.99112,19.090729,17.07223423775257,21.752785,13.127697,1.1369251230695239,2.175916,0.32010037
2020-11-07 09:00:00,18.73052014393022,23.881744,13.569244,54.06368630466439,72.85924,26.276432,2.400918891826884,6.5032544,0.11070377
2020-11-08 09:00:00,8.650525376237624,14.479889,1.0296936,75.44201277876925,99.06528,52.037933,2.9807380825787653,7.9766603,0.4803144
2020-11-09 09:00:00,7.591249256760875,13.366364,0.46914673,42.8683490555819,66.96358,26.175432,1.2695177078206918,3.2671719,0.14921696
2020-11-10 09:00:00,9.431830914246916,13.536713,3.7557678,31.1390604913164,50.4398,14.436794,0.7641834775706172,1.5939883,0.23477158
2020-11-11 09:00:00,11.963351766961694,15.0065,7.766266,22.3532197806003,30.962515,8.918223,0.6962807063786032,1.3428543,0.061180275
2020-11-12 09:00:00,13.42429479728628,16.052399,7.1617737,19.254134246888178,30.114944,9.946932,0.6318958885820043,1.395026,0.16738187
2020-11-13 09:00:00,15.484626863000642,18.759918,9.572418,26.450136673557125,39.410088,19.484306,0.6857437191337169,1.6557903,0.072361
2020-11-14 09:00:00,15.82264576371307,20.850739,9.311676,28.10115835870111,52.61389,6.340452,2.075567407751929,5.566161,0.24613945
2020-11-15 09:00:00,15.802962595019096,18.924713,12.162018,24.60986339369682,44.497673,6.6895285,0.8896509339164573,1.8834965,0.100514635
2020-11-16 09:00:00,18.75651218804404,20.840485,15.002594,16.530331515658617,21.445686,11.062875,1.0997861712549328,2.3036063,0.30864388
2020-11-17 09:00:00,21.697486090522887,24.021393,16.699127,14.667441263214709,18.380772,10.998306,1.293594191179078,2.7375383,0.089527175
2020-11-18 09:00:00,21.38701451753775,25.065582,14.940582,18.052485889661646,23.264616,15.56189,2.248990372579383,4.7129874,0.4409563
2020-11-19 09:00:00,15.685151940091885,20.505768,9.043121,53.441540723150844,73.27629,31.144588,1.6950835053025333,4.130262,0.13925013
2020-11-20 09:00:00,15.286751753984618,18.183258,11.883942,23.428683979976306,35.547054,11.148617,0.9393643521391003,2.22126,0.24621117
2020-11-21 09:00:00,14.955442728490368,18.093414,12.179352,20.004638062843632,26.717442,9.509388,1.157593936578229,2.231766,0.22244237
2020-11-22 09:00:00,17.204403852488554,20.004059,13.363434,19.385259828294885,25.432287,11.768558,1.0165655224386494,2.12491,0.10595229
2020-11-23 09:00:00,16.71093161270852,19.315582,12.760895,23.32045450320984,38.743996,12.366736,1.536187800922231,3.5112846,0.35467032
2020-11-24 09:00:00,13.18622906765819,16.689606,7.6940002,38.23952384295563,48.11116,25.661943,0.7488655714851445,2.391644,0.058470502
2020-11-25 09:00:00,14.96120741838223,18.682709,9.645599,33.961812984897975,43.637913,28.263243,0.7484734582374839,1.5025935,0.067873396
2020-11-26 09:00:00,13.03002490965099,17.20401,7.3211975,36.67511181164781,61.409035,19.135597,1.3658101741178135,2.4753754,0.53323126
2020-11-27 09:00:00,12.33472230170355,16.655182,6.8421936,18.916805795479046,33.56301,11.624087,1.8528033932938373,4.626619,0.42745247
2020-11-28 09:00:00,13.688347075993079,18.048737,8.165924,19.019165511413117,22.67516,15.431923,1.1683344647119058,2.652627,0.044798624
2020-11-29 09:00:00,15.325345849973758,18.920319,11.070709,15.24423949431757,19.507666,10.942675,0.9930057513760688,2.109111,0.14885317
2020-11-30 09:00:00,16.388676897987978,18.218414,11.706696,13.21222462125046,19.592827,8.477485,0.8950145413934706,1.9675169,0.10020206
2020-12-01 09:00:00,15.437552646421977,18.093658,11.382721,12.889492144918272,15.991094,10.350469,0.7292955796160092,1.5341307,0.021422647
2020-12-02 09:00:00,16.075198898781082,17.698639,12.522858,13.623370024466603,16.715336,10.562992,1.2491520292853078,2.5252693,0.160879
2020-12-03 09:00:00,15.627816968470256,22.076569,9.930084,12.670928898741057,21.227066,4.133317,2.25355141353101,4.5968575,0.58821607
2020-12-04 09:00:00,15.341430053618012,20.932526,8.987213,10.410510080097138,18.222046,4.909547,0.9915697507241211,2.5814817,0.12217326
2020-12-05 09:00:00,15.804372946277624,19.199371,12.603668,6.885730590389126,13.61389,2.5271702,0.9193161163971009,2.083025,0.3003472
2020-12-06 09:00:00,15.741074888520643,19.678131,9.891022,8.553193346974034,17.140438,5.202939,0.5776932221701807,1.884575,0.051799927
2020-12-07 09:00:00,13.76513612726717,16.987946,9.605133,15.13204815894373,20.461056,9.382931,1.3888587835244928,3.1416957,0.23249312
2020-12-08 09:00:00,16.149989422487806,18.968658,11.531158,11.708395473674967,15.643983,8.684112,2.037526750246046,5.5680485,0.14951064
2020-12-09 09:00:00,16.91236295631171,19.655426,11.274567,10.23819222608016,12.4069195,7.992857,1.4281377155785322,3.0374663,0.32095563
2020-12-10 09:00:00,17.4353184202576,20.204498,13.022858,13.100303735034416,17.389141,10.190549,0.7493833955507765,1.4531747,0.08491738
2020-12-11 09:00:00,14.157559176432187,18.37613,8.93277,18.41925666641641,29.295029,6.6075296,1.515028894677583,4.509911,0.038562715
2020-12-12 09:00:00,11.760686748926162,15.670563,6.4361877,24.026784475901177,38.26433,14.764331,1.9243704955668803,6.3258357,0.040353473
2020-12-13 09:00:00,10.55485530384442,13.864685,4.972107,29.42211994425733,46.16632,17.12335,1.1799862460642903,2.4329479,0.15715696
2020-12-14 09:00:00,12.717697252850655,16.878387,7.903778,41.60494315861564,76.47713,24.862581,2.104361010641968,2.8787866,0.5941587
2020-12-15 09:00:00,9.73072571138897,13.174103,4.5625916,37.3127508979467,49.19165,23.039307,1.1362340737877992,2.512713,0.14058527
2020-12-16 09:00:00,10.983907751092715,13.927032,6.626251,33.6298527124327,43.180527,23.038265,0.7642887794090427,2.1398253,0.12717359
2020-12-17 09:00:00,12.807634394023921,14.622101,8.999054,28.301089384391464,38.0453,20.363617,1.1297673509137156,2.2521834,0.05214224
2020-12-18 09:00:00,10.624744043356316,15.629791,4.972687,42.682780896871094,52.04458,33.278954,1.3333550588948275,2.841322,0.37969548
2020-12-19 09:00:00,11.242540895784543,13.966583,7.2843323,23.49115261640507,30.96951,12.673919,0.8443818702533271,2.4391308,0.10715855
2020-12-20 09:00:00,13.435040985726062,15.253815,11.191315,11.193741735144515,15.793579,7.852173,0.8544629492204486,1.900901,0.18551615
2020-12-21 09:00:00,14.655984508674294,16.823639,12.362701,10.485647465553091,13.628328,8.79035,1.0224994089526276,2.1932466,0.21901163
2020-12-22 09:00:00,16.15353983581258,18.926422,13.6666565,13.261114018552071,18.922552,7.418646,1.3771219242856791,2.7260816,0.06959052
2020-12-23 09:00:00,12.518217526640058,17.645172,7.5753174,15.250842904759006,23.02843,8.765991,1.1636079393600238,2.1867964,0.38382876
2020-12-24 09:00:00,10.466286711396322,13.447479,4.6056824,8.772962456626264,19.674578,2.4552488,2.196863408650159,4.0766187,0.5823438
2020-12-25 09:00:00,10.762677237498508,14.915131,6.12323,29.077619101705427,44.163376,10.006506,1.36471167418612,3.0718892,0.3915963
2020-12-26 09:00:00,15.338295867275292,20.288788,9.183319,31.50785705483755,41.390137,18.671385,1.1493532065061445,2.4877326,0.20512493
2020-12-27 09:00:00,11.82013109328949,16.01239,6.084656,35.402361713963984,51.18118,19.948921,0.8261760155231266,2.063783,0.15086688
2020-12-28 09:00:00,12.62120671732265,17.233734,4.341156,47.71273682426385,61.790848,35.755142,1.3965131637729464,3.8682785,0.29279694
2020-12-29 09:00:00,7.181424758373225,12.9678955,0.59310913,65.8581094022747,90.12696,32.632797,0.6799149677650151,1.1399215,0.09236518
2020-12-30 09:00:00,10.719778901547329,14.661957,6.0975037,15.426255687292606,40.903713,3.3359776,0.9278456910270032,2.1514876,0.06733733
2020-12-31 09:00:00,10.657130073205963,13.885651,4.76651,19.693472415867152,48.717094,1.2053738,1.4341264752265102,3.297313,0.12020395
2021-01-01 09:00:00,11.207803520274126,14.198883,6.0939026,31.295819382602847,43.5514,22.340462,1.1360383029393413,3.7568521,0.104758956
2021-01-02 09:00:00,12.223242515548918,15.176483,7.127655,27.960336435649964,33.773827,18.344141,0.6853483955931707,1.4270067,0.06862966
2021-01-03 09:00:00,13.350402661068983,17.006989,5.71402,50.22192134192628,58.34456,36.606712,0.8537085585433515,2.3846705,0.039295904
2021-01-04 09:00:00,13.346104405065432,16.492828,9.2135315,38.56870860972317,55.692005,27.535915,0.5967662584990191,1.7708476,0.05568196
2021-01-05 09:00:00,14.395192618107785,19.178864,7.823395,28.890680746883568,59.594677,5.4842625,1.4336720787616664,3.4884157,0.10833233
2021-01-06 09:00:00,13.32685906674277,16.660309,9.541168,16.939461926692346,26.248865,11.427269,0.9496807833817488,2.2650943,0.06714784
2021-01-07 09:00:00,14.242870739773707,17.206696,9.667633,23.924571738000157,33.628357,8.878355,0.9342252082014331,2.082752,0.17068277
2021-01-08 09:00:00,12.766053417667763,15.471527,9.118011,18.59045831024983,34.38908,4.975563,0.7781344216293843,1.9775755,0.10196688
2021-01-09 09:00:00,12.96644320801721,16.418365,7.383209,25.193350525821753,40.36063,14.454814,1.2835981919046628,3.2542748,0.05144743
2021-01-10 09:00:00,12.020690995233963,15.052887,7.7989807,23.929438108530366,35.78475,10.924658,1.1671518155598861,2.7115304,0.22243346
2021-01-11 09:00:00,13.113485710139912,16.919586,8.150055,24.23847203334183,30.784374,17.557812,0.8551614181809114,2.4225106,0.13425797
2021-01-12 09:00:00,14.566370833569692,17.27359,8.947418,20.365609391723616,31.755493,10.403608,1.0165088254410115,2.27169,0.13023642
2021-01-13 09:00:00,13.173432696868076,15.658356,9.472809,18.72256269261425,39.718365,12.884948,0.7441913028357384,1.6158292,0.11683262
2021-01-14 09:00:00,16.314608455993607,18.36734,12.953278,23.0839544749571,34.11805,5.356332,0.9306538189005806,2.1419728,0.087480985
2021-01-15 09:00:00,18.247552842475557,21.995758,15.534821,16.920477122865886,27.82005,11.999736,1.2874429487246453,3.0018444,0.23903114
2021-01-16 09:00:00,19.691688800917746,22.566315,15.822174,14.15129629621377,20.495735,9.560717,1.0549240642023472,2.555119,0.1288361
2021-01-17 09:00:00,19.125667412400333,22.739655,15.434967,21.57287181067774,28.042686,15.679406,1.272257689043397,2.8542163,0.13091056
2021-01-18 09:00:00,20.2664075887659,22.923645,16.200989,19.758661173306155,29.681835,12.83886,1.2185349990718068,2.5881402,0.21520998
2021-01-19 09:00:00,18.6751995524001,23.218689,13.365173,18.621582645673175,25.728445,8.404679,2.7388396450260393,6.5725107,0.14201306
2021-01-20 09:00:00,14.709171270029003,22.116547,6.514862,29.025246079631895,37.030697,23.415213,3.0672574753352557,7.4672995,0.40730384
2021-01-21 09:00:00,16.075657379851634,20.464752,9.48233,31.670691159909616,48.598137,20.637123,0.78183833128312,2.3466344,0.09635561
2021-01-22 09:00:00,16.465732803492187,20.443268,10.23233,23.5837516282306,32.59613,12.636366,1.936318872717852,4.712206,0.085657984
2021-01-23 09:00:00,9.598504904562162,14.511749,1.7051086,70.27212869419846,93.443886,37.00052,2.1675809546711093,5.456459,0.0771048
2021-01-24 09:00:00,7.689763563597296,12.941315,1.0956116,62.62883783728365,88.12883,37.66744,0.9422000467356273,2.2768598,0.1872478
2021-01-25 09:00:00,8.863187770705736,14.579559,0.65182495,59.595295828243096,80.2009,38.736053,3.1879138791394506,6.913165,0.8418367
2021-01-26 09:00:00,4.572113499094371,11.606964,-4.3839417,61.84193354129885,84.94671,33.59132,2.285707426770893,6.417725,0.056533735
2021-01-27 09:00:00,7.70718985765393,12.575592,-0.9341736,39.18329837486262,63.23842,24.187637,2.4669508664750928,5.3582187,0.8153528
2021-01-28 09:00:00,9.766480967959978,16.014404,-0.37036133,57.60876108068757,80.06412,42.51238,3.3991556548450435,6.3468113,0.54069376
2021-01-29 09:00:00,11.27851576499944,17.152008,3.3199768,64.57721931756309,81.26991,44.519913,1.8792361238109605,4.6886725,0.21921156
2021-01-30 09:00:00,9.289846131553873,14.673706,1.4510498,41.6130247353806,59.570324,23.945324,0.7395085797953461,1.675195,0.11440659
2021-01-31 09:00:00,12.350599020859477,16.577606,4.278778,29.21333345829033,37.337826,21.192123,1.428434091701402,2.9874508,0.14684261
2021-02-01 09:00:00,13.783098265343142,18.481354,4.862213,24.009251401939256,33.148804,16.543839,1.6789554784946898,2.8103673,0.36863005
2021-02-02 09:00:00,17.910304958503218,23.160889,9.619873,38.77609159009528,47.227036,32.30903,0.7377503157191284,2.3371909,0.055717982
2021-02-03 09:00:00,17.89970450997913,21.916656,8.486969,45.55298131518466,69.87391,21.655457,2.2780197721707998,4.23464,0.85514736
2021-02-04 09:00:00,11.025102495525402,15.075226,4.22171,39.76257274231688,59.737602,9.001153,1.5513510706006532,2.8465753,0.5989503
2021-02-05 09:00:00,13.301290221392662,16.329132,8.389679,29.007827249296792,40.97191,18.624252,1.0956821905923944,2.3365114,0.19861571
2021-02-06 09:00:00,15.470598466969193,20.485504,9.186676,19.32153501510055,29.981606,10.530185,0.817788224346095,2.0096564,0.048685573
2021-02-07 09:00:00,17.665007079143095,20.40683,13.990814,18.338400256526302,31.615932,10.542618,0.7024549322740472,1.4436594,0.07487338
2021-02-08 09:00:00,17.993957199786394,21.498688,11.66861,22.648497100711317,39.06823,0.5843868,0.9943302172829963,2.6162617,0.19181873
2021-02-09 09:00:00,17.859241232807904,22.014587,8.997009,20.50258645801777,35.69139,1.8593578,1.5585425468250746,4.4600854,0.27238157
2021-02-10 09:00:00,15.321257607566054,19.819061,7.3542175,39.092227227816586,60.907795,24.966108,1.539652970743338,3.9981859,0.17637774
2021-02-11 09:00:00,16.343766965314842,20.552704,8.392548,49.1117587939561,69.30034,30.718311,1.0735168565922277,2.8552845,0.098172784
2021-02-12 09:00:00,16.927078674500308,21.734894,8.6763,52.264690666758455,77.40951,36.08529,2.440889807583528,5.4050593,0.94840854
2021-02-13 09:00:00,12.01779227878177,16.418335,5.230835,51.422353314752634,88.45491,27.102459,2.0890157502225333,5.9746394,0.2292736
2021-02-14 09:00:00,10.533459507577561,17.326813,2.6807556,55.03103125518871,96.10798,20.054098,2.379162555572358,6.0553966,0.32494023
2021-02-15 09:00:00,11.10254935133878,16.379913,3.9277039,55.95444560215165,83.20417,33.302372,2.0411142069260753,4.610754,0.58239883
2021-02-16 09:00:00,12.395952295750135,17.285675,5.678253,62.585861103717654,95.03656,23.306087,3.0772141326512936,7.3334227,1.4368757
2021-02-17 09:00:00,11.989259005721578,16.904572,5.160431,53.01941332058851,89.80952,23.453865,2.2628613593760063,4.4267526,0.505436
2021-02-18 09:00:00,12.26337432850687,17.025635,6.453369,24.06923586956316,36.83581,8.460812,1.2052551470030017,3.6385217,0.09892056
2021-02-19 09:00:00,14.854438047560734,20.516754,8.446442,21.626003561419864,41.29913,8.56664,0.782034185804259,1.840134,0.096740335
2021-02-20 09:00:00,17.064701533812297,22.026093,10.682343,38.31959179327458,53.324722,20.678883,2.9179457671424944,5.80404,1.2850837
2021-02-21 09:00:00,12.272029813097731,16.7836,5.419342,28.643291777588882,39.5473,10.354592,1.5922656985044754,3.102342,0.22732522
2021-02-22 09:00:00,14.600809972892307,18.48404,9.085602,22.679733238350927,27.706692,18.620754,1.8386838866743311,3.943954,0.4725577
2021-02-23 09:00:00,18.515262361994132,22.569244,13.11026,22.33917307271594,37.93367,18.399548,0.8365827305389543,1.5713682,0.20383352
2021-02-24 09:00:00,19.743076240065932,22.71402,14.532379,22.00986377353522,49.676994,3.5163937,1.218385146930132,2.1435127,0.60377395
2021-02-25 09:00:00,17.16671888034523,21.972565,10.660065,16.74752696764994,30.055706,3.954503,1.5436609336693474,4.0368366,0.37703696
2021-02-26 09:00:00,14.852121716830084,20.217316,9.600128,17.930313643676108,39.63684,8.079705,0.8231809900045575,1.6530937,0.19383165
2021-02-27 09:00:00,16.104296697516247,20.796967,9.322357,26.19154656483164,47.580738,8.2291765,2.589434705398631,5.2100224,0.88899726
2021-02-28 09:00:00,13.374668909296133,18.622223,6.9405823,25.147470735395036,28.952477,16.918076,1.2486134343451851,2.511559,0.30668896
2021-03-01 09:00:00,15.560161970739216,22.235016,8.194,12.49489861786567,18.321045,8.098388,2.1487318286885992,3.5719132,0.7455026
2021-03-02 09:00:00,19.254319713201312,26.45346,10.394867,10.304312870757908,15.134219,5.169325,2.21337373204478,3.8824441,0.38753444
2021-03-03 09:00:00,19.396884565178595,25.340546,10.744843,11.565293569224377,18.414543,6.9788885,2.0590382628639956,3.4712536,0.35508806
2021-03-04 09:00:00,13.939631591019747,19.610046,9.4114685,35.392258539371525,43.052486,25.380606,1.374369702146393,3.2035115,0.09565733
2021-03-05 09:00:00,19.19278725069222,23.224335,13.003632,17.14879879808638,21.491516,13.581569,0.7175767123687038,1.4606874,0.09708375
2021-03-06 09:00:00,21.901530221224675,26.379211,14.592102,20.945931798744375,32.79653,13.726743,1.2738065546212523,2.2869234,0.40596628
2021-03-07 09:00:00,16.40486461674959,20.381042,10.4279175,40.14253692165933,52.227066,23.782928,1.9146206262344443,3.5387857,0.9883692
2021-03-08 09:00:00,16.129988880021983,19.686554,10.963898,37.59929992583013,51.55842,12.250345,2.120099648750224,5.400881,0.5086444
2021-03-09 09:00:00,15.188087882585933,20.627838,7.29776,38.481285295519605,49.953377,26.394783,3.39286031510221,7.2451367,1.3958735
2021-03-10 09:00:00,12.421165584823143,17.37564,4.6783752,46.11932167076451,80.48825,18.832005,2.5342106234193373,5.70996,0.21125619
2021-03-11 09:00:00,8.737194411866142,14.663971,-0.06259155,62.78527164271614,80.77745,40.175888,2.1326146386376603,5.2106876,0.49506828
2021-03-12 09:00:00,10.022251369358742,15.6371155,1.8343811,56.6718877958411,75.841866,28.797314,0.922515304930705,2.55705,0.15518145
2021-03-13 09:00:00,11.689396364403194,17.420319,2.7098694,48.38673373869256,73.13568,25.481794,1.5177303185782434,4.062995,0.046873156
2021-03-14 09:00:00,15.54964086044157,20.627838,6.8641663,39.65065746200308,62.244476,9.017914,1.8939513934196468,4.6913843,0.49527466
2021-03-15 09:00:00,15.836103859213154,19.986237,7.912018,45.88438252454221,70.86138,26.798885,2.848910158973755,7.8265133,0.66510946
2021-03-16 09:00:00,7.901145829629684,11.868317,2.7931213,55.300761628365066,70.68052,32.528736,2.425833799413806,6.1836796,0.14844412
2021-03-17 09:00:00,12.98938560457782,17.257446,6.362915,40.72560267469935,49.27441,25.848743,0.6266989833668541,1.7179995,0.02895613
2021-03-18 09:00:00,17.163927545987065,20.699615,9.731598,31.00329637212182,44.567245,16.362312,1.0460959788716278,1.7039104,0.4879915
2021-03-19 09:00:00,21.240042619139842,25.831207,14.448395,47.57716347062871,73.33794,22.626997,2.049778623439406,4.2066045,0.49062952
2021-03-20 09:00:00,18.192084557955525,23.333405,11.770905,55.01155391700175,86.54894,28.859962,3.5845318356807145,6.628351,2.011858
2021-03-21 09:00:00,12.781081046507609,17.83316,5.7211,46.445422169085646,72.573845,19.168255,2.084064850895508,3.755366,0.43671954
2021-03-22 09:00:00,13.807574604689592,18.586334,7.4752502,34.014208602023345,61.858368,13.744726,1.2549863458771908,3.634824,0.017906701
2021-03-23 09:00:00,16.099968867702046,21.136871,9.132965,45.28399687958353,60.196415,31.239384,2.819466424949715,7.597986,0.7206542
2021-03-24 09:00:00,15.006646972736917,20.115387,8.468414,25.44404831845145,49.423748,10.921932,1.9040106891797943,5.5728416,0.100718446
2021-03-25 09:00:00,17.533770832925313,22.509918,10.490387,26.09715933229476,43.567657,12.090096,2.653391980047943,6.5086904,0.31305626
2021-03-26 09:00:00,13.762063615781301,19.573639,6.9686584,52.14242662604441,74.503845,23.062435,1.9137419731828262,4.4347544,0.7673535
2021-03-27 09:00:00,17.439077199451958,21.61734,11.765778,22.389030779486482,33.37545,10.602826,1.1461414829063892,3.5038955,0.28518897
2021-03-28 09:00:00,21.580579717324667,26.244293,15.550934,18.349592201248168,26.223122,12.860941,0.5209809327814171,1.1064773,0.04595229
2021-03-29 09:00:00,25.134049868848308,29.524567,18.71988,16.24589788980436,26.988396,8.098541,1.429719203549491,3.2287924,0.05752509
2021-03-30 09:00:00,21.891629002083107,27.230621,14.533356,19.484044926530682,27.200207,10.431603,1.3769478389880379,3.1060178,0.22356047
2021-03-31 09:00:00,21.778195668727847,27.844635,14.776276,10.64149871455642,19.200302,6.930772,2.515022068026777,5.2851,0.5057182
2021-04-01 09:00:00,24.38182216954732,30.463531,16.549469,7.432551031920974,14.585193,3.2398567,2.123883242947099,4.2840905,0.26859578
2021-04-02 09:00:00,25.73104804340022,31.301178,18.492584,9.97247693354422,17.370932,5.348733,0.6817814606585918,1.3802791,0.18898885
2021-04-03 09:00:00,26.8364463529432,31.484283,19.808502,11.15515167352798,19.10638,3.482503,1.9597448006663958,4.1878366,0.5977145
2021-04-04 09:00:00,26.427414561466833,29.995514,20.011139,13.049550641587617,19.834661,4.9030533,2.3158018194583434,5.3974466,1.0335004
2021-04-05 09:00:00,23.025405166400503,28.207428,16.697662,21.79525269145046,36.598045,10.779306,2.7543827781399415,7.4392114,0.75925475
2021-04-06 09:00:00,20.980200692493554,25.562408,14.07608,29.97596447157093,45.284695,18.054226,2.0493895951552226,4.7622943,0.65294003
2021-04-07 09:00:00,22.42566533325413,26.078766,16.582672,22.14285189181862,40.501778,9.532786,1.3310038065916794,2.9391074,0.15359825
2021-04-08 09:00:00,23.794741752280572,28.225983,16.761139,25.541365371062877,37.39953,12.616494,2.784619353842138,7.1735597,0.58123976
2021-04-09 09:00:00,20.485812386512805,24.822174,15.256012,23.34134905912081,34.534798,12.2695675,1.8293893799458758,4.404898,0.27581748
2021-04-10 09:00:00,22.960941121242342,27.631256,16.90274,19.867606473180157,33.352245,7.381873,2.0207577679183832,4.640519,0.46761423
2021-04-11 09:00:00,21.579329938472654,26.873932,16.76358,22.00970608257188,38.63256,10.131283,1.2577601989933072,3.51152,0.04658812
2021-04-12 09:00:00,23.49982475278,27.966461,17.763336,23.784017016878437,36.20257,10.151907,1.277318219940061,2.8932295,0.19529182
2021-04-13 09:00:00,24.29999860885613,28.809479,17.543854,29.574783973386392,39.274517,15.925229,2.6190910011613537,6.8874946,0.66199476
2021-04-14 09:00:00,22.09732510624491,27.377838,14.825104,22.074625889432813,34.63461,1.5408578,4.115042803525407,9.012401,2.0992935
2021-04-15 09:00:00,18.433723580857077,23.5336,10.410553,32.862338502586184,46.426697,17.658413,2.1004338730053114,4.8148155,0.45202035
2021-04-16 09:00:00,20.73097852937309,25.870758,13.730133,29.0806586518232,41.807705,17.457619,1.1868587482519048,2.1550374,0.22158122
2021-04-17 09:00:00,22.017232706848688,27.022858,15.013092,27.508180777327336,41.002506,14.706405,0.9598626069313644,1.656571,0.22691947
2021-04-18 09:00:00,22.119431633448528,27.758453,14.571686,18.60055308287494,31.543377,6.5817614,1.542214555844143,4.0117397,0.011610174
2021-04-19 09:00:00,24.85112897379588,30.810455,18.478424,14.808083570043925,22.53944,5.816334,0.9529735058266947,2.192448,0.09252346
2021-04-20 09:00:00,26.692427997696086,32.00235,19.223053,16.119409518550256,22.807669,9.069387,1.77184676178335,4.5691686,0.22755122
2021-04-21 09:00:00,25.41902260272957,30.967682,17.661041,20.130252717567426,32.473526,4.89517,3.5774661180885547,8.057355,1.2028649
2021-04-22 09:00:00,20.355249232014614,25.300934,14.6961975,45.54762933001093,61.98963,18.273151,2.4342621920282923,6.300866,0.12466556
2021-04-23 09:00:00,21.90427404210709,27.935211,16.05777,33.23898929816592,47.404667,15.504029,2.7825624025782205,6.3213453,0.5270456
2021-04-24 09:00:00,23.635347491390405,28.451813,17.059235,35.45068299282585,48.96862,18.058464,3.249079967222246,7.427117,1.7536912
2021-04-25 09:00:00,21.534428725846965,26.971588,13.67276,37.716436841861174,47.61155,23.614298,3.432668461514692,7.4411983,1.5148501
2021-04-26 09:00:00,15.317813810381779,19.869781,8.160797,65.18857297180982,81.59614,40.752598,3.308270560132862,7.4202785,1.6500088
2021-04-27 09:00:00,15.84415911566407,21.34732,8.793854,46.141796827037496,64.03762,20.391388,1.8257875331866136,4.879539,0.3823843
2021-04-28 09:00:00,20.028360328527924,23.918121,15.532867,22.865402926870146,46.283165,8.681601,1.47504231253383,3.6121767,0.027573016
2021-04-29 09:00:00,25.659348921971684,29.19522,20.541168,14.116887728731303,29.436932,3.728652,0.9285674573220896,1.9354435,0.17152613
2021-04-30 09:00:00,29.534500972413525,33.64981,23.704498,12.924514168560854,23.48986,9.235701,0.9245943926573637,1.5994993,0.42384338
2021-05-01 09:00:00,31.354277261720767,35.321686,24.419342,16.43107638230725,23.818552,8.783396,2.4400851928944953,5.8252687,0.31346214
2021-05-02 09:00:00,25.703849341237344,31.134918,18.36148,20.62011454778411,27.977589,12.668995,3.2911141185422226,7.4895806,1.0051731
2021-05-03 09:00:00,23.335964420399478,29.085358,16.217438,30.69826466196483,44.825195,15.266603,1.6567438564882868,3.5846903,0.4847724
2021-05-04 09:00:00,25.778156635712662,30.75064,20.05484,21.33378641818737,32.501556,10.233163,0.9274844930460372,1.8227459,0.07805534
2021-05-05 09:00:00,29.91971154243805,34.35147,22.871002,19.269999578852524,24.001682,12.854039,0.6738801496096612,1.4623386,0.100256465
2021-05-06 09:00:00,32.05465146606565,37.40396,25.407867,15.975173234166729,22.677937,10.8606415,1.4549063880838875,3.1362247,0.7644743
2021-05-07 09:00:00,29.458971896109745,34.60611,22.264313,23.571273843266656,29.639858,14.475796,3.0547892001906103,6.3758445,1.661851
2021-05-08 09:00:00,25.490686676226744,30.50943,18.495758,21.755079661230305,34.73824,10.6141615,2.1774171967118083,4.5477695,0.7185656
2021-05-09 09:00:00,26.444840819659873,30.71817,20.31778,20.675797995722313,32.143158,9.48835,1.2648931393841798,2.9442637,0.15603086
2021-05-10 09:00:00,27.47617826451159,32.812653,20.164215,20.904185221232602,27.852993,12.444356,1.6754655879433478,3.7411559,0.2485121
2021-05-11 09:00:00,28.43054532193088,33.749176,22.227692,19.66436849014065,31.167767,7.288946,1.049321151452429,1.9245021,0.17150262
2021-05-12 09:00:00,30.431573519687618,35.454742,23.687164,15.993637462552883,24.433136,9.161299,1.3722694664225492,2.3462207,0.25057518
2021-05-13 09:00:00,31.98089313606016,37.050934,25.562653,16.0208747056464,21.188538,8.336975,2.056620152599219,3.5095487,0.98409164
2021-05-14 09:00:00,30.858393547789433,36.50699,24.471832,19.91778337715618,25.31966,11.256382,2.2633597451221927,4.7294745,0.55627304
2021-05-15 09:00:00,30.102784028959945,35.207916,23.373932,21.50602044022238,27.39056,13.581966,3.367501045377988,7.2752447,1.3964565
2021-05-16 09:00:00,23.824518557573015,28.973053,16.887115,33.910438769790716,56.91999,12.623117,3.4327624959605916,8.1115055,1.778385
2021-05-17 09:00:00,23.027845022354825,28.517975,17.741608,51.588782818450426,68.95176,23.645992,2.6537278617571403,6.1605067,1.0208114
2021-05-18 09:00:00,25.62076717605254,31.592926,18.77945,37.66367868877524,55.50759,21.977367,2.730909032717528,6.0377903,0.9388227
2021-05-19 09:00:00,26.34857209164153,31.31192,20.063873,25.972652907168822,38.222187,13.667595,3.131599596262254,7.0577455,0.83592635
2021-05-20 09:00:00,25.911912351854426,30.92398,18.718903,19.575799959067616,30.694683,3.4232569,4.231691458082298,8.804224,1.7164859
2021-05-21 09:00:00,18.650980918282016,23.542877,10.966705,24.98496833301558,34.1306,14.99388,4.344168277345604,9.071804,1.8644136
2021-05-22 09:00:00,17.522581811878524,24.427643,9.841705,24.686807941099396,37.228806,15.382616,2.2416409404159894,5.060346,0.23682658
2021-05-23 09:00:00,20.011960258301315,26.094147,12.865143,33.57649050559752,41.058014,25.16755,2.1160016425379875,4.9133787,0.25978145
2021-05-24 09:00:00,23.912471271240463,28.660309,18.12613,24.962507382625887,31.723114,18.071522,1.0452169278088799,1.8064034,0.09159086
2021-05-25 09:00:00,27.700079974284677,32.40445,21.502106,22.057406253894882,31.553604,14.910167,1.6952447976730556,2.8842885,0.290925
2021-05-26 09:00:00,26.809264677343833,32.073395,20.205475,24.91304343665926,33.952328,13.836895,1.9073229665930989,5.0573263,0.35727486
2021-05-27 09:00:00,28.695847200810817,33.083893,22.011627,24.693776523630238,31.52512,15.768209,1.917064360346519,4.306763,0.6778929
2021-05-28 09:00:00,28.945856234385758,33.926666,22.42862,16.79624258625352,25.763893,10.181863,2.1137469763491135,4.5136533,0.586637
2021-05-29 09:00:00,29.46885189013284,33.71817,23.663483,24.5799012454922,41.97442,11.52456,2.099429584464104,4.907339,0.52197593
2021-05-30 09:00:00,29.267407642802766,34.190582,23.753082,28.48916093302489,40.933838,7.7804413,1.7921844170551282,3.7854238,0.28418562
2021-05-31 09:00:00,31.71959821586745,35.317047,26.850494,17.828870458251647,25.671871,7.6757774,1.3717416289352038,2.2382133,0.14964889
2021-06-01 09:00:00,34.376862642301774,40.137115,27.605621,13.48718339773388,21.667883,5.289356,1.3799736467188306,2.9259465,0.14434697
2021-06-02 09:00:00,34.901223013532956,41.031647,28.267975,16.392958252628564,22.226025,8.695025,2.070854959139112,4.4003925,0.57216483
2021-06-03 09:00:00,36.429081161539216,41.767,29.702545,15.558324744883851,19.297228,10.888878,2.2069341394839914,5.2851124,0.26484054
2021-06-04 09:00:00,36.05314012556926,40.29312,30.2482,15.290965161279164,21.123688,8.725251,2.552963053043843,5.4054675,1.1475289
2021-06-05 09:00:00,35.32991171849602,40.131744,29.299713,20.243805100959428,29.235334,9.966713,2.9139449908511277,6.245866,1.3993393
2021-06-06 09:00:00,33.758009745304264,37.867096,27.69522,19.720318676826157,26.457634,10.973258,3.3589192922726374,7.335409,1.0989147
2021-06-07 09:00:00,31.102067955149494,35.50479,24.782135,17.75650489478264,28.365395,6.9591455,3.4025641081536184,7.5089498,1.6000584
2021-06-08 09:00:00,26.570944810909566,31.579498,21.12442,33.09236585672628,41.730938,21.432129,3.290987104138822,7.483442,1.7925624
2021-06-09 09:00:00,25.333336284133566,28.954987,19.765533,32.281433957658166,46.59531,13.937981,2.6226482364348676,4.8148146,1.5276418
2021-06-10 09:00:00,24.050439663095915,27.765778,17.98648,30.808861384173344,47.941654,11.387756,3.1950534243171114,6.0221944,2.1016662
2021-06-11 09:00:00,23.10476644939206,27.118317,19.07022,18.677686408795918,28.511427,8.972364,1.6086714360050538,2.9191146,0.66055334
2021-06-12 09:00:00,27.320124179706454,32.000397,23.394928,16.66111277631995,23.957115,9.478459,1.8397468142695699,3.5800138,0.6982997
2021-06-13 09:00:00,31.21816563131148,35.84439,26.701813,20.458325984117952,36.030956,9.2067375,1.5758323065124449,3.4658527,0.15796086
2021-06-14 09:00:00,33.51344560612773,37.618317,27.622223,27.768429647665275,48.007507,12.230164,2.392865016816347,4.178786,1.2238102
2021-06-15 09:00:00,32.426886140704084,38.217438,26.998688,27.768207099527626,42.964878,8.882847,2.1964930849975994,3.758076,0.7566137
2021-06-16 09:00:00,33.0284963181432,39.563873,26.751373,12.15182633229163,16.291605,6.2947426,2.1243087273554084,3.8045917,0.87724274
2021-06-17 09:00:00,36.265512251387406,42.974274,30.786774,11.047881301892417,14.905854,7.4212255,1.4306581844341337,2.8016782,0.6117664
2021-06-18 09:00:00,37.97610961814621,41.693756,32.830475,12.046408666572182,17.852924,6.5560317,1.748357348039637,3.940957,0.42830485
2021-06-19 09:00:00,39.07182027774394,44.78482,32.044586,13.738079125884163,17.354855,9.679539,1.9691654737521136,4.443462,0.563025
2021-06-20 09:00:00,38.617721481347246,43.870026,32.401276,14.23179684962463,18.46306,10.480608,2.6636630163491835,6.7552958,0.37538293
2021-06-21 09:00:00,37.22471335918061,43.76602,30.185944,9.448257925189127,14.432859,3.664688,3.1017425967259005,6.918254,0.60355395
2021-06-22 09:00:00,35.85760079703442,41.163727,29.767242,14.524023226989945,25.998226,8.487885,2.5089209938666492,4.8398757,0.059704613
2021-06-23 09:00:00,33.54831104579739,38.162262,27.96109,19.814585039387676,30.975197,9.743058,2.286260276912475,4.399953,0.22729243
2021-06-24 09:00:00,32.19874603753459,37.612213,26.01651,21.496485344217476,33.306175,13.03274,2.259156114468361,3.8171613,0.5286262
2021-06-25 09:00:00,31.889733660474292,36.385162,25.764069,25.821265842744094,38.532715,11.524094,2.24146322627282,4.530872,1.2772465
2021-06-26 09:00:00,32.20508490391114,36.41861,27.725006,24.187440765584157,36.225445,9.379115,1.4348272729561435,3.2244828,0.08638332
2021-06-27 09:00:00,35.64077282617188,39.74112,30.453522,19.431501342342393,28.422108,9.8861685,0.9992492448934487,2.3784049,0.16486813
2021-06-28 09:00:00,37.89440863049026,42.630524,32.220367,19.520094402055832,27.840631,10.1336,1.0634259471152776,2.3555703,0.21036118
2021-06-29 09:00:00,36.515304371251375,41.88443,29.441315,15.295534515735108,23.193378,5.758628,1.606874331666266,2.6445887,0.85500044
2021-06-30 09:00:00,35.821013725246814,40.238434,28.29898,20.583258241725154,27.036606,13.778299,1.5400703104018998,3.5576055,0.2874561
2021-07-01 09:00:00,36.346893302411615,41.155426,29.878082,20.61809041355966,35.824734,9.27786,2.4649883621767223,4.552175,0.8256664
2021-07-02 09:00:00,35.0245161571043,38.972076,29.282623,22.35751294580498,34.825428,10.075427,2.0802280440947243,3.9320626,0.8716057
2021-07-03 09:00:00,35.38704174212705,39.902985,30.260406,19.37976564922149,29.770445,9.715174,2.0336753352363495,3.737388,0.9349771
2021-07-04 09:00:00,35.35727982017784,39.60562,29.127106,14.129279967967074,24.563461,7.591362,2.453568914342563,4.5387073,1.0638537
2021-07-05 09:00:00,35.123258087269164,39.640533,29.322174,11.832448526769545,17.322231,8.221893,2.1884818506065136,4.2603216,1.122868
2021-07-06 09:00:00,35.25086769567389,39.510162,30.328522,17.141951577262883,25.975094,9.302916,1.7479994155636935,4.0137734,0.9062867
2021-07-07 09:00:00,35.48391977567843,39.698395,30.255035,20.586749684932464,30.38567,12.301269,1.9627355474346206,3.9834898,0.3378917
2021-07-08 09:00:00,35.94815102757809,40.7648,30.655426,21.44764678206275,29.248825,15.086021,1.8218655294801493,4.330938,0.2951702
2021-07-09 09:00:00,37.66179056284926,42.326324,32.732086,18.906263704030632,23.17626,13.8871975,1.809612539913488,4.4950814,0.23871519
2021-07-10 09:00:00,39.93483796545786,44.854645,34.544098,19.150763529390748,23.667202,13.463259,1.8466605436724806,4.597687,0.5149617
2021-07-11 09:00:00,39.48490735905773,44.53482,33.47818,18.55558493382487,22.317204,9.482962,1.9872762254406033,5.271224,0.13734514
2021-07-12 09:00:00,39.45746562279322,45.2919,33.67276,12.226195760831983,17.251118,5.681398,1.9191927184469235,4.588963,0.24446589
2021-07-13 09:00:00,39.49578189475085,44.65445,33.96695,11.904461202552813,13.998104,10.375009,1.8926581110150702,4.1906395,0.3767293
2021-07-14 09:00:00,37.49076782308009,41.407623,31.300201,21.234829227145443,32.94198,10.730706,2.652460174254123,5.7474318,0.4827323
2021-07-15 09:00:00,35.98152778736181,40.204987,29.86905,30.287696431419217,38.74107,19.081556,2.910502309825844,6.3722935,0.98398846
2021-07-16 09:00:00,35.06751424002175,39.014313,30.164703,23.199956400791148,36.642113,12.548876,2.719182199269463,6.270928,1.4855508
2021-07-17 09:00:00,34.68060686673806,38.63492,29.550934,22.17905429640337,29.761578,15.868139,2.3146937353687407,4.9450445,0.9968388
2021-07-18 09:00:00,35.95435846665055,40.197662,30.816803,18.71739195786444,23.358875,15.436999,1.776982994040876,4.573873,0.5507133
2021-07-19 09:00:00,34.73764497330251,39.97232,29.532867,24.477539609557557,29.529575,19.299002,1.440630692025404,3.6065998,0.12574385
2021-07-20 09:00:00,34.52518359090999,40.7731,28.355865,28.78370160959828,37.181904,19.2864,1.9061061876177419,4.2901964,0.6198622
2021-07-21 09:00:00,35.90894084342483,40.935944,30.250397,24.422820467258774,30.239601,13.774758,1.9739175980394212,4.6141095,0.36930582
2021-07-22 09:00:00,35.11202240508635,39.67154,29.732086,20.890953593493578,23.135042,18.133152,1.5123629063053978,3.8027124,0.18896791
2021-07-23 09:00:00,35.083288029054245,40.415924,29.273346,22.60584093305527,29.370033,19.11222,2.1391291527217398,4.63308,0.75565493
2021-07-24 09:00:00,35.49482031866569,40.11075,30.542389,20.45805824660765,28.396969,15.95505,2.1129138572991737,4.517631,0.78702265
2021-07-25 09:00:00,34.882351975904044,39.995514,30.175201,21.486020275136664,25.566257,16.678593,2.1392464797056148,4.5203433,0.96023464
2021-07-26 09:00:00,35.42464467703212,40.58072,31.291656,23.493955063121444,27.443443,16.755943,1.86250133737831,4.3334494,0.63447356
2021-07-27 09:00:00,29.732820881257112,35.286285,25.35904,41.94281800142462,49.783573,30.843672,0.6954835970830814,1.4132264,0.013128548
2021-07-28 09:00:00,34.567108853624575,40.192535,28.227692,25.040781511833824,31.566986,15.245159,1.4792585316233586,3.7291505,0.27325326
2021-07-29 09:00:00,35.016985414471435,40.99356,28.09195,26.605481883693734,32.982758,15.19492,1.605169673294631,3.669404,0.4026388
2021-07-30 09:00:00,35.12848336599882,41.407867,27.54654,24.522143320283792,33.152905,15.696455,0.8440110646599893,2.5731769,0.18813276
2021-07-31 09:00:00,35.082321571526336,42.22281,25.234528,24.599562308379365,49.12429,8.362574,1.555948225153335,3.3955626,0.21968246
2021-08-01 09:00:00,35.405646245528544,41.605377,26.779205,19.86118873450844,31.684738,13.610369,1.3364439352365665,2.6799014,0.11705212
2021-08-02 09:00:00,36.87554942947486,42.21646,30.124664,14.411381444298286,18.16275,9.4849415,1.9963807630905042,3.851416,1.003614
2021-08-03 09:00:00,36.46341101218104,40.55777,30.934723,16.296256285341943,20.556255,9.320652,1.2940844035486696,2.752923,0.6121293
2021-08-04 09:00:00,37.42667328595212,41.216217,31.964264,15.4316521525096,20.790264,8.694492,1.2749998429856284,2.7282832,0.36332244
2021-08-05 09:00:00,37.7498065592618,42.46109,31.777496,19.047357962486227,24.729107,12.30257,2.1746710950757326,4.323499,0.6253233
2021-08-06 09:00:00,34.32377108558853,39.395172,28.832672,11.703362188058005,18.138496,5.648819,1.9315196747390397,4.5857444,0.09662156
2021-08-07 09:00:00,33.19196726440629,37.93985,27.805084,11.305510386230619,19.316967,5.284404,1.0418911399441844,2.8922808,0.0872698
2021-08-08 09:00:00,35.35665283966313,39.943512,29.8732,15.836058478639524,23.756706,7.581847,2.1295184233592686,4.712849,0.26050365
2021-08-09 09:00:00,35.40727157334737,40.135406,29.588531,18.464194832077116,27.682098,10.120647,2.3173273944264623,4.8167677,0.8405575
2021-08-10 09:00:00,35.490664315319634,39.980377,30.072174,18.26243355643273,26.141598,11.211624,1.970699213817396,4.065967,0.865691
2021-08-11 09:00:00,36.52719198714652,42.324127,30.384674,19.573113062490354,24.09412,11.061128,2.001194303895154,5.3220015,0.36190128
2021-08-12 09:00:00,34.652125229849105,41.04483,29.396637,23.265793197051483,28.171005,13.775879,1.7641205979074728,5.0657234,0.4840928
2021-08-13 09:00:00,36.38155807732858,41.959137,30.277496,22.129274161236783,30.10975,9.5277195,2.009849441477643,5.6247435,0.4373887
2021-08-14 09:00:00,35.8823458458217,41.920563,30.50064,25.330931728067732,30.804853,12.12126,1.8950696106990175,4.3770185,0.29385772
2021-08-15 09:00:00,35.71917403388801,41.230133,30.559967,23.383798346057635,30.450268,14.030732,1.5553001637505801,3.3767982,0.22189084
2021-08-16 09:00:00,38.07172565655429,42.737213,32.42276,20.547508851252417,27.534122,8.846622,1.4501009590450196,3.4836476,0.5264389
2021-08-17 09:00:00,37.21819212622262,43.1149,31.366852,24.07275082843018,29.764292,14.701792,2.8602470146806325,7.1177545,0.2842839
2021-08-18 09:00:00,34.707546275494224,39.562653,29.562653,20.747031077881292,35.81706,5.5116115,3.527212869124347,8.342771,0.50190085
2021-08-19 09:00:00,28.60376043648472,33.253326,23.323639,30.81400546329677,45.48116,11.446003,2.550871730252771,5.6732235,1.4960617
2021-08-20 09:00:00,29.851512421259713,34.19815,24.469635,27.74580154171716,35.507137,12.563466,1.047567682631429,1.9959115,0.32177606
2021-08-21 09:00:00,31.092330632632468,35.470367,26.19107,34.8548568318875,49.511322,16.42929,2.0494187741361762,3.2505531,0.90100807
2021-08-22 09:00:00,30.4752100074532,34.663483,24.948639,36.40277014400526,48.648438,14.685776,2.1828981663721336,3.6262054,1.1770152
2021-08-23 09:00:00,31.122186394686878,35.020905,26.509186,34.411212906403854,49.97292,8.649,1.7969851684815628,2.9661689,0.79899716
2021-08-24 09:00:00,32.02987478801896,36.179108,27.097076,25.568326135280483,41.18598,11.576607,2.0115060839137984,3.592369,0.7008153
2021-08-25 09:00:00,33.08225193757909,36.89859,27.937653,19.076702860185243,30.524025,9.154492,2.0690293270040327,3.5573215,0.72337633
2021-08-26 09:00:00,33.26771365588803,37.30533,27.783844,16.230953732410207,32.112686,4.9173746,1.6948771149837067,3.7830489,0.24060291
2021-08-27 09:00:00,33.094706738357615,37.678864,28.048004,12.140209965437343,19.707973,4.0829725,1.1022727215403376,2.414679,0.15470955
2021-08-28 09:00:00,35.47748997979801,39.447662,30.719147,10.456335487114625,18.780441,5.4000225,1.0110445664691603,2.074303,0.06777059
2021-08-29 09:00:00,37.36304031435833,41.500153,32.224762,14.845182483122482,19.192371,10.827326,1.456345552176349,2.5814722,0.545453
2021-08-30 09:00:00,38.535294574220586,42.85367,33.070465,17.008475126553833,21.86903,11.7139,1.6503936909620203,3.715686,0.48482865
2021-08-31 09:00:00,36.69219224080234,42.731354,31.170807,18.833558005144887,24.818129,9.810316,2.433893012888621,6.2298,0.38000464
2021-09-01 09:00:00,33.27921119607004,38.077545,27.747467,19.641201228487613,26.769749,6.3248854,2.9325627482179777,5.972019,1.1365242
2021-09-02 09:00:00,30.889969510438505,34.855377,25.703033,14.50623350338149,26.25681,2.9495487,2.479090879924573,5.397383,1.1384679
2021-09-03 09:00:00,29.999824044199215,34.02896,24.667633,12.32111891789203,18.264307,6.431773,1.701427700344518,3.48019,0.5045594
2021-09-04 09:00:00,31.505405413735048,35.68277,26.52066,11.31160678636441,14.992891,7.7936726,0.7993698084720371,2.0652544,0.13387413
2021-09-05 09:00:00,33.006245477994014,37.27652,28.715973,11.806392269628768,16.155153,6.501856,0.6236654835823305,1.3380209,0.044284288
2021-09-06 09:00:00,35.656468712064566,39.66617,31.101715,15.4920423009617,18.849651,11.125303,0.7531312912873817,1.3514497,0.24421123
2021-09-07 09:00:00,36.69197723286595,41.51529,31.50943,16.84915499546168,24.225487,12.604392,0.9256940601421587,1.561562,0.22628258
2021-09-08 09:00:00,37.5125377167962,42.438385,32.62393,13.842734731938032,18.709423,9.939893,1.197870198219976,2.142326,0.34271312
2021-09-09 09:00:00,37.2196547635823,41.635162,31.900787,13.152116360709337,18.53761,7.512952,1.0113491182271612,2.2783997,0.1583385
2021-09-10 09:00:00,33.837351341821204,39.829987,25.825836,31.219104569058935,41.371445,21.185413,1.3173484467816905,2.793001,0.07178152
2021-09-11 09:00:00,32.99924842870678,38.11563,26.422272,35.85901228510364,43.548355,27.07179,1.7982777836493518,3.8215861,0.54935294
2021-09-12 09:00:00,32.5248570859535,37.192047,26.619781,22.49313253280042,29.944445,12.247541,1.496376890969717,3.0927005,0.45965126
2021-09-13 09:00:00,33.2177814915799,37.33658,28.18814,18.62877877039455,31.700047,9.891454,1.721570284679729,3.8604038,0.20229907
2021-09-14 09:00:00,33.673731131794455,38.283356,28.507965,18.23521596082491,27.56776,7.7396507,1.3059152204695925,3.211483,0.22870113
2021-09-15 09:00:00,33.300584649277766,38.31192,28.49356,17.04652832285046,25.398697,5.962118,1.3720060407356975,2.5175643,0.12884603
2021-09-16 09:00:00,32.10248749735274,37.09561,26.747955,20.44984812259801,32.04915,10.280171,2.0847858907790404,4.55718,0.32286164
2021-09-17 09:00:00,30.319046247555434,34.743073,25.327057,23.238907556864387,36.77328,11.697278,1.6006161334332425,2.8796961,0.47446612
2021-09-18 09:00:00,29.92490671196822,34.105133,24.931305,25.012844097355472,37.685596,11.374696,1.790362778203351,3.3061883,0.18340522
2021-09-19 09:00:00,28.36349638099506,32.707184,22.800934,29.416170998257947,42.976543,11.156895,2.7455656817124527,5.9741364,0.7105753
2021-09-20 09:00:00,26.19446513690349,30.108795,22.386627,28.37793076607729,40.72256,15.665437,1.3614567291146722,2.5139294,0.3886689
2021-09-21 09:00:00,29.838447473516965,33.203766,25.00064,16.205551091263615,19.809477,10.567289,2.026896572354928,4.343679,0.3320428
2021-09-22 09:00:00,33.25744238004171,38.19986,26.604156,14.938653290874381,19.32665,10.318838,0.49318352731077514,1.0711721,0.0952756
2021-09-23 09:00:00,32.30518791731254,37.85318,26.45279,27.648113777923534,35.888874,15.021552,1.4927559896881857,3.60384,0.034528457
2021-09-24 09:00:00,29.739783539478992,34.539948,25.118073,17.729638172047455,21.631596,12.225347,0.5618767987798596,1.2132392,0.11027642
2021-09-25 09:00:00,30.938708067243113,35.895172,25.996735,20.008251014064676,27.155718,10.96586,0.6064432637749757,1.5023558,0.14600697
2021-09-26 09:00:00,30.25246919208621,34.76114,25.770905,27.232321815666385,34.59677,16.413176,1.4253993878099769,2.8698914,0.38129118
2021-09-27 09:00:00,28.536792134970938,32.982086,23.560211,24.842303538257514,36.75646,17.647083,2.0047724575681163,4.810862,0.21607776
2021-09-28 09:00:00,25.872605691494243,30.821198,20.389557,29.632158682390575,42.467827,15.657208,3.2482132657508482,8.02551,0.87883353
2021-09-29 09:00:00,20.673834456136433,24.420319,16.781158,31.427071094723633,49.194565,11.225816,1.4180234570753454,3.30644,0.09038088
2021-09-30 09:00:00,24.331302550228088,27.91446,20.324127,11.230690609508548,17.10306,7.172347,1.3518588821662112,3.460578,0.17143568
2021-10-01 09:00:00,27.490129320874075,32.233063,22.069,8.891293580883634,13.356569,7.1021166,0.739034600223781,1.8391513,0.13884337
2021-10-02 09:00:00,28.38811278426624,33.87393,22.327057,9.194877788873482,13.059658,7.047964,0.6204141485630588,1.7103015,0.12245888
2021-10-03 09:00:00,29.232535500885035,34.211823,23.469635,10.438250212048516,12.8018465,7.590909,0.9628111348161391,2.0251577,0.12245036
2021-10-04 09:00:00,29.760567199325862,34.18741,23.734283,17.07538189753571,21.431692,14.275442,0.7009368216725977,1.5226573,0.09148836
2021-10-05 09:00:00,28.02933582114531,32.303864,21.930817,19.211367293871994,27.20543,14.256209,0.876447029316177,2.791231,0.12138791
2021-10-06 09:00:00,26.393620666818208,32.07315,20.9169,30.08149650625979,37.63517,23.493664,1.3888346135579124,3.0922294,0.11769637
2021-10-07 09:00:00,25.749751361624305,30.773102,20.07193,38.232054662608526,50.520428,24.083107,1.505526255389075,3.820098,0.1551225
2021-10-08 09:00:00,22.901147866431927,27.76773,17.58609,53.33537081774357,70.32091,32.850346,2.6083546323903084,5.1156883,0.9604637
2021-10-09 09:00:00,18.0855786253224,22.94986,11.95694,41.21302872119907,67.00356,19.046532,2.092776278349972,4.528654,0.2032526
2021-10-10 09:00:00,19.970869195539194,23.758698,16.20987,22.940216432251145,30.58241,15.06288,0.908378563632657,2.0913491,0.32487193
2021-10-11 09:00:00,22.701607171142655,26.495758,18.005524,20.964221735041136,28.460003,11.268598,2.665632048684534,5.3092165,0.4231471
2021-10-12 09:00:00,13.909745418071395,20.080719,6.7584534,27.119873818599743,32.096447,23.004725,3.9762694110108177,6.3798714,1.8467906
2021-10-13 09:00:00,15.97135967197704,20.803131,11.080475,19.968699813105427,23.940384,15.901322,0.6269384811655667,1.7954819,0.022377804
2021-10-14 09:00:00,19.03374095045325,23.869781,14.1041565,20.028878065858724,25.279776,14.376327,0.7138200149146732,1.8791015,0.091997854
2021-10-15 09:00:00,21.20442178420086,24.615143,16.943268,19.33260012958716,23.202778,14.941324,1.6958709127552711,3.7548919,0.059605803
2021-10-16 09:00:00,24.204728863304013,28.909576,18.698639,13.507594892359757,16.542564,11.468347,1.6524245613222892,3.831284,0.15360121
2021-10-17 09:00:00,26.30504455942281,31.33902,20.038239,11.551579681365599,14.244861,9.385486,0.7334896079572845,1.6518285,0.13138579
2021-10-18 09:00:00,23.411333690453205,28.636139,16.714264,22.439982610435898,32.628925,14.937519,3.3824551692230154,6.506453,0.44260392
2021-10-19 09:00:00,15.387704603730924,20.391266,10.646393,27.448614252498874,34.447075,20.19846,0.8580695531023406,2.797051,0.044730954
2021-10-20 09:00:00,19.550663983997026,23.674225,14.5902405,22.03824725367432,28.222227,15.874249,0.5539284837198029,1.3643286,0.05446106
2021-10-21 09:00:00,21.91064933158532,26.777008,17.179352,19.277666408156406,33.63955,12.33877,0.521438564968252,1.5333812,0.09190521
2021-10-22 09:00:00,24.412555706488092,28.707916,19.655182,25.60284536484499,35.325447,16.17154,0.9139858981628483,2.259546,0.18624559
2021-10-23 09:00:00,20.861834965539686,25.163727,14.390289,51.69782416330928,79.15457,32.33426,3.0997517398767602,6.1757064,1.1260393
2021-10-24 09:00:00,19.511670390653023,22.33194,15.191559,48.425746071026104,59.23031,32.579647,1.9862680550575562,6.394322,0.11773491
2021-10-25 09:00:00,21.495201971697497,26.204498,15.341217,64.7248299469678,83.6098,51.152775,2.8459520476144617,6.8108945,0.14837688
2021-10-26 09:00:00,11.959540988315155,16.980133,5.1532288,59.11702592380492,87.49936,38.182953,1.5886173586600596,3.3639233,0.20328982
2021-10-27 09:00:00,16.221551019814683,19.357819,14.189606,44.79352867215278,56.9122,31.380272,0.8757507869510017,2.5788455,0.05823335
2021-10-28 09:00:00,20.956787560554062,22.718903,18.713043,31.882151062197217,36.644936,27.61759,1.1093486739855802,2.2241483,0.16988678
2021-10-29 09:00:00,23.21312519597626,27.09488,20.186676,28.109334893834937,34.526184,18.99249,0.8210887045195763,2.21191,0.096757114
2021-10-30 09:00:00,24.164651907159907,26.999908,19.771393,30.648650000897295,38.27062,23.618275,0.733175571441983,1.7064501,0.08542901
2021-10-31 09:00:00,22.02345631803439,25.86026,16.534088,39.30186952288698,54.08483,26.955925,1.7724113385319544,4.6954756,0.26657483
2021-11-01 09:00:00,18.75383403375116,22.608795,13.854889,34.91525724934473,52.961212,19.591084,1.646016442858887,4.3798013,0.22844175
2021-11-02 09:00:00,18.60174420177833,22.12027,14.2152405,50.34172934455812,65.96413,28.939548,1.4312586413861117,2.8644826,0.2515815
2021-11-03 09:00:00,20.616461120501015,23.960846,17.103424,32.34695910148563,35.5964,28.057339,0.7783112080349033,1.8049145,0.3062338
2021-11-04 09:00:00,21.914377181090458,26.290192,18.417145,29.43522144822167,42.223476,22.262539,0.806603911194386,1.5874633,0.15206261
2021-11-05 09:00:00,20.247798550593984,24.552643,16.262604,21.50183937858955,32.821136,13.866057,1.1722474211399823,2.69855,0.20714888
2021-11-06 09:00:00,21.169537632978574,24.229156,17.754547,20.720983097154797,36.279984,7.959669,1.3345197198341106,2.301611,0.23721752
2021-11-07 09:00:00,18.83691671995706,23.610748,14.257233,28.514490334399593,49.00743,10.347276,2.0021306712666216,3.8608801,0.75477797
2021-11-08 09:00:00,15.421315535618419,19.236969,12.51236,24.006605062768514,37.004856,11.590247,1.7349810095235516,3.519743,0.7426286
2021-11-09 09:00:00,18.883834870275905,23.307526,14.250885,19.758671982893087,44.89415,6.6588173,1.894427672590586,4.7896156,0.19637656
2021-11-10 09:00:00,16.76860095426133,21.266754,12.274078,43.87064262259034,65.600746,24.699907,1.6178629467184444,3.6201766,0.17440927
2021-11-11 09:00:00,18.29303755178455,22.088287,16.256256,33.83907462167246,39.68348,25.877533,1.028076512055305,2.351886,0.30182004
2021-11-12 09:00:00,20.286179414854246,24.898346,17.442291,23.555488655772052,26.881203,18.46714,1.0700933445362146,2.3745391,0.10641483
2021-11-13 09:00:00,21.84849936071612,26.354156,18.465485,21.511108107191472,26.095589,18.248016,0.8688268801603828,2.0812597,0.06586117
2021-11-14 09:00:00,21.67127222648992,26.030426,18.09024,15.937633546783179,20.931858,10.791233,0.8907898805407086,1.8147128,0.050582413
2021-11-15 09:00:00,22.137353453984872,25.511383,18.544586,14.187772905943733,18.492138,9.722607,0.6510478361906319,1.3623931,0.039096463
2021-11-16 09:00:00,20.76292832291182,25.742828,15.750641,13.775529196239452,18.95972,8.207169,1.3815488733793628,3.9968505,0.07865577
2021-11-17 09:00:00,17.441873926575738,22.411774,13.57608,18.311411211711732,23.530521,10.33521,0.8201383512447905,2.3104303,0.0439803
2021-11-18 09:00:00,18.56390160808246,22.44522,14.683502,23.994689658028122,28.25299,18.287323,0.9757753204868252,2.3371568,0.09850246
2021-11-19 09:00:00,18.296753571606757,21.171051,13.854645,26.334866877481716,37.866795,18.784262,0.7502600794124139,1.6968943,0.042796418
2021-11-20 09:00:00,17.058377688866187,21.700836,12.743805,32.247043282376325,47.63765,18.637651,0.9973740981268971,2.6855686,0.10118339
2021-11-21 09:00:00,16.617393253021305,20.107086,12.958649,20.594706932359223,27.153137,13.8289175,1.8725248265821755,4.577288,0.4238696
2021-11-22 09:00:00,19.03163252321076,21.960602,13.753571,11.282173392301019,15.571449,6.9028006,1.9419665089950697,4.183613,0.3817782
2021-11-23 09:00:00,17.20097753195074,19.793121,11.470856,13.048632388063014,21.505064,9.1378765,0.6186605974622765,1.4527725,0.0058264304
2021-11-24 09:00:00,15.829091524139471,19.72232,10.075836,20.304054147787348,28.06049,10.864947,0.9664369675601666,2.5053313,0.109830104
2021-11-25 09:00:00,14.814478699223798,17.95578,10.524567,8.447196285136133,12.468328,1.4754372,2.135693050516101,5.3888497,0.5093445
2021-11-26 09:00:00,16.18166662670393,19.549957,11.717926,6.214399291252184,10.006014,3.0997505,1.138948271854282,3.0055602,0.08088122
2021-11-27 09:00:00,16.401762979763475,18.511078,14.251312,6.951608925948017,11.911229,5.001073,0.7418270610578542,1.9510618,0.06002393
2021-11-28 09:00:00,18.71712424156982,20.341827,16.964874,7.977340145138474,11.23376,5.430504,0.8237769546961292,1.8884283,0.11656247
2021-11-29 09:00:00,19.749868713999547,21.251617,17.923492,12.87479763286017,17.390614,7.8554583,0.729179623656858,1.7916168,0.051062733
2021-11-30 09:00:00,20.167294297051626,22.86148,17.718903,15.193972254628324,18.06356,11.394584,0.7301656630852373,1.9254179,0.02139404
2021-12-01 09:00:00,20.5117976629071,22.832916,18.239166,13.398647672235557,17.13072,9.853376,1.280156108160469,2.4217749,0.31665486
2021-12-02 09:00:00,20.320493563447144,22.227448,18.159088,13.081615632252069,22.49825,8.941029,0.8657629184677641,2.1694221,0.018771483
2021-12-03 09:00:00,18.055116557620124,21.369537,14.553131,17.089253545150598,24.5801,12.013693,0.6181434470295483,1.3709313,0.11348721
2021-12-04 09:00:00,17.585704679029732,19.762634,13.5224,20.385547320188238,27.057838,14.385964,0.6020592073934625,1.3629658,0.07344181
2021-12-05 09:00:00,14.789519224635399,17.69342,11.3420105,20.170980298737504,31.019089,11.564843,1.0830723945613805,2.3805737,0.25856963
2021-12-06 09:00:00,14.1821496965876,18.9617,11.719513,15.05400055848857,24.36565,8.228911,0.940968169526113,2.1228354,0.04815496
2021-12-07 09:00:00,13.861113533134358,20.10025,10.467438,26.854505137360512,33.3945,17.320282,1.0450167240107133,2.9263818,0.15939546
2021-12-08 09:00:00,13.690477258141186,17.347992,9.523773,38.406457087571475,52.08912,28.899601,0.5690092799641646,1.244096,0.159011
2021-12-09 09:00:00,14.908634224178854,18.665802,9.056427,65.93847419534565,83.75561,40.34545,2.3046521786073786,6.5866213,0.17334852
2021-12-10 09:00:00,8.39068194230947,13.1510315,2.0665588,64.39548065196934,88.890175,36.882362,1.288115809334024,3.0297112,0.15744105
2021-12-11 09:00:00,9.88073160449784,13.739166,2.3397522,28.85425798578462,45.256157,15.838186,1.1889445440565691,2.6870377,0.190019
2021-12-12 09:00:00,11.687874668860331,15.7152405,6.2836,28.307149895256742,37.46373,16.666996,0.6228637975099162,1.8526344,0.20791791
2021-12-13 09:00:00,13.714120023007467,17.985992,5.8297424,30.672059504054907,42.329098,21.914482,1.2098796540847898,2.8106713,0.083970234
2021-12-14 09:00:00,11.074981855811927,16.513092,3.276764,73.15351985831448,91.18423,43.340477,2.5196861056078452,5.507964,0.4194654
2021-12-15 09:00:00,4.213954995264714,8.156158,-1.7500916,50.93647577054889,78.969315,22.173615,1.7530555007223017,5.127965,0.19446725
2021-12-16 09:00:00,7.597342548994391,12.068024,-0.25228882,48.09323192994354,70.85426,31.709732,1.1721333790198147,2.046913,0.3402578
2021-12-17 09:00:00,9.317427435824868,12.841949,3.0899963,45.692578905840335,58.52231,32.444183,1.2154394772460906,2.299639,0.3488268
2021-12-18 09:00:00,9.771080819370923,12.262421,6.0072937,13.253370440781506,19.761112,5.8275194,1.3262245256949174,2.796958,0.13830279
2021-12-19 09:00:00,10.785453726091475,13.676636,6.5672607,8.626127212120652,17.023525,1.316493,1.2571585066816164,2.3831253,0.3176706
2021-12-20 09:00:00,11.49257130135777,15.2048645,6.2556458,10.994989570690704,30.273048,2.5117054,1.2494581641759337,2.5745301,0.20463006
2021-12-21 09:00:00,8.885989239740127,11.906403,2.4024353,8.809362214078243,25.55166,-1.3645267,1.6088872437939317,2.7710228,0.16109672
2021-12-22 09:00:00,10.981715938071034,13.512238,6.3579407,17.349427960239414,28.03727,5.966399,0.7318866474948674,1.9628187,0.21529518
2021-12-23 09:00:00,13.168506224550299,16.114838,6.290619,65.72198203052231,88.33595,48.85041,1.6571382441419815,3.2539413,0.27524984
2021-12-24 09:00:00,11.381052449934202,15.718262,3.7571106,81.03804543071739,95.53717,66.839676,1.8299358684109517,4.602096,0.15374118
2021-12-25 09:00:00,11.741258969950195,16.316498,4.087982,67.16326146991088,82.76776,39.62411,1.849445216529921,5.331012,0.1548095
2021-12-26 09:00:00,9.507510562351058,14.221405,2.1999207,62.897464365251835,83.69648,46.60203,2.7921495137084493,6.9999166,0.5474413
2021-12-27 09:00:00,7.664465220615114,13.001099,-0.77819824,57.60623633871857,76.19452,37.842957,2.2900071262716217,6.043632,0.6027131
2021-12-28 09:00:00,6.517405803980694,12.007965,-1.2674255,79.37790034340408,94.76991,64.42616,2.698923648491707,7.488901,0.75434375
2021-12-29 09:00:00,6.355447770586522,10.630554,-1.638977,73.54577035822852,84.652695,56.0902,1.4870712455432937,3.4738653,0.21796206
2021-12-30 09:00:00,8.007843855730641,13.58667,0.16674805,83.89121164759348,95.9282,68.39939,1.301387308636021,2.3263335,0.29296154
2021-12-31 09:00:00,7.952894722327699,13.786407,0.3274231,76.39917239634316,93.111755,61.749992,1.5360197100454345,3.1466198,0.37059164
2022-01-01 09:00:00,7.133421137198411,12.272247,-0.3000183,43.944942847779,60.13085,21.712885,1.369306716435504,2.3602695,0.3312088
2022-01-02 09:00:00,7.872154174192872,12.709076,-0.8729553,19.2784412090029,45.04242,6.444933,1.4750373815179838,2.7252698,0.07253158
2022-01-03 09:00:00,10.357176087705568,16.082184,2.3731995,15.849145797508717,36.59014,6.640923,1.008807996356794,2.303464,0.2632937
2022-01-04 09:00:00,10.733152984124558,14.738739,1.8383484,28.243576743305123,52.185173,12.509392,1.2859747210758528,3.077861,0.20075576
2022-01-05 09:00:00,11.771634158866732,15.792664,3.329773,32.82250283784295,60.0567,12.455137,1.180038097783146,3.3081894,0.08536116
2022-01-06 09:00:00,12.763034416826827,16.150848,8.1528015,26.82985978287383,43.06617,17.98876,0.947934020666013,2.0744784,0.11559746
2022-01-07 09:00:00,13.728383316127577,16.099213,8.927338,29.090381041984276,45.810627,17.184599,1.0973955018313508,2.4091403,0.0774343
2022-01-08 09:00:00,11.188493702268033,15.153473,3.4620667,46.71923213737667,71.39883,15.859761,1.5879062150172925,3.8856757,0.21986286
2022-01-09 09:00:00,12.134563145850223,15.183807,5.6584167,21.812681495014868,39.609642,12.051049,1.8188046463494794,3.8038182,0.29974693
2022-01-10 09:00:00,14.124821536347042,18.13382,3.608429,19.5860961422048,34.946083,8.492817,1.9551187302167703,4.226038,0.12706774
2022-01-11 09:00:00,13.889817660166159,17.406464,6.9845886,12.145327963088324,25.006752,5.877845,1.6690090132262752,3.956697,0.4145948
2022-01-12 09:00:00,15.553970047556163,18.8891,9.109802,10.55392146013658,25.87083,1.5940332,1.5265448982356267,3.172658,0.25799736
2022-01-13 09:00:00,16.11734140332942,19.04245,10.007294,12.756486983068838,25.89528,6.074916,1.0728258598427112,2.357465,0.27047795
2022-01-14 09:00:00,14.901957559483776,17.374176,8.423004,16.71546245731966,40.603203,7.485508,0.9218877465446452,1.9736818,0.07346506
2022-01-15 09:00:00,14.824138497756053,18.887054,6.582367,18.798846796769492,29.946276,9.528474,2.2217905236131297,4.991103,0.32005936
2022-01-16 09:00:00,13.656412214890793,15.754852,8.159332,18.462551976955552,28.658573,9.272209,1.4499845194206775,3.0248027,0.016591696
2022-01-17 09:00:00,15.761515760550026,18.058289,10.206726,28.816050078180687,56.72406,14.673659,0.43404089514333527,1.283091,0.067033514
2022-01-18 09:00:00,13.6247573298092,18.614288,6.3857727,61.49731177739523,72.31883,43.39065,1.1024731871761644,2.533256,0.08824725
2022-01-19 09:00:00,14.473576139601505,18.27884,7.3628235,49.36305860243979,65.987915,39.351192,0.9526673674139758,2.512798,0.09798262
2022-01-20 09:00:00,15.129883464998443,17.414398,11.027679,26.482012317769314,40.838314,19.79144,0.7921684456903251,1.5214033,0.10843099
2022-01-21 09:00:00,16.905963688668635,19.428253,11.490753,23.8996533984395,38.367428,17.097897,0.891699217810336,1.8678083,0.11708632
2022-01-22 09:00:00,13.217888450808971,16.5195,4.460907,20.24694366264896,35.3679,8.6905,2.3572955304152075,8.192415,0.14926866
2022-01-23 09:00:00,15.26952090816377,19.255432,5.8843384,17.953901903191646,25.381372,12.580591,1.5981112567183786,4.545262,0.14339204
2022-01-24 09:00:00,16.34312092037146,19.560547,10.490234,17.906238196779054,32.958076,5.9120092,0.7223028659085392,1.5294272,0.102038495
2022-01-25 09:00:00,16.355038465226585,20.64148,10.057495,22.452817604413628,44.801773,5.679446,0.7072537468998935,1.8697193,0.045434743
2022-01-26 09:00:00,15.662350494491989,18.102692,7.4308167,15.48766184173655,27.080101,10.482528,1.8527146114561208,4.0768847,0.110480964
2022-01-27 09:00:00,14.950963650817584,20.687347,5.724457,15.592858208456095,29.96122,9.789346,1.2199989483818872,2.5858839,0.25920108
2022-01-28 09:00:00,16.232203653391764,19.470428,7.835663,11.831022653300652,18.893223,6.5416613,2.123048339654705,4.618385,0.20294441
2022-01-29 09:00:00,15.52910868590817,20.898163,5.868866,12.773407879296306,32.39707,5.941511,1.9446993532479626,4.0942955,0.28903663
2022-01-30 09:00:00,12.806015449754227,16.844482,6.5964355,14.57613523611626,33.662704,6.826721,0.7272224454904269,1.8155003,0.094832264
2022-01-31 09:00:00,16.24976207506967,18.791931,11.004822,15.626271639351062,39.02387,5.6332436,0.8340526672408058,2.1200433,0.09261065
2022-02-01 09:00:00,12.267751074276646,16.493286,5.505005,33.14269304725582,55.01638,12.878453,1.290906723213015,2.4754314,0.27362633
2022-02-02 09:00:00,11.646382116274594,14.956879,5.2068787,30.62937348909074,68.466736,8.7525625,1.4909361443214855,4.456449,0.08681464
2022-02-03 09:00:00,11.777708042907364,16.118164,5.0478516,23.20576605688742,43.24433,12.078464,0.9011747712971672,2.7903757,0.14600937
2022-02-04 09:00:00,12.896620101631584,17.340729,4.6610413,24.924392002577513,34.69484,19.126114,1.6147281468884358,3.6588962,0.04721063
2022-02-05 09:00:00,14.402331168594287,19.14975,5.700531,22.380739470863055,29.831432,16.943914,1.4589798771498441,3.506508,0.039856195
2022-02-06 09:00:00,15.91519349047718,18.789093,11.029327,11.830911113556013,18.081858,6.718067,1.0155662057774,2.6549957,0.076468766
2022-02-07 09:00:00,17.833220333737472,19.986237,11.663971,12.643403098482457,20.25751,8.585634,1.4580501715935779,3.430053,0.13840145
2022-02-08 09:00:00,18.85504038875723,22.701263,11.763763,17.557855985680156,26.819485,13.031997,1.0997846988790427,2.5388734,0.15577075
2022-02-09 09:00:00,19.930215858560985,22.663727,14.612946,14.495378147474945,20.107079,7.3488646,1.4502426880943664,3.5421321,0.14444081
2022-02-10 09:00:00,20.95474880424183,23.351227,15.028961,13.892928290200436,24.660496,7.42612,1.812728227795286,4.9263077,0.041217845
2022-02-11 09:00:00,22.175954681222777,25.335114,16.493317,16.453591454189755,26.467358,8.335276,1.074902921170176,2.2841346,0.07137398
2022-02-12 09:00:00,22.660956603408522,25.46811,16.919281,14.96003535533458,29.451645,9.803207,1.4064390940884908,2.9001906,0.1400389
2022-02-13 09:00:00,23.505296722487742,28.54483,15.173737,11.880028515724664,19.107048,7.3773484,1.0364318215329844,2.2027526,0.23519716
2022-02-14 09:00:00,22.854123117820336,27.031586,16.049164,13.78105173065591,22.741386,6.5506353,0.6782835243158297,1.4776382,0.14547563
2022-02-15 09:00:00,21.02822052428445,25.495514,13.259186,19.448471428282147,27.074816,12.3052845,3.1315038742342978,6.3594666,0.6257392
2022-02-16 09:00:00,10.504680043314352,14.63266,6.138153,38.3121203927076,55.784374,21.69453,1.4905668313474214,4.063998,0.059854776
2022-02-17 09:00:00,14.769526773232883,18.450592,9.323639,26.361327845823777,33.633553,13.387425,1.3077155346028364,4.2695065,0.09731483
2022-02-18 09:00:00,16.468903146884372,21.461273,9.789398,20.58204036231929,32.134735,12.777768,1.0546074284548892,2.3367848,0.23763247
2022-02-19 09:00:00,17.52641159347837,21.091522,11.425507,18.638686794339105,25.071396,13.396918,1.3774543393026222,2.6138809,0.35839567
2022-02-20 09:00:00,19.28433794752459,23.389008,12.795258,21.332860412945543,29.386875,16.554844,0.6005734190801743,0.9717035,0.26599938
2022-02-21 09:00:00,17.94673283238251,22.358551,10.251129,25.21477237273806,33.856754,13.950391,2.9265657630063338,8.0208025,0.36594528
2022-02-22 09:00:00,11.588460846474334,17.143402,3.3367615,51.70400242581854,66.382904,27.801453,3.3110209635833177,8.606078,0.5590776
2022-02-23 09:00:00,7.210595757297369,12.295441,-0.005340576,64.80619973457574,83.50718,36.925144,2.489459459894451,5.789246,0.5094713
2022-02-24 09:00:00,6.055591856467402,12.506439,-2.9462585,29.066525362140137,48.79225,10.668057,0.9547706223911365,2.6925569,0.12352274
2022-02-25 09:00:00,9.65708802585118,14.5278015,1.8792114,23.620358822587587,38.265915,10.678585,0.6759395845862162,1.4904536,0.1815136
2022-02-26 09:00:00,12.35091502689221,17.117828,3.7897034,20.575359040868438,28.729542,12.87798,1.4779219466183604,3.5224974,0.32669044
2022-02-27 09:00:00,13.85396711390888,18.182281,5.219391,10.980217023197461,25.30214,4.8503637,1.3166120448185683,2.910419,0.3015512
2022-02-28 09:00:00,17.00863736493727,21.074615,11.75235,13.159079462291196,23.936802,8.064855,0.9391340196342527,2.7672408,0.12872927
2022-03-01 09:00:00,20.556513862185966,24.003418,16.341309,11.670737309850827,17.072845,7.534793,0.8881385018788304,2.1124673,0.20158716
2022-03-02 09:00:00,21.71448376122862,25.3862,16.901825,7.734147062009983,16.73059,1.8108501,0.7371996951929628,1.6517029,0.20151831
2022-03-03 09:00:00,23.34265997445209,26.74527,17.805817,13.377907923168609,26.698418,6.190604,0.7882188943220457,1.5140615,0.18148524
2022-03-04 09:00:00,20.33539196527164,24.562317,13.382629,24.88653645905218,37.53033,10.186582,2.4300582505709105,6.609968,0.30830318
2022-03-05 09:00:00,12.186321508022786,17.448395,5.3663635,65.29189962436487,94.27576,23.395664,3.141028589898897,8.172436,0.027803542
2022-03-06 09:00:00,8.523295839134619,13.275299,2.4686584,50.859646920411905,76.40112,22.935278,1.8876836844107037,5.1451325,0.085209504
2022-03-07 09:00:00,11.751591877214253,15.931549,4.4042053,41.36858263473558,57.912903,23.041008,0.699633862568564,1.6078938,0.01628248
2022-03-08 09:00:00,14.49850908148062,19.049469,8.772125,25.263184095083297,48.76375,8.405602,0.7130757645371498,2.3189652,0.04881333
2022-03-09 09:00:00,16.512683330828054,21.673248,9.513092,30.720331267250355,55.26172,18.957031,1.290978152823823,2.6701076,0.14747125
2022-03-10 09:00:00,16.839664268815056,22.981873,9.284607,35.32942006967962,48.074257,26.76957,1.81515239150797,4.600542,0.34135228
2022-03-11 09:00:00,14.98501715257106,20.646088,8.157806,17.399508650566567,29.487434,8.5407,1.32796412614633,3.5371468,0.2944789
2022-03-12 09:00:00,18.343718374550804,23.718048,11.315704,12.240507300100358,20.669466,8.367563,0.7168784499029798,2.0214484,0.04407612
2022-03-13 09:00:00,20.703770211962592,25.537506,13.6683655,18.78055033450862,29.788715,13.003558,2.130346749203151,4.918715,0.5416623
2022-03-14 09:00:00,17.842623128816456,23.145111,11.748199,21.674921901491423,34.072517,13.107715,1.932915460043486,3.5494664,0.33621696
2022-03-15 09:00:00,20.458286382343886,24.389557,15.496979,23.01247198118002,41.898533,11.496188,1.159004138100545,2.26212,0.1828879
2022-03-16 09:00:00,18.3511508292317,23.051361,11.672455,48.9746093930148,66.573166,24.347912,2.5702349538930545,5.512993,0.56032
2022-03-17 09:00:00,18.770946351740236,23.756989,12.401276,27.901716695195013,45.407024,13.99252,1.0625938469162912,2.7013302,0.11127175
2022-03-18 09:00:00,19.463142419521887,23.807526,12.0555725,26.595904692710903,38.180016,14.7065735,0.9911565074254838,2.0845268,0.081195794
2022-03-19 09:00:00,21.79226278751139,25.998932,15.873932,21.574042733688305,34.786026,13.690688,1.3947818255583304,2.5135427,0.24530724
2022-03-20 09:00:00,16.114255162067366,20.32608,8.226471,63.75714576555777,80.47095,38.943756,3.130267108750741,6.3866878,1.6913482
2022-03-21 09:00:00,15.95523854883811,20.11734,11.938873,30.02156370808427,49.085396,10.190059,1.303121621989208,3.6431098,0.1819745
2022-03-22 09:00:00,20.051661091077676,22.473541,15.713776,26.926631955616127,34.930317,18.377136,0.6482624222429253,1.7463013,0.0708749
2022-03-23 09:00:00,24.649135001588718,28.352692,19.49527,25.49830179990169,31.739918,21.101448,0.7163403745602418,2.1828206,0.03916432
2022-03-24 09:00:00,26.33812042509487,31.049713,19.620026,28.166302047477096,33.74781,21.591558,0.5939746799067913,1.3289824,0.03060512
2022-03-25 09:00:00,27.383132133132847,31.259186,21.65567,21.429780528643647,32.231003,12.734909,0.6117544627877357,1.3709022,0.0964088
2022-03-26 09:00:00,27.47334716351895,30.963531,21.66861,21.24549090059822,34.185955,5.201581,1.2945378037564732,2.6511135,0.23853268
2022-03-27 09:00:00,27.06622164618517,31.618317,20.493317,12.488238862894896,22.323727,6.206539,2.2491848293392676,4.7960906,0.31370196
2022-03-28 09:00:00,24.30211073919014,31.227081,17.623566,17.532755936925923,24.673038,12.606633,2.4491717287140102,4.3999777,0.44276145
2022-03-29 09:00:00,13.721419511348927,18.474518,5.9823303,73.34730689530397,88.56144,47.863346,2.0004366173787136,5.0452137,0.83874416
2022-03-30 09:00:00,16.520829465184875,20.390533,12.618561,52.600137688823374,72.50854,26.775522,1.71943505944077,4.236244,0.28989252
2022-03-31 09:00:00,18.648692589122447,23.359528,12.521637,50.73915959229681,81.630646,26.325962,2.1469234402136146,5.1516957,0.5193764
2022-04-01 09:00:00,18.308227870157396,23.754547,14.160553,44.840104960736504,67.04695,25.535233,0.886749804097683,2.4952033,0.098068476
2022-04-02 09:00:00,22.550239609756375,27.31485,17.285553,35.78124966524791,52.80871,16.367126,0.823240836307934,1.6805556,0.16614881
2022-04-03 09:00:00,23.514557064119117,27.88858,17.023346,35.74992642445201,53.929043,16.56084,1.7551680430681564,4.5724096,0.32158223
2022-04-04 09:00:00,22.615007364676842,28.886627,14.882721,19.38072559061657,46.181988,5.8789053,2.157842161229946,4.7059407,0.39873487
2022-04-05 09:00:00,20.384169981247737,25.023346,15.218903,32.39337450440174,52.934433,12.124284,2.5390430664229107,5.7200637,0.60749716
2022-04-06 09:00:00,22.82437186214952,27.69986,17.817047,25.672408194675164,48.39348,11.952074,1.4285898125045542,3.129602,0.43083853
2022-04-07 09:00:00,26.796164901101747,29.56192,21.46817,10.089367070305002,14.824488,7.4299564,1.7469750836237041,3.9711509,0.23068567
2022-04-08 09:00:00,30.11259258621027,35.324127,22.685455,11.134690594780832,22.316624,6.2943654,0.8055524899973854,2.2002523,0.16422772
2022-04-09 09:00:00,30.112970641343168,34.989166,23.11026,17.57628588177758,29.363762,7.867668,2.136747477032335,4.182238,0.40956083
2022-04-10 09:00:00,24.073988232643103,28.782623,17.169342,15.269658556183508,27.95411,4.9587326,2.562618400161114,4.712023,1.4321654
2022-04-11 09:00:00,20.46026539489992,25.322906,13.334625,19.375955546087567,33.039368,13.582336,3.4254148575507983,8.624042,0.6509612
2022-04-12 09:00:00,15.190326908711882,19.502106,7.61734,43.87919354454906,71.2579,29.41024,4.52173881999355,8.035975,2.923972
2022-04-13 09:00:00,13.122705187581175,18.929108,6.4115295,25.807027394425724,37.545673,13.034216,2.643980179846569,4.7800283,1.030484
2022-04-14 09:00:00,15.897204851894685,20.544586,9.834137,27.087614817835313,47.726883,9.808546,2.1580207754550145,5.870759,0.1344455
2022-04-15 09:00:00,18.88109741251452,24.690582,11.633942,45.71853105604474,68.266495,22.871964,2.820462937815668,6.818137,0.6012992
2022-04-16 09:00:00,20.20839934641225,25.064606,13.64859,41.508704465317436,57.95347,19.433891,2.972432798636717,7.18531,0.07634326
2022-04-17 09:00:00,18.987380077883188,23.256744,14.54483,34.77802734334483,52.4002,17.468458,2.1474178994027815,4.897798,0.6119333
2022-04-18 09:00:00,24.25633178636224,28.857574,19.115387,18.571999794735504,34.863388,3.111662,1.738424797746417,4.1652026,0.009460967
2022-04-19 09:00:00,24.680290414146953,29.0065,17.908844,21.266478046607624,37.412125,10.490251,3.0406197500322305,6.611915,0.8244285
2022-04-20 09:00:00,20.082256502381142,25.212067,13.469391,48.6463177065946,64.70792,26.930752,3.300775924549496,7.980621,1.326997
2022-04-21 09:00:00,21.842555821376266,26.453278,15.486481,36.39341747985159,51.45989,15.670825,3.0954325024197376,7.134469,0.9389808
2022-04-22 09:00:00,18.60619862684979,22.903717,11.243561,56.31031012308997,81.60103,34.837852,3.4969604377616625,8.082005,1.8059978
2022-04-23 09:00:00,15.776102427209707,21.147858,9.738922,39.17644506321406,60.89017,19.605732,1.5625794475786543,3.2288828,0.14156409
2022-04-24 09:00:00,19.634552518155942,23.418854,14.303619,27.346503617448437,42.754578,11.586773,0.9227651051482368,2.3859713,0.0561232
2022-04-25 09:00:00,23.386984452067566,28.264069,16.537506,15.840241089307703,24.93896,9.632824,0.6650964569714691,1.6532276,0.08230727
2022-04-26 09:00:00,26.089758532466192,31.062653,18.978668,16.66509474636769,31.533072,9.196763,1.420152787132726,2.4728837,0.20328265
2022-04-27 09:00:00,23.353188467924497,28.03189,16.71939,30.25644017818453,42.775444,16.955761,2.2461291775704306,6.2739553,0.36736038
2022-04-28 09:00:00,23.136508461297296,28.38736,16.158844,21.993174260017884,35.166836,10.598661,3.047136792217949,7.1940756,0.75400627
2022-04-29 09:00:00,19.34762622928855,24.743073,14.237701,24.938243529052553,40.733692,11.762429,2.52020851072687,4.0858965,1.167025
2022-04-30 09:00:00,22.2257465029752,26.266998,17.579498,18.42474936831218,38.182804,9.49921,1.0743639443105204,2.2317462,0.15361774
2022-05-01 09:00:00,24.5891881655225,30.16568,17.88443,25.351087637667707,37.645878,11.828536,2.8275986112276636,7.028439,0.4157288
2022-05-02 09:00:00,22.459291766712397,27.623444,16.418365,29.620401044522787,48.581543,9.437426,1.2995289063872748,3.503895,0.03487332
2022-05-03 09:00:00,24.41831361862529,29.81192,17.308014,25.493375562232448,38.02516,12.621306,2.456401803575432,5.075752,0.94158524
2022-05-04 09:00:00,23.69657545030003,27.5253,18.236237,19.14295494729059,24.56972,10.9037485,0.9030331599575883,2.3100321,0.13120395
2022-05-05 09:00:00,27.65150205927199,32.745758,21.292633,15.955280404794806,22.910156,12.023438,1.4751827545299898,2.5680273,0.14356829
2022-05-06 09:00:00,28.56997703850891,34.39688,21.094147,20.544544218747728,30.536434,10.337214,2.7225325481994,6.859612,0.7049052
2022-05-07 09:00:00,26.924724958413663,32.00699,20.815582,40.12692967612558,55.177998,19.005457,3.3647129573495587,8.23312,0.49358487
2022-05-08 09:00:00,22.721533440075234,28.1315,15.73111,32.03119698738082,47.151882,15.704908,4.228298894289919,9.333803,1.4836233
2022-05-09 09:00:00,17.725524652292734,23.403473,9.419098,34.08145271046948,42.941975,22.19588,4.5088656617249,8.18906,2.814479
2022-05-10 09:00:00,15.819252782887816,22.05362,7.6356506,30.888324333656445,40.88277,17.273396,2.835822203232884,5.8745832,0.8982772
2022-05-11 09:00:00,15.897947801235603,21.77652,7.669098,29.135419683683203,40.118816,17.788733,3.290476817762265,6.866054,0.5239458
2022-05-12 09:00:00,17.650083329509187,22.434479,12.978424,23.823647373285436,35.376884,11.984379,1.7592419848170924,3.275325,0.7087324
2022-05-13 09:00:00,22.049408339230695,26.190094,17.301422,22.22847631767393,30.881695,13.628174,1.4528575329742048,2.7173407,0.40461156
2022-05-14 09:00:00,25.46178390053103,29.199615,21.48941,19.848623401428657,32.045273,5.2718353,1.1656035527022577,3.158977,0.19118561
2022-05-15 09:00:00,29.442843032715302,32.894684,24.533356,17.44478141060143,31.53765,4.6173735,0.9356120497566969,1.8815584,0.06435889
2022-05-16 09:00:00,29.209555291032245,35.01407,22.78946,27.06955750146933,37.550007,10.413289,2.6463209832669174,6.52026,0.7430441
2022-05-17 09:00:00,26.946255093579737,31.766022,20.766022,23.130930390903643,35.18626,10.990453,2.522822364723596,5.921303,0.36529797
2022-05-18 09:00:00,27.28017680096292,32.04068,22.119293,20.95788867733466,35.007225,8.163474,1.5818082308540469,3.7937899,0.19098178
2022-05-19 09:00:00,30.610022434029872,34.842926,25.237457,17.722018449011436,28.005962,9.591333,1.7967713055886252,3.778539,0.34128284
2022-05-20 09:00:00,29.551737505320375,35.571198,23.059479,25.535785686113883,34.63884,13.927901,2.95344700217977,7.2492595,0.6479239
2022-05-21 09:00:00,25.859912287975874,30.78238,20.231598,18.83468525425492,27.10062,9.622523,1.3290855971447226,3.0160437,0.48504782
2022-05-22 09:00:00,26.24091858347896,31.128082,20.11441,16.719995872334696,19.773266,13.143845,1.6894439290528462,3.3655953,0.6252737
2022-05-23 09:00:00,27.67574442036232,33.01114,21.616608,17.810089765806737,22.209927,13.207611,1.8215403011640408,3.7255058,0.26152793
2022-05-24 09:00:00,28.78072960990852,33.89737,23.215729,18.901959726747073,26.375116,7.491354,0.9428021835828223,2.3525805,0.25371197
2022-05-25 09:00:00,32.16094818698673,37.26236,25.984283,14.7426326266063,20.022097,11.08557,0.7168902888606924,1.2242725,0.19125508
2022-05-26 09:00:00,34.42281869704482,39.633698,27.909088,16.306791351700763,23.271381,9.236226,2.2279217950047405,4.3286037,0.6692193
2022-05-27 09:00:00,32.04014903074159,36.915436,26.071686,22.073234939542964,30.31525,12.221176,2.9466359954575765,5.910647,1.1561799
2022-05-28 09:00:00,27.722045805511755,32.631744,21.129791,36.227260734135385,49.629204,18.354042,3.671185106001351,8.428941,1.2082332
2022-05-29 09:00:00,24.69902443603138,30.85147,17.61319,42.873532566845334,56.19726,21.291012,4.371345888035931,9.96494,1.7581563
2022-05-30 09:00:00,22.648027123210397,28.243317,16.161285,24.353467959926366,35.545708,16.708267,2.75568821487302,6.3100023,0.2595334
2022-05-31 09:00:00,23.45419965631453,28.924713,17.015533,22.360478682675343,33.83079,15.066126,1.6947704531550805,3.4465332,0.07263738
2022-06-01 09:00:00,26.22411785621489,30.630524,21.187164,17.538816741472747,31.70081,7.0770626,1.2951026193376767,2.9204834,0.27444515
2022-06-02 09:00:00,30.256209735365474,35.287994,24.321198,15.340643337883593,20.000551,9.310333,1.0890834530255367,1.9875603,0.2654955
2022-06-03 09:00:00,30.43777441522832,35.688385,23.901276,19.705906166793415,28.16056,10.848061,2.305465924070211,6.224059,0.16799124
2022-06-04 09:00:00,29.47309657948267,34.858063,22.621735,32.50792468248695,44.128128,15.7140665,3.3004129144574685,7.8991103,0.69666433
2022-06-05 09:00:00,27.13118704743954,32.534576,20.809479,38.93376591448061,49.35445,26.581009,2.8092067485043355,7.3505917,0.2225657
2022-06-06 09:00:00,28.162795100569838,34.355377,21.749908,38.54522752342727,52.912426,17.650928,2.9317693759185017,6.5143247,0.5256711
2022-06-07 09:00:00,29.418847971863727,34.126373,23.880768,21.92277388086942,32.214066,4.7140665,1.8439380908845175,3.965657,0.28756723
2022-06-08 09:00:00,31.758182250872153,36.898346,26.367096,15.0158773909608,23.71806,4.5342054,1.8249467922066889,4.129415,0.3371839
2022-06-09 09:00:00,31.510102312694414,36.63272,25.687408,19.42914037014198,35.174095,4.4091187,1.6254507393411939,3.5437427,0.18378481
2022-06-10 09:00:00,33.07838762721798,38.095123,28.031647,23.658108878093376,34.68616,8.656585,1.6325603265962902,2.8744578,0.15780386
2022-06-11 09:00:00,35.55064031388622,40.309235,29.365875,20.624582779138454,26.674095,11.342065,2.202398065454782,4.9942355,0.30473346
2022-06-12 09:00:00,35.29307127271733,41.017,28.821686,17.552447053511923,24.174286,7.454859,2.8053424736840644,7.382292,0.30982473
2022-06-13 09:00:00,32.85151794797457,38.750885,25.61026,36.04823492306902,52.64934,17.153116,4.019940272297072,8.279508,1.5667405
2022-06-14 09:00:00,25.825382616000468,31.215485,20.813385,15.953487334723066,25.323317,7.7497644,2.1156665360178364,3.7322512,0.4238344
2022-06-15 09:00:00,29.011113618997058,32.91446,24.531647,13.217733795317827,20.830807,7.9558077,1.0458838050957344,3.047417,0.23933241
2022-06-16 09:00:00,32.623213545349415,36.348297,27.768219,13.188924723794175,17.073515,7.897009,1.272850065180526,2.1964388,0.09756913
2022-06-17 09:00:00,33.12149591231412,36.953033,27.4628,15.415858389671365,30.228405,1.3413239,3.1037586407096325,6.0047174,1.4707897
2022-06-18 09:00:00,22.828129931260264,28.976227,16.620758,29.100749877127686,41.03118,13.8367405,2.5338189896854777,5.918713,0.9860043
2022-06-19 09:00:00,23.419869943436993,28.195953,16.565094,28.502011609570314,39.31146,10.045397,2.263455879827238,5.112329,0.19387402
2022-06-20 09:00:00,25.376963729164686,29.830719,20.539215,20.171865186629564,29.277115,10.8020735,1.0075553860620492,2.8761117,0.20095874
2022-06-21 09:00:00,30.272746807528563,34.79898,24.703278,12.190387946562698,20.443209,6.876012,1.5007839181647373,3.3639753,0.22783118
2022-06-22 09:00:00,34.605360451476486,39.372467,27.897858,10.783624456357943,19.314363,5.480707,1.2251645636770414,2.7317953,0.116861634
2022-06-23 09:00:00,28.820783017401595,35.382477,22.063873,27.732832252717817,37.90434,16.849651,0.82428849484732,1.5661541,0.12555064
2022-06-24 09:00:00,32.7786705895756,37.92105,25.360504,25.244173914844442,34.606186,18.653835,1.4678485801489922,3.6984675,0.06659659
2022-06-25 09:00:00,34.260726667948234,39.68741,27.081451,19.586711162596224,24.768276,11.721401,1.2712759057949419,2.814928,0.16565563
2022-06-26 09:00:00,35.63618994694099,41.301178,28.992584,16.592761900923318,24.257706,6.9529753,1.2479660646234532,2.1264908,0.35794407
2022-06-27 09:00:00,36.23234191000358,41.263824,30.041168,13.377574964113654,20.238693,6.120373,1.0625860526870328,2.052221,0.23203446
2022-06-28 09:00:00,37.6107924340028,42.44644,31.514801,16.430631462660017,20.440788,12.620476,1.3849368997555291,3.3835673,0.27923056
2022-06-29 09:00:00,36.48943660587565,41.701324,30.26773,14.777910520866318,20.033516,11.353827,2.1388718964945252,5.775598,0.15151466
2022-06-30 09:00:00,34.91891812846404,40.00357,28.34732,14.562059943434143,23.865837,4.5420284,2.562456710087501,5.804373,0.37169042
2022-07-01 09:00:00,33.09399734832999,37.843414,26.913727,13.03486638404354,16.600603,7.9972734,2.5966977421370943,6.498782,0.60791004
2022-07-02 09:00:00,33.261920770185895,37.716217,27.772858,22.25993349296937,28.669664,14.790859,2.803885755246355,6.2126765,1.2758738
2022-07-03 09:00:00,31.207210024981634,36.398346,24.98819,22.07351108377152,28.500288,15.5722685,3.042428427945928,6.606055,1.4705735
2022-07-04 09:00:00,28.54811132408844,32.793854,22.832916,30.50902412180544,41.10929,14.85929,2.710535548469491,6.1730967,0.6294735
2022-07-05 09:00:00,28.816579065409485,33.301666,23.600494,32.93014243767927,41.607567,19.41139,2.1107463644314484,5.5235715,0.39153627
2022-07-06 09:00:00,30.67737797099636,35.894928,25.041412,46.731410304644264,59.873833,25.855263,2.3250065181037165,5.0079985,0.48306417
2022-07-07 09:00:00,31.483466382456584,35.25528,26.046295,38.05239923130159,59.758312,15.418468,2.021653828338498,3.8557193,1.0918585
2022-07-08 09:00:00,32.467996845550545,35.997223,27.331207,30.10787636585884,50.155544,8.765637,1.7189568616698387,3.6386669,0.7017691
2022-07-09 09:00:00,33.92260198460292,38.70816,28.274567,27.503453785052073,46.32684,12.981001,2.1417475190772364,4.1106462,1.0191196
2022-07-10 09:00:00,33.21847780336776,37.724762,28.084137,24.950335764530873,34.863163,7.8271008,1.6169665045529888,3.7153182,0.14388119
2022-07-11 09:00:00,34.580339888278445,38.541656,29.652985,15.88073324220834,30.985163,4.7162933,1.0978502877697491,2.7162704,0.15782501
2022-07-12 09:00:00,37.31085391365468,41.651764,32.239655,15.692503802383321,26.923786,4.8610277,1.9429931500125774,3.7651691,0.9790197
2022-07-13 09:00:00,36.61284621386608,40.37491,30.986237,16.91668302845271,31.128773,4.020567,2.2272769112901627,3.9195685,0.8252594
2022-07-14 09:00:00,35.30247823128536,39.11075,30.138092,18.82539310130142,30.21558,11.387455,1.8019094380434584,3.4754536,0.81133795
2022-07-15 09:00:00,35.20252903337678,41.026764,29.41861,25.705087934692042,31.567213,17.253979,1.3092369294561597,2.4079044,0.22429389
2022-07-16 09:00:00,36.73784011229219,41.856842,30.008698,22.027085446589666,25.217308,17.890934,1.4205017148884636,3.0735195,0.47986308
2022-07-17 09:00:00,37.61455498657864,43.229156,31.090485,17.63581062298071,22.654697,11.384059,1.7210005282476037,3.5912113,0.4794772
2022-07-18 09:00:00,38.18567185873684,44.060944,31.010162,18.672795299481713,29.870682,10.829839,2.2763276843837,5.438809,0.15007378
2022-07-19 09:00:00,35.565508641852205,41.21988,29.184723,24.1904949044868,32.861366,16.102394,2.0037104060650246,4.7635827,0.49957666
2022-07-20 09:00:00,35.78426311402137,41.163483,29.665436,21.084561751535876,25.877132,16.957867,1.9736031788027943,5.1597533,0.024634635
2022-07-21 09:00:00,36.82289515339011,42.230133,31.35318,17.19752293872685,20.35275,13.676299,2.1890807794303955,5.256404,0.5332844
2022-07-22 09:00:00,35.939412369614274,41.26822,30.039703,8.904257522921357,16.671267,3.8939,2.0821565777605424,4.9033837,0.3507834
2022-07-23 09:00:00,35.265238717143234,41.12857,29.081696,10.524418234755853,13.469077,8.037583,1.8213568762822074,4.153746,0.3122451
2022-07-24 09:00:00,35.268754699874364,40.245514,29.862701,10.567004895677561,14.703303,6.181819,1.6617713662819396,3.853954,0.30299768
2022-07-25 09:00:00,36.02477330256454,40.53604,30.832916,13.19249430948982,18.447319,6.8485327,1.959277648446579,3.7309809,0.80437547
2022-07-26 09:00:00,35.213834124416394,39.871246,29.7482,16.56178785425557,22.175884,8.647845,1.6546052766588166,3.0589762,0.66651547
2022-07-27 09:00:00,35.54676040702799,40.50772,30.091705,21.634370088530638,25.468864,15.784294,2.3295032544356054,4.9615035,1.2207353
2022-07-28 09:00:00,35.34034230753008,40.18399,30.004303,22.783009435927042,29.231209,17.504646,1.5244571214079405,3.8926792,0.15262032
2022-07-29 09:00:00,35.94067167257242,40.97696,31.055084,19.177754517284757,26.878016,13.545984,1.4020722212414847,3.2596896,0.41378573
2022-07-30 09:00:00,36.87665667880259,42.366608,31.74356,17.534788071398797,22.394432,13.945212,1.3680447174525177,3.0412714,0.34942684
2022-07-31 09:00:00,36.12003533752841,41.344147,31.406647,27.492442792553422,33.874943,16.510729,1.9288953312805024,4.4147463,0.6235806
2022-08-01 09:00:00,34.095151049665844,39.700592,27.491608,30.29044284931497,37.935528,24.918186,1.7922153865731625,4.2195444,0.17168564
2022-08-02 09:00:00,34.04065448213129,39.11319,27.50772,36.031952594786766,42.167255,29.52663,1.8081305064454993,4.5075383,0.2387744
2022-08-03 09:00:00,34.66768946196731,40.53067,28.483795,33.184505092134074,40.149925,23.394604,1.6683968512186396,4.300975,0.14870125
2022-08-04 09:00:00,35.43231143656192,40.90982,28.360992,32.93885762619899,40.017487,20.99405,1.5585328417926447,3.431513,0.22410993
2022-08-05 09:00:00,32.75183995887102,40.813385,25.620026,49.91820664406983,71.80459,34.215538,1.0817841611731767,3.1223354,0.11541607
2022-08-06 09:00:00,32.855960090535575,37.915436,26.155182,21.18565010662213,32.97134,9.464926,1.8710916051772262,3.3995311,0.5296753
2022-08-07 09:00:00,34.281337096708796,38.337067,28.465973,19.495629246839528,29.001225,11.696538,1.1885166215887988,2.1695087,0.48741004
2022-08-08 09:00:00,35.5146422267062,39.33658,30.016266,22.932377151465964,34.369667,11.740352,1.6764077906425878,3.0114083,0.81071043
2022-08-09 09:00:00,35.10325290681237,38.87735,29.99649,32.183543800893155,45.96341,17.215595,1.6951642868886563,4.1398244,0.37945777
2022-08-10 09:00:00,33.761598061836935,39.20352,26.756256,26.426732944046346,36.030273,17.550766,2.056424889451028,4.155,1.0067123
2022-08-11 09:00:00,33.35836211580147,37.57071,27.242584,29.31558491466419,34.64831,21.038937,1.5535030689663503,3.558535,0.44822764
2022-08-12 09:00:00,34.305109213405046,38.323883,28.558258,22.925928646108325,31.29089,10.064326,1.7435484392986027,3.6834311,0.35044548
2022-08-13 09:00:00,34.05067573527367,38.967926,28.766754,18.540377647390194,24.48486,9.75205,1.5773179369994883,2.8403585,0.13170294
2022-08-14 09:00:00,34.108938478314315,38.707428,28.736725,16.448635313200917,19.28669,11.600945,1.3309023930488595,2.8995452,0.2042816
2022-08-15 09:00:00,34.79548856920877,39.29361,29.738922,14.511431493230765,17.424152,10.709308,1.2101611878287388,2.8970785,0.10693242
2022-08-16 09:00:00,35.74286585592989,40.68106,30.819733,13.363374127559394,16.008495,10.167263,0.8293307555556391,1.928472,0.1805416
2022-08-17 09:00:00,37.3845114887572,42.903717,31.575592,15.120900811567022,17.555439,11.63747,1.0601791332195547,2.2724898,0.24000491
2022-08-18 09:00:00,36.67623149287556,42.022125,30.352203,16.595938129488896,20.406378,13.254034,1.684372433455382,4.479376,0.21681367
2022-08-19 09:00:00,35.949572674729325,41.95352,30.162506,18.04704560721111,22.1611,12.365131,1.419113643482672,2.8191478,0.26893526
2022-08-20 09:00:00,35.16277340384539,41.25113,29.042145,17.068974207394763,20.891447,13.534857,1.4887527130514746,3.0004106,0.4067282
2022-08-21 09:00:00,36.84746873068747,42.155426,30.735504,15.080528386057049,20.504318,8.184345,2.4796496947393925,5.82031,0.44283092
2022-08-22 09:00:00,36.07378541582767,40.769196,30.650055,16.26425339130279,22.42567,9.732008,2.3009404954717056,5.3563175,0.50291234
2022-08-23 09:00:00,34.57559960821328,39.22525,29.070953,15.12296955911311,21.94611,9.464466,1.637486323229711,3.514785,0.25178993
2022-08-24 09:00:00,36.07729587249162,40.54019,30.92691,15.903198063043437,25.89481,7.5002794,1.3563914458234023,3.392613,0.3166303
2022-08-25 09:00:00,36.50986839895603,41.498688,30.858063,21.677582601895566,31.510181,11.728932,2.0397917064051714,4.5527864,0.48890382
2022-08-26 09:00:00,35.53880885331421,40.839752,29.537018,18.64328804920697,23.679974,7.902631,1.8049502696195712,4.4485674,0.19566296
2022-08-27 09:00:00,35.638537065436424,40.62735,29.834381,19.664283311178526,23.701084,13.829244,1.8504065717077345,4.393435,0.19054994
2022-08-28 09:00:00,34.75938618951386,39.65567,28.933014,24.401778353427666,33.815994,14.628494,2.457165444493026,5.530392,0.9744306
2022-08-29 09:00:00,33.385591149451045,37.797028,28.92984,28.100770243593363,36.417366,18.936897,1.5365105816134745,2.7971437,0.45381662
2022-08-30 09:00:00,34.578886946160026,38.940826,30.108795,20.992139410834287,26.997555,10.932792,1.362050702070309,2.208215,0.34974366
2022-08-31 09:00:00,36.417654113397475,40.71817,31.354889,19.013670194603346,24.438244,10.68103,1.1897505832745208,2.0624113,0.46479836
2022-09-01 09:00:00,36.31564919887336,40.236725,31.066803,15.842510704649436,21.23907,9.9169855,1.1804833775327341,2.5331845,0.16683736
2022-09-02 09:00:00,37.22378242840148,41.733795,31.018951,15.430295525371006,19.89629,10.023947,0.9853003714922164,2.42168,0.22765854
2022-09-03 09:00:00,37.84131802920791,43.31143,31.664948,15.20272811771178,20.277363,7.751482,1.2166848153074032,2.3519764,0.21701194
2022-09-04 09:00:00,37.182501654314194,41.87784,32.449127,16.89294315835792,20.661484,11.93563,0.7952671092514042,2.2265966,0.23177391
2022-09-05 09:00:00,38.20161815690818,43.77359,32.744293,17.28645342447762,22.817915,11.274845,0.5648647196543448,1.1572989,0.07438737
2022-09-06 09:00:00,39.548352471809096,44.854645,32.885895,14.589830505975039,19.361488,7.667614,0.974962999710095,2.3744795,0.17918232
2022-09-07 09:00:00,40.45939142387908,46.262848,34.77066,11.059655315964587,17.798264,6.2357626,1.0254970873913571,2.4115353,0.20999093
2022-09-08 09:00:00,38.24472284844501,45.37027,31.274567,17.168079829011536,23.032627,9.338421,0.9193474028720727,1.7199136,0.12231183
2022-09-09 09:00:00,36.285118702223315,42.520905,30.958405,20.01135811949984,24.690224,13.996774,0.8693118366671618,1.6773822,0.09788373
2022-09-10 09:00:00,33.993803702727234,41.85025,25.998688,38.87084744215838,53.973232,21.422451,2.4226659311847305,5.2134523,0.15560547
2022-09-11 09:00:00,27.687562231872732,33.35147,20.760895,61.46367426891666,76.15087,44.528862,1.01975482527635,1.8355305,0.10185809
2022-09-12 09:00:00,31.997290315430405,38.658356,24.576324,45.64119044703989,60.67041,36.710155,0.6150095765207617,1.3773909,0.11854482
2022-09-13 09:00:00,29.861669005711974,37.13565,22.039948,46.45115549630047,53.861107,33.202644,1.7133677687204805,4.740874,0.3344548
2022-09-14 09:00:00,30.0445988743773,36.089996,22.707184,32.47040223529983,41.82771,23.01521,2.3703968379919624,5.24073,0.9810068
2022-09-15 09:00:00,27.098704926197968,31.53897,20.730377,38.76840851041296,51.232445,19.025415,1.9534735444023805,4.260244,0.5412555
2022-09-16 09:00:00,26.971082199021907,31.103668,21.02945,36.386983131783964,49.400906,18.25106,1.7453930942185287,4.039045,0.24265276
2022-09-17 09:00:00,27.33022259643633,31.137604,21.862213,31.90376452450746,42.03392,16.313807,1.5291980178933189,4.4340973,0.1942638
2022-09-18 09:00:00,27.514822524092835,32.887848,20.78238,27.23472391143224,38.82406,15.64437,2.528353852618405,5.4479036,0.17329732
2022-09-19 09:00:00,25.496984692639103,31.042145,19.73941,39.86180304133356,64.3171,25.919498,1.8667082253701919,3.8542979,0.1330476
2022-09-20 09:00:00,26.01105197864888,31.814362,20.425934,41.224925246624935,77.31057,22.166035,1.9394114535886995,3.7014723,0.40748918
2022-09-21 09:00:00,25.463788932634543,29.941559,19.504059,47.8299091536924,58.47245,28.247099,1.8463389328706894,3.9864311,0.7285016
2022-09-22 09:00:00,25.162374812168594,30.042389,19.898346,33.03877565012841,48.290455,12.161613,1.5112029281249215,2.6140695,0.5669652
2022-09-23 09:00:00,26.99259363643,30.487701,23.124908,14.491032090555734,20.01382,7.75181,1.0681173195942932,2.1644664,0.21910965
2022-09-24 09:00:00,30.742669380192524,35.03067,25.434967,21.810894272212906,29.672468,12.494426,0.7686041870807635,1.6285554,0.100239605
2022-09-25 09:00:00,31.77662367029808,36.785797,26.21939,26.793695201061993,35.278122,19.932884,0.774739626085524,1.5082285,0.018579682
2022-09-26 09:00:00,33.415295965532266,38.543365,27.793365,24.326292145120373,31.4461,16.551569,0.7317115532041438,1.6752764,0.09052523
2022-09-27 09:00:00,33.95920538337731,39.021393,29.017487,17.608741807949745,27.834663,6.349663,0.7243422807853516,1.798798,0.14586549
2022-09-28 09:00:00,32.15712434096662,37.371246,26.826324,16.942100957050023,21.303661,12.371602,1.0034901738370032,2.1185052,0.20118073
2022-09-29 09:00:00,32.17018918061757,37.287262,26.312653,19.80596010177063,24.252743,14.428524,1.611810461573916,3.268638,0.25961795
2022-09-30 09:00:00,30.36099698757249,34.785553,24.521881,21.43330012955473,35.466274,10.091472,1.4407314585809208,3.3057666,0.4242216
2022-10-01 09:00:00,30.124854584489356,34.650055,25.13443,25.265427101773955,34.414078,13.531323,1.2658758185939005,2.8921146,0.3011677
2022-10-02 09:00:00,29.47865376594683,34.530914,24.153961,30.274989812674352,42.80273,17.803383,1.7745769919772345,3.023986,0.643641
2022-10-03 09:00:00,28.8891781909378,32.77774,23.750397,29.623293202433004,47.217323,14.244413,1.3675431405857332,2.9364972,0.29741368
2022-10-04 09:00:00,28.9157921592996,33.07364,24.413483,16.871234636488882,23.269106,11.565975,1.0553436184534444,2.2033699,0.17377242
2022-10-05 09:00:00,29.19950186015228,33.352936,24.640045,15.682894796894093,19.49163,11.069755,0.8886100432594393,1.5162214,0.16464385
2022-10-06 09:00:00,30.240723199204183,34.998444,25.105865,17.785759527785952,24.62476,11.005041,0.7307467730134269,1.4690473,0.19215178
2022-10-07 09:00:00,30.18915860320635,35.808502,24.954987,16.835859261905096,21.62801,9.9723835,0.7886113892942382,1.3827677,0.3203629
2022-10-08 09:00:00,29.890621530786802,35.325836,24.933258,18.94600638941856,25.528212,12.447003,0.6322769456291912,1.2715166,0.15438157
2022-10-09 09:00:00,30.075754721049123,35.973297,24.067047,16.93882547544484,22.429922,10.954661,0.5523034793850337,1.2400477,0.14183225
2022-10-10 09:00:00,29.701869752752145,35.265045,23.966217,17.41618148699603,21.604218,12.188682,0.6533801293611674,1.2178092,0.1112495
2022-10-11 09:00:00,28.31966523730091,34.55606,21.694733,22.69089812648192,28.144852,13.046983,0.8004996123791739,1.6180165,0.27091402
2022-10-12 09:00:00,28.091800718060654,34.21817,22.489655,22.060478824444765,32.116417,10.348198,0.7563528978443077,1.8690264,0.140926
2022-10-13 09:00:00,27.595816323297583,32.277252,22.66397,21.412116446809335,30.251904,8.470928,0.6265756274172157,1.3240049,0.10866738
2022-10-14 09:00:00,28.04630558507563,32.08316,23.61441,16.331047219282144,24.242035,6.825263,0.998933131540283,1.9985169,0.13608868
2022-10-15 09:00:00,28.069084250042067,31.991608,23.489655,17.572041877534936,30.166992,5.5431795,0.9202363786380342,2.1069987,0.089192696
2022-10-16 09:00:00,25.483351633659254,31.203033,21.515533,36.35109610948941,54.525143,11.611079,1.5256892331423688,2.4294066,0.63598806
2022-10-17 09:00:00,24.487721593098854,28.481354,19.799713,32.78312319162093,39.10762,24.39061,0.9822205107633784,1.6816576,0.3083658
2022-10-18 09:00:00,25.71682205916653,29.281403,21.355621,26.357565959863376,38.114464,16.890373,0.8577896944624765,1.6705122,0.2515574
2022-10-19 09:00:00,27.671770805173992,31.55191,22.55191,21.705060099628234,29.177582,11.753981,1.3355037026315135,2.7735882,0.0918244
2022-10-20 09:00:00,28.863432007531856,33.318756,23.28946,19.554705980612482,29.070631,11.376004,0.8201901206897616,1.7587308,0.07142432
2022-10-21 09:00:00,28.32065658417588,33.53311,21.98819,17.836062841976712,24.392006,8.744878,0.33264817705609684,0.752977,0.03491246
2022-10-22 09:00:00,27.413280825111542,33.263092,21.358795,22.906519166395324,28.326,16.195656,2.7072682374088037,6.4087505,0.24480939
2022-10-23 09:00:00,19.07826058176562,24.867584,11.226959,44.181340160371974,69.33749,31.325766,2.7280769448309563,5.4076743,1.3660733
2022-10-24 09:00:00,16.85660229426685,21.995514,11.054108,26.590516868677945,35.10933,18.111025,1.2925596027233737,3.3750992,0.19083095
2022-10-25 09:00:00,19.171464203433402,24.041168,14.545074,20.128783396439598,28.208702,14.731824,0.6837227172568306,1.424094,0.19076589
2022-10-26 09:00:00,20.62517636412514,25.191315,15.484283,24.667394654142388,30.816936,16.450146,1.3885502146886333,3.4996922,0.16900088
2022-10-27 09:00:00,18.296879938721304,23.11319,12.728668,18.527367069386393,25.301094,11.712249,1.079914702302791,2.3102093,0.25739607
2022-10-28 09:00:00,19.661691552571597,24.283112,13.73233,15.608892523941469,26.945755,13.549998,1.3431789759992248,3.1863062,0.10008065
2022-10-29 09:00:00,20.57232852036799,26.245026,14.666901,18.667414505631083,34.464535,11.960914,0.90703051177316,1.9505419,0.10010412
2022-10-30 09:00:00,19.54344395735893,23.75064,15.420807,20.09880941339457,26.324787,11.045664,0.6795513160838396,1.7681406,0.05787753
2022-10-31 09:00:00,21.142881009097664,24.554596,17.43155,15.601725888670408,19.40165,11.742051,0.5976135784016686,1.6787162,0.06800638
2022-11-01 09:00:00,20.356948914964278,23.004547,15.408844,15.864106290848685,29.904924,4.225849,1.3983254344253406,2.886889,0.18214089
2022-11-02 09:00:00,19.058319481681508,23.921295,11.983795,49.52356146949076,71.90365,29.911459,3.198873532507779,6.6310897,1.3725611
2022-11-03 09:00:00,11.734272359515217,17.481354,4.112213,59.93495631552767,77.6629,34.026184,3.0395216570590966,6.9190226,0.88599616
2022-11-04 09:00:00,11.280130048290857,15.657623,7.4615784,35.85795255914739,55.284225,11.838554,0.9346556136753801,2.777083,0.07018604
2022-11-05 09:00:00,14.033201181552784,17.17691,10.3680725,31.314445377879544,42.828285,22.132973,1.2602372012428846,3.4456522,0.12687008
2022-11-06 09:00:00,16.257246665665548,19.104645,12.393707,31.008897838662236,55.032158,16.67669,1.7131875959282883,5.1737466,0.078849606
2022-11-07 09:00:00,18.663571385415253,23.102692,13.008942,71.09726482306353,84.12765,49.451866,2.2571920417265514,6.0745654,0.2750057
2022-11-08 09:00:00,14.0711256304794,18.612488,7.2934875,70.62411330064793,90.20361,43.760124,1.826179841304502,3.8532481,0.30322105
2022-11-09 09:00:00,9.456122005625161,13.517212,2.112915,73.61227776687191,85.97361,55.328266,2.33607340341191,6.2630987,0.16327873
2022-11-10 09:00:00,10.511587696659774,15.641083,2.5136414,38.81760553513996,61.064682,26.043137,1.0627377282113493,2.226471,0.14220434
2022-11-11 09:00:00,12.35348362707174,16.286469,6.171234,22.163033202601454,29.953308,14.191588,1.4655359296719337,3.0296774,0.3227517
2022-11-12 09:00:00,13.540254935887333,17.753815,7.199127,21.53590903964712,34.893574,12.635676,0.6607361709812664,1.9908241,0.05773192
2022-11-13 09:00:00,13.960587145151123,18.43872,5.5637207,44.1321517745662,60.741306,27.534275,1.6839286322745368,3.7951024,0.202899
2022-11-14 09:00:00,12.486620272852633,16.246002,6.3944397,20.120193118780247,35.014454,8.06133,0.7144865919866163,1.9592706,0.15403603
2022-11-15 09:00:00,14.153231028900564,18.438873,7.9427795,28.34205913702107,40.228218,13.674289,1.5141904052195139,2.915354,0.24264663
2022-11-16 09:00:00,14.10353313143679,19.33725,4.608917,17.583970759197058,27.76216,12.297316,2.0154857420535497,4.9612217,0.24308974
2022-11-17 09:00:00,15.936423646004357,20.867828,8.397125,13.406144672716293,18.17817,8.8758335,1.3179426750790713,3.2810564,0.039451294
2022-11-18 09:00:00,15.417599326083916,20.1044,10.0243225,14.898896532702295,28.541576,10.436109,0.8237246895267606,1.6689857,0.2055646
2022-11-19 09:00:00,14.33552742274884,18.31961,7.733673,19.103203966514684,32.256287,12.735198,2.0105518130428863,5.0641637,0.10558861
2022-11-20 09:00:00,14.549601331773545,19.81186,7.240387,9.962084412225735,13.169555,6.2750235,1.5500969490131868,3.3462582,0.21935232
2022-11-21 09:00:00,15.364213343146503,20.319275,10.399353,8.368711447010432,13.734875,5.194186,0.9937206198595491,2.3840878,0.079833545
2022-11-22 09:00:00,14.342680780459546,18.45108,9.564362,8.849912557274035,17.50679,4.325739,0.9800011255049291,2.162817,0.10634721
2022-11-23 09:00:00,15.028501470366223,18.90445,11.14859,13.640904085722056,22.858828,4.601674,0.7622663580166865,1.7262245,0.18617932
2022-11-24 09:00:00,16.444526855717015,18.764801,13.616364,13.102948143719376,23.133572,8.633571,1.4315621629785662,2.8027925,0.044251002
2022-11-25 09:00:00,17.943675248956538,23.14981,10.388092,11.029216767196969,19.038301,6.185094,1.5782516133349227,3.4782438,0.18289492
2022-11-26 09:00:00,17.086164126113488,21.33902,11.219879,13.975812861610724,26.856676,7.162591,0.7229240139876721,1.8407055,0.04785255
2022-11-27 09:00:00,15.632061218656474,19.839508,9.937164,20.961877503347107,35.333652,10.828583,0.6047869224787965,2.351512,0.023926273
2022-11-28 09:00:00,15.08161848762569,18.339752,9.781158,23.756919431740947,43.67284,12.729021,1.5097297257213622,3.7908518,0.058164373
2022-11-29 09:00:00,12.34900438824235,18.003754,5.6091614,45.182630476786755,67.41365,24.937088,1.852973079554127,5.280509,0.117609836
2022-11-30 09:00:00,12.287466560150392,15.693115,7.189209,34.68866468602985,41.732964,24.34974,0.9897429408309003,2.6034746,0.117359
2022-12-01 09:00:00,13.72903992169148,18.707642,7.3287354,48.14190335613361,81.477005,35.91566,1.5234681907551753,3.805726,0.111519665
2022-12-02 09:00:00,11.728449103189007,15.981567,4.868927,71.36241697984609,91.59215,48.66637,1.8933912824896615,5.6013637,0.22128153
2022-12-03 09:00:00,12.179344807719076,15.856842,6.4649353,69.74771374164779,81.4613,52.80414,1.0474105305268837,1.4558074,0.38972056
2022-12-04 09:00:00,14.756662752882846,18.027008,7.9684143,60.463511201336445,81.06892,44.540092,1.0751404085785525,3.529862,0.25195333
2022-12-05 09:00:00,13.399163757915005,18.388336,5.460602,67.03910721928003,87.64545,43.84076,1.9502111366039252,5.1457424,0.49818978
2022-12-06 09:00:00,11.524745475961254,17.13382,3.8877258,57.17154047506155,83.81767,35.92054,1.2906367211570529,3.1843765,0.14001477
2022-12-07 09:00:00,11.51849935061341,16.053925,4.760956,53.15529355868214,70.50874,38.33424,0.8992007626919084,2.1860697,0.123901054
2022-12-08 09:00:00,10.44420368105341,14.777679,3.4690857,45.75735707451274,62.476486,36.033504,0.551726215991756,1.562431,0.08648373
2022-12-09 09:00:00,10.643902858860088,14.823456,3.8156433,37.79262887260557,54.884674,23.996227,0.7980051166072066,1.7677776,0.020564243
2022-12-10 09:00:00,12.113431699601222,15.679565,6.5228577,40.49271352520873,48.89356,19.53809,1.1983288205590323,2.186655,0.39821097
2022-12-11 09:00:00,13.855363293821085,19.107727,6.529602,61.553953565304305,88.98577,42.968876,3.3435048736808475,7.3584337,0.25473064
2022-12-12 09:00:00,7.376127462378349,12.793304,-1.4815369,61.803284295186685,80.270615,44.85612,1.2881674257881766,3.630253,0.07276095
2022-12-13 09:00:00,7.263943249932879,12.389191,0.1031189,63.35181714341483,83.12185,47.938255,1.0961261575286523,2.4620774,0.16199294
2022-12-14 09:00:00,8.486219562750534,12.182892,3.1360168,40.58644712484104,53.948174,23.897638,0.594447945848445,1.468463,0.045020167
2022-12-15 09:00:00,9.868151978542528,12.962311,5.6263733,31.940743435062696,47.157707,17.059435,0.812886494919941,1.9979074,0.11388787
2022-12-16 09:00:00,10.072705247651868,13.080292,5.0607605,26.06188925884441,39.887825,15.7706375,1.3730388051360247,2.4094465,0.025043933
2022-12-17 09:00:00,10.84294750408526,14.915039,4.631836,19.031134389452276,29.11287,11.675368,1.4440146959788955,2.7538042,0.1495029
2022-12-18 09:00:00,8.5601480197937,12.381134,3.0588684,21.46235169543479,38.966156,12.606783,0.6807830653116435,1.8392606,0.01194922
2022-12-19 09:00:00,8.088863095039585,11.706665,2.8277588,22.52101778313751,39.3771,7.509915,0.6294337744116156,1.7074355,0.10495889
2022-12-20 09:00:00,9.33405262204019,12.551788,4.5517883,18.455126514694705,40.34872,5.489939,0.6577094549789891,1.946679,0.024521487
2022-12-21 09:00:00,10.42814910336142,14.375092,5.492279,27.230795771148294,43.95615,19.835056,1.0322645578958394,2.0368319,0.10029555
2022-12-22 09:00:00,10.736206855618548,15.202393,4.4855957,37.30162698969817,51.71659,26.792896,0.9245627759306773,1.9873118,0.24268836
2022-12-23 09:00:00,10.938908042734681,13.761505,6.792755,37.548860530172476,59.75727,23.65926,0.8247250306034599,2.1294792,0.10623743
2022-12-24 09:00:00,12.30929744734675,14.839142,7.688751,24.660486353756493,42.049187,16.381218,0.9276280966235503,1.9636043,0.023093758
2022-12-25 09:00:00,14.35457066930951,17.441101,11.019226,18.60592917734829,36.290142,13.403423,1.1562638361388788,2.2579896,0.07094575
2022-12-26 09:00:00,15.510752179847941,19.512085,12.232788,20.09942920028093,39.552124,15.161499,1.023810318316093,2.1042776,0.3838684
2022-12-27 09:00:00,15.22773177434135,18.562408,8.574127,21.34727313637786,36.484108,12.398171,1.4908343846019192,2.7489595,0.37092063
2022-12-28 09:00:00,10.381217885718286,12.3785095,4.450775,63.00340445421097,94.68413,16.507145,1.9765338661696468,5.9854217,0.11316782
2022-12-29 09:00:00,11.18928652405566,14.613922,4.266266,41.02885375106985,73.00166,13.075885,1.1870473527001055,3.387987,0.049837902
2022-12-30 09:00:00,11.531040685072469,15.181793,5.664215,87.80897831922687,96.599396,78.37674,1.544050995656612,4.4876513,0.40721345
2022-12-31 09:00:00,13.36367337051729,18.095856,7.1964417,85.12092600446411,97.87096,70.77638,2.432276354667504,7.527067,0.4214906
2023-01-01 09:00:00,13.331733606539785,17.397125,6.8834534,79.68708116168527,92.5282,65.71662,2.4736029126463595,6.1038637,0.15887852
2023-01-02 09:00:00,9.420704399662952,15.024567,1.7296448,44.97190320041201,75.66344,13.38219,1.431135527291348,3.4761639,0.3308292
2023-01-03 09:00:00,8.998941919078163,12.211151,1.3869324,40.31927722571167,58.158646,25.59002,1.528057318657219,4.256986,0.37606913
2023-01-04 09:00:00,11.774609753702634,16.302887,2.9689026,42.82440999366457,77.46738,10.981443,1.4077328279737813,2.509651,0.22511221
2023-01-05 09:00:00,12.82692338168465,19.075226,4.0060425,77.60426230143914,97.26972,55.786,2.6589872220462203,5.267749,0.26646024
2023-01-06 09:00:00,10.405635997760157,15.046753,3.0662842,42.8381562172983,60.407265,22.108753,1.4979126655776736,3.110908,0.12945259
2023-01-07 09:00:00,11.43322266349395,14.71875,4.0351562,29.429298998583384,55.698536,14.374316,1.3609691662608159,2.1582108,0.16602594
2023-01-08 09:00:00,12.344477832147675,16.905884,2.6988525,23.912687660709558,54.485382,4.2275715,1.7198752368313721,3.3067274,0.34672892
2023-01-09 09:00:00,13.555814556802659,16.838287,6.3753967,75.13483444440503,87.20105,61.679142,2.2260558355100373,5.3060613,0.1674357
2023-01-10 09:00:00,12.321158847445815,16.062286,5.070221,69.11089307535751,91.648544,44.660263,2.9077941215593026,6.3262253,0.91330194
2023-01-11 09:00:00,9.866086483581228,15.453644,1.2055969,51.358578443568554,68.35202,38.730003,1.6426576915552857,3.5522957,0.18062675
2023-01-12 09:00:00,11.61222756792705,15.642883,4.7542114,40.0908453601943,65.60222,26.953781,1.6851453507643868,2.6880348,0.19563472
2023-01-13 09:00:00,14.1739743470402,19.287811,4.4596863,30.30790389630089,49.199455,20.755798,2.0504471421820654,3.9887137,0.50941515
2023-01-14 09:00:00,14.015240104096847,18.979828,4.872406,48.96129319615669,72.204544,35.546005,1.2019148245828042,2.881538,0.091258265
2023-01-15 09:00:00,10.261187213342225,14.995697,2.7789001,67.45478933448628,90.99435,39.20643,2.215436644543409,5.084367,0.23200071
2023-01-16 09:00:00,9.011517591298855,13.242828,0.86587524,71.7253289496605,86.33399,52.676548,1.862417235072579,3.9962742,0.4458483
2023-01-17 09:00:00,8.05032743278764,12.327423,0.47781372,76.03476338935029,91.07113,41.92212,1.9987699797899665,5.459522,0.14939494
2023-01-18 09:00:00,7.773400622569511,12.239655,0.6986389,38.47694887448281,57.179585,18.003803,0.8401197235599206,2.3804138,0.050075617
2023-01-19 09:00:00,9.668431946858448,13.225983,2.9720764,37.2673630439275,59.173897,18.724678,1.076188736024564,2.264123,0.16058272
2023-01-20 09:00:00,7.783355631937297,12.481842,0.07949829,31.85699363563012,45.067627,20.166712,0.7948817739882091,1.9949296,0.11747483
2023-01-21 09:00:00,9.151628102445045,12.419678,3.222412,24.72673516875697,38.51655,15.567738,1.1690796799232397,2.5355458,0.02629526
2023-01-22 09:00:00,10.098661214459298,13.067291,4.4911194,30.185505508457524,54.21697,13.0763445,1.1445467237536262,2.0184696,0.25539768
2023-01-23 09:00:00,8.942168345670098,12.7604065,2.7760315,31.101870539501686,41.320625,18.769842,1.3601326921811738,4.4445252,0.12976241
2023-01-24 09:00:00,11.015405351195511,13.979889,4.84317,18.88439844047737,31.930456,12.528112,0.9832385156470811,2.4740052,0.09427043
2023-01-25 09:00:00,13.263966188137545,15.871979,7.7450256,17.1946698866944,33.841774,10.538471,0.815901772777546,2.1132727,0.0106879845
2023-01-26 09:00:00,13.28523399488887,16.712524,5.765259,25.211317948485636,33.79572,17.352348,1.6303146699430198,4.317942,0.22440888
2023-01-27 09:00:00,13.676932491401999,17.691559,6.8302307,21.40732481891674,37.636337,13.922924,0.7787708264747966,2.5390115,0.096349545
2023-01-28 09:00:00,14.048433116254387,19.16211,5.46875,26.494119851337523,45.9221,13.308667,0.7550298982945456,2.1310828,0.024998687
2023-01-29 09:00:00,13.088305724719817,16.155548,6.251251,36.12391547101846,62.009335,24.083553,1.7291177150845398,4.5451035,0.29931822
2023-01-30 09:00:00,8.426904618998151,12.819794,0.4682312,64.12829293075447,77.18778,42.36747,0.7573553160456087,1.3687874,0.28813857
2023-01-31 09:00:00,8.164114664327997,12.679718,-0.5951233,26.548230592864616,42.945786,6.500471,1.8030506000144755,5.097406,0.14064898
2023-02-01 09:00:00,11.367130423664094,15.25119,4.387909,15.621540928151049,22.163319,10.534413,1.2357822877932394,3.39802,0.26693994
2023-02-02 09:00:00,13.787061619641918,16.807709,7.590912,19.05449034950083,31.33228,12.39478,1.1482129146971765,2.365276,0.16481715
2023-02-03 09:00:00,14.86679069572915,19.692017,4.776001,21.806498755832365,41.496655,15.282446,1.21083473370243,2.666811,0.11549575
2023-02-04 09:00:00,14.800814349120174,18.838684,6.6140747,24.673384648123122,34.89133,16.426487,0.6206847551433147,1.2532488,0.11224738
2023-02-05 09:00:00,17.08919490641034,20.354645,8.055817,47.00891996246893,71.63793,25.398012,1.999459916198422,4.1802745,0.17702284
2023-02-06 09:00:00,9.96211224113722,14.828522,2.3753967,49.82668642789337,81.49953,26.06593,2.4817610961519576,5.225928,1.2164295
2023-02-07 09:00:00,11.524302657384567,16.279388,6.679779,23.19448326268714,30.919441,14.584737,1.2172309566907398,3.8709705,0.04678061
2023-02-08 09:00:00,13.07390062987156,16.429352,7.6559143,23.48276427336308,36.167786,16.002157,0.8438949837412129,1.6082832,0.14539075
2023-02-09 09:00:00,15.978344379320959,19.881927,11.368256,18.660297611955848,32.540215,11.900786,0.8654855317128478,1.7370559,0.15330017
2023-02-10 09:00:00,17.035912843197934,19.99289,8.137421,18.588364957395076,29.177294,12.271312,1.4026247218106351,3.5957983,0.3073296
2023-02-11 09:00:00,16.88709910704415,21.941803,6.6351624,18.701286181305143,32.73553,7.1808434,0.7290797818098242,2.1905189,0.13335234
2023-02-12 09:00:00,11.043227163452514,15.04422,4.466217,42.77986822915046,63.070984,18.255325,0.6801749342150769,2.1498938,0.076501474
2023-02-13 09:00:00,13.563875651556089,17.741364,7.0416565,22.503544022944986,38.710102,11.188641,1.211787494514364,3.2492726,0.18712217
2023-02-14 09:00:00,15.038249847318639,19.96109,7.05484,53.26515528906133,72.351036,30.636192,3.3218612179785723,9.383493,0.5279202
2023-02-15 09:00:00,7.309621919037852,13.806549,-1.4185486,32.84546472018784,56.59102,13.844923,2.5672062933833186,5.233657,1.0774006
2023-02-16 09:00:00,9.71666120971247,13.263733,3.343811,13.436999377757811,20.14496,7.965273,1.252520770992741,3.521803,0.14177436
2023-02-17 09:00:00,10.949138496200078,16.1539,1.839447,13.581600636525359,25.126438,6.5530357,2.0971236976982786,5.256155,0.07475123
2023-02-18 09:00:00,11.80122698109028,16.16983,3.476471,16.045262748837676,26.832718,9.385518,1.70346941427546,3.8054647,0.4123511
2023-02-19 09:00:00,14.2013556374975,18.301422,7.4908752,17.080197330053203,26.53908,11.109951,0.8126049737315333,1.8792831,0.0763103
2023-02-20 09:00:00,16.6284381528219,19.643463,9.682526,17.87536639680314,27.150925,10.807175,0.9429327145289629,2.5412252,0.05741506
2023-02-21 09:00:00,17.510148539157854,20.767303,11.683319,21.485758240534988,44.33305,12.9072695,1.000920416638011,2.3202493,0.04482422
2023-02-22 09:00:00,15.938127351947742,23.042694,6.2985535,45.649729385246516,61.4852,33.090668,4.829793229708727,10.71358,1.2612038
2023-02-23 09:00:00,4.71273817608801,10.974518,-4.322418,61.810023856886495,80.25778,32.83815,2.4590219586437088,6.1132617,0.114458635
2023-02-24 09:00:00,6.748667064843573,12.215118,-2.2419128,66.17398906239617,81.59849,40.215675,2.7080293999996203,5.528375,0.6424965
2023-02-25 09:00:00,6.685044929042192,12.140472,-0.5494995,83.62450547221178,96.767944,66.79043,1.623676789494229,3.593811,0.337865
2023-02-26 09:00:00,4.9817946326294305,10.150055,-1.3558044,71.93658177612026,87.45601,54.08732,1.2169735814886542,3.59021,0.13094094
2023-02-27 09:00:00,7.523228180892204,13.722137,0.067840576,73.90284530331918,90.932495,59.70801,2.2563072157347017,6.445771,0.030216232
2023-02-28 09:00:00,8.224512913987098,14.423187,-0.03189087,69.44649659705628,87.32314,51.623924,2.74525742242791,7.031328,0.46869174
2023-03-01 09:00:00,8.862940905749952,14.530426,0.5655823,70.43073198531525,84.88528,42.771793,2.731789302375639,6.6856713,0.4620373
2023-03-02 09:00:00,6.965624972543196,11.415009,0.8558655,32.477200900665544,53.26831,16.483154,1.644528659730191,3.9210107,0.26166448
2023-03-03 09:00:00,10.834324968381111,14.71167,4.4245605,30.95488818184236,51.233624,9.471906,0.9447286977751921,2.0045059,0.03545292
2023-03-04 09:00:00,11.552278215800811,15.576263,3.976654,35.319418771444596,56.583637,7.5472536,1.2473877908198763,2.5054035,0.07885629
2023-03-05 09:00:00,10.406760939900721,15.051422,1.2174377,66.07918281768798,85.74898,31.85054,2.7018285782992697,7.136047,0.21735455
2023-03-06 09:00:00,9.103601952806173,14.142731,0.45718384,61.11535458700111,79.70555,43.811733,2.544271434870152,6.6882167,0.959195
2023-03-07 09:00:00,10.212042574473912,15.046936,2.0332642,54.62776390705903,78.06579,31.265366,1.4566270592584487,3.3031623,0.26537886
2023-03-08 09:00:00,10.961066713268053,15.034576,2.9310608,53.83633948713521,88.58606,28.037666,1.8983585405601935,4.248618,0.7453702
2023-03-09 09:00:00,11.576962918655909,15.490387,3.177826,21.46022068754518,44.935055,6.2748976,0.9095564662749326,2.115039,0.054672845
2023-03-10 09:00:00,15.734866107906214,18.981842,6.99942,50.034226376818694,74.955315,32.451405,2.662769397687421,6.3860564,0.74926144
2023-03-11 09:00:00,14.450237828415311,19.13153,5.99527,81.11001704557509,96.73291,52.789227,2.4837116881801653,7.171706,0.17709774
2023-03-12 09:00:00,16.8023363965861,22.000885,7.6527405,59.000008105973286,72.69115,42.19326,1.9601076915824218,5.774543,0.11578362
2023-03-13 09:00:00,16.76460233800981,20.6669,8.080963,55.76326736817929,72.359116,30.975576,1.8662887366352379,5.6191015,0.173178
2023-03-14 09:00:00,17.899482333832395,22.482086,9.054352,59.49626555545039,81.62788,40.284126,1.8821343865669666,4.1879363,0.749186
2023-03-15 09:00:00,14.017700035955272,19.104889,6.4667053,84.29466191183384,94.89672,73.71118,1.8267273058373796,5.022498,0.1921571
2023-03-16 09:00:00,13.056639807019792,17.093414,5.8746643,49.41552205736683,66.760445,26.129196,1.0983086182880273,2.4200554,0.39396384
2023-03-17 09:00:00,14.906825194155317,18.423492,7.3023987,45.64032957630747,57.406662,24.719067,0.6257023355089403,1.2960662,0.17705113
2023-03-18 09:00:00,16.599273254062325,21.108307,8.002838,24.36004837460551,38.848774,12.672465,1.6592698403998156,3.5162551,0.17334278
2023-03-19 09:00:00,17.398540722329074,22.743317,7.229645,27.77578194603741,35.801346,20.188065,1.9095997934414033,3.57481,0.5527095
2023-03-20 09:00:00,14.359896889209438,20.494781,5.111969,58.824222325965614,76.67419,42.636875,2.2187417189884995,5.382621,0.12882444
2023-03-21 09:00:00,14.748026184714831,19.759918,6.2794495,57.1139378199353,76.70656,31.830086,1.8817298543056216,3.7841446,0.6087798
2023-03-22 09:00:00,10.171562572385255,15.823639,2.6908264,69.62832929653322,87.835434,57.98387,2.8547570391461217,6.329003,0.92705333
2023-03-23 09:00:00,10.429762667278624,15.666412,3.3917542,76.84541657227167,87.12781,55.0616,1.770859210555681,4.4656267,0.17215466
2023-03-24 09:00:00,10.62960088889497,14.965973,2.764801,63.896205823170305,88.25515,17.466085,3.1371408108290977,6.7447257,1.1885364
2023-03-25 09:00:00,10.234505313344357,14.944489,3.639801,55.61660489294652,86.544304,31.195652,2.1366167538869,4.0314116,0.87677187
2023-03-26 09:00:00,10.699256374608069,15.353668,3.9669495,42.942309457547424,65.997154,15.928053,2.4064664493678274,5.074923,0.65068835
2023-03-27 09:00:00,11.795235595752615,15.872223,4.235504,26.64658460139627,45.07644,16.254662,1.1776504828132734,2.1952002,0.374344
2023-03-28 09:00:00,15.14172351636995,20.518463,7.0345764,17.236330172737524,28.100044,8.069977,1.265103560059017,2.2707078,0.13076232
2023-03-29 09:00:00,17.653503668421195,22.7482,9.14859,39.07577950094798,65.361275,28.641083,2.473052868441084,5.248042,0.61517936
2023-03-30 09:00:00,11.125965455048913,16.037262,3.4942932,64.59789494448393,81.75504,33.161938,2.0594326508412415,5.8189497,0.6845854
2023-03-31 09:00:00,11.034536400118611,15.413971,4.494049,38.049975712297574,54.915436,22.485748,1.03897175607296,2.5417953,0.30098566
2023-04-01 09:00:00,15.200239187742056,18.765778,7.722809,27.57211506857857,59.74735,9.900394,1.1226870036043073,2.0410078,0.34675238
2023-04-02 09:00:00,16.84719902492111,21.719147,9.615631,35.213333102033786,67.12143,17.133148,2.066620242830084,6.1728053,0.21169153
2023-04-03 09:00:00,17.357898188080583,21.723297,9.16275,60.66620318685685,80.37007,30.515827,4.565172386859454,9.086733,2.3185668
2023-04-04 09:00:00,9.559805318312726,15.351227,0.2982483,37.22799543720224,51.65358,23.009047,3.7609221041244885,6.7926736,1.9983168
2023-04-05 09:00:00,12.026723215148422,16.60318,4.181305,28.818367997601364,39.19178,17.406626,0.8169465968839076,2.2770748,0.027287759
2023-04-06 09:00:00,14.778498608650693,18.537506,7.1322327,22.50690526986336,37.79997,14.238231,1.2210814034090145,2.919934,0.1199795
2023-04-07 09:00:00,18.341888116686164,22.263092,9.705719,21.286948519957697,42.12304,9.438359,0.8748243721342133,1.675493,0.10441829
2023-04-08 09:00:00,19.360297462980725,24.118805,10.622711,45.52869629471844,68.08277,31.80568,1.9439782246043174,4.3812675,0.24490525
2023-04-09 09:00:00,20.480829295982574,24.484528,12.422028,34.03835974006024,55.06083,20.315361,0.8794102706496945,1.9148729,0.27140823
2023-04-10 09:00:00,24.450663750221338,28.537994,17.020416,21.88406251930122,29.686556,14.922547,1.0501896604382968,2.2900112,0.17393929
2023-04-11 09:00:00,27.647471584898824,31.674957,20.381989,28.608175900267792,46.37889,11.73436,1.7628918078980058,2.995799,0.9770069
2023-04-12 09:00:00,22.42001859249649,28.221588,12.807526,45.95330084580451,69.11555,20.98173,2.5278483071418347,5.7016006,0.9677586
2023-04-13 09:00:00,18.696410460077118,23.38858,10.292877,47.802011304113115,69.55695,25.49793,2.764971632496387,7.172912,0.88030714
2023-04-14 09:00:00,15.827046883588878,20.83731,8.524811,35.79662074401643,51.80262,25.611216,1.6557496200365494,5.41247,0.25981164
2023-04-15 09:00:00,19.04287303255046,23.449371,11.233551,28.558552770520194,49.077698,17.249573,0.9072492290250401,1.9528507,0.06062393
2023-04-16 09:00:00,22.484139961943697,26.332672,14.080719,29.63133180587055,47.684246,12.193424,1.3867461256318763,2.2325504,0.72742254
2023-04-17 09:00:00,23.016226052809998,27.61612,12.819244,40.10144176957793,58.810085,15.82591,2.470246351521746,5.753143,1.1036526
2023-04-18 09:00:00,19.269099588909,24.370026,9.655182,43.073752425669475,62.121162,21.394264,3.330534071729614,7.5891905,1.1942554
2023-04-19 09:00:00,15.170284591598318,19.88736,6.674469,43.03563198747622,65.61192,24.953619,3.0470900161749164,6.435841,1.1077839
2023-04-20 09:00:00,16.776971060055814,20.358795,11.993805,27.968671667074457,48.307682,5.8176155,1.27335808348616,3.1041894,0.065083854
2023-04-21 09:00:00,20.99750794759177,24.038239,16.575592,24.410752715445323,46.611984,13.479911,1.0637988560162859,2.83453,0.153488
2023-04-22 09:00:00,24.278848373120184,28.678375,18.152985,30.77514668098618,48.568108,18.345451,0.9177911263892844,2.5956643,0.26525566
2023-04-23 09:00:00,25.02527238838104,29.491608,17.948639,33.68919153178169,43.830593,24.221218,1.3763839605690606,2.6580527,0.29241413
2023-04-24 09:00:00,23.93654349363669,29.321442,16.59488,35.00847071828452,57.165936,15.075199,2.1907771139812526,4.7211623,0.40037456
2023-04-25 09:00:00,24.13310050827505,29.278717,17.015045,25.900809314568143,42.8715,9.033089,1.5381545706379862,3.6358852,0.1258328
2023-04-26 09:00:00,25.676029413170966,29.617584,19.521881,15.665854543900219,27.980064,7.1088076,1.0012969296592449,2.4709592,0.20129028
2023-04-27 09:00:00,27.583552172755503,32.476227,20.929352,17.975524458255293,29.703362,9.98601,0.592675340500723,1.2065759,0.14774446
2023-04-28 09:00:00,29.48340460051486,34.33487,22.61026,17.45473770440593,24.5784,10.153067,0.6840726318500748,1.1073363,0.14244449
2023-04-29 09:00:00,31.256776089698803,35.71695,24.584137,19.17133553230694,30.871641,7.172101,0.7547850124684483,1.7015754,0.15330432
2023-04-30 09:00:00,30.57187828550542,35.33316,23.479645,23.904507094360426,38.847256,10.430878,1.8162219093879204,3.2737124,0.6309691
2023-05-01 09:00:00,26.79566781989547,32.487213,19.368073,35.57197766990984,48.91519,18.55191,3.444887188318837,7.1781216,2.0100179
2023-05-02 09:00:00,18.65750097258791,23.99527,11.690582,49.47689941528737,62.863712,24.62627,3.2863159973227667,6.671755,1.456369
2023-05-03 09:00:00,15.450116850512757,18.687408,10.130035,44.447326526935576,64.289345,23.507519,2.0226802489862394,4.376471,0.345
2023-05-04 09:00:00,16.735477963752317,22.35196,11.240631,44.56817409231652,69.36021,23.629738,2.0004820665156413,4.9653063,0.07521148
2023-05-05 09:00:00,15.918675158590815,21.576813,8.627594,52.69274971655469,72.79374,33.69462,2.400581183238725,6.316352,0.402594
2023-05-06 09:00:00,17.011717956342807,22.17984,9.980621,52.52082030487693,75.96419,29.342667,2.904837130979906,6.769782,0.8605516
2023-05-07 09:00:00,18.094408980456535,23.56192,11.709869,51.675304383058716,64.32332,30.288164,2.2833330077146297,5.965816,0.37484252
2023-05-08 09:00:00,21.189789253438164,25.668121,14.578278,46.21667236087947,62.48906,23.910809,2.5342178964844133,6.382522,0.46831092
2023-05-09 09:00:00,21.72428470631803,27.00821,14.396881,35.97962200366369,54.84754,12.367071,2.2117213631542283,5.913398,0.1719987
2023-05-10 09:00:00,20.12835607518548,25.708649,13.57193,49.11021154190895,67.34982,18.20767,2.9371849787969473,7.2303452,0.7058587
2023-05-11 09:00:00,20.968595338773355,26.096344,15.756989,40.891178397640715,67.9527,17.77301,1.7760104900783242,4.405392,0.5254334
2023-05-12 09:00:00,24.081492117346045,27.953522,18.988434,30.612899522294992,54.37943,13.542558,1.0520601402405363,2.25042,0.02337241
2023-05-13 09:00:00,26.772842722634493,30.610504,20.913483,25.08167558929701,40.75901,13.724272,1.1695178787998717,2.0566187,0.30655876
2023-05-14 09:00:00,29.287096988739904,34.81314,21.180328,19.016510919117437,25.222641,10.245243,0.7684013828578858,1.7802887,0.18877402
2023-05-15 09:00:00,31.43002522232615,37.164948,22.877838,18.020099107875833,24.636978,13.203384,1.3860165937117843,2.358195,0.15891773
2023-05-16 09:00:00,31.159394390963996,36.525787,23.576569,18.683881602338108,31.283104,10.677635,1.0361438695659067,1.9144402,0.48195666
2023-05-17 09:00:00,31.22045158482547,36.245514,22.692291,21.22617310965019,32.406097,10.542664,1.0876570913945545,2.7604084,0.30426955
2023-05-18 09:00:00,31.02616264174071,37.201324,23.096832,16.825468326777294,22.72408,11.20067,1.7213157909411956,3.6696928,0.49765483
2023-05-19 09:00:00,31.70523881128497,37.38736,24.141266,20.17709737023616,27.051525,11.078869,1.766879215742653,4.1091557,0.19434239
2023-05-20 09:00:00,30.696406986107434,36.523346,23.624908,22.923222608122444,37.839184,9.772778,1.838142835123948,4.3359156,0.7451053
2023-05-21 09:00:00,29.154465484789966,35.047516,21.529938,31.847205292276158,46.285675,21.924198,1.3932923577458527,2.9035614,0.45008215
2023-05-22 09:00:00,30.323432790444485,36.52408,21.53653,30.311441237657625,41.53264,19.407639,1.455432899595838,3.4708128,0.16105627
2023-05-23 09:00:00,29.031618132889662,36.738678,21.73233,23.268647659536427,40.449802,1.3541222,2.405956618626755,4.8464217,0.26879433
2023-05-24 09:00:00,26.662156395685372,31.552643,20.755768,27.965048747009227,46.067085,3.2368822,3.247612871877525,6.727612,1.3974274
2023-05-25 09:00:00,24.938040171935086,29.185944,19.100006,33.27897362589072,54.08693,14.172867,2.8124774510330903,6.0844164,1.4484284
2023-05-26 09:00:00,23.86483519965782,28.903961,17.79654,40.92056588362785,53.27282,17.255844,2.8012854352834573,6.418645,1.1729733
2023-05-27 09:00:00,24.08759226923712,28.790192,18.864655,51.44798229387351,68.217354,14.081545,1.9727002700859924,4.5701075,0.6321466
2023-05-28 09:00:00,27.262440241922263,31.896393,20.527252,41.526543452349436,56.493156,19.04566,2.0729963912543035,4.717311,0.6197343
2023-05-29 09:00:00,26.540746796186284,31.846588,20.045807,42.76852174242211,55.26329,21.548447,2.831515031568481,6.0925074,1.3387408
2023-05-30 09:00:00,24.879621312194217,29.985504,18.661285,45.21043613350513,59.652367,21.320333,2.6597393152391264,5.627373,1.3585154
2023-05-31 09:00:00,22.7734027856838,28.781647,15.778229,57.16467796542446,81.40176,15.323633,2.4842077224012824,6.0650325,0.80781335
2023-06-01 09:00:00,24.75460338706654,29.40567,19.488678,51.90986215802556,64.15129,18.95456,2.3145643986266546,6.5040655,0.7764346
2023-06-02 09:00:00,25.494397576118956,30.985748,19.977448,39.037042460071596,55.852425,15.942269,2.291083582666016,5.2503843,1.0374149
2023-06-03 09:00:00,28.036536208321763,32.417145,22.238678,27.58147555825037,44.5637,14.029067,1.1657553456857483,2.7121024,0.11695551
2023-06-04 09:00:00,30.410273057330983,34.700592,23.768951,25.522300884683744,38.033016,10.435361,1.16947278568716,2.7304988,0.26239485
2023-06-05 09:00:00,31.236064063603123,37.48526,22.811432,24.3632515250804,36.746254,8.160215,1.8362205199304424,4.2683764,0.06966645
2023-06-06 09:00:00,22.21394788523844,27.674957,17.545319,48.41837314912352,65.344864,27.301893,2.2153097419082783,5.198571,0.5047366
2023-06-07 09:00:00,20.15414734418806,25.419098,14.544098,63.10942704559984,83.69206,22.348309,2.3061530790340456,5.122001,0.88125634
2023-06-08 09:00:00,21.384039337726165,26.060944,16.70694,66.7153767634449,87.80946,39.089504,1.2254965951501176,3.4313352,0.010110777
2023-06-09 09:00:00,24.30284273731712,28.705963,18.523346,57.98356733113066,69.40263,33.41826,1.9225891462961346,5.0010242,0.36567128
2023-06-10 09:00:00,25.499738345856883,30.675934,18.820465,56.18347662963481,74.766785,23.330238,1.8462660524043857,4.2432485,0.65078384
2023-06-11 09:00:00,23.464124409907242,30.38443,17.10904,52.10461009524076,82.26306,27.754658,1.8019979822076655,5.654965,0.39775613
2023-06-12 09:00:00,23.25605291912001,29.944244,16.43277,55.75815576681087,73.88199,32.105286,2.3515660226344175,5.7532406,1.0393357
2023-06-13 09:00:00,24.317093551349103,31.058502,19.100006,52.11984433241399,68.073586,27.54919,2.0953361540514495,4.6197996,0.7368457
2023-06-14 09:00:00,27.45546057653297,33.20352,20.719147,50.61836910288084,64.82904,25.227476,1.9730534730927372,4.557333,0.823647
2023-06-15 09:00:00,27.739315270875807,33.953766,21.667877,48.444548241843066,62.03997,22.372004,2.438741512215704,6.1887345,0.38801116
2023-06-16 09:00:00,28.503609612428193,34.03946,21.701569,51.36483117952768,65.1219,29.38472,1.7647817444832017,3.187194,0.44977832
2023-06-17 09:00:00,29.84396449556573,36.24893,22.75943,40.63335517509508,50.5134,26.964724,1.595336392512652,3.6611004,0.43213457
2023-06-18 09:00:00,31.9264379673661,37.73062,24.578278,32.265703925295654,40.2154,22.490236,2.840587633445737,6.6356325,0.32601264
2023-06-19 09:00:00,29.596187177587467,35.450836,22.126617,34.32851540546859,44.25687,18.264015,3.986278904001356,8.463971,1.911639
2023-06-20 09:00:00,24.482383714789137,29.277496,17.738434,19.32186972280553,32.912365,10.359181,3.1018048887166514,6.713578,0.8173803
2023-06-21 09:00:00,24.64274054010741,28.978668,18.609528,19.78603129222349,40.06336,7.0594196,2.110451967061715,5.194991,0.06518318
2023-06-22 09:00:00,26.66259654616283,30.894684,20.631012,19.289359741335115,32.937637,9.30409,1.9983990765088808,5.2615047,0.2058322
2023-06-23 09:00:00,24.792214041441184,29.183258,18.614899,26.62417581876012,43.167213,8.573463,3.042394485595962,6.438655,1.8842539
2023-06-24 09:00:00,25.406057343449845,29.02237,20.131012,35.69095439448503,63.56543,12.902456,1.4283163899799431,3.0724432,0.4559938
2023-06-25 09:00:00,28.353976626536905,31.893951,22.995514,34.34282747635869,56.138668,11.8808565,2.1884557404937257,4.638872,1.0743203
2023-06-26 09:00:00,27.72372866836156,32.427155,21.645905,36.4345243991322,47.869125,16.525375,2.345541339352426,5.7453885,0.49373478
2023-06-27 09:00:00,27.160073695938877,32.539948,20.94278,29.169272520612136,39.80893,16.008146,1.9397514616042313,4.893694,0.17737584
2023-06-28 09:00:00,29.28181708446664,33.62027,23.43863,29.368414243186127,41.40636,12.3737545,1.9385019593928836,4.812266,0.25611147
2023-06-29 09:00:00,29.437212483795463,34.66739,24.67154,31.043723213956955,46.618862,12.773498,1.3613747291205518,3.2997782,0.2275139
2023-06-30 09:00:00,32.76461955995023,37.16519,27.803864,19.186977885472967,24.226616,11.707086,1.0279390774177708,1.6679242,0.2628866
2023-07-01 09:00:00,36.04263242403198,41.36612,30.159088,15.755340328009094,20.602348,8.734376,0.6902338044220808,1.168398,0.10161308
2023-07-02 09:00:00,38.09019128305897,43.73355,31.34488,15.47680339010365,20.75232,7.291383,1.016979383233268,1.8645533,0.06314637
2023-07-03 09:00:00,38.014013016613774,44.09488,31.421051,17.607726628819186,23.740131,11.529195,2.146450113064309,5.2104845,0.48702803
2023-07-04 09:00:00,35.943485490409216,41.28311,29.605377,13.462884486421618,20.590273,3.8622189,2.6439951593469173,5.985236,0.44666642
2023-07-05 09:00:00,33.96121969511984,39.570465,28.17398,20.616558512756253,28.46239,14.267801,2.2751283379643628,5.3650494,0.10898285
2023-07-06 09:00:00,33.7387040977066,38.760895,28.798004,26.269756636522196,32.951927,11.475366,2.2835676772597595,4.9817257,0.54403055
2023-07-07 09:00:00,32.051871387897506,37.201324,26.644684,23.758193579846097,35.302063,12.91867,2.573411515359508,5.998493,0.59027755
2023-07-08 09:00:00,31.237138161314192,36.13272,25.871002,22.65192452236413,31.611834,12.13431,2.0488905377491538,4.648122,0.09132323
2023-07-09 09:00:00,31.14457398582408,35.4086,26.244537,26.13502150074543,40.295677,15.674584,1.9992479785914863,4.3828263,0.3201801
2023-07-10 09:00:00,30.369057681104096,34.329987,24.86319,23.233057473544207,33.698803,12.361661,1.7720248164723182,3.7028878,0.45560756
2023-07-11 09:00:00,32.19291965858412,36.439117,27.72818,14.914804345998624,28.536007,4.5416584,1.5424873244503154,3.4091988,0.4680774
2023-07-12 09:00:00,34.08949942065277,38.026764,28.522858,17.116764795723576,29.635326,8.718988,2.2290575601383824,5.5675144,0.69312567
2023-07-13 09:00:00,34.39989505549619,39.120514,28.821686,14.982525152301756,21.700542,6.561507,2.0696085530844694,5.758817,0.15090024
2023-07-14 09:00:00,35.25571540669563,39.902496,30.119293,12.17369699779097,18.34304,5.423009,1.464366873430254,3.848633,0.31189615
2023-07-15 09:00:00,36.7541661552994,41.04654,30.437164,12.75642470548089,24.597157,3.917469,0.7581782876651217,2.2483165,0.10238332
2023-07-16 09:00:00,39.832375513891805,43.37149,34.367584,12.709532988068716,21.28191,3.850255,0.852271823588679,1.8179317,0.34400797
2023-07-17 09:00:00,39.54521335999942,44.39444,33.298737,17.76450568173192,26.2133,9.032959,2.105329476108579,4.825656,0.79128003
2023-07-18 09:00:00,37.5150457015381,42.61075,30.558014,22.74632782022911,30.948097,16.225441,2.455535718995815,5.769424,0.6793792
2023-07-19 09:00:00,36.08850168687479,41.01358,29.63272,23.21240186303146,29.002598,18.128666,2.408574935039653,5.497402,0.35995418
2023-07-20 09:00:00,37.015795511947715,41.880035,31.165192,18.352179416774444,23.703701,14.948464,1.8643087176939248,4.274257,0.47650406
2023-07-21 09:00:00,37.69931752224062,41.683014,32.40567,13.187067084311208,19.328918,5.4983015,1.3416001569466667,3.5392675,0.24116582
2023-07-22 09:00:00,37.29197192815565,41.155914,31.958649,13.225195010618329,23.33098,5.98536,1.2174119687434388,3.3240018,0.07563119
2023-07-23 09:00:00,39.17428593951712,43.533844,33.39908,14.576982985547112,19.696095,8.380762,1.6740998604213602,3.633824,0.26088846
2023-07-24 09:00:00,35.747868080200305,41.81314,29.524078,16.48141618285884,22.106773,7.7942724,1.904582812363338,3.9569993,0.191384
2023-07-25 09:00:00,36.15648977186697,40.62564,30.09439,18.52337936822015,23.667511,12.398658,1.7509458584897017,3.4520369,0.14384237
2023-07-26 09:00:00,36.954362166336466,41.100494,31.721588,17.76832824087773,22.154945,13.439926,1.5243165284865836,3.7396996,0.046877403
2023-07-27 09:00:00,36.35732764513165,41.02066,30.505035,14.842488448829421,20.332836,9.487497,2.1917505835260407,5.7234464,0.40138227
2023-07-28 09:00:00,36.57870227864203,40.914215,31.302887,17.270075039459737,22.911549,10.146299,1.9066382463412779,4.383674,0.39622003
2023-07-29 09:00:00,35.200371042787424,39.294342,29.891998,13.654765877799697,18.777401,8.681335,1.9088251497649389,4.140984,0.22974011
2023-07-30 09:00:00,35.06255810678033,39.68643,29.534088,17.647904418520667,21.822546,13.739753,1.9276815594553305,4.3423185,0.3665251
2023-07-31 09:00:00,35.08703358979295,40.103424,29.072174,14.264029546015983,18.371746,8.581101,1.7441111992630085,4.137637,0.18902862
2023-08-01 09:00:00,34.47332780453587,40.003326,28.75528,13.217858337934778,20.014015,7.1750298,2.1401625230025347,5.096069,0.587084
2023-08-02 09:00:00,33.8595920126491,38.9545,28.003326,11.964804729771494,18.251713,5.7728815,2.2083843989778256,4.926745,0.8684305
2023-08-03 09:00:00,32.497028879335005,36.325592,27.30606,17.68190625981952,30.463905,8.846243,2.155634225458607,4.355382,1.0441523
2023-08-04 09:00:00,30.46945572724394,34.95572,25.545563,21.830961129968383,36.211502,6.5232353,1.7345521128555363,3.724837,0.21886161
2023-08-05 09:00:00,31.06977851418776,35.89566,25.09488,19.3057809112337,35.705948,5.715107,1.2318393391295133,2.841126,0.12208491
2023-08-06 09:00:00,33.05934064805092,38.0065,27.53189,17.594623380586814,31.300163,1.3261552,1.6129888011570956,3.6327949,0.1703784
2023-08-07 09:00:00,33.94288604044385,38.72574,28.661285,19.670398596646574,31.140553,8.827946,1.7138728928384974,4.4971046,0.121278785
2023-08-08 09:00:00,34.384981208568036,39.818024,28.163727,18.514214445571895,29.293129,10.183753,2.797097867128216,6.331467,0.3525359
2023-08-09 09:00:00,33.15708846602371,37.742584,27.816803,20.29775373861992,33.038452,6.6048574,2.6918176612278226,6.1758857,1.1772014
2023-08-10 09:00:00,31.686164328621715,37.026276,26.192291,23.692425560196614,30.488255,13.949092,2.2793922200253736,5.449897,0.3716453
2023-08-11 09:00:00,27.370619852013363,33.114655,22.524078,46.653961542065915,68.25962,29.213501,1.842088351530244,4.864389,0.23876971
2023-08-12 09:00:00,31.41116751460288,36.602448,25.09488,41.23802055690688,53.110962,27.792902,1.4751915305567587,3.9631715,0.07461453
2023-08-13 09:00:00,32.63212801471133,37.74893,27.427887,28.49316506276065,40.645035,11.020034,0.9587194348473518,3.0088193,0.045820117
2023-08-14 09:00:00,33.67933867829646,38.677887,26.737946,21.506990458877528,29.388151,7.6188793,1.1232956773696692,2.3230088,0.29743466
2023-08-15 09:00:00,36.08390737411332,41.940582,29.592926,19.35029080356899,28.011147,9.1512375,0.9070986466357179,2.0283506,0.051275775
2023-08-16 09:00:00,36.51361276624817,42.2919,29.545807,19.80048230443043,26.254456,15.395178,0.8019088396039555,1.9059055,0.20963687
2023-08-17 09:00:00,35.0155795726709,41.864166,27.292633,19.43291872101918,23.222464,14.99062,1.233900296811592,3.7351787,0.065517105
2023-08-18 09:00:00,36.99940215119938,43.247223,30.217926,16.385910955001304,23.741978,10.0624,1.6868551289855016,3.4879153,0.23260981
2023-08-19 09:00:00,34.60392811657829,39.985016,27.97525,16.796680785413887,23.184767,13.1339855,1.5613898873487462,2.8074095,0.3592016
2023-08-20 09:00:00,29.21567329837768,35.90518,20.89151,40.29835422518951,60.512177,25.535612,1.6032837894720373,4.674106,0.15239193
2023-08-21 09:00:00,23.567656107980326,27.799469,18.670563,65.8251350384618,87.74069,46.282997,0.9070856546194699,2.1410217,0.3773393
2023-08-22 09:00:00,25.910825349716276,31.183502,19.919586,62.57021367679675,73.75548,44.619762,0.6227367099478754,1.8531193,0.07097888
2023-08-23 09:00:00,28.707941291858106,32.790924,23.906158,41.71023100747354,53.753353,30.861807,0.6265948849125722,1.255667,0.26584798
2023-08-24 09:00:00,31.35316907768498,35.525787,26.4086,32.59349321442675,42.12925,23.586279,0.9207788219564315,2.3571606,0.1663352
2023-08-25 09:00:00,32.56037493505795,38.127594,27.145172,25.393876718576294,39.07473,14.343716,1.3818827514422118,2.8010626,0.26499522
2023-08-26 09:00:00,31.720550909764654,36.855865,26.707428,20.476307056327578,34.046394,10.542488,0.5401264018926434,1.7357247,0.07723869
2023-08-27 09:00:00,32.3028488999376,37.870758,26.792633,12.358517290290688,21.273727,3.7930374,0.781431223093278,1.8860914,0.087688796
2023-08-28 09:00:00,32.825603651131246,38.27896,27.485992,11.50743336341502,25.376606,5.4190435,0.8786197287114961,2.512904,0.08058355
2023-08-29 09:00:00,34.18387224308327,39.186188,28.811188,18.38630256829361,29.457222,11.715034,1.1361717483980036,2.1298862,0.1841071
2023-08-30 09:00:00,33.32819560169173,38.859283,27.572174,10.90294354543075,18.545586,-1.0948305,1.2181986484110598,2.6748886,0.17681682
2023-08-31 09:00:00,34.202331996505166,38.635162,28.699615,12.155616332497006,19.986528,4.6343355,1.3845369672753702,3.6721525,0.0689391
2023-09-01 09:00:00,33.649310921847075,38.76822,27.252594,16.924113584015533,32.611816,2.8383799,2.375929630108035,4.480178,0.22954246
2023-09-02 09:00:00,29.34355686270004,34.85269,22.637848,37.73903692133506,52.679398,27.144243,2.0547073343441076,3.1930902,0.25469822
2023-09-03 09:00:00,26.868143407021137,32.615387,19.906403,62.42586473941468,81.80236,45.69298,2.528337693146235,4.12521,0.9020588
2023-09-04 09:00:00,23.84558528931001,28.13443,18.547028,59.21924802201681,82.91021,38.129715,1.967555425587983,4.347351,0.44866097
2023-09-05 09:00:00,26.369805835381044,30.630768,21.556793,32.028993690629896,53.1619,16.823238,0.6423797398541171,1.3155773,0.10612357
2023-09-06 09:00:00,29.697437895580777,34.355865,24.16446,32.63445267363654,45.4048,16.839838,1.194295552043535,2.7841182,0.3239713
2023-09-07 09:00:00,30.88368188411596,35.250397,25.310944,23.297846649945637,41.783997,12.854705,1.2150177172984793,2.260333,0.4273513
2023-09-08 09:00:00,31.80286276198268,35.854645,26.042145,18.535806038881134,24.459341,10.623404,1.4346557446889643,3.14646,0.24741937
2023-09-09 09:00:00,32.7701329061677,37.27945,26.672028,24.399335259811153,30.264141,17.61961,1.3461641328072302,3.0954008,0.20822999
2023-09-10 09:00:00,32.41246099836201,37.739655,26.370514,31.593578855073766,39.065628,21.03438,1.2310203925736098,2.247376,0.380346
2023-09-11 09:00:00,30.657730189381823,36.20816,23.440582,39.77411942230804,45.965084,33.21601,0.696975486522354,1.4329597,0.039845202
2023-09-12 09:00:00,30.063980462976417,34.722565,24.152252,30.55905503439685,43.510563,18.383638,1.265936406901237,3.3674037,0.1234598
2023-09-13 09:00:00,29.892068285324513,35.1669,23.530182,28.723829971209017,37.087654,18.275154,1.4596685332517023,3.7006273,0.1154701
2023-09-14 09:00:00,29.756080270953817,35.45157,23.613678,29.987550973376614,38.69928,18.691677,1.2668971654403063,2.8672235,0.2550992
2023-09-15 09:00:00,31.10600316224304,36.027008,25.364899,30.76588711582397,40.244217,14.287457,0.9855946546478604,2.3765025,0.20889264
2023-09-16 09:00:00,31.595457278264462,36.55313,25.730865,25.613781791915912,40.555737,11.0401125,1.4639060065223366,3.006872,0.36342457
2023-09-17 09:00:00,30.635867201943654,35.239655,25.253326,30.520214549768962,51.011005,8.396466,1.463319358424234,2.9293888,0.20007566
2023-09-18 09:00:00,28.805272416606556,32.875397,23.728912,49.0903418368426,70.94317,14.93145,1.9555379548011906,3.8496006,0.71294355
2023-09-19 09:00:00,27.034397229305114,30.659576,21.563873,49.963506381037675,73.70995,19.631832,1.5218408900803824,3.6005213,0.6830563
2023-09-20 09:00:00,27.480142926750887,31.25528,22.438873,43.82153885429157,68.53554,18.571632,1.349929832103698,3.560346,0.121156916
2023-09-21 09:00:00,25.90788507736528,31.93277,19.227692,46.433537355421,67.2019,13.541866,2.7774955168869666,7.271194,0.33341187
2023-09-22 09:00:00,24.376292473145384,29.287994,18.642975,28.95600250763504,42.82878,15.848312,2.0210686538598743,4.4428363,1.0205797
2023-09-23 09:00:00,25.577894448991515,29.96231,20.49942,24.854922106025747,42.581005,9.038037,1.2563685674418896,2.5823412,0.44047475
2023-09-24 09:00:00,27.21345483711491,31.679108,21.80606,21.252025906546148,30.775713,10.968918,1.0178797739524166,2.1141474,0.35475835
2023-09-25 09:00:00,28.61451549271476,32.88394,23.286285,18.482181097561284,31.45663,8.081631,1.1792219990654549,2.5268602,0.26974237
2023-09-26 09:00:00,27.98421964473954,32.174957,22.434723,21.442317745760782,35.611412,9.592611,1.5657837231053153,3.0468853,0.46370932
2023-09-27 09:00:00,25.73297024810637,31.332184,20.277496,24.306479816250874,39.48707,11.98707,1.5560372959306539,3.6126034,0.13319056
2023-09-28 09:00:00,25.845963773447863,31.500397,20.785553,31.16342370228141,47.10268,16.241373,1.5423491823116302,3.9440198,0.030115673
2023-09-29 09:00:00,26.13111120264341,30.934235,21.416656,26.67623601362835,41.015747,17.004026,1.6939689598995908,4.492381,0.23352058
2023-09-30 09:00:00,24.83252493125019,30.80777,18.831207,35.30690054036162,56.358955,21.205807,3.0346525872351378,7.347129,0.36578828
2023-10-01 09:00:00,18.938602679075075,24.600739,11.692535,60.301428996800915,74.516205,33.539642,2.321055503382131,5.206622,1.2253684
2023-10-02 09:00:00,18.992722850671555,25.16983,12.643707,57.877976267084705,74.321075,34.532295,0.7087041985003375,1.6316553,0.10844809
2023-10-03 09:00:00,21.952930527627075,26.989166,16.522614,44.97961378347664,54.679585,35.62099,0.715695769935679,1.7316912,0.15296446
2023-10-04 09:00:00,24.881221395313332,29.105133,19.974274,34.139761864798615,41.471016,28.184835,1.2717236565021555,2.9779456,0.0494414
2023-10-05 09:00:00,27.92959168938603,33.01187,22.36734,30.19098883279545,35.374687,23.0078,1.7232258039321384,4.1170254,0.25207916
2023-10-06 09:00:00,29.856931638341507,35.49405,24.220612,23.801752296459917,29.268341,16.344341,1.2049647032877255,2.979949,0.062247057
2023-10-07 09:00:00,31.26473692819593,35.953766,26.014313,19.466493491777022,23.05006,11.849162,1.0523199925338411,2.337345,0.11667214
2023-10-08 09:00:00,32.01357149530139,37.575348,25.553864,17.322486648049967,24.453362,14.213855,0.8145171463037573,1.644437,0.11724404
2023-10-09 09:00:00,31.27182219183993,36.613434,25.689606,17.476667828496492,23.219597,11.9481125,1.263473709481691,2.780751,0.2392048
2023-10-10 09:00:00,27.324586264300365,31.344147,20.480865,26.161448421943746,40.203465,10.543308,2.6279073789830547,5.4800363,1.390641
2023-10-11 09:00:00,23.145613913100647,28.379059,17.006012,52.28521640505718,73.605804,25.81805,3.495588406920235,8.238951,1.0890996
2023-10-12 09:00:00,19.891199358193774,24.177887,14.644684,32.969986008288686,42.813248,24.949503,1.2135070998436113,2.9555075,0.12082517
2023-10-13 09:00:00,22.4785388708288,26.908844,17.004547,18.1574031207051,22.05906,14.238888,1.1881091158673625,2.7849064,0.02069098
2023-10-14 09:00:00,24.6844746859677,30.578522,17.824615,19.20176012762817,26.495213,14.928267,0.4975110098697945,1.4287463,0.07741777
2023-10-15 09:00:00,25.39266655053052,29.977692,20.58902,17.61740771891575,22.131256,14.838288,0.7964269189534273,2.2064707,0.08078516
2023-10-16 09:00:00,27.43751205397018,31.169098,22.977692,15.233034061529096,22.0892,12.729825,0.6287864867248026,1.8156563,0.08440521
2023-10-17 09:00:00,27.32975751497588,31.499908,22.355377,17.670619803294656,28.333158,11.225546,1.1572027408876757,2.436677,0.3178712
2023-10-18 09:00:00,26.217293243451707,30.142487,22.44522,16.90728147651669,19.616627,13.427688,0.9512630411825922,2.1194446,0.19116294
2023-10-19 09:00:00,28.79452237931008,33.074127,24.853424,16.92582216453205,19.948544,12.659739,0.9874748448889408,2.224093,0.11493297
2023-10-20 09:00:00,29.953405281857215,33.475983,24.919342,19.78856594552747,31.75256,12.249651,0.3612639268754609,0.84279037,0.105849385
2023-10-21 09:00:00,29.435275700289594,34.621002,23.640533,21.818781027668262,28.01833,16.795197,1.0403043712419757,2.1292746,0.10117954
2023-10-22 09:00:00,26.92007857566358,30.935455,21.464752,36.495424799000055,61.954407,18.8255,2.057539849758723,4.657815,0.45452413
2023-10-23 09:00:00,21.062147492927295,27.01065,14.887604,58.87711424820769,72.508095,25.35966,2.6548366012844626,5.556294,0.7929435
2023-10-24 09:00:00,20.0721786180319,23.639557,16.972809,37.681736116681726,50.528664,24.130226,1.1059330393902154,2.713673,0.48473245
2023-10-25 09:00:00,22.688187876684538,26.165192,17.893707,35.81693193148299,49.043846,19.248833,1.5322667011492808,3.9636188,0.12107842
2023-10-26 09:00:00,21.451352097017093,27.448639,14.74942,48.13674748307787,64.308105,31.718262,2.396130022136658,6.890117,0.4256456
2023-10-27 09:00:00,17.744602000097018,22.786774,12.933258,35.37402011512454,53.5938,20.397652,1.1663036708531225,2.7572324,0.16381963
2023-10-28 09:00:00,16.670799634978266,21.227692,11.58316,22.97225347134856,48.740578,4.4087152,1.4647559647606285,4.010543,0.076894835
2023-10-29 09:00:00,16.696764471017502,20.238922,11.6666565,15.68574377930621,20.540344,7.7034416,1.5753904605950109,4.993752,0.16104251
2023-10-30 09:00:00,18.457964173038192,23.578033,13.304596,10.142118260752326,13.293025,5.96124,2.0811529776989146,5.1376076,0.45966923
2023-10-31 09:00:00,19.515520819853748,24.184235,14.996735,7.903221899020078,11.13621,6.6713667,1.5929932966717912,3.824914,0.39220878
2023-11-01 09:00:00,21.620187446858495,25.688873,16.757233,8.688455991093715,12.569662,5.6829433,1.017317800500248,2.572708,0.13680309
2023-11-02 09:00:00,22.2197109911217,26.180328,17.752594,8.633214049383797,14.946317,4.7611303,0.7067155737000844,1.9879342,0.19528165
2023-11-03 09:00:00,23.0186400140837,27.179352,19.226227,10.494821830155027,19.01915,8.174457,0.4816849912476867,1.4700146,0.055085868
2023-11-04 09:00:00,22.749483404691944,26.437653,19.131012,14.195520115753062,25.204414,7.638009,0.5875715793244647,1.4898465,0.08723712
2023-11-05 09:00:00,23.42060003475359,27.392242,19.34732,20.47294498117086,28.255817,14.875807,0.8770928235491985,2.1650915,0.038944237
2023-11-06 09:00:00,23.33127444443386,27.817535,17.798004,20.67502681357102,31.838493,11.830682,1.791329125782655,4.6444187,0.088519864
2023-11-07 09:00:00,21.039470799030937,26.16983,14.400299,53.381321771205634,76.61684,21.949009,2.923543929217797,6.1457124,1.0725174
2023-11-08 09:00:00,16.101111930440766,21.114655,10.049713,33.91211574694909,51.060867,17.295242,1.6400683032758334,3.1098802,0.40167153
2023-11-09 09:00:00,16.368362642334205,20.558746,11.478668,16.51769210686236,28.990532,4.869437,1.652449685023475,4.877286,0.151081
2023-11-10 09:00:00,16.487058693166603,20.839508,11.872711,11.253112504398407,16.760914,7.34943,0.7792605002578559,2.2822316,0.087489456
2023-11-11 09:00:00,16.937388319151808,21.039703,13.164703,9.81572273734291,15.780726,2.0873404,0.5857915780922054,1.869623,0.061898835
2023-11-12 09:00:00,18.820617284639752,21.508698,14.8524475,11.827603175000128,14.90774,9.53274,1.1324914202959588,2.313857,0.09319204
2023-11-13 09:00:00,20.804922710718472,25.582916,14.4774475,14.439156123910362,18.903381,9.970433,1.3021140802120394,2.490104,0.2494881
2023-11-14 09:00:00,19.65952217271081,25.801422,12.41861,17.35420834001517,23.523762,12.07803,1.2193014308110055,2.584362,0.14552122
2023-11-15 09:00:00,20.75686565359473,25.055328,14.768219,19.558671528581183,23.914364,12.619396,1.4158407581214156,2.7842376,0.042158823
2023-11-16 09:00:00,16.891069396082116,22.88736,9.477692,48.7681240307918,73.10629,33.786884,1.6554135129198693,2.8611917,0.108209684
2023-11-17 09:00:00,18.655129712240523,24.320465,11.623199,59.19361732524579,71.9873,37.518547,1.654899175068573,2.8757052,0.27891946
2023-11-18 09:00:00,19.1146335342587,25.057281,10.942047,48.88554417609076,61.35379,34.869415,1.3330501887205968,3.0303166,0.2989698
2023-11-19 09:00:00,17.42229461014142,21.832672,9.78775,45.63380114922977,73.46009,16.84395,2.898995367176237,6.252603,1.4594187
2023-11-20 09:00:00,14.635495221229746,17.948395,9.876129,18.106044322918255,26.963182,11.068651,1.367918245278386,2.6775293,0.1365579
2023-11-21 09:00:00,17.03814655050104,21.158112,11.806549,12.537935157226686,17.977829,6.8934383,2.245176870919697,5.3709254,0.33098426
2023-11-22 09:00:00,19.188085050622874,22.90274,13.650787,14.519332580374986,19.209114,10.822381,1.2284380358742677,2.988348,0.16219227
2023-11-23 09:00:00,18.23332697945426,21.727692,14.02652,14.195152415058361,25.349945,8.123512,0.8173738380931205,1.6211075,0.060928468
2023-11-24 09:00:00,16.856087836218762,21.687897,10.383209,37.87204848930692,45.560566,23.017597,1.142069196721386,2.9908617,0.1995579
2023-11-25 09:00:00,13.533301803369,18.570465,7.539215,30.75570565882519,47.932884,3.7480316,1.4068232840123374,2.8780468,0.24009201
2023-11-26 09:00:00,12.954472318300816,18.298248,6.683014,28.805864491948913,36.899498,20.45248,1.9035992900408896,4.3784432,0.4107482
2023-11-27 09:00:00,12.729369293574962,17.760406,6.806549,21.16500493588423,30.582834,14.371897,2.0258062777403,4.637543,0.24640237
2023-11-28 09:00:00,14.844025010732935,19.535065,8.566315,18.434811409228057,23.956709,13.870913,1.6430242286897327,3.3824368,0.14809279
2023-11-29 09:00:00,15.89802297087823,20.599274,8.851227,31.354562778504963,39.34935,25.728256,0.5021107241563103,1.2610106,0.06826396
2023-11-30 09:00:00,13.964268318106008,19.45401,7.784088,65.82835370784957,89.14625,33.230606,1.5002106138078417,3.9931219,0.16360557
2023-12-01 09:00:00,12.203514658487734,17.72696,5.2601624,63.03701242904811,87.42988,44.995888,2.0221070643397865,4.538932,0.28171328
2023-12-02 09:00:00,11.251732488981702,16.394684,6.0211487,46.007701450795324,58.8468,35.217896,1.1628015067931112,3.166152,0.032287102
2023-12-03 09:00:00,12.75723710449256,17.15567,8.499664,47.47888823237397,64.19127,30.535385,1.165699957542455,3.1147342,0.05503376
2023-12-04 09:00:00,14.270646588766056,17.247711,10.581451,28.495549636791637,41.870174,22.180681,0.9390965359953792,1.8227328,0.19388078
2023-12-05 09:00:00,16.713601607538408,19.353912,13.519928,26.86398846811933,30.859333,22.45699,1.3193121108616441,2.6818757,0.095502175
2023-12-06 09:00:00,18.243882907592592,21.540283,14.255127,24.952435197253678,30.90966,21.010895,0.9533450722011556,2.0116167,0.23768291
2023-12-07 09:00:00,19.68774365131901,23.429657,13.439423,32.85113493846563,40.13239,24.912865,2.7685703677446183,5.2166843,1.4251485
2023-12-08 09:00:00,12.6463546558536,18.730377,6.788971,39.903652801328924,67.98761,10.209499,1.6825572677527671,4.1302123,0.23873003
2023-12-09 09:00:00,11.289345549258485,14.246277,6.5216675,25.742641672382472,35.40843,11.072017,1.7231007544811523,4.3318925,0.386343
2023-12-10 09:00:00,13.211960181076222,16.733307,9.927643,15.203862965245506,27.397072,9.146854,1.7423208405266883,3.5778205,0.23034084
2023-12-11 09:00:00,14.268173487117735,16.892975,12.037506,15.272556081071464,24.494614,5.3755445,0.747609279279389,2.0025475,0.03354365
2023-12-12 09:00:00,14.25596411539675,17.098541,10.756744,23.729762230597736,33.64881,16.433966,0.7937150135183485,1.5867404,0.048774272
2023-12-13 09:00:00,13.944444374681098,16.760406,9.110016,25.220655832458345,35.30264,17.68693,1.0580383871336954,2.2807488,0.18799353
2023-12-14 09:00:00,14.318105007884355,18.267914,8.168304,25.505983475134727,36.23887,17.026989,1.1200198973475033,2.396487,0.26572686
2023-12-15 09:00:00,15.589938500444475,19.334137,9.584137,13.148448209712619,22.207699,7.3297453,1.4641169265542868,2.5886848,0.15419404
2023-12-16 09:00:00,17.128676157178063,20.532135,11.375885,12.454994077354351,19.34452,8.043038,1.8659419106575938,3.4953952,0.04528119
2023-12-17 09:00:00,17.212422584972387,20.828522,13.254303,11.006517747452621,18.658813,6.1666813,1.312771775717488,2.449094,0.17800888
2023-12-18 09:00:00,16.474238450481494,19.926178,11.476959,11.592888504111007,18.231163,7.5156546,1.121711335616782,2.3444443,0.10844201
2023-12-19 09:00:00,17.966537902650828,20.467194,12.584381,50.79739960784455,72.01989,22.023798,1.4588728391239263,2.6542087,0.13993055
2023-12-20 09:00:00,15.716355378267735,20.09732,8.454987,78.8137005247424,95.661255,61.75161,1.2383439227580917,2.502364,0.1609997
2023-12-21 09:00:00,13.83393298846579,18.258667,7.0828857,69.80227490771819,82.77406,54.501575,1.7151659862773023,2.9564197,0.30323938
2023-12-22 09:00:00,13.462819841256362,17.980865,7.337311,66.65966735784336,82.34633,53.050266,1.7526380623926663,4.1191554,0.23831989
2023-12-23 09:00:00,12.054189582724632,16.621246,6.5069885,56.21969346449892,87.85082,32.081593,0.7434646637437561,2.0457618,0.062448647
2023-12-24 09:00:00,13.498778088895392,16.53189,9.016266,43.22364287247174,67.242165,21.51106,0.6104374439032069,1.3835169,0.029237423
2023-12-25 09:00:00,12.820987763348342,15.599152,8.663605,37.37688045967416,68.88476,11.730907,0.732222873951187,1.7864219,0.047868844
2023-12-26 09:00:00,14.411817405869726,17.18985,10.301178,31.510562848816118,54.257095,14.511002,0.6321267981976975,1.5557504,0.07542252
2023-12-27 09:00:00,15.334263476343438,17.997711,10.704742,23.350742497471156,57.396763,3.1183777,0.9296657674811648,2.0087938,0.10705294
2023-12-28 09:00:00,15.492081486482164,19.122223,10.415192,27.72320474757766,47.92051,8.467001,0.8354096351340479,1.9343565,0.20807025
2023-12-29 09:00:00,16.61679205281922,20.729889,11.610748,23.01240084775133,39.26374,11.93742,1.267645207793697,2.2883413,0.09960596
2023-12-30 09:00:00,16.392364412243694,21.256744,9.627838,31.97878535389718,42.19068,17.968027,0.8938234177197497,2.7259965,0.13004133
2023-12-31 09:00:00,11.502363459952278,16.288727,4.6930237,56.92613950764802,71.25988,45.224724,0.9665464277745953,2.6784706,0.18645512
