time,t2m_mean_C,t2m_max_C,t2m_min_C,rh_mean,rh_max,rh_min,wind_mean,wind_max,wind_min
2013-01-01 09:00:00,8.726057397073816,13.331512,4.9760437,26.145331775820015,36.60821,13.368412,1.631626610007511,2.4222236,0.6310509
2013-01-02 09:00:00,9.47530654607209,14.736298,6.360077,18.54759251829062,24.510246,12.581752,3.0753723601495926,5.095785,1.47317
2013-01-03 09:00:00,12.194722027931789,16.585022,8.465881,14.541972310126653,17.79628,11.339249,2.0582052709374503,3.0163333,0.27362666
2013-01-04 09:00:00,13.57512504711275,18.408905,9.721405,9.498703680618943,12.885045,6.2934494,2.137749688324757,2.9843562,0.5783302
2013-01-05 09:00:00,12.512025012688866,16.804047,9.356781,11.381406999965488,19.031374,4.466387,1.3015457759804938,2.0079935,0.21626617
2013-01-06 09:00:00,12.903634515936744,16.437378,10.72644,17.23597418390431,22.184004,13.332441,1.2062102705663627,2.1748006,0.5239331
2013-01-07 09:00:00,9.557375712645637,13.6362,6.3862,30.032279461838694,39.77766,19.347973,1.6533070603831803,2.9306731,0.9722406
2013-01-08 09:00:00,14.56050390221219,18.158234,11.810455,16.586131644722116,21.026028,12.748684,1.812390163696756,2.8653698,0.14218342
2013-01-09 09:00:00,17.472893658738997,20.72818,14.933258,26.639058113466504,30.65207,21.897991,1.3511369194123237,2.1385155,0.33001
2013-01-10 09:00:00,15.139383752601248,16.795319,12.611725,30.026528360483887,40.207306,15.725115,2.0110456758903825,4.978065,0.11739652
2013-01-11 09:00:00,6.859775897421628,12.631989,1.3839417,35.7191667101699,66.80829,10.461992,3.6233818306565,7.003381,1.9856735
2013-01-12 09:00:00,5.861236801057373,12.177429,0.66641235,34.62032053372642,47.532516,27.052046,1.8861746643985366,2.7247198,1.0743573
2013-01-13 09:00:00,6.711125276533892,12.113983,2.2546082,22.077650327362523,31.622595,17.486073,1.3876905729686477,2.0258489,0.6404324
2013-01-14 09:00:00,6.574212787158274,12.04007,1.811554,18.579869272525148,26.934011,9.543386,2.176026043949158,3.2290826,1.0849353
2013-01-15 09:00:00,6.120435246011539,12.561951,2.4920654,19.40421682967786,22.257565,17.185356,2.3254449514832656,3.2665305,1.2236096
2013-01-16 09:00:00,10.370692282572293,15.372467,7.495514,25.182031754634334,29.223347,21.22645,2.1271816633450995,3.342039,0.60554457
2013-01-17 09:00:00,14.089366064805063,19.109894,11.165985,12.910324325439095,19.380785,6.244914,2.752780227942633,4.088216,0.62853444
2013-01-18 09:00:00,17.215256904846512,24.222015,12.940765,13.441757218507172,16.415161,11.727661,2.6597831646723082,3.7431984,0.5145995
2013-01-19 09:00:00,17.22039273294439,24.213654,12.809357,10.303966714217035,13.739665,7.0014806,2.638515573243201,3.659716,0.4411753
2013-01-20 09:00:00,19.023412969386243,25.75885,14.573303,9.06727913898188,11.254584,6.6628532,2.2764908476296126,3.216726,0.56395507
2013-01-21 09:00:00,18.96155790229318,25.642822,14.570557,8.680777716589935,11.330001,6.3737774,2.2639682641817553,3.1132903,0.90434235
2013-01-22 09:00:00,20.04325026166748,26.14264,16.035217,7.653307364316145,9.131756,6.194256,2.044127750029128,2.9170055,0.5686875
2013-01-23 09:00:00,20.087301869410055,25.200897,15.513397,10.323445410924764,13.243353,7.9832134,1.3878562859796575,2.60057,0.4418098
2013-01-24 09:00:00,19.12263314992049,22.118134,15.983368,23.746954077660583,29.336441,17.516129,1.0085486806425414,1.8670171,0.36985275
2013-01-25 09:00:00,14.026031681259838,18.246765,10.479187,75.15751918803669,79.84652,70.38942,1.7353419018466922,2.585646,0.9768222
2013-01-26 09:00:00,12.974615296508546,16.85138,9.916809,80.89826511155283,92.19526,68.855415,1.3350436249197164,1.6736354,0.9667174
2013-01-27 09:00:00,13.764639144392163,16.08078,11.276093,68.4364677567401,88.61354,27.618126,2.408685383165581,4.228467,1.249284
2013-01-28 09:00:00,9.0760601590016,14.241608,4.794342,44.0181409206073,66.84513,26.277227,2.5061039289742477,4.412309,0.5223985
2013-01-29 09:00:00,9.70800828665466,14.517242,6.974884,41.14238610751562,58.700806,30.56749,2.0633043206952255,3.5801911,0.6983541
2013-01-30 09:00:00,12.714522899189888,14.613647,10.621124,34.113123077975175,41.298283,28.606384,1.036097096776769,1.8358169,0.31052577
2013-01-31 09:00:00,16.25679372411912,18.798126,13.79422,27.438634919573577,32.062923,20.563377,1.0651178005170725,1.5981479,0.27644688
2013-02-01 09:00:00,17.323135928281317,21.236267,13.673767,22.909592271218763,30.918652,16.170912,1.3717261625788062,2.205437,0.5802144
2013-02-02 09:00:00,18.085626244637638,20.328156,16.300812,23.24963598249221,29.043076,16.74649,1.265887718831607,1.9318516,0.7182921
2013-02-03 09:00:00,17.777019709826334,20.657166,14.674744,25.089514837316965,30.662224,20.22863,1.3923602561741406,1.9296939,0.5299065
2013-02-04 09:00:00,17.715458516669116,21.828583,13.318817,29.475800540390207,35.538315,16.756634,1.2488782888549448,2.0958502,0.3806805
2013-02-05 09:00:00,17.238098085769877,19.340698,14.871948,22.300632214452616,29.428028,14.188392,0.9400533687057429,1.9838806,0.15026982
2013-02-06 09:00:00,14.755909805681085,18.59665,13.383759,26.01601046529326,39.74904,10.867256,1.7126865976518202,4.4367275,0.13722084
2013-02-07 09:00:00,15.274029591301542,17.118317,12.108551,16.24853922976539,29.033218,10.978532,0.9611972441115266,1.8841043,0.24848334
2013-02-08 09:00:00,12.421566115803842,15.519836,10.517883,52.429697114521986,68.18227,31.408829,2.9080187741564485,5.5378633,1.1697017
2013-02-09 09:00:00,6.354252507250692,11.357666,3.308838,52.17737982836303,76.16058,41.70369,1.7402343161285536,4.757218,0.30548102
2013-02-10 09:00:00,9.642028641762181,13.247894,6.2791443,46.37242522254727,69.96739,24.962986,1.3247271815959292,2.558879,0.5768667
2013-02-11 09:00:00,9.687868672365653,12.862976,6.4952087,31.027531327923235,42.02696,25.214458,0.8259610569756023,1.3833055,0.17493482
2013-02-12 09:00:00,11.149470590932822,16.79068,6.6441956,19.29102532830515,26.937675,16.08167,1.5903517091788817,2.5205805,0.2132083
2013-02-13 09:00:00,13.313229436179824,17.3107,9.531403,21.449480133497747,23.64994,19.897709,1.16054475278662,1.8240962,0.32893166
2013-02-14 09:00:00,15.428342510803304,18.19815,12.637604,23.189237288729046,25.551802,20.406298,1.2512702203427009,2.0255327,0.49663422
2013-02-15 09:00:00,18.18261526283436,22.256989,14.643707,19.774761153680313,23.91958,14.353099,2.558901733161816,4.385867,0.6379901
2013-02-16 09:00:00,21.187751546532468,27.043762,17.162903,8.782527156995139,13.509435,3.6656847,2.7751977414681495,3.8548145,1.0237473
2013-02-17 09:00:00,20.469564056776107,25.532745,17.222198,12.62569675370667,15.593636,10.554154,1.154959996698018,2.0114837,0.19514206
2013-02-18 09:00:00,16.368985678421268,18.360687,14.39389,25.763510147972664,36.591927,13.822889,1.537414730732847,2.5356562,0.8453828
2013-02-19 09:00:00,15.049379786438692,17.777649,13.847961,36.71435855077415,54.35572,14.902309,2.7152523984442327,5.223636,1.6612583
2013-02-20 09:00:00,7.776904362913513,12.81308,4.033783,58.198342832539566,81.59862,40.016586,2.5768201446320997,5.952133,0.62338567
2013-02-21 09:00:00,9.390566682683186,15.47821,4.6032104,32.32019481317444,49.335068,20.143095,1.71253387312901,3.235304,0.31575853
2013-02-22 09:00:00,11.107820636495262,16.34607,7.617676,22.89896492101358,41.980057,16.129725,1.1259113218376526,1.9192213,0.23409255
2013-02-23 09:00:00,13.664793178195623,16.606598,10.915192,30.902669821777298,40.961617,21.981146,1.8684132865757765,3.965746,0.5560476
2013-02-24 09:00:00,13.399636917580949,16.843658,8.892487,17.73137823854326,22.509716,10.173778,2.0807099442187726,3.2130158,0.6076608
2013-02-25 09:00:00,13.490024523022043,19.830475,9.176666,11.811809631914267,13.612874,10.21053,1.666288021063265,2.571582,0.35973197
2013-02-26 09:00:00,16.032053407103206,18.161041,13.846588,13.074975101677516,22.882637,4.8887606,1.1597841043693686,2.708931,0.33205518
2013-02-27 09:00:00,16.540671249678155,21.261871,12.593903,17.078721376353002,19.79094,15.363114,2.3330328549128425,3.735702,0.38577503
2013-02-28 09:00:00,16.61640793964284,22.873444,12.379059,14.165524792271375,17.046692,12.148573,1.9415286119726491,2.740477,0.88810086
2013-03-01 09:00:00,19.6758880568903,24.280914,16.081696,12.390078915977677,16.815735,10.892556,2.0648970121463055,3.0165825,0.8281843
2013-03-02 09:00:00,23.038632500090387,28.080719,19.340485,15.20955855371345,17.835003,12.506878,1.9957981190312069,2.9926965,0.7660937
2013-03-03 09:00:00,23.423117765478878,26.775543,21.099762,16.015279216621924,19.076687,12.967312,1.9299160010876097,3.670848,0.6147014
2013-03-04 09:00:00,17.1319759667561,19.398102,15.372711,39.968132960985706,45.68843,36.56343,1.6723616400087828,4.194859,0.7085173
2013-03-05 09:00:00,17.527498821487143,18.92691,15.977692,36.302122246240515,45.261475,27.593506,1.271635746621431,2.174667,0.82357603
2013-03-06 09:00:00,16.164260275371703,19.87027,14.536285,55.92281955316698,80.316734,38.609703,3.126133393835318,5.864488,2.1146786
2013-03-07 09:00:00,12.258107109978937,15.16275,8.615875,76.21677080803647,90.733955,53.862343,2.680321436756989,5.1559324,1.5469444
2013-03-08 09:00:00,10.822843565539756,14.930817,7.8194885,64.56902775441164,76.79129,52.464188,1.7315046959981841,2.4153557,1.0605772
2013-03-09 09:00:00,9.410495132578774,14.42984,4.7364807,68.3083857823014,77.9158,47.30468,2.428986553983644,5.7923117,0.63150513
2013-03-10 09:00:00,14.653051821225176,18.17398,11.699371,17.52188305423139,27.664429,9.742555,1.4942993240127305,2.5555823,0.27642974
2013-03-11 09:00:00,18.613607190595644,22.78653,15.751373,10.824808836906683,14.6171055,6.762741,1.4919497043542473,2.5000112,0.1964138
2013-03-12 09:00:00,20.09012690066055,22.023102,17.931305,11.48461589660052,18.016968,7.587517,1.0304055121924822,1.6781428,0.44239253
2013-03-13 09:00:00,23.873213100834164,25.848541,20.55362,13.874562811276576,15.380231,12.316453,1.2663764876226247,2.028847,0.29412475
2013-03-14 09:00:00,24.568445646392718,26.779205,20.353424,11.989055856899057,14.07168,9.84969,1.2262984287892564,2.4268486,0.3689189
2013-03-15 09:00:00,24.903503411700285,26.691803,20.021881,14.757033226811567,17.302605,13.053168,1.2466003357738051,2.3166473,0.32487124
2013-03-16 09:00:00,22.29087189528832,26.926666,16.733307,14.845063588116954,25.623615,9.651661,1.9610120745452746,4.4794526,0.15945898
2013-03-17 09:00:00,20.009479266569883,22.690765,15.557953,13.331966106156084,27.142693,6.9981613,2.4838105821284495,5.2746434,0.46914583
2013-03-18 09:00:00,20.086457500410916,22.27768,16.59018,13.008319484509812,23.70171,7.256096,1.898848275079968,3.3649921,0.63188016
2013-03-19 09:00:00,18.615104995535205,22.34195,15.109528,23.034870900621662,34.85302,18.321941,2.1705073241517443,4.6257815,0.6855226
2013-03-20 09:00:00,19.84854870410129,23.409088,16.447754,27.541637232572594,31.407112,22.786257,2.121895563488657,4.536677,0.58626926
2013-03-21 09:00:00,18.81395606439594,20.638092,16.821686,29.413314060293597,39.564667,15.933241,2.3027802622718716,5.634859,0.45684364
2013-03-22 09:00:00,19.90767259106292,22.140533,15.216705,23.665016930769102,39.882416,13.866379,2.0684951351505174,3.8890066,0.6635749
2013-03-23 09:00:00,18.758729180054672,21.58194,14.623444,13.059833855741267,24.360031,4.5659027,1.9488651662111858,3.410074,0.9589573
2013-03-24 09:00:00,19.009014972183138,21.61026,17.043854,14.678408521613228,20.266573,10.28815,1.3086232443246273,2.1488333,0.32440498
2013-03-25 09:00:00,21.005172739437512,23.275055,18.093414,18.343225363985752,25.111996,11.416652,0.8083057835815121,2.1637154,0.0846911
2013-03-26 09:00:00,21.098771824801076,23.880035,18.298004,23.171450476671797,32.8026,18.416553,1.8029618197340653,3.375144,0.929128
2013-03-27 09:00:00,19.908443927946905,23.498444,17.451569,30.879869668927572,48.808723,16.159515,2.3133240865761406,4.7657604,1.1161948
2013-03-28 09:00:00,17.79744659589437,21.049469,16.285797,44.240260353582634,49.829166,36.19712,2.191046253981776,4.7715397,1.1082047
2013-03-29 09:00:00,19.574678536156284,20.625885,18.280182,26.990617467209308,33.096127,21.44769,1.2474175147509463,2.4005973,0.42328587
2013-03-30 09:00:00,20.59050541023322,23.927399,17.523102,25.66935499470165,30.487255,16.892483,1.825098914932094,3.1065454,1.0259889
2013-03-31 09:00:00,20.40639598089558,23.9169,17.2836,38.2118971081843,48.903866,31.028866,2.5754485623820305,5.047115,1.4811019
2013-04-01 09:00:00,15.80231187308965,18.873444,13.973053,71.44805594579205,86.30739,56.14723,2.8171110128964947,5.48192,1.4970152
2013-04-02 09:00:00,17.800767876928717,20.00772,15.666901,39.35400967603188,51.525208,25.856678,1.6877725591051926,3.3374677,0.68823993
2013-04-03 09:00:00,20.479217201979054,22.301666,17.407135,24.421147253036338,32.043545,20.512295,1.1411950896956775,2.0283308,0.26535892
2013-04-04 09:00:00,22.516801639165806,25.24527,19.446442,22.101298168224826,28.951672,17.300188,1.610984322641816,2.6754122,0.83069086
2013-04-05 09:00:00,20.317937331986684,22.470367,18.34732,40.25025037561118,48.778988,28.239925,2.4680679690179312,5.4380603,1.1642389
2013-04-06 09:00:00,18.583300586832934,20.398102,16.099274,39.96085813178932,56.26662,27.848652,2.6327290453150205,5.441625,0.54193306
2013-04-07 09:00:00,19.27361210792742,21.958649,15.027008,28.856168674135276,45.39248,15.980751,2.674974448286992,5.2935033,0.6804388
2013-04-08 09:00:00,20.9136726508371,23.767975,16.430084,32.43518874074108,44.763916,22.61548,3.232894580127029,7.57023,0.3939388
2013-04-09 09:00:00,15.762138824367469,21.059967,11.958405,30.54797783301677,35.517952,23.85389,3.3857007456693777,4.873548,2.2683127
2013-04-10 09:00:00,19.846787384399704,24.229645,16.337067,14.912975190557425,17.258797,10.141245,2.1622248453425468,3.0484855,0.8057121
2013-04-11 09:00:00,23.32099201338025,25.46988,20.956207,14.087170698435605,18.194649,11.956368,1.8110311388278812,4.2506576,0.48087135
2013-04-12 09:00:00,21.385855329412493,25.112701,17.550201,26.692843047143434,30.42451,20.581268,1.1819139082291468,1.7600553,0.4797771
2013-04-13 09:00:00,23.102713516650738,26.43106,18.044342,22.360247071144478,28.033154,16.25581,2.183626451886608,3.9316206,1.1650131
2013-04-14 09:00:00,19.47294515897272,24.555573,15.076324,37.483554046794374,48.57933,25.411364,3.2196242762494593,6.8697248,1.8159769
2013-04-15 09:00:00,18.465260923227845,24.17984,14.714996,54.897598228754596,85.664536,29.566877,3.765979832301079,8.394657,2.1472006
2013-04-16 09:00:00,15.697834675110755,18.56607,12.499664,46.22265944733757,61.114613,28.030556,2.3117319144716726,5.699084,0.39444682
2013-04-17 09:00:00,15.093328496231436,20.498444,11.338287,21.253832613086683,27.051344,13.646737,3.088024628669049,4.421995,1.6949027
2013-04-18 09:00:00,17.960706453518924,23.698639,13.625641,14.534907376654733,18.320747,13.010786,2.348505776385768,3.5156376,0.9076782
2013-04-19 09:00:00,21.149023887461624,25.928864,17.49527,10.723842313887635,11.87486,9.708039,1.5777685209537606,2.4137933,0.39584842
2013-04-20 09:00:00,24.99330898318334,27.144196,22.339508,11.398706929924666,15.590266,9.5629225,1.368093834740068,2.6561396,0.5406613
2013-04-21 09:00:00,26.981633280801873,28.920319,21.615631,14.378669932261051,18.320774,11.751911,1.0467775827891874,2.5937064,0.43171805
2013-04-22 09:00:00,25.919592773768613,30.007233,20.638092,14.391432632891311,18.697231,8.697689,2.151432333423598,3.713456,1.1151512
2013-04-23 09:00:00,23.636818305655083,29.470856,17.412262,22.837023091240365,32.915916,14.58824,1.1684046892767421,2.7777908,0.1647127
2013-04-24 09:00:00,24.121683164863157,26.912994,19.571198,15.927027231587848,26.3685,10.215394,1.3662026280887374,2.3706515,0.6773628
2013-04-25 09:00:00,19.18912221100817,25.338287,16.7211,53.60720099802407,73.098404,22.461681,2.22313965931637,3.941064,0.54714364
2013-04-26 09:00:00,22.115746201179093,24.711578,19.578766,28.723037001704757,34.763954,20.826452,1.6693420243968187,3.0979223,0.79091716
2013-04-27 09:00:00,25.28642490556541,28.600494,19.526276,14.578099863305427,19.64536,11.28878,1.1005546049391397,2.581818,0.42215422
2013-04-28 09:00:00,26.3785001779936,29.947418,20.49234,13.06677016394289,18.032017,6.5163927,1.5903732870701857,2.496669,0.6813317
2013-04-29 09:00:00,26.945573172841932,31.522614,19.522614,11.548086427210336,16.231625,8.519369,1.8024905795620332,2.8155,0.8782587
2013-04-30 09:00:00,25.606185817712174,31.720612,18.117096,12.239922042847802,17.333138,6.9893866,2.7436938483981623,5.951142,1.2219509
2013-05-01 09:00:00,23.506967384229938,28.57071,18.739166,22.576041987694193,45.885002,7.818598,1.2280047768472853,2.6981559,0.5425145
2013-05-02 09:00:00,26.469653998993692,29.106354,23.782867,3.884004884300389,5.70516,2.9551601,3.4883395168479887,6.462046,0.18835638
2013-05-03 09:00:00,27.484185533373363,32.9169,24.211334,4.257833800573101,5.520958,3.2475204,2.411673581133603,3.811891,0.48313802
2013-05-04 09:00:00,29.014058015398405,31.674469,26.182281,6.522191496615447,8.792013,4.2842007,1.8196053471272549,2.8267026,0.9849249
2013-05-05 09:00:00,22.081726571226625,26.276276,18.8544,25.52337682342047,36.98646,14.249615,4.150100477848749,6.67363,2.519572
2013-05-06 09:00:00,14.846833493859663,17.576324,12.416901,76.48888564231407,88.51606,58.125404,3.1983607836193904,4.7913613,2.1342459
2013-05-07 09:00:00,16.09535154172579,19.583649,13.360992,69.59725668172987,82.41616,54.369286,2.4951325759530394,4.93742,1.1904938
2013-05-08 09:00:00,17.735151256442236,20.021149,15.173737,58.3197656771835,81.78163,41.46869,2.239484339863073,4.115434,1.4156462
2013-05-09 09:00:00,19.399432606790185,22.551178,17.678864,62.193259851789094,71.88181,38.171333,1.7641320253620307,3.0711553,1.0856915
2013-05-10 09:00:00,22.382828984463856,24.180817,19.549957,40.078712472101245,46.5518,31.778238,1.3280484092780276,2.5113437,0.2745972
2013-05-11 09:00:00,26.67163815083626,29.014557,21.688385,18.21064046334291,23.945635,13.307381,1.2317691076340125,2.08236,0.18526913
2013-05-12 09:00:00,29.78685892171569,31.734283,24.736725,15.69128727497915,19.380302,11.108249,1.001472588153641,2.1462884,0.16780633
2013-05-13 09:00:00,31.858636485245825,34.04727,27.205475,14.344268230950302,17.455833,10.60427,1.3199955540469115,2.3227136,0.59583235
2013-05-14 09:00:00,31.97582197888704,34.927643,28.240143,10.921721651879894,14.879227,7.7960205,2.459561096822702,4.3911767,0.97356236
2013-05-15 09:00:00,25.93994695602288,30.105133,20.685211,16.97823884308545,23.958317,11.021207,2.7287199451431174,5.2688074,1.3753108
2013-05-16 09:00:00,25.246938696713073,31.07486,19.627594,28.94303741246852,47.749287,14.658432,2.930975260879183,6.3558393,1.4626764
2013-05-17 09:00:00,22.375225141769818,26.910797,19.37149,47.57259474436485,69.83174,28.014408,2.9288635641157166,6.2093325,1.6741451
2013-05-18 09:00:00,21.470128051102336,24.81778,19.519684,41.10488494991678,64.83418,23.2795,2.6312241382475103,5.3207245,1.5771072
2013-05-19 09:00:00,23.994849398794713,27.095612,20.152252,18.267946293510953,28.827059,13.859326,1.8945064997283552,3.739979,0.3017728
2013-05-20 09:00:00,26.558749856660654,28.907623,21.058014,15.080386221160207,21.368109,13.106112,1.4265689223691849,2.497299,0.28965175
2013-05-21 09:00:00,28.036679813586034,30.116852,23.675446,16.036721783183314,22.705185,10.878535,1.216278100207728,2.4503064,0.64224696
2013-05-22 09:00:00,26.032787106996807,30.497467,21.309967,20.47976938511384,28.837273,12.452915,2.7305705994592273,5.6993303,1.3848885
2013-05-23 09:00:00,21.930969997586203,25.977936,19.579498,41.85545157103236,73.24319,12.399171,3.0797490987351677,6.238372,1.9343718
2013-05-24 09:00:00,20.69189155199689,24.519928,19.029694,31.128447717220837,59.99073,10.902657,1.9966364354726904,3.2732434,1.2932339
2013-05-25 09:00:00,21.55456799035261,25.686188,19.371735,28.648394503649353,45.04985,20.604538,2.61394831411485,5.2012677,1.4263542
2013-05-26 09:00:00,21.77626862642063,25.779938,19.426422,39.25854694919691,50.98937,29.876087,2.7615950689968307,5.8116984,1.4018828
2013-05-27 09:00:00,22.50626411631538,25.663483,19.28653,33.39864251110878,42.93219,26.092432,2.3908691992868487,5.4698534,0.9593373
2013-05-28 09:00:00,23.527350076824064,26.170563,20.29361,30.200150287339486,43.1426,21.358505,3.4484718474775713,7.824607,0.7456636
2013-05-29 09:00:00,23.517378148347802,27.287018,18.986237,25.42930107774468,41.19731,17.869186,3.1563365290196304,6.1242285,1.3900608
2013-05-30 09:00:00,26.509912597508617,29.270416,23.039948,16.87465007613333,27.546543,9.136387,2.460120548730646,5.019653,0.49697152
2013-05-31 09:00:00,27.65232393681373,32.289215,21.814606,16.482543812187696,28.21199,10.0481825,1.7466997656522554,3.087961,0.6526803
2013-06-01 09:00:00,30.00018748459422,34.069733,22.261139,13.430211595647986,17.559092,10.824717,1.3422762193580662,2.3433294,0.14904176
2013-06-02 09:00:00,30.671379685358602,34.439606,22.515778,11.311392447337433,15.7085905,7.966403,1.5338392467515811,2.8898664,0.8151712
2013-06-03 09:00:00,26.218129991620856,33.477936,19.488434,28.157400281424472,36.195,20.330757,2.745876039458327,5.2640467,1.6889644
2013-06-04 09:00:00,25.972100965469963,32.0856,20.382477,23.921247977081013,37.50354,11.530884,2.407717255377735,4.495153,1.3983346
2013-06-05 09:00:00,26.418422660578642,32.34903,20.794342,21.322779600818336,34.192646,11.409498,2.0645249155835095,3.8178387,0.9714596
2013-06-06 09:00:00,27.56022736897137,34.211334,20.592194,19.68121226975747,31.714355,8.098735,2.106949588330522,3.7057714,0.976882
2013-06-07 09:00:00,28.493052345679246,36.396637,19.945465,16.82245614296886,26.691263,9.890482,1.984843917500194,3.5040774,0.97314066
2013-06-08 09:00:00,30.362557771149568,38.23062,19.812653,13.703655365500824,18.846085,10.08606,1.8018338374616873,2.7402594,0.8302106
2013-06-09 09:00:00,28.434837220676286,37.42813,18.982819,13.55629537769689,23.255898,3.9277725,2.447432542867989,4.832832,1.1478353
2013-06-10 09:00:00,26.876276858621395,33.734528,19.783356,9.95596102603119,16.281555,3.4581404,2.545247790004379,4.3177853,1.5767417
2013-06-11 09:00:00,28.277837478768618,29.180084,22.968658,22.117311910139875,24.613073,18.265417,2.0261474490415092,3.6582901,0.99093217
2013-06-12 09:00:00,28.706035444226018,34.262848,21.606598,14.968600240432078,20.014177,12.1409,2.2307620292000974,3.7187521,1.1931993
2013-06-13 09:00:00,26.365543169283967,31.835114,19.604645,17.764602359454003,23.259918,11.8888235,2.3606444454575777,4.8724923,1.1187608
2013-06-14 09:00:00,26.859869519481833,32.322174,20.658112,7.86055987876228,12.442192,4.12432,1.5725805923553329,2.620501,0.85011005
2013-06-15 09:00:00,26.89034196542258,32.65323,20.27237,14.080494891165598,18.422543,9.637888,2.166934250191673,3.9511795,1.1636044
2013-06-16 09:00:00,25.82456157203086,31.407623,20.585358,15.169796369487438,19.97351,8.665128,2.231388679097575,4.4880304,1.027712
2013-06-17 09:00:00,27.511512850498377,32.61856,21.096344,12.823968646657084,16.870008,9.186996,2.032179564189694,4.0755396,0.80720276
2013-06-18 09:00:00,28.23942915003454,32.92691,21.868317,15.813897127500198,19.754234,11.378721,2.6881563937856057,5.6658835,1.1839281
2013-06-19 09:00:00,26.571602550208752,31.58609,21.756012,18.974227031071955,28.463446,10.825943,2.51492762861598,5.8218493,0.9072813
2013-06-20 09:00:00,26.019324645614006,28.122223,22.079254,11.356729345872271,17.546791,8.445248,2.4106766323819966,5.0226164,0.30154207
2013-06-21 09:00:00,27.101196745506456,30.7919,22.877838,17.366941490956897,31.428787,10.556923,2.3086518683838593,4.6001673,1.0338361
2013-06-22 09:00:00,26.846164283980215,31.62027,22.194489,21.425652261134054,35.91036,12.552765,2.084383686001479,3.7293522,1.0862334
2013-06-23 09:00:00,27.192995028065695,32.583893,21.890533,25.460039259104313,42.35292,10.67714,2.589478333117544,4.5573616,1.4726254
2013-06-24 09:00:00,23.83351936430762,29.07486,20.194,42.87783707585257,56.30139,30.059204,2.9704650356689473,6.400379,1.6321497
2013-06-25 09:00:00,24.185207805639834,27.230377,21.033112,54.97184952942932,64.613174,47.404015,2.7098782401907258,5.6065655,1.4727727
2013-06-26 09:00:00,28.48331747508132,32.453033,22.515045,38.01635105005107,44.631516,30.510424,2.0457207076276203,4.3418555,0.93974024
2013-06-27 09:00:00,30.954424145698567,35.872467,24.116608,29.413384495003573,35.436863,22.996956,1.7825612152109573,3.357427,1.0181355
2013-06-28 09:00:00,32.05693140635606,37.279205,24.69522,23.417337970057982,30.378735,17.611404,1.7302766848560622,3.1159241,0.8824108
2013-06-29 09:00:00,34.61488594307019,39.078278,25.730621,12.14788934663205,19.047628,7.371847,1.6846498473232752,2.9750566,0.56289333
2013-06-30 09:00:00,36.13730574305873,40.070465,26.785309,11.843625238398772,17.964214,7.9368954,1.328878606877252,2.7767117,0.19009311
2013-07-01 09:00:00,33.01680023889662,39.036285,24.176422,12.214737404272267,15.779003,9.631065,2.3014792255286323,4.1913943,1.1835666
2013-07-02 09:00:00,32.14328376195829,35.919586,27.618805,30.74587875175334,38.25525,21.684937,1.959382718589911,5.4215713,0.27785936
2013-07-03 09:00:00,30.512178392519502,35.158356,22.927155,23.042034890780545,28.585976,17.660194,2.2567711190091666,5.391044,0.69235444
2013-07-04 09:00:00,31.617509691168436,37.224518,22.953033,29.566981646981187,37.177643,19.28311,2.3306989879065902,5.212487,0.9652278
2013-07-05 09:00:00,31.941752883727588,38.24185,22.982086,25.945660299081723,29.485294,20.383732,2.583979914099834,4.843176,1.2470739
2013-07-06 09:00:00,30.05497595537821,35.394196,22.187164,22.854156113039735,32.062737,17.308441,2.262908875757836,4.171092,1.3994733
2013-07-07 09:00:00,29.93829500721131,35.206696,22.94107,12.73389364416808,17.008118,8.026091,1.9943937359760535,3.9264584,1.0340966
2013-07-08 09:00:00,31.962137806652947,36.693512,23.732574,13.86205350414226,16.471264,11.466043,1.9943142821984452,3.4730487,1.005041
2013-07-09 09:00:00,33.541449285011424,37.74356,25.413483,11.638475077974698,14.558546,8.916315,1.7076739480965573,3.4391801,0.5901158
2013-07-10 09:00:00,31.924758658617918,37.424225,23.646881,15.281288546202472,17.127174,13.994016,1.9578320092088326,3.9557893,0.9325558
2013-07-11 09:00:00,28.772471814734388,34.465973,22.262848,28.141887926673505,37.966755,20.120377,1.8777516608863982,3.8155065,0.7904375
2013-07-12 09:00:00,26.553573101371512,28.80484,23.345856,45.67573507299406,53.810497,34.17378,1.5967298652339854,2.8683844,0.80727124
2013-07-13 09:00:00,28.87787545015925,32.84268,24.487213,19.19603032838498,21.35756,15.049097,1.7190234814969416,2.9949155,0.8195712
2013-07-14 09:00:00,30.048842659965374,34.169098,23.27066,16.894758607567535,18.313988,15.712426,1.683277998566782,3.096281,0.6932087
2013-07-15 09:00:00,30.975630832366562,35.71988,24.128082,15.47099068715211,20.434177,12.2314415,2.080202743563847,4.021831,1.0214
2013-07-16 09:00:00,30.222987813468137,33.963043,24.420074,9.196055101346609,20.366835,2.9818554,2.407725930664761,4.5789657,1.2801529
2013-07-17 09:00:00,29.52974991344655,33.751617,23.986237,12.232440729042057,18.609703,6.584717,1.7809533290131243,3.3020875,0.98275405
2013-07-18 09:00:00,30.839873467771042,34.815094,25.266266,8.8449237664589,15.034824,5.9410744,1.635552678451094,3.2690043,0.7304898
2013-07-19 09:00:00,31.708048617148847,36.735504,23.663239,7.998756263540336,13.233348,2.861496,1.9324855595704646,3.7189896,0.9255503
2013-07-20 09:00:00,31.006337019849923,38.020905,22.335358,14.894462526570974,23.47596,5.6908035,1.8503091004600827,3.3713677,0.91400105
2013-07-21 09:00:00,27.717624835288802,33.88321,20.876373,38.56582329963039,51.081936,28.117092,1.6295582016330261,2.7040992,0.54777956
2013-07-22 09:00:00,26.712461816055736,30.33316,23.423737,63.77078227712448,73.56488,53.883995,1.5281254314849242,2.323733,0.87138134
2013-07-23 09:00:00,26.76953764078951,28.880035,23.385895,53.62524595804828,68.24796,39.892475,1.8877021296184415,2.7147913,1.1967558
2013-07-24 09:00:00,28.022694636706888,31.421295,23.47403,40.91845338454177,46.141056,34.011066,2.1302292712800734,3.5766757,1.0873741
2013-07-25 09:00:00,29.134453220101534,35.222076,22.737701,24.208462035557396,28.207378,18.49976,2.029369310920243,3.6157956,0.9730184
2013-07-26 09:00:00,29.980239164537636,36.328766,22.545563,24.29000088897757,30.616188,17.616188,1.6588919496446561,3.0574641,0.7775048
2013-07-27 09:00:00,28.7005086604928,31.355133,22.40982,46.579364353336494,57.4177,40.06614,1.1455983888822323,2.5114746,0.291095
2013-07-28 09:00:00,27.70988937902206,32.25113,21.999176,36.081659538989726,49.190807,14.653537,2.1523340765031365,3.7410219,1.1101174
2013-07-29 09:00:00,26.847551408246886,32.039948,20.395416,20.598147834974583,33.150055,5.366946,2.151157904852977,4.054813,1.0581503
2013-07-30 09:00:00,28.005994981366428,33.099274,21.392242,18.269796766267923,25.315393,12.814899,1.9751215516839604,3.8389196,0.8640077
2013-07-31 09:00:00,28.37467395554495,34.54947,21.31314,19.348954406482843,28.2338,12.835363,1.8715299436669168,3.062273,1.098424
2013-08-01 09:00:00,27.180105166580233,33.65274,20.453522,12.994736278733098,21.385695,3.5043316,2.0483300550528853,3.776106,0.87730867
2013-08-02 09:00:00,27.917452003729466,33.407135,20.926666,16.765716084243312,22.120756,10.394971,2.0590365906940957,3.878284,0.9295734
2013-08-03 09:00:00,27.047446000224284,32.267,21.890045,14.231197623971946,18.130795,10.183657,2.0221551208013135,3.6345875,1.0951327
2013-08-04 09:00:00,28.39966681085258,34.094147,21.838287,14.415488069511776,19.1758,11.480487,1.7588448702638428,3.2437778,0.7513225
2013-08-05 09:00:00,28.688156726622196,34.588043,21.576324,8.646421287845147,17.110725,2.7044744,1.849811489262836,3.728907,0.8852828
2013-08-06 09:00:00,29.188158098554993,34.75943,22.237946,9.258195575236252,18.454298,3.4660168,2.3428273053122193,4.638212,1.1934832
2013-08-07 09:00:00,27.303599319515456,33.046295,21.737701,15.114084949244049,25.34068,5.186408,2.4775036133555997,5.320344,1.090691
2013-08-08 09:00:00,27.28841786142482,31.594147,21.631256,13.52401931710033,20.191067,4.879203,2.290999713476803,4.6200795,1.1204906
2013-08-09 09:00:00,26.559482903904268,30.804596,21.845612,13.37972016788684,25.616817,6.001217,2.0219888670143176,3.6681027,0.87372106
2013-08-10 09:00:00,26.162529959260837,31.003326,20.808014,16.4158862892022,24.838648,10.322894,1.9075065639483924,3.182745,1.0255
2013-08-11 09:00:00,26.46042502695218,31.737457,20.903473,22.844537156486183,31.793606,11.913649,1.5967759192921331,2.5317066,0.8337316
2013-08-12 09:00:00,28.19004496822015,33.129547,21.744781,18.128661323061724,23.715195,12.053742,1.6736129517962672,2.710632,0.8399846
2013-08-13 09:00:00,29.379885034877816,34.618805,21.814117,13.761150082800567,17.520983,7.4656544,1.5930629685686768,2.5209606,0.8366837
2013-08-14 09:00:00,31.071214166036214,35.41519,22.805817,11.881030994876111,13.194997,9.450431,1.3305619768818788,2.4723165,0.7872228
2013-08-15 09:00:00,31.0238946232908,35.168365,22.603912,10.862346888532533,15.240496,8.03602,1.1959812541357444,1.9350783,0.6846963
2013-08-16 09:00:00,31.6202464683102,36.840973,23.821442,26.04178919995127,31.965195,11.721236,1.6805840663549605,3.0482326,0.8860059
2013-08-17 09:00:00,31.041007127420755,35.840485,24.389313,28.852787562984286,33.730446,24.41668,1.741681435381458,3.4521246,0.61608726
2013-08-18 09:00:00,31.65735331106913,36.301178,24.041412,21.538173745596335,27.424252,8.326465,1.2262362342659385,2.7796776,0.3933787
2013-08-19 09:00:00,29.486898609175512,32.55899,22.275787,31.636605252487705,35.100136,20.240759,1.7435957107168076,2.8568525,0.18344869
2013-08-20 09:00:00,28.98883941483865,31.896149,22.872711,31.855969741380754,41.734867,18.650066,1.755729223550429,2.5938182,0.98429793
2013-08-21 09:00:00,30.044868064612615,32.76187,24.168121,20.83359798823603,25.431936,16.228811,1.8220131631207452,3.6315482,0.61004174
2013-08-22 09:00:00,31.273555214432065,34.53897,24.708893,18.42333697323484,21.54403,13.551842,1.8938308486642697,3.378907,0.5891999
2013-08-23 09:00:00,32.23774321999207,34.46939,25.811188,13.50736451172245,16.752302,11.064802,1.727505838626664,3.2447639,0.69640493
2013-08-24 09:00:00,30.7005353183759,34.017,25.518951,11.234210607950592,18.394955,7.8149977,1.686287639826403,2.7536192,0.7658035
2013-08-25 09:00:00,29.757705498015866,33.81314,23.997955,9.954421572055976,13.91657,6.0855303,1.2773821344903553,2.034191,0.86511916
2013-08-26 09:00:00,29.702358289520248,32.31143,26.329254,19.19344676112436,33.115303,12.318427,0.6604542479583533,2.2321637,0.26881656
2013-08-27 09:00:00,28.203102910921473,30.547516,26.024078,54.935680875648664,67.53367,48.630543,1.242027487861849,2.6581593,0.20734975
2013-08-28 09:00:00,29.68451027562719,32.047516,25.877594,42.315188416304444,49.844536,32.441814,1.2432925823601169,2.9861875,0.7099839
2013-08-29 09:00:00,31.360771722676475,33.110016,26.590973,37.64761459569477,42.294373,33.005478,1.1112517179527077,2.8220515,0.33869267
2013-08-30 09:00:00,32.21444351021597,34.52066,28.362457,47.366082444031356,62.750515,33.916817,1.0434557536269093,1.9498783,0.52319735
2013-08-31 09:00:00,29.894315083257254,33.657867,26.17154,59.65751768458884,72.13971,42.84671,1.8977673540205164,3.8782904,1.099359
2013-09-01 09:00:00,29.25403034253395,32.037506,26.217194,68.51554429243106,82.26646,54.711994,2.3958249792227506,4.9127846,1.3835338
2013-09-02 09:00:00,28.899618534733293,31.088531,26.445953,42.77584473319721,47.942947,37.62382,1.720969416884594,2.9200714,0.8001316
2013-09-03 09:00:00,29.999523435654226,32.15811,26.304596,44.297900515288,52.944603,33.263885,1.3013339291062345,2.4488559,0.7383449
2013-09-04 09:00:00,30.87225628183353,33.666412,27.312897,30.422730058442042,34.054955,27.186947,1.3557327516851108,2.5797775,0.45131627
2013-09-05 09:00:00,31.609302720589824,34.143463,27.948639,29.935109075567286,35.016808,26.28191,1.3617661477009668,2.7471156,0.5598649
2013-09-06 09:00:00,31.75715094586741,34.74283,28.243805,25.140950022685406,28.183838,20.972689,1.209747857163855,2.576382,0.24050611
2013-09-07 09:00:00,31.94616602874055,35.0148,28.05777,34.123152220998,44.73639,28.482483,1.0799948099030272,2.8093333,0.2277099
2013-09-08 09:00:00,31.292951993270947,34.04068,27.51529,18.556218235081168,24.812073,9.095908,1.4439156843305456,2.7497673,0.7338977
2013-09-09 09:00:00,29.867508301651185,32.660553,24.219147,23.24823284758699,32.99234,18.805305,1.4502938775441123,3.069164,0.59472877
2013-09-10 09:00:00,28.01654593025421,32.557526,21.776276,26.004371116509787,34.021484,19.484358,1.736338179301891,3.005981,0.9199797
2013-09-11 09:00:00,26.725599765149468,31.082184,21.222809,29.695738764577683,33.395622,21.982262,2.0434647721850356,4.148756,0.8525757
2013-09-12 09:00:00,26.851997687502433,31.22696,22.299469,26.086330476631257,30.746977,15.625883,1.5758209424202527,2.654043,0.8280447
2013-09-13 09:00:00,29.041931425891278,32.17691,23.73941,20.5303301704871,25.744226,14.710179,1.4655300254138763,2.7325726,0.58612734
2013-09-14 09:00:00,29.986103030319953,33.25992,24.125153,21.793492925488,23.111876,19.830898,1.028172319174534,1.9017885,0.3642247
2013-09-15 09:00:00,31.251949696315933,33.951813,24.88736,18.643503213224438,22.83733,15.375436,1.2455150244063935,2.0820704,0.6510172
2013-09-16 09:00:00,31.638046649244473,34.52481,25.333405,20.354879388193673,22.527466,17.8978,1.3345822589086143,2.7791662,0.6365887
2013-09-17 09:00:00,30.602004036450694,33.76407,24.740631,15.93646717176799,22.372013,11.280554,2.101951907078877,4.1878805,0.85673213
2013-09-18 09:00:00,25.886514292295203,30.348053,21.342194,14.49007356478707,29.608059,5.986986,1.6050494674698612,3.353756,0.5449587
2013-09-19 09:00:00,26.881698461633448,29.728668,21.601715,15.194710635084123,19.194832,12.936138,1.1613097698218326,1.9674283,0.029646281
2013-09-20 09:00:00,28.44434222264374,31.992096,22.05069,12.887920802949374,16.752613,10.5573015,1.0374126950749547,1.8053901,0.6869236
2013-09-21 09:00:00,24.46006564458662,29.580475,20.549225,30.424777299220022,40.103386,20.797338,2.309765644555972,5.149005,1.0704443
2013-09-22 09:00:00,22.232103693686156,25.526276,20.571198,43.17442602124438,54.520283,22.454206,2.002029476576042,4.7023063,0.33934247
2013-09-23 09:00:00,24.868802922345196,28.499664,22.226227,20.64503429264327,30.760757,14.79982,1.499300176301874,2.7133317,0.35061115
2013-09-24 09:00:00,29.472923839931696,31.802155,26.778717,18.192175555783358,20.18457,16.239119,0.9354545290710012,2.093007,0.34479517
2013-09-25 09:00:00,27.7279184400424,30.766266,24.848297,21.407471180666953,25.533615,16.812817,2.6219188458867633,5.6366158,1.2980226
2013-09-26 09:00:00,21.70075698257972,24.404694,19.947662,33.07206060321369,44.76644,23.913876,2.3946509651531347,6.1998887,0.40965697
2013-09-27 09:00:00,20.573005786467206,25.973297,17.084625,21.452272160211358,27.720654,13.798778,1.9076886327240934,2.9414961,0.5798894
2013-09-28 09:00:00,23.39098509344177,28.0336,19.853912,14.364657874607767,17.840054,11.112338,1.9643588583344016,3.269538,0.30292046
2013-09-29 09:00:00,26.54793633461776,29.389801,24.229645,11.630874420628203,12.853099,8.25075,0.6931294916829722,2.0864828,0.11900167
2013-09-30 09:00:00,27.47588745998263,29.799469,24.201813,15.027793704756913,19.842785,10.239848,2.1574353079926425,4.606607,0.46475053
2013-10-01 09:00:00,26.448331654239382,28.923004,22.292145,17.684519898551684,22.059498,14.515844,1.915008489062181,3.8823721,0.42016643
2013-10-02 09:00:00,25.52997785358542,29.293121,21.543121,33.713973021822326,39.98168,25.298086,2.2613018963035536,4.4894714,1.0787499
2013-10-03 09:00:00,22.88344739013644,26.530182,20.569244,34.58921577270487,51.202976,20.673365,2.7278475313884645,5.9008603,1.2791336
2013-10-04 09:00:00,21.891694505784926,25.996246,17.922272,12.962478879549506,15.669176,10.600744,2.6534006259550953,5.088057,0.4744543
2013-10-05 09:00:00,22.51366353669414,29.22403,18.052643,11.005730576017056,13.03785,7.8968678,4.22647598316873,6.869484,0.9677125
2013-10-06 09:00:00,25.33908458699267,32.118073,20.952057,9.17407377247719,12.035228,5.54327,3.0735954262433403,4.7985773,0.78145874
2013-10-07 09:00:00,28.232422846083125,32.24283,25.391266,8.502075493788633,9.415589,7.469987,0.9217481937356294,2.5217438,0.17691201
2013-10-08 09:00:00,24.86315321019589,26.660309,23.072418,12.36458015770896,14.091024,9.487361,2.2893109567300107,4.6352253,1.1805487
2013-10-09 09:00:00,19.708478166879445,23.436432,18.455963,43.46950181422998,60.12469,26.933285,3.771827239321064,6.6480026,2.4388704
2013-10-10 09:00:00,14.14215927442882,17.352448,11.532135,60.558572356140964,72.19361,43.723957,1.604821925332343,3.8503132,0.22363256
2013-10-11 09:00:00,18.094769391114767,19.806793,15.675934,36.876087855995884,41.45376,33.180134,0.751993691598939,1.316947,0.40442365
2013-10-12 09:00:00,20.89257673133625,22.284332,19.18277,29.733911582278125,34.16032,26.17226,0.8807443872551877,2.3159351,0.4731227
2013-10-13 09:00:00,21.122632127386282,24.018951,19.204498,33.29502146224433,48.64764,26.174984,2.248877297888144,4.433349,1.2268612
2013-10-14 09:00:00,20.136954122797817,23.13272,16.629059,23.350885834926533,27.088968,20.532364,1.2776781756989424,2.1783721,0.27525702
2013-10-15 09:00:00,22.336002020794353,27.450592,18.456451,18.869283460256042,21.568243,14.506183,2.5010632941567996,3.9411492,0.8214787
2013-10-16 09:00:00,23.8811717146703,28.916168,20.0607,17.622365114750576,20.44059,13.045382,2.670815635063217,4.599292,0.37402046
2013-10-17 09:00:00,23.7061198690198,29.04068,20.19107,14.040912727164415,15.525842,12.869592,0.8242902982745299,1.326627,0.41612244
2013-10-18 09:00:00,23.656500786856043,25.394684,21.582184,12.604617551539771,14.941845,11.106872,0.8766672223833463,1.5692583,0.34483802
2013-10-19 09:00:00,25.028544951998185,27.956451,22.546295,10.921761553698284,12.698919,7.0444336,1.3630142086732862,2.2185504,0.053202864
2013-10-20 09:00:00,25.12825385785561,26.89151,22.557526,8.687169649883478,10.84777,6.1329937,0.6289621457880196,1.8175993,0.09368015
2013-10-21 09:00:00,23.907503773993255,26.663483,19.841217,8.045442182807534,10.946652,4.572562,0.5114766249023768,1.9174677,0.056162637
2013-10-22 09:00:00,24.74586232795025,27.07022,20.374908,10.248353716108754,12.607058,7.7945576,1.4633278738946833,2.477007,0.07828606
2013-10-23 09:00:00,24.206582611756517,25.987457,20.18277,14.324529779747694,16.437996,10.978475,1.3624006715782737,2.6997442,0.075959824
2013-10-24 09:00:00,22.470073309193424,25.190338,18.309479,17.76828660728677,21.46864,16.023327,0.9098901854222612,1.8685814,0.23632969
2013-10-25 09:00:00,22.37117432134795,25.96231,18.770905,13.530690861552184,16.911806,9.767656,1.3331158898304443,2.2988317,0.47465393
2013-10-26 09:00:00,23.736918821213067,26.020905,19.796295,11.601735550188941,13.75999,8.734662,0.7904821202177994,1.836855,0.14158128
2013-10-27 09:00:00,24.16855044958038,25.759186,21.009186,14.814093886149767,15.567026,13.734995,0.5488347094312801,1.7795842,0.14860415
2013-10-28 09:00:00,20.415785115346978,23.509186,18.632233,30.076620294370894,35.31061,24.244205,4.240672379866869,8.076062,2.1209443
2013-10-29 09:00:00,13.081789833104608,17.463776,9.846588,66.69276397630804,73.308876,56.546932,2.6073086160184564,5.066896,1.2618839
2013-10-30 09:00:00,14.946351078945895,17.82486,11.112701,43.04009012810319,49.92439,34.451733,0.78460968616976,1.9856735,0.15831438
2013-10-31 09:00:00,17.94658745613657,21.680573,14.679596,21.614954570388473,28.067865,15.1103945,1.5212611911188987,2.467441,0.327823
2013-11-01 09:00:00,20.63484593291696,24.671295,17.329498,17.9659684272059,21.427135,12.739636,1.9928631738184115,3.2112467,0.5542306
2013-11-02 09:00:00,23.71225588786973,28.682037,20.22696,17.9192484048307,21.41735,15.66735,1.6887662691669874,2.6871095,0.52404135
2013-11-03 09:00:00,20.997449926835202,22.761871,19.146637,22.438299658587102,26.594208,20.35202,2.075374054791921,4.138838,0.8932941
2013-11-04 09:00:00,17.800543390106156,20.31485,15.517975,47.33033007149824,70.0075,24.847343,1.5183886378450928,2.3127456,0.9123494
2013-11-05 09:00:00,16.477911820128952,20.558746,11.916168,19.189102751045752,25.402918,10.668543,2.1484919196580408,4.3374233,0.15943827
2013-11-06 09:00:00,17.48725975343706,23.772614,13.864655,11.431149122306858,15.472838,6.9767447,2.553274248045052,3.7558227,0.43571588
2013-11-07 09:00:00,20.788276319916633,26.270172,16.889313,11.739454948508449,15.312617,7.935587,2.324416559139686,3.1366293,0.63438886
2013-11-08 09:00:00,22.14753266099285,27.634674,18.917877,11.754267820305108,14.93259,7.6684103,0.7615301079055317,1.3082168,0.25626826
2013-11-09 09:00:00,21.799880052869412,23.208893,20.453033,8.517525755926211,14.417783,4.4818277,0.7750009913690339,1.9871447,0.26087573
2013-11-10 09:00:00,21.332344179469203,22.488922,19.686188,4.961042099289383,11.089097,2.2696333,0.6877098047901977,1.221372,0.30383572
2013-11-11 09:00:00,21.55560304579666,24.402008,19.20279,9.487163512830307,11.931402,7.2165585,1.3692202194160341,2.173775,0.19369513
2013-11-12 09:00:00,22.791257732643885,25.148895,20.478973,15.61623174391275,19.460634,14.0426655,1.4741250170188827,2.374319,0.16463427
2013-11-13 09:00:00,22.5489197534518,27.019684,18.853668,14.485854855760035,16.8637,11.593678,1.5640070765730534,2.169108,0.10261745
2013-11-14 09:00:00,24.719783201137716,30.383698,19.847809,14.160951746972438,17.88329,12.582466,1.647104956810522,2.4544697,0.6759139
2013-11-15 09:00:00,23.916042531032417,27.607086,20.302399,17.122698134161247,20.375755,14.520287,1.9266729743810607,3.7189167,0.7415539
2013-11-16 09:00:00,16.30113208471556,18.565582,13.844879,61.71829737581897,89.84906,39.14778,2.102661198224691,4.1137714,0.9703197
2013-11-17 09:00:00,14.17971919263249,17.667389,11.619293,60.96222068064968,78.779236,40.713356,1.497876202990296,2.7357624,0.72839
2013-11-18 09:00:00,16.344085488704877,19.521393,14.296783,63.5183092736121,76.26601,48.75556,1.0465941210701322,2.3941634,0.13056336
2013-11-19 09:00:00,16.27379725580016,18.724274,14.325836,58.98610552245397,70.85295,46.48555,1.7877408805104857,3.325098,1.020554
2013-11-20 09:00:00,15.48440419746828,17.926697,13.088043,65.23308130858183,85.19397,47.62756,2.136207696014268,4.533473,1.1100378
2013-11-21 09:00:00,14.397222754058873,17.989044,11.489044,83.42271998297777,92.44058,66.2293,1.867458432616881,4.1565657,0.71119994
2013-11-22 09:00:00,11.71328163918821,16.246918,8.494965,70.68473779579932,86.49436,56.306866,2.5950885466737676,4.5273952,0.556615
2013-11-23 09:00:00,9.441123318813425,16.802032,5.2667236,77.22069636413467,91.389725,64.78777,3.371704850973766,5.5322742,1.5776551
2013-11-24 09:00:00,11.56546262811338,17.060425,7.757324,68.12405924844028,74.00857,61.19216,1.8095851430916723,2.557606,0.7648209
2013-11-25 09:00:00,13.935008745510743,18.611542,10.373688,36.75773643993837,43.988712,30.867619,1.2416099093887705,2.027549,0.4722948
2013-11-26 09:00:00,16.454572246460657,20.57486,13.027985,22.673245197244988,27.350904,20.288404,1.4938102812393907,2.3034608,0.1103967
2013-11-27 09:00:00,16.537605494440868,22.284332,12.440582,30.813117826759367,36.665,24.518269,2.138456419757561,3.2724996,0.55219513
2013-11-28 09:00:00,16.848429655668497,22.898834,13.264069,45.30827620381345,54.831734,33.890327,2.1429223885855455,3.6108985,0.83707845
2013-11-29 09:00:00,15.349900946069226,19.242126,12.11322,52.931356491144925,60.062828,44.230797,1.67619601241938,2.6668155,0.9769805
2013-11-30 09:00:00,14.568643967216587,18.931305,10.677399,53.62362948572606,74.399155,45.486095,1.637500314031753,2.2984135,0.7120379
2013-12-01 09:00:00,17.293552975600733,22.126862,13.253815,25.362607124138826,35.085197,16.225887,1.435276581911127,2.0437548,0.81955546
2013-12-02 09:00:00,19.201613610076663,25.080963,14.544586,14.518335841264836,16.668648,11.969042,1.1289354527905309,1.6819576,0.23094979
2013-12-03 09:00:00,19.424109225103393,21.44815,16.887604,16.992668837069306,21.67039,10.904328,2.240740342174931,5.6114135,0.68760383
2013-12-04 09:00:00,14.200232269124228,16.554565,11.704956,37.08551979694491,61.79521,15.834273,1.3550781350485543,3.1185298,0.16451058
2013-12-05 09:00:00,8.800021000692823,15.290009,3.8388367,42.77285315494823,65.90433,33.960545,1.4728784700151527,2.193413,0.38677555
2013-12-06 09:00:00,8.611111507090982,14.550232,3.88031,39.2452918020416,64.13127,26.50098,0.6238822894375654,1.3322576,0.30900934
2013-12-07 09:00:00,9.174377123625504,14.225037,5.6117554,55.66514307099055,78.06488,28.392895,2.4099711152268655,5.7609606,0.43548673
2013-12-08 09:00:00,7.446459109370494,13.991455,2.6828613,33.87756557261106,45.117023,23.882648,1.4670193582527085,3.5657976,0.41822314
2013-12-09 09:00:00,6.75734906718742,12.6128235,1.9526672,14.492063403210135,22.146238,8.04077,2.8546354082871597,4.4252896,1.1239705
2013-12-10 09:00:00,7.9446182703835575,15.29187,3.8973694,9.842699862806787,14.908951,4.095604,3.324740778701784,4.7489357,1.6178988
2013-12-11 09:00:00,11.096807259834861,17.583252,7.0229797,10.108470374093693,14.51393,4.445677,2.2365852279583276,2.9086456,1.3109733
2013-12-12 09:00:00,13.64499101647283,20.018707,8.673004,13.788594280250592,18.306973,9.4847145,1.9509435287076675,2.6586554,0.713007
2013-12-13 09:00:00,14.093433635195424,17.808075,10.532684,15.809884689813234,20.145016,12.867692,0.8621279158102272,1.7299467,0.17164072
2013-12-14 09:00:00,14.95960086232759,17.732391,11.476532,15.509128996513807,18.445427,11.187476,2.0675411639723116,3.0547843,0.49026516
2013-12-15 09:00:00,16.311866148134982,22.378662,12.188812,13.771901818008898,20.444511,7.9059677,2.729269137244888,3.7425013,1.1130052
2013-12-16 09:00:00,18.992872556752957,24.785736,15.651825,13.077383056504924,15.288975,10.633827,2.271397006154783,3.0662951,1.249679
2013-12-17 09:00:00,20.750735039318272,25.943146,16.648224,12.420574955008261,15.559165,10.215415,2.0542787345647926,2.919577,0.2542516
2013-12-18 09:00:00,20.558518533551478,25.90213,17.087677,11.528642505462065,13.90631,9.669624,1.2272760635485835,1.9453087,0.20892738
2013-12-19 09:00:00,15.683307742713396,17.428986,13.995392,33.40047302467934,41.888374,20.40665,2.3802371693616586,4.526731,1.426222
2013-12-20 09:00:00,9.070659385360159,13.547272,5.1318665,38.949766156427614,64.83032,24.61828,1.5168215388896904,2.0228765,0.85512847
2013-12-21 09:00:00,12.614980203683956,16.770386,9.084839,25.155230215491056,41.678,14.135589,1.0843076998629013,2.5385013,0.4511492
2013-12-22 09:00:00,14.016625967103153,16.427124,11.579468,31.095116195775415,34.917625,25.692587,0.7394863047273301,1.4541428,0.2626134
2013-12-23 09:00:00,15.774283833275774,19.264496,13.127777,26.732493739797114,29.219433,23.40498,1.5944410289891802,2.2683225,0.77454126
2013-12-24 09:00:00,17.01412908094636,22.475739,13.405426,22.90345210610535,30.191757,16.27296,1.9997248495492408,2.7560763,1.1336209
2013-12-25 09:00:00,19.995656822419505,24.744476,16.644867,15.178831678822041,25.047798,2.7447853,2.3772574854019344,3.1892965,0.74961793
2013-12-26 09:00:00,19.181615839972267,26.546478,14.630463,8.933103043253235,14.997346,4.6809397,2.4723786733089406,3.1836822,1.3361356
2013-12-27 09:00:00,19.27144242676087,25.532745,15.124542,6.326482252973563,8.365953,4.648736,1.9544529715576815,2.7948205,0.268718
2013-12-28 09:00:00,20.22202284549138,25.582306,16.857697,8.276825306309203,9.456121,7.091898,0.8406417882235445,1.5976319,0.33345166
2013-12-29 09:00:00,18.17623530870219,20.347015,16.179047,10.03996287717185,13.267635,4.119315,2.044502762014306,3.3053539,0.468411
2013-12-30 09:00:00,17.12404971328732,23.741241,12.647491,5.729814050076636,8.850262,3.0585747,1.9298333077521954,2.8041604,0.26742557
2013-12-31 09:00:00,17.963429312357164,21.901093,14.690155,8.855450317995883,10.738945,4.9662514,0.9233759398929692,1.4808517,0.22175473
2014-01-01 09:00:00,17.86258800943631,20.33371,15.087616,11.146508987559335,13.582048,8.421892,1.3941904286103415,2.2650464,0.1767547
2014-01-02 09:00:00,18.172891969595582,22.050812,15.334015,18.36249305610793,23.715473,11.746724,1.8034989098802157,2.596701,0.33921462
2014-01-03 09:00:00,19.60458700817901,24.22995,16.460419,20.569637035552628,25.032114,16.608711,1.1301837405910464,1.7480927,0.3892785
2014-01-04 09:00:00,17.1803910079891,19.174347,15.174347,22.88831906318679,25.893349,19.018692,0.7788943359915366,1.2587764,0.24855323
2014-01-05 09:00:00,17.964173026634512,19.929749,16.263733,15.056405485197017,26.032717,6.4624043,2.1818127854927885,3.4409623,0.34825608
2014-01-06 09:00:00,17.59907791242921,23.967499,13.238983,9.458703175807356,12.425002,6.400489,2.5334847298760352,3.2100024,1.2245914
2014-01-07 09:00:00,17.025535305711173,23.730255,12.499786,8.13642443600082,9.456345,6.9777145,1.4994790040066108,2.2164924,0.59590477
2014-01-08 09:00:00,16.348012632483233,19.040161,13.39563,17.919323143029803,21.25975,13.587361,1.2480586204371105,2.7051203,0.39443776
2014-01-09 09:00:00,16.59688721722597,18.674042,14.156464,20.394183281983196,26.225945,11.441756,1.3786720195078104,2.9219036,0.51680064
2014-01-10 09:00:00,15.00672190065768,18.344086,11.778717,20.866149003890058,33.786873,15.603278,1.756447544826205,3.5116827,0.42330766
2014-01-11 09:00:00,19.284416429744283,22.866852,14.782867,21.835416110343736,28.402111,16.323849,1.0516755328735958,2.377753,0.271062
2014-01-12 09:00:00,19.39400862187756,20.770905,16.026764,20.934592631517095,30.869427,8.5995455,1.8298006258596646,4.2473335,0.26758453
2014-01-13 09:00:00,15.51057450605009,21.084381,11.69278,15.604720209974051,19.815014,10.940758,3.0453359683111794,4.3799925,0.8291247
2014-01-14 09:00:00,19.321657065022464,26.712067,15.144257,10.539813639060577,14.5373955,7.1008987,2.407754559859469,3.3207552,1.0981559
2014-01-15 09:00:00,20.677722245477696,27.665436,16.58075,9.63137986476733,12.835018,6.888111,2.7757157454549666,3.5005903,1.6260966
2014-01-16 09:00:00,21.64424645417347,28.573639,17.31192,9.879250826152225,13.810368,5.6511354,2.3332887705578753,3.2587912,0.67876554
2014-01-17 09:00:00,21.59820410469689,28.733307,17.227448,7.660171859196975,8.914123,5.37506,2.3427375585713675,3.3440511,0.5467065
2014-01-18 09:00:00,22.25765743624845,27.843536,18.570099,7.931780787834619,9.536801,6.8649263,1.6411081942626602,2.5483644,0.48640493
2014-01-19 09:00:00,21.04311603607067,26.200836,17.507477,8.069767146035279,9.329083,6.430646,1.6103361948426889,2.500089,0.61018986
2014-01-20 09:00:00,19.86263947599997,23.67978,17.2247,9.751103642183555,11.031344,8.339314,0.9122260632449906,1.5701299,0.1098296
2014-01-21 09:00:00,20.451861560330883,25.46939,16.979156,9.015085362318098,11.089936,6.749819,1.783786799667017,2.5495687,0.93041366
2014-01-22 09:00:00,18.835310693966505,23.936432,15.213776,9.33943190913824,13.127106,6.416168,1.2745204641484593,2.0378294,0.36899787
2014-01-23 09:00:00,19.67615529158394,22.80722,17.379486,10.976285657112154,14.698181,7.5184937,0.9226338296968559,2.234689,0.48798776
2014-01-24 09:00:00,18.07436800466246,21.828796,15.039734,16.87793277851793,19.603222,12.98994,3.598862888965392,6.2787433,0.81202924
2014-01-25 09:00:00,17.559738509692295,20.483673,14.370941,18.871101086527844,21.139263,17.167088,2.023428881623224,3.3616033,0.4054461
2014-01-26 09:00:00,19.40916118081816,22.711761,16.549652,20.177340998278947,45.755497,14.326363,0.4803018710050688,1.156158,0.084236406
2014-01-27 09:00:00,16.75807996737541,19.007751,13.648376,27.80354391688661,33.301125,23.680029,0.9142701504999906,2.0975416,0.12974155
2014-01-28 09:00:00,18.46730346525294,20.733429,15.430695,13.01984071321491,22.424625,10.407782,1.3607771511330349,2.9268856,0.4623078
2014-01-29 09:00:00,19.136756326691113,22.059418,15.047699,26.861292361983388,42.68411,18.75153,1.346054946991336,3.0510664,0.53369164
2014-01-30 09:00:00,20.994634604376927,22.695465,18.515778,34.74367424829985,39.738876,24.586006,2.2096565064537814,4.8965855,0.96763897
2014-01-31 09:00:00,12.932833548729832,15.90036,10.576141,75.22489213798481,85.76772,63.525536,2.801738846726864,5.762679,1.3106155
2014-02-01 09:00:00,11.790886862554828,17.782104,6.428589,32.76567036263793,54.65945,12.165235,2.515012538864724,3.7877455,1.519941
2014-02-02 09:00:00,12.141055516504991,18.583374,7.395874,17.190310327309735,32.062626,11.150992,0.8110042432048519,1.3963971,0.022747267
2014-02-03 09:00:00,10.422386985156777,14.897888,6.177185,52.93232390753652,74.31255,21.343807,1.40099260769521,3.288329,0.4044379
2014-02-04 09:00:00,11.681053925311005,15.465485,6.455719,40.34461590460937,52.628536,27.995724,1.4288975268046062,2.815007,0.1551051
2014-02-05 09:00:00,12.232839132750712,15.368835,9.405945,44.35873713466205,59.11465,30.785414,0.6295359489544388,1.5420486,0.057419922
2014-02-06 09:00:00,13.665007185491902,16.128967,10.085999,28.74928328853506,35.303314,25.20175,1.636938887230145,3.347724,0.69910824
2014-02-07 09:00:00,10.672456274820433,14.770447,7.7977905,64.27619404388537,84.937645,37.6603,2.2867315216402853,5.4513974,0.9315159
2014-02-08 09:00:00,13.750648722902952,15.955139,11.439301,55.45533927731696,75.8213,29.206808,2.262830875147424,5.5652666,0.660357
2014-02-09 09:00:00,16.83843781677149,19.700378,15.133972,46.73771874860602,61.045303,16.47667,2.4134455654173848,5.62565,0.8608543
2014-02-10 09:00:00,17.44942686438975,20.863739,15.049286,40.9953165543335,49.33604,17.89495,2.0551935858149992,5.962953,0.16416399
2014-02-11 09:00:00,18.188325349671857,21.744507,12.34314,24.025629076416024,36.248295,13.838132,1.8013820075170142,3.2678697,0.28442368
2014-02-12 09:00:00,20.18452684169978,23.686005,17.053772,19.086869441192153,27.902622,10.738561,1.2062399413031415,2.5112498,0.084387764
2014-02-13 09:00:00,23.93122956605447,25.577362,20.645721,17.90041752544449,24.118294,14.702654,1.947196962438289,4.134398,0.5645544
2014-02-14 09:00:00,24.677622334295393,26.624664,20.735992,10.134016869756753,16.718105,6.8626366,2.17640000437531,5.164996,0.45079628
2014-02-15 09:00:00,24.99613730188156,27.764954,20.221985,8.428100042255126,12.920561,6.0682592,1.7917469195497064,4.2960696,0.3074656
2014-02-16 09:00:00,22.82101204642754,25.28537,19.463104,12.766121048455357,15.980574,10.429792,1.7604599954146332,3.9026425,0.20643426
2014-02-17 09:00:00,21.119749455574834,23.120758,17.767242,22.31655581856792,28.262905,11.372352,1.109061374069532,2.139228,0.2973352
2014-02-18 09:00:00,19.147129587858558,22.604797,16.624329,17.349877535361447,24.660957,7.7847004,1.1675994964025378,2.4830372,0.21496345
2014-02-19 09:00:00,20.16533715070284,23.255524,16.497711,18.577737996077193,29.166492,13.787585,1.8558532352967754,3.442041,0.3894436
2014-02-20 09:00:00,18.756356288183213,21.64737,13.965729,16.98187911002139,32.79917,7.793065,1.88229548934767,3.364387,0.14444222
2014-02-21 09:00:00,20.85612718034821,26.62204,17.229462,16.47991847777251,21.932207,11.983726,1.2729949141173142,2.2028446,0.15371488
2014-02-22 09:00:00,21.034631831822026,23.931,18.315765,20.172694002874753,25.69645,16.752651,0.9124809432901919,1.8424734,0.12721461
2014-02-23 09:00:00,19.783633927621736,21.207611,18.31308,25.041058715945386,28.328678,20.43024,0.5541676577702453,1.504246,0.05356017
2014-02-24 09:00:00,20.801442699171105,21.985016,18.953766,21.281534291038202,26.283546,15.820174,0.5102171510016448,1.2290081,0.06478426
2014-02-25 09:00:00,20.68120611413275,22.261597,18.167847,21.294108071682917,28.023737,17.839436,1.1197533808284001,1.6526657,0.83089787
2014-02-26 09:00:00,18.95772350500198,22.44992,17.084686,33.16636590154041,46.580566,25.268066,2.4043007607915423,3.873956,1.6768525
2014-02-27 09:00:00,15.300372491948508,18.216675,12.572144,68.00415801375927,84.60101,27.666199,3.0176439099140695,5.8830376,1.5972072
2014-02-28 09:00:00,17.024471459631684,19.2565,15.1510315,33.309703585320555,59.586594,13.99216,2.4857306843886766,3.765371,1.6906915
2014-03-01 09:00:00,10.947370871452677,15.305847,7.926941,87.73640467298206,98.514755,69.21803,2.8596626692783578,4.3464985,1.6166883
2014-03-02 09:00:00,10.605776148258371,15.156525,7.4107056,83.05063798535775,90.48569,73.134125,1.689941010565642,2.279971,1.0453185
2014-03-03 09:00:00,13.09986029020655,16.4664,10.295258,58.65432942719865,68.04058,48.10308,0.5873812817969033,1.5239911,0.07205642
2014-03-04 09:00:00,16.006656658082704,18.327179,13.868195,52.42317320172309,63.097065,33.853584,1.165239405287283,2.3570027,0.08863272
2014-03-05 09:00:00,17.514396230800628,20.074677,15.068634,31.574942348919198,40.96767,22.41689,0.874367522668762,1.5238606,0.20315121
2014-03-06 09:00:00,20.172407478025548,21.467987,18.44455,27.676732746280102,44.89917,14.56714,1.4510925826669754,3.2560687,0.17834087
2014-03-07 09:00:00,19.33495061623779,20.664154,17.209076,28.578319257596625,46.040565,8.737675,1.8188892023277174,3.7480724,0.76711243
2014-03-08 09:00:00,19.12040917193991,23.338043,15.418121,18.607859501848278,31.28883,10.668374,2.717125512862232,4.541946,0.73537064
2014-03-09 09:00:00,21.768732710064057,27.007416,18.138275,13.535716584831379,18.119373,10.080312,2.368369437536857,3.6664572,0.7403964
2014-03-10 09:00:00,23.357775491685004,27.636658,20.64447,16.40926454543354,20.937956,11.809117,0.6990912642265573,1.3218884,0.09303823
2014-03-11 09:00:00,20.927542929393837,23.197906,17.78189,14.54981811280047,24.575184,3.2901182,1.538238496381506,2.4810147,0.4321849
2014-03-12 09:00:00,19.65608184952481,23.158356,16.334137,17.698446184767867,21.441387,16.046856,4.01630027705545,7.0104985,1.0979447
2014-03-13 09:00:00,18.157394697648442,23.84311,13.996948,20.998089794160474,26.378273,17.020687,2.564608972240916,4.4174495,1.1101167
2014-03-14 09:00:00,19.27747908813683,21.565338,17.07315,12.294893300796407,17.793472,8.313003,1.6860607463823072,2.8718326,0.4191943
2014-03-15 09:00:00,21.651004350341168,23.685028,18.867096,12.228162342771903,19.681057,6.6543455,1.3685756472566766,2.4560704,0.33839723
2014-03-16 09:00:00,24.15868696095839,27.528107,21.270294,11.445880420076204,14.620989,8.177341,1.461801564092795,2.223845,0.51229286
2014-03-17 09:00:00,26.454087512030014,29.325348,24.460114,13.933582690801927,17.389193,9.86311,2.231955147208238,4.3342304,0.7392853
2014-03-18 09:00:00,21.343979118816037,24.63443,17.101227,14.027295641783773,17.571453,9.602927,1.577236444854275,2.4832742,0.75986224
2014-03-19 09:00:00,19.171139245350844,23.202545,15.472076,12.168927202877256,16.917658,10.626809,2.5690191218188625,4.654683,0.21633944
2014-03-20 09:00:00,21.157525432725777,24.187653,18.77945,12.555849620635358,17.165167,8.614171,0.5584596909131188,1.8209246,0.16021053
2014-03-21 09:00:00,20.30155741303173,22.492096,18.558502,16.093776305629167,29.390709,9.610751,2.0094599759061254,3.6366704,1.1239526
2014-03-22 09:00:00,18.220824383824606,21.490143,16.78897,48.24586906213358,62.615746,33.987495,2.2262365170877905,4.490289,1.3391746
2014-03-23 09:00:00,18.63133294375234,22.18924,16.597443,18.367827907139986,34.577644,11.544567,1.4092264124906937,2.3553307,0.76506567
2014-03-24 09:00:00,20.412067601202523,22.663727,17.806305,19.154624137103163,23.229103,16.725197,0.8465369037344557,1.8203634,0.2086587
2014-03-25 09:00:00,22.034639485824982,24.68631,17.920685,12.438547672408864,21.49313,8.040005,1.0402013889995863,2.1538749,0.4247251
2014-03-26 09:00:00,17.707104983245983,21.891113,15.77002,47.674913196467685,74.747765,31.239952,3.8350358004870997,7.335012,2.0588908
2014-03-27 09:00:00,14.495806974569973,17.571411,11.036255,61.466164922003564,79.801994,45.043144,3.1890946251089773,6.6820498,1.5861087
2014-03-28 09:00:00,16.32335756763257,18.801178,13.8229065,37.42513524359128,44.96045,29.507324,1.7164506521617227,4.404719,0.2023073
2014-03-29 09:00:00,20.419498821310015,22.645416,18.36319,28.168188366701898,32.119667,24.55602,1.5349009215308085,2.9787352,0.6605214
2014-03-30 09:00:00,20.67998181524115,22.862213,18.403229,27.931599757775672,37.971848,23.382004,2.8651403223217056,5.9501104,1.0718414
2014-03-31 09:00:00,17.388093459635172,20.252594,13.983063,26.241784354156565,36.228172,9.235874,2.062666027629115,4.7679377,0.5041062
2014-04-01 09:00:00,15.078960140201957,18.01529,12.597321,48.38959959014733,68.237465,15.5460615,3.7356167900738595,6.6532207,1.9423242
2014-04-02 09:00:00,11.916601483130819,16.404694,8.084381,55.10525388308625,67.65872,42.010284,3.2208477515755694,5.483562,1.8846115
2014-04-03 09:00:00,13.494112145073586,16.385162,11.463287,30.87406006152684,42.109222,22.683437,1.2314984139491494,2.6131363,0.41511053
2014-04-04 09:00:00,16.421080132175916,19.177399,14.011383,18.314230737085982,29.602257,11.118826,1.8377155266005898,3.1964738,1.1246837
2014-04-05 09:00:00,14.948989708233796,18.15274,12.412506,43.92551863789384,60.690685,19.090101,1.697324108470185,4.252001,0.31464797
2014-04-06 09:00:00,19.09408267963329,24.041168,15.552887,23.036625096211775,35.1242,15.759934,1.8199178773736784,3.0551672,0.13339254
2014-04-07 09:00:00,23.02475819899928,27.367096,19.832184,19.106921133510575,21.41671,16.65361,1.592311389317332,2.6628284,0.6280032
2014-04-08 09:00:00,26.899230670993745,29.8815,24.233063,14.304518708345007,17.702936,12.01153,0.5240368601680108,1.6367719,0.15247029
2014-04-09 09:00:00,28.10048335200753,31.325104,25.32901,4.674510745251881,10.121855,2.0863562,1.6783921762779397,2.8874362,0.60406333
2014-04-10 09:00:00,27.082361173783113,29.590729,22.86612,4.5682314687592305,9.849589,1.151928,1.9729931562527145,3.8528028,0.8580443
2014-04-11 09:00:00,24.13184767059323,27.839752,19.746002,6.807747852845074,9.896099,2.7228053,2.0045286771232917,4.160587,0.81804615
2014-04-12 09:00:00,23.994133923756294,27.25064,19.242828,10.588634937954922,18.392633,1.9707584,3.1504340769572856,6.1969295,1.6478786
2014-04-13 09:00:00,18.959186496713926,23.101715,15.916168,43.05656645090556,54.702854,24.42018,2.7650713090846075,5.370798,1.692207
2014-04-14 09:00:00,23.04083279136131,26.654938,18.452545,8.364800041157773,10.960472,4.892743,1.1272394459557287,1.817162,0.5160991
2014-04-15 09:00:00,25.002066343591707,27.493317,22.096832,12.81380803674774,16.81482,9.12505,0.7399434400033799,2.704275,0.061669312
2014-04-16 09:00:00,24.15129507546459,27.1232,19.869293,16.511140354614174,20.999401,13.855411,1.9539568998395422,3.4702375,1.104161
2014-04-17 09:00:00,23.6465399803605,28.377594,17.869781,20.4235839940287,30.994617,11.189931,1.7329520590790555,2.5989344,0.9735425
2014-04-18 09:00:00,22.02753653443233,27.40274,18.554596,30.83593702495187,36.39803,23.894123,2.3636650658616856,4.420431,1.4799027
2014-04-19 09:00:00,20.017589040861253,22.706451,18.278717,47.504278020489345,58.6238,37.94411,1.7016900661310017,3.0636632,1.1966393
2014-04-20 09:00:00,22.857655074942727,26.49234,19.215973,26.730234202844862,32.531006,19.931494,1.600394887112275,2.8090577,0.77933556
2014-04-21 09:00:00,24.789830093594787,28.160309,20.54898,19.843920570185546,27.534508,13.819665,1.5448787805924877,2.698369,0.7720578
2014-04-22 09:00:00,24.99021792307218,28.497223,20.514801,20.37212940123221,24.389961,16.913399,2.9155742113223857,5.587367,1.721692
2014-04-23 09:00:00,19.03205305810087,21.760895,15.442535,21.96292686571406,31.22904,14.1172085,2.115109939056473,4.5731697,0.58639437
2014-04-24 09:00:00,21.170558480146667,23.223541,17.726227,19.57281752313543,29.955166,14.762324,1.3386162182076538,2.8181715,0.31081793
2014-04-25 09:00:00,23.354574665819655,26.507477,20.493805,24.21211509986552,36.409798,13.870735,2.6959763392092153,5.047927,1.6339666
2014-04-26 09:00:00,16.228387508582728,18.65738,13.950348,55.305381539675295,67.640114,38.007862,3.9275844532572073,7.084389,2.3429224
2014-04-27 09:00:00,15.516020980955034,19.175201,11.3836975,44.14129924081781,54.84961,34.57547,3.015763083141338,6.308396,1.1149123
2014-04-28 09:00:00,19.399648220048277,23.088531,15.463043,28.868755587997665,40.87098,20.261063,2.5001641018753284,5.3830843,1.0740693
2014-04-29 09:00:00,24.219296994698368,30.953278,20.375153,16.730382607548883,19.457703,15.24286,3.1675135829319543,4.6862073,0.33600837
2014-04-30 09:00:00,26.655168935744882,33.580475,22.469147,8.747958037216376,10.387451,6.638835,4.127553033521892,6.859834,1.0778378
2014-05-01 09:00:00,25.958404055147525,31.88565,22.098541,7.616964959553332,8.621945,6.4667797,3.4135157849961297,5.3235674,0.33596507
2014-05-02 09:00:00,29.465434943080652,34.160553,26.085114,7.38063677850314,9.176483,5.938202,1.1800545644912424,2.0857108,0.07096308
2014-05-03 09:00:00,30.570791912608,33.08023,26.584137,8.634610051168305,10.478913,6.3840065,2.173327155014734,4.2962255,0.73901564
2014-05-04 09:00:00,28.239591267324272,30.724274,24.64029,9.37855702074408,16.038757,3.4997263,2.3528258806453093,4.270645,1.2156316
2014-05-05 09:00:00,25.52775921515604,29.075104,20.983307,11.750629552448276,23.728834,4.1428967,2.7739464266951295,5.466181,1.4828466
2014-05-06 09:00:00,19.982579693614014,23.45694,18.285065,41.02513358721523,57.032253,17.838139,3.282463945411655,6.4460807,1.8148758
2014-05-07 09:00:00,16.524552525005618,19.447906,13.628082,44.405002626677124,58.37273,31.914425,2.543310369078974,5.933289,0.43184105
2014-05-08 09:00:00,18.78008926362685,20.862946,17.198639,40.60834828162439,63.316307,27.326881,2.3233661356076967,4.0400443,1.5996342
2014-05-09 09:00:00,20.7187997293658,23.944,18.494781,35.86369200832513,51.442413,26.979618,2.942825505306065,6.517527,1.4974325
2014-05-10 09:00:00,22.267141251087764,25.12027,18.96988,29.557729792951445,56.579685,18.185894,3.188684882959422,7.2546186,1.045621
2014-05-11 09:00:00,21.209261651547706,24.218414,17.503082,14.323567638860572,22.917027,6.834996,2.6108802754410907,5.232058,0.15658495
2014-05-12 09:00:00,24.37175484717892,30.117096,20.39444,8.642414888973246,15.156189,5.970522,2.285232583548711,3.4895825,0.64885974
2014-05-13 09:00:00,28.109682240687164,32.79727,24.319733,9.69012813949162,11.000557,8.363838,2.619635790481713,3.6972818,1.0848945
2014-05-14 09:00:00,28.66701143406118,35.211823,24.095367,8.569354769080093,9.699217,6.964842,3.151927131610253,4.9763966,1.079704
2014-05-15 09:00:00,31.472074935985177,36.305084,27.529694,6.878177618622061,8.04306,5.8402653,2.099126940454531,3.0949154,0.36982733
2014-05-16 09:00:00,33.4183789499898,37.074615,30.318756,8.264841053694413,9.324422,7.358427,1.6042406455735343,2.8293762,0.6550849
2014-05-17 09:00:00,30.835321436316633,33.526276,26.139557,11.319922478961667,15.831603,7.858947,2.6720049307653047,5.877981,1.1308054
2014-05-18 09:00:00,27.566980962337936,32.259674,21.32608,15.31427378212464,25.541286,7.3486824,2.881811275302363,6.1293755,1.4913533
2014-05-19 09:00:00,23.663360647785623,27.455719,20.014313,35.58113134152117,53.780075,20.01445,2.804755868251736,5.4093614,1.6509172
2014-05-20 09:00:00,20.84240297498718,24.228912,19.00235,41.044041407873166,65.45874,24.014698,3.0835961681800885,5.3019648,1.3736585
2014-05-21 09:00:00,17.821544466631963,20.393219,15.600006,53.63226611936434,72.01028,38.80325,2.5726976852789005,5.2240767,1.293219
2014-05-22 09:00:00,19.565858703650406,22.767487,16.49405,49.785946307614395,76.13533,28.02832,1.3721629322316504,2.096808,0.7095638
2014-05-23 09:00:00,20.21089627439585,23.260895,17.924957,48.23931630030708,76.573975,32.335697,1.5058434199159114,2.3070638,1.1545928
2014-05-24 09:00:00,22.550409475764923,27.969635,19.223541,41.38868997454931,68.002266,22.502478,2.3507049457641163,4.05183,1.5118978
2014-05-25 09:00:00,24.826500942112773,29.380524,19.85611,28.381700816584004,33.002987,23.471725,1.6319169543439629,2.9489934,0.7844704
2014-05-26 09:00:00,27.42332438759189,32.73355,21.111969,24.372162514665977,32.16227,15.734863,1.7587090728166568,2.772682,0.8892747
2014-05-27 09:00:00,29.39286063567289,34.975006,21.91446,13.209962693144577,18.945698,8.14101,2.07695871542075,3.8998091,0.9456896
2014-05-28 09:00:00,28.37628044189529,34.01602,21.650787,14.044989673220401,18.380405,9.238869,2.260710481161677,4.6813765,0.9919435
2014-05-29 09:00:00,26.37545391077873,31.215729,20.336823,18.311883315700715,28.88052,8.704826,2.1017798491643354,3.6704664,1.1824689
2014-05-30 09:00:00,26.395178275294086,30.668365,21.81485,7.410678685487416,9.911402,5.548121,1.7447266066125722,3.0511436,0.9131816
2014-05-31 09:00:00,28.318652002388546,32.21646,23.00357,6.985908171597439,11.4223995,0.6657986,2.1601139267703227,4.3539014,1.114184
2014-06-01 09:00:00,27.228886710458596,31.027008,22.66568,9.550729407401603,15.153274,3.7821798,1.7813783557916396,3.0271373,1.0155915
2014-06-02 09:00:00,27.723152108031513,32.00186,22.433502,7.112903892111493,13.627266,1.6982899,2.3132253559935743,4.075319,1.2292336
2014-06-03 09:00:00,26.27852424625422,29.940338,21.717682,8.625990035859214,14.18173,4.1636515,2.360229075236817,4.7800484,1.045641
2014-06-04 09:00:00,28.131088328885767,31.87857,23.105133,10.562853425582615,14.292741,7.101775,2.1720990725945826,3.9888725,1.0609288
2014-06-05 09:00:00,28.508497198864347,32.65274,22.631256,15.433042335791976,23.846594,8.044147,1.812234956078712,3.1671064,1.073275
2014-06-06 09:00:00,28.805243212300752,34.288727,21.716461,17.97958007867499,22.638546,10.896359,2.3518719560240577,4.380299,1.1115457
2014-06-07 09:00:00,26.59978203306696,32.700348,20.096832,19.681107111372867,32.579353,12.617658,2.261055109026082,3.9347703,1.2107726
2014-06-08 09:00:00,29.639106752035445,35.91861,20.223297,14.828787531387535,16.009647,12.539155,1.4973021405405569,2.4382422,0.75496656
2014-06-09 09:00:00,31.536074851819762,37.654938,21.63736,10.510044402753756,13.699962,7.462655,1.444864775492539,2.565217,0.7501598
2014-06-10 09:00:00,31.424596504993247,37.276276,20.76065,12.882531358198404,16.29221,10.194552,2.212400598415328,3.7468214,1.1899376
2014-06-11 09:00:00,26.19441124205946,32.46988,19.809723,26.56211708456861,37.563343,8.907577,3.00913916432404,6.357758,1.5979147
2014-06-12 09:00:00,26.707280142401714,32.114166,21.338776,24.12535012641636,31.53891,9.187347,2.770878145852541,5.651334,1.3982439
2014-06-13 09:00:00,26.666820595379022,32.285553,20.523834,19.605381431439938,28.88685,6.7032566,2.786239981668533,5.9196196,1.3560438
2014-06-14 09:00:00,25.4771279213341,30.120758,20.882477,15.02439849166736,24.197899,8.5104,1.6880013888571916,3.6578078,0.8236121
2014-06-15 09:00:00,27.122171551643532,30.584381,21.293365,16.341180397711536,34.947166,6.6482058,2.4923646212410073,4.345541,1.382565
2014-06-16 09:00:00,24.432048929011444,28.677887,20.812653,23.8352013534351,38.228523,5.380868,3.334874613474688,7.2325253,1.7967393
2014-06-17 09:00:00,23.688357762897738,27.5065,20.533844,31.60468838252087,44.298443,16.767193,3.331127551716875,6.9703517,1.8090599
2014-06-18 09:00:00,23.715362140597563,26.710114,20.450348,24.91233775459635,45.10911,14.811581,1.347184886081665,2.5113063,0.38823736
2014-06-19 09:00:00,26.461815487197782,29.142242,21.298492,13.714729897623421,18.47318,10.219292,0.8441337190871578,2.3764787,0.082351424
2014-06-20 09:00:00,29.409406065222242,33.135406,23.104156,11.606716476873123,14.565712,9.444357,1.7506782650065884,2.7764282,1.0928831
2014-06-21 09:00:00,29.714916780595388,34.388336,23.10318,12.173340912783273,17.689198,8.312447,2.3879745242501795,4.5267124,1.2816174
2014-06-22 09:00:00,28.096902685843645,33.326813,22.582672,13.427326932687599,16.97519,7.7961435,2.5994866696699277,5.462058,1.2706265
2014-06-23 09:00:00,27.341227790884147,33.123444,21.250397,20.01300293433978,29.767181,11.107025,2.377926788391028,4.467297,1.2221816
2014-06-24 09:00:00,27.423331958084873,32.968903,21.781403,17.75116504908244,24.575254,9.519971,2.280794286893146,4.398059,1.0836116
2014-06-25 09:00:00,28.060642453008256,34.457916,21.799713,20.15397881494048,29.502863,11.224,2.5553028432963667,5.3313723,1.1706153
2014-06-26 09:00:00,28.402375011714298,34.430084,21.623444,23.469510475555918,34.827675,12.543843,2.7033550312297163,6.008882,1.2374737
2014-06-27 09:00:00,26.003729080771564,30.160553,21.952057,39.17397240188137,53.007713,28.785057,2.6392263713703814,5.6075234,1.1355238
2014-06-28 09:00:00,27.835885230723306,32.4523,22.503082,28.025255593473084,38.37846,22.132366,2.4788519286044663,4.6563735,1.1390909
2014-06-29 09:00:00,29.527629564254198,35.645172,22.154938,18.59838149036421,22.749084,14.8897085,1.7556119177819307,2.7127407,0.81170946
2014-06-30 09:00:00,31.033965404754554,37.627106,22.525543,18.352793513159956,23.53223,12.485354,1.8601327947272963,2.9156973,1.0088427
2014-07-01 09:00:00,30.952380930556956,38.231598,22.08902,16.822195596025082,19.750492,13.721451,1.983547976667845,3.8467863,0.93772537
2014-07-02 09:00:00,31.340389613376317,38.67398,22.213043,14.953630900232257,19.157005,11.075454,2.159884593040197,4.0013146,1.0146326
2014-07-03 09:00:00,31.1016572290103,37.63443,22.775055,13.69591270777717,21.180994,8.246679,1.981064673496336,4.2148867,0.8533189
2014-07-04 09:00:00,32.16636101990912,36.998444,24.43399,12.347530777314333,15.380091,9.67004,1.8306988155676662,2.788732,1.1832407
2014-07-05 09:00:00,29.73462723196002,32.000153,25.578033,38.83069917431329,48.837563,26.965816,1.9192626875252043,4.032748,1.0242876
2014-07-06 09:00:00,31.136407457065275,34.747467,25.782623,25.932379469560363,32.36882,18.48601,2.0004182131740924,3.9029033,1.1317909
2014-07-07 09:00:00,31.577602998456086,36.332672,25.490875,20.724447047031216,29.997898,13.962059,1.6245653261506523,2.759073,0.922907
2014-07-08 09:00:00,31.450616776927177,36.184235,24.238922,18.357310262440844,28.126915,9.011309,1.94676607424336,3.4012375,1.2391875
2014-07-09 09:00:00,31.29964890255519,36.734283,24.279205,20.75003531392711,24.635818,14.858475,2.0025741639160053,3.8098247,1.1190109
2014-07-10 09:00:00,30.254504824862522,35.649323,23.623932,21.83983624114795,26.184862,18.454393,2.537453511408591,4.940202,1.3675463
2014-07-11 09:00:00,28.64655292698143,33.18106,23.257233,24.249565157541365,27.464886,19.615753,2.468192513180153,4.4206777,1.3785939
2014-07-12 09:00:00,28.485286303531154,32.46768,23.231354,25.377801207043998,29.084751,22.10302,1.7299908581416896,2.871636,1.0166305
2014-07-13 09:00:00,31.62761642252059,35.40103,23.791656,19.939297481290858,26.899717,15.848277,0.9922178878254951,2.3462493,0.40867636
2014-07-14 09:00:00,32.02967198398801,38.347076,23.663483,27.514745263705827,34.57671,23.142595,1.9489546268970495,3.530002,0.96680826
2014-07-15 09:00:00,29.721243990661492,33.68985,23.047272,60.32615967898185,89.82638,27.108673,1.7156644836418729,2.6175234,1.0266708
2014-07-16 09:00:00,27.441422892934895,33.912262,22.689606,32.22766091503496,47.934334,20.309334,2.530472996389321,4.797986,1.4943103
2014-07-17 09:00:00,27.099544127097886,32.669342,23.591217,27.92460772480474,36.01873,18.623533,2.637836602625816,5.3380704,1.4624324
2014-07-18 09:00:00,26.217497310884312,32.093903,23.468903,32.110486648699165,48.793724,18.494673,2.3912822403357588,4.765054,1.2294043
2014-07-19 09:00:00,26.398566078928127,31.781647,23.543365,30.961866291730775,38.10324,17.861912,1.7941808027094623,3.3922565,0.8370963
2014-07-20 09:00:00,26.213104764860077,31.044098,22.440582,35.78087633799459,42.54328,31.257317,1.8795827776645149,2.8140366,1.2199823
2014-07-21 09:00:00,27.196360509644876,32.517487,24.165924,40.76661012875824,45.38058,33.038666,2.270018179336801,4.592199,1.1884139
2014-07-22 09:00:00,28.41933039074263,32.58902,24.393707,25.505078767742596,35.009064,12.864531,1.8884526025530746,3.3137064,1.0279522
2014-07-23 09:00:00,30.96120451667997,34.65518,25.893463,17.79435664171427,25.552208,9.2075405,1.7978496239496986,3.5054276,0.58530116
2014-07-24 09:00:00,32.47362655990622,35.935455,26.97647,9.10146688225667,18.684929,3.6495724,1.625845788046493,3.2433646,0.31878373
2014-07-25 09:00:00,34.37548341483381,37.83072,27.97525,10.062158842440995,15.137803,4.8917093,1.7080952819830861,2.9278622,0.6913759
2014-07-26 09:00:00,30.566960128590267,35.62784,24.86612,12.444841613944666,19.367817,6.3912535,2.017240727692714,3.9339533,0.97049475
2014-07-27 09:00:00,31.58606602766514,34.68448,25.332916,34.72505198337027,37.916412,30.835863,1.4997743643841372,4.215002,0.22919057
2014-07-28 09:00:00,30.22553904733718,32.710358,26.606842,51.36269164463236,61.519337,43.382618,1.3456052302292738,3.0447443,0.48402867
2014-07-29 09:00:00,29.78738153039467,32.599274,26.239899,34.821010904377786,44.813904,28.747498,1.5113446977948897,2.6726854,0.7395868
2014-07-30 09:00:00,31.3612545245216,35.23648,25.664215,38.24863466960394,44.961166,34.33972,1.6478989827001014,3.8951874,0.403238
2014-07-31 09:00:00,30.982687187225565,32.85196,26.473053,27.715569317341973,29.99165,24.898405,1.0316988746831244,2.887012,0.042862896
2014-08-01 09:00:00,32.286021832037875,36.031403,25.795074,21.321637253193213,26.13913,15.751937,1.6512298149528712,2.6319962,0.93763745
2014-08-02 09:00:00,31.417270473082,36.087067,24.667145,21.785057900919877,26.937134,18.944946,1.5860397528356147,2.6371171,1.0650347
2014-08-03 09:00:00,27.607069877486254,30.522125,24.779938,42.614164270788855,54.947495,30.736084,0.8844860313867727,2.725071,0.13964981
2014-08-04 09:00:00,25.88138997445901,29.145172,23.502594,50.08937263882805,69.47739,15.973478,1.0945211035882447,1.9711093,0.40233612
2014-08-05 09:00:00,27.561156998552804,29.95987,24.924713,15.12929974102244,24.56678,4.4755344,2.0995695412219315,4.192695,1.0805306
2014-08-06 09:00:00,28.42742869260144,32.579987,24.23233,13.693920871895063,23.763803,4.099741,2.0952644479855165,3.5170531,0.9748707
2014-08-07 09:00:00,26.9818881477147,31.643463,22.569244,35.94087463512272,45.12713,19.553768,1.8108235313622842,3.2944074,0.8855508
2014-08-08 09:00:00,28.210184164530347,33.046783,23.097565,26.625813843585252,34.42318,14.827515,1.6494045833306192,2.487005,0.88857085
2014-08-09 09:00:00,29.88260885039199,34.4982,23.61734,20.397589575366197,26.733488,12.025679,1.677439594739128,2.5146208,0.98413265
2014-08-10 09:00:00,29.693969272193897,34.59268,23.73526,15.258399831796122,21.195885,11.499191,1.7190175851642222,2.59991,0.9707821
2014-08-11 09:00:00,30.180274358759164,33.461823,24.674713,22.374158839652743,27.901165,18.113476,1.756267662483617,2.7989073,0.80102813
2014-08-12 09:00:00,29.33633972320871,31.136627,24.85733,40.19613259295641,49.030426,32.53824,1.5905804243765362,2.2156303,0.8907334
2014-08-13 09:00:00,29.863056975140296,33.86197,24.211578,38.033972648556194,45.35972,32.56675,2.090382297733806,3.4196322,1.3088893
2014-08-14 09:00:00,29.002217860735925,33.216705,23.531158,16.205700100608137,21.786789,10.7386875,2.0594552492049085,3.3069372,1.2479447
2014-08-15 09:00:00,29.878952635802136,33.870514,24.54068,9.029771135928108,21.628353,2.7909431,2.1029763181614833,4.0052853,1.119787
2014-08-16 09:00:00,30.834337924008878,33.851715,26.113434,19.406615603648653,38.193096,13.537126,1.8085995695194426,3.3654523,0.8659895
2014-08-17 09:00:00,32.31738622035266,36.062164,26.605133,18.75694646639003,21.914326,14.620433,1.929080555744145,3.4952655,1.0725516
2014-08-18 09:00:00,32.30741777594625,36.464508,25.241852,17.914722579259436,21.142872,14.261694,1.8706396904867537,3.0142872,1.0758041
2014-08-19 09:00:00,30.344280066708222,34.30435,24.962555,18.08028167655919,22.065418,14.307605,2.45419896157536,4.469449,1.4345123
2014-08-20 09:00:00,25.301185091112643,29.091461,23.006989,39.74227400411782,46.46545,30.779255,2.1676204219831496,4.1305003,1.0687548
2014-08-21 09:00:00,26.13175942881645,28.542877,24.527252,31.418647119817255,36.10373,26.070972,1.5178837827927183,2.5544846,0.9371197
2014-08-22 09:00:00,28.44698319379222,31.319733,24.552155,36.53340077539499,50.005676,25.388662,2.0392410380207595,3.7303438,1.2374984
2014-08-23 09:00:00,27.88727091679027,31.11612,24.786041,25.45326923724806,34.981113,4.3636866,2.571718312569946,5.3873515,1.3913817
2014-08-24 09:00:00,27.6254656995348,31.635406,23.752594,19.278274159132106,26.836258,10.898427,2.035568706770504,3.9977946,1.041538
2014-08-25 09:00:00,28.14639723740015,32.47769,23.630035,16.781220993095964,22.171705,10.324049,2.6038051731706724,5.1664047,1.2676187
2014-08-26 09:00:00,26.529648715039343,29.692291,24.019928,24.682933046121814,35.684242,14.802882,2.325926403525603,4.6150064,1.2528633
2014-08-27 09:00:00,29.142635515261475,31.573883,26.870758,20.998902055254764,24.448551,17.256618,1.575789107986332,3.1346939,0.5947105
2014-08-28 09:00:00,31.243144418734516,33.50528,27.841217,22.001975060257944,27.267006,16.950672,1.4650128984924,2.5690327,0.8266784
2014-08-29 09:00:00,32.81846237106356,35.464264,28.327545,14.7230770880202,20.990044,6.9166775,1.3787077553704934,2.8333817,0.95757353
2014-08-30 09:00:00,31.984504612128376,36.26187,25.513824,12.307234137815389,16.124153,8.424933,1.7281088567640133,3.224194,0.57480836
2014-08-31 09:00:00,32.71513090223431,35.356842,26.542389,17.10733304064692,20.469875,14.489229,2.522631692512717,5.629204,0.6833469
2014-09-01 09:00:00,30.73525706414108,35.33365,25.45279,16.810333466027036,24.172733,10.200781,1.4985204253269573,2.320624,0.8249164
2014-09-02 09:00:00,30.979812560337564,35.530914,25.212555,13.757741612414172,19.00625,6.183731,1.5099968529906647,2.239445,0.8647757
2014-09-03 09:00:00,30.37508192735379,35.7919,24.463776,17.289353771542793,21.509995,12.402155,2.0611192766569113,4.2568088,0.9375223
2014-09-04 09:00:00,29.03305967360484,33.957428,23.803131,21.6239712179025,24.888462,18.485653,2.076759479221184,3.9437075,1.0222838
2014-09-05 09:00:00,28.72706062086462,34.011383,23.210602,11.267241744514521,13.55665,9.591436,1.609370713276423,2.8144834,0.8752201
2014-09-06 09:00:00,30.82953074173639,34.29361,25.211578,12.243457825820848,15.461137,8.396475,1.1903520835153618,2.6149752,0.6665553
2014-09-07 09:00:00,32.23064363388107,35.017242,27.751617,22.630493984382632,33.00026,16.85177,1.2269286618264528,2.59826,0.7884218
2014-09-08 09:00:00,29.704255007555673,32.181793,24.410309,47.927962966038194,57.0014,34.067806,1.5279986531829395,2.9806178,0.7825494
2014-09-09 09:00:00,26.735222857893064,29.693024,23.358795,41.696988174527874,67.839935,16.949314,1.9023059157299114,4.10289,0.7305832
2014-09-10 09:00:00,29.346618460042237,32.600006,25.810944,16.79563143764088,38.477013,5.1523724,0.9325960866024653,2.4425054,0.2811513
2014-09-11 09:00:00,31.271596034802712,33.429596,26.86319,18.73320595424168,29.020151,12.537968,0.5552496956099436,2.3899255,0.04327917
2014-09-12 09:00:00,31.757959086304368,33.640045,27.768951,17.454456412185188,21.510872,15.12511,0.7643606516254743,2.5748258,0.3819162
2014-09-13 09:00:00,32.40196325101226,34.32193,27.706696,16.4498325417476,18.815096,14.430137,0.6451087053651713,3.1229599,0.10828317
2014-09-14 09:00:00,33.23490842396359,35.63272,29.01358,18.48453865616281,22.55326,15.192241,0.7791464461501876,3.00079,0.3230773
2014-09-15 09:00:00,34.39686713015061,37.03946,30.517975,16.55854806822224,20.789936,13.711812,0.8197656059422309,2.2733088,0.33209023
2014-09-16 09:00:00,34.704000511332595,36.868805,30.993805,20.16720780293985,22.569782,15.6205635,0.8901882245856284,2.1043215,0.21491738
2014-09-17 09:00:00,33.138675415335115,35.396637,29.83023,23.303591138680595,36.117268,17.453205,1.287060766647535,2.5160131,0.4697887
2014-09-18 09:00:00,31.584947026535815,34.25894,27.98941,20.555754546824808,31.734894,11.634246,2.4824257227046784,4.2485466,1.4107233
2014-09-19 09:00:00,26.081863964233776,29.557526,24.127838,57.880971174405424,73.05564,44.631214,2.1006815137386026,3.7550416,0.7580508
2014-09-20 09:00:00,26.560209527521238,29.947418,23.752106,50.01301229877187,62.179382,37.059895,1.3837233897299313,2.290532,0.80061984
2014-09-21 09:00:00,26.61183425877914,29.984283,23.912018,32.72561273824479,42.682667,21.371052,1.718137694328718,2.9115574,1.1405187
2014-09-22 09:00:00,27.185867189514568,30.42154,23.462555,22.189993437362002,34.539745,10.3782425,0.9800187399990402,2.3128188,0.24753721
2014-09-23 09:00:00,28.583061113157953,31.672272,24.742584,14.415071905852395,24.920736,3.6639996,0.8997579531704246,2.188725,0.5036074
2014-09-24 09:00:00,30.08581987837215,33.04605,25.323395,9.77909093005324,17.599798,3.1154232,1.2194175933131894,2.9693677,0.3940074
2014-09-25 09:00:00,30.774147041080028,33.266754,26.977692,34.30799308622802,52.85356,17.884811,1.726376370332273,3.2797878,0.44840986
2014-09-26 09:00:00,28.215159629744846,30.788483,26.011139,39.99054802567884,50.132328,27.403791,2.2334736769357737,4.070203,0.99980056
2014-09-27 09:00:00,24.74119192770803,27.300934,22.853668,28.540017278659107,39.516903,17.204403,2.5305610649955375,5.237093,1.1732488
2014-09-28 09:00:00,20.946722484325107,23.489899,18.07193,50.180057730645956,68.234604,30.258045,2.3708340756772044,5.1632075,1.1559763
2014-09-29 09:00:00,21.798937538055725,24.122467,19.132965,43.193283146591156,49.21986,36.706585,0.9880790595983383,1.8315898,0.35838637
2014-09-30 09:00:00,24.646580886307788,26.819,21.66861,26.277887700025012,31.33504,21.293367,0.8407005471953028,1.7805969,0.19255215
2014-10-01 09:00:00,26.753938050499414,29.460114,24.33902,26.30538215155066,32.7925,20.194324,0.8361025181094072,2.0079038,0.19307238
2014-10-02 09:00:00,28.34529382880595,32.505035,25.552155,13.709625958622487,16.936241,11.22921,2.649110318254073,4.928927,0.22451575
2014-10-03 09:00:00,29.655757630498726,35.674713,25.530182,8.665094986575511,11.359502,4.992505,2.257872252306963,3.5449936,0.4869736
2014-10-04 09:00:00,31.684147073892348,34.8002,29.052155,9.197631269048038,11.114725,5.052392,1.7380945165808122,2.6571705,0.3710288
2014-10-05 09:00:00,32.34462654308936,35.3815,28.649078,9.613179767599782,10.624565,8.6343,1.1788396828677161,2.0400474,0.37046987
2014-10-06 09:00:00,31.797447928689508,33.919342,27.63028,9.804122580014909,15.429961,8.110451,0.8780247319607141,1.6286005,0.16592844
2014-10-07 09:00:00,30.357004502148584,31.726227,26.892242,12.510410009520669,15.084095,9.939104,0.7243896152560239,1.1990589,0.33449548
2014-10-08 09:00:00,29.27085763494773,31.635895,26.131989,13.5421020710102,14.749305,11.442332,0.8139067446023619,1.9787118,0.357247
2014-10-09 09:00:00,27.296871523037623,29.414215,24.506012,20.46154441198685,25.041935,15.856366,1.622436348726155,2.540979,0.5832605
2014-10-10 09:00:00,25.430680281412492,29.488434,22.652496,18.67958654173179,23.326632,13.805068,1.7869984273219688,3.2419446,0.83793414
2014-10-11 09:00:00,25.243561719918944,28.378082,22.303864,13.560324443605571,18.168354,9.87148,0.7780024416353672,1.7652341,0.052166387
2014-10-12 09:00:00,27.20500718706137,29.249908,23.697174,15.755507507479267,20.242603,13.302655,0.8782299669398175,2.2291324,0.06618736
2014-10-13 09:00:00,27.771396570959382,31.252106,23.199371,7.716555791056211,13.167758,5.5776157,2.203746865522581,4.1639576,0.29886472
2014-10-14 09:00:00,27.066600970482227,29.392242,23.970367,8.447885633521706,12.438983,4.7280455,0.9321932362222441,1.9103229,0.2473006
2014-10-15 09:00:00,23.928134223249742,27.8378,21.333649,29.70697586751684,44.300056,18.743279,2.326082474462334,4.386064,1.4741426
2014-10-16 09:00:00,21.98398740207699,24.391266,19.926422,43.40822161343861,59.882034,27.6368,1.8379317440020568,4.1382246,0.7922476
2014-10-17 09:00:00,22.726751105043263,25.76944,21.089752,34.98143052204017,47.58743,19.731632,1.5291885872848403,3.0614657,0.90561306
2014-10-18 09:00:00,21.28287182238182,24.122467,19.53653,44.668580647396844,53.98983,32.48983,1.121855940649452,2.0441866,0.39858556
2014-10-19 09:00:00,23.492458305050945,24.85904,22.333649,30.8304086145653,33.798477,28.345352,0.6892959352266335,1.5231667,0.20333941
2014-10-20 09:00:00,24.526905312959457,26.592194,22.562897,30.08182682047092,35.17639,25.953733,1.3612525730641065,2.4518042,0.66313756
2014-10-21 09:00:00,23.70218214263224,26.772614,22.165192,21.429814118500886,40.5604,13.824587,1.6826188111056157,3.9529939,0.18442324
2014-10-22 09:00:00,22.941647400883085,24.641266,19.943756,20.891722200032444,27.793846,9.980762,1.1008533699921599,2.3141396,0.3519833
2014-10-23 09:00:00,25.700790856758033,27.477203,23.373688,11.231598450747217,17.393097,4.3532104,0.6776144189426995,1.4878539,0.15440078
2014-10-24 09:00:00,26.68977035762549,28.174713,24.49112,10.039848757354633,14.367355,6.355637,0.9418765041048335,1.4477047,0.5339453
2014-10-25 09:00:00,26.51531377182164,28.87149,23.537506,21.740120769406957,25.344093,17.548721,1.977853589488382,3.588697,0.74854773
2014-10-26 09:00:00,23.25114409784294,25.723297,20.805328,40.18567798501869,44.37751,33.3694,1.7657460676667074,4.393597,0.14492384
2014-10-27 09:00:00,20.692018731101484,22.58194,16.3544,31.65231967473712,42.642994,26.756275,1.097802967522953,2.3320637,0.11366811
2014-10-28 09:00:00,21.927611948568654,24.00064,19.279938,22.97562772270332,31.880268,18.979326,1.3204290580020173,2.2115662,0.41332403
2014-10-29 09:00:00,23.965754954183467,26.464264,21.464264,14.669668745669487,16.948011,13.2101555,1.3403616102716471,2.275799,0.47382435
2014-10-30 09:00:00,26.047149334594735,28.110504,24.059723,14.59316307116906,16.708637,11.642129,0.9913116829261336,2.063617,0.10286753
2014-10-31 09:00:00,22.51717488735551,24.411285,21.00113,24.631998326684222,29.630594,15.969032,1.669829934025494,2.477128,0.94802815
2014-11-01 09:00:00,17.218993798635267,20.020905,14.612701,70.65047165815028,81.542534,55.618023,3.4877910197507447,6.4322734,2.1674058
2014-11-02 09:00:00,13.274796553885608,17.818024,9.556305,55.187988301350785,69.5236,39.601723,1.5380840271887313,3.9427576,0.40162054
2014-11-03 09:00:00,15.711167354430188,19.567535,11.184723,28.233707613275648,38.596653,16.967747,1.5016273297740983,2.405562,0.6800926
2014-11-04 09:00:00,17.724172719344153,22.855865,13.729645,15.963791607054329,20.869942,10.204406,2.3198915465948446,3.2284105,1.2569032
2014-11-05 09:00:00,20.991637515877926,25.404938,17.670563,7.908166424258979,14.36438,4.0909424,2.2802427609116194,3.2329972,1.1554472
2014-11-06 09:00:00,24.226860423451058,30.398346,19.98819,14.658047396718525,19.510153,7.452464,2.057281672892841,2.9338694,1.0734303
2014-11-07 09:00:00,25.691748290156113,29.925201,22.43106,15.623247274145621,20.456924,10.663576,1.4053707493680399,2.1718278,0.6491435
2014-11-08 09:00:00,24.92900575406202,28.387848,21.005035,13.413109460201198,16.58023,10.744294,1.4338348643783603,2.2924645,0.61074585
2014-11-09 09:00:00,25.657118459938488,28.886627,22.35147,14.869092967463978,20.009777,11.604196,0.9386126380541916,1.7404766,0.47934112
2014-11-10 09:00:00,23.344803566199857,25.169586,20.745758,14.639934180054938,18.30796,10.905616,1.9790435305743137,3.900465,1.106906
2014-11-11 09:00:00,19.796928541911143,23.620361,18.395752,42.397726927695956,55.944565,29.60733,2.5482123800215413,5.560036,1.3971568
2014-11-12 09:00:00,16.434616960368885,18.829742,14.103485,59.57180783701303,78.09808,44.952724,2.3636348531922184,4.8041506,1.4071283
2014-11-13 09:00:00,17.542780896668035,20.164337,15.211212,53.29991166042175,82.589615,35.405354,2.122232256250824,4.8167334,0.92057747
2014-11-14 09:00:00,17.49154087243562,19.4086,15.270691,58.086221013445964,86.524506,37.391697,2.199650243144178,5.8432345,0.66062963
2014-11-15 09:00:00,17.95769213334262,20.004974,15.026459,33.17019710575396,73.42404,18.169262,2.2522440780002406,5.384789,0.23909709
2014-11-16 09:00:00,17.052721706956902,20.425018,13.350861,16.150821044574613,19.272984,8.171421,1.3591249966169177,2.3419337,0.10113233
2014-11-17 09:00:00,15.547920745420868,22.066345,11.573608,7.201037694784487,8.941457,5.1563005,3.0471739316359017,4.5404053,1.4737304
2014-11-18 09:00:00,16.960244442207,23.513092,12.547516,9.792810542993575,12.089752,7.1913147,2.710833848408214,3.895913,0.96544266
2014-11-19 09:00:00,18.177497468627053,22.873444,14.025787,12.168203188726043,14.2512245,10.238653,0.8354704180134132,1.6987082,0.07177752
2014-11-20 09:00:00,17.83672583553158,20.729889,15.493561,26.394391718404087,33.142418,17.763512,1.1234201660504153,2.2210507,0.41152287
2014-11-21 09:00:00,15.26351150302338,18.877838,12.24588,50.86515049990014,57.083546,41.589523,1.3205725475602228,3.1253273,0.14528489
2014-11-22 09:00:00,16.79647518004265,21.021515,14.205963,32.815247897056615,42.308765,26.23064,1.3082444801640631,2.7826476,0.21160996
2014-11-23 09:00:00,17.96024631887269,20.704498,13.845123,25.3589299840831,66.901184,5.608219,1.6356077234975372,3.1289728,0.36950815
2014-11-24 09:00:00,17.862213132468128,24.50943,13.306305,7.292922478981904,20.351213,1.859026,2.473530900871483,3.3075874,1.1812048
2014-11-25 09:00:00,18.45757745368536,25.378815,14.003815,8.489077074561054,13.844495,5.688245,2.0202351096683895,2.657312,1.3200268
2014-11-26 09:00:00,20.577493353655086,25.142487,16.966705,12.167708718129614,13.930588,10.162877,1.457874788965477,2.2934966,0.67219055
2014-11-27 09:00:00,22.521106191350952,27.42276,19.368073,7.551390884439213,9.775849,5.861787,1.6306196394422137,2.3837264,0.7283086
2014-11-28 09:00:00,22.519617128784034,28.017761,19.107605,7.666794190702185,10.853638,5.845231,0.5802108310601836,0.87566763,0.25096756
2014-11-29 09:00:00,22.16037369606329,24.180695,19.82132,11.283858452113778,14.494037,8.568255,1.5136125901960744,3.2626815,0.4634702
2014-11-30 09:00:00,18.88388108305469,21.170197,16.32254,15.758337655150523,28.312984,9.275344,2.6864380886119306,4.3450437,1.4192221
2014-12-01 09:00:00,14.88205269144163,18.813507,12.265717,60.07980534149793,72.30672,51.01947,1.116971477495064,2.4730482,0.36857945
2014-12-02 09:00:00,15.78079755009918,20.261078,12.438812,45.22202008820822,57.660686,34.223186,1.7736373405145804,2.4263618,1.302761
2014-12-03 09:00:00,13.806794133593598,18.355469,10.644531,90.58141408129475,96.704735,81.9977,1.7863845223477337,3.2192862,0.6802664
2014-12-04 09:00:00,15.243425706123105,19.227386,12.600433,55.849638257650604,73.308525,41.796555,1.1286180507079198,2.2377613,0.32783535
2014-12-05 09:00:00,15.65666513602622,19.224945,12.904633,67.00192310881516,75.74811,59.143852,0.3675858138719972,0.613033,0.19544908
2014-12-06 09:00:00,14.800993373813753,19.120575,11.610809,57.16058611068242,66.77946,45.3068,0.7102568462093377,1.4606564,0.05968806
2014-12-07 09:00:00,17.2158974444921,20.689606,14.129059,45.595757942706356,62.527927,30.508549,1.5679053433962724,2.1635244,0.90999687
2014-12-08 09:00:00,16.710998923371733,21.436005,13.453583,38.08835651355311,49.662064,28.381676,1.5230063556288793,2.0289142,0.28027573
2014-12-09 09:00:00,17.948733420837243,22.457764,14.703857,25.792570815764627,39.620052,16.596615,1.3465127919825304,1.9563531,0.40426385
2014-12-10 09:00:00,18.240813899181376,21.711578,15.422516,25.326468670352195,32.52637,18.25681,1.2377554696173154,2.0322828,0.23962165
2014-12-11 09:00:00,16.321240699753446,19.143219,14.205719,30.756223027392394,36.63545,26.1361,1.2296277017595247,2.4629378,0.5377294
2014-12-12 09:00:00,14.828057155750571,18.506989,11.196442,67.27767791417394,89.52413,25.574915,3.955611768701233,5.2130694,2.204728
2014-12-13 09:00:00,11.303370036620834,16.385162,8.066803,52.51532479797265,74.458885,35.152946,1.559719409542341,4.1514883,0.086106576
2014-12-14 09:00:00,12.156456328581669,16.992096,7.4586487,35.11613134668387,47.504353,17.316624,0.9327535791774252,1.503732,0.24300079
2014-12-15 09:00:00,12.036604376045887,16.781403,9.173981,45.75363746858475,57.578663,23.964624,1.3844211286677215,2.0192673,0.5755388
2014-12-16 09:00:00,12.066690585129322,16.772125,8.684235,60.10971664367153,69.86872,50.200752,1.266332437456498,2.5800648,0.55266607
2014-12-17 09:00:00,10.789464866120511,15.117584,7.3993225,74.04838428271954,88.29423,53.579384,1.2061309854730096,2.166169,0.6591478
2014-12-18 09:00:00,10.991736270219917,16.45346,7.5472107,58.65850850190672,74.39558,52.729214,0.7783830411170954,1.5918189,0.26638886
2014-12-19 09:00:00,12.10332835311118,16.378113,8.624207,52.9320556772855,59.78382,47.583874,1.0369196528610831,1.6738126,0.57730067
2014-12-20 09:00:00,13.074091278224842,16.92575,10.330048,45.85091051097626,51.700237,34.113083,0.6540436025847731,1.4032917,0.16422433
2014-12-21 09:00:00,13.452342171334294,17.115082,10.661957,44.60691485391813,72.810104,28.396145,1.270371939116146,3.269744,0.32152337
2014-12-22 09:00:00,15.917113455117942,18.853516,13.04068,21.46188964465566,33.89048,12.76878,1.808413313385955,3.746955,0.42165193
2014-12-23 09:00:00,18.462859862953508,21.430267,15.569489,17.512270890591637,28.886997,9.476961,1.6596158089219024,2.5255778,0.19280536
2014-12-24 09:00:00,19.36884040004793,24.88443,15.581696,27.13168759956787,33.49354,16.749037,1.2910725205696627,1.7681812,0.38436282
2014-12-25 09:00:00,16.69042823747634,19.869293,13.843903,42.79619751540935,56.65918,19.73034,1.8718484556539638,4.08759,0.37306926
2014-12-26 09:00:00,10.900918042929504,17.486908,5.172821,22.403192911624757,34.764763,10.334245,2.268617505714892,3.6703112,0.456296
2014-12-27 09:00:00,9.978723336748942,16.309174,5.4947205,21.319124328702653,30.05904,11.805135,2.3351665080660746,3.8732722,1.1783673
2014-12-28 09:00:00,10.3256176038131,15.726959,6.2816467,15.505262912567758,23.033878,8.998722,1.5697004088098325,2.4050906,0.7389847
2014-12-29 09:00:00,11.94988511010223,14.882599,8.833771,15.403654144367119,28.866863,4.85905,0.8513247264929874,2.6226075,0.41066918
2014-12-30 09:00:00,13.228790769832642,15.341827,10.767609,21.719976012666596,33.99891,6.545785,1.1216384983159973,2.2956994,0.40892315
2014-12-31 09:00:00,5.895796101151461,13.057434,1.4734497,24.798879987834297,30.565197,19.289232,4.225369363145368,6.8457866,2.1595476
2015-01-01 09:00:00,7.252112259884882,13.4149475,2.8075256,17.87914339929077,23.660122,13.644497,1.2959554730060052,1.9222441,0.3523266
2015-01-02 09:00:00,9.428835233159703,13.533417,5.383026,14.309733236749265,17.750648,11.292256,0.8952908922732855,1.436657,0.05742625
2015-01-03 09:00:00,10.812561993136626,14.055939,7.5813293,20.298998695649466,29.795456,15.008146,0.6404823879875509,1.14888,0.2397734
2015-01-04 09:00:00,12.973724143262928,15.036163,10.868195,15.915927415599624,18.62308,12.151673,0.766482797177855,1.1558542,0.2151091
2015-01-05 09:00:00,15.700922700205751,18.888763,12.4774475,16.248295987166934,21.055182,9.2622795,2.1231144624431644,2.8301673,1.3249135
2015-01-06 09:00:00,18.78441411969078,24.648285,14.980194,17.319223165231318,22.099546,12.37886,2.5250572390925172,3.1243176,1.6160846
2015-01-07 09:00:00,20.97929045450138,25.709503,17.184113,18.639250736269904,25.302303,11.0886,2.1471736516826727,2.9794538,0.2106652
2015-01-08 09:00:00,20.59751275575951,24.64035,17.556366,28.27524246052521,32.290836,18.556461,1.0729441816380447,1.6989533,0.6423518
2015-01-09 09:00:00,17.744544907016063,19.572113,16.019379,35.13962179426183,40.27911,25.112724,0.4226333231213669,0.7799779,0.10857238
2015-01-10 09:00:00,17.28145219033695,19.097504,14.878754,42.2791186919122,47.310272,33.593678,0.8790793266928906,1.6309274,0.3440047
2015-01-11 09:00:00,12.46232642086943,16.67984,8.224945,64.51466968138118,88.976555,47.144524,0.9925624698391811,2.504907,0.26346824
2015-01-12 09:00:00,12.28193481262366,17.152008,8.784882,67.44203454912014,82.28337,53.431805,1.017629923968991,1.8799161,0.07819526
2015-01-13 09:00:00,14.53799115502784,17.233215,10.741028,39.19179247238448,56.418056,26.858046,1.2053079179707766,2.0783389,0.26037964
2015-01-14 09:00:00,14.718920285182946,20.241669,10.431122,34.47379928483835,41.38899,22.591194,1.677218596391215,2.522336,0.49383426
2015-01-15 09:00:00,16.26019791603477,21.165833,12.0564575,20.56789412453004,29.44615,10.445908,1.8828760279192818,2.779482,1.015228
2015-01-16 09:00:00,16.271172551396887,22.26654,11.758728,14.760086102407804,24.498676,9.979145,1.7447950824538432,2.5968611,0.5731035
2015-01-17 09:00:00,18.20368007141684,22.520477,14.141571,19.394793213206313,26.500622,8.773359,1.6052699769017305,2.5466697,0.07641477
2015-01-18 09:00:00,18.99776500570607,23.76596,15.234711,19.706684886447462,23.961208,15.435972,1.1684804341196935,1.9417738,0.05882429
2015-01-19 09:00:00,19.308123582643134,22.343414,16.22818,13.888512825623105,21.41019,8.887421,1.1842604975789544,2.4284387,0.46978688
2015-01-20 09:00:00,18.534852745547994,21.310394,14.318207,17.345422174919317,25.713385,8.662604,1.151528954214394,2.196288,0.24398974
2015-01-21 09:00:00,14.629998858335512,17.225372,11.401154,23.04582755650296,32.783207,15.212971,1.4265594489268236,2.211183,0.35060713
2015-01-22 09:00:00,16.661699343070268,21.841034,12.671112,12.5825550964466,19.011473,5.9287376,2.2857969106296725,3.091265,0.70794857
2015-01-23 09:00:00,16.348206312742434,21.583588,12.062103,7.659107418358235,10.292004,5.9170036,1.884003303166222,2.8299432,0.3058787
2015-01-24 09:00:00,17.652232823118595,22.943268,13.537018,17.343481759511885,23.090233,11.170636,2.776642738596611,3.8841116,1.2918959
2015-01-25 09:00:00,19.57751411506962,25.888153,15.530365,16.20026140241192,20.72213,10.084142,3.0279157369937453,4.1677737,0.7221875
2015-01-26 09:00:00,20.772910615239425,25.09607,16.980835,24.019127114949352,28.525373,19.846924,2.451949824404387,3.788652,0.99890906
2015-01-27 09:00:00,15.199305891735435,18.218567,11.419739,55.286127844255255,72.14586,38.1732,1.313928483134165,2.1079705,0.61708343
2015-01-28 09:00:00,16.147614861857562,20.397858,12.13028,49.217720763643044,73.227356,17.45084,1.2763865232266967,1.9906377,0.7783357
2015-01-29 09:00:00,16.61141985834206,21.395905,12.720123,36.97147875742519,53.377693,17.420662,2.3395494989962935,3.41562,1.2173575
2015-01-30 09:00:00,17.43947497219449,20.927887,14.05484,46.31600738245077,50.085094,41.510876,1.185674712488474,1.9758207,0.28729644
2015-01-31 09:00:00,15.27058608041716,19.236053,11.761444,54.5360417895827,70.32446,46.18938,1.2406902387670817,2.1288033,0.4062963
2015-02-01 09:00:00,17.242523609329055,22.214813,13.099579,22.899550504414606,29.42017,17.26392,1.714553288511543,2.732334,0.34640646
2015-02-02 09:00:00,19.68120981614379,23.395447,16.721619,11.426402613787065,18.214245,8.454263,1.0383621427928043,1.6734952,0.1229579
2015-02-03 09:00:00,21.156529101425576,23.71408,19.200409,13.90538302745924,19.161613,9.197505,1.052962961998602,2.3264713,0.3398936
2015-02-04 09:00:00,20.760541577200854,23.25412,18.017792,10.30114565241971,13.636598,7.6522226,0.8802149736092081,1.9864781,0.10445684
2015-02-05 09:00:00,22.017661667272762,24.450867,18.091492,12.358778567437955,14.696923,10.556298,0.6392548255958563,1.3097855,0.13528134
2015-02-06 09:00:00,21.832358588620366,23.183563,18.960907,12.102201792230453,17.203398,10.05206,1.3179543139567311,2.30275,0.21991794
2015-02-07 09:00:00,19.722077050003236,22.042023,16.868195,14.996118092391912,19.92744,9.497753,2.044671005523666,5.4408803,0.21653298
2015-02-08 09:00:00,17.050747127035493,19.640442,14.5095825,37.24504775222258,45.96923,31.876095,1.2751089214324307,3.162355,0.13297857
2015-02-09 09:00:00,21.337303516366433,24.052155,18.22403,42.5134580523305,60.044693,25.081985,1.7363982974440315,3.5848465,0.5614665
2015-02-10 09:00:00,19.512025556502977,22.291351,14.596039,20.296996072811073,42.29305,9.700494,1.5656249620864955,3.0234747,0.030917276
2015-02-11 09:00:00,21.067815389697216,25.837555,16.767242,13.128603744281921,16.926361,9.315216,2.8348459517884694,4.499759,0.6511035
2015-02-12 09:00:00,22.439541986690813,29.528961,17.968414,13.245493985008341,17.736692,7.6472044,3.461069282860144,5.2525296,1.8141601
2015-02-13 09:00:00,23.548186132452884,29.255646,19.642365,15.09542853994145,18.143116,11.26355,2.3663984733319423,3.424596,0.8751875
2015-02-14 09:00:00,24.992516268493887,28.761078,21.913422,14.011311673992344,15.51229,13.04354,1.1526992445289876,2.1280606,0.09553828
2015-02-15 09:00:00,24.68075207320618,27.644958,22.332458,16.556888926066687,19.019627,14.375094,0.7371261900960803,1.5330054,0.15680873
2015-02-16 09:00:00,23.437573601435133,26.15976,20.757416,13.184751820661651,18.563103,9.4900875,0.7546425598022349,1.8108637,0.116889775
2015-02-17 09:00:00,21.376263759981555,25.201385,17.871307,14.039823947394517,19.097332,10.898743,0.9796631666998054,1.6896458,0.5450569
2015-02-18 09:00:00,20.910767797313724,22.251617,18.349274,14.41889814288979,19.230461,7.567418,0.8529498075339067,1.960715,0.09765386
2015-02-19 09:00:00,21.592312342387913,22.499176,18.883942,13.007404847869607,18.61187,7.318902,0.6242302568753441,1.6480042,0.30822
2015-02-20 09:00:00,21.70963035540086,24.96103,17.80478,15.456694689714046,23.358986,7.280861,1.1723345329280335,2.1532362,0.44201422
2015-02-21 09:00:00,20.186448105914735,22.691376,17.33786,27.0722759138546,34.431786,19.603662,1.3712984258252676,2.3023462,0.6874982
2015-02-22 09:00:00,17.497898762856494,21.075623,15.421326,58.74522765082154,86.87402,23.076733,3.389849208681511,6.3537545,1.7834522
2015-02-23 09:00:00,10.925238283429621,15.815521,7.5870056,79.99792369604947,86.19682,68.97417,0.692531306613757,1.7377398,0.16872326
2015-02-24 09:00:00,12.003315328532608,17.240112,8.193237,23.290509604796693,38.884247,18.12157,1.7825815391934006,2.7552066,1.0719362
2015-02-25 09:00:00,16.339990916219563,21.778534,12.2092285,15.402986995279905,21.405548,11.038362,1.2800476187908727,2.4557304,0.22644095
2015-02-26 09:00:00,19.177562265758695,20.519623,16.339935,17.80269416929406,24.112228,11.080978,1.3497450602356944,3.0401719,0.25204772
2015-02-27 09:00:00,18.07148662890694,20.348175,14.754425,34.04377528054197,45.32616,27.870472,2.0338723057370367,3.6505263,0.5911853
2015-02-28 09:00:00,14.618635879687474,16.924957,11.23941,59.36269454888641,79.601234,30.334753,3.1966533226785185,5.8341465,1.9741884
2015-03-01 09:00:00,11.516444066069425,16.526031,8.145172,66.18016213283298,78.81042,54.81823,1.4960153218074104,1.7478877,1.1068164
2015-03-02 09:00:00,10.964787091499545,14.81778,7.1771545,69.87895773688042,81.74894,57.69816,0.8930137562021976,2.2599623,0.3694361
2015-03-03 09:00:00,10.953293865321768,14.759613,7.7365417,60.1882816923821,69.46736,48.900955,0.8169972120839913,1.9051584,0.106752515
2015-03-04 09:00:00,14.376552353021339,17.77591,10.58139,35.47405286391907,40.23518,30.492992,1.3167544831178297,2.30058,0.26267302
2015-03-05 09:00:00,16.82585176406525,21.140839,13.072479,12.973776330091708,15.865623,9.306725,2.278249665297492,3.700931,0.60059965
2015-03-06 09:00:00,19.697741642445465,23.802032,16.188751,8.128829953977991,13.947893,3.66055,2.4074946839564815,3.580983,1.2190614
2015-03-07 09:00:00,23.090792590764238,28.493805,19.001617,11.733027137306866,15.841851,8.555649,2.2529322463515764,3.3301568,0.65907156
2015-03-08 09:00:00,24.738177481855132,28.49942,21.501373,9.474886794857284,11.587135,8.021833,0.9924313792055518,1.750542,0.1594198
2015-03-09 09:00:00,22.855315656126947,24.883026,20.537323,10.923786019754758,15.168019,2.8796606,0.8848187389111576,2.1111422,0.23246674
2015-03-10 09:00:00,22.543146225411647,25.102356,19.457825,11.235459808365082,13.05193,8.891774,1.2867860683823278,2.0452542,0.519298
2015-03-11 09:00:00,23.27452842521069,25.082672,20.797516,12.69183680237904,16.046467,10.023773,1.1725733348885474,2.207244,0.40499288
2015-03-12 09:00:00,19.811972418610424,25.154938,16.123688,34.82228765766511,48.607845,23.354109,1.6301950264102811,2.3700821,1.0581638
2015-03-13 09:00:00,24.736837761287006,30.869476,20.50235,24.31238248679571,29.044422,21.653965,3.377715701576274,5.4874706,1.9757788
2015-03-14 09:00:00,25.472705975746806,31.273987,21.678284,18.796847242003306,21.163586,16.504847,2.401095023111723,3.7164023,0.95813775
2015-03-15 09:00:00,27.50791315779793,32.52823,24.487213,19.870348429039883,21.61985,18.04855,1.037788863795516,2.1396942,0.25821277
2015-03-16 09:00:00,26.735257101771538,31.172028,23.660309,17.96427025166462,19.966686,14.446283,0.44232790188667953,1.0136602,0.039628018
2015-03-17 09:00:00,25.41995929806643,28.595367,22.710602,17.688871220659244,22.025618,14.662336,1.3810145696627187,2.165777,0.40356365
2015-03-18 09:00:00,21.7494386022924,24.004303,17.547272,27.83071218976152,44.591473,20.630535,1.9103946812349542,3.5292623,0.79964685
2015-03-19 09:00:00,19.720237037986408,21.385681,17.163025,35.58276017169191,44.385212,28.256306,1.1119045107439771,2.005133,0.36087543
2015-03-20 09:00:00,23.288303964586248,25.419098,20.585114,12.981669447217282,18.27182,10.30786,1.1191987589947088,1.9032433,0.15488781
2015-03-21 09:00:00,24.294973440302613,26.28775,21.338531,14.09320797307349,20.21611,8.821414,1.749548667927784,2.9540763,0.98039097
2015-03-22 09:00:00,21.779515112035256,24.789886,19.315277,20.162262265850817,30.888947,3.619416,2.387564549213622,4.9065557,1.1557866
2015-03-23 09:00:00,19.467372394093445,22.449738,17.590363,36.52020184941021,61.012024,9.980776,2.0270737012741566,5.132785,0.66576713
2015-03-24 09:00:00,19.63935718923767,21.519684,15.990387,33.744560521046594,51.609238,24.800558,2.5247372955421215,5.161371,0.8603284
2015-03-25 09:00:00,20.712687791430994,24.756256,16.709381,32.629407009174685,43.50618,24.490185,1.9598437263196204,3.4730837,0.24400274
2015-03-26 09:00:00,24.50477743428928,29.492828,20.850983,17.395181103213496,21.464956,14.490297,2.2703778068064127,3.5398893,0.35188854
2015-03-27 09:00:00,28.206606999670328,31.787506,25.193756,15.715564614593776,17.747395,14.147643,0.8914812106310576,1.6445602,0.39780584
2015-03-28 09:00:00,26.73254507771236,29.25943,24.407867,13.165289029835979,17.050646,8.640135,1.5503136166323572,2.5926542,0.59406465
2015-03-29 09:00:00,25.56740069031673,28.788239,22.292145,10.591327115170097,21.202133,6.027426,1.0980356873488073,2.09622,0.6862307
2015-03-30 09:00:00,26.188610066586875,28.748444,21.803131,10.36631195047278,14.338655,4.7488117,0.951269479379556,2.1705012,0.59584737
2015-03-31 09:00:00,25.33760971536583,28.429596,20.691315,12.274139311821209,16.260046,6.150671,1.958600805815044,3.1909251,1.0970386
2015-04-01 09:00:00,21.874431147300925,24.121979,18.643463,15.41905020589998,24.19582,7.9945145,2.3202325800338475,5.291164,0.19533743
2015-04-02 09:00:00,21.93834843187676,24.670074,20.027496,19.128669376803924,28.84898,12.575803,1.4139698955963897,3.2064369,0.20323586
2015-04-03 09:00:00,21.405291248730123,27.1044,17.239166,11.845755752308007,15.104466,9.280204,2.370996727630062,4.4931035,0.38119993
2015-04-04 09:00:00,23.159074601425743,27.597809,19.607574,8.333376822767264,9.602937,7.03993,0.6660994769313104,1.4987851,0.11659322
2015-04-05 09:00:00,22.94999748951716,25.949188,20.3945,13.082991685792846,17.50277,9.760582,2.4856864460482644,4.5696425,1.5528165
2015-04-06 09:00:00,18.122788318454184,20.417877,15.787018,41.279405241630585,57.156364,11.722769,2.9723022183135437,5.006253,1.5050068
2015-04-07 09:00:00,14.881050450273847,17.325592,12.350983,40.12272197240493,60.10388,29.434889,3.305148795544595,6.418208,1.9497287
2015-04-08 09:00:00,12.75111988397964,17.193024,8.630524,46.74624098280662,61.36193,23.53533,2.196166190079503,5.589783,0.62147784
2015-04-09 09:00:00,17.098639122344423,20.42862,13.856354,22.218218417305113,30.961042,16.730574,1.34198871246654,2.37719,0.44541392
2015-04-10 09:00:00,20.172111110008416,22.434479,17.961823,22.3637356871418,32.459564,12.529878,1.2185604579409473,1.6859993,0.57929665
2015-04-11 09:00:00,19.845151416226884,22.057037,17.988678,26.1770795629286,33.974815,6.9154167,1.4472133891533667,2.5330765,0.6765335
2015-04-12 09:00:00,21.722042375449348,23.573883,19.714508,21.03679226532643,23.910686,17.936544,1.4003064829458227,2.5876634,0.14070153
2015-04-13 09:00:00,24.347299752427887,26.577057,20.73526,17.65791736220342,23.359705,13.796338,1.269919522111968,2.2400355,0.6707939
2015-04-14 09:00:00,23.24147909910687,26.38443,19.710602,22.185837809742274,26.51646,18.645367,2.364535071603257,5.364884,0.6975501
2015-04-15 09:00:00,20.62530147471307,24.038483,15.209137,11.223401207176627,13.460428,6.858185,1.8399714858011842,3.243388,0.1570681
2015-04-16 09:00:00,21.165884046626445,25.892975,17.394928,9.447299348210718,10.800738,8.78902,2.307525542883348,4.2285557,0.1421333
2015-04-17 09:00:00,22.6970173947243,26.116364,19.71988,10.800342670347936,12.331017,8.89975,0.8178043527754162,1.9100912,0.16009179
2015-04-18 09:00:00,24.3274618112456,26.398102,22.62857,14.149376191739885,16.363403,10.070435,1.533241436967217,2.6035259,1.052289
2015-04-19 09:00:00,24.619089182897767,27.491852,21.241852,15.690829002377917,19.981682,10.984793,1.6990083879173108,2.6881142,0.79680103
2015-04-20 09:00:00,24.02162103007521,27.108551,19.542145,13.890854629675099,23.053928,10.706674,2.086557603938575,3.263915,1.1200904
2015-04-21 09:00:00,21.73217406930428,26.647125,17.617828,25.373212148125372,39.58928,17.54631,2.6825589203866267,5.203649,1.6163216
2015-04-22 09:00:00,16.56476592780973,18.678131,13.937897,70.57138835874858,82.185486,55.636585,2.095991170903004,3.6420565,1.1250917
2015-04-23 09:00:00,16.72699007555798,18.917145,14.572174,67.00914563616983,79.38471,52.159676,2.0788014754286537,3.6643832,1.173885
2015-04-24 09:00:00,16.04699620839864,18.828278,12.605621,77.30073964550431,90.84675,53.719406,3.2305678302195373,6.529928,1.8814002
2015-04-25 09:00:00,15.30467126716286,17.81314,12.047516,67.50924784779684,88.85074,52.460724,3.6902027154398978,8.269139,2.1620815
2015-04-26 09:00:00,16.75733968364443,21.100494,12.82901,48.59056544956652,59.083027,32.35256,2.6948470201949535,5.993273,0.9187665
2015-04-27 09:00:00,22.12142428325552,27.402252,18.908112,23.12847964936289,27.146198,20.239948,1.858637872622256,3.329801,0.3095804
2015-04-28 09:00:00,25.437211162987182,30.139313,21.65689,13.048110275328611,15.325313,11.703843,1.9335644322241277,3.2876432,0.5906368
2015-04-29 09:00:00,27.353922520788046,29.87027,25.071442,16.534872223179264,18.154129,14.216629,1.1802773295384992,2.7110648,0.78241366
2015-04-30 09:00:00,28.406777453407642,31.645416,25.496979,18.037592826231162,20.124954,16.253664,1.8192748349678247,2.9261165,0.93070644
2015-05-01 09:00:00,28.01233308152473,31.048492,24.989899,19.373095981715615,21.823107,17.410553,2.3721835857452427,3.6944695,1.1382346
2015-05-02 09:00:00,26.313899738770147,29.07901,23.51651,20.126179758865533,25.00824,15.975645,2.5405330313591348,4.1413107,1.2753174
2015-05-03 09:00:00,25.585745905170484,27.412506,21.78946,23.165247575973297,27.861591,18.121723,2.6802393868789096,4.6749825,1.6538308
2015-05-04 09:00:00,22.79449736065095,26.627838,18.276276,28.099189564419632,35.360104,23.080832,2.561931147059111,4.6494207,1.5161225
2015-05-05 09:00:00,20.488429046252122,24.405914,17.589508,43.96740060879284,59.11797,34.313282,3.0633913324228317,6.1414137,1.6205403
2015-05-06 09:00:00,18.244468881416708,23.033356,16.427887,57.12532085431654,72.592026,38.18578,3.1505998967043474,6.237138,1.734155
2015-05-07 09:00:00,17.027067381432687,20.9086,14.693756,68.3890135252052,97.89721,32.442116,3.861020191340297,7.2729473,2.2915237
2015-05-08 09:00:00,13.221293928792193,16.905182,9.270416,70.621175359452,80.386734,52.03747,2.9994841520397313,5.556753,1.6116246
2015-05-09 09:00:00,15.709343733640821,17.577301,13.309723,70.047881727555,93.9609,45.794044,2.0970741298109896,4.3516254,1.1730864
2015-05-10 09:00:00,21.050193312595866,22.370758,18.23404,23.796605808854203,33.183453,20.489275,1.1567080877844116,2.4904392,0.47509304
2015-05-11 09:00:00,23.91287530714726,26.90689,20.240875,18.47634140298488,24.056479,14.3689785,1.5742944973025121,2.4762135,1.0169152
2015-05-12 09:00:00,23.578547794707276,25.831696,21.04068,19.472864825406383,29.828623,15.2519245,2.744032358925683,5.1804934,1.5024089
2015-05-13 09:00:00,19.930274596419167,23.841705,18.17569,30.792400428423484,51.264782,17.85072,2.809698213927712,5.468978,1.7388594
2015-05-14 09:00:00,18.036227346448015,20.09195,16.183746,45.28785795175906,59.3882,33.406086,3.0481024808574735,5.545475,1.6173589
2015-05-15 09:00:00,12.011702427870375,15.395416,8.7118225,69.11124659776758,79.25227,60.247967,2.120874419201743,4.8701787,0.68406147
2015-05-16 09:00:00,16.725909388472758,18.813873,14.138092,53.77417282335115,61.40057,45.839153,2.087028240495524,4.5723233,0.57763654
2015-05-17 09:00:00,18.14974503416954,21.567291,16.051666,61.59749261546898,79.06096,41.88127,2.1385713145871463,4.0653424,1.3360714
2015-05-18 09:00:00,18.789424009767288,22.84488,17.153473,65.80550293445346,95.58159,41.577682,2.560237800061403,4.673447,1.5235666
2015-05-19 09:00:00,17.804600084455217,19.60611,15.538239,59.561442985701525,83.544235,44.454388,2.4027299938916196,5.140363,1.167227
2015-05-20 09:00:00,19.564567395642257,24.002106,17.636871,47.69253232698886,64.619446,32.439762,2.124262987366287,3.6742373,1.337665
2015-05-21 09:00:00,19.87086384074678,23.614899,18.183258,49.65536613105901,70.67868,35.17477,2.771448100922319,4.7163086,1.7023658
2015-05-22 09:00:00,16.31226385296651,19.51529,13.794586,64.34816250198887,81.01466,42.115456,2.9601664566537766,5.8424606,1.7128298
2015-05-23 09:00:00,17.515496628042683,19.621246,14.892731,74.57719045022594,90.92557,53.968502,2.5794006043767426,5.291913,1.445853
2015-05-24 09:00:00,18.672440599377865,21.690338,16.220367,71.46509160043541,87.11345,48.262695,2.4743643229033228,4.5884624,1.2198231
2015-05-25 09:00:00,20.60356894132724,25.256012,18.511871,57.551515207681746,76.888794,44.795864,2.1252332512411907,4.1620793,1.2371992
2015-05-26 09:00:00,21.399133995838895,26.240631,18.756256,55.30852318281758,67.544945,47.066113,2.3379435615053707,4.2073016,1.3530351
2015-05-27 09:00:00,22.000028136009234,27.072174,18.521393,39.20752672222172,47.96058,22.557718,1.993281949194897,3.7103763,1.0494887
2015-05-28 09:00:00,24.589885460245796,29.981354,19.182526,20.26712202038978,25.974443,13.326347,1.96432232088216,3.49807,0.9022136
2015-05-29 09:00:00,26.575098216177594,32.123688,19.854156,13.972512554672374,17.58163,7.194234,1.7205017421698903,2.697685,0.8941011
2015-05-30 09:00:00,27.92641077285009,33.85562,20.570465,11.093221267000487,17.02208,7.7252045,1.4990705005074954,2.473483,0.79304886
2015-05-31 09:00:00,29.04181392429615,34.832184,20.552887,11.385908447744477,15.327453,7.207593,2.1887113723077887,3.873542,1.0789407
2015-06-01 09:00:00,26.64278548455775,32.291656,19.129547,14.77991715805447,18.721626,9.940376,2.5371161711049277,5.3877225,1.1084318
2015-06-02 09:00:00,24.538246648551137,29.036774,19.933258,20.999391875868785,30.406307,10.860408,2.515306358496002,5.1617537,1.2412755
2015-06-03 09:00:00,24.077090553061964,29.121002,20.122955,34.7100675122172,50.99531,20.811718,2.858350357296966,5.7330203,1.5765632
2015-06-04 09:00:00,22.303734452838455,26.501617,19.962555,50.439276345811145,75.049164,23.588224,3.0332934305373644,6.1858945,1.6599905
2015-06-05 09:00:00,19.625578537666456,23.934723,18.229645,51.85102746888569,71.09351,38.925125,2.1741375417063145,4.155497,1.3751081
2015-06-06 09:00:00,21.65381250663893,25.778473,19.506989,47.92926574322261,65.5041,29.528496,2.3720493032919108,4.0077915,1.282136
2015-06-07 09:00:00,25.533799125398218,28.559235,20.226227,22.320128332487307,26.283895,17.986355,0.9173365510010544,2.6564422,0.24538724
2015-06-08 09:00:00,29.874333683825,32.21939,23.167633,14.053784575833564,17.623695,11.134987,1.7424794559961623,3.5670028,0.68223673
2015-06-09 09:00:00,32.91941922820803,36.486725,25.373444,21.50467713970827,35.797977,13.797977,1.3981496340097763,3.051788,0.5511636
2015-06-10 09:00:00,25.145318992831506,29.554108,21.908356,52.026893214301175,59.634293,34.497574,2.2414368183271156,4.6899705,1.1669385
2015-06-11 09:00:00,23.167963190036744,26.571686,21.129547,50.35397822747961,67.107216,39.823505,2.201807088686697,3.9863505,1.3715503
2015-06-12 09:00:00,26.15374752219617,31.391998,20.632233,40.26172878142807,48.183987,27.715183,1.275408113544191,2.1185515,0.6699249
2015-06-13 09:00:00,25.633773296586014,31.943024,20.26529,38.56464292232017,53.201492,30.386015,2.1695990595832213,4.2838645,0.9829591
2015-06-14 09:00:00,26.17734171852436,33.384674,21.060455,26.960889374564506,32.447586,22.143538,2.2192269213019173,4.84876,1.0079677
2015-06-15 09:00:00,28.99255417732985,35.487213,20.95987,16.073905869242743,20.256704,9.424516,2.040713249885363,4.2097216,0.86142653
2015-06-16 09:00:00,29.366837856163727,35.640778,22.190338,10.076019571327057,15.944872,5.585497,2.1282278685538745,4.6035614,0.89019585
2015-06-17 09:00:00,29.206164059213904,35.202057,22.235992,8.368641441522422,13.358708,4.814746,1.9631192709523229,4.010101,0.8820729
2015-06-18 09:00:00,29.780464534496446,35.641754,22.973785,9.049033713733518,14.244669,3.3618565,2.2776316928058984,5.0629764,0.92517805
2015-06-19 09:00:00,31.408503282914126,36.928375,23.145905,10.240988559056394,15.431937,5.8145533,2.3070274708652065,5.1393456,0.7577059
2015-06-20 09:00:00,32.56982862975576,37.88272,24.529205,6.694250444380811,8.898931,5.137212,2.063042644829948,4.1500998,0.64951086
2015-06-21 09:00:00,31.696531487542643,38.218414,23.85904,11.157097379336616,17.88697,5.7424393,2.518417069764467,4.958433,1.1762396
2015-06-22 09:00:00,29.722999893036956,35.208405,22.412506,11.859268811780026,18.15765,3.749076,2.167879589599935,4.2565393,0.99422896
2015-06-23 09:00:00,30.41977022220732,35.90909,23.424713,12.488969216098484,21.922749,3.4705343,2.0988411873551733,4.017894,1.1034257
2015-06-24 09:00:00,29.858546733805724,35.233307,24.637604,15.902510612243823,23.028433,12.514951,1.5443775588538535,2.5916467,0.9085395
2015-06-25 09:00:00,30.096782271131758,35.64151,23.686432,9.948061295393604,15.093376,4.980419,1.5842460962519178,2.5165586,1.0183374
2015-06-26 09:00:00,31.567872281629604,37.335114,23.70816,7.395960781186195,10.948656,2.4916248,1.8834061617772209,3.0985458,0.83333266
2015-06-27 09:00:00,31.30937318823692,35.57437,23.613434,9.871076580320635,17.616917,3.5348864,2.038805812817508,3.571291,0.83400786
2015-06-28 09:00:00,29.56452970651361,34.283844,22.553864,17.42245735898983,23.214052,9.070462,1.8796839050115,3.9593606,0.8045953
2015-06-29 09:00:00,30.982716738450165,32.715973,24.118317,29.677953706601663,34.28334,24.291151,1.315548805533274,3.1878026,0.44863427
2015-06-30 09:00:00,31.38731507952093,34.29825,24.403961,33.510610931271316,38.419506,28.474194,1.6690818709892918,3.0360615,0.95733213
2015-07-01 09:00:00,29.837928836031097,34.68863,23.229645,34.25127577342979,41.58046,26.310928,1.5063581543078237,3.9541306,0.22521222
2015-07-02 09:00:00,28.778869035118078,33.763092,24.407623,51.37414575003381,70.72099,37.299118,1.7980569798206247,3.0682259,1.1985064
2015-07-03 09:00:00,29.072058945817503,32.559235,23.695953,44.21911314527968,53.16249,34.260147,2.1205418396639812,3.7405167,1.1022549
2015-07-04 09:00:00,30.399373176760093,35.48404,23.179352,21.58108235537985,27.743187,17.469017,1.9627515526042918,3.1930795,1.10307
2015-07-05 09:00:00,29.042002961010496,34.815094,21.526031,19.97824397546565,26.504501,15.789269,2.3821837034973177,4.6540003,1.257558
2015-07-06 09:00:00,27.573717965459252,33.645416,21.426666,27.163025289703857,35.24496,22.392876,2.17619083694243,3.9997244,1.2647041
2015-07-07 09:00:00,27.427909131594674,33.23111,21.436188,28.67506134543588,34.630383,20.563976,1.9800377257906425,3.8319108,0.9881037
2015-07-08 09:00:00,27.214749023960223,33.4606,21.95279,26.924325684603982,33.660854,18.64523,2.4927488933773048,4.5410137,1.4497632
2015-07-09 09:00:00,24.260707566066117,28.940338,21.409088,66.00982155466633,81.36661,48.553375,3.1336033628386533,5.8946323,1.6531397
2015-07-10 09:00:00,22.30276115817287,25.778229,20.295807,65.90408756560858,81.701,50.637577,2.761888323011715,5.008844,1.2109132
2015-07-11 09:00:00,23.965440403971513,28.897858,22.236969,59.54872395290168,83.80346,46.57893,2.0217925460323176,3.5489378,0.9605722
2015-07-12 09:00:00,26.211348449625802,30.379303,22.775787,32.75138588949039,42.76886,16.30011,1.824104839417495,2.9425807,0.80404365
2015-07-13 09:00:00,28.922822099773725,33.167145,23.874176,19.723508057072785,31.39071,13.101894,1.927115589818987,3.336692,1.0334332
2015-07-14 09:00:00,29.165242657998817,33.690094,24.309235,23.73513244751007,29.547134,16.450708,2.2767985660127463,4.272163,1.2463498
2015-07-15 09:00:00,27.982111144811938,32.59781,22.761871,20.110691250589294,25.153984,15.814139,2.3827767258541703,4.5456734,1.3078672
2015-07-16 09:00:00,28.297499342986896,33.162018,23.2753,22.578212997018547,31.114103,15.688322,2.0480444253378756,3.811429,1.1528453
2015-07-17 09:00:00,29.17571992600557,34.610016,23.03189,13.997144817255482,18.186516,9.23339,1.8438282085926734,2.8272538,1.0641636
2015-07-18 09:00:00,30.417355190589547,34.420807,24.225006,17.474208426199635,29.174637,8.027083,2.1882300325151536,4.002955,0.93276244
2015-07-19 09:00:00,26.312381912520948,30.92984,23.263824,55.15888199897172,61.67899,49.339146,0.8231550645694682,1.1925461,0.44172254
2015-07-20 09:00:00,24.642008481656035,28.004303,22.021393,61.2800858091768,69.89401,52.362766,0.712440379400503,2.5552692,0.21048571
2015-07-21 09:00:00,26.620586873039088,28.564606,25.025543,71.45699428674394,85.38591,60.46005,1.178600340339135,2.1369083,0.5477852
2015-07-22 09:00:00,26.697488200753355,29.582184,25.295074,64.16833960285963,78.447495,48.828526,2.463456181935254,4.126767,1.4424989
2015-07-23 09:00:00,25.300951602796943,27.702545,23.39981,58.71740251333112,76.36678,52.007633,2.3305173573235263,4.652648,1.330434
2015-07-24 09:00:00,26.685272886256712,29.163483,25.108795,52.06781879221787,77.86951,28.78987,2.0059770510327066,3.9041624,1.1218807
2015-07-25 09:00:00,28.93538761474548,31.916656,25.879547,35.740361916442524,46.66246,23.509846,2.2036892963758064,4.471638,1.0763772
2015-07-26 09:00:00,29.747751132954534,33.39859,26.533356,31.110391924672122,40.615013,21.213768,2.3415874182293033,4.6313076,1.2222613
2015-07-27 09:00:00,27.76656546771852,32.630524,23.835602,27.681938719633628,38.5178,17.23618,2.5152569748773725,4.8638935,1.3004158
2015-07-28 09:00:00,28.297120883923185,33.53238,23.784332,18.22169384060501,26.004389,12.666641,1.0110559961211394,1.9914438,0.6590642
2015-07-29 09:00:00,31.131156323992002,35.850006,24.803131,8.311002954555034,12.52392,2.5070143,1.0069853726044682,2.2586863,0.42246935
2015-07-30 09:00:00,30.582263855898418,34.880524,24.755524,35.72252059916435,40.314453,27.447264,1.0647209402769906,2.1248186,0.4756726
2015-07-31 09:00:00,28.76270813897412,31.768463,24.752838,48.09241541593016,58.1417,39.460953,1.4854778439150123,2.4324706,0.9619326
2015-08-01 09:00:00,30.839347875674434,36.13272,25.18155,23.022470781156443,32.318058,14.7648945,1.7740879705239,3.069798,1.0585449
2015-08-02 09:00:00,31.01458433509862,35.926666,24.889557,18.876597389718068,22.027824,15.750097,1.76200095222692,2.722593,0.99138814
2015-08-03 09:00:00,30.808670541867798,35.288727,24.993805,13.182859004028892,16.94455,10.049319,1.905037434415439,3.3717828,1.0454428
2015-08-04 09:00:00,30.666633600777743,35.764557,25.118073,20.19843213964849,26.2715,12.509543,2.067350806419292,4.2032003,1.0601497
2015-08-05 09:00:00,31.07141791506399,34.741608,27.020905,25.75983606670786,30.024223,21.895317,1.9308168614055614,3.6891067,0.9074528
2015-08-06 09:00:00,32.007899248683145,35.940826,27.321686,15.626055840049636,18.99173,10.256484,1.8941022156903737,3.5363514,0.8887203
2015-08-07 09:00:00,28.784151153767255,32.733795,23.997467,24.112891970063874,35.775745,13.357624,2.2143873014352073,3.3962944,1.4754845
2015-08-08 09:00:00,27.268662371960204,31.51651,22.852448,21.84627294965062,29.433067,11.24375,2.1333323286029975,3.443725,1.218962
2015-08-09 09:00:00,28.017597472833586,32.777008,23.45279,14.257528014062926,28.50367,5.4987383,1.7118727011845638,2.725309,0.93926984
2015-08-10 09:00:00,28.72785483591622,33.973785,22.575348,15.793858140458147,21.590233,7.559228,1.9902831398210934,3.1989102,1.2477415
2015-08-11 09:00:00,28.371443044707007,33.390778,23.027496,13.999289316604507,19.347366,8.157055,1.7235119768093652,2.7522833,0.89441043
2015-08-12 09:00:00,29.154615306328424,33.611237,24.049713,8.149475746138465,13.144186,4.0926886,1.1390215837464903,2.5264256,0.54792887
2015-08-13 09:00:00,32.41983497907074,34.633698,27.143463,12.484119127671578,16.48274,8.279615,0.9943549248331496,2.7735946,0.23455693
2015-08-14 09:00:00,33.41079230469376,35.465485,29.211578,22.807456782715253,29.52528,17.591686,1.6749554510321027,3.126088,0.6437735
2015-08-15 09:00:00,34.44209824748776,37.12564,29.764313,16.61201864681849,22.628532,12.050063,1.3566092789758843,2.5788462,0.45295563
2015-08-16 09:00:00,35.67110053493536,38.42569,29.986237,14.245540629935073,16.84468,11.527753,1.6029694977721531,3.196305,0.509095
2015-08-17 09:00:00,35.598418556002,39.321198,28.782135,16.484006898898766,19.450352,14.606601,2.287357769380591,4.114573,1.167715
2015-08-18 09:00:00,30.631088549549304,36.263336,24.56607,21.834907334337974,29.752197,15.809812,2.6315913853301396,5.7075467,1.2544608
2015-08-19 09:00:00,30.32652848693715,36.683502,23.6503,22.930492182781645,31.96032,11.448602,2.3975406229733136,4.62745,1.2757065
2015-08-20 09:00:00,30.74352718812827,37.155914,23.054352,23.761054859101034,34.148716,15.215987,2.4028302299014457,4.636828,1.2471043
2015-08-21 09:00:00,30.242393047564292,36.69034,23.508698,28.003798449891317,40.41116,13.071611,2.5135709105246518,5.1185565,1.471497
2015-08-22 09:00:00,28.181680231271343,33.88443,23.025055,26.82292522281878,34.62388,12.558817,2.0855746679328986,4.0646977,1.0875195
2015-08-23 09:00:00,29.889239481003074,35.69278,23.75528,21.201623096378242,26.246675,12.475689,1.8165050312328863,3.428067,0.87686944
2015-08-24 09:00:00,31.286370501874785,36.388092,24.425201,16.763052409608356,22.101385,11.7484865,1.553063438807757,2.7913978,0.7869289
2015-08-25 09:00:00,32.36517642034539,37.326324,25.107574,13.056091299172268,19.352514,7.938452,1.5719016374426027,3.0346155,0.7934
2015-08-26 09:00:00,29.927015065959154,32.503082,25.981842,31.869778395389293,44.87608,24.004986,1.2315674987093852,2.9220245,0.22477838
2015-08-27 09:00:00,32.42535660445105,35.673737,27.648346,19.28368379357667,25.926495,15.737501,1.6482423613096449,2.9639864,0.6355065
2015-08-28 09:00:00,34.00247385259553,36.693268,28.54898,16.50395813284246,20.986652,12.364996,1.5375550556482578,2.8075678,0.80029
2015-08-29 09:00:00,34.719147595405616,37.891266,29.399078,20.832436969015557,23.816006,18.011318,1.7257091211657196,3.511991,0.76840746
2015-08-30 09:00:00,32.77700476860963,36.083893,28.542877,25.97996598559742,33.680576,19.125889,2.050536641228414,4.2332807,0.75333333
2015-08-31 09:00:00,29.782241078070058,33.048492,25.98404,20.260202450945222,28.56062,13.322337,1.8906309603110845,3.4746165,1.1194737
2015-09-01 09:00:00,28.33839060640031,33.358795,23.938873,18.529490119777392,26.033127,8.952136,1.943453410592943,3.0811727,1.2377412
2015-09-02 09:00:00,27.597908276352882,32.20694,23.685455,17.158684803131134,27.51455,7.4883966,2.2292557804541393,3.7125964,1.4369633
2015-09-03 09:00:00,26.586508696428723,31.058746,23.287262,12.899117697755491,21.18845,6.8345346,2.2240774333077087,4.2537093,1.3114547
2015-09-04 09:00:00,25.669106874617512,30.29654,22.343414,23.431580535534014,33.03524,8.664146,2.288027237743607,4.548795,1.3475586
2015-09-05 09:00:00,24.458521597480683,28.306793,22.838043,23.990991324542893,32.658745,13.932086,1.9118670867682224,3.980078,1.029605
2015-09-06 09:00:00,27.37710702750917,29.911285,24.629059,12.473632595659732,18.621983,5.286044,0.9556167432261929,1.9148486,0.27002418
2015-09-07 09:00:00,29.890896823546996,32.05069,27.79483,37.92452122795514,52.677925,23.005154,1.0694877755907477,2.060652,0.52378935
2015-09-08 09:00:00,31.866046576252756,33.62906,28.619781,36.2568075862005,44.901123,30.061281,0.7724199417956038,2.658908,0.20865767
2015-09-09 09:00:00,33.37795983390788,35.721344,29.772125,31.262817585181836,38.19322,23.197124,0.46930593432591816,1.9259546,0.018752117
2015-09-10 09:00:00,31.369793324946897,35.230377,29.184235,38.38535452238938,47.792595,27.593374,0.9404819799803518,1.8881984,0.37875554
2015-09-11 09:00:00,32.023748512345776,35.472565,28.901031,37.53036915997238,44.893066,29.924316,0.6042467264715138,1.830143,0.2166498
2015-09-12 09:00:00,31.5862597118184,36.718903,28.67398,39.62146836257993,50.836273,21.089752,1.3820443051492435,2.297111,0.46934888
2015-09-13 09:00:00,30.016460146986446,32.38321,27.512115,36.316491757732074,41.722374,26.116905,1.7651578043181626,3.4090497,0.7119548
2015-09-14 09:00:00,29.671722250844198,32.573395,27.342926,34.51543942020284,39.63743,28.317116,2.481545404015441,4.6453185,1.4299498
2015-09-15 09:00:00,24.10983745279924,26.513824,21.597809,69.95096296420643,85.01108,50.55014,2.1357072003358257,4.785404,0.98300743
2015-09-16 09:00:00,22.40851674396788,24.68399,20.094147,68.95984084867077,80.55609,53.456673,2.732019458613671,5.482436,1.3863337
2015-09-17 09:00:00,22.84829802614803,25.230621,21.025055,37.41771115763447,54.8205,24.562687,1.873703868606666,4.304914,0.66477746
2015-09-18 09:00:00,25.913555230994348,27.617828,22.715485,21.725371530493778,30.32154,12.900775,0.9683773213523821,1.864031,0.3109249
2015-09-19 09:00:00,29.7584129987074,31.576813,26.649567,16.251571153974485,18.791348,14.67056,1.4094026905724455,2.450261,0.47945294
2015-09-20 09:00:00,31.83509393914693,33.934967,28.651764,17.386242587479714,30.967346,14.741995,0.8926300601175233,1.6161664,0.19781217
2015-09-21 09:00:00,34.120394513726694,37.262604,30.727448,18.088322684664295,23.01066,14.26954,1.013006644766591,2.460118,0.123641804
2015-09-22 09:00:00,26.9253663610001,32.240143,24.947418,32.46917150765931,47.18701,21.120607,2.3607024593442087,4.9393063,1.2273344
2015-09-23 09:00:00,26.887711843731154,30.076324,24.636871,27.809788120533685,30.165249,17.993374,1.6599527152147693,3.2198033,0.7732329
2015-09-24 09:00:00,30.65209977740784,32.799225,26.02774,19.33463553091792,24.725168,9.630179,0.7806940758243441,2.148111,0.22815907
2015-09-25 09:00:00,32.66096142382986,35.267242,27.194977,21.988523680640462,25.335327,19.370483,0.7614046447965033,1.6900445,0.2906187
2015-09-26 09:00:00,32.04865841445098,34.671783,27.746002,26.075587611150823,29.435425,22.236206,1.0193395617035241,2.1711614,0.56929755
2015-09-27 09:00:00,31.003816616556378,33.973297,27.40689,25.374174887026026,29.04261,20.304329,1.435336690252617,2.4949768,0.7766028
2015-09-28 09:00:00,29.294556527565305,32.719635,26.465729,17.150190904709216,24.86918,12.862129,1.6519355418858745,3.5233207,0.6599015
2015-09-29 09:00:00,28.95986558449721,32.237946,26.300446,15.669367183040489,24.588316,8.205503,1.665967435665121,3.0328484,0.7794625
2015-09-30 09:00:00,29.49536931307466,32.863678,25.713287,17.37779743329207,21.060791,12.165704,1.4524378214792082,2.8217874,0.12500824
2015-10-01 09:00:00,30.11820532300942,32.168854,26.461823,23.306529940932187,26.881567,20.79563,1.811305363103923,3.9555848,0.8048535
2015-10-02 09:00:00,25.554813497777843,28.324127,22.60733,37.046554701717625,44.35053,29.86355,1.5806203816682967,3.901499,0.20492893
2015-10-03 09:00:00,25.383114492510856,27.650055,22.835114,28.04192146872007,32.16799,21.951412,1.0494091747427476,2.0225768,0.09176764
2015-10-04 09:00:00,24.380625586870167,27.464996,22.79898,41.84872329324481,60.07987,30.622837,3.0369776262024284,4.3917427,2.160791
2015-10-05 09:00:00,17.62156264947174,21.264069,14.178131,70.62021678762827,76.8152,61.475357,0.7697084185560922,1.3019948,0.22170557
2015-10-06 09:00:00,19.646645108434768,23.32486,16.617828,68.72527186043432,76.64542,57.062683,0.655639033222133,1.2817717,0.13888583
2015-10-07 09:00:00,23.25851493323387,26.322662,20.766022,46.80703858161295,51.908146,41.640915,1.0699514956320333,1.8532082,0.5177027
2015-10-08 09:00:00,26.85887463209167,31.069489,23.83902,29.27040235458251,33.837532,25.868275,1.2317233645298813,1.9189742,0.42683735
2015-10-09 09:00:00,30.015419233708087,34.47159,26.821198,25.12388340636249,27.672592,22.24709,1.6280373528320349,2.7171617,0.16833961
2015-10-10 09:00:00,32.331522231056056,36.849274,28.28482,23.466162488139936,26.545738,19.88152,1.4636515869042297,2.8003147,0.1681301
2015-10-11 09:00:00,31.401792053228064,34.977936,28.759186,28.416536883407503,32.778076,24.231201,0.42354228013450024,0.8652716,0.19739494
2015-10-12 09:00:00,30.92571046204148,34.615143,27.720123,25.26365009240071,29.083736,21.575714,0.7466325360025006,1.9687666,0.11544085
2015-10-13 09:00:00,31.139399557460138,33.63565,29.125885,28.61426812169585,38.09901,21.708385,0.4778208952495377,1.0245749,0.19789733
2015-10-14 09:00:00,29.147549411051045,31.17398,27.207184,46.105161398194326,54.657505,34.716686,0.9175004869168014,1.7408428,0.66524893
2015-10-15 09:00:00,26.35136912368347,29.305573,20.914948,60.343329158150325,75.01662,48.270523,0.7106311551631492,2.3380146,0.06471823
2015-10-16 09:00:00,22.477734644104657,25.301178,18.12149,72.25957525692773,82.66973,64.35723,1.1158646916652164,2.1388533,0.3601876
2015-10-17 09:00:00,22.041890711907058,25.448639,19.134186,72.80602569089571,80.179085,63.682987,1.2359403078396454,2.3033693,0.13445304
2015-10-18 09:00:00,23.86171222207645,26.213776,21.19815,70.52955593489958,76.31351,61.503025,1.4546330155019598,2.2554846,1.0907905
2015-10-19 09:00:00,21.266277648702953,24.066315,18.728424,59.56488799513959,80.65429,45.34267,1.7847841484598912,3.9689767,0.093201384
2015-10-20 09:00:00,20.61262718410302,23.871735,17.309235,49.6526051737591,57.284824,42.31839,1.1260188868442884,2.2904124,0.24742553
2015-10-21 09:00:00,22.55950490187405,26.673248,19.083405,33.926475871508664,41.4283,28.197706,1.9115813198406213,3.0339293,0.17589799
2015-10-22 09:00:00,23.397371857951896,28.032623,19.878326,27.236867097727703,32.645588,22.767033,0.6020076279398306,1.2272112,0.10815987
2015-10-23 09:00:00,22.462830062427827,24.956696,19.353912,29.309532821231514,34.3594,26.25784,0.4859816605024931,1.365614,0.08120278
2015-10-24 09:00:00,24.94974049344205,28.994537,21.71817,24.536482533950206,30.10609,17.004448,1.6611937727249881,2.66465,0.4855313
2015-10-25 09:00:00,26.31679786638051,30.66275,22.758453,25.04084646608319,26.753016,22.648834,1.124329522661105,1.9778274,0.2842007
2015-10-26 09:00:00,24.5820689526696,27.34488,21.64566,17.048375739755937,23.120022,13.027852,0.7068934703287458,1.1747763,0.18593645
2015-10-27 09:00:00,26.79874190366712,29.63272,24.427643,10.891382851309249,13.920428,8.025661,0.6226897875942652,1.2040533,0.14484034
2015-10-28 09:00:00,24.44001426202408,26.3461,21.869537,12.714340481431835,18.437225,7.8519917,1.3299870009363457,2.5659955,0.43540785
2015-10-29 09:00:00,21.60675130075748,26.485748,16.284576,42.27132017801976,49.199814,31.626366,2.68518386378677,4.8578234,0.8588478
2015-10-30 09:00:00,22.03812852888865,27.202301,18.536285,18.93040298748109,29.718594,10.19125,3.112408995142885,4.0150876,1.9897066
2015-10-31 09:00:00,24.417116845451233,28.84903,21.722076,12.872501902775332,20.019543,10.064463,1.686646503616475,2.741904,0.23496783
2015-11-01 09:00:00,26.622366155082545,28.631989,23.835114,13.588347356434308,15.978329,11.892391,1.3910604022267634,2.6728213,0.28469172
2015-11-02 09:00:00,25.731781908418895,27.652985,23.201813,15.78357587303084,21.307598,6.0771284,2.3038558455208262,4.7553215,1.1575156
2015-11-03 09:00:00,16.722280940631208,20.099518,12.224518,66.17244520759722,82.89377,44.20763,2.9742695358931264,5.3121924,1.6384635
2015-11-04 09:00:00,13.09740023640012,19.07315,7.7374573,48.813206426125454,56.778362,40.338657,1.93231560486039,3.4019184,0.65813833
2015-11-05 09:00:00,13.656487886415164,19.0607,9.216217,23.19201376996898,30.658566,16.22433,1.4762179162215205,2.1266694,0.3290595
2015-11-06 09:00:00,15.507651003757417,21.208405,11.401764,19.18555754668173,27.585363,14.237515,2.21944926807701,3.1773803,1.038574
2015-11-07 09:00:00,17.661435860533402,24.597565,13.372955,18.194143447970553,24.512058,11.249211,2.84708577468553,4.3860307,0.97837156
2015-11-08 09:00:00,18.86764666760473,25.308014,14.194733,17.996277222791303,19.665943,15.24195,1.3927260515841189,2.334805,0.33234763
2015-11-09 09:00:00,19.00157053717851,22.252838,16.452057,21.867099289687637,25.827028,17.862185,1.9869653723340803,3.4666307,1.2554097
2015-11-10 09:00:00,14.771002144103875,18.859528,11.480621,57.09074443410342,70.55055,34.695084,2.828793828476572,5.7942996,1.4107456
2015-11-11 09:00:00,13.755854237157166,18.934235,10.040436,11.140237978647175,25.63607,3.663415,1.8574118261920922,2.575058,0.5867965
2015-11-12 09:00:00,16.390440815297836,22.201813,12.060455,8.379506497127997,12.951422,3.5029564,2.3222162280228886,3.297176,1.3644779
2015-11-13 09:00:00,17.866721290560633,23.696686,14.118561,9.092089543230369,14.475994,5.085369,2.351480710848125,3.358604,0.6748824
2015-11-14 09:00:00,19.8966174162004,24.942535,15.80777,12.134045839233352,13.918551,10.441989,1.3640314525951527,2.3008504,0.28325647
2015-11-15 09:00:00,19.783683601658538,22.922516,17.082672,14.501081718082757,16.6643,12.522246,1.6594517725720905,2.582739,0.91287357
2015-11-16 09:00:00,12.519979039455393,17.723541,7.57901,61.51025818340158,76.69959,35.591465,4.264871654218685,7.9260445,2.0086448
2015-11-17 09:00:00,13.921779341725369,18.26529,10.409821,11.915022523465954,24.54869,2.0395164,2.5576422823084908,3.7973197,0.5461776
2015-11-18 09:00:00,17.265728212557235,21.47696,12.910065,15.064940451698051,23.82344,10.757034,1.4511155348208795,3.0971017,0.20844154
2015-11-19 09:00:00,19.578789723635794,24.446442,15.979401,12.644060509973455,17.496544,8.148887,1.5938362038602325,2.428198,0.3271544
2015-11-20 09:00:00,21.97751743385453,27.014557,17.177887,13.151149359120216,19.716112,8.891155,1.5188409043299749,2.3034575,0.5338561
2015-11-21 09:00:00,22.987442770873827,27.642517,18.906189,19.695490581332827,27.07238,13.4864435,2.87417252370084,4.5303884,0.3560849
2015-11-22 09:00:00,21.873302852576614,29.432526,17.194244,11.339137616038819,15.888322,9.084238,2.6834863567891465,3.3857229,1.584504
2015-11-23 09:00:00,21.891939476571224,28.421295,17.237701,11.62393540474352,15.157921,10.121887,1.0565468296452498,1.7631567,0.2588302
2015-11-24 09:00:00,20.652135435314676,23.136139,17.532623,20.59580367905342,23.962421,17.599144,2.309697194162464,5.2852845,0.8127684
2015-11-25 09:00:00,14.92686928164892,17.687225,12.679413,57.739695702836904,74.61187,33.0064,3.028201039676901,5.814975,1.4161868
2015-11-26 09:00:00,11.21109663963415,15.301453,7.463562,50.514867414570766,70.26947,39.066345,1.0116007505308167,2.6529245,0.15384443
2015-11-27 09:00:00,9.978953883525378,15.231842,6.5638733,37.81632320645552,54.996044,29.562283,2.448827988784659,4.8896475,0.7908109
2015-11-28 09:00:00,10.080797680943533,16.480377,5.6424866,35.57871745767098,52.05966,31.006618,2.1213019901658092,3.1734338,1.1367987
2015-11-29 09:00:00,10.460091607211154,17.430603,5.807556,27.936816743001916,40.441376,22.483788,2.1830407076476672,3.1117046,1.5697666
2015-11-30 09:00:00,11.840500191580645,17.858704,7.5481567,15.83747493566974,23.467024,10.916243,1.7491639174047628,2.5029454,1.1213719
2015-12-01 09:00:00,13.252453955814701,18.84549,9.529083,15.755700119505187,20.070889,9.906827,1.6040973650353865,2.3447545,0.6225704
2015-12-02 09:00:00,15.377780952129626,20.835052,11.551422,13.25357935705599,15.777754,10.725579,1.8151118383482976,2.611022,0.9772028
2015-12-03 09:00:00,17.47469119466041,23.314362,13.458893,11.65613555475433,13.8660345,8.944451,1.5822762114150453,2.1731505,0.8293633
2015-12-04 09:00:00,18.10223596254457,21.373932,15.598541,14.670660952115014,16.583488,12.915519,1.2331782723657427,2.7273822,0.21711017
2015-12-05 09:00:00,14.357419023597288,18.640045,10.747955,16.230733087689995,29.803452,3.7057943,1.7194828084738045,2.802827,0.4957539
2015-12-06 09:00:00,17.017800899079987,23.34317,12.677643,10.563000226675785,14.29658,7.0285616,1.988609827167407,2.61639,0.7941601
2015-12-07 09:00:00,18.324235711573465,23.29068,14.466461,8.687516122800863,12.094239,7.0083017,1.564058624258076,2.2904532,0.2624143
2015-12-08 09:00:00,18.934646510702237,24.41275,14.676422,22.020496025586446,32.14296,15.420829,1.6145918333110474,2.5620382,0.49356127
2015-12-09 09:00:00,20.59652089998707,25.23111,16.041656,19.09563713953188,23.477879,15.139315,1.050751998969313,2.3067029,0.29330328
2015-12-10 09:00:00,20.52115186358975,22.388336,17.050446,19.292671937232654,22.055943,16.250248,1.6067464133058424,4.0927076,0.12041984
2015-12-11 09:00:00,15.43540893969731,17.724762,13.599762,51.831589493979735,62.951233,39.218277,2.989999606022839,5.822441,1.6490058
2015-12-12 09:00:00,10.348346126224499,16.830719,4.940094,35.398041299296366,77.655,20.903965,3.1597739311372868,5.7953644,1.6424122
2015-12-13 09:00:00,13.673422497879358,19.464752,10.459625,35.33765719416705,52.573326,22.490332,1.447851765943252,2.80331,0.37178668
2015-12-14 09:00:00,12.664186937386887,17.555084,9.447662,50.874602729021724,67.03967,24.755243,3.2425275033562424,6.6643357,1.5747442
2015-12-15 09:00:00,7.9878879035634895,15.555328,4.2118225,27.94095081566052,38.594467,18.05519,2.3051387724157513,3.5856183,1.2191564
2015-12-16 09:00:00,9.28105240356274,15.559235,4.5104065,21.25779272669721,26.712296,12.981828,1.828543155909563,2.465406,1.1122102
2015-12-17 09:00:00,10.432086661398557,16.153961,6.0920715,24.046088110150812,34.26612,14.866685,1.1095687234303682,1.6793833,0.32579747
2015-12-18 09:00:00,12.897606855878735,17.799042,8.965057,26.696464623798924,30.960115,21.803865,1.6632852965996456,2.4406812,0.8132019
2015-12-19 09:00:00,14.449286701668314,20.525116,10.530975,24.620266289722245,25.883974,21.000662,0.7362907048231353,1.4898599,0.090612926
2015-12-20 09:00:00,11.353297652507877,16.175201,6.3939514,50.887748384636915,76.451965,27.908375,1.8454313831366538,4.4593387,0.24731213
2015-12-21 09:00:00,10.727048159274773,15.043121,8.122955,49.32998574759599,58.295856,28.20334,1.155269122779967,2.8244872,0.113598146
2015-12-22 09:00:00,13.321333220521012,17.04776,10.104401,83.78439435277957,91.63213,71.26005,3.1882370552706814,7.0932646,1.1237503
2015-12-23 09:00:00,13.94672105590422,17.220367,10.204742,59.953132337452786,83.900856,38.65936,2.5593780891553775,6.890275,0.056717213
2015-12-24 09:00:00,11.423105803396936,17.880768,5.1819763,27.041720298263254,39.525272,16.529179,2.2700620838835204,5.356823,0.48067355
2015-12-25 09:00:00,11.187645571279745,15.644836,7.8811646,31.894424635610992,47.343548,7.9124937,2.3122984914842113,5.7380037,0.6527986
2015-12-26 09:00:00,7.9004257833025235,15.105072,3.5015564,20.23615121308575,28.78463,12.186975,3.1036311651150132,4.8123064,2.0772312
2015-12-27 09:00:00,9.256476891287889,16.487701,4.6752014,10.563757768787704,13.549022,7.6280813,2.949510558339459,5.126543,1.4563321
2015-12-28 09:00:00,9.733647970602021,15.31839,6.0273743,14.501238130503355,17.63432,5.8296328,0.6353531017211318,1.1486058,0.1710354
2015-12-29 09:00:00,7.7491147268370355,13.033813,4.188507,43.36328372708427,54.37266,35.34141,1.776001919935133,2.519719,1.0755193
2015-12-30 09:00:00,10.436821403279907,14.806549,6.6073303,37.193853966127094,47.151356,29.518543,0.85483954477566,1.4067043,0.30469337
2015-12-31 09:00:00,11.702309566110841,15.869995,7.6766357,31.33417619356777,41.50521,22.82943,1.9902269785667213,3.2308671,0.94873023
2016-01-01 09:00:00,10.423740297999927,17.91922,5.595001,27.776257906110406,32.91809,20.03528,3.0379874876931647,4.661371,2.0871167
2016-01-02 09:00:00,10.229764786227918,17.37613,5.5187073,20.023363690392685,28.146715,13.286662,2.1834824652938174,2.8615701,0.79415506
2016-01-03 09:00:00,12.02004805660846,17.563873,7.5638733,25.502684072093103,31.74078,17.604061,1.7960198167055275,2.7339263,0.324162
2016-01-04 09:00:00,13.38130899308294,16.684631,10.060181,46.53100930693209,54.746464,38.91834,2.1778934552865525,3.4927251,0.73228264
2016-01-05 09:00:00,14.543322229166733,19.424347,9.979034,65.36256583997304,78.67478,55.495094,1.513682588942619,2.7684767,0.82038033
2016-01-06 09:00:00,9.8288354655038,14.203949,6.440277,77.41045343424094,92.14676,63.26424,2.295681541319618,4.862961,0.8076714
2016-01-07 09:00:00,7.779682722312089,13.734283,4.2655334,80.68382607510243,88.38138,74.42044,2.1639996369952605,5.053915,0.4878243
2016-01-08 09:00:00,8.709948368599328,13.976959,4.3597717,48.00970514026221,77.21746,27.116709,1.973429022735409,3.8808007,0.9188325
2016-01-09 09:00:00,10.130239675694497,14.658752,4.934143,47.38815545228204,60.469982,27.580269,0.5850032646142265,1.2789714,0.17473167
2016-01-10 09:00:00,9.628435605670404,14.748871,6.0594177,71.89933642203457,79.64256,60.11912,0.9566522293995546,2.2742443,0.21930856
2016-01-11 09:00:00,10.700527083303257,14.888824,6.268524,35.93654000985771,49.728127,19.560158,1.561839320867753,2.318836,0.49893117
2016-01-12 09:00:00,11.695135122088232,16.956757,7.192169,10.280714485923937,17.118315,4.809595,1.891324643312583,2.7491252,1.1494265
2016-01-13 09:00:00,13.52686828713479,18.161621,9.567871,5.84203804611647,12.357357,3.6659508,0.8124261432588783,1.4641749,0.03012238
2016-01-14 09:00:00,14.534197742300307,17.294098,11.635895,20.988356127841183,37.279144,6.2361755,1.1325150146018383,2.738276,0.2153498
2016-01-15 09:00:00,14.317142840387078,16.244171,12.001984,31.103751341946445,46.150192,10.865034,2.243959916984675,4.8173203,0.59742355
2016-01-16 09:00:00,13.59622350995329,16.609528,10.860687,39.875318270776674,51.536392,27.300686,0.9979944623392937,2.2229173,0.23740602
2016-01-17 09:00:00,15.604002266662235,17.110504,13.465973,29.695836315782607,42.838516,23.932266,0.9510528211723003,1.4034995,0.4389378
2016-01-18 09:00:00,16.554307033235034,18.680176,14.580566,35.35133910806029,53.286343,21.567112,1.2515521547674466,3.053366,0.23870376
2016-01-19 09:00:00,14.017288587054281,16.595306,11.249603,41.809624909440736,51.34952,36.91202,0.978658536958661,2.6288059,0.11508652
2016-01-20 09:00:00,13.219081587589244,17.407867,10.382477,37.357419094181765,48.644093,27.929249,0.8744569206368429,2.5872502,0.11528813
2016-01-21 09:00:00,15.708554913593673,18.295013,12.509857,21.528984400461653,31.329235,9.733595,2.1892187184234047,3.157121,0.9063545
2016-01-22 09:00:00,16.33054712923348,21.044617,12.212585,18.479850762386977,26.132181,9.130011,1.3850889607706895,2.3988693,0.33833194
2016-01-23 09:00:00,16.59957662494918,19.490143,14.037018,26.20784959927823,32.985466,18.700314,0.9139123920894051,2.1131804,0.20953362
2016-01-24 09:00:00,13.067755270966813,16.70639,9.288422,42.48680990975574,72.902405,21.962643,1.6300026918776462,4.1881166,0.069840856
2016-01-25 09:00:00,13.498283903669233,17.683014,10.035553,36.08633169067099,46.849865,24.232677,1.3735190810415254,2.7301726,0.28909343
2016-01-26 09:00:00,15.223956027160284,19.924622,10.877747,20.250690062132733,32.69406,9.424532,2.4663561849725424,4.243226,0.7788516
2016-01-27 09:00:00,16.650215035090753,21.551605,12.485199,8.387110936338033,10.851729,6.6056356,2.00277122062171,2.9522197,0.8929228
2016-01-28 09:00:00,16.16842516594528,20.851349,12.091583,9.771388195060714,14.817168,6.0669727,1.427942750656874,2.1661804,0.34268734
2016-01-29 09:00:00,18.66183396280644,21.60611,15.7760315,15.769611025274342,32.23157,6.4503202,1.7650730376118382,3.6534584,0.7398243
2016-01-30 09:00:00,19.031177604733557,22.42337,14.497589,37.40802436690994,46.531265,26.847672,2.268800244344056,6.2253375,0.48925176
2016-01-31 09:00:00,15.905588460586785,18.401764,13.28067,75.31992783854587,88.36314,63.074078,3.6968590281617577,6.313064,1.978004
2016-02-01 09:00:00,7.5049819358733885,13.4496155,1.4378967,53.831880178794506,66.5614,33.069214,4.708471905385935,9.436265,2.2287576
2016-02-02 09:00:00,8.163767058057203,14.834137,3.2574158,19.923322868989455,30.552364,9.88919,2.137683035003279,3.2002404,0.8652571
2016-02-03 09:00:00,10.316153825652805,15.116852,5.9289246,34.69363615154186,41.832,26.512331,1.3107402287895658,1.915621,0.58549196
2016-02-04 09:00:00,11.66294345623163,17.280426,7.4894104,28.498511902390632,41.653175,21.618584,2.036026686306654,2.950299,1.1082329
2016-02-05 09:00:00,14.008123396169253,20.228607,9.490326,18.91057905060994,25.75532,10.695024,2.7498242343868373,3.7366304,1.6867477
2016-02-06 09:00:00,17.381027821084672,24.088501,13.117798,16.674515984247122,22.776289,9.928633,2.752702815434518,3.7171643,1.7526087
2016-02-07 09:00:00,18.92555991818608,25.894562,14.414093,13.094463594403116,17.075981,8.927643,2.9210695825691237,3.9049597,1.3346908
2016-02-08 09:00:00,21.746400320220175,29.041168,17.1857,12.953262886569988,14.343259,10.632321,3.965175706097779,6.442657,1.0687293
2016-02-09 09:00:00,23.419132093971257,30.599335,18.835663,11.987784115203976,15.697571,6.5226917,2.9392923022403727,4.3138633,0.575975
2016-02-10 09:00:00,25.249361896305743,31.415863,20.806488,9.332573247477091,12.707497,6.8215923,1.8211437036460487,2.7668703,0.8590446
2016-02-11 09:00:00,24.14441330951638,28.372406,21.016937,8.639058371253652,11.654864,6.801833,1.5651722620604018,2.5917816,0.4856191
2016-02-12 09:00:00,23.659785231404896,27.770477,20.790009,9.806038368236239,12.625318,7.2582445,1.0175421234332074,1.749168,0.029500911
2016-02-13 09:00:00,23.470429706358857,26.76529,21.15982,11.178279852833002,17.118938,8.030461,0.9483791390404089,1.9823856,0.19979669
2016-02-14 09:00:00,21.09361615467418,24.337433,16.546417,12.588803245241811,26.46934,7.0212545,1.9738067646311013,3.33554,0.42568025
2016-02-15 09:00:00,23.23781910674603,28.17566,19.069977,17.140071032087068,30.039337,10.581181,3.0564634410713514,4.512518,0.42221338
2016-02-16 09:00:00,25.301078796068396,31.320648,21.014008,18.86827291147564,26.111237,10.228582,2.197824814611129,3.1771064,0.73382545
2016-02-17 09:00:00,26.13030762800122,30.132538,23.585663,18.061000157272307,22.647968,9.439122,1.1782886459427984,1.6740024,0.68696463
2016-02-18 09:00:00,14.263090117790341,17.443512,9.019684,52.407813027423444,77.8061,38.84126,2.235916296149196,5.0098233,0.21500574
2016-02-19 09:00:00,15.4177731374117,18.52536,12.412079,32.473438492426695,48.86679,23.442007,1.1219388831162647,2.3127952,0.17015682
2016-02-20 09:00:00,17.155205141915133,18.934235,15.277985,12.212368615221951,23.12447,4.2143145,0.9354367608377651,2.0671937,0.1926927
2016-02-21 09:00:00,18.95651703105392,21.58194,16.599518,12.194339440752904,25.96333,6.007699,1.387551183511371,2.5511155,0.70033514
2016-02-22 09:00:00,19.907208610846396,23.071747,15.091278,10.058565703942843,25.975803,2.0599356,1.999917088055147,3.537331,0.18990597
2016-02-23 09:00:00,20.69043970453515,26.830109,15.146515,15.811761887188293,23.912245,8.82693,2.3191081996382445,3.209351,1.0166167
2016-02-24 09:00:00,20.229741374217383,25.825348,16.206207,17.02966196773564,21.332829,13.078923,2.7584488418454156,4.4460754,0.46831816
2016-02-25 09:00:00,21.218191499835427,27.490143,17.228424,12.695793715887516,17.240788,7.351897,1.9432436479097044,2.8647006,0.76959264
2016-02-26 09:00:00,23.049819861431956,26.545624,20.301483,10.939532639986295,12.277597,4.9455824,1.2645166999198463,2.0902658,0.45168906
2016-02-27 09:00:00,22.645436457823678,24.113861,20.34433,13.302203376189476,16.258123,6.371105,1.252891861763446,2.2619274,0.20852439
2016-02-28 09:00:00,22.257260367173274,25.068024,17.913727,18.777239980761326,26.591053,16.130772,1.7367878527722347,3.3754795,0.7699238
2016-02-29 09:00:00,22.855547608799327,26.211456,18.08255,14.406127664536156,24.284472,10.386034,1.5868418986067905,2.9092937,0.8145266
2016-03-01 09:00:00,23.51463262040471,26.63736,19.799469,14.815727426414727,21.597563,11.957911,1.0809487611724025,2.242633,0.2224339
2016-03-02 09:00:00,23.533773364089825,26.51828,19.311249,11.930668091067535,15.404881,6.3520794,1.6791581181522321,3.0993428,0.38460392
2016-03-03 09:00:00,22.203941146223997,25.264557,18.469635,9.992370681323417,16.588345,3.1196938,1.7047436341336735,3.6229632,0.5898504
2016-03-04 09:00:00,20.732881042067106,24.100922,17.804047,11.929422606925016,21.64373,4.3195124,1.6706892512324294,3.3720396,0.7017629
2016-03-05 09:00:00,19.373781587966732,23.59793,17.248322,40.872286715159916,49.983044,24.5182,2.1425180074808785,4.346936,1.2332721
2016-03-06 09:00:00,16.11432301017976,18.609772,13.139069,70.75064711492507,92.074905,39.29973,3.8099472286942606,6.510241,2.0803013
2016-03-07 09:00:00,14.253724451408061,17.275787,11.055084,56.17201256258595,80.79762,36.143494,3.159679845597551,6.272543,1.793809
2016-03-08 09:00:00,12.051608818146178,16.132477,7.8785706,49.42735837322102,77.36253,33.358627,2.1532968222504243,3.6032815,1.0273715
2016-03-09 09:00:00,16.52557281335072,19.656158,13.476959,37.78534203425083,49.082565,28.61772,1.7384092586366093,3.5033092,0.6732454
2016-03-10 09:00:00,20.077373834065213,22.692291,17.74112,21.537701672616773,24.791641,18.315079,0.9454182308692217,1.6860971,0.3534162
2016-03-11 09:00:00,21.827286398341016,24.430817,19.87027,24.785306810775324,35.90806,15.642434,2.616671763580496,4.6249566,1.3179568
2016-03-12 09:00:00,11.313553945626154,15.127838,8.014557,62.6187111238508,83.25465,46.12853,3.010352690948222,7.2738466,0.29852653
2016-03-13 09:00:00,15.233083807312994,17.170563,12.928375,58.9926454476211,74.19732,44.669975,2.304672976084807,6.201759,0.7528891
2016-03-14 09:00:00,14.730165660104149,17.023346,12.01358,75.83246879658326,88.7422,58.804707,3.2673167254196067,6.8091354,1.6251011
2016-03-15 09:00:00,17.520489471510928,19.580963,13.8680725,21.789176816666412,44.22937,6.8089485,1.888300585623013,3.5046978,0.40284017
2016-03-16 09:00:00,21.838347367775214,25.60733,17.267975,21.372772119095707,35.173477,14.577275,1.5651913496317134,2.7653446,0.37353623
2016-03-17 09:00:00,24.708782883674587,28.112457,21.419098,19.928524183749083,27.792042,14.668485,0.8624814320731236,1.5854882,0.16499305
2016-03-18 09:00:00,22.948177246669616,25.589508,20.954742,21.536520759837657,28.149775,16.372574,1.4822026086902205,2.2036147,0.8638682
2016-03-19 09:00:00,22.34712250674977,25.892487,19.046783,20.681056710536232,29.832943,10.778577,1.3113728764732424,2.2874215,0.7655739
2016-03-20 09:00:00,21.764519453028015,26.069,18.336578,17.48368446835039,29.12572,7.6513233,1.7297596862395879,3.6010237,0.62111187
2016-03-21 09:00:00,20.940007192440817,24.759918,18.418121,23.330403585230407,39.662216,13.29973,2.284293129619098,5.07614,0.92430747
2016-03-22 09:00:00,17.902005582270874,20.686676,16.022614,49.71814454808675,66.24945,11.029588,2.748598764993981,6.9380355,0.7157644
2016-03-23 09:00:00,16.320569053801762,21.834137,12.216949,16.354384058079436,22.771523,6.654336,2.6205908668516256,3.5675576,1.4039711
2016-03-24 09:00:00,19.745755940473146,24.563446,16.112274,9.883297761794156,13.289047,7.115574,1.5839826159351476,2.4747796,0.28551683
2016-03-25 09:00:00,22.55379283804905,25.967194,16.933502,23.52809839353257,40.668633,13.73785,1.8705482648816658,3.652144,0.8334934
2016-03-26 09:00:00,21.733650036481095,24.878815,16.527252,26.245021093746498,33.181557,18.451088,1.5442872246471167,2.9398837,0.35456258
2016-03-27 09:00:00,22.173942648959553,24.524323,19.577057,20.512123906025295,29.235031,14.88347,0.8097996124150094,2.3144007,0.22009136
2016-03-28 09:00:00,20.19603465489905,23.394684,17.834137,42.63036676339238,60.902344,31.417969,3.1668218541911624,5.5305643,1.9682233
2016-03-29 09:00:00,14.216420515580978,16.39859,11.064606,44.301547303586304,52.05448,22.883736,3.7172248874215925,7.9470243,1.4576833
2016-03-30 09:00:00,12.661757682794871,16.671783,8.638092,48.24456980037316,71.94239,18.762703,1.8685113632256447,3.205361,1.109213
2016-03-31 09:00:00,15.736269400937658,18.97696,12.414459,37.54669230703975,46.55203,28.336462,1.3616771033071549,2.5439906,0.5358441
2016-04-01 09:00:00,19.118246684800226,20.95816,17.069733,31.076869276154476,37.112602,23.953545,1.2610618929405517,2.0256367,0.6062707
2016-04-02 09:00:00,21.51745112995144,23.345367,18.536774,24.118982735741405,29.064802,19.900412,0.6421232959432296,1.7904313,0.05273734
2016-04-03 09:00:00,23.41199534238484,25.429352,20.933258,23.29030497274079,27.179533,21.198538,1.3148734488738698,2.0859709,0.66202426
2016-04-04 09:00:00,23.143897700083812,25.60849,20.573334,22.730188545214656,25.82164,20.262129,1.7053820005081943,2.9923446,0.659128
2016-04-05 09:00:00,23.89176429430654,25.574371,20.392242,21.99155170867003,31.287401,8.860119,1.445487070876493,2.5509276,0.33620968
2016-04-06 09:00:00,27.83634286420238,30.122223,23.14566,12.289966364426535,15.551286,9.561143,2.7112017145948886,4.8733206,0.7572578
2016-04-07 09:00:00,25.776760969056113,29.255035,19.530426,15.892432372147299,23.236128,11.943159,1.1659241245247853,1.5054374,0.800876
2016-04-08 09:00:00,15.498810267899387,18.912262,11.750885,66.28143628725375,82.45555,46.81883,0.7822826993023627,1.6997702,0.34787542
2016-04-09 09:00:00,15.035628510063134,17.726227,12.257477,84.25869817880529,92.41675,71.09966,1.8166439471197382,3.1997564,1.0471033
2016-04-10 09:00:00,14.43266993116606,17.942535,11.069,71.63922823668288,78.44842,64.60711,1.2904438854463296,2.764503,0.53758955
2016-04-11 09:00:00,16.574623363168428,18.913727,13.591461,70.57049442312405,86.638954,48.554047,1.5287408898639596,2.5618913,0.9162542
2016-04-12 09:00:00,18.73048856022342,21.050446,16.271881,61.98961667164306,70.43498,54.599747,1.3988086722431807,2.8206766,0.5388387
2016-04-13 09:00:00,20.311369928951876,23.934967,18.520905,55.223136850652544,67.844635,43.758698,2.178970816290683,4.633978,1.0639082
2016-04-14 09:00:00,20.450241153034085,24.533356,18.01773,34.10656708845681,51.382385,22.13085,2.8056810365207094,6.762741,0.8276195
2016-04-15 09:00:00,18.949292091131383,22.102936,14.497467,27.855509378787033,44.356438,7.734992,3.354427508821405,6.470952,0.6909144
2016-04-16 09:00:00,20.86657463826009,25.869293,16.724762,11.583878719377331,15.340087,9.3609915,3.2721832702121927,5.3284087,1.0303904
2016-04-17 09:00:00,25.334153845573667,29.79361,21.66568,9.774827961796309,15.594385,7.0736265,2.270372678091849,3.6072528,0.40141702
2016-04-18 09:00:00,27.15919562684985,29.840973,24.092926,10.998339763862708,14.688928,9.16549,1.0577336552798409,1.6853824,0.06778338
2016-04-19 09:00:00,27.633918022119815,30.107819,24.832428,14.252200796149337,18.812565,11.225416,1.180763936617606,1.6339133,0.6519614
2016-04-20 09:00:00,26.733544127828623,30.387115,24.049225,11.894560350908282,14.107884,9.232884,2.26509297128822,4.637305,0.8579019
2016-04-21 09:00:00,26.132176614581965,28.941315,23.70108,10.557643850073621,13.724312,8.548531,1.9395915075018082,3.5344794,0.8693911
2016-04-22 09:00:00,25.348083333924933,28.272858,21.513092,13.447229135499153,17.871368,5.4110804,2.790633069842061,5.13259,1.4652625
2016-04-23 09:00:00,20.5388000663296,23.138336,18.368805,37.56127195166373,44.975636,28.15104,2.232297168950478,4.708162,0.80698794
2016-04-24 09:00:00,21.584037507076175,24.617828,16.285797,20.538033136719605,35.011387,13.363897,1.8558516890396763,3.2913878,0.58458084
2016-04-25 09:00:00,19.203055603427515,21.750885,15.998932,42.53978506817875,60.1733,27.894413,3.3547498966597216,7.0665407,1.1065458
2016-04-26 09:00:00,15.850210885695958,18.782623,12.698639,33.33087831238558,49.0816,24.88557,2.512822006887865,4.648031,0.9678591
2016-04-27 09:00:00,19.170373533391057,21.805573,16.89151,33.53033687184395,52.64411,24.222239,2.7521045745833272,6.0832863,0.965075
2016-04-28 09:00:00,19.174721357502392,21.672028,16.127106,43.504642659808205,62.33441,27.17035,2.928892050716722,5.929913,1.0248536
2016-04-29 09:00:00,17.819985680363573,20.408844,15.264313,52.26129115100824,67.45229,43.22777,2.625907823938727,5.007021,1.5299203
2016-04-30 09:00:00,19.89410680190622,23.976715,16.670074,47.2252188457607,79.49977,23.816174,2.152625490123804,4.081462,1.4011525
2016-05-01 09:00:00,19.261451788360887,21.558258,16.646149,39.88997773673707,59.330963,31.608307,1.5186754592574963,2.6407068,0.2715529
2016-05-02 09:00:00,20.8430337067731,23.028229,18.838776,34.66601291939805,42.66959,15.515199,1.0652247637543772,1.9811827,0.4496179
2016-05-03 09:00:00,23.51736130082793,25.528717,20.543365,26.971526450098118,32.870358,22.687462,1.63676416903548,3.1200347,0.56371284
2016-05-04 09:00:00,25.008759205200022,28.102692,20.585114,27.695273035861057,36.046703,20.089672,1.561988168176126,2.638679,0.8126135
2016-05-05 09:00:00,21.2317866855131,26.266754,17.74527,44.604603069495184,61.670532,24.455688,3.0019430086700205,5.1136794,2.1681046
2016-05-06 09:00:00,15.54308320325282,18.712067,12.753082,77.74678556121894,90.89979,54.78309,2.597602082854806,4.9735236,1.5299952
2016-05-07 09:00:00,14.900552805359382,18.169586,12.452789,75.43832847606201,87.803825,60.963978,2.35112074426983,4.9180503,1.1592686
2016-05-08 09:00:00,16.731782024072004,19.643463,14.22403,67.49846104323802,82.2011,52.361263,2.236236289206776,4.146124,1.3218105
2016-05-09 09:00:00,18.26577018852737,22.032623,16.053131,71.32067344425728,89.7679,47.56942,2.4708453186841215,4.5875545,1.5317048
2016-05-10 09:00:00,20.065812449893883,24.68985,18.072662,58.032447728400264,69.44232,47.147003,2.089583437289417,4.3146114,1.1700454
2016-05-11 09:00:00,22.607063960277742,27.435211,19.341461,40.31370180698987,47.57287,23.889275,1.1630625902634912,2.5816479,0.41721907
2016-05-12 09:00:00,25.663612820953688,29.842682,20.246979,27.370981209183572,33.44139,23.381104,1.2909445632411363,3.5343356,0.5136658
2016-05-13 09:00:00,27.16351169714909,31.864899,20.716461,20.653042959824905,26.287834,13.404938,1.476070823452317,2.6015973,0.70866364
2016-05-14 09:00:00,25.81278294366183,30.890778,19.96695,29.578616262868476,46.199154,13.0832405,2.525804201229499,4.523477,1.3889
2016-05-15 09:00:00,21.88756876606908,27.569977,18.440826,49.63948636571168,72.73196,33.899925,3.1926825920722735,6.5760837,2.0140085
2016-05-16 09:00:00,21.32374515157005,25.725494,18.569489,48.21379947850198,68.45797,29.852505,2.4735446380064388,4.461332,1.5653672
2016-05-17 09:00:00,21.953332797507755,26.048492,18.59195,43.233644510624835,68.799805,27.769604,1.2329187939827955,2.2859008,0.29645252
2016-05-18 09:00:00,23.137925534783278,25.404694,19.576569,29.307357206329563,37.769287,23.93588,1.6327747031950919,2.2967007,0.6017234
2016-05-19 09:00:00,24.658574940582866,29.351227,19.013336,27.350591427169814,40.768543,16.952137,2.0782963896231856,3.3492231,1.2389836
2016-05-20 09:00:00,22.58741963587937,27.28067,19.079498,37.06118859305706,49.30121,18.623821,3.8828870036275362,7.557711,2.304132
2016-05-21 09:00:00,16.61440015719137,19.152008,14.441071,53.748324337984606,77.10505,27.683392,3.11348909622679,5.690447,1.5192648
2016-05-22 09:00:00,17.579508591624062,19.9086,15.28653,50.325958552142225,69.765724,33.886818,2.183927261247617,4.664753,1.151331
2016-05-23 09:00:00,20.258481186757308,23.196198,18.463776,44.678533614176175,66.027214,27.765495,2.3738415854219737,4.429306,1.3480295
2016-05-24 09:00:00,19.008582485284364,22.348297,17.070953,60.560937293586214,82.95645,41.59104,3.290422638400842,6.210778,1.6140343
2016-05-25 09:00:00,16.871996635245523,20.499176,13.858551,64.08350022142395,75.74279,39.909866,2.69960933110965,4.647292,1.4507924
2016-05-26 09:00:00,19.002184753954282,20.950836,16.632477,63.49547578023499,78.428925,52.686733,2.1953076175674116,4.6453757,1.1005349
2016-05-27 09:00:00,21.86676178905236,25.830963,18.870026,37.0377898031873,46.73558,30.243393,1.7714420252522616,3.0091121,0.9853352
2016-05-28 09:00:00,23.804553401803958,28.217682,19.633698,28.170561371509333,43.433567,19.606457,1.8958358890390785,2.8928893,1.097696
2016-05-29 09:00:00,22.920415405601602,26.13443,18.849274,37.23970897832283,54.5312,26.974123,2.2720825537970257,3.8399532,1.4574555
2016-05-30 09:00:00,23.191898896190025,28.425446,18.716461,33.052015401454746,43.913452,26.547726,2.028484749137816,3.3979104,1.3882688
2016-05-31 09:00:00,26.388005283613495,32.076813,19.502594,17.63848337109653,21.637413,14.707726,1.6507399685759203,2.709807,0.67035323
2016-06-01 09:00:00,26.757443564423113,34.474518,18.802643,17.91817659241482,22.9566,12.092696,1.7917874932183353,2.5901918,1.0630463
2016-06-02 09:00:00,29.26108933054354,35.25943,21.014557,15.820074273900635,18.785202,10.161839,1.883017292780342,3.66706,0.77227485
2016-06-03 09:00:00,31.239252430195563,36.20572,22.529938,12.349273091644712,15.252828,8.901269,1.4315359264867227,2.5070484,0.7224857
2016-06-04 09:00:00,32.29983133890221,36.754303,23.500397,9.78735669372591,13.222623,6.488248,1.4613823439911815,2.6079013,0.8653026
2016-06-05 09:00:00,31.022649731038996,36.762848,22.419098,12.112304357359964,14.999245,7.565651,2.3742438516421114,4.629707,1.2407078
2016-06-06 09:00:00,27.32383818786957,33.957428,19.361725,18.926386090775285,23.25236,13.675324,2.460993754652185,4.7466445,1.2916383
2016-06-07 09:00:00,27.544274563660792,35.29483,19.642487,22.358378424635198,31.798637,14.245544,2.3194821322729444,4.5334196,1.1952544
2016-06-08 09:00:00,29.11889205609225,37.293365,19.217194,18.85764162210963,22.931679,15.772005,2.197722379605929,3.8397346,1.0361284
2016-06-09 09:00:00,29.269041942852766,36.64444,19.95108,21.68497995795738,27.182743,15.49153,2.101641489978429,4.0243993,1.019381
2016-06-10 09:00:00,26.772733703012307,34.045074,19.83609,28.11283906379076,34.18313,21.295982,2.217592127302662,4.6273656,1.274115
2016-06-11 09:00:00,26.54893410997886,32.117096,21.029205,23.141531781180174,34.567593,14.326677,2.120952181085892,3.3889363,1.4524844
2016-06-12 09:00:00,20.642687945267312,26.01944,19.204254,59.993075803577646,71.50442,37.87668,2.9731323492244095,5.26317,1.6836525
2016-06-13 09:00:00,22.458460683425074,27.486969,19.908844,42.98954706664593,55.618927,29.658512,2.2256435927696594,4.0339017,1.2336581
2016-06-14 09:00:00,23.985333311659133,29.37564,18.977203,34.47108642171345,43.007854,24.503948,2.5850808445977993,5.2255216,1.3275955
2016-06-15 09:00:00,23.47509927372613,29.241852,19.216461,35.81813427485255,57.482964,13.202767,2.9306684776920564,5.9371276,1.6417203
2016-06-16 09:00:00,21.988363188998733,25.569244,20.405182,37.73387419265925,49.042435,24.075863,2.61986157800377,5.460024,1.453371
2016-06-17 09:00:00,25.582693688012398,28.028961,23.44986,30.180021040212438,36.26325,25.61481,1.9642460645495075,3.9826891,0.9475505
2016-06-18 09:00:00,28.51009287628949,31.119293,24.589996,19.8868110248977,31.544178,13.665318,1.8631237257380833,3.6008363,0.8319429
2016-06-19 09:00:00,32.49317090987455,35.364166,28.92276,5.935805124871567,13.084264,3.0920763,1.0675830945909357,3.335596,0.26178658
2016-06-20 09:00:00,36.40111438119311,38.926666,30.963776,15.63939759406819,18.17704,11.18876,1.3842311861501537,3.85329,0.32294562
2016-06-21 09:00:00,38.312066775835376,40.933258,32.57779,12.488069870751191,16.943615,9.783458,2.1770895476030367,4.1895714,0.6331887
2016-06-22 09:00:00,32.15063604578512,38.37198,23.108307,16.4912421389577,28.452652,11.753433,2.6084250085661567,5.737236,1.2986172
2016-06-23 09:00:00,30.274774591594394,36.509674,22.75772,14.810811054965749,23.639557,8.234521,2.6419214563344116,5.32019,1.2716516
2016-06-24 09:00:00,30.996016642011966,35.777496,22.724762,10.8724956736343,14.114812,8.1040745,2.8266727020256193,5.6945443,1.091342
2016-06-25 09:00:00,29.337848284589484,33.402252,21.486237,10.523807255261199,16.241844,5.632721,1.809489509393681,3.3402789,0.51420456
2016-06-26 09:00:00,32.33140968168118,36.871246,23.66983,11.920868949633613,13.856532,9.666234,1.0468114368732995,2.5634208,0.3642323
2016-06-27 09:00:00,33.27073896744173,38.91275,24.124664,12.052583857667846,15.696981,8.224325,1.78453962087079,3.168787,0.98454756
2016-06-28 09:00:00,32.52350237433308,37.58731,24.913483,15.362276751807714,22.317612,12.214211,2.05838333244572,4.1051188,0.9225539
2016-06-29 09:00:00,32.235172413890666,36.00821,24.115631,17.38524104104534,21.679092,15.358705,1.972904731852309,3.4681861,1.0335398
2016-06-30 09:00:00,32.55851511776024,38.4523,24.633942,16.7766202837642,22.91787,13.265263,1.8613060435522457,3.0952873,1.0501406
2016-07-01 09:00:00,30.622951278810717,37.040436,22.821686,20.193575094169407,32.988365,9.101648,2.0986943746111844,3.050688,1.335034
2016-07-02 09:00:00,29.119916980733365,34.317535,22.321442,16.328400566388765,26.081911,1.2031851,1.9287793172571184,3.0600502,1.1466812
2016-07-03 09:00:00,29.31312970190129,35.235992,21.685211,7.9515740377895865,11.381482,3.4557014,2.1549385600163578,3.3660383,1.1984692
2016-07-04 09:00:00,28.34395018746733,34.861725,21.619537,11.855769119952193,16.524202,4.5418606,2.221714233037314,3.8706613,1.2678384
2016-07-05 09:00:00,28.56894149370339,35.27188,21.803131,12.296780943896106,24.703094,3.7953513,2.6453886750145172,5.196932,1.388668
2016-07-06 09:00:00,27.904219489798038,34.152252,22.378815,27.144230275207367,39.300728,14.1734085,2.8695899661171853,5.8476295,1.5285485
2016-07-07 09:00:00,26.930884126709202,32.871246,21.67398,26.398840347264187,39.27929,14.312886,2.4635787421794886,5.1974764,1.2301918
2016-07-08 09:00:00,28.000882351326368,33.969635,22.893463,24.26434346869404,31.844898,17.961035,2.3390068103888972,4.638554,1.2035229
2016-07-09 09:00:00,28.91414219381977,34.21402,23.073395,28.216442857767454,33.120743,22.770374,2.2665981848291974,4.703042,1.1128201
2016-07-10 09:00:00,29.300699473902228,34.214752,23.871002,30.771869343111174,40.869007,24.161976,2.4947792472807704,5.084185,1.2558429
2016-07-11 09:00:00,28.806514429763467,32.794342,23.28653,15.525126509206263,36.68828,5.0241632,2.1967800386327982,4.3792768,1.0674111
2016-07-12 09:00:00,28.666841303637057,33.86563,23.0961,22.06900299428011,36.30852,9.839772,2.2335399579884623,3.602494,1.4766986
2016-07-13 09:00:00,28.953622733552095,35.03775,22.705719,16.203912288023965,24.270935,9.324292,1.7589318342763998,2.9633443,0.87587035
2016-07-14 09:00:00,30.350643629345143,36.174713,23.668854,14.36076357860015,18.625046,8.9873295,1.889382385431271,2.9057903,0.8914868
2016-07-15 09:00:00,31.036228647463815,37.234528,23.449371,13.9623591996056,18.988873,7.8135204,2.2196469212269987,4.7109575,0.973585
2016-07-16 09:00:00,30.49979029507483,36.562897,23.484772,13.185285630158504,26.92658,1.7320337,2.704603135319836,5.678141,1.2146189
2016-07-17 09:00:00,29.838139554378984,35.228424,23.04483,9.309401195269059,22.858994,1.2451735,2.5079099731564987,5.065973,1.1894516
2016-07-18 09:00:00,29.70173963449571,35.465973,22.454254,10.553359567442659,16.710487,5.052866,2.3998820807320773,4.4535885,1.3159347
2016-07-19 09:00:00,30.37680456009059,35.24063,23.928375,8.777077934855518,14.574087,2.788931,2.031094956705185,3.8101168,1.1086771
2016-07-20 09:00:00,31.888917512892647,36.0336,26.420319,10.215866076207304,17.073933,4.7106514,1.740042408916325,3.3823216,0.72433156
2016-07-21 09:00:00,33.77778400601619,37.368073,28.08487,9.5252167313829,16.439856,4.260932,1.7209884199617715,3.2565386,0.72325057
2016-07-22 09:00:00,35.03544905239187,38.60489,28.222076,9.847966393564572,15.232808,5.3929644,1.8495780747026187,3.8339005,0.3389907
2016-07-23 09:00:00,35.71564491763337,38.67227,29.475006,7.501035311497441,12.871568,4.108558,1.7640089406360289,3.3418863,0.29739857
2016-07-24 09:00:00,33.54743169498266,38.56436,25.248688,13.1736840050982,17.840958,7.805151,2.2726039757274092,4.1080956,1.1088407
2016-07-25 09:00:00,32.66399345630799,38.444977,25.374664,17.263464203052443,22.195274,10.030508,2.470269676676625,5.235272,1.2564986
2016-07-26 09:00:00,33.611792802793616,37.45279,26.304352,23.35697097566802,27.791796,16.170849,2.080872034318723,3.6224375,1.0960996
2016-07-27 09:00:00,34.577875454766,39.245026,27.039948,17.310711934964246,21.497883,12.1426735,2.138884199701181,4.1285815,1.0538676
2016-07-28 09:00:00,34.05737272507355,38.897614,26.74527,22.590813063441313,25.495235,17.624737,2.0567962746614867,3.6631358,1.1988918
2016-07-29 09:00:00,34.67380722816819,40.24063,25.957428,22.12037547741814,26.168465,18.783241,1.8109242598244892,3.1185691,1.0214655
2016-07-30 09:00:00,34.49107488531115,40.30362,25.414948,16.214947015044462,19.381863,12.862332,2.536065408142531,3.8015084,1.6124362
2016-07-31 09:00:00,31.643954333915815,36.450836,25.257477,37.24782892480074,45.64358,26.611725,2.459720536413701,4.695302,1.4377558
2016-08-01 09:00:00,30.729201158956528,36.00357,24.579742,34.27720463700058,40.137074,28.166842,2.6022359334021052,5.286342,1.276967
2016-08-02 09:00:00,30.99725261919565,36.93399,24.586334,32.31799944707269,38.52083,26.411455,2.300495116201689,4.033417,1.3240639
2016-08-03 09:00:00,32.055180067035224,37.725006,24.693756,28.535693410580187,37.87299,18.804317,2.1213814667144453,3.8365977,1.2869856
2016-08-04 09:00:00,30.205567007539628,36.27188,24.611725,23.722689422392058,31.255707,13.935408,2.0481570504087014,3.5227132,1.195355
2016-08-05 09:00:00,30.59638649864479,34.628326,24.612701,20.721789006959426,27.815336,13.645048,2.1348824671552453,3.6669896,1.1964743
2016-08-06 09:00:00,29.78657417118069,35.478424,23.656158,25.64521794194774,30.871525,19.296244,2.0509782936067977,3.4108071,1.0146899
2016-08-07 09:00:00,29.577341818994796,35.158844,23.305328,14.120286519331291,21.53165,5.527794,1.9958165976839934,3.6566918,1.0743517
2016-08-08 09:00:00,29.900778146504933,35.499664,23.089508,11.150199893942482,14.219495,8.481568,1.9964839031882002,3.7347436,1.0173919
2016-08-09 09:00:00,28.90749050234689,35.257233,22.612701,16.351110237806974,22.40802,7.530712,2.44748856694783,4.866135,1.4416513
2016-08-10 09:00:00,27.750794055907136,32.872955,23.203033,12.774466426461807,22.15541,5.7856636,2.203629173425135,4.265146,1.1842437
2016-08-11 09:00:00,28.927768090760367,33.765778,23.71109,8.634680366525052,17.04591,-0.40379333,1.992659816619002,3.144619,1.1847112
2016-08-12 09:00:00,30.106096102673007,35.072662,23.63321,19.794981684464727,32.96202,7.9268637,1.713671436226133,2.861293,1.0279177
2016-08-13 09:00:00,31.042945749846353,34.78311,24.26358,26.413891594312386,33.43535,22.208786,1.609284346579567,3.0189626,0.9157011
2016-08-14 09:00:00,33.48313186552281,37.37564,25.117828,22.989918104874103,25.18011,20.681787,1.8354858835701802,3.0631003,1.039457
2016-08-15 09:00:00,33.959655824990364,38.610504,25.653473,20.734968731158514,34.661392,15.208265,2.2689384905921752,4.4131565,0.8514788
2016-08-16 09:00:00,34.22852290788518,37.857574,26.45523,4.655470403522932,10.937766,0.38307887,2.0513749596869957,3.9579797,0.8787025
2016-08-17 09:00:00,33.608813143172824,37.197174,26.11905,2.323679030281546,10.051264,-0.08666992,1.9237794616071084,3.2358587,0.9043912
2016-08-18 09:00:00,31.945876929311623,36.12613,25.50113,4.258384932022967,7.088416,2.2368126,1.8259083913351735,2.8103821,1.0150721
2016-08-19 09:00:00,31.08078779038351,35.14029,24.245758,10.874182300636676,20.190176,4.0445395,1.7680443797191059,2.4671528,1.0472171
2016-08-20 09:00:00,30.74120537981912,34.361237,24.560455,17.33450336634444,20.94799,14.2294855,2.43690900998331,4.264278,1.4004477
2016-08-21 09:00:00,29.336797049974052,33.946686,23.132233,27.159590711740655,29.69751,24.203892,2.139465327502106,4.230812,1.0717057
2016-08-22 09:00:00,29.84266700745826,33.062164,24.245758,25.345165448913,33.074238,20.535252,2.4932937956780528,5.2473807,1.1423075
2016-08-23 09:00:00,28.53648104930778,32.893463,23.29776,27.59376833449631,35.535706,18.610119,1.7975695930485667,3.3916166,1.1611558
2016-08-24 09:00:00,29.294221586054107,34.273346,23.83194,23.890371380801078,27.177746,20.602818,2.0581517364018818,3.573823,1.151117
2016-08-25 09:00:00,29.915431113675083,34.54898,23.574371,24.574381663954885,31.96431,17.399366,2.1297999597214847,3.7881982,1.2373749
2016-08-26 09:00:00,27.72406795084254,33.302155,21.565826,25.409681778945167,37.41515,10.804009,2.0208052003952797,3.2499812,1.3133525
2016-08-27 09:00:00,26.66157483665944,31.977203,21.565094,20.79429012742722,35.58255,7.918846,1.864468659562576,3.066734,1.1287078
2016-08-28 09:00:00,28.180150277196674,31.856842,22.737946,22.79039225887003,27.73206,16.421675,1.6521040136032852,2.8777578,0.85430574
2016-08-29 09:00:00,31.084549426563626,34.275543,24.412262,14.227535478616044,18.365423,10.446216,1.2707180739222852,2.616156,0.5420785
2016-08-30 09:00:00,33.28859713180884,36.18692,25.954498,12.843667486546435,17.107212,9.435338,1.241375789952772,2.2248676,0.50685465
2016-08-31 09:00:00,32.82962713957835,36.429596,25.597565,15.299171490458875,19.312923,10.976985,1.8762213389773288,3.3685708,1.0479486
2016-09-01 09:00:00,31.735313018579973,35.314606,25.24234,14.038177086151274,19.978443,8.95626,1.9814910570106745,3.8807025,0.9782763
2016-09-02 09:00:00,29.559327729777465,35.01236,23.545563,14.197727692837836,23.692238,7.859911,2.2166450265632194,4.0697656,1.2206708
2016-09-03 09:00:00,27.926169222210092,33.290436,22.042389,14.961046268282836,25.525475,6.426175,2.533215796854112,5.09274,1.3074067
2016-09-04 09:00:00,24.62354761067013,29.842926,21.292145,35.08568360156784,50.55492,12.613515,3.0465373205457147,6.1405115,1.608267
2016-09-05 09:00:00,23.71252026852028,27.734772,21.412506,39.843542575089835,68.69007,13.250508,2.136095230030616,3.6422193,1.4460677
2016-09-06 09:00:00,25.110453989086466,28.26773,21.603668,18.865163271904787,23.454586,13.907711,1.041883584375392,2.2634447,0.4198427
2016-09-07 09:00:00,28.718714836074014,32.09366,23.23233,13.802376868129365,18.244831,8.111565,0.8920066439805564,2.4818587,0.23114997
2016-09-08 09:00:00,26.983395897848993,31.946198,22.193268,21.26355971718061,28.27716,15.0535345,2.0850756075719725,4.0301323,1.1166652
2016-09-09 09:00:00,28.345328848740508,33.44644,22.823395,27.167476788725846,36.13989,8.632077,1.7084129250407711,3.0722556,0.7820934
2016-09-10 09:00:00,29.28555121638783,34.229645,22.893707,14.5824191995365,24.475494,8.920816,1.618163935097435,2.8135812,0.8590573
2016-09-11 09:00:00,29.90765270614594,34.13028,23.479889,19.12094660568273,23.230968,14.856602,2.3083539177455927,4.3744597,1.1736528
2016-09-12 09:00:00,27.588609917751455,32.680084,22.217194,18.62058125111824,28.487804,11.83073,2.9372985124754316,6.012919,1.4461049
2016-09-13 09:00:00,22.607934270288922,27.74112,19.645416,49.28816888961587,65.26182,24.406345,3.690706385006538,7.0054307,2.3120303
2016-09-14 09:00:00,20.16636344031508,21.305328,19.297516,31.279510970571195,47.94847,21.440659,1.664511668381407,3.3400066,0.84224045
2016-09-15 09:00:00,24.078316128685174,25.816803,21.82071,14.493538207505555,23.984013,6.4180975,0.57174361656225,1.9327977,0.07237985
2016-09-16 09:00:00,26.338875184942026,29.940338,22.219635,13.276990812970828,19.434038,4.349785,0.8090659577722916,2.4171083,0.24443354
2016-09-17 09:00:00,27.80404220196681,31.260162,22.389069,12.560051734171223,14.7202215,10.958802,0.9470994752137337,2.2927785,0.123994514
2016-09-18 09:00:00,30.302063841655126,32.8107,24.497955,10.94362332273279,12.790407,9.137102,1.4287596865066274,2.4118452,0.14682157
2016-09-19 09:00:00,32.99648833048968,35.562164,26.298492,13.197421027937903,19.684628,10.680722,0.582035132272298,1.9842064,0.28265047
2016-09-20 09:00:00,29.50919028209512,34.0607,26.233795,34.43012856854973,43.357075,23.02432,1.3462387595889989,3.0467412,0.5140405
2016-09-21 09:00:00,27.056913215590498,29.938385,24.325104,55.56350298101818,76.56833,40.22474,0.8491055655012539,1.6961327,0.05797615
2016-09-22 09:00:00,26.475780772026667,29.84903,24.18106,37.54741416603205,68.094,8.905031,2.411501992295745,4.505906,1.5678674
2016-09-23 09:00:00,20.845315676557732,25.832428,16.05362,15.629821772886222,22.7185,9.23352,1.995744651923141,3.93338,0.5417816
2016-09-24 09:00:00,25.253440005726702,29.742828,22.237946,15.04221232282785,27.075104,10.702104,1.4489592379501102,2.4698825,0.18511887
2016-09-25 09:00:00,29.585469921433457,33.895905,26.97232,12.910728872188292,14.949758,10.019793,2.2700768536367715,3.8025565,0.14855817
2016-09-26 09:00:00,31.617724590414582,36.83731,27.86612,13.232295518841871,15.301179,11.016023,2.9926902729672618,4.6862097,0.641446
2016-09-27 09:00:00,32.91022808382854,37.710358,29.606842,17.791747685951464,19.985844,14.860845,1.974766986922955,3.1338975,0.24002354
2016-09-28 09:00:00,29.333282981860748,31.265533,27.30655,29.98557145342849,36.47984,22.569683,1.292149093301181,2.6925044,0.41427752
2016-09-29 09:00:00,28.32124227324408,31.094635,25.929108,38.13651730351547,44.380035,26.976454,0.6471428766772196,1.9804533,0.08692893
2016-09-30 09:00:00,28.136670543277035,30.883942,24.987701,34.494874657625026,42.338745,27.538021,1.565586646393393,2.46637,0.9208768
2016-10-01 09:00:00,27.824845636724376,30.264313,25.326813,32.72549949350546,36.61396,27.817085,1.900590472916832,3.3817167,0.9677188
2016-10-02 09:00:00,25.69931140445283,28.207184,23.55484,22.725010253781278,34.906895,10.765802,2.194194919796471,4.4632487,1.2687126
2016-10-03 09:00:00,21.64903215096217,24.512115,19.685944,33.956644172231115,42.715385,6.043497,2.119444759396002,5.500529,0.40146524
2016-10-04 09:00:00,21.31004334512835,23.851715,17.049957,23.08082222871125,31.40596,14.081742,1.8395125844251252,3.5807707,0.5534895
2016-10-05 09:00:00,21.52658741104119,24.773346,19.718658,23.47774767867301,49.356678,12.087146,2.110818928537799,4.304463,0.6763766
2016-10-06 09:00:00,22.14974512203446,24.39981,17.958405,16.608571822298334,22.856182,8.701442,1.4316664337059313,2.5513756,0.48007107
2016-10-07 09:00:00,24.996980091809064,28.86905,21.254547,12.624216844858259,14.266275,10.879557,2.3440990127384347,4.026576,0.21364453
2016-10-08 09:00:00,27.51759550309515,31.650055,24.027008,10.494839709379512,11.307862,9.514894,1.651337756666489,2.900671,0.3714708
2016-10-09 09:00:00,28.0695059413722,30.015778,25.974762,13.171289688039403,15.654757,10.202321,0.5838572358052496,1.5979167,0.2019085
2016-10-10 09:00:00,27.680564419890345,29.982086,25.308258,18.431332691445448,23.236353,12.767603,1.6497514089494185,2.7995985,0.66069776
2016-10-11 09:00:00,24.883706249629938,27.581451,22.138092,30.173161020055183,37.16604,24.175724,2.3772264258257274,4.569729,1.1395115
2016-10-12 09:00:00,22.129657888480324,26.375153,19.0607,23.726809169853393,38.05872,8.278762,2.043686997490459,3.8136306,1.000737
2016-10-13 09:00:00,22.3887805940808,26.36026,19.01651,14.012670166591903,19.693018,5.7090015,1.385670271901419,2.2355363,0.6020185
2016-10-14 09:00:00,24.665810966151753,28.446442,19.987457,18.875889340190565,25.52562,8.169374,1.8629268344879337,3.730923,0.8922004
2016-10-15 09:00:00,23.539667949490536,27.77359,20.025543,22.722143618250403,31.583199,12.196481,2.2171983893149223,4.553977,0.9575313
2016-10-16 09:00:00,21.508082020917016,24.77774,19.797272,70.63823149125773,82.53747,55.955437,3.281245362312496,6.5067625,1.7987013
2016-10-17 09:00:00,19.48905601423354,22.14444,16.740143,64.92123438277551,83.01321,49.99367,3.2644815817660673,6.5939164,1.9162905
2016-10-18 09:00:00,20.137729011490592,21.787018,16.773346,25.220580823399494,49.500427,10.316833,1.8172374210487088,3.973708,0.43881628
2016-10-19 09:00:00,23.132226214335958,27.156647,19.05899,16.153005901250825,28.561262,8.920308,2.2320917129375437,3.6147358,0.4076062
2016-10-20 09:00:00,25.83495920860821,31.793121,22.113434,10.873191072054965,14.39608,7.278985,3.231707646245863,5.1766934,0.9915453
2016-10-21 09:00:00,28.323543972628443,34.250885,24.250885,9.330440069096557,10.378468,8.491749,1.7363608521827125,2.8162668,0.6143202
2016-10-22 09:00:00,27.181382415650376,29.499176,25.092926,10.4972280805105,12.332254,6.899931,1.2786982713461363,2.160935,0.7119694
2016-10-23 09:00:00,24.336349068919787,27.919586,21.648102,9.692806585238841,13.170891,6.5671062,1.8195750724343165,2.989799,0.8094966
2016-10-24 09:00:00,20.107198685464255,22.807281,16.947906,54.80202117388079,63.167908,42.565563,1.4841469033121486,2.6610265,0.6196903
2016-10-25 09:00:00,19.66271518974986,21.507233,17.392487,51.4663918597961,61.543026,45.105526,1.4713528703920542,2.9683878,0.6444392
2016-10-26 09:00:00,22.726425534060354,24.778961,20.66568,29.054420127082693,40.606342,20.676655,0.562988676351202,2.225058,0.008347766
2016-10-27 09:00:00,24.027043857917988,25.483795,21.948639,28.833147287583962,40.050068,16.22585,0.3383426125441011,1.8930348,0.031614807
2016-10-28 09:00:00,23.22566484353615,26.089508,18.079742,31.032853758387823,51.861755,17.685974,1.0763851083221891,3.057477,0.27224442
2016-10-29 09:00:00,20.65649031747938,24.25113,16.874176,47.87467248353554,60.23989,33.474266,1.3829767868245093,2.8738616,0.18074526
2016-10-30 09:00:00,22.579904206662093,26.653229,18.518463,55.661763287660875,68.4654,41.54932,1.7463728869508457,3.1119585,0.55094564
2016-10-31 09:00:00,15.712877709702013,19.4003,13.036774,50.94365713549654,65.129486,15.385048,1.814047051312112,4.057036,0.6967422
2016-11-01 09:00:00,17.276006007472972,19.583649,14.855133,58.031850313899696,83.17633,19.458143,2.175365038371605,5.122951,0.98904467
2016-11-02 09:00:00,17.99095907946156,22.653229,14.095123,27.26817504043888,36.999218,14.393748,1.3849104661215332,2.27493,0.3639583
2016-11-03 09:00:00,22.08989050457359,27.201324,18.316559,20.0651255119466,23.157383,14.889541,2.4555088582413678,3.5247111,1.2759603
2016-11-04 09:00:00,24.172686842843632,29.041168,20.416168,21.57450809507495,23.70293,19.437305,1.148371535795547,1.9620535,0.07897025
2016-11-05 09:00:00,23.991762504113296,26.560944,20.7211,25.670513987522643,28.58975,23.882719,0.5960874886306075,1.3039227,0.05092994
2016-11-06 09:00:00,23.06130735011874,24.99234,20.46109,23.15672304009863,27.675465,19.064026,1.421505235310794,3.0853953,0.53146726
2016-11-07 09:00:00,21.557319319708256,24.11026,18.739166,22.16478206564413,29.269308,11.874777,0.7999060425230634,1.622864,0.08794827
2016-11-08 09:00:00,23.89677816874797,27.36026,20.634186,23.49233620491901,26.301004,17.929232,1.768308882864058,2.919985,0.47879818
2016-11-09 09:00:00,25.662898967871854,30.371002,21.096344,24.66787610460818,26.477896,22.38024,1.992528011909658,3.05554,0.8762034
2016-11-10 09:00:00,26.984664478500065,32.71695,22.470856,21.912424148587583,26.812355,16.532627,1.8803662355126456,3.0679474,0.087826155
2016-11-11 09:00:00,25.898246957711876,30.507233,21.600983,19.663500103960747,23.376593,16.39679,1.0711569989337764,2.2516663,0.15538883
2016-11-12 09:00:00,24.648006580456695,28.461823,21.721588,19.650315650729457,22.37177,16.367865,0.4131997607602871,1.0541781,0.13105008
2016-11-13 09:00:00,23.195163403091556,27.510162,20.228912,23.710216352718472,25.625427,21.086082,1.1525009099104042,1.6133043,0.50300187
2016-11-14 09:00:00,24.08782351683277,29.009918,20.36734,16.302874066456862,18.581997,12.269497,1.1857453246634553,1.8887534,0.39929795
2016-11-15 09:00:00,24.665372355733552,28.104156,21.348297,11.173631830148091,14.255758,9.065621,0.6273699147825847,1.9284945,0.052377664
2016-11-16 09:00:00,22.223919803518186,25.001862,19.822174,13.547123452667236,20.521664,3.547701,1.7212687903271964,3.8893485,0.094756894
2016-11-17 09:00:00,15.512058738416329,19.230621,9.408356,22.90654918108805,40.82337,6.120248,1.4896919491744771,3.0511403,0.08689457
2016-11-18 09:00:00,15.318749409978238,21.14029,11.13443,15.055847969574776,16.526363,13.411586,3.0777938674519065,4.6924934,1.7304301
2016-11-19 09:00:00,18.109144489796563,23.796783,13.700836,9.001720488985903,12.844749,3.735375,1.3362335649506452,2.5469432,0.22888826
2016-11-20 09:00:00,18.619674052923415,20.437653,16.550934,11.26877827038669,17.156015,4.726328,0.7897278391422141,2.721794,0.13452914
2016-11-21 09:00:00,14.013247025562805,16.875885,11.213287,81.44990836339495,95.9788,64.96801,1.7153277460794487,3.0396574,0.9113846
2016-11-22 09:00:00,14.380188209693188,18.040192,10.407623,47.562521544708936,58.466263,30.89595,1.157093550010829,1.9888085,0.19231766
2016-11-23 09:00:00,16.19693686253362,19.22525,13.570953,36.657812343613315,54.878838,27.362583,0.9759852534135489,1.8554813,0.27317044
2016-11-24 09:00:00,15.794853009831684,20.384918,12.175934,11.883932947787446,23.401573,3.528697,2.142953256528237,3.1440892,0.46483642
2016-11-25 09:00:00,17.92076395935129,22.761383,14.001617,5.295142908443228,8.651287,2.5519829,2.12759004586658,2.7660618,1.3085907
2016-11-26 09:00:00,17.75332457225886,20.632477,14.257477,6.047888155402981,11.341692,2.224248,0.6916492340336152,1.4995885,0.09996628
2016-11-27 09:00:00,9.297858594375441,14.514557,5.6766663,77.44203413516077,89.301254,61.727036,3.0185575494569763,6.8867083,0.88387007
2016-11-28 09:00:00,11.315208647948566,16.298737,7.6424866,33.597875890408744,47.074524,21.808899,1.9159282899090915,5.167078,0.16553013
2016-11-29 09:00:00,12.353659098849391,16.731354,8.237213,30.15985762573902,55.883854,19.821354,1.6535996453573427,2.2640257,0.6701541
2016-11-30 09:00:00,13.813295313990125,19.291168,9.359528,24.049418273407753,28.835398,18.323679,1.5181716715647324,2.1207762,0.67287827
2016-12-01 09:00:00,14.129563866459193,17.439606,11.289215,32.182232947371254,40.22178,26.217873,0.8199108139876715,1.5066086,0.25240323
2016-12-02 09:00:00,12.837511371085782,17.795807,8.0086975,32.16377778668321,52.306515,21.161983,3.0411100746435427,4.4923153,1.4760288
2016-12-03 09:00:00,12.049406834726938,18.008453,8.467438,11.918051724767293,18.647251,3.918415,3.890417929122956,5.847092,2.073916
2016-12-04 09:00:00,15.80180527237502,20.37857,12.597321,13.389811243283996,17.83025,10.230421,1.4869582574837972,2.3132296,0.54406554
2016-12-05 09:00:00,18.82474725661035,20.768463,14.803619,19.67639055221224,29.581787,16.257568,1.7041933007126622,3.6206365,0.38167062
2016-12-06 09:00:00,15.514797247597187,17.719849,11.163208,21.207348385635555,33.98007,12.591605,2.0262555500791257,4.63303,0.6306175
2016-12-07 09:00:00,12.317199844085962,15.508728,7.9989624,31.27622950881893,62.77046,18.430614,1.2085370264555138,3.629628,0.0782344
2016-12-08 09:00:00,12.836031839030966,16.648346,9.688019,36.177391762374924,50.324726,26.453632,0.9131534737320771,1.6288066,0.27067396
2016-12-09 09:00:00,15.34773704105777,18.643158,11.6857605,73.731138105857,88.05562,57.332962,1.017342689120197,1.9933857,0.13374564
2016-12-10 09:00:00,16.716157629506483,19.009125,13.570587,49.06851116725428,55.178795,42.41317,1.1763900543253256,2.478524,0.09099825
2016-12-11 09:00:00,16.013692460006155,17.776459,13.510193,65.61936455770766,77.93875,35.778595,2.1189357806978366,5.4916177,0.9311392
2016-12-12 09:00:00,16.420758711057886,18.184418,13.459808,49.83565364228401,75.33026,36.98909,1.9155537401548344,4.2272463,0.7788226
2016-12-13 09:00:00,15.710168877945364,17.870453,13.5208435,62.12098171425167,75.92828,52.729618,1.4360648149819977,3.0148737,0.7109631
2016-12-14 09:00:00,17.32588862777061,19.67862,15.871979,27.41154873153567,34.619396,17.478771,1.25827307817687,2.9989276,0.24898575
2016-12-15 09:00:00,18.806092254351256,21.308014,16.266998,20.3266785793136,36.50368,8.227608,1.4464166046051135,3.9451082,0.06537197
2016-12-16 09:00:00,15.12827181998864,17.37082,10.808319,46.04415957671269,73.4168,34.260555,3.152331409055462,6.270735,1.6361134
2016-12-17 09:00:00,10.238573452541345,14.79071,6.1383667,25.594287945120076,43.985607,12.200451,2.5450133596404494,5.2060204,0.7698397
2016-12-18 09:00:00,9.565173845768413,13.907654,5.4029236,15.663776029366986,27.102928,6.6380835,2.0786984911565978,2.9383748,1.0189968
2016-12-19 09:00:00,11.336502178237936,17.003143,7.089081,9.849635450852297,15.816471,4.6302013,3.4394642805073725,5.182789,1.7354913
2016-12-20 09:00:00,14.109402557807869,20.19345,9.810699,4.965324817990505,8.11286,2.8901052,2.7746628160097195,3.5351453,1.7210505
2016-12-21 09:00:00,15.879468199881444,21.93277,11.512848,12.601144728641605,19.10974,8.178123,2.022670059612348,2.6802478,1.1328672
2016-12-22 09:00:00,10.25151896055462,15.481354,6.69928,75.5726917771711,98.43946,66.281296,2.961454298276625,3.7750778,1.7885114
2016-12-23 09:00:00,12.442768287111733,16.455475,9.170074,67.37309917311315,81.84929,41.179363,1.016481159437948,1.5985878,0.65443885
2016-12-24 09:00:00,11.30016209436252,15.142487,8.251862,67.91731415468527,85.422905,47.356964,3.0111495012237626,5.853062,1.3565851
2016-12-25 09:00:00,6.827914744727934,13.207184,1.6974182,30.82947877607271,49.928974,22.327412,2.4855018415223915,5.507963,1.090061
2016-12-26 09:00:00,7.508279241348532,12.503632,2.417694,38.928746972879196,53.638927,11.540226,1.9238440820669993,3.7461593,1.0105468
2016-12-27 09:00:00,10.061174177769658,15.876678,5.5846252,24.750830897418805,29.531048,17.13237,3.1150760883738777,3.9295645,2.1270053
2016-12-28 09:00:00,13.34484178959184,19.138702,9.749054,14.59345851298814,19.475554,10.294243,2.187849094797939,3.2133963,1.1330794
2016-12-29 09:00:00,15.354493084343119,20.932678,11.684998,14.606584694088948,20.092615,11.803784,2.1352722010272203,3.0762444,0.8493418
2016-12-30 09:00:00,16.532853281208418,22.912018,12.558502,20.061765259692628,24.60439,15.901264,1.4660149906762656,2.2525687,0.6569898
2016-12-31 09:00:00,11.823875326573045,15.4487,8.681122,84.19049831310842,94.77694,71.94583,1.6462626320896119,3.2305262,0.967923
2017-01-01 09:00:00,8.872597986185497,13.049622,5.3488464,58.25973503480025,77.56895,43.736916,1.0480013430587656,2.557467,0.30458552
2017-01-02 09:00:00,9.729598273020144,13.557739,6.6065674,72.3012802900806,86.49296,52.545105,2.8069802056630535,6.21213,1.345274
2017-01-03 09:00:00,8.789958558475234,13.543182,5.857483,65.00513301129887,76.30618,52.805233,1.6606588598267875,4.0727015,0.24409519
2017-01-04 09:00:00,10.709074178382764,14.727325,8.151154,65.5302275339271,79.934006,49.84859,1.8908558938523006,4.976165,0.40156332
2017-01-05 09:00:00,11.53335283241205,15.463989,9.159637,95.71963784620877,99.09147,84.86472,2.6762697181215143,6.4522667,0.89844346
2017-01-06 09:00:00,12.906712147788141,15.682831,10.135956,37.97977827214252,60.943962,15.408127,1.002588932758008,2.3889058,0.27310932
2017-01-07 09:00:00,10.917203693524186,16.700806,7.5093994,29.216740423987297,38.899605,21.150316,1.927067001702104,2.5849533,1.0357451
2017-01-08 09:00:00,14.756392076766247,19.17694,10.165222,44.39417387817145,51.996964,34.905136,1.3461456495389517,1.8484608,0.27942717
2017-01-09 09:00:00,17.04154349640271,20.92514,14.013031,45.108391061066534,51.584778,38.93634,1.923923109225596,4.037368,0.5661071
2017-01-10 09:00:00,12.407267305570883,16.282318,9.253021,52.31695298492062,75.70733,19.137018,2.174125167352426,4.864801,0.8421121
2017-01-11 09:00:00,11.89309928102972,16.100739,8.956207,82.05177395560331,96.081635,50.398037,3.7868867561645843,7.066539,1.8793409
2017-01-12 09:00:00,12.320417854766958,15.831879,9.595551,74.9498481105232,86.12619,53.54416,2.34881826641157,4.0826745,1.3569348
2017-01-13 09:00:00,8.690622543278153,13.79245,5.513916,78.25680682329781,92.49284,65.41755,0.5993425262986616,1.0422062,0.21528892
2017-01-14 09:00:00,11.86910857954814,15.580872,8.582825,54.968039737445196,64.1791,44.968163,2.4862751173655995,4.1023197,0.9340242
2017-01-15 09:00:00,14.213120796962926,19.717773,9.223633,40.999625444728814,55.57212,25.994951,1.2635269626771288,1.9838719,0.4227821
2017-01-16 09:00:00,12.874341286401489,15.879181,10.404572,40.897307674130666,54.749714,29.475388,0.7284755541306526,2.0318472,0.17184088
2017-01-17 09:00:00,12.981699112805757,17.652649,9.385071,22.620956742611007,25.775364,18.72897,1.2651139784851058,1.990347,0.4338522
2017-01-18 09:00:00,13.584060275434354,17.3497,10.375092,22.397262550386863,34.06217,10.792637,0.6767459563882571,1.6091591,0.15478022
2017-01-19 09:00:00,10.790618105544524,15.372467,7.580719,53.705205922268064,78.44399,30.81118,2.4791475235323266,6.1881337,0.6113842
2017-01-20 09:00:00,11.29911815316882,15.330719,7.8053284,79.47841147554293,91.5695,69.66864,3.0847528416840597,4.789628,2.0305934
2017-01-21 09:00:00,8.777646929809293,13.601959,5.213043,65.4772119303037,81.2231,50.35933,3.5775187825211843,7.6787333,1.8772908
2017-01-22 09:00:00,10.692761326072628,14.489899,6.6715393,61.34415469070017,81.11304,49.245846,2.562134162809658,3.8834095,1.4811394
2017-01-23 09:00:00,8.604969778293935,14.689362,4.474518,84.85353833404488,96.03314,72.37689,2.91895804602149,5.057219,1.6544802
2017-01-24 09:00:00,6.705113159972541,12.8836975,2.4579163,54.99020171848376,70.014366,46.78359,1.4752503282202223,3.8517444,0.2252664
2017-01-25 09:00:00,7.786730243219779,12.693268,3.244049,35.89619113965437,52.164024,23.988243,0.8984199694975624,1.7944188,0.27515176
2017-01-26 09:00:00,9.576370242357427,13.798981,4.61734,42.31112193806042,60.785313,21.356995,1.1826715163607306,1.7296052,0.43010086
2017-01-27 09:00:00,10.020423532693371,16.003876,4.7519226,31.403626175078152,43.855682,20.417124,3.06574285586604,5.270684,1.3079219
2017-01-28 09:00:00,11.763980594457223,16.845917,7.7285156,13.124601206906323,18.3096,7.9228816,2.822337623412269,3.8644626,1.8184131
2017-01-29 09:00:00,15.341863127277463,21.352448,10.398346,7.842196130348635,11.604938,3.5268126,2.5163915711442484,3.3071053,1.588485
2017-01-30 09:00:00,17.923160308531465,24.160309,13.378967,14.277122177231824,18.35706,11.913051,2.1332813534803394,2.8426163,0.9613686
2017-01-31 09:00:00,19.005351870921004,23.70987,15.3993225,14.504621081168912,19.187315,10.415798,0.9438038171193125,1.5007489,0.3200622
2017-02-01 09:00:00,17.972299182256506,20.645966,15.716278,14.396714580387593,17.60577,11.484676,0.9820946872893845,1.7871944,0.30140373
2017-02-02 09:00:00,15.491149852538967,17.26413,13.084442,16.268051981459397,23.165695,11.3727255,1.5033126642471089,3.0924873,0.5307637
2017-02-03 09:00:00,14.989600232680573,17.528076,12.715576,67.2753264584372,79.54294,57.648403,1.3953285379406741,3.5236986,0.1792797
2017-02-04 09:00:00,12.848729114237244,15.904816,10.512238,74.10201773229194,90.68068,48.243183,1.9574773027955121,4.968837,0.55833095
2017-02-05 09:00:00,14.873306192833297,16.549408,12.96933,32.20756529290085,40.534897,17.94624,1.086526404716001,2.122585,0.28436774
2017-02-06 09:00:00,11.813975516015034,14.304352,9.968414,67.01322348703522,91.68352,29.3927,2.7851703522769076,5.721179,1.5062549
2017-02-07 09:00:00,13.531763769586348,16.392426,11.247894,79.04634842621167,90.30762,71.08887,3.2888122851507506,7.8462796,1.2721426
2017-02-08 09:00:00,15.953170743937847,17.867157,14.351532,85.62268965522323,96.17829,71.624,2.180215230372137,5.744278,0.5926773
2017-02-09 09:00:00,19.106117849045177,20.742706,16.959503,26.664341645443482,32.118732,21.106943,0.8650042192208859,2.0192115,0.17757854
2017-02-10 09:00:00,19.82169076882758,21.443207,18.1893,26.631703517261112,47.500923,17.912266,1.5535299920666321,3.9994526,0.14343424
2017-02-11 09:00:00,13.094753593883922,16.804169,8.397919,76.05650665960216,85.78591,66.68566,1.6619427022109352,3.7376497,0.59052765
2017-02-12 09:00:00,13.554152061307661,17.321442,10.065582,48.76588024603504,61.321033,39.43822,1.8080125077847615,3.2330248,0.38591346
2017-02-13 09:00:00,16.815174226294403,22.210114,12.913239,34.03526407136325,39.645058,27.217834,2.026951713993241,2.8972654,1.0480763
2017-02-14 09:00:00,17.809501552481265,21.176666,15.198151,26.275050472393207,33.8921,21.206203,1.004038250646765,1.5322981,0.2815561
2017-02-15 09:00:00,18.452827811688735,20.485016,16.641266,16.051773728916295,19.436075,12.63878,1.316833923066241,1.9487082,0.5433581
2017-02-16 09:00:00,19.868442682033105,22.36734,17.820465,15.128463935143754,22.205204,9.377078,1.1949711306850572,2.2471895,0.4401972
2017-02-17 09:00:00,15.315859197529335,18.463287,10.969147,46.07851867869439,74.55516,26.590317,2.3579299902332487,3.4185338,1.925846
2017-02-18 09:00:00,10.155981102118346,14.900543,6.8419495,91.46234032266412,96.81781,77.07172,2.5679319766269297,4.6079764,0.83514106
2017-02-19 09:00:00,11.79805544019706,15.078033,8.91983,79.81799877018896,93.65451,68.8342,1.749656437393948,3.3849506,0.7505685
2017-02-20 09:00:00,11.889665217753077,14.680328,9.549469,87.12030343116874,95.85096,77.42127,2.7202148769681593,6.059842,1.275129
2017-02-21 09:00:00,13.565530890747482,16.305817,10.45108,63.58256757966166,91.84642,31.1433,2.0568205607888923,4.850732,0.5797703
2017-02-22 09:00:00,14.548600981407844,17.683502,11.76358,56.69238562659685,84.04489,17.103487,2.2849948550075814,4.9411225,0.70537883
2017-02-23 09:00:00,11.836756531301887,16.34024,7.646881,48.1889594875397,65.8142,21.290762,2.994318271234186,5.961176,1.5421196
2017-02-24 09:00:00,9.482398613843316,14.792633,5.231842,31.71387222115818,45.143005,18.323208,1.8644095948610098,2.9379497,1.1126579
2017-02-25 09:00:00,12.049879255003361,15.490631,9.0589905,25.659029423947736,33.53934,16.133417,1.0434809259509956,2.5409694,0.06639013
2017-02-26 09:00:00,10.47568470890235,13.749176,7.186676,38.18590460744638,68.70329,10.007977,1.4744146729282706,3.5443437,0.3558167
2017-02-27 09:00:00,9.507284988914137,13.3229065,6.8873596,81.83253075418817,92.81259,70.87824,2.183828533167136,5.1315956,0.9357646
2017-02-28 09:00:00,9.96564033497998,14.358307,6.2984924,49.320388277588926,64.71191,33.12597,1.7928002427892678,4.247773,0.5959661
2017-03-01 09:00:00,13.265754004926805,17.39273,9.931793,27.489524392610544,37.483746,17.776714,1.714873949130922,2.6813636,0.80148405
2017-03-02 09:00:00,16.906598144883844,22.351807,13.29126,15.29692263420863,22.266546,7.501437,2.854712277175387,4.3700657,1.3105729
2017-03-03 09:00:00,20.04988230995832,24.894257,16.486053,9.718668722824507,19.509052,3.6849852,2.327235138804691,3.4382648,0.68626636
2017-03-04 09:00:00,20.984870060980768,24.391449,18.110199,12.801058385924746,20.05981,8.286858,1.3903483981678662,2.529547,0.53558767
2017-03-05 09:00:00,15.086242493069165,17.657257,13.16507,25.818661655328626,44.940605,11.448419,3.272930688630327,6.610585,1.86355
2017-03-06 09:00:00,10.411846278117025,14.357788,7.449585,37.014627378570715,57.239223,21.991753,1.9224136470657542,4.9009624,0.51325536
2017-03-07 09:00:00,13.731430740829467,17.136383,11.119537,28.10718535062913,33.74221,20.48049,1.4632817645012284,2.7254086,0.26970872
2017-03-08 09:00:00,18.736260521637348,22.855865,15.473053,24.769282145640318,36.312634,16.297007,1.634809896492186,2.5542996,0.14072523
2017-03-09 09:00:00,22.404501850912027,26.911285,17.885498,21.10369313808906,25.566631,16.900717,1.2084259859924225,2.0472925,0.10083948
2017-03-10 09:00:00,24.658242857614084,27.1203,21.971863,18.651013701004036,25.088696,13.889478,0.6338215180600998,1.4099593,0.099128984
2017-03-11 09:00:00,22.760882327197407,25.20108,19.687408,18.264304192913333,24.61765,11.070523,1.0743976029883493,2.0457053,0.28288046
2017-03-12 09:00:00,24.29552696857229,26.712616,19.882538,19.29697859961906,27.274084,15.176572,1.4693372188945795,2.453812,0.50587624
2017-03-13 09:00:00,25.767671175634916,28.005371,21.46045,15.781585150597271,18.04346,14.367681,1.1254410232688274,1.7981073,0.32541296
2017-03-14 09:00:00,26.266642619124354,27.998566,22.273956,14.078557037201483,18.389019,10.600865,0.5343221764896763,1.2210698,0.2919114
2017-03-15 09:00:00,25.858306403814424,28.331207,22.983551,17.899467868541432,25.396252,12.480628,1.5609209012231384,2.9269495,0.6617698
2017-03-16 09:00:00,24.40716084902658,26.642242,21.310211,22.327260844402527,31.1752,15.970785,1.7899467835523823,3.9100425,0.28238347
2017-03-17 09:00:00,23.641416607561666,26.957672,19.551422,20.425520922486342,26.968838,10.410243,1.0176196748432704,1.9905282,0.35976914
2017-03-18 09:00:00,24.408889039465635,26.884186,20.046295,15.903688300169977,23.20427,10.772927,1.575370951079758,2.6213622,0.8575478
2017-03-19 09:00:00,22.89090956425713,26.427887,18.984528,15.094042194332138,21.825697,7.669039,1.623409262345276,3.0652723,0.51638633
2017-03-20 09:00:00,21.869945086330972,25.562897,18.389069,25.27930040900863,32.40913,12.790552,2.2823288890503464,4.008266,1.3400573
2017-03-21 09:00:00,18.61192687336387,22.780914,17.200836,37.89414047321432,52.17695,21.872261,2.8320484064374902,6.076547,1.4505576
2017-03-22 09:00:00,14.163978821672345,17.554657,11.023041,71.5659694489254,90.91042,58.86815,2.2421283842798685,5.009586,0.9536108
2017-03-23 09:00:00,14.19690876506047,18.337616,8.730194,51.228475070467226,67.58395,32.23629,3.080082628197222,5.984044,1.2183086
2017-03-24 09:00:00,16.966868268052337,19.360504,15.116119,24.241726069105045,37.366463,15.039999,1.7752197559721867,3.7957861,0.62386894
2017-03-25 09:00:00,18.820654133085895,22.477692,17.225739,43.324412497343744,62.53975,18.656939,2.466221612142955,4.839106,1.4106
2017-03-26 09:00:00,16.463595347441185,18.720123,13.700592,43.94432532484344,55.21762,34.881683,1.7878546145044814,3.7236426,0.49244893
2017-03-27 09:00:00,18.063512882405007,20.586823,15.889557,59.63156038474884,71.33103,43.955223,2.6716765119926,6.885167,0.64817697
2017-03-28 09:00:00,16.984522131797462,22.118073,12.773346,27.367723944479824,47.971123,19.129082,2.963446279291621,4.0039897,1.5008854
2017-03-29 09:00:00,21.515408881686483,25.631744,18.346588,16.55764508329695,26.17081,13.291264,1.8147795633626822,3.0777366,0.25594094
2017-03-30 09:00:00,24.813430725727073,26.924957,21.948395,24.188751428466592,35.70896,17.568748,2.326652930131367,4.7185946,0.6578889
2017-03-31 09:00:00,16.55146999372073,23.003326,10.621002,32.0140008939718,40.551537,23.18435,4.263871000435226,7.61754,2.0243428
2017-04-01 09:00:00,19.015186415751998,21.959137,16.328278,31.428432214279088,35.79136,26.732765,1.3083962841865127,2.106822,0.21027966
2017-04-02 09:00:00,22.94779445014757,25.184479,20.280182,23.774305203641884,28.983494,20.67123,1.101646246897701,1.8407173,0.4621772
2017-04-03 09:00:00,21.59654385461255,25.131256,18.576569,33.46969430299005,44.19254,25.204258,2.707182088316105,5.826591,1.3230358
2017-04-04 09:00:00,20.207099664590714,23.078278,17.293121,22.8426687459079,30.520142,16.465454,1.259430001116801,2.1312623,0.38510793
2017-04-05 09:00:00,22.629068678104204,24.910797,20.397125,21.943543911216977,27.743639,13.158993,0.7869134666423349,2.0559907,0.2889592
2017-04-06 09:00:00,24.69915760680732,26.285797,21.746735,21.606713476007947,25.487633,12.547841,1.9462224217125028,3.1134822,1.1545008
2017-04-07 09:00:00,20.352842900725705,23.071198,17.661041,7.244643355066157,21.053196,1.3421335,2.872034872498913,5.6975865,1.3594596
2017-04-08 09:00:00,19.064148947635545,21.457672,17.10611,24.354996735341505,45.544613,6.845394,3.5246423978385106,6.8962784,1.7094531
2017-04-09 09:00:00,16.570478478771236,19.402252,12.570221,29.154970567104066,36.781143,14.68756,1.8120532525835702,3.1676137,0.5800754
2017-04-10 09:00:00,18.880832407518824,21.988678,15.801178,14.884317651453738,24.963778,10.657677,1.1671930364859824,2.195833,0.45550245
2017-04-11 09:00:00,21.96296938339509,23.317291,19.598541,12.435925233239034,27.527168,5.48849,1.4201547701174397,2.431555,0.48871702
2017-04-12 09:00:00,21.083752752103294,23.005768,19.046783,28.865146579782344,40.71324,8.564802,2.1363528171323742,4.489621,0.89353764
2017-04-13 09:00:00,21.024804832270718,24.08902,19.21402,48.14079585356705,60.003883,29.209682,3.531414429074031,6.405083,2.0222359
2017-04-14 09:00:00,17.393912427572957,20.162994,14.604401,46.23160060089282,59.220657,37.36415,2.0642274284942226,4.9101205,0.42446792
2017-04-15 09:00:00,19.793451513866614,22.333649,17.94693,16.092490036564918,25.922039,9.898602,1.3803815231793999,2.6194012,0.42795005
2017-04-16 09:00:00,23.36072129955369,25.25943,20.185211,10.608114171792035,16.523823,7.3279963,1.917411413305815,3.131093,1.1666089
2017-04-17 09:00:00,22.324046113709244,26.014069,19.199615,12.727685113391054,21.888863,6.912239,2.670461993724001,5.218143,1.3764
2017-04-18 09:00:00,20.693615007483345,22.792145,18.524567,57.6068182462702,68.819374,42.42968,3.2294782222779665,5.894017,2.063893
2017-04-19 09:00:00,19.92983185442364,22.374908,17.130524,34.60624088885105,47.41264,14.561078,2.184640136080969,4.308155,1.2118862
2017-04-20 09:00:00,22.18509919519306,23.941803,18.87735,18.51489832659097,38.6433,5.7559032,2.686457640869999,5.6011086,0.86210334
2017-04-21 09:00:00,22.930406128554182,27.460358,19.173248,19.591474319717125,32.222187,7.434375,1.9777121448846229,3.5494323,0.31876662
2017-04-22 09:00:00,27.70601777634846,31.115143,24.2753,16.65011447010897,23.96753,14.093772,1.0626841058697378,2.1062076,0.30611026
2017-04-23 09:00:00,28.06106805650944,30.365875,24.143219,18.011227312586026,29.923756,5.393284,2.26789994040574,4.208607,1.1428779
2017-04-24 09:00:00,23.126668974540166,26.116852,19.771149,30.75788352725186,49.573284,14.713909,3.366996688571583,8.136719,1.1286441
2017-04-25 09:00:00,19.66995082012511,22.585358,15.532623,48.03698890692437,59.93956,36.97422,3.6837670742389736,8.683132,0.8437661
2017-04-26 09:00:00,20.223136704815317,23.911285,15.05191,36.83543263098623,51.151142,25.561298,2.5917754044936108,4.402582,1.25926
2017-04-27 09:00:00,22.093613562584494,27.016266,16.68814,38.89421010959966,63.070404,23.933163,3.515886422765506,7.6266694,1.2114245
2017-04-28 09:00:00,21.32994561194306,27.54483,14.548737,28.257050849627603,46.340126,16.153852,3.3027140389486997,4.8725743,1.584953
2017-04-29 09:00:00,21.05933107710996,26.562897,17.46524,13.890531645224641,16.952505,11.614447,3.4700890371390853,4.632722,1.9719636
2017-04-30 09:00:00,23.972283121868372,28.25235,21.116852,8.93723107912362,10.2526455,7.6600685,1.051719989062287,2.1231668,0.3800505
2017-05-01 09:00:00,26.26501602093805,28.262115,22.764069,16.615010150694268,20.259378,11.18516,0.8772347597460894,1.9113619,0.13336284
2017-05-02 09:00:00,27.86245003777617,30.456207,22.610504,19.95496361957726,24.41446,11.418365,1.1551333160518988,2.0894403,0.48327762
2017-05-03 09:00:00,28.281409563082377,31.34903,22.43106,21.365478071053964,25.976093,15.878437,0.8694136104942218,2.147106,0.17086735
2017-05-04 09:00:00,29.561746726118145,32.75357,22.804352,20.19414106782367,25.578466,16.38193,1.130087775157014,2.713553,0.17770071
2017-05-05 09:00:00,28.36552684536673,32.416656,20.029938,15.472294865741347,20.149372,12.461609,2.242250311792408,3.8687503,1.1743888
2017-05-06 09:00:00,23.254634052627182,28.098541,17.51065,24.50402376250843,32.64942,14.797857,3.1333495260443724,5.5362515,1.6073598
2017-05-07 09:00:00,13.789316273472082,16.624176,10.960114,67.63045785263013,83.06573,50.99151,2.4599199132416056,3.283914,1.426339
2017-05-08 09:00:00,17.901801624033908,19.530426,15.743317,29.507928032215478,36.65548,16.723873,1.6850634925924464,3.8911133,0.120697685
2017-05-09 09:00:00,21.939840944133834,24.542389,18.714508,32.71147130778417,44.502357,21.602917,1.1880322234963425,1.9559529,0.54027987
2017-05-10 09:00:00,18.96157524688681,24.21231,16.704498,68.11893943305985,81.30911,44.636536,3.022104322011588,5.910081,1.850237
2017-05-11 09:00:00,20.687731996067555,24.040192,18.955719,45.72802526592445,59.49986,25.163921,2.2919379761154626,4.8986,1.2098087
2017-05-12 09:00:00,23.659104643234343,29.17862,19.036041,33.1948210101637,48.69197,19.359941,2.3282309512392922,4.7956724,1.1210513
2017-05-13 09:00:00,20.850483995515447,25.2211,18.947662,32.79771750868487,47.2332,20.290737,2.2585478829701255,5.370794,0.371442
2017-05-14 09:00:00,21.17864693827579,22.937653,16.908356,27.27414170856926,38.590576,17.64917,2.3514312568327527,5.038601,0.9588822
2017-05-15 09:00:00,17.971098075611508,21.600983,16.138092,50.91838837848554,73.29204,16.595293,3.3407479030621756,5.9597645,1.7732093
2017-05-16 09:00:00,16.41564166969431,18.54068,13.888336,61.59636925252792,84.00499,36.509247,2.667487906345577,5.9168353,1.340648
2017-05-17 09:00:00,17.62523717748917,21.52652,14.024567,64.27100538096667,85.92785,43.099506,3.4297584413587336,7.983982,1.7550288
2017-05-18 09:00:00,19.86910158125636,22.350739,17.639801,31.82665629485047,40.762863,24.81755,1.5454645489341436,3.0318222,0.4127524
2017-05-19 09:00:00,24.489027742904454,28.449371,21.629059,18.855391545710397,24.003178,5.455282,1.429774380374451,2.5349162,0.42672172
2017-05-20 09:00:00,27.684533675308387,31.148102,25.011383,16.718130953702754,18.637451,15.012451,0.8521800613174775,2.0437157,0.11017593
2017-05-21 09:00:00,29.289207782086407,32.066315,26.685455,16.951111806572495,19.454287,13.049971,1.3077862593719634,2.5274763,0.8685308
2017-05-22 09:00:00,28.9990633294247,32.22818,23.98404,17.26296191462109,21.03714,13.080108,1.5109157236044424,2.7929971,0.79793984
2017-05-23 09:00:00,30.009232995186835,33.977936,21.81192,15.681307819745397,18.516983,12.86464,1.4623631033736932,3.7146494,0.8093864
2017-05-24 09:00:00,29.90626905321841,34.492096,22.57608,11.76562113793795,16.482582,7.6476574,2.4719639685552717,4.6024513,1.2353904
2017-05-25 09:00:00,25.326487098272878,31.64737,18.184479,16.3220476448094,24.081772,4.60948,3.639532450867734,7.705415,2.077596
2017-05-26 09:00:00,20.30246918144934,25.023102,18.17154,51.42912000162002,64.606,29.676315,3.7369011032983406,8.245237,1.9867632
2017-05-27 09:00:00,20.44200875306757,23.4628,19.22647,44.122559856083946,63.524662,27.343752,2.194260654075393,4.098832,1.0080664
2017-05-28 09:00:00,25.21744421719336,29.316315,19.214752,24.09573397988714,33.520996,11.794432,1.1200755822458046,2.9272416,0.5876689
2017-05-29 09:00:00,27.318190150155715,32.614166,20.20987,16.692165258764625,28.05943,6.805523,1.6476408760938512,2.688085,0.9508136
2017-05-30 09:00:00,26.404660044052093,32.160797,18.707672,22.147993048531813,29.82896,15.618023,2.0660988423901814,3.6750157,1.1410261
2017-05-31 09:00:00,25.723171519919276,31.96524,18.66446,24.260563747507895,30.911537,16.927162,2.1468702820396244,4.1800375,1.2364093
2017-06-01 09:00:00,21.182358671936242,22.66275,18.683258,42.78210109234821,51.902058,32.7772,1.9595825632334702,3.862361,0.9521747
2017-06-02 09:00:00,26.16517661801913,29.285797,20.072906,27.451051119611314,35.47203,21.893908,1.363434315858189,2.4293218,0.6432626
2017-06-03 09:00:00,28.780349196354337,33.314606,21.500153,22.27384047104685,30.623318,16.0556,1.1000165660428547,2.5758684,0.26990607
2017-06-04 09:00:00,28.05548043747666,33.957184,19.96109,21.324662489584227,28.17976,15.903375,2.1869655385540514,4.13267,1.1197648
2017-06-05 09:00:00,27.756065809022516,33.439606,20.04898,19.95474273069038,26.09267,16.258907,2.11717898693825,4.1448174,0.9602732
2017-06-06 09:00:00,27.20062024171392,33.627594,19.26236,14.696229632725272,18.590687,11.985217,1.9537206554952395,3.151653,1.107304
2017-06-07 09:00:00,26.3168624549362,33.972076,17.901764,17.762195586425456,24.263687,6.5588865,2.249634013666273,4.2661905,1.2992
2017-06-08 09:00:00,25.49716523389958,31.967926,19.286285,19.73487922712418,30.443073,6.097126,2.7388630927456394,5.363128,1.4838583
2017-06-09 09:00:00,24.377111891090806,29.194733,20.108795,29.1254659519237,40.34495,15.239701,2.557342678457971,5.307075,1.3726045
2017-06-10 09:00:00,24.096902796463723,28.297028,20.968903,49.53745495062084,73.93469,23.844563,3.1034489774787843,6.4009876,1.7244645
2017-06-11 09:00:00,20.568867918435103,25.082428,18.557037,52.00705787703949,71.49733,27.180882,3.4155282180714317,6.642215,2.097301
2017-06-12 09:00:00,18.899332339579757,21.503815,16.228668,36.85871143988917,52.283813,21.756472,2.701214376627371,6.2702036,1.142225
2017-06-13 09:00:00,22.06953406505056,24.103668,19.369293,21.185367880370407,31.687454,12.889481,1.5003424501580924,2.8550985,0.40472206
2017-06-14 09:00:00,26.844142595774827,28.232819,22.332428,16.310547610279073,25.893074,11.999713,1.1135992444601097,2.314778,0.33078572
2017-06-15 09:00:00,29.97400621693083,33.545563,23.309235,13.746549101855125,23.059711,8.446297,1.678835906272911,2.930651,0.7697314
2017-06-16 09:00:00,31.316104917474036,35.63858,23.679596,10.391689745018978,19.357838,5.9866095,1.5176024751622044,2.8894193,0.4080568
2017-06-17 09:00:00,32.67351394531744,36.923492,25.07779,10.674238266085196,18.849125,5.2670927,1.7559200837418514,2.6877337,1.0419551
2017-06-18 09:00:00,32.49014441643129,37.8732,24.1857,18.86450428721136,27.458344,4.73178,1.5548148398688018,2.572709,0.83009785
2017-06-19 09:00:00,33.36898228024654,39.651764,23.608795,14.770410369017288,21.341053,8.657459,1.7582622871993046,2.7760835,0.8902015
2017-06-20 09:00:00,34.301384677817566,40.970367,23.931305,8.603732151532384,14.640423,4.5947685,1.8753935611040535,3.4550111,0.85155314
2017-06-21 09:00:00,34.644850282761126,40.398346,24.14444,15.162840493154544,22.761356,8.636356,2.0901895775372545,4.204627,0.98040044
2017-06-22 09:00:00,32.93958858180838,38.997467,23.99356,16.56573699921577,27.67031,7.738186,1.954918724845244,3.565949,0.99065596
2017-06-23 09:00:00,31.373189140076818,39.509674,20.568268,13.451734359117516,23.067574,6.1417933,2.089034038235801,3.7009354,1.0747443
2017-06-24 09:00:00,32.25864325521485,41.170807,21.20987,13.25716308431065,20.0499,3.4647646,2.039531772096491,4.050245,0.7330504
2017-06-25 09:00:00,32.9387742423329,38.314117,22.19571,13.168315365674072,15.748281,10.509999,2.2904448077197204,5.0576677,0.92765623
2017-06-26 09:00:00,36.254963585999064,40.265533,24.934967,7.834880399965067,9.590018,6.0666304,2.8661133368758183,6.441829,1.0222051
2017-06-27 09:00:00,33.44142174624977,37.15616,25.304596,10.712606081621386,14.458541,6.849449,2.667459552309984,5.5986786,1.1365551
2017-06-28 09:00:00,30.723280163179993,35.60269,23.83902,13.984207856422083,19.564472,5.9277525,2.722444403818181,5.501206,1.4121233
2017-06-29 09:00:00,28.15365451655589,34.598785,21.077301,20.9502142728839,30.488724,13.649053,2.3183170740499577,3.9116483,1.2881191
2017-06-30 09:00:00,28.765552725399687,36.173492,20.735992,13.628319491473725,17.064049,9.782798,1.8555994105128792,2.5305994,1.0661546
2017-07-01 09:00:00,30.687078741286996,37.55484,21.369293,14.120503285860305,18.991821,8.518968,1.9667450098578014,3.3422406,1.1355212
2017-07-02 09:00:00,28.016001704029236,35.868317,20.352692,22.912248685064537,30.045685,14.874909,2.505694332122881,4.8494945,1.4321077
2017-07-03 09:00:00,29.167133162136736,34.9899,21.917633,10.08232517884687,22.326883,6.350588,2.1488712293729666,4.017961,1.0530269
2017-07-04 09:00:00,31.4623434497463,36.029205,23.751862,7.8943377246277695,17.740047,1.7700338,2.2022008288495387,4.4735293,0.8863237
2017-07-05 09:00:00,32.88442429462822,37.002106,24.408356,14.78181478379875,18.217945,10.479423,2.1669940692969423,4.134748,1.076271
2017-07-06 09:00:00,32.31564766636501,38.25064,23.959625,18.129919873669227,23.936756,12.926715,1.7806987189749355,3.1680925,0.8922456
2017-07-07 09:00:00,34.69159661536031,38.538727,25.115875,18.441961367717955,20.788921,15.70689,1.6116506230677505,3.3141468,0.31719106
2017-07-08 09:00:00,35.652605092767374,39.388824,26.886871,15.777598350562593,19.419136,12.404778,1.054031556649926,2.9699397,0.2013439
2017-07-09 09:00:00,35.00075330180056,39.733063,26.0065,16.424367044725024,23.778757,12.901438,2.2103501110413286,4.2157836,1.1270896
2017-07-10 09:00:00,31.24813274017373,33.82144,26.542145,32.39386754784177,41.370262,21.233482,2.1636572827296963,3.9562259,1.0898945
2017-07-11 09:00:00,30.792276860154402,34.07486,26.201813,46.03191467523434,51.551746,38.65753,2.496101777529964,4.1128464,1.5286684
2017-07-12 09:00:00,30.363450724568622,34.920563,25.008453,42.23900114222937,49.101246,33.644215,2.6192723249241925,5.121717,1.4028399
2017-07-13 09:00:00,30.4318458856294,35.79068,24.624664,22.764215039337174,32.988953,11.185123,2.34395313448618,4.6003456,1.1920125
2017-07-14 09:00:00,30.954397287056565,36.588043,24.447418,24.71906582900129,35.280224,13.997292,2.1570996960836766,3.8741732,1.1233602
2017-07-15 09:00:00,32.0450070320241,36.7023,23.973785,14.834933632963343,19.193005,8.075816,1.7695007913542207,3.2943523,0.9113828
2017-07-16 09:00:00,32.00823118535146,37.890778,23.853912,14.70602151029795,20.86348,10.275694,2.113695551505772,3.8933177,1.0904995
2017-07-17 09:00:00,32.72647549096547,39.950836,23.861725,20.623167490596295,30.156837,9.664348,2.356592886343767,4.67841,1.26421
2017-07-18 09:00:00,31.17676851094967,37.496002,24.058502,22.58921663578987,34.921852,11.291351,2.224784093695464,4.4404707,1.1760184
2017-07-19 09:00:00,31.31714408434692,36.950836,24.495758,25.489663569472917,35.979477,13.751989,2.127660886456105,4.344162,1.0612748
2017-07-20 09:00:00,30.238454589703338,35.76407,25.141022,17.570150515938764,28.237926,6.7848005,2.212754746770987,4.338832,1.14336
2017-07-21 09:00:00,30.385845290991654,35.49405,24.828033,12.407584477020583,21.624565,-0.052130103,1.990651866224012,3.5794458,1.0759983
2017-07-22 09:00:00,30.32231555813985,35.442047,24.541656,11.474794194869206,17.478924,4.675127,1.6617328702956382,2.8095965,0.9532132
2017-07-23 09:00:00,32.15548485478752,37.43106,24.58731,18.22643065321585,26.617184,13.011715,2.0549062957970325,3.5173295,1.207428
2017-07-24 09:00:00,32.629289239262846,38.61319,24.021393,22.709728482782864,33.09419,7.4920015,2.40495031975396,5.1154995,1.0137798
2017-07-25 09:00:00,26.357503772911798,30.350006,23.617584,36.12798787897123,47.415,13.4987545,2.1433736014855573,3.9685056,1.1949631
2017-07-26 09:00:00,28.629278172045474,33.088287,23.191803,46.24304963308384,59.494915,31.678099,1.901720180028075,3.037449,0.9602693
2017-07-27 09:00:00,30.13228908411662,34.243073,23.600494,21.367413578799063,30.874893,11.999979,1.8774816445684634,3.0094864,1.0323913
2017-07-28 09:00:00,32.18439137718184,37.310944,24.119537,16.462276578535405,23.428375,9.6979065,1.9529249772665798,3.0750377,0.9388691
2017-07-29 09:00:00,29.575554132486616,36.04776,22.516754,21.4254749796921,27.796131,14.66932,2.074188263708872,3.805395,1.1277202
2017-07-30 09:00:00,31.343090783411526,37.625153,23.293121,16.165261217086513,25.490818,10.026065,2.2486440391146476,4.1792493,1.2290071
2017-07-31 09:00:00,32.211158289695845,38.052155,23.456451,13.199738660000085,16.146366,8.223555,1.9048874159387181,3.1622725,1.0633355
2017-08-01 09:00:00,33.431518961300355,38.683746,23.871246,15.003085500247426,20.221394,11.686236,0.8985417337724341,2.9480724,0.10186581
2017-08-02 09:00:00,31.071425320415983,34.694,25.379791,39.400183504476374,45.849937,28.745918,1.3978325573370776,2.8334014,0.3296688
2017-08-03 09:00:00,29.902723017900882,33.054108,26.309479,52.25759630345203,59.75986,44.291077,0.9246524012596109,1.41408,0.4865557
2017-08-04 09:00:00,29.606918307180877,32.93863,26.819,43.05072239170213,51.984688,28.996168,1.8902583101396564,2.8453145,1.1602497
2017-08-05 09:00:00,29.825409640872124,33.122955,26.04483,36.62516465587804,48.345634,25.150322,2.3166006490839415,3.930901,1.452559
2017-08-06 09:00:00,29.512271034635262,34.621246,24.377106,40.222131234101774,49.625103,34.3628,2.1742510040543483,3.5935824,1.2910044
2017-08-07 09:00:00,28.94201537708375,34.51895,24.24356,26.76529249980646,36.833138,18.26673,2.1219948088521488,3.6773608,1.1195302
2017-08-08 09:00:00,30.055941300526626,34.868073,23.795807,23.632666407583265,34.43807,15.375567,1.9421426986440993,3.2809286,0.94091666
2017-08-09 09:00:00,30.676421644018603,35.13907,25.000397,21.09058803205987,30.05061,13.406078,1.7953379937832887,2.8935094,0.91138214
2017-08-10 09:00:00,30.140257998646916,35.05069,24.38272,28.902456519429517,38.41842,20.887167,1.9464637216390341,3.392799,0.8549866
2017-08-11 09:00:00,30.53693976609634,35.707672,24.522125,20.07076966591992,25.956917,9.925668,1.6230550912709956,3.0426068,0.7347206
2017-08-12 09:00:00,31.63867428512765,35.907867,24.343414,12.038920294548113,20.073185,-0.028690338,1.9089231139300364,3.070048,1.0070212
2017-08-13 09:00:00,30.777051309490673,36.79068,23.249664,11.426102263042747,19.75678,0.7255306,2.0469837842460463,3.6219413,1.0851305
2017-08-14 09:00:00,29.69687362024615,35.04654,23.730133,23.21696888657113,33.538208,12.006957,2.7915278279607976,5.7923465,1.4921536
2017-08-15 09:00:00,26.140686581103864,31.307037,21.988678,32.78039836656876,46.701927,13.841261,3.329466742420152,6.9186397,1.5630891
2017-08-16 09:00:00,23.738575159715538,28.705475,21.595612,51.074558773111384,76.167885,16.26208,2.42422612172766,4.416274,1.204951
2017-08-17 09:00:00,26.348396724368968,31.244781,22.111725,36.01761950229288,42.32055,26.521603,1.6616167385786362,2.6735382,0.8938691
2017-08-18 09:00:00,29.17948606211678,35.172516,23.201813,36.27300449695878,46.335857,21.885906,1.4790911289888053,2.7451007,0.76194304
2017-08-19 09:00:00,29.78274927092974,35.412018,22.777252,31.706592987562754,37.50085,23.80788,2.0283114892074554,3.8535333,1.0348241
2017-08-20 09:00:00,28.1191586179458,33.902985,22.354156,28.191563530255277,36.95634,20.650314,2.2968683435605133,4.351834,1.3648163
2017-08-21 09:00:00,27.792728318313607,33.401276,22.92862,29.248555362188103,36.146233,23.019167,1.7727423547599288,2.5102382,1.1219336
2017-08-22 09:00:00,28.71716096199748,33.306305,23.849274,16.1098815887153,22.72295,10.464194,1.398119590766765,3.2837136,0.7695325
2017-08-23 09:00:00,30.36803751871861,34.460846,23.884674,19.822746770856643,25.977928,15.031935,1.9410132697414357,3.6659896,1.327275
2017-08-24 09:00:00,27.619542770305884,33.074127,21.72647,29.508148596700597,34.505123,25.672352,1.764514781877853,2.8435037,1.1636933
2017-08-25 09:00:00,29.063926003470556,33.81485,21.785553,29.67860409880368,35.540894,22.304628,1.0054526145492206,2.5206697,0.46654937
2017-08-26 09:00:00,30.733607603586336,35.86783,23.047272,23.140278951922802,28.27809,16.453146,1.0358509339351953,2.0177143,0.53545684
2017-08-27 09:00:00,33.00732763099086,38.187164,25.32779,15.396716294181502,20.855543,11.62042,1.4411494027552119,2.7994776,0.5534448
2017-08-28 09:00:00,34.47954945700138,38.18692,25.36856,14.873353163167726,16.71703,12.880894,1.1766172543840503,3.0860174,0.5306232
2017-08-29 09:00:00,35.614242829263105,39.175934,27.478668,16.578871569919084,22.477142,10.348823,1.1198041170401423,2.3622124,0.39108822
2017-08-30 09:00:00,35.43556303747107,38.247955,28.162018,15.583793698535938,20.674473,13.150931,0.7193338482282895,2.1502154,0.040895768
2017-08-31 09:00:00,34.38231267575162,37.979645,29.30191,21.71946211077712,24.905268,18.63183,1.2352514273502833,2.2231545,0.29574856
2017-09-01 09:00:00,33.65135307015453,38.044342,30.964264,26.661446690386548,30.271706,23.54905,1.8669739519552329,2.69703,0.74531955
2017-09-02 09:00:00,36.887268903746985,39.232574,30.097809,17.75339194980917,20.177456,15.457266,1.5961717014054317,2.704481,0.37730697
2017-09-03 09:00:00,35.52596142570451,37.954742,32.115387,29.637211585706716,45.302376,15.544565,1.141800632177135,2.221962,0.20066556
2017-09-04 09:00:00,29.399209057728456,34.02115,26.650055,65.56748620270372,77.92581,44.027378,1.8046046484715912,2.7997558,1.1208186
2017-09-05 09:00:00,27.760170329440655,33.49112,25.282623,40.33157987682865,52.512596,31.340721,1.6187467985200454,2.606254,0.8974939
2017-09-06 09:00:00,30.493602011447763,34.66861,26.152985,28.538612331948848,31.214508,25.950584,1.9511188823904329,3.720023,0.8875232
2017-09-07 09:00:00,29.595874511026864,33.279938,25.0065,12.236517540170334,21.7975,7.152812,1.5455358299781807,3.3906162,0.5828321
2017-09-08 09:00:00,30.1553481132446,34.151764,25.27481,23.95220555520642,33.460785,15.484224,1.6936931044731693,3.1555154,1.0618478
2017-09-09 09:00:00,27.150380064868614,31.246002,23.242096,20.572200275213113,30.662022,4.56559,1.3017563672437054,1.9565289,0.74513835
2017-09-10 09:00:00,28.25843948714487,31.018951,25.206451,30.327069805851874,39.43469,20.880001,0.9554122864834107,2.618104,0.31326213
2017-09-11 09:00:00,30.443250373624096,32.81241,26.497955,37.43546706236295,58.73875,21.539358,1.2857298521708347,2.5879614,0.286699
2017-09-12 09:00:00,30.914537620101726,33.245026,26.555573,33.70558571277869,47.315186,23.17456,1.55210523904435,3.3319669,0.26848778
2017-09-13 09:00:00,28.405900023022298,33.001617,24.402008,40.741160813281105,53.057186,28.660048,2.3358221301945945,3.8183928,1.5751938
2017-09-14 09:00:00,24.752097841041802,29.724274,22.569977,46.87738709858033,74.05184,25.887781,3.1178373635884093,6.0415773,1.3931756
2017-09-15 09:00:00,23.001156632908703,27.013336,20.90982,66.1459799123665,79.91666,50.596344,2.875698455210094,5.930617,1.6714739
2017-09-16 09:00:00,23.54920493296578,27.419342,21.79898,41.50660678823143,63.339096,29.772692,1.4095787055590125,2.1504014,1.0077227
2017-09-17 09:00:00,25.14816077717836,29.298737,22.156158,45.139445581060265,67.417656,23.79694,1.7318640958624698,2.279448,1.1157858
2017-09-18 09:00:00,24.811135888012245,28.920563,21.902985,30.88329453983938,33.754505,27.742786,1.8958676559414833,3.320133,0.9297628
2017-09-19 09:00:00,25.113152930415595,29.375885,22.120026,35.26307223441987,44.661793,23.462574,2.8200843668823277,5.8342533,1.6447848
2017-09-20 09:00:00,23.747261868073053,27.132477,21.644196,41.64917462697064,73.72661,22.136204,2.7100985236224426,5.543018,1.5712287
2017-09-21 09:00:00,22.68858492159734,26.561188,20.69986,65.59426515845718,86.382645,36.558426,3.271138091700783,6.336401,1.5083562
2017-09-22 09:00:00,18.615636189951317,22.410065,15.603424,42.986988456961875,65.42359,26.880962,1.7177677650179444,4.3687415,0.5286714
2017-09-23 09:00:00,19.64538726101614,21.643951,17.492096,40.29149182607028,60.63673,26.101665,0.6786395141735828,1.2228866,0.21546744
2017-09-24 09:00:00,21.92345603124744,26.003815,18.72647,24.95742544775436,30.455433,20.334307,1.0530797525842786,2.2560763,0.09348115
2017-09-25 09:00:00,23.815268389445635,28.550934,20.484283,20.92947920250379,22.66616,20.06074,1.7777619067384198,3.2873073,0.2232209
2017-09-26 09:00:00,25.709140040720683,29.496246,22.785309,19.089195372386694,21.757868,17.222712,1.7479906425831275,3.2395182,0.48074085
2017-09-27 09:00:00,25.84952204900634,28.179352,23.607086,19.20202763802221,21.870293,17.083023,1.753914541853327,3.366919,0.24817741
2017-09-28 09:00:00,27.536077695231597,29.71402,24.766754,16.49330836322017,18.943188,14.414909,1.3286722816362941,2.17444,0.34687743
2017-09-29 09:00:00,28.43521405858536,30.750885,25.787994,14.392261174838909,17.577568,10.76921,1.0168635965490243,1.742972,0.49029344
2017-09-30 09:00:00,27.845751517801716,29.684723,24.766754,19.610008041692343,25.25127,15.765062,2.028934102833844,4.235188,0.6478421
2017-10-01 09:00:00,24.462371330471342,28.388824,21.55484,27.237242633735942,34.227783,19.901989,1.8867290219240398,3.5726802,0.86832255
2017-10-02 09:00:00,23.830356559161828,28.343658,21.26944,26.118983665218465,60.811928,8.883102,1.5723950831807771,3.1942236,0.86386484
2017-10-03 09:00:00,22.651649907216097,24.73404,21.48404,36.99335893603202,73.6159,13.455437,1.950599075038646,2.8616564,1.4718138
2017-10-04 09:00:00,20.210804668257197,22.515045,17.60611,10.928699990068136,18.794418,5.1225424,0.7316269607836712,1.9651568,0.17035984
2017-10-05 09:00:00,24.163903912408557,26.755035,21.241364,7.7293909047525755,15.029563,1.5037231,1.1408596093358705,1.9833703,0.42756265
2017-10-06 09:00:00,26.518110269578415,29.28482,23.454742,9.823276376063799,14.762531,6.0914974,1.5548479307513727,2.4919655,0.23884213
2017-10-07 09:00:00,28.747263431115698,33.14444,25.423737,9.348057349300174,11.299191,7.98328,1.4306491183142958,2.2297413,0.2766228
2017-10-08 09:00:00,30.084398999608368,31.685211,26.79068,9.666254385916593,12.106532,7.036785,1.889941647105354,3.6205223,0.58851576
2017-10-09 09:00:00,24.9678221376019,29.033356,22.818512,16.533116173340307,20.207035,11.925153,2.0145151630836304,3.1723237,0.97108537
2017-10-10 09:00:00,22.246777656120457,29.024567,18.523346,11.717107582187257,14.109884,9.873405,2.7666848454374207,4.65387,0.63530624
2017-10-11 09:00:00,24.487141328173834,26.665436,22.190826,13.542927473830943,19.251911,10.078249,0.8587182602273519,2.9742317,0.31843528
2017-10-12 09:00:00,23.047340815088887,26.166168,20.752106,17.178023722431536,24.659645,12.214623,1.350689619468236,2.8447347,0.317857
2017-10-13 09:00:00,23.02618518524133,25.327301,20.235504,15.434095055026088,24.316395,9.532464,1.1060188695788606,2.3042688,0.16075616
2017-10-14 09:00:00,24.088371515767676,26.311432,20.608307,7.43361516790104,12.503171,4.207369,1.3439128878018851,2.2431896,0.5069285
2017-10-15 09:00:00,26.247796238720355,30.893219,22.265778,9.267293686770063,15.574578,5.6725674,3.0514405605951396,4.7945805,0.24003765
2017-10-16 09:00:00,27.772406495862356,33.275787,24.27774,8.770636973723553,9.981041,7.095207,1.7103526422793653,2.5624764,0.56139714
2017-10-17 09:00:00,29.02359817101427,33.3627,26.089264,9.850364599865458,11.1175995,8.371506,0.9919858308198757,1.5470606,0.21360545
2017-10-18 09:00:00,29.195340580369134,31.879791,24.92276,21.07983583559731,26.219788,17.141972,1.1702987045987134,2.3458748,0.120748535
2017-10-19 09:00:00,25.984101942831273,27.987213,23.903229,22.4906732501688,29.454346,16.556025,1.6145539206719752,2.9999526,0.59060794
2017-10-20 09:00:00,23.018130808600688,25.672516,21.03775,46.4188545890147,76.25269,21.127693,3.1182922350189974,6.5223513,1.5392368
2017-10-21 09:00:00,18.300867845258495,21.830963,13.830963,28.32683438532839,43.084393,19.127361,1.7651177889681597,3.4015515,0.38054806
2017-10-22 09:00:00,23.739817116911354,28.721344,19.924469,18.269965824562394,24.411572,16.01135,2.2328124922022345,3.1690147,1.1956583
2017-10-23 09:00:00,28.841216355104564,33.884674,25.529205,10.526101683980214,13.274178,7.03199,2.3388011048614983,3.3557339,1.0454903
2017-10-24 09:00:00,31.65358535534665,37.998444,27.293365,13.719508653121029,16.149612,8.087111,3.0672223541620345,4.4990134,0.90105987
2017-10-25 09:00:00,30.94692553452188,38.287262,26.927887,12.970664064595072,15.220183,10.154643,2.176704668848022,3.0251129,0.5681046
2017-10-26 09:00:00,30.671408633914837,35.497223,27.487457,12.231913198990686,13.610802,10.733802,0.5308462536366646,1.0960598,0.09610184
2017-10-27 09:00:00,28.914402216878614,30.404205,26.128815,10.5402279275703,12.812146,6.9564896,0.5987361608956733,1.4854022,0.08880535
2017-10-28 09:00:00,27.81515435924507,29.807281,23.514313,11.850972178765383,13.658942,10.149314,0.9764666325523194,2.2945058,0.17284921
2017-10-29 09:00:00,26.46113337387129,28.41397,21.439362,12.480159946501523,17.328163,9.453162,0.5780116104047539,2.0811493,0.073124744
2017-10-30 09:00:00,22.795408995466858,27.565338,18.489899,23.440977796123075,35.56009,13.513214,2.2287493305132577,4.118998,1.4508334
2017-10-31 09:00:00,18.286990655805766,21.703522,16.27774,66.13335988094657,80.796394,42.85108,2.6584154952142773,5.659056,1.4185848
2017-11-01 09:00:00,17.84154273293126,20.685944,16.197662,70.7620843242172,84.27888,58.02095,1.1915849340620797,1.956239,0.6630818
2017-11-02 09:00:00,18.30671976202916,21.393707,16.506989,74.16407562455224,90.59862,50.83662,2.4411607309220096,4.532712,1.4456277
2017-11-03 09:00:00,15.879140584546121,19.654694,13.295319,75.45514561109611,82.682625,61.600594,2.244082331636112,5.2471957,0.5423825
2017-11-04 09:00:00,16.953362498896638,19.944397,14.358459,58.97468299385488,62.71939,54.258526,1.9151888103945964,4.267686,0.78831697
2017-11-05 09:00:00,18.053585233535216,20.605408,15.570251,69.7917211279982,82.61226,51.565895,2.6897025471781584,4.968819,1.6917319
2017-11-06 09:00:00,17.292307648046403,19.436432,15.198151,50.48840266148281,58.143143,38.682205,2.0108575443340566,4.0279236,1.0793912
2017-11-07 09:00:00,18.160881023862203,20.846344,15.23111,53.45458141493681,66.27368,35.964977,1.3064303869781226,2.806762,0.5344212
2017-11-08 09:00:00,19.938728843454555,22.422516,17.529938,52.728884194034286,63.0652,33.764214,0.6377096658884707,1.4376962,0.23419523
2017-11-09 09:00:00,20.217501929794935,22.75003,17.394562,33.07066770463761,45.236336,14.714386,2.1512767753475592,4.6693535,0.8926101
2017-11-10 09:00:00,19.00790777902631,21.437195,16.964539,35.994574197902864,55.976524,5.577898,2.0504461922669637,4.4955735,0.88395
2017-11-11 09:00:00,17.97653361737207,20.33847,15.795502,25.04551220334048,43.338455,7.8807955,1.070058694465941,2.8130424,0.09130098
2017-11-12 09:00:00,19.609521109538036,20.654205,17.958893,13.512725630248418,21.832516,4.9034767,0.5033652949071533,1.2784846,0.10084335
2017-11-13 09:00:00,18.560389828013342,19.947906,16.182281,11.67480584952305,27.74098,4.7091866,1.0572340633156945,2.4247694,0.2147682
2017-11-14 09:00:00,20.613572739727488,22.100494,16.879791,24.63831386105772,38.82122,14.16497,1.7259552077292344,4.0283194,0.58735996
2017-11-15 09:00:00,21.303332359060448,24.025787,18.485504,14.60300527340751,21.637484,8.059359,1.0311822624576439,2.1172059,0.2847801
2017-11-16 09:00:00,22.604024860430172,24.403961,20.630524,31.25417959184167,35.454994,25.779213,1.280825640115889,3.3654559,0.09704839
2017-11-17 09:00:00,20.744046892370307,24.189606,17.80484,46.297277021616296,51.560875,43.549156,2.536905426200408,5.7940407,0.9495463
2017-11-18 09:00:00,18.230355149612194,20.990234,13.689453,27.631179962770442,40.104057,13.313884,1.1419339606662295,2.0779965,0.2868076
2017-11-19 09:00:00,17.355951608442922,23.697418,13.299469,8.869544230392322,11.904384,6.021571,2.0665102871832963,2.799673,1.2531112
2017-11-20 09:00:00,19.135560092841843,23.71988,16.202301,8.314270107427916,15.548984,4.6722155,1.0726712987719675,1.7062622,0.34381178
2017-11-21 09:00:00,21.457596738844984,24.507843,18.285675,20.45352550673487,22.92939,14.154118,1.4048939559660245,2.058859,0.43620458
2017-11-22 09:00:00,24.692709661055858,29.227783,21.800049,21.457842733057014,22.856346,19.39758,1.769447329822941,2.5653179,0.49299288
2017-11-23 09:00:00,26.645536369797014,31.89273,22.89029,24.127233177333316,26.638767,22.414835,1.4195959434811505,2.0645905,0.6825136
2017-11-24 09:00:00,27.031926274783416,30.479889,23.534576,15.790964784270127,21.68729,13.445109,1.3542469402923463,2.7592537,0.12211576
2017-11-25 09:00:00,25.26936792267128,27.862457,21.062164,20.204892064449965,25.377857,13.861233,0.7304171124834532,1.42548,0.34252927
2017-11-26 09:00:00,23.316655189582036,25.007477,20.45279,11.57044610733661,18.384315,5.267127,0.9821309209686935,1.8136739,0.23935337
2017-11-27 09:00:00,21.429114717224707,24.967682,18.493073,21.89466602204353,30.0265,16.37025,2.798635979398184,5.7810073,1.3447527
2017-11-28 09:00:00,14.92639921005474,19.212494,11.583405,19.800992865057015,31.805786,8.496371,2.0962592708708057,3.487033,0.46762165
2017-11-29 09:00:00,17.06089154803658,21.565826,13.434967,21.837837429387445,26.276625,17.409437,1.9711011277861006,3.0176108,0.56206083
2017-11-30 09:00:00,18.19248746026335,21.946442,14.948395,21.022242001427028,24.834568,17.408787,1.6751613550478577,2.6575701,0.0689951
2017-12-01 09:00:00,19.140383815184634,21.717194,16.568756,27.629468787204182,29.860415,24.736275,0.858665577715008,2.1668968,0.13212226
2017-12-02 09:00:00,19.8536447146696,21.973785,17.946442,23.85594048873982,27.596123,15.682161,0.7897944543663267,1.6937551,0.068420075
2017-12-03 09:00:00,19.91753509125084,21.534332,17.169098,25.700280071658945,35.874454,15.251869,1.474254818356945,3.5122201,0.060621113
2017-12-04 09:00:00,16.150479192757814,18.821686,10.766998,19.15904223214172,25.86766,10.662739,1.8194269758481816,2.992793,0.2880233
2017-12-05 09:00:00,12.828164083233219,20.271393,8.003815,13.711183298398467,16.276552,9.441049,5.129828242736206,7.513313,3.4494019
2017-12-06 09:00:00,14.678747172849853,20.429108,11.163116,10.736107921264729,13.578479,7.047229,3.1701319240507093,4.3294787,2.205274
2017-12-07 09:00:00,17.313363439032855,23.589264,13.107269,9.746803094582466,13.44027,4.8542347,3.380016636612458,4.956943,2.008124
2017-12-08 09:00:00,17.96784062339151,24.457672,13.827759,10.706475934592547,11.569974,9.726224,2.1789653367605797,2.7843144,1.2636755
2017-12-09 09:00:00,18.466606254985834,23.470825,14.880707,10.694772962407487,12.724443,8.521318,1.7894574513491905,2.543282,0.902076
2017-12-10 09:00:00,19.992844557094713,26.987915,15.525024,9.09010435407443,11.992919,6.2653303,2.951193909112392,3.7925375,1.0426435
2017-12-11 09:00:00,19.52952474478076,26.700806,15.237915,8.364974928938192,10.514247,6.98726,2.360208913229971,3.2709963,0.45141488
2017-12-12 09:00:00,19.57940778377315,25.124908,15.829987,3.9849429854858496,5.000822,3.3685236,1.667159985322154,2.3913236,0.6367759
2017-12-13 09:00:00,20.429549946879092,26.187439,16.55072,4.124857191094598,5.273547,2.5469847,1.5058788405781895,2.3274252,0.3898791
2017-12-14 09:00:00,20.815677951077475,25.32904,17.594666,6.181681673384112,7.2461433,5.0405025,1.4723883959999866,2.5484316,0.16766609
2017-12-15 09:00:00,19.76025541698749,24.565094,16.223297,6.526208329868957,10.675475,3.5421753,1.8165912668153101,2.5908453,0.5446816
2017-12-16 09:00:00,20.406216451337343,23.082245,18.550995,9.173536102640156,10.768444,5.610483,1.0682550183705475,1.8985732,0.30657458
2017-12-17 09:00:00,15.186568106031643,18.96701,9.230682,25.505542564169726,32.84156,20.604368,3.2971811055704583,5.7739973,1.5913155
2017-12-18 09:00:00,14.335795725357116,21.096283,9.819397,19.815481480579034,26.517113,14.063987,2.0141134662232907,2.723742,1.2264262
2017-12-19 09:00:00,16.065475606305085,20.301788,12.751007,19.050805412107096,22.582935,16.647669,0.4356047581610306,0.6148575,0.16210875
2017-12-20 09:00:00,16.422475420362275,18.264557,14.5711975,25.258196235563986,31.035355,17.027542,2.0509055303878174,5.2940593,0.5368123
2017-12-21 09:00:00,11.080336060080583,15.693024,5.9391174,25.35088780272273,52.984875,14.007512,1.9468901048559455,3.7420518,0.91437066
2017-12-22 09:00:00,10.976657436922835,17.227386,6.8206177,8.355498900669225,11.401343,5.647437,1.708668960332269,2.53703,0.886536
2017-12-23 09:00:00,13.739574682354714,17.789581,10.148956,7.671402098514189,11.964755,4.9683237,1.3607023842022452,2.0008628,0.5985715
2017-12-24 09:00:00,15.713807247863883,18.466797,12.261719,7.80845827988076,12.665075,3.8248825,1.3536727695311876,2.0367,0.36424226
2017-12-25 09:00:00,17.64325582655806,20.30252,14.929474,6.549228182906724,11.616458,1.4274209,0.8939678507601969,1.8692282,0.34315965
2017-12-26 09:00:00,17.29118951826348,19.106964,15.464386,23.79384738098874,32.410652,16.103481,0.8277514521495165,1.8122412,0.16957274
2017-12-27 09:00:00,18.355637429883245,20.836151,16.361542,17.573292385344615,25.73574,11.169335,1.1458532966716428,1.8431987,0.3466489
2017-12-28 09:00:00,20.268094321383558,24.418976,17.463898,12.249823428659026,15.397774,10.413399,1.1689388711493065,1.9000003,0.41417578
2017-12-29 09:00:00,21.009140608366295,25.64685,18.291382,11.09682781549804,15.072729,8.396851,1.3693831978313646,2.0366454,0.5974861
2017-12-30 09:00:00,22.170093027791722,26.349457,18.90805,9.84177586873043,12.080619,7.971244,0.5118737809253698,0.9052676,0.17485404
2017-12-31 09:00:00,18.64563370857985,19.905548,16.665314,12.206827465673497,15.551869,8.249741,1.1484802296290113,1.8376992,0.22091044
2018-01-01 09:00:00,18.458869851279758,20.136261,16.51712,18.101222249511878,20.670414,16.002445,0.6692155986957139,2.0378442,0.21569791
2018-01-02 09:00:00,18.251169729041067,21.394135,16.31015,10.07352416397526,11.119165,8.705103,1.2341103503776574,2.0251615,0.14228457
2018-01-03 09:00:00,18.830105937218946,22.92804,15.64093,16.49956017730704,19.891876,11.997344,1.8516081299459908,2.5044656,0.5357259
2018-01-04 09:00:00,17.47045773623455,21.998352,13.392883,17.63211734540714,22.27194,12.859707,0.4871073608370215,1.2294914,0.08189582
2018-01-05 09:00:00,19.46615267333334,22.055511,16.65512,45.564893278234756,61.022762,29.280575,1.2803866777960098,2.9881928,0.3273205
2018-01-06 09:00:00,19.007000212537662,20.975891,16.813782,25.236282380331403,52.262955,13.700456,1.423692953776132,2.889135,0.36980584
2018-01-07 09:00:00,17.434573910758388,19.27127,15.482208,39.631682598698454,58.993298,20.490791,0.9795098481446406,2.6474845,0.2630081
2018-01-08 09:00:00,18.148266253403165,21.625336,15.787445,40.600036559723996,50.680893,25.030273,1.3340902931096856,1.8758401,0.39580676
2018-01-09 09:00:00,12.662400042004492,17.342255,9.6528015,86.8897159086809,94.94183,73.16513,2.3995755544122703,3.8271437,1.2418449
2018-01-10 09:00:00,11.436141346097997,15.473724,7.907318,72.11109589865875,88.49336,60.348835,1.4065115503199805,3.1608598,0.3079367
2018-01-11 09:00:00,13.621798882348742,16.749329,11.182922,24.813423308769437,43.628616,13.015334,1.3859250285560516,2.795694,0.42566383
2018-01-12 09:00:00,18.114316248273553,20.65445,15.578278,15.019352703621353,26.860931,5.4438868,1.2904678936550518,2.9368258,0.121175125
2018-01-13 09:00:00,18.069720380355704,22.031769,15.075348,15.681392784615253,23.029724,8.024761,2.1561515189098444,2.8078525,0.8703033
2018-01-14 09:00:00,20.406254490592858,27.283234,16.503937,17.399218681284626,20.961124,13.141519,2.4205199628525698,2.9732392,1.0193671
2018-01-15 09:00:00,19.834487397782425,24.96225,16.559906,19.912492659817204,23.544613,16.52319,1.0364945688573322,1.7041804,0.4243367
2018-01-16 09:00:00,17.910485095480396,19.708832,16.318207,19.399629145598404,25.941685,15.347935,0.7822016610916329,1.6082209,0.103706464
2018-01-17 09:00:00,17.561444219942302,19.313263,14.166779,26.864423406427257,33.77645,20.419283,1.1298978747666406,1.767596,0.21781468
2018-01-18 09:00:00,18.940926582461373,23.045074,15.812653,28.267493152519556,31.56268,26.022102,1.0417047066065153,1.6374487,0.41962546
2018-01-19 09:00:00,19.403321212604567,21.622833,17.484161,34.2711375651239,44.23465,29.488556,1.7043598944525198,3.9534307,0.5683642
2018-01-20 09:00:00,11.56374480358528,16.015656,6.3730774,52.98240527279124,80.87865,31.320774,2.619210148044674,5.698575,0.49506578
2018-01-21 09:00:00,10.064991275567024,15.984589,5.3913574,26.087598806669938,38.393288,14.282155,1.9276600855428638,2.824914,1.0108712
2018-01-22 09:00:00,12.41156291496145,16.419647,8.58371,21.607543511036475,36.386448,12.034886,1.3347176120207633,2.5351253,0.12767611
2018-01-23 09:00:00,14.78273352137279,19.391235,10.795441,23.808029352324134,30.54343,19.42516,1.684036603402134,2.4934561,0.64259434
2018-01-24 09:00:00,17.22311154360608,21.954742,13.382477,13.89123740499724,22.417759,6.277135,1.656639239957076,2.4312084,1.0301654
2018-01-25 09:00:00,17.6897782491356,21.92575,14.441376,14.820889413164645,25.662067,9.010106,1.8287711341746864,3.6475606,0.47610468
2018-01-26 09:00:00,11.738737399580941,16.193878,6.9516907,30.8331341992412,43.368324,15.552983,1.7621283665998366,3.582001,0.40447262
2018-01-27 09:00:00,14.185231862924923,19.001007,9.122101,15.82076775017777,35.963783,9.170814,2.0479438288190974,2.8402095,0.7718652
2018-01-28 09:00:00,18.748909061513018,23.105072,15.47403,17.98015400431418,22.26926,15.438561,3.0172849898803187,4.0606446,1.4818606
2018-01-29 09:00:00,22.409799289078705,28.336151,18.299042,12.554381150719184,19.019966,6.833024,3.088922736737609,4.105033,1.7681681
2018-01-30 09:00:00,22.766734283225503,28.218872,18.504028,12.965267328068997,17.683651,9.989792,2.083153530074004,2.83556,0.9690565
2018-01-31 09:00:00,21.591761831107476,25.819489,18.05191,14.009941870868643,19.990828,9.49864,1.0718465122312235,2.0814106,0.330515
2018-02-01 09:00:00,22.615006158169933,25.685516,19.367157,14.400577490715413,17.408169,9.01888,0.9342621381039209,1.846583,0.16610712
2018-02-02 09:00:00,22.639447331220765,25.840881,20.479553,13.445070923684261,16.711449,9.730979,1.2001891065880812,1.9512161,0.23986734
2018-02-03 09:00:00,23.550395414030618,27.488983,20.70578,17.907343433854262,20.47763,12.05185,1.0371369899540652,1.7613635,0.26197994
2018-02-04 09:00:00,23.836043680021476,26.869934,20.485168,14.642862317960256,20.52071,9.240367,1.252145803332469,2.0319352,0.25957486
2018-02-05 09:00:00,23.715751199160536,26.57431,20.27353,17.739926579172792,21.356628,15.781183,0.6728745702017099,1.1947993,0.061550662
2018-02-06 09:00:00,21.79965706987832,23.341095,18.64383,19.785727171732166,22.60113,17.85113,0.9004571443973969,2.2188258,0.07000411
2018-02-07 09:00:00,21.252652865896266,23.630524,17.590607,12.444045577532373,16.197968,9.037951,2.271931626926315,3.8030767,0.105103366
2018-02-08 09:00:00,21.072773932071414,25.311249,17.733124,10.905469015610793,15.113051,7.089614,1.8942156748662204,2.848921,0.6125725
2018-02-09 09:00:00,23.354126046977797,27.463684,20.13556,12.839104779020575,15.902863,10.008331,1.0113003392550717,1.7427928,0.42991993
2018-02-10 09:00:00,21.653597371482135,24.511566,17.831879,20.301135471730273,24.729027,15.474049,2.236609378229205,4.503632,0.84288204
2018-02-11 09:00:00,17.569876274679928,20.87027,15.661285,8.027612323843105,12.138469,2.673625,1.812139905845043,3.5094,0.24594231
2018-02-12 09:00:00,17.44637051425474,19.889282,15.342407,18.783754797989996,32.007156,11.479814,2.83254707698836,5.1489105,1.5692855
2018-02-13 09:00:00,11.645782048942976,15.995239,8.303833,63.84687270297706,74.54766,46.632954,1.2408874496960134,1.7841443,0.66216433
2018-02-14 09:00:00,14.58842581933527,17.503967,11.052795,51.888494655268204,67.0775,44.764996,1.4153531250098843,2.6909409,0.5311297
2018-02-15 09:00:00,15.305851802443271,18.967682,10.551666,47.3412144099071,53.738083,32.51152,1.0712676826644438,2.521572,0.104581915
2018-02-16 09:00:00,16.78990417546163,22.533844,12.492828,17.78080379166343,25.447865,10.221303,2.5605377189143113,4.288358,0.98537505
2018-02-17 09:00:00,18.313730246663397,23.461395,14.72702,12.697975567083695,17.297455,9.77743,1.1903963192166416,1.9969159,0.33923924
2018-02-18 09:00:00,19.792360130517466,22.93338,17.693146,16.57383170459193,20.124413,12.151756,2.1480687205889355,4.598773,0.8500198
2018-02-19 09:00:00,15.247739124157476,17.871124,12.548859,39.807730299598575,50.844006,28.723219,3.2391058081781643,7.435145,0.9206621
2018-02-20 09:00:00,7.84973919767549,13.64505,2.6626282,26.164041958059023,32.32864,16.732578,2.2637427865720525,3.4244945,1.4807575
2018-02-21 09:00:00,10.084808490851401,14.655365,6.4795837,24.088903529736957,29.410883,19.723862,0.79271888100332,1.5851772,0.18503131
2018-02-22 09:00:00,10.93294691861945,14.695282,7.443329,34.079953110460316,50.26552,24.803928,1.803480931523187,3.4079447,0.55403763
2018-02-23 09:00:00,11.430354020778282,14.683197,7.794525,48.25112795988763,61.520405,35.79902,2.9300012121629524,6.368804,0.90583295
2018-02-24 09:00:00,8.782649507602855,14.4635315,5.27652,21.061724307875682,31.02354,13.489396,2.009938453948399,2.8099468,0.8697705
2018-02-25 09:00:00,12.845861452784902,15.643219,8.736969,23.649422858386927,33.058903,17.442896,1.2372133063893318,2.3764825,0.09706732
2018-02-26 09:00:00,15.24793710646901,19.646881,12.141022,23.725163920336144,26.000042,20.629784,0.9392421907780065,2.3949342,0.09252229
2018-02-27 09:00:00,12.932336299795622,16.340729,10.166901,39.9686087480017,58.258343,17.711468,2.617138144880402,4.2527137,1.0615747
2018-02-28 09:00:00,8.972694860461843,13.07486,6.1236877,40.866336912885394,56.870087,30.559217,1.0033790075294946,2.1037738,0.16492097
2018-03-01 09:00:00,12.252499296967528,14.983795,9.563873,47.65137018328409,66.41426,28.082232,2.20891916421848,5.0117044,0.8380418
2018-03-02 09:00:00,12.871500659359697,15.741852,10.001617,75.2502163277616,92.79273,56.281013,3.3968708241925967,6.8877845,1.5484762
2018-03-03 09:00:00,10.816617828053381,15.077789,7.523102,72.79819248990405,93.67569,51.98304,3.200447625043829,6.715232,1.4648193
2018-03-04 09:00:00,9.685602572064454,14.12735,6.4359436,37.54829524029415,60.095863,20.314613,2.058045201750598,4.72831,0.60396254
2018-03-05 09:00:00,12.896145828460533,17.809479,9.252838,17.079387313330678,20.146751,13.315897,3.045917437604553,5.752384,1.0034101
2018-03-06 09:00:00,16.44022554288233,21.842438,12.578766,9.979170564316245,12.202826,7.5973573,3.214782073710963,5.3562317,1.1191326
2018-03-07 09:00:00,19.691838640800768,23.986725,16.0336,9.188737196481672,14.758988,5.7333508,1.5159836393425408,2.7163515,0.079677075
2018-03-08 09:00:00,18.287346649134292,21.343903,15.920074,12.369231559370764,18.585552,6.409771,0.9719109226039576,2.1818724,0.22597931
2018-03-09 09:00:00,20.63364683919275,22.544342,17.972076,29.170878805029005,35.141106,19.977045,2.026717739957887,4.4993052,0.6801813
2018-03-10 09:00:00,17.82488880086953,21.13736,16.149078,55.00963142779591,63.9985,45.72897,1.8222668722193927,4.0800295,0.8906144
2018-03-11 09:00:00,13.05817464396631,16.707428,9.5277405,90.13015320350485,98.086914,76.34082,1.0106432194102917,2.518162,0.31054944
2018-03-12 09:00:00,17.308501611851625,18.805573,15.237946,54.63485470267857,64.954155,41.472565,0.6243931672789529,1.2514048,0.08268186
2018-03-13 09:00:00,19.8266876625961,21.791168,17.46109,57.457075737249276,69.90264,41.293266,1.6332079777533435,2.7884474,0.58466095
2018-03-14 09:00:00,16.66134022614682,20.321686,14.759186,84.15490158850581,93.698494,74.59505,3.1682841007921994,6.08524,2.0594964
2018-03-15 09:00:00,12.94478682372727,16.649323,9.748932,62.0707075765106,77.374306,40.46566,2.8425674481796523,6.0192275,1.3172438
2018-03-16 09:00:00,13.749092602460337,16.331696,11.216461,46.0705776621294,66.54761,33.083977,2.330911188968259,4.5419126,1.3764288
2018-03-17 09:00:00,10.509355839587442,14.958405,7.3470764,67.58716184090844,80.06275,36.426033,2.8323035600204,5.325698,1.4413211
2018-03-18 09:00:00,10.253531953737479,14.115845,7.1405334,52.08640419400875,72.30184,39.649498,1.3013620706851667,2.887105,0.49384946
2018-03-19 09:00:00,14.88133914790319,18.50064,11.664703,26.75698461492146,36.15444,19.506721,0.9352559101359238,1.8248507,0.22849455
2018-03-20 09:00:00,17.982913611393144,20.400543,15.291168,20.396477063843797,24.154568,15.319013,0.5936933517459126,1.6555091,0.20789085
2018-03-21 09:00:00,16.430961615302806,19.429596,10.492096,27.04631081651818,45.196648,10.243525,1.1522089456046432,2.8981802,0.16505317
2018-03-22 09:00:00,14.45722434542381,18.423004,11.526184,77.28907174183297,87.61244,69.36244,1.6376884700445797,3.2643323,0.12784477
2018-03-23 09:00:00,13.791703392613556,17.047028,11.0729065,42.26973569068068,83.683876,20.254185,1.8866098275834093,3.9361322,0.8367521
2018-03-24 09:00:00,15.986162871623037,18.162994,14.155182,35.2958531701656,53.414474,11.749557,2.0148018843378135,4.2981443,0.93535554
2018-03-25 09:00:00,13.65902890316653,16.282135,11.094635,59.329799534549785,76.870636,36.41421,2.6098728030408265,5.7704654,0.7965901
2018-03-26 09:00:00,12.70279382887992,16.037506,8.498444,39.84205229570683,49.50525,30.970322,2.105870200582662,3.867425,0.40186933
2018-03-27 09:00:00,15.579695711173486,20.142487,11.312408,19.431957967051662,36.89102,14.542868,2.6286092665638408,3.6153703,1.5449485
2018-03-28 09:00:00,19.138414570410532,23.615143,15.759186,21.534460985986275,24.035807,18.967495,1.0919285091470154,1.8380864,0.3713257
2018-03-29 09:00:00,21.56575807882558,23.354156,19.166656,21.283824402881844,27.676224,14.24263,0.81954476296213,1.9786186,0.10639039
2018-03-30 09:00:00,22.540611381020938,25.467194,18.916412,19.95149245465886,24.643694,15.484068,0.6003325974325466,2.041387,0.05698895
2018-03-31 09:00:00,23.55359235165224,26.710846,20.068268,18.66498983163134,33.904465,11.701351,1.4336908648512356,2.751044,0.56302965
2018-04-01 09:00:00,21.0845621518838,25.203522,17.730865,21.028075017056658,31.332344,12.711249,1.7789544268659951,3.188838,0.9007444
2018-04-02 09:00:00,20.069927852522937,25.546783,16.037018,32.46898830597187,56.293,17.777372,2.430088582851354,5.1817307,1.1246781
2018-04-03 09:00:00,19.418735252481667,24.48526,16.332916,30.412981645670953,37.55542,23.020262,1.871813758455443,3.8398411,0.8847889
2018-04-04 09:00:00,21.301313423924398,25.136139,17.864655,25.47914149729656,34.939583,13.856731,1.4940937548763351,2.4756038,0.8005142
2018-04-05 09:00:00,20.860687631069197,25.744537,16.66446,29.47993326733099,39.946568,17.396664,1.9443237922814605,3.8539467,0.9057311
2018-04-06 09:00:00,21.347894195679714,26.00943,17.35318,33.949576815724846,52.538795,17.693657,2.7892825289781777,6.8027434,1.1413764
2018-04-07 09:00:00,21.17967156990312,24.115875,18.469055,70.51162840232455,77.75635,60.994625,3.237484360653211,7.88233,1.4901168
2018-04-08 09:00:00,20.58040083075997,23.323395,16.977692,27.10904920707516,48.330605,12.924356,2.203449610571987,5.148474,0.3653126
2018-04-09 09:00:00,24.195208330937135,27.80777,20.50113,12.972404785825226,18.94086,8.47098,1.771463786405406,2.94686,0.40969476
2018-04-10 09:00:00,28.267348789446714,31.872223,24.805817,9.677236467989669,12.227972,7.167479,0.5911238548649597,1.9243191,0.054355755
2018-04-11 09:00:00,27.29964131356843,30.385406,23.236969,15.907584224704054,21.131168,10.137837,2.559091855287387,5.33411,1.095575
2018-04-12 09:00:00,22.60709154736179,26.774323,19.426666,30.947568350180777,53.790752,6.2396584,3.1242784973122695,7.1738896,0.95764077
2018-04-13 09:00:00,16.65684054905512,22.710114,12.467926,16.93172781690513,32.024155,7.5517654,2.872569612670194,4.1658406,1.785373
2018-04-14 09:00:00,21.876852139610094,27.02652,18.704254,10.870181395040902,12.916491,8.982897,1.5023931974101745,2.1817634,0.15681311
2018-04-15 09:00:00,24.668283728192648,27.970367,22.380524,12.27874476596243,19.065002,9.581687,1.945602915299904,3.0868247,1.1435379
2018-04-16 09:00:00,20.722531939202895,24.01236,18.73111,23.89454888496362,30.181147,19.06396,3.5364546272114623,6.3216953,2.0858543
2018-04-17 09:00:00,14.594472923890123,17.97818,11.180084,29.430517522968902,46.68598,12.147095,2.4117446112780985,5.327091,0.9332867
2018-04-18 09:00:00,18.02559162644218,21.13272,15.113434,20.45590448667395,24.44683,17.276339,1.175753210157124,2.371225,0.14522977
2018-04-19 09:00:00,18.45408515239626,21.075348,15.946442,28.255697499704127,36.022785,20.36491,3.203990917597673,5.802828,1.786164
2018-04-20 09:00:00,17.104725509481625,18.327057,14.965729,37.72973454443758,49.68888,29.466225,2.505254270604251,5.5176363,0.71754825
2018-04-21 09:00:00,23.213890008918156,25.707672,20.010406,15.969038265011529,18.698116,11.983941,0.8163097616874456,1.7616897,0.17381144
2018-04-22 09:00:00,25.177856573531358,27.954254,22.33316,17.506130003174817,20.828115,13.188767,1.4327766196214249,2.5535362,0.8156973
2018-04-23 09:00:00,26.363875293911804,29.810211,20.368805,18.9642332792891,23.766573,13.068699,2.2281198984200326,4.11457,1.2826664
2018-04-24 09:00:00,25.006917029576982,30.120026,18.342682,11.482007986201653,16.089165,7.905571,2.01322967488068,3.3177187,1.1350926
2018-04-25 09:00:00,24.028390110714497,28.925201,17.720123,13.039596303045183,20.006927,7.0158243,2.082256365453207,3.6040754,1.055455
2018-04-26 09:00:00,24.24290632218691,29.52652,18.075348,18.420780665469017,23.626442,14.068308,2.306093823036254,4.3961077,1.2238952
2018-04-27 09:00:00,23.62187242148491,28.963043,17.318512,20.823046664650917,30.09961,12.524999,2.4533710414950667,5.3319674,1.1942928
2018-04-28 09:00:00,21.61296953142704,25.865143,17.70694,25.086260320145726,40.079998,8.915869,2.83002569266758,6.543351,0.9011746
2018-04-29 09:00:00,20.43752808120945,22.398834,18.012115,39.56489038082049,61.84466,21.883724,3.2749671724366634,7.7589364,1.5275452
2018-04-30 09:00:00,18.93173312398909,20.987457,16.337067,56.556912388658645,78.081535,36.45263,2.780030560504193,6.05054,1.3543016
2018-05-01 09:00:00,15.643024209853081,19.252594,13.3541565,68.03406797579859,92.64867,42.586163,2.7799099071789826,4.773483,1.2268347
2018-05-02 09:00:00,13.618239212353103,15.826569,10.883209,76.81284235027144,91.83029,55.293835,2.3093297794641696,4.7236943,0.8933228
2018-05-03 09:00:00,18.82127913206955,19.593658,17.642487,39.279078113406634,49.93455,23.680645,1.3880918473676012,2.7057664,0.78445494
2018-05-04 09:00:00,24.27086824827319,27.444244,21.650543,23.01076187625877,28.009079,13.653517,0.64438945916103,2.4770176,0.029903747
2018-05-05 09:00:00,26.64572618400672,29.437164,24.614899,17.117555655211127,20.350372,13.929489,0.7640942366461076,3.0937738,0.24244641
2018-05-06 09:00:00,28.34235968895689,31.706696,25.366852,10.631031179151575,17.192192,6.51641,1.6502768578351084,3.9108164,0.7554279
2018-05-07 09:00:00,25.54589258471748,29.527252,20.50772,9.301587315033041,18.21215,3.9105167,2.1032012898287826,4.1271935,1.0839187
2018-05-08 09:00:00,26.034512647448537,30.838531,19.582672,18.285367191648156,24.557484,13.401974,1.6442688272341102,2.7512496,0.8065856
2018-05-09 09:00:00,27.6028010669354,32.71353,19.498688,16.284038107983754,20.867445,9.4533825,2.246760758849086,4.3340955,0.90478224
2018-05-10 09:00:00,28.078022850934758,32.832428,19.459381,20.321529252350867,28.087133,7.5491085,2.338215582522036,4.9824696,1.0909345
2018-05-11 09:00:00,24.11308026883853,29.095856,18.865387,35.11213987951297,56.64591,19.833242,3.461141140819742,7.0908237,2.0467515
2018-05-12 09:00:00,16.664966565517375,21.067535,14.585114,74.71393968313247,92.28597,47.192913,3.515499613885411,6.902987,1.9395679
2018-05-13 09:00:00,17.13866405612299,20.693024,15.054352,73.53224676116152,95.58048,50.20918,3.1541159323004426,6.1909995,1.457254
2018-05-14 09:00:00,19.48369512433652,22.599274,17.56607,59.890062651343484,76.32907,48.17163,1.9449312213740508,3.456872,1.0560659
2018-05-15 09:00:00,20.73361655424867,25.758942,18.243317,52.89925842213911,72.9066,28.211075,2.238088247451278,4.1913457,1.1959921
2018-05-16 09:00:00,21.629109859492246,25.700592,18.83731,22.183445811814636,39.849068,4.673624,2.2966970646423035,4.538955,1.2266504
2018-05-17 09:00:00,22.371106123022855,26.350983,20.046295,28.053625103240538,44.554985,13.043268,2.2913365432227053,4.5403595,1.1831095
2018-05-18 09:00:00,20.614697664330095,25.352936,18.241608,53.49687038499636,76.94742,23.718828,2.4600618340288265,4.5054784,1.6276749
2018-05-19 09:00:00,21.57971118874798,26.83609,17.945465,50.64772646928702,62.299744,39.676357,2.2732795865745574,4.314672,1.3474046
2018-05-20 09:00:00,21.910053967201918,26.32315,17.452057,44.94844856045597,67.54994,33.21993,2.3627950002730413,4.258728,1.5388439
2018-05-21 09:00:00,20.009980249308228,25.071686,17.74942,58.022895208052134,75.04422,41.641872,3.0032517763328364,5.4749966,1.2291024
2018-05-22 09:00:00,18.314528125485197,21.739166,16.76065,63.43289191453869,79.841034,49.055458,2.2250510851438117,3.8198905,1.3314487
2018-05-23 09:00:00,20.77975483781188,25.924469,17.963531,53.36054226764965,62.418777,44.422195,2.455417318743687,4.4259243,1.3024888
2018-05-24 09:00:00,22.521313164633852,27.759918,18.322418,43.139135706678296,56.678993,33.45756,2.405853316319822,3.9405212,1.6698842
2018-05-25 09:00:00,19.57149060531634,25.097565,17.804596,51.72709417887137,68.85349,33.965137,3.2548509630730367,6.3960924,1.9565283
2018-05-26 09:00:00,18.45815247490674,22.091461,16.300446,63.98385185713644,83.24411,43.837486,2.8052263317289103,5.62299,1.51778
2018-05-27 09:00:00,19.894286852120217,22.45401,18.27237,54.33645294121361,69.292885,41.47648,1.9742785119696886,4.031157,0.9757355
2018-05-28 09:00:00,23.71526982928384,26.86734,19.2482,32.108928480091016,37.36203,26.920622,1.4634968954452967,2.9096797,0.7546547
2018-05-29 09:00:00,26.852908526003603,30.578522,19.947662,22.10890507661187,27.033485,16.818642,1.5327705929128792,2.4983504,0.9707662
2018-05-30 09:00:00,25.13485306711698,30.803375,17.930328,24.737483206951246,32.22441,17.322067,3.088511035831366,6.0162787,1.8462212
2018-05-31 09:00:00,22.498149010575787,27.918365,18.600006,48.96896425517355,59.29577,37.756706,3.176371347983535,6.4311185,1.6220403
2018-06-01 09:00:00,21.478008277268543,24.599274,18.870758,26.572792438472217,42.155556,4.925234,1.5550214180461224,3.1547005,0.7729767
2018-06-02 09:00:00,26.818410824109776,30.28946,20.385162,16.05299079331813,21.62914,11.906273,0.8308340563145692,2.3006215,0.16537905
2018-06-03 09:00:00,29.18490725735404,34.53018,21.870026,11.868788428295492,13.535217,9.013566,1.417716989115154,2.8856566,0.93884915
2018-06-04 09:00:00,31.37626258214459,36.580963,21.690338,12.321026665071821,14.405457,10.402437,2.136057402422472,3.698569,1.0458117
2018-06-05 09:00:00,27.991042667616,34.52774,19.754303,18.387753771952294,23.790558,11.767121,2.392115861912387,4.599358,1.267526
2018-06-06 09:00:00,25.137863385927517,31.069244,19.563385,24.460107821901104,34.494858,7.4401703,2.530742032536153,5.359574,1.4545666
2018-06-07 09:00:00,24.685499088857625,29.94693,19.505524,15.47887080286859,26.910727,3.8169765,2.4387021919316707,5.0642095,1.3575073
2018-06-08 09:00:00,26.42266675171902,30.370026,21.325348,20.66377531171556,23.637394,17.275818,1.6029299048783059,3.1923294,0.6237761
2018-06-09 09:00:00,29.07328979367321,32.85196,22.873444,17.52480950379517,29.593239,10.834988,2.5001477269491965,4.7904034,1.2445438
2018-06-10 09:00:00,26.842051432245796,30.783356,22.000153,20.120059376390582,38.758175,12.092567,2.4372126224107564,5.651422,0.5050918
2018-06-11 09:00:00,26.9279549769538,29.209137,22.207184,18.05316981739691,26.0643,13.872894,1.5709275092872732,2.9787662,0.24317153
2018-06-12 09:00:00,30.272260711200772,34.628082,23.641754,14.741206105612992,18.428865,12.67496,1.322847859042969,2.31571,0.672597
2018-06-13 09:00:00,30.220665686118025,36.358063,22.363922,16.65272341242577,22.665653,10.028174,2.078488658139154,3.458617,1.1402944
2018-06-14 09:00:00,30.145710449039882,35.346832,23.169098,18.613289411068056,25.72556,13.260716,2.7171359000541324,5.548342,1.2781798
2018-06-15 09:00:00,29.752481138131714,33.590485,24.055328,15.602366578120957,23.283058,8.32212,2.7738804258461336,5.534984,1.4534949
2018-06-16 09:00:00,27.061205106818477,31.681793,21.314606,21.399540870091407,31.056427,15.947051,3.245014558914708,6.089993,2.0301275
2018-06-17 09:00:00,20.51311926007105,25.858795,18.464264,57.17117445111683,79.38472,26.206556,4.070836757259694,7.9355025,2.51009
2018-06-18 09:00:00,21.423927710261125,23.329254,19.328766,47.28227241706828,62.091373,28.55231,2.322839324901063,4.3806014,1.0602102
2018-06-19 09:00:00,25.66529620918277,29.822418,19.89273,23.906997567212024,30.567669,16.301586,1.4134936654300232,2.9790561,0.75459296
2018-06-20 09:00:00,29.15021341079938,34.075348,20.973785,15.330135627899793,17.777918,12.50448,1.477744762955075,2.5339792,0.78251004
2018-06-21 09:00:00,31.264328445003173,37.485504,21.169098,10.768400405816068,14.620812,5.87154,2.2048171077428553,3.8967783,1.1316386
2018-06-22 09:00:00,31.04708705939072,38.136383,20.835602,6.945834133178536,9.006499,3.5924368,1.837320975509221,2.9421332,0.8363386
2018-06-23 09:00:00,31.664362230393976,38.177155,21.866608,9.892963431260002,17.737595,3.3591366,2.061280159551165,3.2103767,1.1356496
2018-06-24 09:00:00,26.73213922289898,34.317535,19.049713,21.84668453927847,29.978107,11.663403,2.4300094110754746,3.9454503,1.4521434
2018-06-25 09:00:00,27.534849002830697,35.02115,20.550446,20.767334336794043,36.196983,11.354873,2.272590712004287,4.7140365,1.0672165
2018-06-26 09:00:00,29.207722452183077,35.772858,21.757233,14.362172483132124,28.558958,0.07506657,2.185149213340223,4.309589,1.0383835
2018-06-27 09:00:00,29.76892269269763,36.05435,22.224274,23.086443282002286,32.392395,12.381434,2.378552250318475,4.784177,1.109296
2018-06-28 09:00:00,28.760371362138244,34.631256,22.490631,16.943059379473056,26.811672,6.4271946,2.6731062950814777,5.6474357,1.2610208
2018-06-29 09:00:00,27.24097452715762,32.916412,20.988678,25.091594490408976,43.923447,14.0289135,2.6168072219328264,4.9775553,1.606671
2018-06-30 09:00:00,25.881818607786613,31.498688,21.233063,29.315822629032365,38.417374,24.097088,1.996883894078288,3.233901,0.9008011
2018-07-01 09:00:00,28.057955183123624,35.894196,21.50943,26.40296407664208,37.31092,16.72575,2.1430878759537815,3.6076522,1.2695799
2018-07-02 09:00:00,29.32869040819122,35.944733,22.372467,29.124427577395846,38.899067,17.260185,2.5475962375669505,5.049488,1.3655547
2018-07-03 09:00:00,28.555378303353336,34.475494,22.08487,36.984208005063536,45.450546,28.899763,2.8893087819388676,5.8994226,1.5561229
2018-07-04 09:00:00,26.958438147480535,32.953278,21.472809,27.38710028211789,33.827354,19.413292,2.5734270616514108,4.8523264,1.4742348
2018-07-05 09:00:00,29.25227550126158,33.662506,23.775055,6.951572577069053,11.774335,3.3016787,1.7524324125555133,3.2194233,0.89016473
2018-07-06 09:00:00,35.652452220536645,38.5148,30.987457,8.36780164515217,11.071201,5.1532326,1.5171842140532807,2.4579813,0.77232754
2018-07-07 09:00:00,39.23172817388843,43.790436,34.804108,13.189991348001998,15.794597,11.3177395,1.5439480979679925,2.6696846,0.68924516
2018-07-08 09:00:00,35.771731314648605,38.62784,28.496979,22.584096283024895,26.307476,19.3308,1.8896341864091422,3.735163,0.9757906
2018-07-09 09:00:00,33.76703715116696,37.847076,27.608795,21.005278068058086,30.01053,13.411485,2.1686717289050925,4.4044538,1.0981134
2018-07-10 09:00:00,33.25229273181708,37.865875,27.03189,22.492732665611367,39.435257,10.0251,1.4314399401456124,2.4904122,0.9013061
2018-07-11 09:00:00,30.946803592945287,35.32486,25.977936,37.240528636005166,54.934013,21.800512,1.7781635200730508,3.065734,1.1817247
2018-07-12 09:00:00,29.82944855094985,33.205475,25.87149,45.26674490013608,52.00315,37.786007,2.0456906113376045,3.4116426,1.0518912
2018-07-13 09:00:00,29.915179926880796,32.445465,25.689606,41.54934678539667,46.586353,35.535572,1.9504687160797922,3.1610758,1.0707712
2018-07-14 09:00:00,30.90031293292992,34.329742,24.849274,34.843696630049784,38.154488,31.8498,2.1992776421361744,4.2580824,1.158362
2018-07-15 09:00:00,32.67264984424497,37.857574,24.703278,31.80467272361674,38.694023,25.991005,2.262293210812092,4.201947,1.128816
2018-07-16 09:00:00,31.907101389309958,37.97525,24.60611,30.8913934863776,35.082935,27.168873,2.390005914594826,4.46329,1.239268
2018-07-17 09:00:00,31.716249826905937,37.56192,24.14981,26.391245894475475,30.527992,22.570961,2.3678277267720795,4.14394,1.4689438
2018-07-18 09:00:00,32.183154181944985,39.37906,23.261871,28.108068011421448,38.096306,21.336166,2.1078716917443012,3.36228,1.0222297
2018-07-19 09:00:00,30.76724046425909,34.56436,24.848053,48.06048374902853,55.008636,40.78435,2.0216662613733973,2.7681572,1.2900615
2018-07-20 09:00:00,30.582335400886222,35.974518,24.353424,52.18132854527961,65.976616,41.210155,2.3479822820868814,3.443984,1.6113633
2018-07-21 09:00:00,30.31364676044899,35.45865,23.864899,51.30754609064808,62.79205,38.951763,2.307753343503183,4.0107627,1.400339
2018-07-22 09:00:00,30.632061366895698,33.980865,24.785553,43.21095281623274,49.125797,36.778683,1.9030261966310273,3.2617774,0.9033711
2018-07-23 09:00:00,33.3861094749318,37.154694,26.291412,26.369375964058467,33.08585,19.54374,1.6356825578697893,3.1691744,0.6662614
2018-07-24 09:00:00,34.93935751450334,37.875397,27.469147,16.542234432798534,23.20298,12.324073,1.592790580981911,3.036334,0.58536035
2018-07-25 09:00:00,35.641898746139304,38.539948,27.725494,18.2234516575874,22.0467,13.909686,1.6668935644071374,3.036069,0.7541855
2018-07-26 09:00:00,35.21757193471291,39.73575,26.200592,13.584426382092571,16.056053,10.661522,2.1104264013281178,3.6064174,1.1904764
2018-07-27 09:00:00,32.77782209372123,39.07193,25.013336,16.159289861115024,18.16209,12.375911,1.9782400088436092,3.2950938,1.1130632
2018-07-28 09:00:00,34.53297318416986,39.896393,26.121002,16.061400896864367,19.540695,10.477111,2.107871168534393,3.8643143,1.1209131
2018-07-29 09:00:00,32.54231929293394,38.663483,25.489655,16.224510364392618,22.761003,11.428972,2.024237285622835,3.8493276,1.1074852
2018-07-30 09:00:00,32.976274622718734,37.65518,26.530182,22.73841191574337,28.894321,15.859164,2.019619459040671,3.3184683,1.2003024
2018-07-31 09:00:00,33.11725632436287,37.836334,26.91446,22.728921028097645,28.697243,17.81443,2.0715977185173067,4.1006627,1.0116185
2018-08-01 09:00:00,32.826970245073426,36.78482,26.466461,33.09423684340977,37.413036,25.702099,2.1735000748853555,4.1072316,1.1483053
2018-08-02 09:00:00,32.71415691481167,35.424957,27.274567,26.620086556395183,37.23911,18.39456,2.4206841256642213,4.5546684,1.4943908
2018-08-03 09:00:00,31.665172621757733,36.175446,25.735992,23.67554215971751,30.706741,15.956741,2.3049530041006725,4.255923,1.3572097
2018-08-04 09:00:00,33.13607915598476,38.30948,26.223541,15.318229673989922,19.71494,8.908555,2.215478378705651,4.2441053,1.2028815
2018-08-05 09:00:00,32.943492684321654,37.52408,26.2565,13.010666845194052,16.793467,9.73466,2.4992292390686663,5.8923078,0.7684432
2018-08-06 09:00:00,32.70116105778101,36.910065,26.835846,8.433783094864447,15.729734,4.1598835,1.4665704888852125,3.0793087,0.3068651
2018-08-07 09:00:00,35.33265068105004,37.85367,29.138824,7.207521559562435,14.154059,3.7341385,1.3375314373904035,2.385152,0.30311462
2018-08-08 09:00:00,35.36588742421327,38.97989,29.327545,9.61784214725985,14.157984,5.583765,1.8933484670219367,3.0623152,0.97454363
2018-08-09 09:00:00,33.59798868093549,37.680817,28.61441,10.635221081592906,17.495106,2.28304,1.5895278457546713,3.0497673,0.62572443
2018-08-10 09:00:00,33.349832386381365,37.71573,27.936676,34.175493883533555,45.08087,22.625721,2.550453752863746,5.058012,1.3067011
2018-08-11 09:00:00,31.019414590473446,35.263336,27.97232,35.0605382472567,43.662945,24.686382,2.555215245811361,4.9993367,1.5396852
2018-08-12 09:00:00,31.4937689884934,35.958893,26.992096,30.352784339344524,43.012463,21.141994,2.237811963192804,3.4588547,1.228465
2018-08-13 09:00:00,30.399655180090633,34.153473,25.778473,28.005492124621604,34.21505,17.468935,2.436621346331758,5.012639,1.3157258
2018-08-14 09:00:00,29.997773159409746,35.164215,25.099762,28.3713499196061,33.944466,22.483223,2.2032060170196797,4.130317,1.1504625
2018-08-15 09:00:00,30.445795265518313,35.822906,24.729156,28.618078979584357,35.522152,20.40887,1.9970125880235556,3.6184988,1.0969578
2018-08-16 09:00:00,29.57434949668658,33.173492,24.734528,40.0376850759456,45.337574,34.74357,1.9211513843316086,3.2643716,1.1888014
2018-08-17 09:00:00,29.53418602225048,32.34024,25.27774,36.75246623597025,52.003235,26.946949,1.9464802608113752,2.9894621,1.2027961
2018-08-18 09:00:00,30.801603181257917,35.754547,25.549469,31.650771618173348,37.953327,24.05489,2.119046050509505,3.6169467,1.258389
2018-08-19 09:00:00,31.448293466564678,37.23575,24.829498,21.249584233042956,26.863125,17.168869,1.9901487243855431,3.3624523,0.9312718
2018-08-20 09:00:00,32.44812529156309,38.414948,25.071198,23.586239922995343,33.06015,14.625491,2.1463604634145597,3.9287014,1.2731314
2018-08-21 09:00:00,30.118783659562837,36.113922,24.35025,30.212734167417935,38.594677,21.71577,2.4323408314580384,5.0206,1.4151486
2018-08-22 09:00:00,29.960616137792897,34.889313,24.873688,24.41010254389924,32.38482,9.826223,2.4018135654493245,4.710313,1.4038218
2018-08-23 09:00:00,30.242930216844115,35.17398,24.970856,16.578377159619002,26.093187,6.6633253,2.362694734475737,4.5224404,1.2908449
2018-08-24 09:00:00,30.005636612923126,34.60904,24.679352,18.419961436957315,28.94748,5.533018,2.4160215037876966,4.839553,1.2638408
2018-08-25 09:00:00,28.479864883821335,33.39102,23.859772,18.61081063199086,27.733732,4.304454,2.190984814861501,4.1471977,1.1654834
2018-08-26 09:00:00,29.18140909527898,34.391266,23.713531,20.317041913069975,30.098896,8.322907,2.300086234925039,4.520076,1.2861
2018-08-27 09:00:00,28.749462675435097,34.01602,23.59024,18.032382451751925,34.06832,2.7339983,2.930161939144122,5.955196,1.5173867
2018-08-28 09:00:00,27.64073935592262,33.26651,22.887604,31.211035849974056,45.456696,20.503204,2.457924052252018,4.842856,1.3866677
2018-08-29 09:00:00,27.71925781307391,32.42813,24.159576,29.459436394496013,37.985897,22.403631,2.0248324302928524,3.6780891,1.0806012
2018-08-30 09:00:00,29.664338102730937,34.06949,25.323395,12.62739005827331,27.780794,3.7707138,2.006811519380391,4.280272,0.82461655
2018-08-31 09:00:00,29.604235013352195,33.38443,25.218414,14.015926769876547,22.39803,3.4626808,2.0686633865005146,4.385328,0.57024807
2018-09-01 09:00:00,29.32260319192386,32.06729,24.51651,15.929617877907466,25.665565,9.386622,1.9332735544453545,3.703556,0.5027835
2018-09-02 09:00:00,28.225082306868444,32.947662,23.387115,26.529232443651154,42.46647,12.664627,1.5922768047188893,2.3894477,1.0557852
2018-09-03 09:00:00,28.617453313016483,34.599518,23.63858,37.36855946504444,47.809235,23.07996,1.561198164368925,2.1633756,1.07085
2018-09-04 09:00:00,28.24968520660161,32.748444,22.926178,36.728338072195584,45.484768,26.22305,1.5001750729728782,2.517526,0.83948445
2018-09-05 09:00:00,27.950188402207402,33.191315,22.29483,29.086130262125813,34.798126,19.387968,1.4901000223243028,2.7546105,1.0190231
2018-09-06 09:00:00,28.12097870336754,33.180817,23.003082,28.851503867852482,36.79412,23.500023,1.6071829749219435,3.15236,0.9388942
2018-09-07 09:00:00,29.922701716545134,34.15567,22.977936,19.019950846691685,22.437857,16.4259,0.9821936470540159,2.7057486,0.5310632
2018-09-08 09:00:00,31.32890929752375,35.52652,23.975739,12.956805328608441,17.993135,6.2438116,1.3915356536114132,2.341937,0.5951891
2018-09-09 09:00:00,32.84135181698406,37.298004,25.50113,13.47270117198109,17.387728,8.9619465,2.063051018023298,4.3038244,0.6506734
2018-09-10 09:00:00,30.422840688398423,35.527496,24.783356,14.682604755961918,22.68371,5.6224737,2.1394380193734035,4.41807,1.0876396
2018-09-11 09:00:00,29.569432174220026,34.749176,23.704254,14.377028154242177,25.106018,6.455554,2.2613495651397733,4.9401746,1.0248446
2018-09-12 09:00:00,28.47553134345162,33.943268,23.033112,17.25172577253399,28.00264,9.815141,2.326348762711666,5.121502,1.057808
2018-09-13 09:00:00,27.344324361421286,31.918365,23.77652,18.02988835524622,25.881386,12.449553,1.9596954690965638,4.250709,0.80426013
2018-09-14 09:00:00,28.585203916666842,31.393707,25.612457,12.353593370297144,19.199322,9.087372,1.5476555186562622,2.9598463,0.5628102
2018-09-15 09:00:00,30.462907477588942,33.044098,27.258942,13.042030894460447,17.376556,7.5589933,2.097001403855425,3.691559,1.0265051
2018-09-16 09:00:00,28.073852170527687,31.563385,25.30362,18.30444065099082,24.360558,12.963601,1.9112396704465453,3.7070642,0.7843657
2018-09-17 09:00:00,28.368229877288798,31.706451,25.083405,9.161973490341714,14.921658,5.9529076,1.8847248471753313,3.7187824,0.70951205
2018-09-18 09:00:00,28.502830655745583,31.995026,24.88565,8.438343651131152,17.640985,4.9547195,2.0060835675472037,4.1348605,0.78870213
2018-09-19 09:00:00,28.236414763370988,32.426666,24.006744,10.22926785356826,19.154266,2.9067907,1.7812633121565036,3.649728,0.76185596
2018-09-20 09:00:00,28.16101974568454,31.62613,23.548004,13.514457188718765,21.762964,7.5513163,1.119671189933266,2.1603377,0.28770727
2018-09-21 09:00:00,28.047434399895508,31.61856,22.753326,15.194785726632224,27.636467,4.444232,1.1178818917789828,2.166797,0.6005227
2018-09-22 09:00:00,28.863470768627167,32.464996,23.507965,21.645739380267305,29.399624,16.407032,1.4218559732901237,2.7021096,0.4864484
2018-09-23 09:00:00,29.795457162910907,32.69449,24.05191,27.288853146198658,30.21819,21.55022,1.8674141080048832,3.1807106,1.170707
2018-09-24 09:00:00,27.741624335006918,32.54776,22.17862,21.330236075165104,24.733751,17.21422,1.985725610700578,3.7714279,1.0792464
2018-09-25 09:00:00,25.970340085653504,31.396637,20.900543,16.162612909404626,21.217793,11.276385,1.1826549726790139,2.1488326,0.53049946
2018-09-26 09:00:00,28.450852111619213,32.164948,21.594635,20.7382849751832,25.744001,17.546642,0.9951563500768063,2.6708987,0.22210713
2018-09-27 09:00:00,30.224388351341418,33.215973,23.559723,19.433636860738677,27.871086,10.379357,0.8221520156750087,2.5375297,0.18252972
2018-09-28 09:00:00,30.134364753763634,33.713287,23.730865,20.678640014676898,23.013042,16.061886,1.5461006230957843,2.4803944,0.9532819
2018-09-29 09:00:00,27.463650613205743,33.02237,21.711823,25.21544793691945,30.795698,16.651897,2.4189091275082584,4.113236,1.2351501
2018-09-30 09:00:00,25.020020553158588,28.038239,23.012848,21.484961394973038,28.256634,12.593315,1.929982908835647,3.4698408,0.9988617
2018-10-01 09:00:00,26.782439540561086,29.37564,24.66397,45.86303296781687,69.299614,26.164978,1.5271428031991081,2.5581272,0.5693287
2018-10-02 09:00:00,28.264733054503438,30.912994,26.034088,55.091065582927804,67.14708,42.811146,1.691517222949056,2.8832037,1.1903003
2018-10-03 09:00:00,23.31538366811253,26.056305,21.802399,63.899667511143015,82.444534,52.53828,2.2554852195412805,4.107299,1.3703337
2018-10-04 09:00:00,20.067349716926174,22.977692,17.50821,78.62869496018854,87.89806,60.312126,1.9615205796077266,4.4436326,0.74417603
2018-10-05 09:00:00,21.44267056081827,23.377594,19.217438,60.610957309944595,71.8797,50.905632,1.4927086526186273,3.220281,0.7646798
2018-10-06 09:00:00,23.463224669133353,25.20108,20.53897,40.89193547563603,55.77913,30.260767,1.888305117513593,3.6225142,0.5357203
2018-10-07 09:00:00,20.94382769355667,22.798492,17.718414,45.81298529933199,61.915775,39.767338,1.743928747519611,3.4582977,0.6479991
2018-10-08 09:00:00,21.164459071273484,22.656158,19.078033,32.65593422347041,57.07025,21.069382,1.11333697729274,2.301647,0.091543354
2018-10-09 09:00:00,21.684227507380626,23.48111,19.91861,29.882791920226005,42.96335,13.631371,1.374316451955791,2.0350914,0.83619696
2018-10-10 09:00:00,21.057858175533,23.886139,19.102936,40.7195797563591,53.19581,29.09455,2.3799540899772444,4.6290464,1.3852588
2018-10-11 09:00:00,20.062138583138164,22.94571,18.435944,57.45501350083511,72.49312,42.89937,2.1333671364874522,3.9964502,1.2966295
2018-10-12 09:00:00,21.857932122800378,24.963531,18.679108,50.13022023845778,55.211555,45.58801,1.7251700678385213,3.6863847,0.20556392
2018-10-13 09:00:00,22.90229165698264,25.361725,19.336334,42.15554960562833,52.648075,29.378544,1.2196795800277935,2.695877,0.45332947
2018-10-14 09:00:00,19.864529807745043,23.297028,17.428864,45.90301060330808,60.254642,29.153683,1.5151359005245457,2.3159997,1.0417312
2018-10-15 09:00:00,22.59688027724752,24.718414,20.724274,10.035069591983536,12.61225,4.717719,3.3427035685688202,6.249254,1.1561292
2018-10-16 09:00:00,21.52230933236001,27.013824,16.839996,5.126746921763769,6.62142,3.6878262,2.7609986514059717,3.7694118,1.7317957
2018-10-17 09:00:00,22.63552700087166,28.24527,18.59488,12.761483340692221,14.254308,10.782278,1.4720634749127177,2.3377535,0.11406343
2018-10-18 09:00:00,23.207098120784963,26.694,19.88736,20.10262712102854,22.999218,16.256573,1.4085777427719548,2.1993468,0.37230718
2018-10-19 09:00:00,24.901945773237117,29.177887,21.470367,19.942665999412068,21.911083,17.036083,2.209289280955057,3.2718806,0.60906696
2018-10-20 09:00:00,25.61498732952407,31.434967,21.59903,20.282447425818948,22.238428,18.26905,2.20347897858114,3.5181909,0.39395815
2018-10-21 09:00:00,26.149884849021475,29.862213,22.713776,25.26576356819576,28.696695,19.71232,1.0905908224198788,2.2149584,0.06498072
2018-10-22 09:00:00,23.376854258563128,25.218414,20.491852,27.674866617236447,34.91099,21.995758,0.7975900895633801,1.9587804,0.21140972
2018-10-23 09:00:00,23.00389460307042,24.804352,21.023102,29.43715761425596,36.746895,24.917625,0.580865787853415,1.7145238,0.16673085
2018-10-24 09:00:00,23.39543050538191,24.867584,21.06485,23.96760560962556,29.100803,19.817944,0.9642977040730075,1.7352464,0.3039835
2018-10-25 09:00:00,24.225743123626785,26.561188,21.820953,13.959198636732596,21.172832,8.337659,0.9211095934818551,1.9241767,0.12179997
2018-10-26 09:00:00,25.444148536676835,27.563385,21.69815,16.961946417084036,19.799448,14.087447,0.9019721170556101,1.5672579,0.40632603
2018-10-27 09:00:00,26.761290560899738,28.086823,23.7294,14.629766598939096,19.267616,11.85816,0.573234105739638,1.798398,0.14215624
2018-10-28 09:00:00,26.446202465571048,28.575592,22.745514,11.310567244655829,17.657444,9.2121315,0.9140663896937041,1.7916392,0.03255506
2018-10-29 09:00:00,25.083822835943465,28.6503,21.3378,13.141331154283256,18.467918,10.409324,1.6166938260361314,4.0160656,0.10666252
2018-10-30 09:00:00,21.76262548680569,23.58902,17.383942,25.078868236405636,44.196663,19.364632,1.5493898273906572,3.1652205,0.26148546
2018-10-31 09:00:00,21.401017813309807,25.188385,16.438385,15.346480322177616,22.230545,9.386796,2.292477435541611,4.00904,0.06254438
2018-11-01 09:00:00,21.29055203826124,25.75821,18.019684,11.43494303572624,14.973054,9.115109,1.8659209834409616,3.0192714,0.28369063
2018-11-02 09:00:00,23.758701331346856,27.746002,20.622467,25.335746787962133,27.318417,24.060604,1.2227615345117484,2.15596,0.21881218
2018-11-03 09:00:00,26.648245916979477,28.3461,23.674225,14.32830724354693,18.926144,9.196246,1.0584058789693203,2.3667126,0.298576
2018-11-04 09:00:00,25.511716023343467,28.322418,22.619293,15.2390633411921,18.62816,12.686194,1.171151362362219,1.7788136,0.213203
2018-11-05 09:00:00,24.275383130636556,26.714996,21.84195,18.741017060503427,21.46653,15.806375,1.689573638795111,3.2772634,0.5483881
2018-11-06 09:00:00,22.94990878990609,26.79898,19.804596,22.602609814150178,27.759441,17.774637,0.8013254248664403,2.2633052,0.15058139
2018-11-07 09:00:00,22.89921165888461,24.709381,20.381256,15.536049251860712,20.768433,10.557494,0.8934795836183007,1.880991,0.15481523
2018-11-08 09:00:00,21.960792091213705,25.129547,19.252594,15.47763622095304,22.57309,10.602437,1.0879345550544126,2.2171113,0.34879485
2018-11-09 09:00:00,18.377180189028934,24.861969,13.908844,8.454240677049984,11.161537,4.2162247,4.3914748038195235,6.9673862,1.927295
2018-11-10 09:00:00,19.968462268425583,26.769989,15.555145,5.52299091588285,7.827531,3.9592123,1.6524569112539391,2.3742082,0.793207
2018-11-11 09:00:00,19.645584353103743,22.279938,17.291656,7.566385336742417,9.855975,4.9380064,0.9748238255969178,1.486461,0.22029014
2018-11-12 09:00:00,17.605784324296508,25.158783,12.941986,7.604050239780677,11.3590975,3.2257652,2.821913401276522,4.1900377,0.6951149
2018-11-13 09:00:00,17.254682047133144,25.088104,12.244354,9.003809795237098,11.713009,6.337686,3.238504191260775,5.1427627,0.8091724
2018-11-14 09:00:00,17.706999822131934,24.128937,13.594391,11.668155817046104,13.382271,10.047328,2.8269565577509925,4.166232,0.95980316
2018-11-15 09:00:00,20.076140138806693,25.352142,16.053314,12.92387155224193,14.41395,11.648325,1.6389472769004965,2.5004628,0.54084283
2018-11-16 09:00:00,20.736947542654036,24.827972,17.85141,13.615092929947163,16.181873,11.634998,0.7546362962197352,1.4685847,0.3564891
2018-11-17 09:00:00,20.04636390048455,22.10147,18.220612,17.828243985160704,21.099552,15.040957,0.879700592782789,1.4207824,0.37860042
2018-11-18 09:00:00,19.205005902628216,21.461334,17.740631,14.142424611693457,21.671583,8.070021,0.3067223789543357,0.77679354,0.084230416
2018-11-19 09:00:00,19.666569948125698,23.026398,16.608429,18.859965577308195,22.104733,14.811828,2.061973162850839,3.3526886,0.4844437
2018-11-20 09:00:00,17.18429030523538,20.969513,13.469513,19.113363822306994,24.14616,15.912679,1.4688056953959623,2.543815,0.14465696
2018-11-21 09:00:00,18.726476782719544,21.256805,16.512665,20.498861043266402,33.241844,12.816065,0.567617198985862,1.2779068,0.29360926
2018-11-22 09:00:00,16.755820350845966,19.6987,13.669403,53.72188460226109,66.70261,38.331516,1.991396148518454,3.9000661,0.97894573
2018-11-23 09:00:00,15.823915609038238,18.465912,12.922943,52.68260998369524,68.70896,36.537544,2.0426106139494813,5.274213,0.30972305
2018-11-24 09:00:00,16.40574045963774,20.085358,11.597076,68.28717938096557,86.867676,61.304466,2.339970694417526,6.0356336,0.43843773
2018-11-25 09:00:00,16.46811659469313,19.940338,11.522369,52.480109487405784,65.58899,40.3458,1.2328442260911872,1.9639388,0.41947523
2018-11-26 09:00:00,17.82423669750557,22.634064,14.182892,26.316269733016128,39.81595,23.019075,2.1960901532441754,3.4151335,0.9160313
2018-11-27 09:00:00,18.918567758644258,23.612335,15.698395,19.84242044784575,23.557243,17.256462,1.3178961805389597,2.0648026,0.51121646
2018-11-28 09:00:00,19.340856047900672,21.118317,17.331207,25.30157003728408,28.262691,22.231441,1.7006225108976118,4.0652947,0.5851605
2018-11-29 09:00:00,15.42845274980641,18.651031,12.986969,79.2224176780285,87.91417,69.42602,2.93569719672798,5.071712,1.9348595
2018-11-30 09:00:00,12.055675516535075,17.764557,8.29776,76.07691231288045,90.01331,56.181286,2.480944358083444,6.0544662,0.33291188
2018-12-01 09:00:00,12.853186142766447,18.052887,8.134918,47.312269013299066,61.493546,35.356827,2.0278255951568167,4.392899,0.3396853
2018-12-02 09:00:00,12.90855297728126,17.368805,9.278961,41.518981130379665,68.00929,16.579002,2.3783301780818547,5.1216063,0.727434
2018-12-03 09:00:00,11.809388380749283,17.026764,8.13028,29.759821737162614,42.086983,15.895745,1.4508860655200724,1.9992628,0.8526657
2018-12-04 09:00:00,13.469741434717662,18.391998,9.515045,25.112770460396288,31.926144,18.837421,2.821278330039863,4.6582594,1.1957849
2018-12-05 09:00:00,14.276291512151886,19.411713,9.728119,27.946679179129166,33.637585,24.26649,2.6154747205768327,4.2935476,1.4861879
2018-12-06 09:00:00,8.951123137061813,14.608704,4.552063,85.86187843665967,100.94664,68.20445,2.8716640190341276,4.950842,1.6605946
2018-12-07 09:00:00,11.563336960324591,16.542389,7.5814514,78.28433954958562,86.933105,65.757324,2.8291236777262245,3.9144347,1.9840087
2018-12-08 09:00:00,13.895090753433351,18.223358,10.158905,40.65945876176049,56.300014,28.780483,1.5101240625269226,2.250174,0.66005445
2018-12-09 09:00:00,15.550582401334339,19.604279,12.508575,28.628995745829144,41.361477,15.478663,1.5850257675486623,2.25235,0.618087
2018-12-10 09:00:00,14.472962868831303,18.824554,11.236664,18.262750850462037,34.371044,4.997817,1.7097438593087475,2.500266,0.53825074
2018-12-11 09:00:00,13.959367683424546,17.8096,10.725616,27.713611790428843,41.247555,12.921641,1.6798786278991202,2.4982402,0.5159376
2018-12-12 09:00:00,15.708534122414619,19.485138,12.295685,19.023569826637832,27.068483,12.755983,1.24444102184276,2.60725,0.43007132
2018-12-13 09:00:00,15.674602172575192,18.04303,12.81842,7.758361364107904,13.768824,2.0188236,1.6361622496805044,2.2880979,0.83431786
2018-12-14 09:00:00,16.543541063413784,21.940887,12.390106,11.048831259177886,14.230422,8.200216,1.8679844945661717,2.4862998,0.2298547
2018-12-15 09:00:00,14.263238463532161,18.238678,9.927399,8.145075734744731,10.747165,6.375145,1.1875625904360774,1.6983585,0.52584016
2018-12-16 09:00:00,17.284220637897874,19.756744,14.389557,14.006400278961918,16.418312,9.33165,1.0445684044200743,1.7107155,0.23612386
2018-12-17 09:00:00,17.159022914618674,18.441559,14.828278,17.853797568541474,24.35035,12.952053,1.317185472175744,3.1657517,0.21291217
2018-12-18 09:00:00,14.304328242490215,17.193512,11.574371,26.556011261291083,47.383446,13.6451645,1.060825886714571,2.3642766,0.2312057
2018-12-19 09:00:00,16.829236568322074,18.810944,14.437897,14.740210773964725,24.489925,5.7484245,1.3532718868267666,2.3770523,0.18382917
2018-12-20 09:00:00,18.9073511657827,21.432037,15.867584,10.544392184874296,14.922233,8.095931,1.2725095783862073,1.8806382,0.52985585
2018-12-21 09:00:00,20.086877605554378,21.694244,18.071198,11.059734726461022,19.655087,7.120942,0.8766781315776911,2.015912,0.14413954
2018-12-22 09:00:00,18.787254424530772,21.160309,16.730621,25.41613742439624,33.096073,16.83826,0.8174493320847238,1.8897187,0.22805402
2018-12-23 09:00:00,17.33730780083124,19.567047,14.471344,23.94336001269041,35.115692,10.808198,1.1259891690250647,1.8811883,0.2573205
2018-12-24 09:00:00,16.633681304775962,18.194733,13.34317,27.32789253265156,44.65863,13.62738,1.3815303790634852,2.8583453,0.38450876
2018-12-25 09:00:00,16.73928195352414,18.410309,14.002106,51.63501058506825,58.227264,41.203827,2.051434937712942,5.157012,0.114580594
2018-12-26 09:00:00,12.10096189149516,18.224945,8.478302,35.679969329589454,55.663597,22.39016,2.2402980921070696,3.1170683,1.1525196
2018-12-27 09:00:00,13.73603565580811,17.840973,9.39566,31.593360211095113,37.68075,24.794132,1.6554176572909423,3.3760762,0.68659806
2018-12-28 09:00:00,10.703329708654849,16.988983,5.0970764,20.67884139488043,35.926357,5.916544,2.9580422761310867,3.8209574,1.686439
2018-12-29 09:00:00,9.684083388800843,16.268494,4.5907593,19.152975377144152,25.966084,10.380482,2.2260194613745763,3.0486155,1.225544
2018-12-30 09:00:00,12.158999467191393,17.326965,9.221497,24.41296190137527,28.052904,18.791185,1.142590507461224,1.7864301,0.28019345
2018-12-31 09:00:00,14.790780092860246,17.261597,10.9823,30.442008324813695,41.40608,23.64436,1.1760384602636023,3.3079188,0.22636949
2019-01-01 09:00:00,9.854128453460532,16.584564,5.078705,20.259936583325494,23.751034,14.883441,3.7341881230841705,5.7860365,1.8337356
2019-01-02 09:00:00,9.169224523685955,15.91983,4.6095276,14.925081072260813,18.908787,9.431258,2.3854172500779636,3.209558,1.4825948
2019-01-03 09:00:00,11.471596566812082,16.875763,7.018341,25.000375282208182,28.389107,20.943794,1.7844946487982671,2.8117962,0.4130002
2019-01-04 09:00:00,14.024755491405813,18.791351,9.996429,14.592945585746257,19.898111,7.7887363,1.4382214508253457,2.3311205,0.3240076
2019-01-05 09:00:00,14.834467464813372,18.111969,11.766266,13.758371496218638,23.83551,6.233948,0.8416317317076217,1.5990589,0.25429693
2019-01-06 09:00:00,9.517739399091113,14.981842,5.6213074,63.86713835646635,87.949326,26.105576,1.5016506098697369,2.6614785,0.43332553
2019-01-07 09:00:00,11.241869403873864,15.287445,8.213226,70.17954906802588,84.1909,55.241684,2.7585605206462205,5.9453874,0.7029812
2019-01-08 09:00:00,14.03105840352174,16.71988,10.98465,51.53221913886378,67.73773,40.58539,1.3201409537539286,1.7238253,1.000165
2019-01-09 09:00:00,15.861651239181697,19.35144,11.810425,38.175992115619465,51.31874,30.33046,1.0939120326390035,2.0193906,0.297013
2019-01-10 09:00:00,15.662608629687952,17.265533,13.329987,30.658517483386884,43.5063,19.583115,0.9797565266323409,1.8944865,0.263608
2019-01-11 09:00:00,15.281105828914235,16.40036,13.714813,27.46332973575557,46.566235,5.436797,0.7962506289238398,1.3836063,0.361467
2019-01-12 09:00:00,14.218401385104016,15.632477,11.054352,42.776379221009876,57.12379,30.225353,1.779528070378169,2.788603,0.6289981
2019-01-13 09:00:00,9.913767908819807,15.191742,6.318695,66.61805219087573,75.75827,59.17742,1.8024830773403,3.2311344,0.7229496
2019-01-14 09:00:00,12.14333827840835,15.370331,8.774628,59.57987791332081,65.82789,54.472885,3.0288449868720866,5.354251,1.3455616
2019-01-15 09:00:00,8.584529049654861,13.96347,5.3072205,80.10540231500936,95.92729,55.306755,1.7581010199491016,2.4431586,1.207746
2019-01-16 09:00:00,11.339415453377512,16.01767,8.062592,89.88872958042776,97.39285,75.631134,2.330410824742487,3.314324,1.0586687
2019-01-17 09:00:00,13.357529076797277,16.751709,9.619232,94.89447505213042,100.1513,82.518486,2.768005236793659,4.2096353,1.8001434
2019-01-18 09:00:00,12.893343314579909,16.668488,9.232941,55.60912647008949,71.89983,43.755302,1.8410828709301625,4.803569,0.051285546
2019-01-19 09:00:00,15.383039399101506,18.282135,12.510651,33.42178997071276,44.01052,23.772682,1.600942709593953,2.4979618,0.28283298
2019-01-20 09:00:00,18.31905800078755,23.2948,14.931519,27.237484269681396,33.697678,21.005165,1.1476398916233435,1.7455499,0.27392796
2019-01-21 09:00:00,16.996709545451836,19.751312,14.716156,44.886436268727074,57.125748,23.061565,2.542346071134,5.9278626,0.6421899
2019-01-22 09:00:00,10.406545128670018,16.108429,6.425995,20.6243711851891,32.96461,5.710704,2.4198398368583507,3.8408172,1.023861
2019-01-23 09:00:00,12.83483326892349,18.933014,9.302155,9.617911403755206,15.010654,5.5795536,2.0677048075153763,2.7408335,1.4221814
2019-01-24 09:00:00,16.300701809454267,18.3461,13.459381,18.272797814159997,24.09528,11.53134,1.6462707770028637,2.3161047,0.78979737
2019-01-25 09:00:00,17.168039875619456,22.79898,13.382965,15.628692480819916,24.16019,5.5156593,1.9930158725321379,2.8109217,0.80817294
2019-01-26 09:00:00,18.18309320549878,22.95404,14.629822,10.93800104500593,16.041895,6.87002,1.8045355553507236,2.4262555,0.88826734
2019-01-27 09:00:00,19.229360865872593,24.001312,15.634125,14.97914731390949,19.869446,10.062858,1.8676677637016863,2.7214859,0.6994098
2019-01-28 09:00:00,20.617307551791384,22.716156,18.333344,18.46028966052674,21.76318,15.939605,1.00722919373751,1.6243185,0.18815416
2019-01-29 09:00:00,19.165318372723902,21.924042,16.799042,17.056151635169982,21.993692,13.724161,0.7596507295360468,1.1644983,0.2068673
2019-01-30 09:00:00,17.954383434620524,20.632904,15.85556,29.42562449072787,36.608627,22.586964,0.6392329242717977,1.2255005,0.2178602
2019-01-31 09:00:00,17.357562780854323,18.765198,15.845276,36.7270671743071,44.296062,26.643719,1.327469147159023,2.4319434,0.8085113
2019-02-01 09:00:00,10.8415778482767,15.047577,8.283661,67.71834278135901,75.65324,54.53118,1.2384287139962227,1.805595,0.6665907
2019-02-02 09:00:00,12.809255258172186,16.088684,9.336304,67.75713981717514,86.97775,47.03732,3.0846730730110927,5.9319787,1.02805
2019-02-03 09:00:00,9.868696314237013,14.821533,6.5422363,87.0463304322111,96.6803,67.516235,3.2145617293313764,5.9092073,1.7889669
2019-02-04 09:00:00,10.124625343761068,14.400085,7.5387573,89.94809428370866,96.62101,78.438675,3.6936491441003327,6.34408,2.1662738
2019-02-05 09:00:00,10.270992427148428,15.030792,7.187042,81.80820462576587,96.23589,71.47812,3.452474600399642,6.906606,1.8995482
2019-02-06 09:00:00,7.570780096017245,13.013336,3.2359924,27.819925939666366,52.799362,11.049363,2.679932067297157,5.4798846,1.0505427
2019-02-07 09:00:00,8.065901990116402,13.32254,3.4562988,34.08249535517022,43.018326,23.957092,1.4089935791566568,2.0514228,0.63451827
2019-02-08 09:00:00,10.418325711838975,15.722076,5.9115295,35.69909528154578,41.14279,31.185074,1.3943163200713942,2.2754169,0.69189394
2019-02-09 09:00:00,11.335220806632435,14.903107,8.653107,43.06415055895603,59.726772,22.46896,1.896459117240592,3.964425,0.55790275
2019-02-10 09:00:00,10.34846494633473,14.3558655,7.1859436,70.77521214080552,81.36949,56.010117,2.746556380977706,5.649726,0.7656906
2019-02-11 09:00:00,7.501937970163112,12.878387,3.9945374,25.080040209045837,37.089035,7.4093494,1.3043223665882409,2.8896754,0.10230641
2019-02-12 09:00:00,11.013604222776735,14.427826,8.08017,9.268348348249933,16.111588,3.3650122,1.464501942353088,2.158383,0.7809671
2019-02-13 09:00:00,12.95885393640475,17.399323,8.967682,6.696980205120928,10.8960285,3.0874348,0.9961134045760612,1.7958351,0.2731998
2019-02-14 09:00:00,13.337098711112503,16.920135,10.240448,96.88915870723206,99.591866,89.95515,2.4920910416401023,4.8147626,1.1237128
2019-02-15 09:00:00,11.15004661685117,15.548096,8.481689,74.44700086919673,85.72064,66.48391,3.1340022290672973,6.144216,1.7079765
2019-02-16 09:00:00,9.052299198563844,14.640839,5.677948,57.282887110672256,78.88435,42.64366,2.6168135993751367,6.0630126,0.84895146
2019-02-17 09:00:00,10.342677869524493,14.690399,6.0204773,57.1116733135959,67.237946,41.34266,3.0136278797807745,6.7844524,1.1843879
2019-02-18 09:00:00,7.935071136557724,12.982758,3.8284607,43.48550252032452,76.13496,32.947456,2.0191486505704526,4.534134,0.59994566
2019-02-19 09:00:00,8.056742715649193,14.185822,3.2384033,30.065599532974428,48.7864,18.58718,2.046361775489724,2.7088482,1.2861422
2019-02-20 09:00:00,9.451118895844957,13.90213,5.554474,41.28151456813069,51.5919,29.301628,1.8620463575663297,4.2153378,0.56199753
2019-02-21 09:00:00,7.654424488689301,12.992767,4.051361,61.847114110522234,73.40357,52.473885,1.510027253908006,4.476887,0.26858366
2019-02-22 09:00:00,6.643641128671277,12.146301,1.5860596,32.32747306917855,46.678513,23.32947,2.2000977115646445,2.726603,1.2431339
2019-02-23 09:00:00,10.55897341603901,14.731079,5.4537354,17.79732342440521,27.51773,7.272583,0.6538236233019307,1.5209124,0.07997298
2019-02-24 09:00:00,12.075109890677084,15.409515,9.1302185,25.893501187107717,35.60532,4.5745735,0.6612985068949807,1.3823168,0.3482267
2019-02-25 09:00:00,14.967569029402114,18.117859,11.622772,21.492596781890985,31.26176,15.812542,0.9283492350429259,1.8481169,0.12076905
2019-02-26 09:00:00,16.068173843329987,18.473053,14.006256,27.04785069528987,41.496777,20.372608,1.4918271576751017,3.6004424,0.22368306
2019-02-27 09:00:00,15.163402589200984,17.601715,13.047028,28.759900825989074,42.02463,18.787704,1.7017572732914963,4.0162787,0.5178022
2019-02-28 09:00:00,14.652716075761418,16.887299,12.186127,80.18374930738399,88.48587,70.66556,2.152770879383692,5.3616667,0.6357679
2019-03-01 09:00:00,16.15192011101402,18.511108,13.845093,46.391107926822734,64.48097,21.098156,1.889901896818568,4.5080385,0.5245404
2019-03-02 09:00:00,14.365396419432443,16.796478,11.274994,66.85775123220449,81.38605,46.94464,2.462882172228044,5.155953,1.2175399
2019-03-03 09:00:00,13.777511434656105,17.187897,10.9339905,80.78094963421981,88.94172,64.21005,3.2087811474717007,7.09574,1.6980457
2019-03-04 09:00:00,13.606170437836397,15.767242,11.068146,51.69101735449991,73.468155,19.12547,2.2928278884242164,4.7755613,1.2689546
2019-03-05 09:00:00,15.604494127354826,18.58722,14.434235,13.254764142124875,26.409227,2.9482892,0.8965460581977664,1.7916088,0.28728583
2019-03-06 09:00:00,14.352477136778361,17.869354,10.494354,40.51945960104469,75.50098,18.688475,2.1295753791368655,3.3912554,1.3777554
2019-03-07 09:00:00,12.554990115352382,15.949921,9.998749,81.80795321294958,91.04923,69.364395,2.653872149141444,5.2281823,1.2206893
2019-03-08 09:00:00,12.30236805798944,15.482574,9.71109,63.73272827009131,73.28729,49.6037,3.139239454487107,6.075756,1.7114822
2019-03-09 09:00:00,10.847645640564338,14.483795,7.2064514,57.196339907567115,76.88222,43.948624,2.184331186568112,5.392235,0.37048417
2019-03-10 09:00:00,11.093124969467453,14.642151,8.314026,54.69937308989301,65.5354,31.351727,1.6323963434103226,3.76556,0.53836614
2019-03-11 09:00:00,10.773240907725153,14.474518,6.6581116,49.86985316040298,60.831985,41.834618,1.0380324051711574,1.6122046,0.5786464
2019-03-12 09:00:00,13.39226514461734,17.292633,9.569977,48.494047301976664,60.55716,39.036175,2.5173896177196764,3.5526903,0.8101461
2019-03-13 09:00:00,15.761637917888322,19.133942,11.803864,43.145475668853514,57.90705,31.914865,2.581153015391717,5.5879116,0.47587496
2019-03-14 09:00:00,14.044568716317826,18.325104,9.268463,25.33318953942033,32.717506,20.072975,2.364481162587349,3.2861748,1.0578282
2019-03-15 09:00:00,15.393890948984904,21.20694,11.309967,15.524906243105915,19.32465,11.465274,3.0249737577485303,5.07275,1.2204132
2019-03-16 09:00:00,18.24099431527219,23.81363,14.165192,17.939613825785607,20.869146,15.912115,2.8685248085363453,4.181395,1.6426607
2019-03-17 09:00:00,21.13451877657411,25.721588,17.286041,21.286909777909205,25.62002,16.405176,2.0830854736709905,3.2697527,0.71800315
2019-03-18 09:00:00,22.86966644166199,26.291168,20.144684,25.463997371288144,32.26018,19.327806,0.7860280618973822,1.6738666,0.12861487
2019-03-19 09:00:00,20.944228130626186,23.75357,18.636383,23.27058140421971,30.286346,18.437885,0.9813105565343049,1.7026988,0.4189605
2019-03-20 09:00:00,17.680002273598973,21.683502,14.54483,47.14808868613568,63.458977,29.244133,2.5315752693306726,4.070202,1.7234744
2019-03-21 09:00:00,11.18199083484734,15.8229065,7.7799377,76.45176470180455,88.74284,51.750843,2.1653150188846397,4.831038,1.0206376
2019-03-22 09:00:00,12.71203151931951,15.463776,9.911041,60.168559331012915,78.71256,44.50162,1.8101365964765712,4.005975,0.6290153
2019-03-23 09:00:00,16.011078503384397,18.367828,14.022125,42.83064818039192,60.327217,15.702651,1.8916521475113959,3.8896906,0.8325778
2019-03-24 09:00:00,14.876585193843823,17.476715,11.871246,31.269412310725308,42.449516,13.692922,1.1686327653602564,3.115531,0.08406632
2019-03-25 09:00:00,19.058902722197388,20.50772,17.421783,18.06394365174991,26.575455,5.726287,0.7851419783329813,1.6111523,0.16139664
2019-03-26 09:00:00,20.41335434100381,23.079926,18.525238,7.0023134712939665,21.489708,-0.57464504,1.562709987119649,3.2390168,0.4814323
2019-03-27 09:00:00,19.45143208065025,22.475494,17.52237,13.189674268229115,22.659302,3.7226496,2.110915941483105,4.811398,0.71096826
2019-03-28 09:00:00,16.927729696879737,19.467194,14.1058655,61.5728252723506,77.42947,46.60915,2.7536680884611497,5.0950923,1.6468058
2019-03-29 09:00:00,17.03697706354501,19.439362,14.591705,33.08972344448796,44.79729,17.65153,1.8688306928186897,4.5353684,0.4787197
2019-03-30 09:00:00,18.389012995910036,21.56363,14.067047,22.7898115969247,35.260147,15.928057,1.5752437359823537,2.6278627,0.23854634
2019-03-31 09:00:00,21.391652033124046,25.247711,18.257477,17.30441879033909,26.085083,13.43274,1.775257102342424,2.555704,0.37958258
2019-04-01 09:00:00,22.971531134884913,27.240143,19.636627,21.775731187947283,25.791584,19.761806,1.1682915300622099,2.1268728,0.113929674
2019-04-02 09:00:00,23.16946386214329,26.441803,20.795319,23.943696594886134,31.417097,17.946478,2.210784018585723,3.5456493,1.4593086
2019-04-03 09:00:00,17.164628189301595,19.664948,14.334869,66.13196367927866,80.69439,48.10601,2.759205571925086,4.903652,1.6751122
2019-04-04 09:00:00,16.74513774655952,20.315826,14.620514,65.33549094406013,82.753975,45.05627,2.2707555169485403,4.0445266,1.5375025
2019-04-05 09:00:00,15.075761760576938,18.007477,12.745758,64.92232013661922,81.3385,45.27209,2.7813131421047426,5.6767263,1.2261733
2019-04-06 09:00:00,16.991347152123637,18.988678,15.289459,34.761769610339314,70.27537,18.232397,2.3311122329895047,5.188126,0.94128704
2019-04-07 09:00:00,20.934228271441782,23.256744,18.487213,27.24901413941938,31.5636,12.09535,1.63692641656134,3.3739035,0.40742558
2019-04-08 09:00:00,25.543964369223033,27.764557,21.625885,14.931345851818941,24.448715,9.097136,1.532064501298658,3.2768102,0.3434086
2019-04-09 09:00:00,26.407097303090495,28.70987,23.061432,31.222076006900256,37.224735,9.580383,2.7760014138353264,6.0893245,0.81996065
2019-04-10 09:00:00,18.04730560859076,25.052399,12.374664,30.449717661786185,44.280323,16.294363,4.954103624884101,7.090843,2.2649915
2019-04-11 09:00:00,18.650902385508516,23.930084,13.817291,20.897385178721173,28.337387,12.67354,2.640082543153267,4.0399127,1.3767306
2019-04-12 09:00:00,16.867094425519326,22.35025,11.901276,44.376937963810505,53.95204,37.149914,2.8586834986662906,4.86635,0.70489967
2019-04-13 09:00:00,19.9360667123334,22.936432,17.069244,25.690717241799483,32.345665,18.676117,1.2279866173102676,1.9191815,0.4750215
2019-04-14 09:00:00,22.25688486263988,24.714508,20.241852,25.817215430270004,32.873634,21.494726,2.2467331295788275,4.1268673,1.3346734
2019-04-15 09:00:00,20.31407434189191,22.876373,17.84317,30.991744686207134,38.208786,25.527344,2.836531853322087,6.068344,1.4968103
2019-04-16 09:00:00,17.94765791458974,21.360016,16.299469,43.578314736135056,53.67072,35.3465,3.0782742340171874,6.123165,2.0168562
2019-04-17 09:00:00,18.806525961086663,21.768951,16.265045,28.02428728761713,33.229134,19.455698,1.5132641242926423,3.3126218,0.30411595
2019-04-18 09:00:00,24.262491545986563,26.629059,20.152496,14.409456656764828,18.779177,10.228395,1.1836940309512014,2.0158966,0.26685044
2019-04-19 09:00:00,27.145686462887056,28.574371,22.500153,20.59485026316774,24.143955,17.91764,0.9752645096104431,2.7740493,0.08679846
2019-04-20 09:00:00,23.50922992511738,28.488434,18.1232,22.237848233940486,28.212017,16.820625,3.039728497939803,5.975143,1.7352934
2019-04-21 09:00:00,17.56114733204447,21.562164,15.710602,51.96226062560885,75.24491,10.003508,2.7284499209139774,5.4361863,1.6744878
2019-04-22 09:00:00,20.00846681786794,22.450592,17.335358,34.403390545740514,44.566635,25.836166,1.5393325877057142,2.7800531,0.4512511
2019-04-23 09:00:00,23.487489200178686,27.230377,20.554596,28.315538546821454,38.462482,22.497374,2.3238113935539952,3.7401433,0.62832445
2019-04-24 09:00:00,26.174196321540194,28.806793,20.17398,17.773442807332042,21.549463,11.974801,0.9743760808012231,2.1746192,0.34815165
2019-04-25 09:00:00,25.969917795986305,31.033844,19.371735,20.003369710491928,26.465952,11.590952,1.8349448013542695,3.3510902,0.9952395
2019-04-26 09:00:00,25.821821526240967,31.25235,19.453522,19.760309510372867,27.373693,11.811193,2.118878328926994,4.28351,0.99607515
2019-04-27 09:00:00,23.40353818731751,29.375153,17.984528,35.01818346726054,44.690987,26.448801,2.5802698018804593,5.2570972,1.4137309
2019-04-28 09:00:00,22.777753492578768,28.932526,17.518463,28.391602250016472,40.49445,20.651178,2.55591511744995,5.1832433,1.3722023
2019-04-29 09:00:00,20.367849958634736,24.122955,17.88272,35.576196742918235,47.951912,22.807383,2.6953872449819603,5.591196,1.5696319
2019-04-30 09:00:00,14.939569045761687,17.441559,12.511383,84.30747165491884,97.117874,61.512375,3.4511143041226897,7.4652576,1.8179134
2019-05-01 09:00:00,17.989428697658013,19.535065,15.705231,54.686296732173496,70.808304,43.777054,1.4379684383650948,2.9536715,0.2955264
2019-05-02 09:00:00,20.74976962890412,23.009186,18.33731,29.145597201959426,36.95555,22.037582,0.9600861275417804,2.1416972,0.4528073
2019-05-03 09:00:00,22.797702824820874,26.593414,18.683258,18.645460625995167,33.104073,11.673484,1.4893909044370957,2.347356,0.80801654
2019-05-04 09:00:00,23.336238017543735,27.79898,19.390778,19.352658989901883,29.06237,7.980359,2.0592972551927518,3.8571634,1.016772
2019-05-05 09:00:00,22.07280104401758,26.684479,18.57901,32.163137186883134,49.95941,5.402034,2.7267673059779267,5.3276157,1.4804584
2019-05-06 09:00:00,19.074266474087665,22.948883,17.720367,62.52537265161237,89.68663,39.92411,3.1508235941600593,6.297421,1.698863
2019-05-07 09:00:00,17.291586249582053,19.760162,14.583649,72.29535271712292,84.96199,59.52449,2.665938197402913,4.771997,1.7118007
2019-05-08 09:00:00,18.31283209924601,22.030426,15.718658,64.53551931830417,78.80675,50.402008,2.6681942638147196,5.38676,1.5882806
2019-05-09 09:00:00,19.264167945496126,24.736237,17.117096,60.72285722525251,75.92369,49.519745,2.3056523205005193,4.282941,1.3857248
2019-05-10 09:00:00,17.697564896316294,22.939362,15.67569,77.54839372219234,91.95642,50.00123,0.9603700900473486,1.4505181,0.6881254
2019-05-11 09:00:00,19.515130420252774,21.512848,17.692535,66.41028854505169,79.26523,56.569916,0.8756390718110786,1.9183831,0.13246448
2019-05-12 09:00:00,22.55473651676897,24.658844,20.46939,35.04613262901883,44.9423,24.985268,1.0659862948847962,2.192541,0.34789693
2019-05-13 09:00:00,23.23771233725796,27.84024,20.271881,35.20542554520605,49.36703,27.201614,2.208590257658808,4.0740824,1.3831685
2019-05-14 09:00:00,22.589403628066293,27.661285,18.89566,35.93203832150747,48.76623,25.859276,2.1453206122488093,4.3325176,1.0521023
2019-05-15 09:00:00,22.955869048136606,27.242828,19.633453,29.729678828015004,44.092407,17.68225,2.6248876923276216,5.132882,1.336473
2019-05-16 09:00:00,18.401502399865024,22.012848,16.499176,51.18529820330901,76.505356,34.90835,3.2996063437672585,6.0415344,2.143899
2019-05-17 09:00:00,15.632287581639048,19.468658,12.062897,58.770912418332664,67.560425,46.58762,2.9598396542682055,6.661043,0.7971251
2019-05-18 09:00:00,18.445350976399652,21.052887,16.42862,34.90195714003506,46.935722,27.757275,1.6449886639952853,3.2500556,0.61812985
2019-05-19 09:00:00,17.391933485007428,20.838531,14.627594,51.47038951198919,66.12969,31.657036,3.2729423887981866,6.910205,1.6934172
2019-05-20 09:00:00,14.542810346723797,18.2565,10.51236,63.918682420905675,76.17557,46.09519,3.0210191694303608,5.8842297,1.6175288
2019-05-21 09:00:00,17.102279840894084,19.412018,13.85733,55.923935703974315,73.25316,42.432842,3.38842585487018,7.473238,1.7618923
2019-05-22 09:00:00,16.088111153606178,19.374664,12.929352,61.92000576060668,76.12385,55.526196,2.810406309398204,6.156451,0.79364127
2019-05-23 09:00:00,13.890979751135262,16.782135,10.221344,59.488684685487016,78.07895,45.937218,2.0128350344897012,4.4615235,0.5128255
2019-05-24 09:00:00,17.763596654768207,20.273102,15.402008,62.33455179743591,68.73427,52.785053,1.1323993060317077,2.3507695,0.56936944
2019-05-25 09:00:00,21.06912855017731,23.709381,18.930084,38.35970430214803,57.505424,29.12991,1.8807463169277832,3.0183403,0.9733993
2019-05-26 09:00:00,19.153547787062053,22.986725,15.467194,62.92072744098073,73.346695,42.268574,3.216440660701623,6.0011415,2.1141548
2019-05-27 09:00:00,14.12628960954396,17.912018,11.119049,61.98913432534196,77.86218,52.940308,2.7434833073521263,6.0093217,1.3862709
2019-05-28 09:00:00,17.862236622405817,19.593903,14.779449,50.03783173293166,61.26871,39.966568,2.1306925604297637,4.349272,0.65719616
2019-05-29 09:00:00,21.859355405903102,24.718903,19.141266,28.54934601755567,38.5318,24.52454,1.5846851484684743,3.0620146,0.53086215
2019-05-30 09:00:00,23.000041749781815,26.823883,19.933258,25.595908228995686,32.77614,16.9402,1.8602791520315631,3.2013843,1.0316554
2019-05-31 09:00:00,23.735149354242196,27.905426,20.05777,23.85849153083211,36.06722,16.996906,1.8037504010706564,3.2294567,0.88821465
2019-06-01 09:00:00,22.630358320287996,27.819244,18.08487,30.316571245542583,42.812702,15.808795,2.0749640981446476,3.0153506,1.3908384
2019-06-02 09:00:00,21.237489996940326,24.790192,18.130035,36.78479431285523,61.5807,27.537731,2.2455032273339164,3.8839939,1.4564342
2019-06-03 09:00:00,22.08017590916694,26.00357,18.429352,38.572491503748225,43.829124,33.584946,1.6679520626476858,2.887077,0.8951919
2019-06-04 09:00:00,25.044116236107016,30.328766,19.322906,25.633376109840352,31.046928,21.277523,1.456794709448802,2.3756793,0.6721736
2019-06-05 09:00:00,26.746177883244457,33.115875,19.488922,22.256688445332568,29.263504,14.873993,1.6221654004210457,2.405517,0.9203532
2019-06-06 09:00:00,27.599284201799946,34.329987,19.472565,23.628184301211018,27.769867,18.04058,2.6206632381494015,5.6611195,1.2471498
2019-06-07 09:00:00,25.89091883091413,31.816803,18.982819,22.83967229191965,30.519878,12.867535,2.4416614422245657,4.942423,1.3037639
2019-06-08 09:00:00,24.19183421904313,28.998444,19.205475,22.260208709053483,42.067028,9.211559,1.122831228622967,2.3384752,0.46295783
2019-06-09 09:00:00,28.244469606794837,30.85611,21.254547,15.304390671914366,19.148193,12.814508,2.2815687710017154,5.5514584,0.26803482
2019-06-10 09:00:00,31.23863915838143,33.876617,24.900055,13.686820618477311,16.758934,12.387839,2.0435658787868385,4.1727715,0.22163339
2019-06-11 09:00:00,32.7312110907194,34.57315,26.963776,12.29804723472135,16.199718,7.869464,0.6954352283553704,2.362751,0.15067007
2019-06-12 09:00:00,33.19704065834111,35.94522,25.937408,19.98415446564591,23.03397,15.399876,1.866373635801475,2.8131437,1.2908654
2019-06-13 09:00:00,30.55353512826207,35.66812,22.713043,21.932588966980077,27.53903,16.362867,2.8638069304727702,5.724375,1.5393279
2019-06-14 09:00:00,25.99697710666902,32.00479,19.637604,26.537392085574496,40.591686,16.142467,3.01589114864855,5.99798,1.7882651
2019-06-15 09:00:00,25.386776060207637,32.068024,19.814117,29.936086168876546,37.751163,22.915226,2.216990986497272,3.9604478,1.3986048
2019-06-16 09:00:00,27.467131925971557,35.017,20.667389,29.09501042388405,39.460033,22.59509,2.2989956572778856,4.5137177,1.3239821
2019-06-17 09:00:00,25.45491569141774,32.405914,19.59732,36.7562451874632,45.81814,20.29028,2.3276970894480598,3.8631055,1.1670897
2019-06-18 09:00:00,25.913131933205477,32.99649,19.594147,28.41029223659833,34.168617,20.864275,1.7366686477289501,2.7324784,1.002747
2019-06-19 09:00:00,26.71015251651056,34.42447,20.440094,27.285599977934517,33.820343,15.292999,1.9814949651186358,3.623419,0.8615158
2019-06-20 09:00:00,28.05756251432041,35.632477,21.07779,37.17748556081862,44.956436,25.171806,3.3143654491097836,6.9645925,1.7568469
2019-06-21 09:00:00,23.18625919396368,29.14566,19.827301,45.28473237789334,71.293045,30.954056,3.823580042916181,8.238995,1.9079982
2019-06-22 09:00:00,23.441261603411704,26.844147,19.605865,44.34898273424804,62.98976,27.290543,1.5751879924858059,2.4391248,0.4221384
2019-06-23 09:00:00,26.854494112944337,30.645905,21.183014,16.613466095355182,21.787207,11.7888365,1.1115632223580552,2.486223,0.34604323
2019-06-24 09:00:00,27.741484350221413,32.191315,21.689362,18.152773482650392,21.98088,13.368113,2.228800534482113,3.7219062,1.3492789
2019-06-25 09:00:00,26.483983154721784,32.98575,20.136139,24.925635990289262,31.64022,18.412271,2.529804649703791,5.1345997,1.4282418
2019-06-26 09:00:00,23.51421703518804,30.040192,18.653473,39.58455205235016,48.222965,31.610401,2.5666588497081024,5.4087996,1.2203122
2019-06-27 09:00:00,24.86631401308489,30.302155,20.706451,30.122313469361522,36.321365,24.391678,2.191660745858456,4.2340374,1.1966381
2019-06-28 09:00:00,26.147338941466558,31.229889,21.552155,18.32166663916126,33.285553,9.055085,2.1221997354453555,4.217486,1.0961138
2019-06-29 09:00:00,27.23135245753167,31.89444,23.01358,11.08900495869698,20.0837,4.3874416,1.9340239148758542,3.9246027,0.9066622
2019-06-30 09:00:00,27.484075582513015,31.954987,23.288239,10.522606464156945,23.505417,4.7026634,2.2694375593053446,4.7501965,1.1311094
2019-07-01 09:00:00,29.54397228653289,34.110504,23.971832,15.64934270281725,24.919922,5.7871084,2.2345560481228075,4.43814,1.1422633
2019-07-02 09:00:00,29.081618972119372,33.88394,23.553864,21.585331658650095,33.340557,12.324931,2.5170768530348657,5.3182783,1.2955875
2019-07-03 09:00:00,27.82523858318433,32.532135,22.873932,29.570514182343526,44.932785,16.677235,2.713839713597571,5.505961,1.4459648
2019-07-04 09:00:00,26.301125860024968,31.599518,21.548737,33.556108768097594,46.89169,19.954971,2.629960099957707,5.120177,1.5678602
2019-07-05 09:00:00,26.453622502455175,31.97696,21.678131,25.51218895314402,32.64395,14.411263,2.032569459861215,3.33404,1.1883463
2019-07-06 09:00:00,28.059132757224745,33.479156,21.758453,19.987710680858466,25.777039,13.236849,1.9027344809762816,3.1761513,1.1022902
2019-07-07 09:00:00,27.991471369835665,34.102936,20.720123,20.16584714446113,28.301773,11.0839205,2.4664265800762957,4.7652564,1.3949555
2019-07-08 09:00:00,25.42616499733407,30.913727,20.735992,33.537934990927965,44.394363,25.467169,3.01302548009987,6.2789507,1.3475635
2019-07-09 09:00:00,24.66181022071919,30.548737,20.848785,36.190679375794794,45.476948,26.766323,2.29024803262171,4.479206,0.93766654
2019-07-10 09:00:00,27.941922263832907,32.655426,22.329254,26.079073801218616,28.363403,20.60502,1.8498817322545122,3.0787208,0.7134611
2019-07-11 09:00:00,29.261686260453814,34.814117,22.661774,20.429092533088753,26.663275,17.612494,1.765403401987149,3.278238,0.84842235
2019-07-12 09:00:00,31.311317692080536,36.919098,23.147614,16.64318677076497,24.995117,9.615618,1.6517072422586534,2.8158436,0.87596565
2019-07-13 09:00:00,32.53515173304254,37.753326,23.59317,13.00977012039577,17.24783,8.78896,1.7373663146958398,3.1391196,0.9056882
2019-07-14 09:00:00,31.726411904774977,37.170807,22.850494,10.27420705262344,17.265465,6.552518,1.9860084658772645,3.7341933,1.0180945
2019-07-15 09:00:00,32.280866412087676,37.983795,23.38028,11.77651605786922,18.197075,6.617115,2.215733738442668,4.7401376,0.66557807
2019-07-16 09:00:00,31.69795507552459,36.726227,23.935211,16.253750136489103,22.006805,9.474025,2.2966030397179185,4.9419384,0.91292554
2019-07-17 09:00:00,29.52093015464345,34.91739,23.241608,24.852978352216972,38.38167,15.260577,2.296398465416253,4.6104035,1.194833
2019-07-18 09:00:00,27.90937293645294,33.392,21.526764,31.59313516213061,36.738464,25.996277,2.4780504926250204,4.888411,1.3148465
2019-07-19 09:00:00,28.496800863228827,33.910797,22.467438,20.869355094415116,30.21682,11.31057,2.721998787740705,5.5144672,1.5063081
2019-07-20 09:00:00,27.04276030982544,32.153473,21.880035,24.58494248718589,38.903767,12.043676,2.6187292832213354,5.426211,1.2819532
2019-07-21 09:00:00,28.314281588492122,33.878326,22.261139,21.938950139920458,30.125257,15.691664,1.9993924001332408,4.035652,0.8745634
2019-07-22 09:00:00,32.257514111641115,37.875397,23.801178,15.326392832438378,22.655071,10.142867,1.899301063287233,3.2828863,0.88177395
2019-07-23 09:00:00,31.791133668518228,35.66519,24.738434,20.08171179724479,24.148296,15.410016,1.255611826451914,2.793331,0.11364883
2019-07-24 09:00:00,33.26300241122925,35.201324,28.949371,36.16871279891152,38.854877,32.51976,1.3820131264898448,2.6363916,0.3539739
2019-07-25 09:00:00,32.359957399048255,35.436676,27.452301,35.034038369869975,43.107086,28.299974,1.9594428055425064,4.295017,0.91702116
2019-07-26 09:00:00,31.137689997697862,33.759674,27.45108,34.469139045969385,37.796597,31.155972,1.6769118214954564,2.7936122,1.1275834
2019-07-27 09:00:00,32.680488808401265,36.57242,26.906403,19.26892903265114,22.557144,17.482925,1.6171043223553807,2.9834676,0.81933665
2019-07-28 09:00:00,34.876869931726276,38.411774,27.20279,14.123083686630412,16.289246,9.523621,1.8840366679465732,3.0605137,1.0474315
2019-07-29 09:00:00,32.40937136265518,38.411774,23.814117,9.102194359225695,17.141167,1.9676332,2.272369365204534,4.308792,1.1782328
2019-07-30 09:00:00,31.77245108323706,38.027496,24.252106,12.814051432433615,19.299597,6.4513187,1.792304015384442,3.1312323,0.9250243
2019-07-31 09:00:00,30.1441573115265,36.22647,23.408112,15.905599856595309,24.788483,6.6387577,2.1722324352079623,4.0025005,1.2487917
2019-08-01 09:00:00,29.61169924403572,34.699615,23.71524,11.248387451701888,17.463528,6.569049,2.1588055287705092,3.9731865,1.169393
2019-08-02 09:00:00,30.600839772284246,35.185455,25.064362,10.15812945160552,17.616798,5.9853764,1.6277693972356342,2.959888,0.66392535
2019-08-03 09:00:00,31.79329190180482,36.187897,25.072662,11.770889435456416,17.638487,2.0900784,1.4608477762873169,2.597754,0.83607846
2019-08-04 09:00:00,32.28573705289659,37.147858,25.19278,8.478366364844943,16.69921,1.1754017,1.8304039934349896,3.204035,0.9977282
2019-08-05 09:00:00,32.44740559807309,37.823883,24.802399,5.894809841222225,14.678164,0.69964886,1.9220078457191505,3.446898,0.9261643
2019-08-06 09:00:00,33.09613422754279,37.785797,25.06314,10.246694816511994,17.553356,3.8688679,2.050168443364076,3.7072632,0.93052256
2019-08-07 09:00:00,32.90218347407995,37.40323,24.11612,13.450547940142933,22.972336,3.025381,2.1722582783612605,4.0235105,1.2912539
2019-08-08 09:00:00,29.28122716359144,33.10855,23.372223,8.49259134417403,19.21804,3.616478,2.153096764209575,3.6109486,1.3421168
2019-08-09 09:00:00,29.81774541558542,34.36441,23.491364,19.049596585823988,25.152525,14.11499,2.2121761342023567,4.121355,1.2484828
2019-08-10 09:00:00,28.512743953192285,32.86734,23.943512,16.065996927863164,26.799702,8.997365,2.167277343494054,4.1068335,1.2630026
2019-08-11 09:00:00,27.393691388758896,32.059967,22.612701,33.963496153858664,41.841064,23.880127,2.167238162095219,4.016706,1.2342153
2019-08-12 09:00:00,27.784321351606707,32.073395,22.84488,16.611028253017807,26.886517,7.4478846,1.5415905065920985,2.3793876,0.92603564
2019-08-13 09:00:00,29.237069748899955,34.232574,23.232574,9.240197710556036,17.110458,2.480692,1.2596698477230999,2.1670728,0.5546345
2019-08-14 09:00:00,31.328618839866976,36.24063,24.463287,10.776614508254651,14.846272,5.7937613,1.3219910463392077,2.4959555,0.62463945
2019-08-15 09:00:00,32.96326640071413,37.421783,25.251862,8.518052777395079,12.988878,4.9266405,1.5797633390808123,2.6829565,0.76644486
2019-08-16 09:00:00,32.7710465492417,38.256256,24.074615,10.144204873502003,16.84738,4.7573023,2.375948095854467,4.6154714,1.1831414
2019-08-17 09:00:00,30.008202848539042,36.13272,22.072174,17.994382767750263,25.637077,11.201006,2.613200372106846,5.7209244,1.2567494
2019-08-18 09:00:00,28.332448477347782,34.50186,21.943268,20.775429389079076,31.314213,12.633623,2.2849193465088593,4.780179,1.1033758
2019-08-19 09:00:00,28.5053316260462,33.61734,22.707184,18.631660386578186,27.297232,12.546755,2.081013532888706,4.0078945,0.9972375
2019-08-20 09:00:00,29.54236566579823,34.31729,23.67862,16.155554043861404,27.091995,9.353714,1.8103949284912308,3.5535746,0.7873529
2019-08-21 09:00:00,31.580655663151106,36.645416,25.17276,10.876669840213253,21.80346,4.5754833,1.593659297729242,2.9502041,0.5924032
2019-08-22 09:00:00,32.76368032530786,37.10562,25.74234,11.128149547480836,16.825903,3.3306532,2.123570305652214,4.397423,0.78837925
2019-08-23 09:00:00,28.661787399172,34.20694,22.880768,16.183510183918813,27.34844,5.188113,2.061820456109912,3.5165231,1.182302
2019-08-24 09:00:00,29.839661723472602,35.11075,23.967194,20.869153889993587,26.564217,15.818123,1.6286772855000773,2.4447482,1.0200174
2019-08-25 09:00:00,32.058393980241306,36.263824,25.556793,16.192786661858186,24.775711,10.896948,1.8534558053964403,3.3236866,1.0161933
2019-08-26 09:00:00,32.49071299223823,36.940582,26.174957,21.50540634596211,28.43668,14.600742,1.8554324216850993,3.189304,1.1116873
2019-08-27 09:00:00,32.245867837200024,36.50235,26.00821,27.92160233763226,31.968872,20.707272,1.7067604954945101,2.82934,0.99051434
2019-08-28 09:00:00,31.991226976542066,37.779938,25.223297,31.912567050266205,40.979137,25.225992,2.193161994091075,3.7172923,1.2970228
2019-08-29 09:00:00,29.977255857382545,35.40445,24.213531,42.08397056476538,48.72543,36.70411,2.071549966323441,4.1203985,1.0573453
2019-08-30 09:00:00,31.877870974837606,36.132233,26.165436,19.658325200919627,25.314465,12.251965,2.0803218437864466,4.3493643,0.8923295
2019-08-31 09:00:00,32.55420792810992,37.24356,26.308014,10.150109400757335,19.707802,1.7429581,1.964477776563261,3.7457714,0.99597204
2019-09-01 09:00:00,33.60627746677585,37.936188,25.615875,15.818051342581953,22.458927,10.458129,1.6270796312620528,2.8250403,0.7940079
2019-09-02 09:00:00,33.36113603693036,37.813385,26.197174,18.936662938537385,21.967726,16.208904,1.3621742620703787,1.9988121,1.0248195
2019-09-03 09:00:00,31.459522610323518,34.85855,27.772614,38.31951529141892,47.7388,25.337467,1.607323411830157,2.9615366,0.94622564
2019-09-04 09:00:00,31.88543511760264,33.77896,27.870758,30.78690885424327,37.325085,27.504772,1.5227058998433134,2.7658832,0.7251286
2019-09-05 09:00:00,32.43145187462085,34.73404,27.657867,28.19538632902405,31.587433,25.348064,1.1278719784523135,2.5760694,0.73622096
2019-09-06 09:00:00,31.53081432779004,33.63443,27.427399,34.645344935292755,41.30636,31.517294,1.7413998577759982,3.1338608,0.8640223
2019-09-07 09:00:00,30.954616458009696,34.506256,27.553131,36.2438280215278,41.759144,33.795284,2.2744101641671537,4.284045,1.1143246
2019-09-08 09:00:00,31.06459197056006,34.576324,26.136871,18.26296454437953,38.723213,3.9575882,2.7341724308188136,5.5258093,1.362887
2019-09-09 09:00:00,26.566603007494166,28.722809,23.494293,17.265451578963635,30.578989,12.907114,2.098183052134315,4.122809,0.6361684
2019-09-10 09:00:00,25.970394157651867,30.273834,23.150787,33.39749744176832,55.01556,16.343685,2.619481555008089,5.106479,1.6312667
2019-09-11 09:00:00,23.200117001748538,26.33194,21.421783,35.4470984702959,52.63761,19.465736,1.658568692870634,3.0480773,1.1728868
2019-09-12 09:00:00,27.78717088160363,29.842926,23.56607,15.770408414637968,22.843304,13.980393,1.7437201096847554,3.5911498,0.15386476
2019-09-13 09:00:00,31.181006613754334,33.4899,26.406647,15.077369200359389,20.239544,13.137981,1.399445475320785,2.4991386,0.19603887
2019-09-14 09:00:00,32.99164390357919,34.644684,27.507965,12.935876448284711,18.067268,9.930551,0.7244405723352415,2.243666,0.2784113
2019-09-15 09:00:00,33.201850624006454,35.176422,28.004547,14.047444171573778,15.403933,11.966433,1.769799187656086,2.989397,0.9163607
2019-09-16 09:00:00,28.29674080906028,31.67862,24.879791,16.167550962669424,25.777412,9.213052,2.7529555583101852,5.3163557,1.4779587
2019-09-17 09:00:00,26.002281683484455,28.459137,24.140778,20.843703217348097,32.055855,8.067574,1.7494064429966554,3.5170228,0.9286514
2019-09-18 09:00:00,25.807464667757074,27.760406,24.221344,30.094840986847508,53.14783,10.791879,1.7732519100128512,3.229776,0.86030596
2019-09-19 09:00:00,25.658898319364937,29.418121,23.39859,37.803947309366194,55.12554,16.019104,2.3184303597743656,4.536388,1.3615285
2019-09-20 09:00:00,23.5491974138979,25.603668,21.437653,31.015077767772212,51.490837,16.062126,1.537201632091997,2.9086695,0.15553638
2019-09-21 09:00:00,25.600320637445122,27.268707,23.491852,21.532081711637925,27.025715,17.561855,1.1967936537117496,2.2513611,0.009672439
2019-09-22 09:00:00,28.656785448357937,30.474274,25.573883,16.31203425269334,22.167675,13.093111,1.3336337669074236,2.6200135,0.31098413
2019-09-23 09:00:00,28.413557856136663,30.60733,26.13272,19.443003889729418,29.262634,3.3027163,1.745069224542974,2.8538315,1.1261303
2019-09-24 09:00:00,27.407729560594817,30.764313,23.889313,20.006666134269516,27.703363,2.9830866,0.9912743668803052,1.9668229,0.14854135
2019-09-25 09:00:00,30.656781114603916,33.287994,24.664948,16.185825779881384,22.396996,9.803631,1.8857086778535326,3.1930184,0.27323246
2019-09-26 09:00:00,29.38837098314184,32.704987,23.937408,25.841983356910198,39.46017,15.1437645,1.57526151838598,3.0610116,0.8974486
2019-09-27 09:00:00,23.154793205256226,27.219147,21.100006,62.36470328385711,76.00862,49.23887,2.8524819404695916,5.802889,1.5661507
2019-09-28 09:00:00,23.05324474740644,27.546783,20.89444,66.38943035359159,80.32417,50.789017,3.462684972022023,7.2078056,2.0530446
2019-09-29 09:00:00,18.708688630585243,21.500397,16.707428,35.299494352414335,56.10708,11.294579,2.721443503808385,5.67514,1.1865505
2019-09-30 09:00:00,19.35134174210208,21.618073,16.684479,27.48017151162224,46.90737,12.129219,1.9306233978048273,4.566934,0.45678338
2019-10-01 09:00:00,19.344792327684956,21.555573,16.94815,28.444052597753355,50.732613,18.183252,1.594097082072537,3.68327,0.37668276
2019-10-02 09:00:00,21.11139133398575,23.42569,18.185944,18.20370109080501,24.749615,5.588808,0.8497792524030613,1.5306914,0.29683286
2019-10-03 09:00:00,24.22162933931446,26.332916,21.725494,14.987190178496938,19.726305,4.1365433,0.9575087658094048,1.9291389,0.42281848
2019-10-04 09:00:00,23.496815034648705,26.654205,21.642487,11.41555669931923,21.363106,2.7185736,1.854425472045027,4.1142535,0.5547319
2019-10-05 09:00:00,24.46207296186907,26.345856,21.724762,8.633873111480787,14.677275,3.9239874,0.9449683945089042,1.905858,0.22902808
2019-10-06 09:00:00,26.923261655660042,27.94693,23.715973,6.709569923178556,11.103686,0.42663193,1.0340479753114282,1.8990467,0.31155434
2019-10-07 09:00:00,28.867915755414572,31.072418,25.224762,11.074202975584452,14.802586,6.4744606,1.3396940303198115,2.656817,0.25686717
2019-10-08 09:00:00,27.93970693266698,29.246979,24.215729,14.289309278778893,17.709976,10.9170065,1.1545430431275134,2.2536376,0.5753426
2019-10-09 09:00:00,26.116422939687766,30.214752,21.85147,19.62569661548558,26.397558,10.019088,2.375710706639538,5.2674556,1.0409627
2019-10-10 09:00:00,22.821154020272104,26.856842,20.537506,13.622102456930188,18.644136,11.831891,1.3632882922942477,2.0653667,0.7801871
2019-10-11 09:00:00,20.93094010388296,27.786285,16.428864,5.7687450673689264,7.0662327,4.2815065,4.507447789559382,7.620492,0.74290526
2019-10-12 09:00:00,23.156673617593015,30.048737,18.58316,7.448302413342579,8.500108,6.5235453,2.0059226837721056,3.3148224,0.33995602
2019-10-13 09:00:00,24.215056820833354,26.514801,22.073395,10.467687890141773,19.585732,7.2693243,0.7673346026081328,1.5199195,0.19280206
2019-10-14 09:00:00,22.0674786824938,23.71109,20.750153,22.565980469790773,32.946064,10.931763,1.1711451863356848,1.7591976,0.6636459
2019-10-15 09:00:00,23.133926117463204,25.094147,20.445953,14.491300700767804,19.441685,9.850102,1.1866044759654042,2.1884162,0.27633962
2019-10-16 09:00:00,26.580167109135573,28.215485,23.942047,17.683876593380674,23.61303,11.6286545,1.167302794171148,2.1777368,0.37620217
2019-10-17 09:00:00,25.60233523002148,27.64029,23.294586,23.625537055085715,27.75243,18.48108,1.5877521380475612,2.7145348,0.8387047
2019-10-18 09:00:00,20.692936845127008,23.110992,16.107086,22.3797447717911,35.690697,11.749289,2.0609654618947766,4.555258,0.45955956
2019-10-19 09:00:00,22.228069802054563,24.842194,17.504303,15.421351826124033,28.219498,7.8249655,1.7490396605609146,3.4736967,0.50534976
2019-10-20 09:00:00,22.402546442783944,26.071442,17.167389,18.755782292028407,33.116566,10.298484,2.0600992818043067,3.7053766,0.20332587
2019-10-21 09:00:00,24.538413586527952,29.958649,20.874908,22.346274835775226,35.584335,17.85083,1.9014867934518493,2.9900162,0.5767942
2019-10-22 09:00:00,28.57985941960044,31.974762,25.115387,16.18854105856457,22.337563,11.31351,1.5592252993623856,2.3371859,0.39307898
2019-10-23 09:00:00,29.43900825440454,32.937164,26.51529,14.778345102773686,17.003042,13.520884,1.3177198428738561,2.0552812,0.22884175
2019-10-24 09:00:00,27.75368863586192,32.28116,24.081451,9.360129790169472,10.986251,6.974532,3.0764913979579456,5.0835214,0.6452749
2019-10-25 09:00:00,27.09835135024474,34.64444,22.48233,6.826194863281475,7.8205414,6.140854,3.4227789028451667,5.2877345,0.96197367
2019-10-26 09:00:00,27.66108294223659,32.709625,24.203766,11.348648333588674,12.95344,9.781565,0.9191758630305662,1.5033648,0.11550957
2019-10-27 09:00:00,26.340725185005795,29.196198,23.555573,14.226930829787136,16.654655,11.865593,2.4547963734536893,4.4859295,1.3332522
2019-10-28 09:00:00,17.763646583871264,21.127716,15.786682,11.863970922505288,18.714565,5.1090956,3.1021968752722207,6.680363,0.66161764
2019-10-29 09:00:00,18.87060998944912,24.107025,15.260651,10.882478607241552,13.017064,4.0351734,1.1030349381474132,2.1122308,0.14440867
2019-10-30 09:00:00,18.86620390601786,21.889374,16.676483,9.242236327557404,13.617379,3.879098,3.36048269561905,6.295348,1.3353957
2019-10-31 09:00:00,15.187683240119839,23.000519,10.669342,5.245466311087761,7.849468,2.328701,4.0303964794332305,5.8832607,2.3144743
2019-11-01 09:00:00,18.249749116760142,25.123932,14.1180725,3.1161531593342566,4.2939405,2.4345655,2.3053951946325144,3.1024394,1.0976439
2019-11-02 09:00:00,21.17909498328953,26.37149,17.578522,2.673852341901671,3.9584742,0.7784281,2.0162613857088068,2.9858792,0.70559806
2019-11-03 09:00:00,22.882753065711654,26.493317,20.003082,5.846544609546464,7.0431986,3.4808226,1.195495840303973,2.0333169,0.5217329
2019-11-04 09:00:00,23.662841429149864,25.31485,21.478912,7.300945171385979,11.001845,4.688697,0.4939223342806736,1.4448969,0.040862408
2019-11-05 09:00:00,23.567703414883,25.249176,21.237457,10.169387098790454,13.074505,7.9987326,0.9702497070320644,2.0871046,0.5321058
2019-11-06 09:00:00,24.245619819949184,26.552887,21.377106,14.743484509448065,19.620111,10.962349,0.9168760678517298,2.0712085,0.18857613
2019-11-07 09:00:00,22.078285170056006,24.641327,18.965546,12.394617947920063,13.738943,10.012381,0.45182570690693163,1.1574248,0.061060544
2019-11-08 09:00:00,23.63364648490301,25.671051,20.652008,15.920319835065733,19.540234,13.7157345,1.4601236788224607,2.3570943,0.26682368
2019-11-09 09:00:00,24.92676141501687,28.960358,21.266998,12.747731899261305,14.285317,10.761418,1.587457853060806,2.3047984,0.81368726
2019-11-10 09:00:00,24.75459170221427,28.907867,20.261383,10.570129788234162,14.746136,8.378948,0.9865699847396422,1.6967671,0.16657019
2019-11-11 09:00:00,21.732291902177053,23.48172,19.688751,10.578114584329237,12.796988,8.463902,0.6672160161507593,1.3852483,0.02639247
2019-11-12 09:00:00,22.93904806690159,25.83963,19.523224,13.11742979648541,15.808762,10.187622,1.035118788673515,1.6572448,0.25151995
2019-11-13 09:00:00,23.319662102688255,24.555695,20.0596,14.08360408432787,16.271158,10.970376,0.5984203281317403,2.1993883,0.09352313
2019-11-14 09:00:00,21.249633237076523,23.758392,18.059174,17.588607104413878,20.239176,15.27296,1.3160648454095787,2.422963,0.45675066
2019-11-15 09:00:00,20.27572899094656,23.361725,18.318756,18.99852428052522,28.165611,14.20858,1.4410628144032238,3.1889765,0.20844096
2019-11-16 09:00:00,20.628719827450368,23.296051,17.258942,20.044864730689365,28.214752,14.434688,1.2383453932621766,2.0574267,0.19364011
2019-11-17 09:00:00,23.639480092009933,27.658844,20.180328,15.57582996753899,18.702229,12.733478,1.771070788070399,2.7106838,0.5528529
2019-11-18 09:00:00,25.87018636434169,30.805328,22.072906,11.137467145587825,14.331854,8.652167,1.5901205165226366,2.2090197,0.9228628
2019-11-19 09:00:00,25.383596530120144,29.304108,22.745514,11.890284077057903,14.497246,6.8099647,1.0703690005180309,2.1956694,0.5128873
2019-11-20 09:00:00,19.45305641577073,22.342438,17.820953,24.591183175604947,50.65246,17.31652,2.895669100987961,4.529479,0.8527111
2019-11-21 09:00:00,11.340347789564646,15.877106,8.328278,80.1111138171328,88.074905,70.84569,1.184154470806182,2.6407094,0.56303495
2019-11-22 09:00:00,13.91058796190515,17.84259,11.237122,63.076731510207395,76.15296,53.85999,0.7174174144848308,1.3306267,0.45245895
2019-11-23 09:00:00,15.453106008629163,20.389069,11.894928,43.83998628437253,52.890263,30.210575,2.6697556544796672,4.4535007,0.97354835
2019-11-24 09:00:00,17.542487826229603,23.425934,13.785065,21.753088659339884,28.425682,14.484275,2.2384654684856438,3.499157,0.5089627
2019-11-25 09:00:00,18.942058440737128,23.543854,14.92276,14.0909256844842,20.971897,9.031336,1.3179830176168326,3.2907565,0.23086067
2019-11-26 09:00:00,14.609394823079128,19.2565,8.893219,19.602769056440586,31.040785,10.717169,1.9919723666078595,3.0345738,0.61605763
2019-11-27 09:00:00,13.210960148435902,18.03238,9.80777,20.223047348008844,28.515404,6.7888823,2.6269439765539437,4.5664077,1.3517336
2019-11-28 09:00:00,7.326329719493742,13.379456,3.36969,79.00264957962173,93.774155,58.601727,1.6917385314732296,2.5589747,1.1043293
2019-11-29 09:00:00,4.857641752591405,12.270935,0.57366943,73.07671238549109,88.69364,55.93434,1.1804001447002568,2.70964,0.3704041
2019-11-30 09:00:00,6.87199184850391,13.789886,2.0820618,66.90130922015635,82.95773,52.890762,0.7605560408999836,1.6035459,0.26556537
2019-12-01 09:00:00,7.8270799369180395,14.591217,2.5775452,54.81635016012583,65.74526,28.749168,1.9855464436233408,2.4130304,1.5450174
2019-12-02 09:00:00,11.139957677928749,16.535217,6.476471,24.554004789588838,33.2278,7.369766,1.728750423537682,2.4669244,0.26641598
2019-12-03 09:00:00,13.35583616573706,18.533386,7.21698,27.082358796450656,31.48455,22.847832,1.4315791736073533,2.124448,0.6220032
2019-12-04 09:00:00,12.185693494863926,17.674957,7.711273,42.004052110764,44.697742,38.67821,1.58610735950393,2.0378132,0.9118652
2019-12-05 09:00:00,11.297331758718087,16.528961,8.448883,75.78974423204222,82.55105,67.06277,0.762500351141103,1.6012528,0.16850045
2019-12-06 09:00:00,13.629850784943528,17.710114,10.501129,60.29448893176342,75.66933,31.87286,1.7900041368667636,2.6936612,0.47687557
2019-12-07 09:00:00,13.614425908878843,17.307037,11.037506,76.4042839174937,87.39513,67.837685,0.889265573923098,1.5279586,0.1104285
2019-12-08 09:00:00,13.875876479218562,17.649567,11.286285,88.3766142281536,97.56014,77.81026,2.0134258632885667,4.5413723,0.7524663
2019-12-09 09:00:00,12.639515439884747,16.951782,9.341919,45.46441690456232,60.28493,30.917744,1.1104160072671587,2.256912,0.2868693
2019-12-10 09:00:00,15.230215379450385,18.769135,10.933197,25.244544521429006,33.177578,17.482265,1.2125096260062145,1.7936556,0.27317
2019-12-11 09:00:00,14.07491152276242,17.413177,11.462006,20.055279323664223,28.947655,8.875241,0.7256924883410981,1.3572313,0.16703992
2019-12-12 09:00:00,15.517796047448485,17.692108,13.308228,37.431098575651944,45.96868,30.6147,1.1911250450773287,2.6766846,0.32359847
2019-12-13 09:00:00,18.28160618221972,20.719635,15.094635,33.817990693056586,44.640705,30.863361,1.1843679061168826,2.7456563,0.44361877
2019-12-14 09:00:00,17.544879601333037,19.026886,15.3315735,50.93854967149747,58.998142,42.361423,1.923394208150369,5.6982336,0.22132006
2019-12-15 09:00:00,13.569533962455523,17.006989,9.764801,48.37672235410959,76.9481,17.803566,2.7015374020662866,6.043714,1.2453103
2019-12-16 09:00:00,11.04453394547079,16.22873,6.862732,19.486664509180596,34.982334,7.822178,2.0914293473799024,3.0347586,0.46595067
2019-12-17 09:00:00,12.33745140216871,18.31845,8.363373,10.810083405616426,17.14137,3.301527,3.81965097074037,6.1117883,1.8892939
2019-12-18 09:00:00,11.490100558235213,18.229645,7.2237854,7.536764743427915,11.877749,2.9443216,2.2468847950151165,3.1825278,1.371479
2019-12-19 09:00:00,11.48379219502118,15.799469,8.227203,21.70061817357339,26.189842,16.193748,1.2750097891103438,1.7871568,0.4060698
2019-12-20 09:00:00,13.860336489816802,17.758392,10.831451,19.30214669312979,25.60554,16.173208,1.7488674375730207,2.393669,0.8989375
2019-12-21 09:00:00,16.285078441827068,20.774323,12.842682,14.320540227868099,17.332932,12.114016,1.8460180858154407,2.5721025,0.496572
2019-12-22 09:00:00,15.459509869606165,19.547394,12.049347,13.862959592462545,17.60173,9.984543,1.4421994922281063,2.7913558,0.5576487
2019-12-23 09:00:00,13.83038846006906,17.252106,8.539215,41.07450412430492,67.937546,24.214888,1.5654564374013356,2.8424087,0.5911791
2019-12-24 09:00:00,8.114954235815105,13.686188,4.9674377,70.57677178884792,88.13804,60.817722,0.8560058724843732,1.941574,0.110595815
2019-12-25 09:00:00,9.745698391042538,14.337067,6.5538635,64.66717414274913,81.7301,53.05432,1.5934904281672455,3.0804732,0.6507553
2019-12-26 09:00:00,8.212170209581984,14.161835,4.9528503,75.4192519232785,87.51606,61.367622,2.3644180901671,4.549828,1.4450907
2019-12-27 09:00:00,6.802179557258114,12.823395,2.7641296,50.064147529666506,62.409737,40.67536,1.6297910202116714,2.4106848,0.44766498
2019-12-28 09:00:00,8.342075206661889,15.301056,2.287445,23.046659286762917,35.594128,13.480847,1.4304425639377985,2.0031586,0.6637131
2019-12-29 09:00:00,10.07480197902089,15.110199,4.596527,31.055912432337383,37.82974,20.517534,1.15875908839359,1.7402422,0.54702014
2019-12-30 09:00:00,10.015175673970361,14.8984375,4.945282,51.22370084417407,63.576775,34.690254,1.6272160864088725,2.3410904,1.1872156
2019-12-31 09:00:00,12.576006032463738,17.071808,7.9077454,39.32024731961093,47.229935,33.280716,2.587395555526409,3.9085581,1.56262
2020-01-01 09:00:00,14.847055838692029,20.54245,9.60495,21.633846648662253,29.457893,14.786019,1.1977122256859352,1.6536331,0.43427354
2020-01-02 09:00:00,14.32376219499315,17.338043,10.515778,35.92072525141236,49.382706,21.5663,1.59748810546297,3.654799,0.6970135
2020-01-03 09:00:00,14.563867523336285,18.117584,12.037994,24.8613774775978,29.664343,21.021765,1.356722373694265,2.0138445,0.22361238
2020-01-04 09:00:00,17.25584495624372,20.372467,14.620514,24.00547944966468,27.081337,21.414173,0.7165645601852889,1.9926704,0.12302403
2020-01-05 09:00:00,16.460655989611894,18.435455,13.992096,13.568920675104055,25.499197,8.082776,1.431614162489104,2.5970633,0.06800514
2020-01-06 09:00:00,14.906958250588843,19.144928,11.663239,9.291039932529415,19.538794,0.042333603,2.4438037002475665,3.5022728,0.7262993
2020-01-07 09:00:00,17.64186324982103,23.718964,13.840057,9.582061893372126,13.613193,5.280859,2.166299963643587,2.9000552,1.1598722
2020-01-08 09:00:00,15.668363498040605,20.40924,12.319397,11.023184050997429,17.072018,6.1300054,1.2342742941128033,2.7450533,0.36987892
2020-01-09 09:00:00,11.363852426689618,15.673431,5.9045715,37.60766456693428,61.01145,20.950031,1.970505221646732,4.57702,0.30455258
2020-01-10 09:00:00,10.779197748742149,15.309479,7.0797424,22.816151169117433,35.82459,11.500369,1.7196964836181576,2.9623985,0.5608799
2020-01-11 09:00:00,13.563627882184846,17.062042,10.515167,24.540816517695294,32.67933,11.982056,1.24670451550946,3.0742013,0.18615663
2020-01-12 09:00:00,12.1357351377045,15.694855,7.3335266,28.874588593672158,44.084198,17.92795,1.5233180766450716,3.7416937,0.16136794
2020-01-13 09:00:00,13.45827803223358,15.544037,9.401459,33.18339564077279,49.272545,24.38192,1.6333854392666676,3.8436644,0.19637616
2020-01-14 09:00:00,13.669104210820876,16.112457,9.411285,24.97262592202566,37.644516,16.898422,1.5497502655071922,3.7583458,0.09126651
2020-01-15 09:00:00,13.440004510227539,15.561798,9.165314,20.201960801718766,29.314491,2.2553568,1.0426284194620892,2.2835557,0.20018998
2020-01-16 09:00:00,14.579012439532448,16.953949,12.350433,25.040079719281138,42.717014,10.155385,0.9115400169804712,1.5032146,0.52608734
2020-01-17 09:00:00,10.512298185672933,13.846344,7.4029846,31.896180148014235,62.65767,11.814796,1.6074967733733574,3.8979425,0.36227566
2020-01-18 09:00:00,12.542517013329643,15.220551,9.701019,19.644902518034776,31.461697,8.977321,2.3141335318698895,3.2791107,1.0092789
2020-01-19 09:00:00,14.516066986819851,19.398804,11.034149,15.660044703744598,20.098389,8.44098,2.7040701012048234,3.4761345,1.5018908
2020-01-20 09:00:00,16.15501621906975,19.083649,11.374664,17.84629729315939,21.813995,13.716396,1.7536530663079444,2.7395868,0.46767172
2020-01-21 09:00:00,13.967256150556807,16.113922,11.170563,35.976746637545936,49.737347,12.460006,1.6298979909290547,3.0217912,1.008938
2020-01-22 09:00:00,13.16098412605811,14.896027,10.452667,57.4852588937107,68.70344,45.563866,1.405036887065164,2.7432053,0.32475325
2020-01-23 09:00:00,15.58151854705335,17.84024,12.894684,31.38031802176763,40.296703,19.906078,1.3166927953396363,2.2088459,0.17397657
2020-01-24 09:00:00,19.222271091273058,22.354645,16.366364,22.6685003805653,30.29057,16.768833,1.1294324288236495,2.2331846,0.017431526
2020-01-25 09:00:00,18.046576081758246,22.007538,12.902069,20.91403211081177,36.713303,8.844456,1.5044572959359528,2.9345558,0.18618853
2020-01-26 09:00:00,18.192108215702035,19.869781,16.207672,30.753159224912817,47.886833,26.453238,0.9419876561363606,1.8227271,0.2850099
2020-01-27 09:00:00,14.634407620515276,16.018951,10.876862,28.19063749662242,51.773865,12.643183,2.0162075078637183,4.16846,0.12415772
2020-01-28 09:00:00,16.97248403392956,21.39029,10.491852,17.892014849120756,30.345371,7.9234953,1.9485567614499177,3.6050813,0.77222764
2020-01-29 09:00:00,17.80690844246982,22.66748,10.589355,17.418285521969146,52.353317,5.597683,2.4125723784497652,4.0730295,0.5511983
2020-01-30 09:00:00,16.578179089834066,22.366364,12.24234,14.485999067931603,30.049385,7.873603,2.6317848964827157,3.4039392,1.6740649
2020-01-31 09:00:00,18.116873379339324,22.878998,14.128082,19.542863338438117,28.079807,13.751682,1.7914720710999714,2.7194822,0.3485109
2020-02-01 09:00:00,21.43425085655838,26.096954,18.01297,12.961660802809929,16.47072,5.2981176,1.5920346365693199,2.3809326,0.5913399
2020-02-02 09:00:00,23.606538901682313,28.370026,21.059479,13.638185030088918,19.344765,9.997108,0.7216112524697953,1.9260968,0.16293256
2020-02-03 09:00:00,16.387910030232774,18.965485,13.860016,28.415969948929437,48.61023,11.942259,3.10102958884917,5.5923133,0.8322182
2020-02-04 09:00:00,9.423482150076893,16.502655,3.4616394,11.286729695663999,14.389979,7.468317,3.5911017897209203,5.206436,2.178125
2020-02-05 09:00:00,9.492290744864249,15.590607,5.32547,8.430702787350144,10.16437,6.700492,1.7093491597309158,2.4940453,0.6838969
2020-02-06 09:00:00,14.402798751922887,16.75412,11.301056,27.53681381579594,31.97582,24.566261,0.9673494607774348,1.9143739,0.07167275
2020-02-07 09:00:00,17.975438713453514,20.699005,15.550568,21.01752834861627,24.680508,17.836758,0.970534809277447,1.7966338,0.13423504
2020-02-08 09:00:00,19.946443198177292,22.066559,16.500153,16.610049969685395,19.986647,14.252027,1.2726299260164171,2.589708,0.21186832
2020-02-09 09:00:00,18.4355904462372,21.308228,15.370728,24.7801863166183,33.284557,18.057995,1.4303140951507587,2.7692366,0.7348482
2020-02-10 09:00:00,12.651530962706147,16.791412,8.279694,34.596022860617595,55.460773,25.182337,4.796908354444425,8.587346,1.3379269
2020-02-11 09:00:00,17.145208318487562,22.747711,12.636383,14.573562324128055,21.840357,10.573838,3.1623394490276224,4.3779526,1.6348138
2020-02-12 09:00:00,16.815052176268523,21.39029,12.966461,14.130612020057143,19.433897,10.992491,0.6418639845163239,1.5236723,0.17640093
2020-02-13 09:00:00,15.98771173535846,18.130829,14.537079,28.063737305283045,36.168953,22.612099,0.6984309970346328,1.2688392,0.3994945
2020-02-14 09:00:00,17.78233614445861,19.410492,15.906586,23.374367162120187,29.819746,15.20375,0.43979868717787596,1.9642675,0.039914012
2020-02-15 09:00:00,17.806213853049996,19.28189,16.113922,26.224648398365872,32.456272,18.331272,1.0214921787997822,1.8698983,0.2523971
2020-02-16 09:00:00,18.50491817147406,20.791473,16.38913,30.528909068324207,41.17246,24.22364,1.7402730431199378,3.560271,0.2552111
2020-02-17 09:00:00,19.77641042206477,22.794647,16.113007,26.38575252738002,36.932404,22.007343,1.814486302503031,3.520232,0.3554344
2020-02-18 09:00:00,19.40379644984972,21.983673,16.661407,15.239750634234621,33.917877,4.2208157,1.4455573796699228,2.3292124,0.4628618
2020-02-19 09:00:00,18.906929568451062,20.376038,17.538147,16.0454467121346,21.516918,11.693552,0.8001122557031203,2.046214,0.100146405
2020-02-20 09:00:00,18.544366925609324,19.87085,17.113037,22.67871119270131,29.532318,13.335937,1.6060745706467483,3.3288355,0.31031108
2020-02-21 09:00:00,20.568385800464,24.65207,16.70285,24.133477371183083,28.970116,20.067772,1.8654657476616376,3.8428695,0.395615
2020-02-22 09:00:00,20.3266034126425,22.109528,16.515778,27.44661681129151,33.733604,21.260948,1.3599529653948876,2.21372,0.32947972
2020-02-23 09:00:00,13.638637719360531,16.471344,10.9635315,61.62971945957811,88.65805,42.84164,2.2636601675567336,4.447951,1.303883
2020-02-24 09:00:00,17.802515042824893,19.996735,15.111969,28.953407842914096,42.7601,21.577053,1.4627863994731525,3.130554,0.42505348
2020-02-25 09:00:00,20.61807273878452,23.400543,17.062653,15.058063396197838,22.312874,11.271604,1.7901960703152242,2.9534113,0.26144975
2020-02-26 09:00:00,22.19418369819408,28.386871,17.754059,11.329636812996965,14.703769,8.807397,2.7167588851881113,4.3067427,0.85851187
2020-02-27 09:00:00,21.458877089732823,26.778473,17.331207,13.111458710128092,17.47869,9.461339,2.1041076928864157,3.1348693,0.70844805
2020-02-28 09:00:00,22.87195895430949,26.876373,19.31192,11.526646617904833,12.692909,9.9422035,1.794985043115969,2.7322402,0.5811296
2020-02-29 09:00:00,23.318508955935386,25.864655,21.352936,13.797116538788623,15.724601,12.759513,1.5504233099195095,2.553098,0.82725024
2020-03-01 09:00:00,17.588065911839294,20.057098,15.750458,38.673999745595474,56.805084,19.937897,3.3015915812677217,5.9663386,1.510831
2020-03-02 09:00:00,11.988383236185086,17.442291,7.4188538,47.0260033359591,62.488632,37.25928,1.277882665492945,1.9663,0.19085461
2020-03-03 09:00:00,17.792359787085502,22.48819,14.302643,15.414748975652042,19.23501,13.88484,3.137029948162113,3.9859455,2.099068
2020-03-04 09:00:00,21.54313607003013,26.249908,18.011627,20.636967887584106,23.318949,17.722122,0.7785877180097163,1.9539338,0.15776323
2020-03-05 09:00:00,20.925262755102096,23.18277,17.28238,21.682762323128244,24.10929,19.265158,0.8243933482238868,2.0066,0.32410908
2020-03-06 09:00:00,23.100912272959704,24.286285,19.77652,24.913289023913034,31.5223,18.510471,0.8589514471304434,2.7248433,0.10982217
2020-03-07 09:00:00,19.93586219116321,22.480133,17.175446,36.87801539257345,41.476078,31.105133,2.772702905626362,4.527893,1.6856557
2020-03-08 09:00:00,12.934324779026724,15.974762,10.312653,71.23509950289566,85.4698,52.26891,2.5960002393540598,4.80875,1.325683
2020-03-09 09:00:00,14.305251504814748,17.739838,11.646088,44.158023378682316,70.07891,28.846579,1.276205731849195,2.8844428,0.4032182
2020-03-10 09:00:00,17.61976098523735,21.611969,13.7447815,41.650227306766254,50.065414,34.17479,2.224499737743035,3.1841612,1.1099336
2020-03-11 09:00:00,14.289199216948987,18.047516,10.03775,76.05501593867791,87.35853,61.505592,1.7411171563541226,2.5310042,0.94671625
2020-03-12 09:00:00,17.639698128481598,21.009918,14.322418,54.16649614406046,59.302834,46.019466,1.697335943933687,3.9104111,0.39716336
2020-03-13 09:00:00,10.399623967770708,14.585785,7.462799,85.6618954779769,96.76227,76.516174,1.873295240848549,4.7710085,0.56749046
2020-03-14 09:00:00,11.65004028621405,15.494873,9.307373,89.63409849703659,96.17287,72.1924,3.076680818019897,6.4724236,1.1717391
2020-03-15 09:00:00,12.107906775898414,15.553619,9.39151,83.68938516140449,92.27206,70.15033,2.8765779471457544,5.568602,0.66037446
2020-03-16 09:00:00,12.78130468987706,16.587006,9.811615,77.5554020105336,85.97617,59.25541,2.7673775740580697,4.53421,1.2775313
2020-03-17 09:00:00,9.49744749676097,14.792145,4.8678284,61.9706726897963,75.40427,47.767548,2.5081040760596696,4.472776,1.4778682
2020-03-18 09:00:00,9.905191214716979,14.495758,6.2359924,46.70814856923232,55.998688,35.451813,0.8178925111871644,1.9193954,0.06906827
2020-03-19 09:00:00,12.640300763422545,15.66861,8.871735,43.12882299421607,59.06987,30.7144,2.2994131276379854,4.1030498,1.3241574
2020-03-20 09:00:00,11.305620945608325,15.423248,8.173248,81.67847960938667,86.20124,74.56027,1.6172568541822696,2.2959256,1.0298804
2020-03-21 09:00:00,12.785123815346367,16.873413,8.95816,71.63394633101605,76.69741,64.88491,0.7103594206172813,1.3985789,0.134905
2020-03-22 09:00:00,14.504179177459775,17.647064,11.391205,51.19539042718268,65.39191,34.436634,1.004038441413369,1.7264851,0.5945316
2020-03-23 09:00:00,13.903741204266566,16.82132,10.116241,73.73626721888881,87.324615,56.37785,2.187327601960615,3.1222787,1.4626375
2020-03-24 09:00:00,14.044242692527234,16.807281,11.28775,69.07152821242573,85.018875,54.306026,2.309357790095549,4.6309605,1.0029813
2020-03-25 09:00:00,13.950557450512918,16.883942,11.362457,73.30097656936074,84.548706,58.980034,2.8382788609667515,5.3014436,1.6344614
2020-03-26 09:00:00,12.025722944665688,15.755768,8.980377,54.05422604482457,64.41911,27.18083,2.8918330260359615,5.3253026,1.6450738
2020-03-27 09:00:00,10.985627909172763,14.827301,7.465973,43.30726590757079,59.908,31.204876,2.408042908356994,4.4124603,1.061688
2020-03-28 09:00:00,13.503283414669909,17.128082,9.506989,46.234608355319196,58.94515,37.13265,1.521444395102909,3.158291,0.30920586
2020-03-29 09:00:00,14.810198163229757,17.203522,12.426178,45.9807682894302,59.559772,27.731316,1.8226904833704611,4.004252,0.8024093
2020-03-30 09:00:00,15.36423289393872,18.437164,13.018219,24.46203845134591,35.154747,15.836047,1.4605082648618049,3.364761,0.44690043
2020-03-31 09:00:00,19.681380938596476,21.390778,17.318512,25.015375910055237,35.451576,7.9439735,1.2587062941289173,2.7615688,0.35499713
2020-04-01 09:00:00,20.732116128246957,22.927887,16.490387,35.02683641439274,47.6024,26.576248,2.185721419600151,4.839008,0.20902726
2020-04-02 09:00:00,19.124850340069486,22.40091,17.277863,46.62793785778875,79.70969,27.188946,2.175018829184848,5.111043,0.93994445
2020-04-03 09:00:00,17.30628511599963,19.606598,15.327301,23.71872676729436,36.410683,15.424698,1.786121320942212,3.3797822,0.4953993
2020-04-04 09:00:00,17.70043975590079,20.280182,15.371979,45.75848642190163,75.875336,22.209774,2.5382588025946773,5.155093,1.33373
2020-04-05 09:00:00,16.234261823972986,19.568756,13.9496155,71.549159391567,93.480675,45.398643,3.2698132303674705,5.9538918,2.1326272
2020-04-06 09:00:00,11.707757356359252,15.695465,8.767731,88.9778080841597,95.85704,72.16954,3.850107928294724,5.318519,2.7623107
2020-04-07 09:00:00,11.732243588894846,16.067291,7.6532288,70.92685113590841,86.21349,56.637245,1.0507546201716267,1.9565712,0.39404732
2020-04-08 09:00:00,10.413430202210634,14.657135,6.6356506,86.08779179379896,92.44428,78.631165,0.8552269108628775,2.4317343,0.40426293
2020-04-09 09:00:00,9.986201100711583,14.621979,6.545807,85.56499878418576,94.31026,74.09541,1.6881525708950182,1.8952563,1.3324358
2020-04-10 09:00:00,9.441392047951126,14.2933655,4.8890686,94.03989464775715,99.21823,87.162544,2.433056175992564,3.730251,1.5404203
2020-04-11 09:00:00,14.522393585951306,17.151764,11.745514,61.40727868191957,72.00039,51.793358,1.0336242424049962,2.260948,0.3292163
2020-04-12 09:00:00,17.982483350628343,20.289703,16.174469,60.068847507996225,80.56123,39.936237,3.0493460191479906,5.9730234,1.8580699
2020-04-13 09:00:00,15.51989465297521,17.414948,13.219635,80.47249728117855,89.57028,67.53122,2.7249268453164635,5.5756063,1.6237954
2020-04-14 09:00:00,17.67385833044142,19.79898,13.720612,27.371251625102754,34.98087,21.215244,0.8764808465322762,2.7070558,0.35194227
2020-04-15 09:00:00,20.35514825719588,23.840973,17.659576,18.45681692321146,23.655216,14.675249,0.8327933172303157,1.3951522,0.31697232
2020-04-16 09:00:00,22.589725759441706,24.746002,20.197174,21.884732061656887,31.105545,9.851239,2.237111868088122,5.0118504,0.83607924
2020-04-17 09:00:00,19.668300178604568,22.751862,18.152252,35.211158464283265,56.79531,25.08096,2.3768907410362665,4.763095,1.2576724
2020-04-18 09:00:00,15.231146172932824,17.753815,12.564362,67.4658982615977,85.7338,41.772865,2.5434345364592907,4.4291677,1.37849
2020-04-19 09:00:00,15.834193925698457,18.183258,13.641266,67.30368292536016,83.06945,57.577713,2.430277326283296,4.5697026,1.2012755
2020-04-20 09:00:00,17.401894243692823,20.612701,15.429108,62.79853403741147,78.95527,47.572113,2.6792186617093945,4.658355,1.6543623
2020-04-21 09:00:00,17.28687953341364,20.018463,14.157135,60.74965081947917,72.972015,42.15561,2.2440427670210807,5.376335,0.38830113
2020-04-22 09:00:00,22.638645498569815,25.453033,19.72647,25.373083542963233,46.638706,19.79105,1.9499780070268604,3.5397315,0.7820145
2020-04-23 09:00:00,24.913876837681073,28.64566,20.196442,24.500802452682148,35.636734,17.524801,2.4319783286641754,4.4432006,0.5029942
2020-04-24 09:00:00,26.64912179823557,31.247223,22.480377,26.00072641285249,42.13809,15.118179,1.9134702725909492,3.5579653,0.2561161
2020-04-25 09:00:00,29.747532287907006,34.099274,24.997223,14.55502612132672,23.575453,7.8449845,1.4425263395026193,2.4324303,0.5902004
2020-04-26 09:00:00,29.328839156982042,32.469635,24.452057,19.04992686281825,26.544111,11.795985,1.8674378847980544,3.7582843,0.79793173
2020-04-27 09:00:00,26.703754807282905,30.091461,22.655914,24.32245552980904,30.049166,17.85244,1.8762014693771942,4.311889,0.40399387
2020-04-28 09:00:00,26.528979734970676,28.599762,21.293121,20.883243227479863,23.095953,17.93189,1.323324112303007,2.550672,0.06565603
2020-04-29 09:00:00,28.85630628076109,33.33902,21.733551,19.40299743407299,24.641132,15.86379,1.271795146624277,2.0747943,0.607917
2020-04-30 09:00:00,25.338114334755858,31.868317,19.50821,24.07521791765694,31.76231,10.802267,2.1850029959134196,4.631598,0.82626927
2020-05-01 09:00:00,25.210215894859516,27.96402,21.171051,19.140010661081583,25.897793,12.837372,3.0576486299047474,6.559715,0.56411123
2020-05-02 09:00:00,23.79341086081672,26.040924,20.031158,23.453099895996637,35.26966,18.982811,2.8102466228036076,6.1377344,0.5862425
2020-05-03 09:00:00,24.21025114744623,26.326569,21.373444,24.52898236187056,33.031845,17.754501,2.9484656673398515,6.817733,1.0377027
2020-05-04 09:00:00,24.527324080827384,26.653961,20.75357,11.488916345963741,23.181213,5.6634254,1.8104269622398468,4.203837,0.43345505
2020-05-05 09:00:00,27.54266429537472,30.141022,23.338287,13.98269832420039,16.97435,11.163931,1.3407602857946677,2.1734312,0.43897688
2020-05-06 09:00:00,30.254209407282474,32.344147,26.119537,9.355386433392564,19.786625,2.309783,1.8009999644898755,3.265226,0.5792675
2020-05-07 09:00:00,30.63144207647497,33.737457,26.096344,9.948265586505185,17.104256,7.243355,1.4396203664134328,2.5894063,0.35841262
2020-05-08 09:00:00,30.565686940135436,33.34366,24.771393,11.144788889167089,18.067898,3.412611,0.8339833865041606,2.2190113,0.12026303
2020-05-09 09:00:00,27.706935723608296,32.45108,22.230377,8.923320393881113,18.24929,4.345546,2.002149493990877,3.6571088,1.0196137
2020-05-10 09:00:00,27.101959339322605,31.669098,21.510895,10.43579326801675,19.590652,0.20783901,2.2995670727161093,4.3415017,1.1768801
2020-05-11 09:00:00,25.357018274734912,30.423492,19.644196,19.967751137078917,28.92068,5.6003666,2.9452522239045327,5.942665,1.6537025
2020-05-12 09:00:00,22.988449530496723,26.620026,19.944733,24.429257160957697,38.174732,8.041919,3.3185150020568517,6.344799,2.0171838
2020-05-13 09:00:00,19.788901109241465,22.130524,17.324615,51.774242012829525,69.861595,26.167297,3.225842020181524,6.787,1.68555
2020-05-14 09:00:00,21.697109828734085,23.959625,19.567047,37.05210883863925,55.717297,22.502453,2.830661554595972,6.904909,0.8758348
2020-05-15 09:00:00,22.58796007208889,26.088776,18.127838,41.877123505420606,48.372585,32.673367,2.7424701806303493,5.8883038,0.23962468
2020-05-16 09:00:00,25.057260203072985,27.123932,21.748932,32.665899338710034,38.373398,27.797997,1.7185192638031899,2.9871175,0.39374802
2020-05-17 09:00:00,26.386931997991496,30.159088,21.657135,29.7051938180994,33.864822,19.406254,2.420088054621591,4.6881146,1.3599765
2020-05-18 09:00:00,23.88648415903532,27.436432,21.670807,31.97720257602734,44.33416,11.873223,3.3342252530791927,6.40684,1.9515697
2020-05-19 09:00:00,19.29751069468506,22.004547,16.541656,55.3308136690597,77.79643,39.792526,3.205295273832013,5.938089,1.9277076
2020-05-20 09:00:00,19.15777212764533,21.833405,16.315826,37.79297589517916,46.47869,27.822441,2.3443841833949706,5.0321794,0.750117
2020-05-21 09:00:00,23.136427941497573,25.82779,20.42154,22.475070768737673,28.562313,18.351376,1.1420106560159642,2.0740805,0.2610813
2020-05-22 09:00:00,26.26114682729161,28.062408,23.25772,20.448311920339908,28.930897,12.253973,2.2414886758980472,3.9151778,1.466882
2020-05-23 09:00:00,22.565081867331514,26.234283,19.63272,32.88013011623017,52.18941,21.283161,1.580300367679928,2.7455845,0.678525
2020-05-24 09:00:00,24.162807345120314,25.893463,20.1232,17.644298470442525,26.604263,13.455737,1.022128284136868,2.19163,0.34901652
2020-05-25 09:00:00,27.03872839333451,29.376862,21.42398,15.978153791714371,20.662054,11.09671,0.9599742597888636,2.7643943,0.2788004
2020-05-26 09:00:00,29.879465521757425,32.419586,23.663727,16.18602357228128,20.254911,13.770438,0.9640567208891753,2.6073437,0.3396722
2020-05-27 09:00:00,30.91466407771486,35.42984,22.689606,17.4141658946875,20.893105,13.364513,1.8870672558645767,3.0554476,1.0191435
2020-05-28 09:00:00,30.770935232802174,37.374176,21.43277,22.531109641142592,28.235367,18.434021,2.0678204778047133,3.5648687,1.1044006
2020-05-29 09:00:00,29.39636922691119,36.790436,19.878326,22.92650925546699,29.553188,17.534954,2.296894386272182,4.320702,1.1988236
2020-05-30 09:00:00,24.67208514779037,31.383942,19.672028,39.1057174983596,51.85708,24.775047,2.903447836033605,5.6181026,1.7400055
2020-05-31 09:00:00,22.268768065870006,25.00821,21.0336,38.838791340431975,50.61463,21.403843,2.4795872645828805,4.6912065,1.3470132
2020-06-01 09:00:00,26.067283031779084,29.251617,22.184479,28.394586230608738,34.18245,19.523401,2.00334262778051,3.3351567,1.2790866
2020-06-02 09:00:00,27.55210588879811,30.1669,24.075104,25.628244131625063,30.837227,16.229204,0.8542246395237796,2.2326388,0.4215367
2020-06-03 09:00:00,30.80740879159208,32.905914,24.82193,13.679818549386516,16.901207,9.901641,0.9837644508580363,2.218077,0.31073618
2020-06-04 09:00:00,33.194960174162304,35.953033,24.742096,12.781849644891583,16.255096,8.848846,2.07864241714922,3.1317766,1.4368007
2020-06-05 09:00:00,27.63709975902492,34.93448,20.512604,25.092662899661985,34.111237,18.255768,3.043698545333072,5.833182,1.895918
2020-06-06 09:00:00,19.377568594955164,23.54654,17.650055,76.56586240287412,90.70782,55.318832,3.8789686414910807,8.096579,1.9874648
2020-06-07 09:00:00,21.130957984933787,24.091217,18.49356,39.285785988646545,51.22116,20.697723,2.8819216093002114,7.7552695,0.62128675
2020-06-08 09:00:00,21.870601055046905,26.853424,17.027252,10.163838821747888,19.320606,0.6526556,2.601114647659961,3.8001628,1.21897
2020-06-09 09:00:00,27.596832091805254,33.04898,24.113434,9.028749308647527,15.798392,5.377953,2.364673638638206,3.2487652,1.1897168
2020-06-10 09:00:00,30.823830443408497,33.89151,28.289948,8.777675031089085,9.948409,7.886445,1.2669754331100016,2.153522,0.3999321
2020-06-11 09:00:00,32.163243176915046,34.605865,28.328522,10.804293730671178,13.141555,8.65718,1.3590629023890033,2.6201491,0.6165846
2020-06-12 09:00:00,29.99671119032098,33.9169,24.245026,8.668078581074642,11.046935,5.600153,2.892353012306943,5.2496305,1.5380492
2020-06-13 09:00:00,25.022673912775474,28.444489,21.040192,20.7669421117722,26.467148,7.110505,2.661816022135945,5.9161935,1.3091354
2020-06-14 09:00:00,24.05161382808791,26.317047,21.582672,32.47182191128605,48.49766,15.549728,2.1493141119742325,4.5359297,0.97924036
2020-06-15 09:00:00,26.634193869860212,30.015778,21.8732,22.66611715914828,29.395311,17.613674,1.6355871854361845,2.4932911,0.9706228
2020-06-16 09:00:00,27.14749970349311,32.408844,21.182281,31.05229239912404,38.048492,24.971727,2.788006422102282,5.4101787,1.5927284
2020-06-17 09:00:00,24.306367637613903,29.123444,20.687897,43.56111051929826,61.92358,23.660656,2.0540440747999806,3.4930997,1.3281941
2020-06-18 09:00:00,25.574603169591967,30.96231,20.72403,32.082788271566294,42.710968,16.474554,1.6968272583089572,2.4965627,1.066753
2020-06-19 09:00:00,25.709114249312847,32.448883,20.700836,23.666652052968125,31.42004,18.994354,1.8376107552686824,2.8262372,1.1454488
2020-06-20 09:00:00,27.816553730452938,34.73941,20.993317,26.426768392035985,35.07397,16.347336,2.139158250679175,3.4809396,1.3074886
2020-06-21 09:00:00,28.437047580396893,34.64322,21.291656,24.35558117254545,28.669233,18.421545,2.382876024333307,4.358223,1.4342214
2020-06-22 09:00:00,28.02576491591526,34.803375,20.676422,23.097014379190718,26.925282,19.112782,2.048352909717564,3.8841949,1.073505
2020-06-23 09:00:00,29.69205167606276,36.594635,21.883698,23.38765026343492,34.432182,16.419739,2.0449783785686546,3.8252194,1.0099992
2020-06-24 09:00:00,30.093865570848095,36.538483,21.565826,23.32307014029697,33.011166,15.616266,2.14164403752814,4.38843,1.0338295
2020-06-25 09:00:00,29.380402364866768,36.713043,20.90445,22.39934267969909,32.725063,9.808559,2.5270462127201534,5.2971897,1.3709688
2020-06-26 09:00:00,27.97463792068885,34.627106,20.974518,23.753757524716914,38.478577,12.754002,1.9839366173563804,3.5131679,0.9561108
2020-06-27 09:00:00,29.49004414369506,35.18399,22.41446,29.87089986850629,37.43588,20.07357,2.083941617341709,3.6796782,1.1525158
2020-06-28 09:00:00,28.6897746220136,35.457916,21.05362,37.09705325885224,43.78591,28.14138,3.5861197484888794,7.4443164,1.818404
2020-06-29 09:00:00,22.258840717909266,27.172028,20.1857,55.15916146855515,77.40114,22.635515,3.5121722364347026,7.033946,1.7017448
2020-06-30 09:00:00,24.781458654665073,27.74356,20.616608,19.302894440990233,21.748608,13.921504,1.5047589352007047,2.186629,1.0826205
2020-07-01 09:00:00,26.67500835071968,31.34903,21.225983,20.761282283590727,29.585333,13.060089,2.324185656253064,4.1169667,1.4491707
2020-07-02 09:00:00,26.074388591417744,31.329498,21.040436,22.283229055479858,34.40768,10.123452,2.5870191143980303,4.9503393,1.4776576
2020-07-03 09:00:00,27.63524743302679,32.48648,22.76651,15.119173715724534,20.964989,11.004052,2.2512823786527787,4.378446,1.1054455
2020-07-04 09:00:00,29.443217523485487,33.333893,24.287018,14.33534665696445,20.84699,7.172594,2.1215327132028126,4.1493955,0.92341745
2020-07-05 09:00:00,31.106226290782104,35.193024,25.101227,11.152153085025065,14.168427,8.941865,2.035565269855011,3.829037,0.93672717
2020-07-06 09:00:00,32.32358362455403,36.57852,25.703522,14.310120235818466,20.453281,9.789219,2.0095108241326107,3.704822,1.0834228
2020-07-07 09:00:00,31.43997020257575,35.849274,25.751617,15.844729740513252,23.384495,9.626682,2.3753737746332906,4.984278,1.2271998
2020-07-08 09:00:00,29.332528652317365,34.144196,24.487946,17.554871038134173,29.923496,9.372714,2.2844853037493897,4.674433,1.234653
2020-07-09 09:00:00,28.706437773827417,33.92154,22.962555,15.649939302264366,26.954092,3.824853,2.2984988406560256,4.8263683,1.0869265
2020-07-10 09:00:00,30.777956569227058,36.65518,23.676422,10.5154236377612,16.692326,0.88763905,1.8441028177338255,3.532741,0.8084542
2020-07-11 09:00:00,33.60176709661732,38.571198,25.773102,10.524128331867644,18.4762,6.3424454,1.9523523893105956,3.5195744,0.9733533
2020-07-12 09:00:00,35.05030947369869,38.93106,27.46231,14.717195895687052,16.80081,10.33206,2.237743292333971,3.987465,1.169733
2020-07-13 09:00:00,34.7077190023756,39.639557,26.705963,13.955105216256063,19.654366,1.3535852,2.7971796112021434,5.444586,1.4754466
2020-07-14 09:00:00,30.190160184088654,35.566803,23.889069,13.49327361535427,25.641289,2.0944147,3.056491118520602,6.43637,1.6063483
2020-07-15 09:00:00,28.46094968862741,34.05191,22.596832,22.93335330026954,31.79841,9.14844,2.5859864480742867,5.0274763,1.4186699
2020-07-16 09:00:00,28.84347030685433,35.14737,22.438385,20.647901393686848,28.519676,15.026107,2.231568358757519,3.8472245,1.2045652
2020-07-17 09:00:00,29.91065728664313,36.424957,22.667145,18.849319393365324,25.309746,13.313308,2.1662619834777526,3.9202616,1.2287306
2020-07-18 09:00:00,30.105655529614523,36.076813,23.276031,12.312352687973268,17.511087,7.288431,2.096541269253011,3.8175955,1.0094072
2020-07-19 09:00:00,31.478478843203675,36.916656,23.81314,13.422647683210151,19.310036,7.2319117,2.491865378484786,4.992944,1.1789323
2020-07-20 09:00:00,30.316256638823745,35.760406,22.860016,16.088352237855972,21.621962,8.950087,2.338029174913556,4.4670033,1.124121
2020-07-21 09:00:00,30.831682755057443,36.959137,22.433746,22.509599396500317,28.452599,18.501175,2.0940916297689722,3.6276188,1.1459435
2020-07-22 09:00:00,30.08948537124013,36.445953,22.297516,20.496768528279176,32.510994,9.6054125,2.5700180022459405,4.7388964,1.538045
2020-07-23 09:00:00,27.69878770575002,33.260406,21.197906,16.170235598611782,29.093649,7.484274,2.5975016452697823,5.1238756,1.5248132
2020-07-24 09:00:00,27.515076085463534,33.2294,21.674713,22.37672868911539,35.454678,7.661708,1.9226439265045643,3.3276742,1.1333724
2020-07-25 09:00:00,28.194021125002564,33.782135,22.086823,21.181691057554023,30.123892,12.839512,1.9006956912024844,3.2778013,1.0428582
2020-07-26 09:00:00,29.23936041671982,34.532867,22.63443,12.229867340762894,16.798773,3.803546,1.6380919460835799,2.822111,0.92917746
2020-07-27 09:00:00,30.360252554438034,34.6669,23.588776,17.269852168379547,24.109783,14.454589,2.1125198958626337,3.5288951,1.1917279
2020-07-28 09:00:00,30.279609836672535,35.70523,22.043121,18.64678261416471,23.29346,12.975449,1.8714526136336944,3.1910717,0.91954213
2020-07-29 09:00:00,31.032805483848563,37.381012,21.988434,13.056830078559702,22.715597,6.2995834,1.960571694445941,3.3977132,0.95996773
2020-07-30 09:00:00,31.781135956074706,38.034332,22.143707,6.419583546951733,11.154133,2.7566547,1.8981287891176295,3.7014263,0.7967159
2020-07-31 09:00:00,34.19822286076277,38.894684,24.136871,16.07059104013751,21.244068,13.759694,2.109346323764926,4.0920005,0.6760631
2020-08-01 09:00:00,35.27264074083382,39.90518,25.920807,5.6263293489038,12.779024,0.7282429,2.066797951069924,4.5446014,0.6863207
2020-08-02 09:00:00,32.72897235186849,38.527496,24.595856,9.03609275621603,14.184518,2.1142054,2.3166283413301016,5.0582147,1.0395648
2020-08-03 09:00:00,31.537855145332628,37.15567,23.497467,9.92371523745373,12.906685,6.988921,2.529299937292817,5.3361235,0.97678685
2020-08-04 09:00:00,31.589662877928674,36.59073,23.438385,16.756860482158423,28.913757,9.777039,2.499948198361215,5.1108565,1.3310155
2020-08-05 09:00:00,28.398769539068212,34.37857,22.263336,28.63816871302689,40.625458,15.922334,2.7119317149752558,5.6919303,1.563718
2020-08-06 09:00:00,27.318694751834357,33.12149,21.830475,37.14445091207341,47.1215,26.857182,2.7381832256114027,5.4395676,1.3917782
2020-08-07 09:00:00,26.229808700830688,31.202057,21.92862,28.447547082058207,38.907875,16.568134,2.0594003309057483,3.9881763,1.0588591
2020-08-08 09:00:00,28.002754133863903,33.01895,23.044342,25.58952433431337,37.328907,18.39877,1.9067324589852728,3.3333185,1.0207188
2020-08-09 09:00:00,29.679588330925412,34.90738,22.684723,24.617147656612037,30.497602,18.751509,1.8050946713771565,2.9476447,0.9565241
2020-08-10 09:00:00,30.64194997782812,36.179596,22.849518,14.105516991910388,22.861073,5.3746004,2.018685533265692,3.4766939,1.0919576
2020-08-11 09:00:00,30.041558291209412,36.224518,22.654205,8.367677346128172,17.691313,2.9601135,2.167018542775429,3.9272761,1.1267699
2020-08-12 09:00:00,31.002513082640917,35.96158,23.60611,7.503712952220331,17.049383,2.3944254,1.6963192136296386,3.4810395,0.59082526
2020-08-13 09:00:00,33.21594136414575,37.23355,25.323395,11.056319468333768,19.402874,2.785059,1.5317925166356603,3.6664906,0.3461858
2020-08-14 09:00:00,34.119920688131174,36.47159,28.371979,24.87260035254136,27.662292,21.795105,1.3624588808574687,2.6911278,0.4032003
2020-08-15 09:00:00,35.964004309622055,38.006256,28.180084,23.110065752684573,25.349504,19.513567,1.0525767487663176,3.1394198,0.44421697
2020-08-16 09:00:00,36.79978687103443,39.065094,28.811188,21.6748052944208,25.566174,16.210861,1.5175964297724103,2.935996,0.41451317
2020-08-17 09:00:00,34.20377224959759,39.41446,26.330475,24.37207629381022,27.009941,19.445042,1.6010901426125999,2.8998263,0.57881093
2020-08-18 09:00:00,35.15280953006254,37.427887,28.109528,21.76779899752993,25.170006,17.621037,1.4549880823116028,2.7578993,0.73278576
2020-08-19 09:00:00,34.78575873170598,38.483307,29.205963,23.68074048377595,29.051989,19.626207,1.7257447000940072,3.3297203,0.70433784
2020-08-20 09:00:00,34.35878416834811,37.882965,27.783356,16.46047589270986,20.232933,13.664156,1.8808180751718895,3.7859917,0.6657982
2020-08-21 09:00:00,35.374404609062594,38.992584,27.50235,15.799856975073103,19.834896,10.763336,1.659640675078026,2.938205,0.87961143
2020-08-22 09:00:00,31.94402415701103,36.850983,28.51358,27.797914131354332,44.09339,19.04791,2.0990582145292316,3.9893677,1.0549976
2020-08-23 09:00:00,32.749097016548035,35.752594,28.420563,39.73207189472943,49.2555,32.88362,2.273246515616594,4.1606045,1.2040884
2020-08-24 09:00:00,31.72924627628288,35.171783,27.828033,41.050673162661056,44.319473,35.39995,1.934265039452753,3.5150616,1.2431784
2020-08-25 09:00:00,32.014579987275226,35.402496,26.295074,25.22414111507073,30.629578,20.203796,2.198389522938164,3.8333097,1.2324677
2020-08-26 09:00:00,32.4243607122815,36.323395,27.153473,22.36119715337078,28.948,16.709463,1.9922210567041507,3.8172545,0.8249217
2020-08-27 09:00:00,32.28019041164441,36.866608,25.99942,19.29996557677839,26.80472,9.74026,2.124028389478111,4.298531,0.88390046
2020-08-28 09:00:00,32.595826151062454,35.90274,27.02774,13.267733896557594,15.437634,10.808728,2.2166162761779233,3.7559304,1.0845741
2020-08-29 09:00:00,30.538635089318404,34.957428,24.699615,9.844642173604997,13.30765,4.499136,2.147511718011266,3.7186747,1.1558022
2020-08-30 09:00:00,29.74261428440218,35.144684,23.420074,9.61405841193287,18.460495,4.0037136,1.9276565459058561,3.303319,0.9892867
2020-08-31 09:00:00,29.61579491592488,34.87149,22.705475,10.612272605678768,18.567564,3.2423105,1.7786080868196832,2.8872945,0.92121476
2020-09-01 09:00:00,29.206579875686998,34.987457,22.31363,10.780444326082499,19.918478,3.2731256,1.9546178140523194,3.4786289,0.96601206
2020-09-02 09:00:00,29.936224798784565,35.51114,22.575592,11.782330327013188,21.168232,3.2017775,1.7915371100437203,2.9939826,0.89406985
2020-09-03 09:00:00,30.817433283093578,35.5961,23.00235,18.512399240096137,23.56892,16.539637,1.699220822826699,2.7653153,0.8139031
2020-09-04 09:00:00,32.9775318574774,37.359283,24.146393,15.684818030521042,21.270344,12.164874,1.1976853339558757,2.027091,0.6120916
2020-09-05 09:00:00,36.628594541012205,40.120514,29.114899,15.935789283448388,20.26488,13.66737,0.5718385929085363,2.850739,0.055905957
2020-09-06 09:00:00,40.02506615649054,44.24771,35.610992,12.616112935282072,13.954323,11.450955,0.8180588621194195,2.161334,0.35565332
2020-09-07 09:00:00,39.84331127275868,42.25943,32.76529,8.539624093827895,12.756169,7.0374193,1.7920955936532061,2.851147,0.19378026
2020-09-08 09:00:00,33.249429738384435,36.923737,25.029205,14.20254311637026,21.998787,10.022087,2.544780645907318,4.9593334,1.3150011
2020-09-09 09:00:00,28.593775796315697,30.87564,25.298737,13.49352169717276,16.303825,11.053826,2.938584767541833,5.9844956,0.7548052
2020-09-10 09:00:00,27.208065382449035,28.944244,24.971588,11.778095871900334,15.486364,9.022902,1.4035478052066346,2.6793954,0.06880925
2020-09-11 09:00:00,25.79120117628412,27.699127,24.10147,10.926401722105128,13.953813,8.700963,1.0120062527527427,3.019949,0.22986393
2020-09-12 09:00:00,27.763413392730513,28.968658,24.85147,12.43407398359896,14.914816,11.191884,1.0309793672770526,2.6141534,0.042809643
2020-09-13 09:00:00,28.928589122477263,30.572174,25.066315,13.564195279105162,18.425037,10.67113,0.8441100074424367,2.6100862,0.17546345
2020-09-14 09:00:00,30.335911260358955,33.81656,24.259918,14.151723731571334,17.995903,11.526282,0.7753226399489929,2.5805213,0.2283604
2020-09-15 09:00:00,30.76220582244656,34.08609,25.484528,14.964014535856832,18.34457,12.102383,1.2058278212726554,2.3435426,0.51377773
2020-09-16 09:00:00,30.656713165030737,33.75992,26.058746,9.061904786486517,13.151221,6.021858,1.2726539940194264,2.42855,0.62178624
2020-09-17 09:00:00,31.88122287269215,33.816315,27.972565,7.219132471759417,14.319061,4.5848227,1.151315797594117,2.595624,0.591688
2020-09-18 09:00:00,31.952502539223133,34.517242,27.544586,7.218915907332632,12.074705,5.211424,1.441953653739601,2.7938964,0.3798269
2020-09-19 09:00:00,31.08934748875032,33.43643,28.008698,25.78953490400105,36.08513,14.409181,1.9815177066658902,3.806809,0.7341233
2020-09-20 09:00:00,29.802283332364254,33.168365,25.359772,14.472329921238094,21.194149,3.0037746,1.159026703723215,2.079776,0.15633057
2020-09-21 09:00:00,28.744218804325044,32.83609,23.312653,12.840688494027743,20.34971,1.2754924,1.4312844374276386,2.0910814,0.9319393
2020-09-22 09:00:00,28.656744008870533,33.057526,23.309479,24.886539481512955,31.385876,19.949114,1.9160967834934857,3.755796,0.95201653
2020-09-23 09:00:00,28.615188073883076,33.012848,23.423004,20.11858366849095,28.531843,15.359968,1.5402094534238302,2.975131,0.6179985
2020-09-24 09:00:00,30.256259418889158,33.655914,24.718414,13.873014108221508,16.877136,10.241499,1.4768781849534776,2.914287,0.29164782
2020-09-25 09:00:00,29.465201343394938,33.510895,24.456207,15.157286565668167,19.620405,10.155561,1.9866601185117965,4.0181265,0.77444744
2020-09-26 09:00:00,28.25463912746926,32.925446,22.997711,20.046128165545074,24.886105,10.84641,1.5100934160539097,2.7493608,0.5918472
2020-09-27 09:00:00,28.468194249810097,32.630524,23.081696,20.418944678146335,28.486149,13.231037,0.8451519208586118,1.8729894,0.18290786
2020-09-28 09:00:00,30.436843977275714,33.43277,23.389801,18.0042616230514,20.66319,15.233503,2.387410337008105,5.4265194,0.2837965
2020-09-29 09:00:00,31.20131365949794,33.978424,26.19522,13.298350657916039,17.012306,10.776734,1.965057443137729,3.4268956,0.4647788
2020-09-30 09:00:00,33.24976201215702,36.4086,30.14273,12.284741751653293,13.407341,10.770622,1.3498320323770454,2.1691604,0.45474654
2020-10-01 09:00:00,34.52911844859193,37.91568,30.466461,10.839116544284545,18.24101,8.381615,1.3424318023549047,2.2185106,0.27614048
2020-10-02 09:00:00,34.44521502890353,36.540924,30.074127,6.828509552765171,9.206791,5.4411907,1.2684408719060694,2.054394,0.5132946
2020-10-03 09:00:00,34.03662988056175,36.43228,28.967438,6.911767311370046,12.746608,4.383501,1.1161429743640507,1.8938853,0.28676847
2020-10-04 09:00:00,32.604287911130825,34.377106,27.738434,7.37817188151117,15.044799,4.295722,0.5610067407473476,1.2290133,0.21719928
2020-10-05 09:00:00,31.30250175795635,33.930817,28.016754,12.848987161358504,19.110115,9.157936,1.2899904242919702,2.3397517,0.5357247
2020-10-06 09:00:00,30.2128434602472,33.33365,25.761383,11.265063106054672,16.544594,7.9645233,1.0205993386392318,2.172381,0.4537709
2020-10-07 09:00:00,29.41151510771016,31.983551,25.100739,15.347912887823833,20.442806,11.67179,1.2487952799551199,2.1389747,0.6220345
2020-10-08 09:00:00,26.48298417841181,30.894684,22.970856,24.356214615898484,28.776913,18.72924,1.7522172082827259,2.9596736,0.8741965
2020-10-09 09:00:00,23.96444878974097,28.331696,21.745758,36.402119686956624,47.01205,29.2027,2.0653716994109064,3.8502023,1.2146205
2020-10-10 09:00:00,24.059522038140585,28.151276,21.59488,36.3211790385003,60.421337,20.070787,2.255587492459968,4.6193295,1.2847054
2020-10-11 09:00:00,23.03954571651758,26.724762,21.61734,43.97740071464303,52.112274,31.490852,1.8421975611958135,4.0063987,0.74079996
2020-10-12 09:00:00,27.345729036853243,30.314362,23.818268,18.6254209597566,24.291862,14.421445,1.2572242641924765,2.0689175,0.26871356
2020-10-13 09:00:00,30.79901691547292,32.863434,27.160309,16.00321028439686,19.080887,13.041824,0.7869128223685634,1.659511,0.3037942
2020-10-14 09:00:00,31.58078572475489,33.032867,27.837555,11.903126042702116,17.194363,8.060884,1.0060144657576722,2.1256263,0.36927658
2020-10-15 09:00:00,31.308387711946864,33.198395,27.487457,9.688327190105104,11.803249,6.623562,0.7044961328118227,1.414555,0.18593813
2020-10-16 09:00:00,31.326601693747875,33.193756,27.187897,13.726343494732237,15.026897,12.504814,2.2062835838840273,4.115882,0.19475406
2020-10-17 09:00:00,30.305007078371546,34.917145,26.823395,12.145641553328117,14.140249,10.813597,1.0556864967871253,1.7444936,0.48591068
2020-10-18 09:00:00,29.22354555734887,31.951324,25.113434,16.08615874129021,22.697598,10.707183,1.6507034298338927,3.152421,0.58466613
2020-10-19 09:00:00,27.579306098829534,31.309479,23.502838,11.596665718970387,15.008931,8.700337,1.5683705262151875,2.7193573,0.6298252
2020-10-20 09:00:00,27.59623701507087,31.907867,22.081696,8.14664276057386,12.142318,3.87508,1.0387591492278851,1.9301131,0.26415285
2020-10-21 09:00:00,27.008387102141,29.814362,21.912018,10.804447555221161,13.777861,7.672392,0.777144563902889,1.8136308,0.32455707
2020-10-22 09:00:00,25.43669126106539,29.922272,20.600006,14.60172957216463,23.394081,5.444846,1.8292600863554438,3.5041862,0.9970104
2020-10-23 09:00:00,22.718374782337037,27.52359,20.99234,32.9478319742283,46.11516,22.459148,1.6450908211558992,2.946631,1.0091586
2020-10-24 09:00:00,21.45211796390305,25.131989,20.247223,36.00745977413763,47.128277,23.776714,2.000424233632549,3.8014097,1.1893642
2020-10-25 09:00:00,19.591752788494716,23.006256,17.982819,52.63165811026839,66.401566,38.304005,3.0742453342679563,6.3610096,1.4434714
2020-10-26 09:00:00,16.58636938223424,19.400574,13.439636,8.923444025582816,12.772544,3.739624,1.976445204994202,3.2952762,0.95686656
2020-10-27 09:00:00,17.706971947341003,22.795074,13.972809,5.237827922775278,8.22773,3.054453,2.4974607195577794,3.5084302,1.39685
2020-10-28 09:00:00,20.600141074227736,25.579498,17.292877,15.726630521547854,17.462112,13.123938,1.2965206554049618,2.0849073,0.61756706
2020-10-29 09:00:00,23.460415656657858,26.036285,21.28238,11.564063891327272,13.028507,10.551945,1.1677679571951811,1.9938244,0.39153373
2020-10-30 09:00:00,25.049730754632492,28.224518,22.671783,12.95148179575594,15.220799,11.51725,1.2715284644437992,2.1963282,0.2693812
2020-10-31 09:00:00,24.70263493890775,26.630524,22.499664,12.253104852988313,14.212417,10.416727,1.131747409753915,1.841445,0.25535548
2020-11-01 09:00:00,24.765050375390842,27.872467,22.628326,13.114401031553058,15.166147,10.703681,1.5961477948908713,3.0203195,0.111876726
2020-11-02 09:00:00,25.809437355695593,28.782135,22.659088,15.366129894807624,18.298487,12.086682,1.2632617522288763,2.3993967,0.48763055
2020-11-03 09:00:00,24.25814421753256,26.323639,21.575592,22.181011505276928,36.292934,16.585854,0.6302114953699388,1.638368,0.28537694
2020-11-04 09:00:00,24.375703344228498,26.647614,20.98941,16.250781060076996,19.082878,12.29584,0.911093719568387,1.6804138,0.25821713
2020-11-05 09:00:00,26.197598863239364,29.195953,22.317047,14.085242090676845,17.1657,11.380545,1.8288756024482606,2.5379403,1.0664097
2020-11-06 09:00:00,26.199225622837673,30.000885,22.430573,15.886090370873173,17.909237,14.166848,1.108667445466536,2.18181,0.17683983
2020-11-07 09:00:00,19.026368984484975,22.592682,17.127838,54.22697463425998,68.04987,24.550648,3.6527598667829686,6.745697,1.4971533
2020-11-08 09:00:00,9.6870728863733,15.910553,5.934967,69.29455435625911,81.19591,50.126686,3.674513853045802,6.8113575,2.1139824
2020-11-09 09:00:00,9.481105929380476,15.383942,5.287506,39.01779768910887,50.681686,29.751999,1.663833786571277,4.0704103,0.83144486
2020-11-10 09:00:00,11.466181743371408,16.612885,7.401947,25.702855461062146,38.539402,18.765951,1.2908240451769812,1.9429809,0.53956527
2020-11-11 09:00:00,14.149092900306698,18.940094,10.786285,18.804485356703537,25.00843,14.855723,1.0258725956960917,1.8578842,0.39290303
2020-11-12 09:00:00,16.270081437565068,18.993805,13.525055,19.713056214694305,24.735252,9.19147,0.3991644239446228,0.9343728,0.11996592
2020-11-13 09:00:00,16.947926626004858,19.593903,14.699371,26.13555664913869,32.830067,19.29491,0.9080256327888615,1.6253343,0.2176629
2020-11-14 09:00:00,17.03140040910813,18.92691,14.837067,21.052063731576897,31.754515,9.422483,1.5724083671363125,5.0744033,0.19023478
2020-11-15 09:00:00,19.32083472769915,23.134674,15.76358,17.69824206401076,26.317986,11.712966,1.3346922522823004,2.3611016,0.08971877
2020-11-16 09:00:00,22.570604875106767,28.352203,18.60025,15.429012839041912,18.41053,11.961248,2.0152558386492534,2.8248248,0.8620311
2020-11-17 09:00:00,24.316664353375074,29.423737,20.24405,14.36938638376371,15.783463,11.931119,1.0546235926374128,1.9017649,0.44572484
2020-11-18 09:00:00,20.588596665343857,22.934723,17.298004,17.932668736513957,20.495085,14.800171,2.2036862979509264,5.0316834,0.5498897
2020-11-19 09:00:00,16.887028206612683,18.490143,14.507721,23.854530831429795,44.234432,9.910213,1.477839871030722,3.6319056,0.13385029
2020-11-20 09:00:00,18.35996309894267,21.277008,14.891754,14.647668969374433,28.43768,5.524823,1.31639438843694,2.049332,0.20353717
2020-11-21 09:00:00,18.74557305941522,22.974274,15.426056,13.24089271670996,21.662382,3.249856,1.5263123113969843,2.315704,0.3771431
2020-11-22 09:00:00,20.132543289931903,24.681793,17.15445,17.8734357798275,23.361975,8.393558,1.313569186409505,2.1333947,0.16521217
2020-11-23 09:00:00,18.810851490540983,20.686676,17.198395,20.251205352535518,28.361183,10.866736,1.5423594825713058,3.2629478,0.093991466
2020-11-24 09:00:00,14.894499508419699,17.7482,12.1315,28.238772749996052,41.75353,23.360615,1.149256322623257,2.0158463,0.41076672
2020-11-25 09:00:00,16.59406459627047,19.960052,13.790131,26.83042575593416,30.873047,23.267149,0.6674001893584085,1.7824535,0.09305073
2020-11-26 09:00:00,15.101933027166524,16.787994,12.594635,30.080945326128056,38.36329,21.950987,1.193340079974512,2.2955918,0.06832984
2020-11-27 09:00:00,13.545840109162043,20.157135,9.017975,13.948786001395641,17.783928,7.897525,3.811803990703986,5.9941435,2.3264613
2020-11-28 09:00:00,14.6803520340938,20.980377,10.300934,16.075614908055954,20.948597,10.7532835,2.239753571728438,3.0167773,0.8862241
2020-11-29 09:00:00,16.99797572666762,22.443756,13.279694,11.27147781221734,15.522713,6.6106434,1.8433108050817404,2.7677555,0.72266275
2020-11-30 09:00:00,18.300841404530843,23.32779,14.706696,10.716530223623542,17.157173,5.3188314,1.5777439807363898,2.310987,0.8093954
2020-12-01 09:00:00,18.864625301684327,23.798737,14.820221,9.996985388189806,15.335057,6.657323,1.547253260690067,2.2601886,0.6150585
2020-12-02 09:00:00,19.082132043323213,23.538483,15.690826,11.220118937049579,14.0291605,8.566898,1.9830506624897284,2.8708565,0.28492144
2020-12-03 09:00:00,16.88644878705935,22.785553,12.389069,10.828736125030082,16.488785,4.2973795,4.092296034077481,6.6807084,1.1790051
2020-12-04 09:00:00,15.788212294364143,22.92276,11.250885,6.1042112116931975,7.4587965,4.0486403,2.1009157390380433,3.0677655,0.95566505
2020-12-05 09:00:00,17.488496036085053,22.033356,14.045074,4.486416925948405,5.3482647,3.4289818,1.3751466534403154,2.131593,0.5492488
2020-12-06 09:00:00,16.83331170146971,21.131256,13.795319,6.408640054225225,7.574033,4.8630953,1.190031965177305,1.9565382,0.27498567
2020-12-07 09:00:00,17.07316448559635,20.780914,13.944977,8.03494395101353,14.037926,5.176654,1.9087382326536348,3.268108,0.037946463
2020-12-08 09:00:00,18.486803783436812,23.751862,14.351471,11.576036264194277,13.10208,10.734893,3.8359104153491237,5.567729,1.8908315
2020-12-09 09:00:00,20.082775088690994,27.059723,15.831207,12.155713358155435,13.340513,11.133482,2.079338521782927,3.1034617,0.90472066
2020-12-10 09:00:00,18.75483828993862,21.727936,16.454498,11.097809307123025,14.596799,7.17883,0.7873983380618892,1.8177091,0.16822878
2020-12-11 09:00:00,14.175124255901096,16.680817,12.188629,14.77601211346476,32.67784,8.533311,2.098221107957887,4.810671,0.6057732
2020-12-12 09:00:00,13.51329337411289,15.608063,11.2291565,25.231579895212427,43.092587,7.5690184,2.115956530339369,6.613524,0.24298243
2020-12-13 09:00:00,12.543306304616351,18.489685,7.914093,26.114881008071347,32.373352,21.093052,2.1825146874516568,2.895222,1.4286103
2020-12-14 09:00:00,14.75609708324987,18.731903,12.231903,26.705782795244343,33.444828,21.917484,1.3514840087547908,3.278622,0.37064958
2020-12-15 09:00:00,12.194548418189527,17.560822,8.560822,28.633778785004658,42.39868,17.769775,2.303931190954834,3.3155506,0.28534305
2020-12-16 09:00:00,13.879774982097274,20.399689,9.442657,25.003155410949045,33.397522,19.132015,1.9292495645914236,2.755663,0.79861206
2020-12-17 09:00:00,16.169903962943636,21.168976,12.618195,27.968137536246722,30.665424,25.57558,0.9669063910599539,2.2444615,0.24907531
2020-12-18 09:00:00,12.913749166901994,16.588776,8.830109,29.160443069256583,43.653954,16.01079,1.6254187677566032,2.707537,0.36653173
2020-12-19 09:00:00,14.485591442013742,20.568146,10.284332,18.681016491114413,24.80154,12.363394,2.0125640251226553,2.9359431,0.83312875
2020-12-20 09:00:00,16.884574859795634,21.535065,13.509674,7.3942444748573095,10.92551,4.1794167,1.786836885785044,2.6050503,0.8252485
2020-12-21 09:00:00,19.541846610790856,25.13028,16.09903,11.103371340857267,13.727792,8.42242,1.7242564806199066,2.390508,0.771745
2020-12-22 09:00:00,20.858233753719844,25.057281,18.03775,12.719381538177924,18.018532,8.02259,1.2979448841014185,2.8991122,0.3865781
2020-12-23 09:00:00,16.81037249732924,18.207672,13.28775,12.81088144218099,20.104122,7.80968,1.1337923172635558,2.206765,0.2452238
2020-12-24 09:00:00,13.370918504398048,20.650604,8.5138855,6.612909992469897,11.014587,2.4552488,3.4534325976303766,5.162303,1.6714317
2020-12-25 09:00:00,12.712259200689402,18.2706,7.705261,36.822042712835554,49.22197,24.240881,2.1566106640250307,2.8604112,0.83233875
2020-12-26 09:00:00,17.215430884143757,21.163788,13.968475,26.804457860796273,33.122555,22.380367,1.2246436216518628,2.402342,0.10215132
2020-12-27 09:00:00,14.858005434349138,18.502625,9.309265,31.03704411568095,44.44892,8.067274,0.9656501166549619,1.5143315,0.56311387
2020-12-28 09:00:00,13.607107620619217,16.106781,11.14975,46.514482874298274,56.64186,27.84889,2.026923838613718,2.5352147,1.3335183
2020-12-29 09:00:00,7.6048264680995885,12.671234,4.2356873,66.31726916924016,92.01521,50.605453,0.9765850315659261,1.3022517,0.22818643
2020-12-30 09:00:00,11.861714995497437,17.009613,6.773285,9.997813275135897,30.4584,2.849124,2.1079960113283582,2.8474536,0.38370886
2020-12-31 09:00:00,13.505776533700669,17.89737,9.082916,15.6055922619471,25.75247,7.3889675,1.7808632778590852,3.5369654,0.051139172
2021-01-01 09:00:00,12.947470312979874,18.064117,8.970367,28.840400798248407,36.753227,17.793587,2.4721887660433755,3.1714973,1.1644298
2021-01-02 09:00:00,13.833488985123893,18.983124,9.95578,23.657780382707525,32.484764,17.391127,0.5976237168616114,0.91941255,0.23583166
2021-01-03 09:00:00,14.23290269001393,16.21988,12.100739,40.864983172229365,53.669212,31.872337,1.2241828993317654,2.3152108,0.39476588
2021-01-04 09:00:00,14.592882485278835,15.799469,12.692047,34.240964458869925,39.538174,27.718624,0.6693075467919265,1.4254748,0.1059577
2021-01-05 09:00:00,15.157876889551574,17.50113,12.68277,9.966728503027369,25.753794,2.1923323,1.418502711410749,3.1573586,0.37809926
2021-01-06 09:00:00,15.696668056693113,19.431793,12.084137,14.913609439274955,19.349144,8.203023,1.4947255891766023,2.3296974,0.32451692
2021-01-07 09:00:00,17.0105394905832,19.800446,14.296539,16.03877480030792,22.716928,11.9356785,1.2412823341099606,2.1907115,0.26763242
2021-01-08 09:00:00,16.094614641163957,20.266449,12.116058,14.878308541153823,18.692932,11.881268,1.3254647553331491,2.0469654,0.5180535
2021-01-09 09:00:00,16.260166485745003,20.150787,11.100006,8.99658773105245,19.317234,3.6062975,1.983520820527517,3.3003132,0.41208223
2021-01-10 09:00:00,15.849373749916708,22.449371,11.412262,15.662871224183512,25.351158,9.811377,2.4859484969618943,3.2665143,0.8891333
2021-01-11 09:00:00,16.022349935086027,20.72818,12.349274,20.987764662660545,25.792187,16.014843,1.7154218798958383,2.648399,0.42309093
2021-01-12 09:00:00,16.696644658503715,21.869293,12.855621,17.47247799642451,20.191414,14.660164,1.6987024586624309,2.6402214,0.61787075
2021-01-13 09:00:00,15.487235264527214,19.427887,12.718903,13.94432689464284,18.624615,12.124614,1.5247433553625416,2.4528465,0.5493454
2021-01-14 09:00:00,19.819548278167872,24.338043,16.988678,19.098447631348126,26.628597,16.467697,1.7169623367872353,2.5474925,0.5355729
2021-01-15 09:00:00,22.322013661631445,27.905914,18.575836,10.275619257157185,15.926796,4.004921,2.534950835970118,3.3137393,1.4025191
2021-01-16 09:00:00,24.297911091447133,30.468658,20.36905,8.55058383702845,14.253549,4.4722986,1.9065864431325772,2.96448,0.6123441
2021-01-17 09:00:00,22.697922235662816,28.30606,18.21817,16.724591208228755,22.078018,10.95675,2.39898426309526,3.3787892,0.42417267
2021-01-18 09:00:00,22.656335175367076,27.94513,19.048645,13.739727264619782,18.739365,10.77636,1.8928322563096647,3.0605347,0.39498556
2021-01-19 09:00:00,19.240066298263685,23.60736,15.517517,18.233034237256717,21.857944,14.443267,4.1201371373517395,6.760497,1.2805588
2021-01-20 09:00:00,14.474260420059409,20.692596,10.028534,35.71686369406482,39.440853,32.878353,5.8915957379997845,8.403826,4.3549347
2021-01-21 09:00:00,17.589524724222485,24.673737,12.943268,48.10185443108057,52.58251,41.664543,2.008981590378872,2.7238557,0.9583389
2021-01-22 09:00:00,17.5243584859669,19.86319,15.089752,34.60429524959003,59.495743,25.881287,2.446101179477022,4.8158536,1.397584
2021-01-23 09:00:00,10.874458319392716,14.837921,7.0762024,69.67314505495604,87.519585,50.63333,2.716845747148509,5.112145,0.98693544
2021-01-24 09:00:00,7.473718736065507,11.948181,4.0009155,52.93101956791789,71.37492,40.31633,0.8942117408683137,2.145792,0.2961794
2021-01-25 09:00:00,10.048274900666172,13.882294,5.993622,59.48274869635559,71.714775,40.753838,3.3418844661075027,6.599374,1.68587
2021-01-26 09:00:00,5.795582661908838,11.968292,1.2644958,49.77826321262453,65.04046,37.118664,3.245416890293903,6.8455863,1.1599263
2021-01-27 09:00:00,8.788916104137229,13.108063,4.011139,38.262325998083334,56.02941,11.207168,2.572582173732063,3.5964055,1.22122
2021-01-28 09:00:00,10.112988038962044,14.516357,5.257202,49.56230155838682,64.32193,41.02561,1.981490827055907,3.3673959,0.948264
2021-01-29 09:00:00,12.194252930546781,15.677399,6.866852,76.22869266925808,97.4496,49.93007,3.084954042402765,4.439479,1.8843187
2021-01-30 09:00:00,7.7186089059953815,12.485748,3.1502686,41.2133003833429,48.907745,36.691418,0.8732793516666606,2.2549007,0.042568434
2021-01-31 09:00:00,11.886251601323124,16.558075,6.6889343,29.099329681823516,37.938217,19.180405,2.155635348487534,3.0923038,1.3586638
2021-02-01 09:00:00,13.5663455312162,19.14206,8.32901,23.40547058733478,27.633682,18.30115,1.9980887787447943,2.6526978,0.48344162
2021-02-02 09:00:00,16.844691322430776,19.547607,13.860107,48.66776769879223,59.695786,38.750435,0.6588509970252279,2.7926044,0.08049115
2021-02-03 09:00:00,18.31520673097191,20.236969,16.50064,30.55369514180501,44.215836,18.147644,1.6176597867198517,3.8471391,0.25533763
2021-02-04 09:00:00,14.166274331140016,17.37796,9.301788,27.90978804332411,42.400833,9.489976,1.3544760360323207,2.4992158,0.3902604
2021-02-05 09:00:00,15.285799917100462,18.870148,12.204132,18.095395209108812,22.393604,14.182845,1.7863766082559172,2.78171,0.16646487
2021-02-06 09:00:00,18.72732414378737,20.423004,15.397614,15.121508276669124,22.169106,7.2003565,1.0832704140062834,1.8958685,0.1623371
2021-02-07 09:00:00,19.92455171423046,23.16269,17.527924,13.150217670312244,19.54562,9.447429,0.7759480405348799,1.4019889,0.23336357
2021-02-08 09:00:00,18.763228859211154,21.338531,16.070953,21.97306316238246,30.247879,13.275793,1.4754221181390599,2.863827,0.38435876
2021-02-09 09:00:00,16.421119598685266,20.727478,13.295837,23.161240653624514,33.30918,13.671831,1.9185404595874036,4.673749,0.71167034
2021-02-10 09:00:00,14.535294771739302,17.215546,12.805389,37.3104333751299,49.19295,21.149982,1.5192876662763475,3.5444217,0.44750968
2021-02-11 09:00:00,16.780128669189708,18.779266,14.11911,37.19925097824316,49.04253,32.351124,1.1553507527506321,2.4215915,0.26523936
2021-02-12 09:00:00,17.429545444070413,20.740753,15.749908,37.59020092478179,48.682945,31.214195,1.812686485663317,4.7733936,0.03795194
2021-02-13 09:00:00,15.227039489090032,19.603882,9.195679,31.859070415976472,46.646313,25.469646,2.238926829504105,5.253147,0.40247998
2021-02-14 09:00:00,13.09395868272236,18.424469,7.8717346,49.71399646270246,76.79548,25.533066,3.6576280662576606,6.0242434,1.6513056
2021-02-15 09:00:00,13.477457835765733,18.762726,8.345673,42.99110407197431,53.84534,33.43128,2.3694389869537047,4.865281,1.2138319
2021-02-16 09:00:00,14.62018738762498,17.404816,11.072784,49.69021663629259,78.61078,16.243587,2.819493560209281,7.431279,0.4213859
2021-02-17 09:00:00,13.773005183506484,19.3909,7.2658997,29.605562609455845,57.782177,12.548145,2.5575271470048877,4.1116447,0.80527085
2021-02-18 09:00:00,13.761360642627608,20.011963,8.317902,16.073578558246677,24.324093,10.812374,2.9312767908609643,4.1012883,1.4578098
2021-02-19 09:00:00,15.640845672031048,20.868317,12.428864,14.076484965607758,20.763973,9.44164,1.0525446343711784,1.9011027,0.4023062
2021-02-20 09:00:00,19.740794654772174,22.194061,15.879608,25.991222213132392,34.28566,17.807076,2.664588689763505,5.73905,0.39256412
2021-02-21 09:00:00,13.616162174019166,19.478912,9.802155,21.364477178846467,34.957455,12.44183,2.747380726591612,3.8493142,0.94448483
2021-02-22 09:00:00,16.79796940435142,23.413727,12.47818,15.967035890614843,20.793774,9.504188,3.2495256751827006,4.615856,1.6103054
2021-02-23 09:00:00,20.478720850899265,27.157135,16.231354,15.450818794559353,20.28236,9.817516,1.634248105697146,2.6076226,0.6102804
2021-02-24 09:00:00,21.6138306677002,23.786285,19.33902,18.16851327066068,27.3059,12.942175,1.0699442852414973,2.131531,0.115402274
2021-02-25 09:00:00,19.307549535530597,20.85147,15.806549,11.815603593909731,16.477364,3.7859464,2.3429033759491094,3.8432612,0.34921727
2021-02-26 09:00:00,15.940669054106934,22.70169,12.2388,8.239762329223181,10.6617365,4.8634024,1.677779632302386,2.6903212,0.495702
2021-02-27 09:00:00,18.88558270844254,21.377045,14.382904,14.458774261300883,19.014332,11.576833,2.4542544810071414,5.606605,0.5986411
2021-02-28 09:00:00,15.781047588838192,21.155426,9.616364,19.367400265376073,26.905602,12.230575,2.816885805330698,4.229908,0.85017085
2021-03-01 09:00:00,15.20028489714656,22.576813,10.336578,11.083813425730488,13.650336,8.223388,2.707194267762364,3.9471989,0.37915924
2021-03-02 09:00:00,18.592931867725326,22.000336,15.451508,10.183471239739331,12.017032,8.431645,1.9816473567248445,3.7409122,0.20448942
2021-03-03 09:00:00,19.129168892497546,21.541718,15.877655,10.26874729732784,13.264045,8.09217,1.6373633422487215,2.5758183,0.54609764
2021-03-04 09:00:00,12.218866063606185,15.028656,10.639984,33.79844108982983,41.81811,27.845455,1.2801015551144703,3.0170755,0.3900155
2021-03-05 09:00:00,18.298475311945595,19.682892,16.870392,17.572094877365778,20.741726,14.065944,1.0573679609616717,1.8735772,0.08803841
2021-03-06 09:00:00,21.63902780548392,23.094055,19.222961,19.16905820576036,22.836117,16.02425,1.3546511427091583,3.0678759,0.5073654
2021-03-07 09:00:00,17.802027848139858,20.468933,16.062683,31.98195934103616,41.855972,24.080385,1.6634230604880806,3.0497677,0.9098848
2021-03-08 09:00:00,15.543117100890413,18.7471,13.864288,46.89599806609392,65.58576,31.163887,2.450410218678141,4.709228,1.3529776
2021-03-09 09:00:00,15.481314737759703,17.748932,13.225494,42.80323112312559,65.83807,25.691658,2.741975624245682,5.7599516,1.1687937
2021-03-10 09:00:00,12.903597397649435,16.121735,9.873688,45.4559751802457,59.605442,29.31638,3.1483775309994435,5.248809,1.4212164
2021-03-11 09:00:00,7.80348422205725,12.460846,4.527252,71.77505246438079,84.251144,62.78365,2.2442406750542268,4.7901034,0.8844456
2021-03-12 09:00:00,8.330761267609375,12.822662,3.9134827,65.56693444416027,78.50518,52.672314,0.8414742296688391,2.1243021,0.10990997
2021-03-13 09:00:00,10.749993686067796,13.827057,6.48526,45.57167310601346,67.693756,34.950546,1.7400320263709625,4.007504,0.17165506
2021-03-14 09:00:00,14.466628977209552,16.887604,11.975494,39.450186256330774,65.61948,29.667423,2.2366277024010737,4.417067,1.0738308
2021-03-15 09:00:00,14.213465066638605,17.818268,11.585846,57.962427095378736,89.79107,27.298885,3.28814071489354,6.3733463,1.3598877
2021-03-16 09:00:00,9.323330282146685,13.159332,6.4825745,44.0955474034578,50.239674,35.809425,2.814266029141649,5.940948,1.0500295
2021-03-17 09:00:00,13.044834996527584,15.896118,10.439087,35.897087743751065,45.691822,20.910572,1.0692289846349476,1.7917219,0.5988947
2021-03-18 09:00:00,16.423960377565436,18.500397,15.213287,18.92058579845895,29.127937,11.663093,1.1662410987908043,2.52388,0.6067158
2021-03-19 09:00:00,18.84836644560056,22.538239,16.655426,21.898790189027764,39.50981,1.892622,1.8121534632529486,3.9575243,0.5615019
2021-03-20 09:00:00,18.356351053869673,21.704498,16.026764,59.59237798966517,69.537224,31.863869,2.574701468015585,5.3088593,1.2069517
2021-03-21 09:00:00,15.005340485033742,18.729645,10.299957,30.916703009566003,43.293526,21.198847,1.839846644377849,3.4652815,0.28492373
2021-03-22 09:00:00,15.858385569548034,20.437897,11.690094,21.036595000542544,34.47946,16.12262,1.8950770292978458,3.385898,0.5401476
2021-03-23 09:00:00,16.995505051925818,19.168121,14.043121,35.40961689392402,60.977665,19.590946,2.226028984698694,6.8925304,0.09731262
2021-03-24 09:00:00,15.86665346783849,20.468414,12.650543,19.479226283149725,24.451092,14.001872,3.2791103998447686,4.90698,1.4127882
2021-03-25 09:00:00,18.353972684399707,21.228668,15.261871,14.420974559477093,24.121346,7.926034,2.6543885520794617,4.877794,1.5556818
2021-03-26 09:00:00,13.13606167668189,16.04483,9.630768,51.22308034226231,68.972595,33.47259,1.451183628531899,3.5135791,0.6820558
2021-03-27 09:00:00,17.78230475575839,20.955475,14.478668,17.719684293882697,22.090296,13.856732,1.8065984270315691,2.9357603,0.72051084
2021-03-28 09:00:00,21.9563033179719,25.881256,18.851715,14.679781149279766,17.004372,12.137185,1.3680550124808601,2.2269254,0.35817364
2021-03-29 09:00:00,26.263464678930745,28.819489,23.24527,11.711836052878018,15.380881,5.7969904,1.6710492163287503,2.907979,0.542196
2021-03-30 09:00:00,22.85519135054335,25.039215,19.234528,16.63299997445591,26.509731,8.455041,1.3124498776138653,2.8079598,0.30744267
2021-03-31 09:00:00,22.468755192905007,27.139313,19.17862,7.160410010857451,8.79923,5.2679796,3.5609745514733,6.1840143,0.76016265
2021-04-01 09:00:00,24.09993759271356,30.332672,19.897125,5.541598335061316,7.247669,3.5328255,2.752090867620289,4.6986265,0.703818
2021-04-02 09:00:00,25.386379035640573,29.756256,22.035553,6.996478713464745,8.126077,5.708108,1.0582972854724797,2.2529442,0.52218485
2021-04-03 09:00:00,23.32739652161223,28.318268,18.033112,9.499998441876455,15.258724,2.9030094,2.1607647738189106,4.407206,1.0157801
2021-04-04 09:00:00,23.89236918090546,28.09317,17.90567,10.02313499114383,15.723366,2.7995052,2.206230634072327,4.7532115,0.698137
2021-04-05 09:00:00,24.487472333897244,28.045319,19.24649,17.731214870687893,22.93789,11.976952,2.6633364845241054,6.1983685,1.0726129
2021-04-06 09:00:00,21.187296266310625,23.999908,17.08194,20.882267185299686,28.577694,15.448757,2.054750733611317,4.6456175,0.8095887
2021-04-07 09:00:00,22.780000320212196,25.264313,18.64273,13.79005619645188,21.282787,6.493724,1.7388840466963873,2.607397,0.88336164
2021-04-08 09:00:00,23.98389448344767,26.929108,18.940826,25.116771223446744,33.893837,18.852654,2.550183054543267,6.403444,0.5549982
2021-04-09 09:00:00,21.90221134298224,25.140533,18.377106,14.410409170931299,21.669931,8.750036,2.1871753541134398,4.14753,0.59395695
2021-04-10 09:00:00,24.402486262593868,26.955475,19.760162,11.705318212108365,19.534218,7.5899096,2.120908683854284,4.3671656,0.3954835
2021-04-11 09:00:00,23.361881874247217,26.280182,18.252838,14.680082177105907,21.87347,11.52972,1.7401762798681268,3.17389,0.2458939
2021-04-12 09:00:00,23.977459470000667,26.989899,18.189117,19.372328737118977,29.840803,14.761282,1.8934557740448434,2.5116518,1.200095
2021-04-13 09:00:00,20.926901904462568,26.370026,16.506744,35.220439078439234,57.649517,19.956478,3.0194357527922406,5.8607206,1.9078424
2021-04-14 09:00:00,16.26006614139328,20.118073,13.592682,50.56625329553994,77.16199,17.224451,3.8041973820571484,7.8134017,2.0679934
2021-04-15 09:00:00,16.314628220918678,18.504303,14.6214905,27.365321990018387,43.99368,18.709145,2.0006580181876217,3.894126,1.0586568
2021-04-16 09:00:00,18.962258924800665,22.07779,16.639557,21.072717519365362,24.101234,17.926369,1.2009186824917903,2.362788,0.70872164
2021-04-17 09:00:00,20.529701757620103,23.376373,17.800201,24.98164139377013,38.62603,15.787664,0.7535480394368805,2.1205728,0.21519522
2021-04-18 09:00:00,22.410033099213138,26.813873,19.451813,14.128896706651593,17.711346,10.296605,2.6750680055424274,4.3416233,1.0055022
2021-04-19 09:00:00,25.016265973536463,30.3378,21.783356,8.490611674873875,13.993632,5.974101,1.2235838735886693,2.323928,0.23178813
2021-04-20 09:00:00,25.991624524888266,28.7211,21.805084,13.696420301661153,21.487356,8.846731,2.419772962361851,4.2460814,1.4164629
2021-04-21 09:00:00,20.634325970092448,25.51651,16.76065,30.54667753401028,39.5397,21.2079,3.411570565023927,6.8556533,2.0870843
2021-04-22 09:00:00,15.828806038986329,19.031403,13.092682,66.31469562918448,85.57826,38.661507,3.005958657323147,5.5151124,1.5652305
2021-04-23 09:00:00,17.339676722837567,21.519196,14.868805,45.92128077352544,59.248417,28.937622,2.8210773473664137,5.2932825,1.8676759
2021-04-24 09:00:00,18.488212039224322,23.692047,15.76236,47.79296528915275,65.506454,27.882683,3.060456027103538,6.344891,1.5658786
2021-04-25 09:00:00,18.881169975216892,22.719635,16.424713,47.249838825467315,73.36936,13.759987,3.1341386561057685,6.011393,1.6275296
2021-04-26 09:00:00,15.49903393752885,18.174469,13.488922,60.91231935572873,81.64476,27.127388,3.527566565935324,6.040813,1.784773
2021-04-27 09:00:00,14.940036666617857,17.430573,11.888336,54.042019472655525,78.19998,36.457794,1.8568899309173146,3.6407611,1.0731949
2021-04-28 09:00:00,20.67203850668085,24.51529,17.474274,19.80379505466931,25.044882,16.37519,2.2215561663205814,3.2740152,0.58053154
2021-04-29 09:00:00,26.008689615720755,29.36734,23.445465,10.676675877347376,15.546307,5.8575583,1.6589671656837153,2.7112799,0.9510009
2021-04-30 09:00:00,29.077978999195977,31.00528,24.464264,10.926557738380973,13.084554,8.678304,0.8750665276315561,2.7656066,0.35297498
2021-05-01 09:00:00,30.16698480816143,33.57364,23.950592,12.549571577845208,15.68023,5.1541576,2.5676105535508325,4.976992,1.4144889
2021-05-02 09:00:00,23.401176110507492,28.254059,17.83609,19.506279708543477,37.086964,3.1143074,2.885411804533541,6.4692674,1.3371077
2021-05-03 09:00:00,21.918329279804027,24.194,18.797516,27.455513873185144,38.364258,18.606447,1.769295309938215,3.1320627,0.76874864
2021-05-04 09:00:00,24.935853233882256,26.459625,21.07486,15.623074250225699,20.331821,10.459725,1.0321459543486842,2.1109173,0.25519383
2021-05-05 09:00:00,27.19318028352251,30.785065,21.53897,15.01409757486045,19.479176,10.768102,1.4383284962025502,2.4761915,0.7233647
2021-05-06 09:00:00,27.835677808575042,32.607086,21.027008,17.44866724204673,21.992798,11.677048,1.9134308539872515,2.7395875,1.2080783
2021-05-07 09:00:00,24.300454360643585,30.240875,17.643219,23.985779964587486,31.870327,19.081264,2.615514815197161,5.2658744,1.4068745
2021-05-08 09:00:00,22.707053614355573,27.06607,17.923492,23.623782650827113,45.559544,15.680858,1.729710787337803,3.3453808,0.8822792
2021-05-09 09:00:00,24.370233581505772,28.528717,19.171295,18.932245516144892,43.608,8.714912,1.7002415180880026,2.5699234,1.0067208
2021-05-10 09:00:00,23.478578569232866,28.869293,19.097809,35.43816588466432,65.32442,16.02364,1.9958135030506938,2.9041338,1.2774631
2021-05-11 09:00:00,23.56429021419541,28.596832,18.381989,22.271360655524227,29.187384,15.118979,1.2043790878491223,1.9355749,0.6185495
2021-05-12 09:00:00,26.17768045055641,30.589508,20.298492,17.58737009961532,23.394073,13.27458,1.4813239708378996,2.8090563,0.93596023
2021-05-13 09:00:00,26.328663716106973,32.283356,19.019684,18.70510118591916,22.441204,13.863078,2.095005815264066,3.4741044,1.1833326
2021-05-14 09:00:00,24.96666524410699,30.899567,18.837067,18.525082964059706,27.558506,9.600911,2.368443617181885,4.536514,1.2084466
2021-05-15 09:00:00,24.43754843266146,30.811432,18.4169,28.088945683414057,34.386654,18.206966,3.164286755296688,6.290144,1.7824534
2021-05-16 09:00:00,19.577327576103414,23.855865,17.560944,59.43509553249773,81.88874,18.603586,3.81536169261264,7.0817347,1.9092582
2021-05-17 09:00:00,19.08259438712986,22.22403,16.745514,67.84783974908477,81.43674,50.915524,2.9051307740617434,5.509838,1.7530924
2021-05-18 09:00:00,23.007006525571,27.409332,17.677887,31.13116502826097,41.95393,22.098461,2.5521714530590054,5.481243,1.3075701
2021-05-19 09:00:00,25.08033810355647,27.934967,19.456451,18.679628831721793,30.421501,14.053537,3.2326552087696228,6.929018,1.3452094
2021-05-20 09:00:00,23.625583406193186,29.144684,18.90445,35.30164836253137,69.07749,15.983719,3.0978939199560704,6.6162415,1.7262846
2021-05-21 09:00:00,18.923673130962356,21.564362,15.810455,26.67754945634021,47.681976,9.1852865,3.7341871841570105,8.573081,0.938929
2021-05-22 09:00:00,18.076425416960376,21.972565,14.910065,23.475028844485262,42.909958,12.968554,2.3166684517412923,4.179364,1.383217
2021-05-23 09:00:00,19.22236424315838,21.00235,17.13858,32.0878739766993,46.47989,21.642303,2.1627966668185814,4.1128035,1.2493968
2021-05-24 09:00:00,24.39383228477533,27.74527,21.436676,21.71875060712443,23.832373,19.422216,0.7890241284591964,2.7634635,0.13904569
2021-05-25 09:00:00,27.765602905456433,29.131012,24.150543,17.422510523819042,20.705948,14.18146,1.712701411256343,2.4530416,1.117776
2021-05-26 09:00:00,26.129865542392622,29.08316,22.383942,21.562963506603566,30.192364,14.13983,2.2200634973895044,3.9411767,1.2021487
2021-05-27 09:00:00,23.888093187169375,29.068268,18.853424,20.452099005455175,26.38778,12.309135,2.271035489334957,3.8056636,1.3783219
2021-05-28 09:00:00,24.686503801775245,30.309479,19.002838,18.20477837270067,23.306896,14.002209,2.222589283326905,3.8958838,1.1429275
2021-05-29 09:00:00,25.071364163480155,31.61856,18.56192,23.00313880232884,38.001762,10.559716,2.4763907217813275,4.498406,1.52399
2021-05-30 09:00:00,24.05120447733765,29.43277,18.09488,28.785052920715206,32.956223,22.88591,1.8843038263562129,3.1773913,1.0735033
2021-05-31 09:00:00,27.087274003340042,33.74478,18.973297,17.990877596943655,22.839771,13.818091,1.4252528045013901,2.4286616,0.6515902
2021-06-01 09:00:00,28.289576448631294,34.699615,20.109772,14.882226733329071,18.660442,9.081665,1.59164616330663,2.543455,0.87689096
2021-06-02 09:00:00,28.98656971808748,35.691803,19.459381,17.378501775016062,21.420427,12.070025,2.1293964899953006,3.983857,1.1110358
2021-06-03 09:00:00,30.136381765857095,37.852936,19.251373,17.169611323736127,23.056873,12.129259,2.3527422810766683,4.734916,1.1905373
2021-06-04 09:00:00,29.34317045467293,36.959137,19.131012,15.746132948230679,21.47525,9.311189,2.5835779559677405,5.1684127,1.3710613
2021-06-05 09:00:00,28.455263544043532,35.762604,19.631744,17.8390742935561,23.8964,7.8807755,2.6507802920753156,5.646275,1.2956092
2021-06-06 09:00:00,27.291920876739994,34.304596,19.595612,21.358915960637916,29.14904,10.392393,3.1356816533494256,6.8251996,1.4621892
2021-06-07 09:00:00,24.051950803019338,30.801666,17.909088,29.98558873882349,42.41942,15.127114,3.257951273312651,6.7352695,1.7693441
2021-06-08 09:00:00,20.314494932218906,25.319733,18.675201,51.37299254894278,80.59813,23.01416,3.350356324797372,6.69084,1.7601302
2021-06-09 09:00:00,22.88973158015301,27.154205,19.981598,33.43185496326412,43.616264,19.014702,2.4924350435101226,4.5328345,1.3678035
2021-06-10 09:00:00,22.673592936344278,25.964996,20.869293,18.634297904779746,28.085342,10.485413,2.341185282201169,5.156983,0.8037838
2021-06-11 09:00:00,24.25659720177873,25.93863,21.106598,12.227601003421976,16.90569,9.964842,1.4800583917601229,2.4411664,0.37040746
2021-06-12 09:00:00,28.148150110654626,31.348053,22.432037,12.184708163574596,16.420437,5.977107,1.565385062208227,2.725866,0.694452
2021-06-13 09:00:00,30.484851661614698,34.621735,23.176422,12.747894697136795,17.432125,8.1208,1.8773156913517601,3.2303023,1.0804418
2021-06-14 09:00:00,30.38727705523388,35.762848,23.08316,15.508990079241444,20.214539,9.177331,1.947211734431806,3.6949766,0.96425456
2021-06-15 09:00:00,33.14685328644606,37.23111,25.1857,10.075423818994695,21.968107,3.5351906,1.617307875880443,3.2141397,0.4282811
2021-06-16 09:00:00,36.30380595147983,38.725983,27.323639,7.714485444005367,10.405457,3.3149853,1.850623836527743,3.0391355,0.45559233
2021-06-17 09:00:00,34.76025223698997,41.610992,22.814117,10.737506386994745,13.397788,7.362632,1.3648039150871722,2.6918092,0.7767696
2021-06-18 09:00:00,33.5176076430613,38.13907,22.517975,12.66285192219525,15.095095,10.071657,1.9584450375906466,3.1979077,1.1450686
2021-06-19 09:00:00,32.96569057314804,39.31021,20.735992,15.885926732176156,21.387428,11.13657,2.030981140571996,3.3642285,1.2220156
2021-06-20 09:00:00,32.88412617550284,40.12979,21.321198,14.681318987991313,19.084154,9.214983,2.7591100567174354,5.809532,1.3199767
2021-06-21 09:00:00,29.900868702739217,36.217194,20.197174,11.917114161789954,20.51489,8.024834,2.8719377342624814,6.0758915,1.3450038
2021-06-22 09:00:00,30.023877394535305,35.667633,21.527008,13.614544248247752,19.470882,10.355073,2.598103353631863,4.942303,1.2213072
2021-06-23 09:00:00,29.112093431853623,34.283356,22.220856,14.181042764431119,19.847736,10.174416,2.0877766246315335,3.649882,0.96071076
2021-06-24 09:00:00,27.554627470874607,30.668854,22.14151,21.40765067597865,28.15186,15.473934,2.2674662264807783,3.484515,1.3730552
2021-06-25 09:00:00,27.743634836850333,32.519928,21.426178,19.072704818337186,22.88111,13.263056,2.247806422297122,3.8371837,1.2004205
2021-06-26 09:00:00,29.91168854498352,34.0065,22.158844,14.670409769347208,18.866264,7.9806776,1.724116302237376,2.9274683,0.8686709
2021-06-27 09:00:00,33.86316880632222,38.446198,23.352448,13.788110934482326,18.154324,11.413512,1.2935516494403048,2.5433242,0.28115848
2021-06-28 09:00:00,33.65962257576041,39.194977,22.405914,16.249358899686047,21.384216,11.032038,1.0944436224273486,2.6592512,0.42076126
2021-06-29 09:00:00,32.07879029063611,39.030914,22.429352,17.865226828988718,23.87191,9.696128,1.933471725624097,2.7243035,0.9842997
2021-06-30 09:00:00,29.652967412283317,36.814606,20.921295,21.568238599527128,29.670727,13.950669,1.9770895113559743,3.2204077,1.0532737
2021-07-01 09:00:00,30.975172741792278,37.485504,22.11441,15.66456695502408,23.227077,8.71536,2.387001773254074,4.3335586,1.3272318
2021-07-02 09:00:00,31.815540065441155,37.24356,23.866608,13.801937549227695,20.227772,10.614404,2.333464181964271,4.1347103,1.343033
2021-07-03 09:00:00,30.75916720231453,36.58853,22.692047,9.848545290436208,18.074062,6.28607,2.1277665109394577,3.8573322,1.1452155
2021-07-04 09:00:00,31.595564805433128,36.525543,23.064606,9.88307354101833,16.348618,4.149398,2.564068141198967,4.675953,1.4256159
2021-07-05 09:00:00,30.143801009549293,36.097565,22.339752,11.82882470737142,16.064419,6.9667616,2.3137259876329352,4.428703,1.1434388
2021-07-06 09:00:00,30.52740082429068,36.307037,22.250397,14.02326556294569,17.775572,10.691448,2.095076837629142,3.874004,1.0942843
2021-07-07 09:00:00,31.473730068337545,37.887848,22.954254,15.6579592990393,19.843048,10.428986,1.9389008647302257,3.779615,0.9395107
2021-07-08 09:00:00,32.651038656205,39.186676,23.15445,24.271686872604686,29.37416,19.367271,2.072503518396747,3.8446097,1.1132035
2021-07-09 09:00:00,32.796551816570286,38.29117,23.51529,26.72591156375249,36.145493,19.675703,2.1385636495871827,4.0655355,1.1688387
2021-07-10 09:00:00,34.72916158496889,40.079254,24.67691,22.462305324347884,26.17892,19.15951,1.9918998974871183,3.638326,0.9835601
2021-07-11 09:00:00,34.366821750073086,42.25943,23.837555,21.22824585434018,25.107962,16.93218,2.4056010133338215,4.7947893,1.142082
2021-07-12 09:00:00,33.74018182995343,42.09073,23.536041,18.273340683855892,22.96444,11.27694,2.2857641602070404,4.6157107,0.7166553
2021-07-13 09:00:00,32.926553739470876,40.240387,23.332184,23.762943022091584,31.230108,12.611385,2.267151302545775,4.0435004,1.2651535
2021-07-14 09:00:00,31.46389300498447,38.2045,24.413483,31.34493244277094,35.398575,28.16073,2.7005453129833246,5.184502,1.5418316
2021-07-15 09:00:00,30.2710663175813,36.140533,23.322174,31.783085162435366,35.187027,28.464369,2.750864665068034,5.67859,1.4348141
2021-07-16 09:00:00,30.603371028714037,35.729156,23.752594,26.73054836267211,30.177267,20.325705,2.6899744083455994,5.604531,1.3033781
2021-07-17 09:00:00,30.401745939166744,35.88492,23.714996,29.252848770132523,36.322464,24.26939,2.372010470031616,4.5229297,1.2392408
2021-07-18 09:00:00,31.782954773756956,36.67032,24.584381,25.785510067475222,32.909718,19.519093,1.8327608674239348,3.7581851,0.86402714
2021-07-19 09:00:00,32.02285292066682,35.02115,25.944977,31.889128083126813,38.279575,28.095982,1.8320645234878452,2.8527832,1.0724654
2021-07-20 09:00:00,32.29658283944144,35.706696,25.880524,27.576751007530813,31.06343,25.576435,2.1725568458728084,3.571716,1.2057194
2021-07-21 09:00:00,32.66109675683856,37.22696,25.50235,21.243461408317163,24.824783,16.204445,2.053702077462857,3.83084,1.203625
2021-07-22 09:00:00,32.66641729091259,36.92154,25.175446,21.84129290016011,30.461277,15.256889,1.967632964765306,3.245717,1.1911746
2021-07-23 09:00:00,30.396426163403476,34.287018,24.003815,28.48637274754143,36.662697,20.665672,2.180834906432276,4.218326,1.1603953
2021-07-24 09:00:00,30.731394744635566,35.8627,23.59317,18.353068880609552,25.84856,10.520435,2.2912048218543863,4.405983,1.296393
2021-07-25 09:00:00,28.98509219389007,34.532623,22.220123,19.276049920224118,28.873905,8.755835,2.2766117468321063,4.241972,1.2049743
2021-07-26 09:00:00,28.709695300646388,35.58658,22.217438,32.55187036721758,44.380943,26.470787,2.2154941686607983,4.1883655,1.1687815
2021-07-27 09:00:00,27.409900549014594,28.862946,22.381989,42.43309409142142,50.0492,34.749924,1.0372257922118637,2.606293,0.39502493
2021-07-28 09:00:00,30.453527460019927,34.153473,24.046783,32.09850724363084,40.172455,21.703705,1.743398350586339,3.1013122,1.0314665
2021-07-29 09:00:00,31.433756248731186,34.81778,25.415436,23.55859850635001,28.150726,17.49057,1.9066204273245528,3.479734,0.9979314
2021-07-30 09:00:00,32.061132515154725,35.450836,24.232086,17.255692405345176,19.707592,14.525462,1.711602443443716,3.319631,1.1239126
2021-07-31 09:00:00,31.941123321641953,35.677887,23.976715,20.882564737745263,26.028376,16.771515,1.7400529347234666,3.6555917,1.1976855
2021-08-01 09:00:00,31.656473811386263,35.871002,23.865143,17.771275180139796,19.825212,14.64041,1.8127638476851997,3.2092018,1.0997869
2021-08-02 09:00:00,33.13979132533916,37.224274,24.786774,12.251617647653488,14.744782,8.67447,2.112599259495384,3.8536818,1.0428507
2021-08-03 09:00:00,34.847673051624554,38.423004,26.755035,9.668427689966375,15.867527,5.242527,1.6320488490224565,3.268463,0.7977077
2021-08-04 09:00:00,35.12169786350091,39.69864,25.116608,14.822457692785736,18.924038,10.59293,1.7167260718629456,3.0326998,0.94986004
2021-08-05 09:00:00,35.114520747928054,39.994293,24.634918,14.93555162001504,19.72054,9.229108,2.2145426217282695,4.18547,1.1745132
2021-08-06 09:00:00,32.631346349228124,38.33072,23.602203,9.426457077387234,13.463473,3.9652252,2.068513543887438,3.8202426,1.0924557
2021-08-07 09:00:00,30.35368691649643,36.603912,22.422272,11.203676322573912,17.534405,3.6984663,1.7874800000475808,2.7219558,1.0650632
2021-08-08 09:00:00,30.67605305544049,37.16617,22.412262,12.683109969076591,22.379604,2.9324868,2.310227247217668,4.6935153,1.1450167
2021-08-09 09:00:00,31.547911803337854,36.84439,23.444,11.886705198507174,23.037567,2.394085,2.227525974643921,4.4668517,1.2114406
2021-08-10 09:00:00,31.768384979703853,37.20108,23.611237,18.388697376335813,24.099403,15.547562,2.026587024856486,3.8221314,0.9632825
2021-08-11 09:00:00,33.017881457380895,36.841705,25.480377,26.28803690818294,35.94394,21.637089,2.2335597151032176,4.503494,1.1413014
2021-08-12 09:00:00,31.476838525180938,35.36905,25.503815,26.10964110384781,33.115303,20.814941,2.1102125577749633,4.4431815,1.2001263
2021-08-13 09:00:00,32.734742613139815,37.101715,26.384918,25.278317741535304,31.160845,17.598032,2.5676338583867335,5.1110616,1.286232
2021-08-14 09:00:00,31.294260863458078,36.715485,24.705719,29.103514186725803,33.668186,22.574385,2.168865865980954,3.9761171,0.95460844
2021-08-15 09:00:00,31.7481200843373,35.65396,24.235992,24.426448004372467,29.366661,20.754955,1.888664454308156,2.9141026,1.2051208
2021-08-16 09:00:00,34.087977950962625,40.03604,25.95987,24.991257682547044,31.842716,15.702091,2.0184799047542645,3.6643307,1.1285745
2021-08-17 09:00:00,31.61391433039597,37.882477,24.41568,35.13364039979663,43.061386,27.471323,3.0449507513571112,6.487981,1.677181
2021-08-18 09:00:00,28.20101671839467,33.73648,23.359528,59.88139010126304,72.188156,44.030525,3.885387615654562,7.5807734,2.394474
2021-08-19 09:00:00,23.549296556578156,27.40567,21.954498,63.170824272269456,79.16084,43.093994,2.600468254192865,4.982642,1.3493994
2021-08-20 09:00:00,26.41698100862652,30.776276,23.051666,41.50496740273347,56.15167,21.973621,1.5637619634844442,1.9744899,0.80769175
2021-08-21 09:00:00,27.10534131843025,31.931305,23.325836,45.73240430166858,59.65976,34.558197,2.1810749146690194,3.1421335,1.5331713
2021-08-22 09:00:00,25.73614812472306,30.729889,22.511139,33.26878165681222,50.861557,20.609066,1.8564027357173862,3.319662,1.2278912
2021-08-23 09:00:00,27.088018546021374,32.321686,23.050201,28.991048009208292,38.96556,17.953688,1.8826542681283243,3.0659153,1.0938487
2021-08-24 09:00:00,27.712128991415113,33.36075,23.12442,16.073781268145822,21.607067,8.50941,1.9497072935192183,3.2206054,1.1648139
2021-08-25 09:00:00,29.353511499860986,34.640778,23.584137,10.997442974642869,15.473243,4.9419928,1.9852912819956015,3.4756885,0.98022676
2021-08-26 09:00:00,31.17391854801093,34.61783,25.207672,10.170718832894282,16.487186,4.565812,1.8103362480266403,3.6581953,0.58017445
2021-08-27 09:00:00,33.02687997775337,36.674957,26.940582,5.245266551069172,9.704066,1.339583,1.3212930792773276,2.7210374,0.45482594
2021-08-28 09:00:00,33.852576361352135,38.260162,26.014069,8.672154216712997,12.032835,5.4937725,1.4761361857754394,2.608836,0.842211
2021-08-29 09:00:00,33.10753342303008,38.345856,24.42984,14.05287581154919,18.01602,10.777739,1.7614037188926026,3.0914383,0.958583
2021-08-30 09:00:00,32.11514803013091,39.22867,23.574371,16.2247553472199,20.372168,9.153418,2.095671648600678,3.7440705,1.0755614
2021-08-31 09:00:00,30.826839051280615,37.05948,21.858307,22.102723387860227,28.271254,11.220472,2.6828281171949238,6.0631313,1.3373331
2021-09-01 09:00:00,26.37599238275726,31.983795,21.509918,28.63833956607048,38.387634,18.196226,2.8259536726075023,5.9766903,1.5819483
2021-09-02 09:00:00,25.934473687787147,31.435455,22.16397,26.504162886406615,39.074547,16.566736,2.4987737555693164,5.185609,1.3345793
2021-09-03 09:00:00,27.78367182780852,32.28482,22.37857,12.771665493630206,20.182276,5.139307,1.8235204924919481,3.1971152,0.9696271
2021-09-04 09:00:00,29.46742923144285,32.79605,24.295319,14.2912218497265,18.152943,10.773607,1.2376771432582216,2.7207177,0.5029891
2021-09-05 09:00:00,32.20780874160209,34.210114,27.67691,11.297213826023292,15.892749,8.440066,0.7079438257127565,3.145631,0.15946552
2021-09-06 09:00:00,35.02495119238483,37.238434,27.990387,18.849192040257893,23.12921,12.802775,1.2127366657393877,2.6446724,0.6971508
2021-09-07 09:00:00,33.20444097442572,38.579742,23.993805,18.617096654159386,21.904652,14.647361,1.3211102556446521,2.4820075,0.71735734
2021-09-08 09:00:00,32.99818274417265,39.063385,24.680573,19.081319460297774,23.398373,13.584424,1.7478894107609297,2.6428726,1.0829521
2021-09-09 09:00:00,33.35554450732366,39.199615,25.119537,19.975213938513445,26.584484,13.755139,1.4220139005537256,2.4493625,0.8443584
2021-09-10 09:00:00,31.910725788465697,33.88272,25.74405,36.30867303850281,41.95335,30.216663,1.5829813550384024,3.1546822,0.8013641
2021-09-11 09:00:00,31.011557773783068,33.937897,25.406158,37.1814842939799,39.333065,33.423355,1.8606505828210151,3.090934,1.089787
2021-09-12 09:00:00,31.80869622845745,34.608063,26.961578,19.883320516844385,27.718117,14.112649,2.003884110872236,3.5696716,0.7359631
2021-09-13 09:00:00,31.158374124674367,35.176422,24.746735,7.949083937415503,15.737043,3.3286018,2.003553002491346,3.9975772,0.7875029
2021-09-14 09:00:00,31.276268920215557,36.295074,23.843903,5.421798641878941,13.493557,0.6772232,1.8368578460853056,3.5762222,0.78005284
2021-09-15 09:00:00,29.01365156184039,34.409576,22.044342,7.4752647292087335,10.704306,3.6652431,1.7011373581626132,2.9089093,0.92811173
2021-09-16 09:00:00,27.926555096270306,33.51358,21.51358,9.23305855086886,17.06619,3.1443157,2.200548251446627,4.4382844,1.0240737
2021-09-17 09:00:00,26.123000152809084,31.998932,20.39151,9.169155031278553,17.988125,2.8909197,1.7622076512130314,2.995556,1.0119153
2021-09-18 09:00:00,26.46683875964868,31.402008,21.239899,17.69855603115974,22.947315,8.128602,1.9475011608950084,2.9049685,1.1495395
2021-09-19 09:00:00,25.713499016428898,30.254059,20.877106,13.941249143077757,25.156895,5.7936134,2.1339091949702267,4.9819,0.6876096
2021-09-20 09:00:00,26.09899649559651,28.538483,21.43692,29.296446863272006,31.208405,25.521196,0.9708516099888383,1.9994524,0.24698688
2021-09-21 09:00:00,30.47286131165413,32.971344,24.582916,19.299203597594865,24.829008,15.668852,2.450637616158347,4.756686,0.76548856
2021-09-22 09:00:00,32.329404180653,33.95572,27.674469,21.217086126194587,40.758736,11.114205,0.8476462620855582,2.9686053,0.31845206
2021-09-23 09:00:00,30.289926931860066,32.380524,26.267242,29.50689491179597,34.103584,23.203691,1.8650681599917664,3.3011775,0.7163897
2021-09-24 09:00:00,27.02966531859363,30.661041,21.807526,24.059236876072546,29.08472,18.276508,0.6377457741498301,2.2937071,0.10244118
2021-09-25 09:00:00,26.596592740166443,31.545563,21.701813,32.85170645228567,46.713135,22.88383,1.3476406451647673,2.0968876,0.67563945
2021-09-26 09:00:00,25.985959404965797,31.208405,21.347076,39.242188516025294,48.70031,31.02255,1.8831215153343757,3.0649974,1.1862465
2021-09-27 09:00:00,24.02486231656087,30.439117,19.058258,36.56956961439493,56.905495,22.903393,2.3864677649036667,4.6805162,1.4432784
2021-09-28 09:00:00,23.05620753056951,28.840729,19.459625,37.61630302240849,55.829082,28.50877,2.954247976957121,6.7338214,1.5900067
2021-09-29 09:00:00,21.808830889522312,23.867584,19.740143,33.658020128074504,54.44066,16.659409,1.4064551949631146,2.703814,0.5558082
2021-09-30 09:00:00,25.76131033148829,28.722565,22.85196,10.636814323945815,12.079233,9.215316,1.9099816393166331,3.7420828,0.34423634
2021-10-01 09:00:00,27.561992890460658,31.078766,24.801422,7.707502615385987,8.647353,6.299697,1.469940674750876,2.509634,0.16809975
2021-10-02 09:00:00,28.022048096929836,30.475494,26.118073,8.8431479734978,11.524502,7.309683,1.0630793003957255,1.9427285,0.09593596
2021-10-03 09:00:00,29.145497033408276,31.889557,26.670807,11.462419062428697,13.967931,9.196378,1.4561104617432017,2.7747176,0.22246145
2021-10-04 09:00:00,29.82917196452695,32.38272,27.359283,18.171430040076977,21.834282,15.826223,0.4989374034554831,0.9454527,0.24778822
2021-10-05 09:00:00,26.2032570025483,28.678864,24.368317,22.294906408760497,34.43199,15.947616,0.8256795881241141,1.290084,0.05243463
2021-10-06 09:00:00,23.493703632431732,27.243073,21.52237,49.39217848000078,62.771008,34.439857,1.9649750851037249,3.136119,1.0908799
2021-10-07 09:00:00,22.96885680933167,26.329742,20.528961,49.936073719930405,57.739357,46.249123,2.139901411935943,3.6854312,1.3091305
2021-10-08 09:00:00,18.7042710753999,21.806793,17.418121,74.25486437549222,94.06179,50.194096,2.796858774818481,4.8248734,1.7200961
2021-10-09 09:00:00,18.62652584067638,20.85733,16.01236,30.562079143441863,46.616844,22.983444,1.738554899343631,4.0602612,0.45988408
2021-10-10 09:00:00,21.27516190398893,24.012848,18.633698,21.529185240616247,25.38853,16.970562,1.3984357478879608,2.2723992,0.5933849
2021-10-11 09:00:00,24.12843248282826,25.325836,22.028961,20.507351070315817,28.548237,14.050665,2.1577689223279366,4.31677,0.4583268
2021-10-12 09:00:00,15.352052873342643,22.760406,10.221344,25.767164220758243,29.3641,17.958263,4.2360823387210145,6.8742914,2.0410986
2021-10-13 09:00:00,17.575421549896475,21.14566,14.508209,18.438549623218528,20.662846,16.135502,1.1236299087404589,1.79791,0.5020569
2021-10-14 09:00:00,20.244398795499876,22.371735,17.98111,19.37329329072286,22.356796,15.938827,0.9176331700433835,2.0305924,0.1896817
2021-10-15 09:00:00,23.318516867385313,28.62149,19.992096,18.787103492915765,20.683247,15.624918,2.717522961086287,4.5490394,0.62775147
2021-10-16 09:00:00,24.601446790802527,30.989655,20.229889,10.850561137453864,13.562718,6.983721,2.92449236538542,4.582394,0.64717406
2021-10-17 09:00:00,26.296475206176467,29.883942,23.133942,11.011589066610396,11.717517,9.838611,0.684033515677598,1.5784185,0.16887645
2021-10-18 09:00:00,20.524695874278393,22.575592,18.485748,29.55334843236197,35.35158,23.722675,3.057450109825872,5.7401958,1.660986
2021-10-19 09:00:00,15.590054336701996,18.57486,13.01358,28.347516486373035,41.78049,14.5642605,0.9928595773142392,1.9103144,0.27942935
2021-10-20 09:00:00,18.992676721023145,20.369537,17.541412,23.36602679626431,28.523008,14.894102,0.6316245699739857,1.9714093,0.11370063
2021-10-21 09:00:00,21.58985092353879,22.906403,19.255524,15.298277707060599,19.530176,11.537954,0.7503492483477616,2.4705718,0.06320546
2021-10-22 09:00:00,23.651373169298495,24.776276,20.174713,14.61090345355915,18.593414,9.407869,1.0373424495738255,2.8931453,0.47444373
2021-10-23 09:00:00,20.174293908909874,23.767242,18.521149,39.5003675437879,53.171,25.780376,2.414833141021468,4.85961,1.4162546
2021-10-24 09:00:00,17.96214545948959,20.53897,15.941315,54.80097124817812,74.09371,36.653866,2.6025224465339836,5.7616386,1.4350464
2021-10-25 09:00:00,18.88681700713039,21.77481,17.509186,73.03288856923018,80.80903,62.422306,3.706995228340486,6.711253,2.1459098
2021-10-26 09:00:00,14.143664646335026,18.26651,10.506744,40.80787335094527,61.56267,22.409513,1.608978851863482,3.713687,0.48329765
2021-10-27 09:00:00,18.87598469835433,23.037262,15.7211,27.40275847848432,48.420013,20.446678,1.7491580789565548,3.2180657,0.41681916
2021-10-28 09:00:00,23.630418893006606,27.885406,20.664215,29.609572466973667,35.428303,24.473059,2.0306370772483153,3.0302365,0.8127118
2021-10-29 09:00:00,25.860267646341924,30.110504,22.206207,27.17114586277649,31.893677,23.945616,1.4330361859506338,2.2804873,0.15334941
2021-10-30 09:00:00,24.567413222459095,25.968658,22.333893,31.50652077549118,34.962025,28.989368,1.1354497047607852,1.868325,0.5288264
2021-10-31 09:00:00,20.88004460855177,25.278229,17.70401,35.99021883245467,47.976524,29.503868,1.9420347577553865,4.489321,0.8905836
2021-11-01 09:00:00,18.389709985727677,21.933014,16.753326,43.44659686111363,50.466084,30.458271,1.8911003317205972,4.289738,0.8802199
2021-11-02 09:00:00,18.117946717766756,20.36441,16.432037,37.74744756276368,49.580784,31.04225,1.3223904643502444,2.844279,0.19453807
2021-11-03 09:00:00,20.94956085484108,23.17569,18.154205,28.247421542401987,36.67521,23.678432,1.027076213461534,1.6450222,0.2895846
2021-11-04 09:00:00,23.22889036691282,24.934723,19.255035,24.334663433841424,27.025791,21.517979,0.8776296290310199,1.9200045,0.21699153
2021-11-05 09:00:00,22.1603470096843,23.992096,17.70401,14.945701792598724,20.727875,10.715667,1.2321536519646692,2.2740173,0.45263752
2021-11-06 09:00:00,22.67026161693144,23.772125,19.68814,15.36954913283358,27.291471,10.127409,1.1832273586868365,2.4476976,0.25430918
2021-11-07 09:00:00,20.063399759492597,23.675201,17.366608,13.750405250971255,31.128525,5.471735,1.5362242690929357,3.3199573,0.16082771
2021-11-08 09:00:00,18.199704066443587,19.799469,14.9322815,20.03561517249799,29.454075,12.43845,1.431781619067714,3.0798972,0.35965872
2021-11-09 09:00:00,18.837342536835422,22.86026,16.77237,15.59735752089236,37.80335,-0.14491367,1.9267368821128414,4.716195,0.7727976
2021-11-10 09:00:00,18.606989784275072,20.373688,15.05777,29.655262301541523,50.97725,17.952309,1.5312706337452422,3.5491037,0.6329614
2021-11-11 09:00:00,22.82054226995683,27.601715,19.136871,27.51823840028628,34.14165,20.374886,1.7968184227549366,2.8452551,0.33770305
2021-11-12 09:00:00,25.095753339239536,31.279205,21.298737,22.22892296646489,27.377296,15.667002,2.1715947494966237,2.9761636,1.1384842
2021-11-13 09:00:00,26.424381890674454,32.604156,21.928375,19.629910729018913,25.001839,14.226954,1.7689042341256773,2.6563723,0.4421467
2021-11-14 09:00:00,26.245036765978,30.33316,22.354645,14.743671887506009,19.007938,11.9203825,1.260698228927729,2.0766046,0.2592649
2021-11-15 09:00:00,26.348674047368092,30.269196,22.987946,13.328217785033807,16.640736,10.558544,0.5240713662015837,1.4356866,0.08004773
2021-11-16 09:00:00,23.043230315686742,25.610016,19.961578,14.511389985800365,16.869877,12.467534,1.8061527872326157,4.1311536,0.1854238
2021-11-17 09:00:00,18.77017026701367,22.04068,16.068024,20.286649713894473,26.68988,15.418127,0.851751391336139,1.6226068,0.20714574
2021-11-18 09:00:00,20.210246127712196,22.208893,17.85147,22.21045701680989,24.408417,19.720917,0.9842982376232499,2.0387678,0.12260446
2021-11-19 09:00:00,18.686469348945934,19.655426,16.83902,18.5101887293499,26.171482,15.534599,1.0193038662913236,2.2391324,0.29842043
2021-11-20 09:00:00,18.120826870917256,21.364899,15.878571,20.39265828059759,32.64874,16.196245,0.9509460543641378,1.9736767,0.11260318
2021-11-21 09:00:00,19.80468260936425,25.121735,15.549469,21.178204466232778,28.110168,14.852355,2.9559076853224857,4.925626,0.7555141
2021-11-22 09:00:00,21.23138597851363,27.673492,16.800446,13.51875286563716,17.365688,7.953582,3.148870095302719,4.196048,2.2444694
2021-11-23 09:00:00,20.372455203427705,26.871246,15.938385,16.177077282970593,18.81094,14.7003765,0.7169561246574869,1.2627913,0.13195229
2021-11-24 09:00:00,18.605257431063535,20.575836,15.167633,15.38568241039606,22.564167,11.224126,1.156803872130356,2.1379201,0.43047997
2021-11-25 09:00:00,16.242568347569602,22.334686,11.744843,9.700823861694047,12.452703,4.9933443,3.868109313538875,5.7268877,2.1957762
2021-11-26 09:00:00,17.76868767656788,23.725739,13.54483,6.984299401045967,9.549984,4.785618,2.4188069494016196,3.197307,1.4576005
2021-11-27 09:00:00,19.085355553707757,24.241547,15.632965,6.91329885141549,8.196385,6.161229,1.2954579526218435,2.068049,0.24309674
2021-11-28 09:00:00,21.153631430565042,24.279327,19.00589,7.351217400151914,9.446129,5.756772,1.0988426640101572,1.8786371,0.13883254
2021-11-29 09:00:00,21.551403082610648,24.935211,19.480133,12.757028617203748,14.363271,10.816396,1.1452925669682685,1.8670925,0.3050628
2021-11-30 09:00:00,22.677271633004978,26.078278,19.877106,14.261227149288697,16.415123,12.965904,1.163700755378173,1.8966411,0.106658064
2021-12-01 09:00:00,21.99596442418556,25.952057,18.162994,15.010475863974973,17.08429,12.939314,1.6371544996705467,2.5288312,0.33304182
2021-12-02 09:00:00,20.825322193960403,23.987213,17.975494,12.89688507007358,17.050404,10.501168,1.039418151342267,1.847593,0.53261524
2021-12-03 09:00:00,17.599044900761328,18.857819,15.896881,17.61430254779948,24.2051,13.19338,0.6396396541830185,1.3206512,0.21916133
2021-12-04 09:00:00,17.561516932959933,19.014587,15.461853,24.268464406962558,27.491432,20.06565,0.5710740987281626,2.2044601,0.098821566
2021-12-05 09:00:00,16.992391775552562,18.160217,15.271545,17.236217188583787,23.93203,12.537499,1.2181806031301752,2.2422602,0.6972064
2021-12-06 09:00:00,18.450903241714173,20.877716,15.610138,9.515295323483247,12.021351,7.3421926,1.1004898412031914,1.891645,0.40844733
2021-12-07 09:00:00,17.252221435234162,20.455719,15.539703,17.936130228446476,24.335907,12.11325,1.4020215330832442,3.0332935,0.60254127
2021-12-08 09:00:00,15.239797613052701,17.127289,13.467133,50.58352537569051,63.382183,42.112556,0.5521482896614925,1.4409575,0.1504871
2021-12-09 09:00:00,15.72864853987602,17.99002,13.706818,57.37577160877352,72.36498,47.040764,2.9317687243747157,5.7017994,1.7195609
2021-12-10 09:00:00,9.782625438870923,14.715485,6.2018127,54.15428000834948,78.31784,29.362198,1.3338188823682862,2.5732012,0.3427606
2021-12-11 09:00:00,11.481629235698108,16.217682,7.5731506,30.60189615053431,37.15666,24.33428,1.978185293989305,2.779699,1.1393361
2021-12-12 09:00:00,13.298338276691425,17.916412,10.203522,24.890271163501296,31.451122,18.190292,0.4241384824209898,0.79048413,0.10080783
2021-12-13 09:00:00,14.534723993544219,17.29654,12.298492,28.712617567915995,35.71991,21.133972,1.5792708079106872,3.384037,0.54583067
2021-12-14 09:00:00,11.243761303786243,15.582672,7.5904846,93.83735115344932,100.52407,79.06704,4.408017086297946,6.106614,2.9955294
2021-12-15 09:00:00,6.050703132252011,11.6698,2.4588623,32.06739526815907,46.70369,23.87674,2.219435337017544,5.330392,0.4751976
2021-12-16 09:00:00,9.332113873052037,13.0989685,6.6734924,45.10091786376296,56.997158,32.59645,0.7345761304365287,2.0702257,0.1028831
2021-12-17 09:00:00,10.492942331634936,14.246735,6.8907776,30.0370587980048,47.15512,14.080903,0.8380221895494118,1.1637125,0.5233833
2021-12-18 09:00:00,12.516529123590487,17.79831,8.593231,10.896790835973105,16.557987,5.5970507,2.018723674076321,2.673446,0.88071704
2021-12-19 09:00:00,12.991201941953307,18.07312,9.336792,6.160054103148252,10.1082325,2.1598482,1.517662447572252,2.1328957,0.7000051
2021-12-20 09:00:00,13.295866953846144,16.605255,10.2829895,6.926663343520942,17.420963,1.7460804,0.8619275432824799,1.6292516,0.2087726
2021-12-21 09:00:00,11.596834450400365,16.394623,7.8282166,5.48013435166626,13.632614,0.6990204,1.7832948318856754,2.5374095,0.7207177
2021-12-22 09:00:00,13.735446852366977,17.902863,10.536774,12.53985353031962,16.365395,7.762151,0.650107951070268,0.94637525,0.24848464
2021-12-23 09:00:00,14.841490296567883,16.757416,12.825775,55.257610682203314,70.29572,37.21369,1.3757658770395806,3.4064443,0.3873593
2021-12-24 09:00:00,10.931825154336934,14.890503,8.415314,89.23879496307444,97.07073,82.6762,2.687653167768565,4.720097,1.5929155
2021-12-25 09:00:00,11.007293270446041,15.121185,7.865326,82.99744847301568,95.02207,68.92792,2.3457674139952576,4.834199,0.9477897
2021-12-26 09:00:00,8.21456901718335,13.016327,5.2897644,67.03347913657406,87.76592,43.746563,3.271737088835665,6.5667653,1.6554487
2021-12-27 09:00:00,9.600530063297015,13.901489,5.163208,60.18908774888571,81.3141,34.04608,2.0919721703408762,5.0282907,0.39196223
2021-12-28 09:00:00,6.820637751707864,12.529449,3.3367004,79.37610000507625,91.01238,65.13348,3.245181054383825,6.3114963,1.6699961
2021-12-29 09:00:00,7.0557755709969,12.646179,3.3058777,75.3712430596729,85.91305,63.0902,1.7396196694935586,3.9020605,0.48920718
2021-12-30 09:00:00,7.476564151198204,13.734192,3.539795,94.90278778415134,99.16111,84.17283,2.0689489346438843,5.2679596,0.7088673
2021-12-31 09:00:00,9.291460163510578,14.522736,5.052704,67.18333698639726,78.71332,52.999992,1.1788393318874641,2.8924148,0.13264826
2022-01-01 09:00:00,9.945467274108182,14.266388,4.5417786,35.51025449666842,44.314445,29.935541,1.370042694004643,2.4265459,0.295607
2022-01-02 09:00:00,9.842264423621543,15.445404,5.304779,13.76617765325368,17.983864,8.136339,2.332062532263074,3.0715544,1.3696265
2022-01-03 09:00:00,11.111608738673112,16.834137,7.294159,6.9980168912295495,10.299169,4.4710436,1.5676628305975622,2.1658163,0.90704584
2022-01-04 09:00:00,12.724666352458485,15.254364,10.504364,16.71747845814443,30.711369,5.1109543,1.2806007353749775,3.1582537,0.27318898
2022-01-05 09:00:00,14.470580216226608,16.558289,10.896179,17.765267983906412,30.79766,12.330137,1.5457912445001207,3.5809414,0.23998441
2022-01-06 09:00:00,15.571404339436697,19.486786,12.025665,20.801773902847465,24.140388,17.796991,1.6019329707389687,2.3018868,0.062436283
2022-01-07 09:00:00,17.580666157699454,19.507416,15.698822,25.533596162732596,28.512724,22.520536,1.2087244345223511,2.8730195,0.2466719
2022-01-08 09:00:00,12.720378023644514,14.965973,10.243317,34.29220939639668,54.17226,18.070698,1.2772006933785829,3.3125281,0.32599404
2022-01-09 09:00:00,14.157507085269685,16.588104,11.103729,21.099418930831295,30.921978,12.094018,2.4641275782217296,4.0973663,0.5149114
2022-01-10 09:00:00,16.441958339494363,22.27835,11.91507,19.965655761565554,28.402973,9.858061,2.789074186118819,4.0467668,1.5408212
2022-01-11 09:00:00,15.808040699055141,20.552948,12.304901,13.412214881166113,22.440773,8.295814,3.0622260019377636,3.9160924,1.842782
2022-01-12 09:00:00,18.559184676751613,23.779724,14.853943,8.10756318948729,12.64101,5.3087816,2.4955486580661597,3.1622176,1.4850906
2022-01-13 09:00:00,17.81988335840998,22.177216,14.470184,9.082147178970413,12.553708,6.2138643,1.4930038732633248,2.2034945,0.34800118
2022-01-14 09:00:00,16.581869288510404,18.667145,14.034332,11.233583506347534,13.755039,9.495923,0.9991649066722051,1.566323,0.40639696
2022-01-15 09:00:00,17.914581271615816,21.482758,14.012054,19.62476624238598,22.267818,16.225065,3.094639798980876,5.4372563,0.8041818
2022-01-16 09:00:00,15.693700250877725,19.4404,12.282379,29.217148511448677,74.486694,12.919839,2.0775826625459293,2.6190596,1.4987074
2022-01-17 09:00:00,17.622276451970038,20.82782,14.843445,42.69357444727113,82.76703,18.001406,0.6906841232443048,2.1205432,0.2112501
2022-01-18 09:00:00,12.870718306313563,16.2471,10.319366,77.17932860252387,88.72508,61.65086,1.0595321322849565,2.4747176,0.023727192
2022-01-19 09:00:00,14.792652426201471,16.581573,12.532745,41.25445656752618,51.361256,31.886349,0.9581988982772731,2.0983157,0.033418197
2022-01-20 09:00:00,16.045134413396454,17.76596,13.683929,23.900679775662343,29.838314,16.475033,1.4517454508968508,2.1540592,0.4800929
2022-01-21 09:00:00,18.24863551325069,22.303253,14.594269,19.90079555215453,23.853962,15.683655,1.184354488693795,2.2153754,0.42292562
2022-01-22 09:00:00,15.700242403699292,20.46872,11.320282,21.100054883939347,27.549875,11.0381565,4.857182370635932,9.072621,1.7993785
2022-01-23 09:00:00,16.07835576789404,21.692932,11.632996,24.709975830129935,29.96055,18.533716,2.9763095056965447,4.4554496,1.747578
2022-01-24 09:00:00,17.931901518372854,22.298828,13.919922,16.70881123175066,20.09951,13.935447,1.3442633994875963,2.2894166,0.35591808
2022-01-25 09:00:00,18.608862780620882,20.514526,16.561401,19.342714951268505,27.086927,10.353967,0.7768093624226132,1.5724108,0.27433
2022-01-26 09:00:00,16.73621082572822,19.241364,13.585114,12.744784831635954,16.525028,8.599715,2.7543557026020116,4.9026713,0.30094743
2022-01-27 09:00:00,15.373445040272316,20.081879,11.286957,12.868991310331507,18.350758,6.9416895,2.047466023033682,3.1493566,0.08150895
2022-01-28 09:00:00,17.17469894498538,20.86496,13.402069,11.29723327420767,15.400915,6.86588,3.7413451135863194,5.936836,1.2960212
2022-01-29 09:00:00,15.687810451642406,22.075897,10.931366,10.687085853604243,12.994726,8.408308,2.855395546701831,3.9780462,1.4433041
2022-01-30 09:00:00,14.50520758619956,19.442139,11.136017,11.41005093082174,15.854112,8.094813,1.4790194894801656,2.1017718,0.39453638
2022-01-31 09:00:00,17.648490155010222,19.006775,15.983337,8.445709593758277,10.85827,6.015502,0.8831424496796213,1.9714191,0.12082691
2022-02-01 09:00:00,15.213511189206486,17.299927,13.524536,21.97377807212988,30.358921,10.001551,0.8853130641582599,1.9771602,0.14420189
2022-02-02 09:00:00,14.435245221323896,16.738129,11.439301,15.30051926901336,38.63166,1.729125,2.558862444186954,4.715868,0.8009287
2022-02-03 09:00:00,12.039119853377883,18.547852,6.975586,13.727235483646874,19.504244,11.437839,2.2740278224303174,3.4481988,0.79642314
2022-02-04 09:00:00,13.806411249979078,18.24112,9.7430725,23.037965368893097,26.16199,18.725754,2.821615804109854,4.665135,0.36587098
2022-02-05 09:00:00,14.354127650686905,20.661469,9.731781,14.595343566455956,20.931374,6.705633,2.8921751265990503,4.294529,0.8491662
2022-02-06 09:00:00,17.262646670517086,21.736359,13.337921,10.942998877298733,14.667795,6.429514,2.164531509494459,3.3324215,0.5794142
2022-02-07 09:00:00,19.52196213378579,24.63858,15.595612,12.035703355859539,14.612978,9.180367,2.4989466171055823,3.87339,0.31337562
2022-02-08 09:00:00,19.7789626535116,24.939545,15.912201,15.345036490277872,17.88356,13.475988,2.0254192432182108,2.9898658,0.8233072
2022-02-09 09:00:00,21.726398194671674,26.218414,18.185211,10.656178105696515,14.956866,6.3474913,2.4675401954570395,3.5517998,1.2158934
2022-02-10 09:00:00,22.957262474343167,29.241852,18.874664,10.932041822851636,14.156589,8.031589,3.1658294546316634,5.579826,1.1686976
2022-02-11 09:00:00,23.21133945049519,29.159332,19.118317,16.87961452586593,20.887794,10.708473,1.821086693256619,2.7967284,0.85032034
2022-02-12 09:00:00,24.672353946689725,28.950531,21.923187,10.254457451652758,16.676378,7.1000824,2.1931758720012926,3.6104896,0.61054677
2022-02-13 09:00:00,24.12579968233524,29.35147,20.343658,11.208844452126034,12.378279,9.415641,1.4044906014394618,2.293949,0.49968
2022-02-14 09:00:00,24.199085020137034,28.59018,21.320648,11.192074059706465,12.839042,8.257667,0.5982975033667726,1.668372,0.11220198
2022-02-15 09:00:00,20.524046173602017,22.804108,17.970123,16.024493142496464,20.97716,12.479569,2.7690030774884007,4.66637,1.945064
2022-02-16 09:00:00,11.392544091277557,14.63266,7.1303406,35.34327422536995,42.013145,25.790491,1.7487876933444073,3.2375925,0.42764986
2022-02-17 09:00:00,15.122815958380443,17.817963,12.079498,21.55671094084746,28.403084,9.585772,1.7027499498258196,2.8220258,1.0527359
2022-02-18 09:00:00,16.417047716282298,21.941742,12.109711,14.136072255528441,19.288252,7.6593456,1.7496011471133603,2.952917,0.50723463
2022-02-19 09:00:00,17.67922588754118,21.937225,13.816132,16.4438149013617,19.068794,14.439922,1.8513287445211655,3.1449916,0.1602704
2022-02-20 09:00:00,19.559843723229676,22.478851,16.906586,20.41698892787113,22.531506,17.730625,0.6411171441820159,2.453199,0.21186808
2022-02-21 09:00:00,16.10630434979032,19.585114,14.596832,32.01053118489688,57.09894,20.462223,3.427644583308389,6.8239946,1.830182
2022-02-22 09:00:00,12.439386468583848,14.811371,9.264496,58.430796112871946,91.7077,30.785828,3.4730745665985574,6.6159253,1.9128255
2022-02-23 09:00:00,8.960448283126482,13.424347,5.348175,60.53656709334268,72.23259,48.561863,2.934886049825269,5.871385,1.8383156
2022-02-24 09:00:00,7.217293581305228,14.09433,1.752533,17.714463227688096,23.874285,12.866472,2.0154419032131696,2.638188,1.4301656
2022-02-25 09:00:00,11.53107938853924,15.609833,7.7621765,21.5988650792164,24.601852,18.890915,1.1011572776935517,1.7925565,0.19905299
2022-02-26 09:00:00,13.865873746311536,18.21939,9.893219,17.7979161310098,21.481853,13.09673,2.3112111687043666,4.17795,0.47231373
2022-02-27 09:00:00,15.1556473566867,21.444,10.516266,6.163747680682785,8.897239,2.5096521,2.446516503992785,3.6372533,1.0670824
2022-02-28 09:00:00,18.606444320300795,24.254303,14.396515,6.523207514948496,8.662511,3.5921984,2.587490751028572,3.8304064,1.214572
2022-03-01 09:00:00,23.10907872211652,29.239746,18.899902,9.288355019508293,13.471283,5.756439,1.931253737788149,2.923955,0.6899236
2022-03-02 09:00:00,24.810212066135364,29.16745,21.679169,5.261921611477534,6.9707093,3.2405376,1.0297606558182737,1.7504457,0.09814038
2022-03-03 09:00:00,23.667199617248514,25.391754,20.897614,8.739149106254022,11.264823,6.976058,1.4399894936181041,2.1825159,0.75243944
2022-03-04 09:00:00,17.45277650790115,20.628723,15.839661,26.6920124062296,40.475643,15.018613,2.6559738299079667,5.5354295,1.5227606
2022-03-05 09:00:00,13.277549089827971,16.878082,9.688629,66.04642221899574,89.383804,31.353144,3.303440505292239,6.8962164,1.4890136
2022-03-06 09:00:00,9.791704141220407,13.63858,6.4042053,40.829132644304856,61.676933,29.829342,2.1272363725415167,4.7822704,0.51982844
2022-03-07 09:00:00,13.744625670454582,17.63272,10.529205,35.76654351231444,40.939445,30.533195,0.9581226213898412,1.65271,0.25006557
2022-03-08 09:00:00,15.141272102787013,21.26236,10.580719,14.956457375101147,19.608727,10.955822,1.9932296665147031,2.9681284,0.8270689
2022-03-09 09:00:00,17.30840616498358,21.43692,13.659576,21.656321054957154,26.035156,18.039062,1.3697790007711408,2.2852514,0.38584894
2022-03-10 09:00:00,17.164737404333323,19.358826,15.151794,40.03724822597291,61.328163,25.531288,1.3392371067224773,3.3810844,0.24147433
2022-03-11 09:00:00,15.387503093944758,20.349213,10.712494,10.458851377278929,13.04714,8.847921,2.5463565136596547,3.959501,0.5893333
2022-03-12 09:00:00,18.453366138528793,22.909454,14.634064,11.161531542310016,12.2975235,10.320627,1.7632722971417176,2.9425552,0.3013497
2022-03-13 09:00:00,20.83685455444663,23.572662,18.506256,15.093878769512443,18.56606,12.929339,2.010781327233174,4.1113663,0.60256827
2022-03-14 09:00:00,18.424222402837586,21.83847,15.83609,18.787374026262334,26.51441,14.879935,1.9073981824940267,3.8518481,0.52013147
2022-03-15 09:00:00,22.452480376192682,24.192291,19.61026,19.241701829792053,23.269627,14.644285,1.1512402423691301,2.1156259,0.17814913
2022-03-16 09:00:00,20.461432835445578,23.490814,15.78183,36.10619483773638,52.479416,16.409483,2.6411833727652683,5.5411725,0.7156178
2022-03-17 09:00:00,20.30287391566503,25.323395,16.000885,20.11731655084724,29.558926,15.239057,1.988082600314243,2.812472,0.95408714
2022-03-18 09:00:00,21.939360176865932,25.61026,18.893463,17.971502072386166,23.553127,12.39798,1.2584672399886105,2.0142457,0.65921056
2022-03-19 09:00:00,22.850100182871643,25.14737,20.864166,19.535506208762598,25.786028,14.569594,1.7986023579251202,2.5727594,1.2128795
2022-03-20 09:00:00,16.399455677444394,19.295074,13.960846,59.374360488726175,69.04532,43.888912,2.679802048917515,5.643664,1.1146877
2022-03-21 09:00:00,17.8480265151901,22.46109,14.278717,25.312949835831954,35.01977,15.810363,2.3130331154847954,3.9419158,1.1126566
2022-03-22 09:00:00,21.868305855972153,25.856354,18.889557,23.185046816787025,26.892855,20.252136,1.7876422579765912,3.0344622,0.49453336
2022-03-23 09:00:00,25.568579484269776,29.590973,22.621246,22.62129703152081,25.218636,20.964497,1.764779171667992,2.9023414,0.5489493
2022-03-24 09:00:00,25.82183871218797,28.143463,23.309479,23.96016425516113,28.26734,19.04859,0.7284700470122611,2.0222485,0.28907582
2022-03-25 09:00:00,26.015041174998828,28.007233,21.391998,20.221525968826267,23.892998,16.501408,1.2739952008852582,2.7344956,0.76155305
2022-03-26 09:00:00,26.01379772931682,29.957672,19.60611,8.71495103502912,11.74455,4.657156,2.006613962588102,3.5062923,0.9663603
2022-03-27 09:00:00,23.51711656206936,28.33902,17.378082,8.895839318454446,15.896191,4.405758,2.648108604585572,4.8734665,1.4483639
2022-03-28 09:00:00,19.068505531232177,23.654816,15.494659,25.50765400221812,40.145695,10.790227,3.775364807360774,4.8162737,2.3808782
2022-03-29 09:00:00,13.214070224386774,16.475983,9.331451,74.7816276660848,86.82428,61.543034,1.8007870941101627,4.346469,0.3033063
2022-03-30 09:00:00,17.058725237320687,17.912018,15.03653,39.77678971589659,62.610104,31.11401,1.8160660982210015,3.818575,0.48996854
2022-03-31 09:00:00,18.865540264877836,22.759918,16.306793,47.27310602381778,71.77127,29.740896,2.334736114361695,4.756173,1.2846035
2022-04-01 09:00:00,17.934293160039942,21.729156,16.260406,39.001817213003974,43.793045,33.136795,1.084556637688925,1.805884,0.60256815
2022-04-02 09:00:00,21.60698452184414,26.209381,17.53946,36.257265160690444,51.667908,23.171814,1.3483356715927934,2.272375,0.83580863
2022-04-03 09:00:00,18.733336374455064,24.699127,16.33194,48.75952493385704,66.68686,35.575546,2.324786961734313,3.8560262,1.5534341
2022-04-04 09:00:00,19.874954151633176,24.429596,16.309967,12.552385437694896,21.463238,6.260113,2.0267877184726917,4.186626,0.5982217
2022-04-05 09:00:00,21.632693026374454,23.595856,17.974762,20.518690865190223,31.886002,12.011003,2.7683016089506745,4.8543744,0.9830374
2022-04-06 09:00:00,24.426340176810413,27.670563,20.892975,19.588265624709337,28.209887,13.143257,1.943537279719903,3.3434498,0.46489334
2022-04-07 09:00:00,28.85574234844347,32.225983,26.11856,9.011579306147928,11.044122,7.4651127,2.7502315283677063,4.7285657,0.4902944
2022-04-08 09:00:00,30.516139216530632,35.93741,26.871002,7.415497547293567,8.265842,6.308811,2.281786331517575,3.2703593,0.84036076
2022-04-09 09:00:00,31.28682919194597,34.62393,28.194244,10.19509287299364,14.027824,7.1215744,1.8262121378343055,3.4403505,0.6567016
2022-04-10 09:00:00,25.16164921818995,27.43692,20.18692,10.516107824212773,27.305672,5.4462976,2.441767095639032,4.729413,0.8609964
2022-04-11 09:00:00,19.97913174290261,24.184235,17.66861,40.26268804051675,78.95734,16.083748,3.42323905233808,7.0571723,2.146406
2022-04-12 09:00:00,16.86376104822972,19.664215,13.058746,31.071389858427278,46.777428,7.000085,3.17981388661985,6.959622,0.6073651
2022-04-13 09:00:00,14.646037559911292,20.081451,9.858795,13.775848740080896,23.209736,6.0339546,2.851256387894163,4.520272,1.6894898
2022-04-14 09:00:00,18.336201909704016,20.39029,15.683258,15.974390856123552,24.843702,5.7538586,2.3384445682281787,5.293627,0.82823145
2022-04-15 09:00:00,19.25259477242821,22.393707,17.23941,36.2867051483761,46.145992,25.047745,2.5331687539492176,5.7785788,0.95348585
2022-04-16 09:00:00,20.59916440803306,23.150543,18.058746,46.73229212751647,64.70733,29.801079,3.038524800289888,5.615494,1.6457603
2022-04-17 09:00:00,19.561067367825387,21.651276,17.758698,18.698884536720065,26.38252,5.5330114,2.344101822667707,3.994798,1.3827292
2022-04-18 09:00:00,24.043599292478007,28.213043,18.131012,10.232244817149521,17.553068,0.59634304,1.8895528704382119,3.6650956,0.84684
2022-04-19 09:00:00,23.928631210372714,28.510406,18.78189,15.076145011880806,23.721752,3.5225344,2.633451384701749,5.21336,1.3399699
2022-04-20 09:00:00,21.051252162120136,23.524567,18.827301,50.495677428877116,64.528404,34.04776,3.052564319992634,6.4251714,1.865589
2022-04-21 09:00:00,18.721517259886525,22.644684,16.92398,43.265660878279164,56.81423,25.350513,3.1063774468224015,6.1877866,1.7282462
2022-04-22 09:00:00,17.06855913771028,19.819733,14.985748,60.92607921914867,79.23384,42.115196,4.002573356598873,6.7362704,2.3742146
2022-04-23 09:00:00,16.836159271953704,19.494781,13.709625,34.8247066034222,42.875263,22.663609,1.7334771815151737,3.0481186,0.55088073
2022-04-24 09:00:00,21.84937382697791,27.826569,17.998932,19.31249278943732,25.40692,13.98521,1.8871742760827168,2.8649042,0.5220848
2022-04-25 09:00:00,24.58478667849772,29.11612,21.537506,12.360489243472635,15.063959,10.515884,1.762295385091334,2.69995,0.20726675
2022-04-26 09:00:00,26.37202821618547,29.144684,24.000153,11.650707599128172,14.6164055,9.962388,1.2210189191548473,2.4746401,0.60351735
2022-04-27 09:00:00,23.18694904149868,26.654938,19.789703,20.55893616028421,28.787165,10.786042,2.6561587150922814,5.2359705,1.6099111
2022-04-28 09:00:00,20.876896877262652,25.197906,17.524078,44.454496052141124,62.3162,24.882605,2.8961956454301605,5.308375,1.9210759
2022-04-29 09:00:00,19.93488735612624,21.795807,17.055573,19.762504757217016,32.004616,11.679006,1.7269535293634366,3.6077163,0.53727496
2022-04-30 09:00:00,23.90561744412389,26.597076,18.835358,12.136252077331177,16.609715,9.031589,1.3168652300466788,2.5187345,0.52646816
2022-05-01 09:00:00,24.988815300270858,28.810211,19.882477,19.275652711836333,33.04041,7.0355673,2.779278544622886,6.0331893,1.4159925
2022-05-02 09:00:00,22.029152150525817,26.375397,17.732819,24.18836490342476,33.042564,16.51555,1.899389216449424,3.2868228,1.0993532
2022-05-03 09:00:00,22.53783426880068,27.571686,17.989655,34.0473078711757,62.311077,18.967327,1.7395364687194532,3.2776973,1.0505862
2022-05-04 09:00:00,23.365145505944838,25.66983,18.329987,15.32360760322622,19.084904,9.587342,1.323620276007412,2.3229334,0.034228727
2022-05-05 09:00:00,25.871715242597134,27.286774,21.319977,14.144176348739471,16.507812,9.722657,1.549252688581503,2.6830907,0.973467
2022-05-06 09:00:00,25.211374239695033,29.232819,20.355865,20.574972125075693,26.947636,12.309753,2.548675724358526,5.6525764,1.044175
2022-05-07 09:00:00,25.974738233673577,30.590973,20.108551,32.54173678032335,42.997643,22.13827,3.0396128909001834,6.959563,1.3959827
2022-05-08 09:00:00,22.842392019736053,26.641266,18.578766,36.93725785948025,67.42366,13.392408,3.374353342165484,7.7315993,1.7744924
2022-05-09 09:00:00,18.239826904955464,20.872223,15.067535,36.7623462461495,60.33726,25.117756,3.0734939016832303,7.3616056,1.0315455
2022-05-10 09:00:00,17.30706584088483,19.368073,15.037994,29.417532767472032,38.977478,20.856384,2.352220656810898,4.6246552,1.1862401
2022-05-11 09:00:00,16.91757954936736,19.524567,14.327301,28.12870161199375,34.83255,19.569983,2.747293319835044,6.3177705,0.8356177
2022-05-12 09:00:00,19.250614434232773,24.23233,15.689362,17.1370301076196,22.087822,12.2362585,2.216378460889434,4.105354,0.8582358
2022-05-13 09:00:00,24.588644780038123,27.692047,21.703766,16.28591611159981,21.725445,12.436768,1.5946152866846335,2.826231,0.78595245
2022-05-14 09:00:00,28.504303081458318,31.137115,23.889069,11.246350935340702,17.788998,7.4280853,1.3665874203864163,2.4962764,0.331971
2022-05-15 09:00:00,30.891499469695646,32.35562,25.67398,9.061042844425453,16.508,3.672061,1.3664470434469411,2.8342505,0.7077603
2022-05-16 09:00:00,27.129449138604798,30.670319,21.617584,17.30766504843694,25.780476,7.1828203,2.80307192045686,5.9772153,1.3442012
2022-05-17 09:00:00,25.780739846186748,29.52774,18.910553,25.97601439632177,48.170635,14.705792,2.7720391177744825,5.454395,1.3665
2022-05-18 09:00:00,25.37841688764479,30.485992,17.693024,16.739089527121447,21.331444,12.617834,1.8982967586159911,3.1526692,0.8206671
2022-05-19 09:00:00,28.229672158113488,33.89566,19.258942,12.593120171837503,20.533306,9.556187,1.9344144568466473,2.9057262,1.0150654
2022-05-20 09:00:00,25.094097715099053,32.705963,17.004791,30.15369683697055,42.584152,17.240402,3.1244413637469313,6.1380854,1.9337274
2022-05-21 09:00:00,20.318914756712275,26.25113,17.750885,47.95519928416328,79.42721,22.083153,1.9597305593593681,3.2136166,0.8455688
2022-05-22 09:00:00,22.15612714158175,26.497223,19.079254,26.142738663507178,37.484203,10.284985,1.9891476228744336,3.1607566,1.1553988
2022-05-23 09:00:00,24.300547251564467,29.702545,17.944733,22.264382641215967,29.984955,15.539642,1.8345287627558984,2.9002473,0.89765257
2022-05-24 09:00:00,26.254440908279832,31.049713,17.887604,14.32531651826493,16.761835,11.210104,0.9465268731153097,2.0766637,0.02563269
2022-05-25 09:00:00,28.272201417056408,32.660797,19.902985,15.254187222806067,17.115793,12.756418,1.311787033355796,2.3806016,0.8927055
2022-05-26 09:00:00,28.56180601783751,35.051666,19.17276,15.954490406648208,20.5956,11.404195,2.3371904199155016,4.1935964,1.1460419
2022-05-27 09:00:00,25.703899582850568,32.606842,18.669342,18.361485503323824,24.787582,14.25275,2.6796909291919917,5.47953,1.3516084
2022-05-28 09:00:00,24.2738402745274,29.73526,19.075104,24.342238016066936,30.416542,14.092323,3.07643437927147,6.5030465,1.6366491
2022-05-29 09:00:00,22.07641883951601,26.279205,19.045319,48.398559912061344,66.98046,29.656239,3.5995956631860655,9.030653,1.4183298
2022-05-30 09:00:00,22.43528851319934,24.84488,19.46988,19.527475677082535,35.723892,13.237673,3.3154974165941873,6.5912952,1.3295853
2022-05-31 09:00:00,23.35949800537503,25.483307,20.149323,19.731908951256763,39.55831,13.87633,1.6553349560612396,3.4291031,0.544397
2022-06-01 09:00:00,26.079880802246123,27.905914,20.704742,14.771027425471706,17.745031,12.323281,1.5624892387547078,3.3622286,0.1839107
2022-06-02 09:00:00,27.754421288858964,30.42862,21.899323,14.81870725446544,18.758816,11.493927,1.4255836680575362,2.6086264,1.0193182
2022-06-03 09:00:00,26.658844485202167,32.34854,20.000885,19.788276534624753,29.168373,11.062904,2.486188181744944,4.910289,1.3996834
2022-06-04 09:00:00,25.157685617433742,31.227203,19.815094,39.995638340747895,53.050003,28.483597,2.864853038578387,6.049736,1.6544727
2022-06-05 09:00:00,24.451226928444555,29.464264,20.020416,39.384552435775554,46.717728,33.491165,2.9368930085280205,6.262922,1.4087913
2022-06-06 09:00:00,26.847995498436603,30.783112,21.279694,33.68692034819407,46.43999,23.307178,2.85345481034617,6.0862246,1.2581795
2022-06-07 09:00:00,28.037977558050898,33.77481,21.24942,23.950253956608496,37.105453,18.329224,1.9929494752706,3.397099,0.97170436
2022-06-08 09:00:00,29.414108878061256,35.49991,21.660065,10.365690459164757,14.378012,5.8974867,1.9959692713527648,3.2045875,0.8529063
2022-06-09 09:00:00,30.154183730548425,35.86319,21.23819,10.82149714497397,17.875336,6.0003366,1.779494472940624,3.1514442,0.8672029
2022-06-10 09:00:00,30.450632583585502,36.897858,21.240631,14.611353504306832,21.539398,9.107935,1.605998876740731,2.7239485,0.78441036
2022-06-11 09:00:00,31.859053423726607,38.18228,22.317291,20.042047049171916,23.099876,16.458153,2.2538402958292205,4.14226,1.1574595
2022-06-12 09:00:00,31.20877207470045,37.71817,21.946686,20.78799330155738,26.587454,14.71636,2.738758802957555,5.963477,1.3008484
2022-06-13 09:00:00,27.734502903161683,33.352448,21.399323,30.083770110004497,37.434364,14.579028,2.944531567493887,6.3575487,1.6481153
2022-06-14 09:00:00,25.999044795804764,29.69986,21.027985,17.662978574164114,36.198982,7.648939,2.0779275915300834,3.6285677,0.76863545
2022-06-15 09:00:00,28.72515859361158,32.494537,22.004303,12.697051093616063,17.433754,9.381887,1.0641739530304064,2.2808452,0.24944527
2022-06-16 09:00:00,30.60808487778803,35.10025,22.190094,13.158270822175016,15.94179,10.58514,1.47367244314408,2.4973848,0.98996526
2022-06-17 09:00:00,28.935895551261524,35.19522,21.339752,16.264406261168713,24.176983,8.548076,2.8332813536250003,5.671715,1.7789981
2022-06-18 09:00:00,23.37344850210718,27.82193,20.63443,19.97430656383349,34.900494,0.57805634,2.755359041616116,5.3008714,1.4642047
2022-06-19 09:00:00,23.296987522049335,26.28189,21.299469,21.72585267143962,27.311022,8.442601,1.7470662249735132,3.9441142,0.77446246
2022-06-20 09:00:00,27.124142759531708,30.449371,23.839996,12.153439426695272,16.190193,7.0075827,1.3292714982725706,2.0601692,0.42510766
2022-06-21 09:00:00,31.114685241019288,33.632965,27.916168,10.737590415195358,14.055773,8.461949,1.567203476663823,3.2832806,0.65403706
2022-06-22 09:00:00,29.55222109171973,34.532623,23.323639,10.50335337396238,17.716707,-0.07007408,0.9008147409722607,2.5399983,0.25059497
2022-06-23 09:00:00,27.2478241070134,29.987701,24.028717,36.640695820778866,46.658077,28.902946,0.6204697576001555,3.1572912,0.033011563
2022-06-24 09:00:00,29.878967320844026,32.348785,24.399567,19.58002151909038,24.523594,14.489432,2.0024708236841566,3.7439547,0.9862094
2022-06-25 09:00:00,30.733805524408922,34.38272,24.355377,12.218785178717544,18.624126,6.2857447,1.8122074336820055,3.1061542,0.875798
2022-06-26 09:00:00,31.36413345766084,36.5336,24.03946,13.528208674233973,19.547672,4.7186003,1.4974319813140706,2.5943515,0.8400504
2022-06-27 09:00:00,33.21115637204343,37.48648,24.968903,10.001506112606743,14.916074,3.16998,1.426788076305379,2.4665878,0.83910495
2022-06-28 09:00:00,34.649840808872455,38.737457,25.915192,14.63799498245333,18.43309,5.2532883,1.9760706761727789,3.457892,1.1941707
2022-06-29 09:00:00,32.369845931339,36.92398,24.89859,12.891753510381749,18.553047,4.600713,2.496490717094138,5.1426544,1.2601804
2022-06-30 09:00:00,31.124716506427205,36.030914,23.872711,24.077343955417387,28.440056,16.881462,2.447814531184329,4.988271,1.3524125
2022-07-01 09:00:00,30.192901290241082,34.911774,24.212555,13.519096509972346,19.117325,6.1915445,2.67484945138942,5.5707903,1.3320973
2022-07-02 09:00:00,29.354788821539557,34.517,23.06192,17.442523779221332,24.40414,-0.16020107,2.8307509400902555,5.552507,1.5618075
2022-07-03 09:00:00,27.731524317157778,32.523346,22.55069,20.148028131991634,29.70732,0.92606926,2.7487973770165244,5.3769584,1.3924711
2022-07-04 09:00:00,25.894233951014428,30.893463,21.202057,31.474410159111542,46.393078,13.10929,2.6399992069702307,5.0555415,1.604785
2022-07-05 09:00:00,26.349124822282533,31.368073,21.590729,36.31490022488449,44.17131,27.665297,2.378772971099393,4.382871,1.3755203
2022-07-06 09:00:00,27.150284265000437,32.129303,22.576569,44.183367564349986,55.675575,33.74102,2.423840391143704,4.4385457,1.1811843
2022-07-07 09:00:00,28.019796262448153,33.296295,22.177155,17.311615046122597,29.547375,9.051678,1.9974107242462258,3.69264,1.0118544
2022-07-08 09:00:00,30.10457099939174,34.79019,23.06363,15.580275313350723,21.097668,10.406708,2.2144170155904623,3.8039734,1.2851039
2022-07-09 09:00:00,29.78461000048128,35.049957,22.278473,19.043634012121608,26.43022,8.504172,2.088700287269225,3.9918077,1.0809853
2022-07-10 09:00:00,30.668987690402957,36.23648,23.781403,15.070600960751134,24.709913,5.5419445,1.7567362042057253,3.0956597,0.9355541
2022-07-11 09:00:00,31.69349808700946,37.414703,24.051422,7.776167294201803,11.8452,3.7529774,1.7468979143424197,3.0319622,0.6733519
2022-07-12 09:00:00,31.686981604709956,38.683014,21.897858,7.912396787945873,14.622746,1.1293182,2.230383809996185,3.8059442,1.2541797
2022-07-13 09:00:00,30.732536728538662,38.222565,21.554596,7.960271022470058,14.243223,-1.4286518,2.175580424499353,3.9079864,1.1157763
2022-07-14 09:00:00,31.55015508481938,37.54825,22.145905,13.12433474214924,20.451677,7.322771,1.8335755188294018,3.066658,0.9678527
2022-07-15 09:00:00,30.443912302599188,34.64981,22.013092,33.44848666249025,35.523174,28.488354,1.5642163021752384,2.3129084,0.8425517
2022-07-16 09:00:00,32.55931973423964,37.083405,23.36856,22.078765129078853,25.20559,18.705353,1.7025834216321627,2.6726792,1.046532
2022-07-17 09:00:00,32.75510706603069,37.96939,23.256012,18.542679015175015,29.784737,9.731715,1.9741738751881082,3.839982,0.9605162
2022-07-18 09:00:00,32.479850474811656,39.160553,23.997711,25.41933651694963,31.438023,19.739994,2.1950830090634468,4.501656,1.1511669
2022-07-19 09:00:00,32.032636522485916,35.405426,24.897614,26.14851529420322,30.404337,22.169962,2.3686074938015147,4.2699823,1.4029839
2022-07-20 09:00:00,32.60821950134658,37.071686,25.466217,23.3460682178799,31.074213,17.009945,2.4608966428310266,4.70922,1.298645
2022-07-21 09:00:00,31.938809528180798,37.29654,24.485992,19.864256413859845,24.680876,14.985563,2.3062710230383536,4.3257947,1.2116456
2022-07-22 09:00:00,32.20981736620553,38.498688,22.985016,10.298113651599031,16.597048,6.5892124,2.273991367846311,4.169587,0.9776906
2022-07-23 09:00:00,32.68285317204749,38.167633,23.407867,12.46831856050093,17.225082,7.328452,2.254657145257866,3.789171,1.0315285
2022-07-24 09:00:00,31.76926163890988,37.884186,22.901764,17.616985597584332,24.08221,10.450994,1.9958714478671697,3.3332987,1.3245016
2022-07-25 09:00:00,31.009823492775638,37.03018,22.830963,17.633867509665187,27.930565,5.38482,2.2509616955207954,3.8941019,1.4522592
2022-07-26 09:00:00,30.138514703088504,35.625153,22.550934,15.908794328966287,22.609478,6.030658,1.9689692590138508,3.3539646,1.1445501
2022-07-27 09:00:00,30.568919896264674,36.236237,22.890533,16.163132737319884,24.729607,6.692174,2.3660723663693926,4.903796,1.1749027
2022-07-28 09:00:00,31.019388913506646,37.22696,23.316803,19.33747355845641,26.801521,7.184333,1.9351295007887999,3.6907022,1.0307672
2022-07-29 09:00:00,31.109980056464224,36.89688,22.904694,26.514081299577516,33.092857,21.848606,1.9021969648290176,3.354073,1.0820018
2022-07-30 09:00:00,31.462530379056375,38.015045,23.382233,27.69941112498776,33.28115,21.39061,1.768878094437473,2.6824696,1.170119
2022-07-31 09:00:00,30.603415570156244,34.894928,24.750397,38.664246001628086,47.983383,31.204155,2.049953098401248,4.0636,1.0956249
2022-08-01 09:00:00,30.35290820047493,33.0502,25.544342,38.50056713336138,50.181057,22.28928,1.7926703724742472,3.6430504,0.79045224
2022-08-02 09:00:00,30.067060512449928,32.785065,24.88858,39.16650012186655,44.86631,34.42116,2.281935008972959,4.0195026,1.2442875
2022-08-03 09:00:00,30.64960102582728,35.97403,24.552155,36.67518099888091,43.99229,27.59776,2.0885267138545265,3.7233608,1.1204875
2022-08-04 09:00:00,31.131094029222936,36.556305,23.97232,40.41392431365143,45.142086,36.2128,1.7961572337075034,3.0261831,0.972075
2022-08-05 09:00:00,28.485473311175042,30.162994,24.526276,54.43496445969697,62.425682,44.4374,1.7475370420382481,2.7608864,1.1318605
2022-08-06 09:00:00,30.283683016586565,33.49356,25.52481,24.69849324569997,29.308676,16.992565,1.7184256190046978,3.575768,0.84820706
2022-08-07 09:00:00,32.6057251059874,35.811676,26.128082,14.947602133475645,17.792862,11.906142,1.366673901953229,3.6336424,0.59244454
2022-08-08 09:00:00,33.34860879003253,37.533844,26.582672,14.877578629597174,26.689642,-0.9236393,1.8873094705531321,2.9522514,1.1884084
2022-08-09 09:00:00,32.13208100822976,36.84024,26.108307,28.820742522012555,32.94388,19.574831,1.8429395808393303,3.2552536,1.0541399
2022-08-10 09:00:00,31.826036547840545,34.781647,26.932037,33.440175447650866,46.693768,24.991209,2.0401532587843394,3.6681144,1.2576383
2022-08-11 09:00:00,31.722544921422923,34.926178,27.473053,17.823744592270117,24.507687,7.4100313,1.968982198959919,3.379907,1.019033
2022-08-12 09:00:00,32.866006887983986,36.79654,26.583649,13.629874292038723,21.616531,3.8138514,1.9267642740777935,3.539806,0.90054876
2022-08-13 09:00:00,32.891983965769725,36.79605,26.33316,13.521064377311612,17.361425,8.186057,1.62131063271101,2.3338253,1.0680934
2022-08-14 09:00:00,33.04784715013335,36.574615,27.142975,13.6487713690037,16.448364,10.546556,1.6676671804653804,2.7317193,1.0936683
2022-08-15 09:00:00,32.17323823109592,36.91275,25.926422,15.173469919386992,18.56886,11.896206,1.6946475652813615,2.857853,0.9519435
2022-08-16 09:00:00,32.887750912328784,37.278717,25.964264,13.302375780715433,17.151638,8.358669,1.5199100284859437,2.460659,0.8798616
2022-08-17 09:00:00,33.71275052087287,38.595123,26.40567,15.34740278033799,18.886963,11.88747,1.577990806434846,2.4054222,1.0643438
2022-08-18 09:00:00,32.628030964938546,37.62564,25.863922,19.57722602681362,24.804829,16.561241,2.267350701284466,3.9986272,1.3839972
2022-08-19 09:00:00,31.840621182079417,37.217194,23.980865,19.060222452097243,21.25304,15.513569,1.6141814262002125,2.526684,0.81745464
2022-08-20 09:00:00,32.08351811198759,36.75894,24.64566,20.48189270735021,27.056156,17.300482,1.9007042320181642,2.8660164,1.1662889
2022-08-21 09:00:00,30.96464183163971,36.979645,23.24527,20.71485178552874,29.407001,11.267309,2.7106570175382574,5.4464564,1.5186528
2022-08-22 09:00:00,30.64684408600249,36.775055,23.118805,18.65490970104133,25.659172,12.814039,2.278282884549235,4.617623,1.1284966
2022-08-23 09:00:00,31.83593100325379,38.01822,23.467438,13.089080832618436,15.438296,10.265247,1.575280990858655,2.859722,0.71051127
2022-08-24 09:00:00,33.13157663595314,38.792145,24.68863,14.992247937877773,18.90485,11.117467,1.9744281630426113,3.579993,1.068526
2022-08-25 09:00:00,30.99588517235736,36.30728,24.82193,24.076962019324498,30.772036,14.425341,2.086218433484638,4.0663443,1.1942194
2022-08-26 09:00:00,31.55743609806666,36.65616,24.693268,20.20400301565472,30.817425,14.536926,2.11457786742248,4.0277724,1.1458608
2022-08-27 09:00:00,31.69423272115114,37.432037,24.435944,25.099534549625666,29.575336,18.204243,2.08330479064008,3.7279916,1.2375262
2022-08-28 09:00:00,29.501613063412606,34.78067,23.477936,40.89316725957862,49.33738,31.417557,2.5979351191791014,5.132063,1.4897704
2022-08-29 09:00:00,28.821949774315613,33.732574,23.3107,28.832713967345818,46.3687,13.009322,1.7369164315310845,2.6936846,1.2066802
2022-08-30 09:00:00,31.527097562121185,35.720123,24.698395,22.57875158241072,26.755367,17.985836,1.461965249310047,3.3703132,0.6275535
2022-08-31 09:00:00,34.661882251780185,37.57364,26.970123,17.7284927196196,20.360119,16.009155,1.3415203517638892,3.299054,0.68627936
2022-09-01 09:00:00,37.14635411553684,39.023834,30.193756,14.343431621427312,16.56329,12.879696,1.6195274281710772,2.7619164,0.70826757
2022-09-02 09:00:00,35.97593636065511,40.321686,28.636139,15.756848992902382,20.982227,12.1762905,1.2105605211328223,2.002149,0.66026145
2022-09-03 09:00:00,36.27506912427748,40.625885,29.136383,19.730575802595492,28.036638,12.188982,1.1698081474715043,2.0273204,0.5874325
2022-09-04 09:00:00,36.412577457192356,39.293854,32.527252,31.56750940101827,41.505234,21.235703,0.4490059034491606,1.5118247,0.046758145
2022-09-05 09:00:00,34.62671127449693,36.72281,29.558746,22.951259224609423,26.89604,20.17729,0.6985697226332542,2.067135,0.059944954
2022-09-06 09:00:00,36.57112437722071,40.45816,30.403473,19.243446637878325,24.472267,11.79861,1.02430309669506,1.9911907,0.5308143
2022-09-07 09:00:00,36.5046689323886,41.022614,29.792145,19.252387345419002,25.728924,9.032638,1.4152860824036775,2.1538951,0.8567656
2022-09-08 09:00:00,34.962597782881346,38.48355,30.581207,26.22469277400347,32.014202,15.022015,1.301177712504171,2.2260668,0.80553186
2022-09-09 09:00:00,34.177659454224624,36.56192,31.46817,21.401465032850677,25.94622,18.907158,1.1400166071967692,2.6887212,0.16837296
2022-09-10 09:00:00,29.665975350454914,32.408844,26.32486,53.48337995402416,71.65682,43.375576,1.7429731663505448,4.431858,0.52059764
2022-09-11 09:00:00,26.10606180556357,27.579254,24.555817,69.51010219361112,78.37652,60.900963,0.8608389992002987,1.332641,0.48719162
2022-09-12 09:00:00,28.28056182936217,32.51773,24.64273,64.28606384601989,81.238,42.178905,1.1129465946019421,1.9695024,0.7070415
2022-09-13 09:00:00,25.190813565554663,28.127838,22.526031,70.9738208198814,80.16492,58.290794,2.0835029684135153,4.173205,1.1147188
2022-09-14 09:00:00,25.37054633297771,27.884918,23.11734,48.050555492602214,64.83015,17.935616,2.1856663384543675,4.3676543,1.179852
2022-09-15 09:00:00,24.541471456873694,27.872955,22.304596,35.4188035395712,57.849632,12.513795,1.9803913562345627,3.8308692,1.0845193
2022-09-16 09:00:00,24.714298202270186,28.33609,22.699371,31.273354488112023,45.119656,9.912068,1.6412240310180972,3.3349102,0.7266917
2022-09-17 09:00:00,25.67057316048988,29.268463,23.789948,38.351322531136475,54.063805,25.834589,2.0767966097587864,4.2079425,1.0785216
2022-09-18 09:00:00,23.61061855818781,27.104645,22.010895,51.04451917628781,67.54734,27.960777,2.8563104663124737,4.898198,1.954081
2022-09-19 09:00:00,22.337849998770707,25.735504,19.641754,39.517056235905365,51.462467,28.134342,2.1773937573557602,3.7632334,1.4113187
2022-09-20 09:00:00,24.171268417656393,27.902252,20.949127,37.94127070529338,45.63088,27.552753,2.097571678999359,3.5936818,1.2037613
2022-09-21 09:00:00,24.593447199484388,27.402496,21.056793,40.67667780226697,52.91507,30.01663,2.0653474955304163,3.9148645,0.9898964
2022-09-22 09:00:00,25.246499465811894,27.116608,22.18692,19.815299046723382,40.802174,7.5248947,1.1844000794048104,2.8612165,0.36341164
2022-09-23 09:00:00,27.92151537519686,29.3378,25.015045,11.129848695658632,17.510899,2.4354038,1.0192696815189666,1.9177907,0.08245711
2022-09-24 09:00:00,29.520367067648976,31.53067,26.977936,36.120461592239906,57.28349,19.806927,0.7765134282674635,2.422662,0.021796156
2022-09-25 09:00:00,29.80818095193888,32.240875,27.12564,35.98863509390866,42.680466,29.628197,1.130680442549997,3.3991988,0.5838689
2022-09-26 09:00:00,31.692061124053964,33.998444,26.525787,26.294306767308708,29.763836,21.60368,0.8510675508638206,3.587636,0.33253023
2022-09-27 09:00:00,32.13543511320722,34.273346,26.697174,14.339644274173429,21.27607,7.666069,0.7934679198711075,2.6422794,0.002754943
2022-09-28 09:00:00,32.186651948139854,33.96695,27.832184,17.967144626138055,23.81538,13.695821,0.9739336049877918,2.219654,0.36090684
2022-09-29 09:00:00,31.173949930034723,34.113434,25.863434,19.244964146646502,21.908993,16.840834,1.7861561488601447,3.1254995,0.9624958
2022-09-30 09:00:00,28.470810316121742,32.187897,24.742584,17.5769353632393,24.282501,12.302033,1.9104018693798999,3.5248065,1.1183854
2022-10-01 09:00:00,26.21753687746127,31.087555,21.888336,21.28221154910543,30.21101,12.585945,1.7618370069860587,2.9660125,1.0232378
2022-10-02 09:00:00,25.671928059380036,30.51529,21.444977,26.246617731658393,35.561195,14.686195,1.6793823410644226,2.9835043,0.95050853
2022-10-03 09:00:00,26.839095608818923,30.66446,22.838287,32.91030655418586,53.513947,16.611341,1.5135981473498268,2.7440255,0.75694525
2022-10-04 09:00:00,27.803957835079586,30.938873,22.975983,16.762259305831027,24.264048,10.5816,1.0019053755738463,2.0299532,0.3563576
2022-10-05 09:00:00,28.405763552793132,31.278717,23.563873,18.16883755439799,23.231934,12.716096,1.0617864318727055,2.2370596,0.5046393
2022-10-06 09:00:00,28.274823374148355,31.642975,22.844147,17.790119045022198,21.760815,13.903479,0.9568363259567474,2.1129034,0.43113583
2022-10-07 09:00:00,27.605376432228695,31.19522,22.301422,16.766966876817403,20.214571,11.698946,0.748300742571946,1.6229844,0.08562284
2022-10-08 09:00:00,27.402927047953085,30.013336,23.198883,24.358956683468865,38.098526,18.966534,0.8894606478272479,1.6893406,0.027011933
2022-10-09 09:00:00,27.13294516568658,30.088531,24.061188,23.167291911814207,29.436127,15.04711,0.9721904756837846,2.0453644,0.5784785
2022-10-10 09:00:00,27.21320378014991,30.89981,22.757233,22.653735298730098,32.966026,17.404999,1.0789137449970287,2.068201,0.701672
2022-10-11 09:00:00,24.860304182922846,28.27481,21.97403,34.309190439470285,39.94494,28.236332,1.46699830861945,2.1479778,0.8402794
2022-10-12 09:00:00,24.16663978925874,27.790436,21.296295,36.04962394388838,48.21929,24.258354,1.4233881594112059,2.58647,0.59344274
2022-10-13 09:00:00,23.282399369114785,26.51358,21.49405,31.453419119109622,38.426785,24.030851,1.03260436002604,2.3948283,0.18733484
2022-10-14 09:00:00,24.32196553156109,28.647614,20.530426,27.56362056919028,35.852707,16.28497,0.669401917730031,1.7231225,0.049803745
2022-10-15 09:00:00,23.756964435887426,29.079498,20.100983,37.27988249422383,56.746304,18.297085,1.4963353652296987,2.3151588,1.0048189
2022-10-16 09:00:00,20.656410834990993,24.60733,18.617096,62.757759395986945,82.08764,48.657955,1.3583711777624974,1.7354549,0.9153938
2022-10-17 09:00:00,23.183153147836947,25.330963,21.086823,30.92567206249156,39.832016,24.062485,0.6602909677062005,1.3619086,0.087350585
2022-10-18 09:00:00,26.17952683163412,28.08316,23.604645,31.51953132558578,35.72806,28.551964,1.2289349962462934,2.1375232,0.3656092
2022-10-19 09:00:00,28.675188330747574,32.367096,25.944489,26.235565455975266,31.73881,21.34996,2.1114250239323265,3.5175347,0.35754454
2022-10-20 09:00:00,29.115759697992758,32.443756,26.066803,25.506705020709084,32.62532,19.684082,1.4284744199789885,2.4605644,0.41942257
2022-10-21 09:00:00,27.096223240188692,28.829987,25.568268,22.610284743034146,31.81326,15.813259,0.5425149008640958,1.9237134,0.13672443
2022-10-22 09:00:00,24.14842163603123,27.81778,21.610748,30.13278840057695,43.255688,23.181469,2.86862593290587,5.6789017,1.660345
2022-10-23 09:00:00,17.283238234143255,20.31314,14.242584,45.88633087377697,65.380455,28.50936,1.7981512546127671,3.9578788,0.7576283
2022-10-24 09:00:00,18.206908999764607,22.213043,14.12442,21.91639005209757,25.235317,18.060244,2.0576997661529632,4.2459807,0.15484422
2022-10-25 09:00:00,20.05603252068738,24.121246,17.41861,15.19611971334804,19.29464,11.532921,0.8442035072827004,1.4903426,0.18220435
2022-10-26 09:00:00,21.931592709388667,24.761627,20.165924,22.347056352529567,26.44624,18.66499,1.7433263634437175,3.5098574,0.4496049
2022-10-27 09:00:00,19.706556124594158,21.372955,16.847565,19.80040142240998,30.812813,9.860622,0.9991586400457593,1.8094954,0.0545511
2022-10-28 09:00:00,20.402210057902266,23.509674,16.97647,18.219126422585596,27.042187,13.844193,1.808654382103254,3.107473,0.29786697
2022-10-29 09:00:00,20.377794389054372,22.8544,18.057526,16.166648817138533,23.741215,14.398414,1.164493894259731,2.0250273,0.52100486
2022-10-30 09:00:00,21.640991622572585,25.37564,17.920807,15.069201542865422,20.33082,13.356037,1.3831796783275672,2.3407996,0.09449795
2022-10-31 09:00:00,23.336221783347924,27.277252,19.89444,14.380596736007817,15.975867,12.593055,1.1992589962620903,2.1097205,0.43004188
2022-11-01 09:00:00,21.256763023793837,23.664703,18.955719,17.04478280977836,21.736956,14.553362,1.696442486057424,2.666919,0.97563154
2022-11-02 09:00:00,17.04874785362756,20.198639,15.198639,48.13100402540538,74.75912,18.630209,2.6191907620845587,5.5888143,1.0922929
2022-11-03 09:00:00,13.859933492415848,18.743073,8.875885,48.833001807524035,61.757812,34.528492,3.3253252716097825,7.211159,1.2993208
2022-11-04 09:00:00,13.542039514803548,17.820953,10.410797,22.11461238358732,32.833614,16.696896,1.6836406996772038,2.5152202,0.9717282
2022-11-05 09:00:00,17.431937022864872,19.317291,14.721588,24.726202736622817,34.609535,20.515785,1.4721847875592944,3.2263207,0.33695537
2022-11-06 09:00:00,18.439806517953002,19.96988,15.723785,23.751979634888073,29.579033,17.97747,2.462547723941183,5.7633867,0.47818506
2022-11-07 09:00:00,18.466339096791557,21.90738,16.835114,67.40775169274002,77.483116,51.768272,2.704410177451813,5.3769913,1.6400968
2022-11-08 09:00:00,13.742392623042804,17.887878,10.658722,72.56059198526113,92.61833,56.97106,3.4713801388950114,5.171819,2.281103
2022-11-09 09:00:00,10.510463127685568,15.374634,6.84079,69.72607584607375,84.93845,57.91111,3.3278292139354164,6.2018533,1.6943946
2022-11-10 09:00:00,12.134429599527834,16.09616,8.263641,26.369971602590066,42.918137,12.431868,1.4379739867693921,2.2923195,0.3424768
2022-11-11 09:00:00,14.179638308990434,18.876312,10.636078,18.934308849680523,28.013693,7.6173697,2.249592094603333,3.5219457,0.9283185
2022-11-12 09:00:00,14.946936605692656,19.85147,11.474518,17.660868949562413,23.945877,13.81697,1.1171778397536305,1.9051014,0.26992458
2022-11-13 09:00:00,15.10208268828751,17.90747,12.688721,30.085746783405657,39.5499,15.327243,1.3280674126828338,3.1250904,0.20327595
2022-11-14 09:00:00,13.920763433183879,18.61905,10.23233,25.18301380504524,32.412693,17.677841,1.3045056331252998,2.1319013,0.13640182
2022-11-15 09:00:00,15.273777958249013,19.28653,12.425201,23.813143717500886,28.72115,16.275093,2.0048405650972527,3.3179405,0.707871
2022-11-16 09:00:00,15.137357180357583,20.192719,11.432953,10.368085530099265,17.843262,3.5980968,3.855727827205116,6.354306,1.4164084
2022-11-17 09:00:00,16.67411997039119,21.902985,12.5885315,9.9138267683864,12.633173,6.368021,2.57131663428768,3.5201755,1.6619188
2022-11-18 09:00:00,16.73915099388455,21.286041,13.202057,10.679505021908989,15.154859,8.225171,1.1668929178346918,2.0447686,0.24791937
2022-11-19 09:00:00,16.096615685488132,19.446564,12.778595,15.268718656617958,19.922016,12.107851,3.4250459594489295,5.581113,1.1141009
2022-11-20 09:00:00,15.614680446102739,22.40561,10.936859,11.66955157290816,14.919219,7.6907034,2.7203537961422257,3.447264,1.8769667
2022-11-21 09:00:00,17.463931007766917,24.063416,12.829041,9.75010123018242,14.041842,7.053561,1.8169215591541599,2.4937394,0.91942936
2022-11-22 09:00:00,16.39018257304923,22.10733,12.306549,9.021079129321631,10.692519,6.5661907,1.5774880175938233,2.2869537,0.512487
2022-11-23 09:00:00,17.074201978171402,21.420074,13.533356,6.8263440854956245,13.081484,4.066518,1.3067094109630304,2.0854561,0.23241559
2022-11-24 09:00:00,18.648149919384934,21.939606,15.883942,9.109389394667868,14.114363,5.391383,2.3881311863279326,3.5581734,0.12661071
2022-11-25 09:00:00,18.324531078187704,24.427155,14.073639,9.658475524866807,11.735517,6.286298,2.7906214962313136,3.912387,1.7188671
2022-11-26 09:00:00,18.49679682199792,22.749176,15.055817,10.281576920303747,12.693841,8.41527,0.8143767215373945,2.0169277,0.16795886
2022-11-27 09:00:00,17.892909735215028,20.087555,15.343414,15.980248874235818,20.449677,9.894989,0.839673934852517,1.421154,0.3375208
2022-11-28 09:00:00,17.170947736880464,19.624908,14.85733,24.484052526895837,28.489246,21.687645,1.8994208709315576,3.9893303,0.77565247
2022-11-29 09:00:00,13.424533860545068,16.437286,10.535004,45.393627484423085,75.78142,29.351734,1.5778491105020627,4.711339,0.39712334
2022-11-30 09:00:00,14.026225252684867,17.519287,11.3396,44.1135279201047,58.046696,31.83802,1.2152817799616336,2.3769348,0.100924276
2022-12-01 09:00:00,12.958752240259912,15.25061,11.029907,57.85840520396594,78.84419,29.419567,2.2026884460529286,3.6977406,1.3408676
2022-12-02 09:00:00,10.358784337962106,15.446411,7.290161,88.99465177370966,99.653534,73.33322,2.4833024973091473,5.408151,0.79255915
2022-12-03 09:00:00,13.442986241856204,16.74356,10.179108,74.235018114751,82.98729,65.1201,0.8637899788898968,1.1178662,0.34533727
2022-12-04 09:00:00,16.44815960704625,19.331696,13.038727,59.63363040770932,80.04516,43.74079,1.1792565348059219,1.8965932,0.38764924
2022-12-05 09:00:00,13.648999546228254,17.079742,10.22818,68.70594624497463,85.6767,49.447453,2.039344041146778,4.4822073,0.81865656
2022-12-06 09:00:00,12.05379778832912,16.626007,8.424835,63.840020380493606,84.35137,47.193977,1.2672121456384615,2.7989962,0.37877998
2022-12-07 09:00:00,11.601421782735315,15.923065,8.294159,61.489458908713765,80.15996,42.69624,1.0320747740821028,2.0938845,0.25835416
2022-12-08 09:00:00,11.458785418844684,15.687836,8.402679,46.975031514007576,55.992104,27.013973,0.4663846660968702,1.4475693,0.116455555
2022-12-09 09:00:00,12.152852073897009,15.967987,9.018768,26.132979858648092,33.562634,14.72279,0.8610711031589887,1.8383085,0.2324428
2022-12-10 09:00:00,13.59499788392202,15.904175,10.35144,45.26629424855417,56.65137,36.94434,1.2324823810569994,3.0532413,0.2965935
2022-12-11 09:00:00,11.863307522454818,16.156555,8.594055,84.97119864055682,95.539185,64.763115,4.353172108875144,7.282523,2.6696272
2022-12-12 09:00:00,8.38062431824045,14.006195,4.0003357,68.08180421427815,84.801865,48.57921,1.6361456805520496,3.4011555,0.46345168
2022-12-13 09:00:00,7.942218165861107,13.02005,4.0708313,51.08157948394613,59.700027,39.020287,1.3838206193568838,2.194825,0.715049
2022-12-14 09:00:00,9.910438949641502,14.071564,6.3196106,36.77073839596737,45.9013,28.456232,0.9403016765569195,1.4631155,0.39328212
2022-12-15 09:00:00,11.266237080174164,15.09317,7.8177795,20.0985651729423,34.297714,14.702828,1.266545381918571,2.0131629,0.2203579
2022-12-16 09:00:00,11.204430204375967,15.281464,7.912323,21.458348414092537,30.76511,9.952274,2.0963436929321615,2.8914766,0.9307309
2022-12-17 09:00:00,12.289806000949795,19.00293,8.092773,17.514798548070193,23.698662,11.233818,2.3472217768787833,2.930647,1.4418412
2022-12-18 09:00:00,10.212833775352578,16.31668,6.295685,14.448179307983075,21.776768,9.837252,1.4046753392174247,2.1181467,0.3478178
2022-12-19 09:00:00,11.458325952469409,15.40979,8.564087,19.979438683420632,29.104275,10.703272,0.689448057485011,1.0369993,0.36528656
2022-12-20 09:00:00,11.89375498498066,16.692413,8.553741,12.854789853264444,16.698236,7.459955,1.2264648551547168,1.7819632,0.59327036
2022-12-21 09:00:00,14.117135256285167,17.570404,10.465881,24.005031668263296,28.13985,19.798412,1.487885802291022,2.1696196,0.646631
2022-12-22 09:00:00,16.297473320809786,20.35083,11.337158,27.781441961500764,32.702663,24.27909,1.2582388294459808,2.2852795,0.16740376
2022-12-23 09:00:00,15.157053753282582,18.712677,12.378693,27.73013523324912,34.890083,22.390083,0.9983039563353253,1.7950877,0.25036946
2022-12-24 09:00:00,15.458318100365886,18.401642,12.698517,21.34585269231386,26.166374,15.795281,1.7142733261011893,2.5850759,0.36599365
2022-12-25 09:00:00,18.615306477604918,23.366882,15.691101,17.386027099038326,20.722467,14.316217,1.9312189465320544,2.838888,0.8871089
2022-12-26 09:00:00,20.45261251300758,25.457397,16.797241,18.134998620485334,20.333134,16.735477,1.572640642129674,2.2687287,0.7501296
2022-12-27 09:00:00,19.135783744577964,23.28897,15.619049,19.79966033955214,23.647644,17.407722,1.4154997295201108,3.2611322,0.41399798
2022-12-28 09:00:00,11.999603940958991,15.9097595,8.814056,47.48104828182181,69.40949,31.30402,1.8287412709804953,5.520048,0.21561411
2022-12-29 09:00:00,13.479591200769619,16.272125,10.305328,49.57577969311494,70.196976,32.298542,1.649279763772487,3.576571,0.8258802
2022-12-30 09:00:00,11.435670111577451,15.381012,9.039215,92.73307408720437,96.92754,85.64258,2.115202935436704,5.099907,0.6864926
2022-12-31 09:00:00,12.31073163380995,15.632965,9.68277,86.90442257037412,94.76158,69.17091,2.910259968719288,6.9334087,1.3490478
2023-01-01 09:00:00,11.883102675818805,15.6510315,8.893219,83.33618116230706,93.59993,64.8924,3.0551365738321947,5.800585,1.2596207
2023-01-02 09:00:00,9.85282299182876,14.973785,5.376129,40.15802517832513,57.085316,24.323597,1.8695416865547436,4.0103946,0.7195069
2023-01-03 09:00:00,9.178012426084479,13.900604,6.3068542,60.305596909346285,67.24458,52.04927,2.4516106348789433,4.937138,0.99947155
2023-01-04 09:00:00,11.823095787862371,16.078278,8.72995,65.8508285333823,91.90723,34.29394,1.8243697066984794,4.028941,0.57012665
2023-01-05 09:00:00,12.187687215723429,16.518585,9.273621,89.66130822240045,97.54316,72.70722,3.316937400737336,5.663356,1.8083763
2023-01-06 09:00:00,11.396419763850758,16.029175,8.212769,28.329026141394735,33.493202,20.429066,1.1214266287579386,3.0053275,0.13630125
2023-01-07 09:00:00,12.99739753689289,16.777344,9.662109,26.956255682479554,39.44463,17.514942,1.6114298886105627,2.3290682,0.9522368
2023-01-08 09:00:00,13.171757611650378,17.44104,9.665649,18.563333851774438,34.26612,11.286165,0.5772841883552106,1.2226537,0.078482024
2023-01-09 09:00:00,13.492631957288836,16.760162,10.101959,77.86295431280692,95.93084,52.278496,2.245213234707098,3.6253324,0.98048687
2023-01-10 09:00:00,11.62748740581236,15.648346,8.352264,92.64527178589809,100.9212,78.605576,4.0588512548473865,6.330888,2.510495
2023-01-11 09:00:00,10.22399758551586,15.340363,6.5298157,60.89864048934626,65.88327,52.105003,1.4186977288806883,3.5459874,0.36677322
2023-01-12 09:00:00,11.896125217392125,15.340149,8.787415,39.26569591425283,47.93425,28.328781,1.8202012712302993,2.4249732,0.9821824
2023-01-13 09:00:00,14.054405337814273,20.172577,10.102264,29.20389641174974,34.928,22.635033,1.6745481906035673,2.3169818,0.25748482
2023-01-14 09:00:00,13.94553337891,17.241547,11.55014,33.12080768280507,42.70845,23.44444,1.2332880330850338,2.467855,0.30520248
2023-01-15 09:00:00,9.748516057934069,15.172546,6.5006714,74.45466871202676,92.962616,40.20871,2.3628945214272616,5.261334,1.000678
2023-01-16 09:00:00,10.193501490922188,14.172516,6.5536194,77.1825449329439,96.47343,46.794926,2.864728023595791,5.520135,1.4104174
2023-01-17 09:00:00,9.762449889211666,14.177032,5.938751,62.17045549553342,78.21479,48.74243,2.413565837636106,5.810203,0.6303632
2023-01-18 09:00:00,9.165045022886943,14.59903,4.636139,34.65161160398342,43.406147,23.58974,1.1999504165444628,2.0910556,0.32172638
2023-01-19 09:00:00,10.90346503325901,14.628326,7.6791077,37.69472949999013,44.98212,25.29499,0.8853872811778704,2.4683576,0.14546426
2023-01-20 09:00:00,8.819813347821878,13.901764,4.9558716,31.585891298232145,39.341064,22.145752,1.232512754234757,1.8638495,0.3281413
2023-01-21 09:00:00,10.613590146060858,15.27124,6.6638184,18.700246670693936,28.716175,10.431019,1.8976203844557245,2.7387652,0.74943495
2023-01-22 09:00:00,11.847249299599753,16.649323,8.0868225,15.191068049230454,23.436543,10.510761,1.0290291096300084,2.3168912,0.33809876
2023-01-23 09:00:00,10.91026302032617,15.5416565,7.1490784,24.459867867357943,33.984688,15.379217,2.9499834823013478,5.3122683,0.77044857
2023-01-24 09:00:00,12.488185341633766,17.882233,8.029022,18.202012974488273,24.491766,13.956609,1.8094727364121594,2.6873198,0.50818837
2023-01-25 09:00:00,14.844205134703884,18.600494,11.496979,15.296220547467346,19.875427,9.439016,1.5416303156893392,2.220941,0.7157675
2023-01-26 09:00:00,14.977559292259969,20.2594,11.333618,24.482861539447054,28.409,20.555067,3.029098056590411,5.7247553,1.110463
2023-01-27 09:00:00,14.72833896538333,20.283356,10.759918,15.196482446460875,22.735424,10.782299,1.7579870922151586,2.5217757,0.8230134
2023-01-28 09:00:00,16.795210163492413,19.226562,14.292969,20.971649758806212,33.425854,10.730542,0.9814331767637815,1.6667265,0.16831006
2023-01-29 09:00:00,14.015923657509461,15.782501,12.13797,42.352990951442344,61.458553,24.501522,2.341724552296124,4.2091312,1.3760976
2023-01-30 09:00:00,8.78531885316903,13.144012,5.6264343,80.3269156790465,86.85117,70.1995,1.0953426969797608,1.3994092,0.5958168
2023-01-31 09:00:00,9.394224764535409,13.5781555,5.800812,17.056502409153158,41.16961,7.8051586,3.3755799132573805,5.5748644,1.5903711
2023-02-01 09:00:00,12.074230297095028,17.259003,7.792206,11.148747991340722,15.803945,7.5993385,2.4292481055623343,3.2893183,1.4270478
2023-02-02 09:00:00,14.37313115988485,18.430756,10.815521,14.920375785981287,18.14364,11.468999,1.4994083365262167,2.565928,0.2263609
2023-02-03 09:00:00,15.69132008850454,18.984985,12.065063,16.28329395555211,18.465405,14.000562,1.3697123515016953,2.3041291,0.61255294
2023-02-04 09:00:00,16.19003163023018,19.153137,13.602356,19.588360911737777,28.513266,11.886975,0.6884196822228953,1.0653964,0.10730739
2023-02-05 09:00:00,18.074980921199256,20.02066,16.473785,34.246587105249354,46.881157,20.110584,1.8646485442713818,3.9007068,0.67962974
2023-02-06 09:00:00,13.601702864058893,17.375397,9.357819,30.44707605522634,54.999523,18.637848,2.528842431535033,4.8513722,1.0523827
2023-02-07 09:00:00,14.866607510339975,20.029388,9.907379,21.89511401570434,29.354267,16.362322,2.63752506004843,4.1516147,1.1249671
2023-02-08 09:00:00,15.58343685609674,20.267242,12.04068,25.09090018571007,29.284973,21.398254,1.5895524558957033,2.5708396,0.19053496
2023-02-09 09:00:00,19.075661977582456,22.4581,15.9600525,15.7832714695122,18.970722,12.251973,1.4381048858035856,2.3603985,0.39610326
2023-02-10 09:00:00,19.652370728121582,25.33078,15.58078,11.124389593737801,17.247875,6.5642805,2.7479938135737347,4.2942133,0.8609248
2023-02-11 09:00:00,18.06513101657174,22.957428,14.021881,10.953862812559365,14.508968,7.6378746,1.0882588782688192,2.328604,0.2363413
2023-02-12 09:00:00,11.656809862546652,15.073517,8.782501,45.11690111732309,52.25787,23.994205,0.9180464128732886,1.9464207,0.32492644
2023-02-13 09:00:00,13.900644619152104,16.505035,11.010895,32.5543341536739,58.256977,13.75307,1.2584537855895952,2.0995533,0.2472636
2023-02-14 09:00:00,12.835958573764344,15.103668,10.199371,67.3228391880419,87.30416,32.549274,3.6393228955083528,8.052335,1.8817797
2023-02-15 09:00:00,8.590578552546333,14.962799,3.7044983,27.304635004338365,43.805862,15.704086,3.1489456277744354,4.8967133,1.642443
2023-02-16 09:00:00,11.485469529338957,17.089905,7.173889,12.232903345467369,17.989641,8.08246,2.16405121362146,3.459865,0.98924595
2023-02-17 09:00:00,11.708935892427405,16.989838,7.6597595,12.083757266824941,14.323519,9.463192,3.2366894407491387,5.7745614,1.1181122
2023-02-18 09:00:00,13.294119197912494,18.980377,8.935455,13.951843596101957,17.213642,9.676441,2.601301477864314,4.218711,0.53970224
2023-02-19 09:00:00,15.108823172118491,18.854156,11.811188,16.65689974185804,19.675798,13.408531,1.269666731533705,2.3202186,0.4003296
2023-02-20 09:00:00,16.926860843631005,18.27237,15.012604,22.10146481407764,34.78961,14.131393,1.1189855162022682,2.082574,0.13194184
2023-02-21 09:00:00,18.866530176557717,21.163788,16.036835,22.94692208806367,26.254217,19.341646,1.0388456307292457,1.8267636,0.3151541
2023-02-22 09:00:00,13.21517071794176,15.374725,10.351288,45.906063758499336,55.386566,13.65153,4.8190826687094,9.31257,2.4267538
2023-02-23 09:00:00,7.454068381682703,11.667877,3.5428772,57.62706843697559,70.228775,40.916275,3.0675836236712346,5.2753315,1.5130624
2023-02-24 09:00:00,6.6080029988056594,12.798218,2.6536865,87.56964788096909,95.70005,70.196144,3.4919936976938675,4.8231754,2.092605
2023-02-25 09:00:00,7.798991265605309,13.665344,3.7649536,93.54830749516249,99.809296,81.41152,3.583948976622957,6.4082007,1.8490826
2023-02-26 09:00:00,5.338890758828541,11.528961,1.4508362,63.5787657519498,89.65495,30.92716,1.4342712820167618,3.4923215,0.5043551
2023-02-27 09:00:00,7.200055720856199,12.226044,3.4381409,87.20389670654153,98.32856,61.98145,2.5985421533765054,6.104619,0.6764635
2023-02-28 09:00:00,7.6948669773293545,12.861481,3.724762,82.99848912847881,93.20495,76.22549,2.8590986335012243,6.315362,1.2587665
2023-03-01 09:00:00,9.119792943327354,13.37027,5.0694885,72.81521902639827,92.744446,41.498356,3.9473584540762383,7.6709485,1.5754751
2023-03-02 09:00:00,8.75065484287586,12.851959,4.226959,28.882406769830975,35.990967,21.963623,2.572559758278886,3.7125392,1.7959582
2023-03-03 09:00:00,11.970596886717829,15.106201,7.4987793,36.243945066741524,49.284405,14.319562,0.7543152693699281,1.8801085,0.139973
2023-03-04 09:00:00,13.121111043971098,15.597748,8.492279,47.37623518164738,59.501606,32.05419,1.2873841957655827,2.8389475,0.64135015
2023-03-05 09:00:00,10.247547452406991,13.928375,6.1666565,70.85525247974134,82.05888,48.30888,3.146088039902293,6.594498,1.5463426
2023-03-06 09:00:00,9.53544393301621,13.779449,5.4665833,71.76851915407002,83.94774,64.99532,2.6757076235018658,5.7710414,1.1166917
2023-03-07 09:00:00,10.8465736376167,14.177795,7.140686,49.68214225195808,60.757206,36.718143,1.4489361255624813,3.0455823,0.56279
2023-03-08 09:00:00,12.637982204307718,15.446686,8.915436,44.71690860620074,60.74079,22.835964,1.816480031101187,3.8835115,0.5903009
2023-03-09 09:00:00,12.746977774732272,15.244232,9.179779,12.83845047815411,20.570114,5.2241163,0.8974712711323144,1.8298718,0.08374927
2023-03-10 09:00:00,15.972900467662043,18.388092,12.462311,38.716212972539545,52.627186,33.037342,2.682046580072935,6.5988483,0.6479127
2023-03-11 09:00:00,13.878500748585168,15.872223,11.876129,92.03675831751377,96.2897,82.360016,2.726625777951065,6.39785,0.9894887
2023-03-12 09:00:00,15.180377824921834,17.157135,13.332916,55.72548284864271,67.79482,41.15029,2.116703239779282,4.822748,0.8679486
2023-03-13 09:00:00,16.797527730093236,18.82901,14.690338,51.6431585572832,64.02245,33.20906,2.1053924115680562,4.7450695,0.89552844
2023-03-14 09:00:00,16.791707615748578,19.319977,15.218414,55.6617508290038,68.32156,41.923126,2.037505574739225,3.7420094,1.1807193
2023-03-15 09:00:00,13.1898455412707,15.646393,10.341705,95.19211992293523,100.385,80.651306,2.705218105299993,4.524576,1.4064553
2023-03-16 09:00:00,13.518885980280913,16.007477,11.081696,57.577584468172475,82.95966,34.070602,1.29794734373224,2.1791465,0.43503448
2023-03-17 09:00:00,14.324187822432975,16.06607,12.624664,44.53053917093834,58.52385,8.238692,0.5019673528043965,0.8969733,0.103983544
2023-03-18 09:00:00,16.820108811017803,20.898102,13.717682,25.092015149878268,30.04018,18.223774,2.4498830796545423,4.1760736,0.66709596
2023-03-19 09:00:00,17.379505977972485,21.393707,13.965973,30.93456330751387,33.305252,28.832933,1.1178796324085183,2.843831,0.518963
2023-03-20 09:00:00,12.218157629951804,15.264069,9.557037,82.20921172956652,94.414215,65.73062,2.0767077528653255,4.9023795,0.6112926
2023-03-21 09:00:00,12.585780323979293,14.862213,10.379059,76.49379259587661,88.92729,41.38031,2.9466449119137343,3.5158708,2.3564847
2023-03-22 09:00:00,8.737896431868194,13.449127,4.8978577,86.84231915921099,92.65965,75.99023,3.504000001601855,5.6031218,2.4634364
2023-03-23 09:00:00,9.862153818709373,13.787506,5.8956604,81.15789783569058,93.08894,72.8116,1.8173638973403459,4.026404,0.74172056
2023-03-24 09:00:00,11.950708489296517,15.678619,7.55777,39.900954913854434,69.29833,17.808348,3.0063604980700425,6.709114,1.3063996
2023-03-25 09:00:00,12.45266001952831,17.12027,7.139801,32.09105169625123,54.06774,13.802116,2.0999230676159915,3.5563574,0.52135247
2023-03-26 09:00:00,12.744467082994788,17.347809,6.9532776,20.505970535242596,47.033974,3.3928967,2.7924384633366337,4.7080283,1.2062578
2023-03-27 09:00:00,12.708494478937439,18.162018,8.240143,22.241463961493487,32.637474,7.472808,2.2670812210861215,3.2485228,1.2074482
2023-03-28 09:00:00,15.588439153634567,21.207916,12.28653,17.27592778283485,25.270103,12.402008,1.0998197204552145,1.6909552,0.50975525
2023-03-29 09:00:00,16.14698691507226,18.853668,14.078278,25.829602869476382,35.67833,13.785613,2.7714606321203155,5.0999103,1.2091928
2023-03-30 09:00:00,10.471693085120478,14.281403,7.58609,69.60680520979189,88.001785,49.49397,2.75608179030044,5.283016,1.4627466
2023-03-31 09:00:00,11.705934589865763,14.779205,9.560455,28.050423582773334,37.85093,17.31778,1.097342396583092,2.1917636,0.42485362
2023-04-01 09:00:00,15.639774450022344,18.111969,13.271637,16.495744018673864,25.067661,6.216098,0.8692420660680947,2.3642733,0.036849227
2023-04-02 09:00:00,18.101675734943797,20.367584,16.084381,29.184713432296057,43.26219,11.324555,2.1675212857486463,5.216974,0.5816573
2023-04-03 09:00:00,16.834438706025196,20.178375,14.770172,54.08524755380523,78.002884,26.291945,3.0995446678588947,7.300447,0.80223286
2023-04-04 09:00:00,10.754139978329022,16.544586,6.3141174,34.808768287809066,39.755142,18.72005,4.221994940836409,7.064986,2.6121702
2023-04-05 09:00:00,12.61867428465888,16.716461,9.405914,29.443384544870135,38.8414,15.598032,1.322667639634168,2.0265532,0.53259844
2023-04-06 09:00:00,16.018761921838006,20.345123,12.848053,16.08975661764223,20.47575,13.827313,2.0530614208961464,3.6425014,0.4345947
2023-04-07 09:00:00,18.687792784867383,21.403717,16.126373,16.79316490833744,25.376945,10.7547655,0.8372610194511381,1.9718642,0.30278084
2023-04-08 09:00:00,18.217648809288733,21.745758,16.407867,39.03596013278316,45.638462,20.817146,1.8691602931795834,3.841518,0.7325962
2023-04-09 09:00:00,19.748874973749707,22.906403,16.76773,24.688451659352474,36.616375,2.909112,0.7212977046222948,2.416301,0.04370888
2023-04-10 09:00:00,24.087701076537144,27.139557,18.36026,18.166630543644427,21.604525,15.00866,1.1219037807404477,2.205524,0.11655276
2023-04-11 09:00:00,24.329567500688313,29.673004,17.86441,21.028808826967673,25.113266,16.957016,1.5915949700547587,3.2275116,0.46770072
2023-04-12 09:00:00,21.07799126739701,26.748932,16.649323,33.17619662246884,50.564766,19.22883,2.140004077215776,4.7647276,0.9253271
2023-04-13 09:00:00,15.982198311833486,20.980377,14.318268,63.19849668997407,86.21668,37.09402,2.994724056696553,5.928168,1.8761625
2023-04-14 09:00:00,13.823664990833208,17.333405,10.419342,59.332619824890465,92.016556,26.465778,2.5336450881963124,4.902604,1.6052582
2023-04-15 09:00:00,17.934103339564047,20.613434,15.997223,27.101478273120616,34.226196,18.870728,0.9856981160283488,1.7777472,0.4920405
2023-04-16 09:00:00,20.609677986350448,24.266266,17.420563,25.909649313970345,31.58405,20.36467,1.498602717147183,2.6145847,0.6234289
2023-04-17 09:00:00,19.965775674995598,24.809479,15.981354,22.39080859319435,36.04446,12.528834,2.1683471204020073,4.8296523,0.95681906
2023-04-18 09:00:00,17.807666066874845,22.409088,15.6336975,45.54342520859236,78.1052,20.239815,2.6466758238447965,6.2287664,1.1830041
2023-04-19 09:00:00,16.165714695413044,18.901031,13.632965,29.19028185548347,39.633663,20.852411,2.127248211327151,5.674021,0.44570374
2023-04-20 09:00:00,18.961539758120068,22.775055,15.903961,19.60464072252003,26.805197,14.007172,1.7043861311319946,3.2384624,0.13838027
2023-04-21 09:00:00,23.742868910254685,27.901764,21.009186,17.598639463822998,28.279955,14.343192,1.4778305858455998,2.351417,0.15632947
2023-04-22 09:00:00,26.755841089075773,29.360016,23.553375,20.24514945759535,28.083733,15.212639,1.33307255158886,2.4430544,0.42381766
2023-04-23 09:00:00,25.633452153982375,27.55606,22.333405,28.70655916441777,34.949333,23.61575,1.4330754034854227,2.208864,0.6657129
2023-04-24 09:00:00,22.34341334948772,26.661285,17.954254,24.951900827796536,32.360355,16.520512,2.3128147616543253,4.5752406,1.0035408
2023-04-25 09:00:00,22.71327083841112,26.796295,17.69278,19.835492786201502,46.11512,12.415901,1.8493828729462276,3.3474827,0.94094515
2023-04-26 09:00:00,23.73067782578204,27.697662,17.443512,12.040579675365471,14.421472,8.350995,1.1115033866299098,2.459431,0.12619138
2023-04-27 09:00:00,25.030912892223228,27.669586,19.874664,14.553906373355433,18.162115,11.041021,0.72797848452223,2.6924384,0.14779013
2023-04-28 09:00:00,25.183393572567468,29.8544,17.946198,15.872839382519778,18.866001,13.301775,0.8363089632059161,2.7333555,0.276828
2023-04-29 09:00:00,26.576730488551277,32.41617,17.865387,14.072960074542571,16.448185,10.26131,1.0585476207411026,2.6953416,0.5304335
2023-04-30 09:00:00,26.500986133653328,32.09488,18.00113,14.612993909033497,19.669159,11.317596,2.144680205957243,3.709966,1.119729
2023-05-01 09:00:00,21.830197916942268,27.789948,15.989166,26.133438753320767,37.110504,14.837068,3.1469298976209354,6.2942276,1.7397976
2023-05-02 09:00:00,15.390360353304288,18.915192,13.389801,69.93083094318268,88.89496,50.934864,3.505376704381664,6.014395,2.099044
2023-05-03 09:00:00,13.653359130041054,16.802643,10.652252,63.636918733600275,82.86689,43.26533,2.5920928341636276,4.203635,1.6569102
2023-05-04 09:00:00,13.371239064957706,16.62149,9.93985,69.75033166401468,83.56457,37.133644,2.82863422589673,4.545622,1.8033787
2023-05-05 09:00:00,13.414784285147562,16.197906,10.95108,71.2826333635229,86.57499,52.82889,2.503139213823366,5.1582446,1.1831943
2023-05-06 09:00:00,15.522274355977231,17.957184,13.126617,62.88634688036497,77.93294,44.69423,2.4422619799541025,5.239671,1.2887583
2023-05-07 09:00:00,16.972260181828744,19.819733,14.761139,61.29209329894814,74.940865,42.86238,2.3483227332586516,4.7631536,1.1925017
2023-05-08 09:00:00,19.109856764597964,23.0607,17.334137,45.86457942572967,62.973145,29.258465,2.3163390338871417,4.8753395,0.9933561
2023-05-09 09:00:00,20.229887869206323,23.969147,18.250397,45.373343148913435,71.80457,22.718634,2.3054354797292245,4.3572483,1.2771323
2023-05-10 09:00:00,17.230425381248267,20.644196,15.204987,59.700507218762716,77.98035,32.828766,2.945484329764794,6.2230515,1.4620366
2023-05-11 09:00:00,19.019016659689612,22.75064,17.141266,43.51920654299868,58.02405,25.394104,1.987938557915217,3.7242725,1.1368046
2023-05-12 09:00:00,22.193369305311535,26.312897,18.287506,21.224855240796714,27.730057,14.7632265,1.1598960895602215,2.2477624,0.59822714
2023-05-13 09:00:00,25.346848354005772,29.45816,18.946442,19.279096851204397,25.247292,15.190456,1.2156440273530635,2.4502747,0.1256454
2023-05-14 09:00:00,25.560783501558944,30.361969,18.758453,19.039546169966616,25.406235,12.282964,1.4117935678650866,2.4306564,0.72292477
2023-05-15 09:00:00,26.18892390878142,31.42276,18.426666,16.685962561528317,19.98943,14.47527,1.5721987567622262,2.4602993,0.99307424
2023-05-16 09:00:00,25.581026109808988,31.201569,18.223053,14.018641157643918,20.048729,9.494041,1.3527672463995557,2.2566257,0.7665186
2023-05-17 09:00:00,26.696769466532942,32.815826,19.331451,14.368478388442167,21.605316,10.612793,1.5554089134544324,3.0330322,0.86578715
2023-05-18 09:00:00,27.197621193881332,33.01187,19.007965,15.670549000452047,18.37476,13.442829,2.088531194270884,3.555023,0.997007
2023-05-19 09:00:00,25.67716035780461,32.301422,18.346344,23.35810954592275,31.098186,15.280301,2.0059312059046386,3.8623405,0.8904196
2023-05-20 09:00:00,24.348066997992532,30.654205,18.454742,28.800643443649925,38.23094,18.657742,1.9343698545183103,3.963365,1.0493903
2023-05-21 09:00:00,24.34036409366729,28.059235,19.440094,34.42386334890346,39.152863,31.910677,1.6811762105927093,2.7778327,0.8599322
2023-05-22 09:00:00,24.885686311912025,29.264313,19.557281,35.33944679921517,40.63913,29.956432,1.8685160115105637,3.6414702,0.8369337
2023-05-23 09:00:00,23.493261376925602,28.176178,18.228912,37.20985094600152,47.106052,24.334982,2.4977001896574444,4.8316827,1.4224662
2023-05-24 09:00:00,20.378117255782968,26.591705,17.171783,40.12393055334603,52.10224,28.110052,2.9863698287900773,6.059124,1.7844696
2023-05-25 09:00:00,20.028673163246708,25.010162,17.545319,37.23738011548244,51.349075,16.21626,2.741437069412372,5.484612,1.6923788
2023-05-26 09:00:00,18.924154511649988,23.63443,17.38443,48.863750697178226,71.03063,27.179068,2.7961410706772156,5.6705585,1.3463111
2023-05-27 09:00:00,19.80082283758412,23.729645,17.70816,54.69610670254516,70.22907,40.237785,2.264045740365553,4.052897,1.182105
2023-05-28 09:00:00,22.70436436110117,28.511627,18.617096,45.205233009345044,53.104256,34.26832,2.3607285115851626,4.475081,1.3748364
2023-05-29 09:00:00,20.14794185027273,26.305573,17.461823,58.72038802257602,68.74791,40.380478,2.942639992759792,5.733394,1.7402328
2023-05-30 09:00:00,19.686243322313373,24.325348,18.006989,49.37840117974588,60.745285,29.081223,2.827124922489318,5.135065,1.5449703
2023-05-31 09:00:00,18.53445134867377,22.873444,16.51065,73.37501274120686,91.09469,45.882225,2.9407603555412147,5.5365353,1.654737
2023-06-01 09:00:00,18.36843513300238,23.702545,16.051178,68.1833677928564,83.53801,55.352997,2.920550341701785,6.0253935,1.5771923
2023-06-02 09:00:00,20.18524529259264,25.05606,17.870026,47.088537925906664,66.051506,33.469475,2.312932899241947,4.602549,1.0896744
2023-06-03 09:00:00,23.86573648566963,29.350739,19.444489,21.13275648847017,26.700962,16.861118,1.482102174274527,2.5798564,0.8214004
2023-06-04 09:00:00,25.42918195002585,31.68692,19.579498,21.835407327653616,30.97979,7.158017,1.8045086160658288,2.8292863,1.0593518
2023-06-05 09:00:00,25.900077417118325,32.075104,19.588776,15.040373016018664,24.697952,5.04313,2.377225694760499,3.945298,1.5611256
2023-06-06 09:00:00,18.35634796300093,23.542145,16.58316,49.05890234719118,68.93471,27.231342,2.7700964211767904,5.455613,1.6310201
2023-06-07 09:00:00,18.01914051992071,21.729645,14.997223,66.69118682253512,84.36749,43.633465,2.585477735113717,4.8555346,1.570319
2023-06-08 09:00:00,19.58269631440271,21.916412,18.154205,60.44339325147796,67.925316,51.275314,1.6521782852841485,2.7895331,0.9068297
2023-06-09 09:00:00,22.258171571886407,27.07901,19.842682,55.37406800133742,67.1956,43.746384,2.357100048679431,4.181311,1.4110096
2023-06-10 09:00:00,21.812521538515398,26.970856,19.306793,55.343116408714565,70.45524,39.90449,2.131257375320027,3.993834,1.0183095
2023-06-11 09:00:00,20.263971022949193,25.53482,18.34732,62.7417143634353,78.833374,45.530033,2.663180846594051,4.6626554,1.3795689
2023-06-12 09:00:00,18.263015256360916,22.036041,16.098785,79.50015276731769,91.42633,65.44449,2.8949496147191836,5.519448,1.5906268
2023-06-13 09:00:00,20.675322099899233,24.156158,19.062408,61.246064285365655,73.65955,47.651745,2.178708089717847,4.113442,1.1981574
2023-06-14 09:00:00,22.554094737624837,28.156647,19.609772,53.31942784813818,62.342323,39.274353,2.302067302933162,4.3909774,1.3515837
2023-06-15 09:00:00,22.103246059852722,27.830719,18.957672,56.11029411545064,68.67854,45.40325,2.712388797327285,5.9130163,1.4926406
2023-06-16 09:00:00,22.549154345873433,28.264069,19.750397,63.356146368667076,71.90425,54.47347,1.7614682764289173,2.9998934,0.8909441
2023-06-17 09:00:00,25.930921305593984,30.332916,21.112213,39.496477802856695,42.889782,36.46262,1.6349987794474736,3.02774,0.79416025
2023-06-18 09:00:00,27.626335646109567,32.83023,21.252106,32.25979587889363,39.07143,20.869143,2.778124814948356,5.681111,1.5032886
2023-06-19 09:00:00,23.6646348991884,29.19107,18.976227,44.45729997368915,56.854527,29.168222,3.1951870410951395,6.9388156,1.6338128
2023-06-20 09:00:00,22.147580813974457,26.095856,20.332184,20.89762863387495,36.38698,10.316666,2.3289400330591263,5.023691,1.2045488
2023-06-21 09:00:00,24.21059888343791,28.26773,21.29898,19.976037897789947,37.965885,6.4922915,2.0711342462189766,4.142408,0.8545904
2023-06-22 09:00:00,24.553217398246204,29.107574,21.597809,23.481366050392925,39.629044,12.382215,2.534023920713367,4.804929,1.3971652
2023-06-23 09:00:00,20.822021245868257,24.935211,19.22818,28.62235721545581,42.389065,13.432838,2.8831497204955774,5.692668,1.6654111
2023-06-24 09:00:00,23.871188988905715,27.370026,20.633698,21.2803079664092,31.121206,15.035269,1.7270877478103912,3.0954714,0.98982996
2023-06-25 09:00:00,24.990435920071775,30.610748,20.341217,13.917543460904712,29.073475,7.085193,2.4225485304223064,4.408929,1.2860245
2023-06-26 09:00:00,24.71868702923723,29.622467,20.597076,18.73493274880924,33.968025,4.278537,2.3363181797175083,4.750835,1.1307026
2023-06-27 09:00:00,24.976077411548033,29.207916,20.89151,31.639922008631217,47.187687,22.291023,2.1143808691439365,3.884635,1.1489842
2023-06-28 09:00:00,25.687203525370535,31.305817,20.89566,29.097039233569262,41.58605,19.944067,2.3483553971834943,4.378903,1.2744982
2023-06-29 09:00:00,25.832754218457296,30.292389,19.725983,29.404879033104738,33.69505,24.63255,1.5074199892581364,2.3212922,0.768971
2023-06-30 09:00:00,29.75663487531392,34.72574,21.323395,16.890631121993973,19.230522,13.7353525,1.0329729820860418,2.5585942,0.30542025
2023-07-01 09:00:00,32.23017948652665,37.557526,22.057526,14.097552725721412,16.957031,10.796273,0.8850560167445224,2.7004638,0.3191992
2023-07-02 09:00:00,32.72342456520698,38.747223,21.483551,13.598750765096632,17.701538,10.28357,1.7380917101385163,2.611461,1.0509294
2023-07-03 09:00:00,32.05210222902184,38.82144,21.12027,11.790858603083647,17.255756,5.9409437,2.339076343144451,4.641716,1.027142
2023-07-04 09:00:00,30.836252295925306,37.341705,20.70694,10.092324322634047,17.562393,3.8583126,2.675698680100163,5.6378655,1.227088
2023-07-05 09:00:00,28.385094749091422,33.85367,20.922028,15.994144758023182,24.312897,8.263895,2.3764304910934824,5.200209,1.0781425
2023-07-06 09:00:00,28.44241236575789,34.567535,21.012848,20.696446130926187,29.723234,10.869897,2.4726213336309146,4.8467026,1.2225366
2023-07-07 09:00:00,26.422454346250163,32.839996,20.199371,23.3967535185268,33.12961,14.305388,2.537346027831729,5.22573,1.1809709
2023-07-08 09:00:00,27.145799200055876,33.64444,20.640533,23.228293580636514,34.558594,11.048372,2.0357072379232295,3.8936136,0.91846716
2023-07-09 09:00:00,26.9622623577568,33.666412,20.848053,26.016284935624327,37.80349,21.335072,2.1482069740004572,3.9452398,1.2298553
2023-07-10 09:00:00,27.058879854331792,32.224518,22.220612,18.170424124728633,28.056973,7.861661,1.6561008443011016,3.2286663,0.7857049
2023-07-11 09:00:00,30.187581567648238,35.61685,23.232086,5.805322960782435,10.933143,0.6119709,1.808067203278358,3.3621604,0.89642733
2023-07-12 09:00:00,30.85707130930598,35.563873,24.515045,17.94779012221188,32.45336,10.562738,2.584930781901483,5.3070455,1.3496673
2023-07-13 09:00:00,31.167088795645896,35.116608,25.528717,28.33110860616837,59.28273,15.560076,2.371954865427013,4.987588,1.1556132
2023-07-14 09:00:00,32.31983729189926,37.359528,24.902496,9.096619677203755,12.791721,5.9362526,1.7048191672715212,3.041728,0.7674277
2023-07-15 09:00:00,34.487271602534236,39.86685,25.663727,8.358320206434566,12.765125,5.7852287,0.9669598907412524,2.7098925,0.4725489
2023-07-16 09:00:00,35.44255747042911,41.92813,23.68985,12.604927925732564,17.127598,8.99088,1.6537790663575624,2.5423172,0.8399457
2023-07-17 09:00:00,33.93980219851244,41.089752,23.59732,21.470969705990363,24.18205,14.392334,2.220009399452689,4.789789,1.0746219
2023-07-18 09:00:00,33.143857369184786,38.231842,24.716217,28.242885844060687,29.882313,26.101063,2.4571000754153416,5.1924825,1.243588
2023-07-19 09:00:00,31.947057803520522,36.828033,25.287018,32.185410458855394,48.29772,24.031342,2.3414084774827626,4.828005,1.2027863
2023-07-20 09:00:00,33.18452997265547,38.575348,25.77652,19.86342535939696,23.675837,15.044298,1.9874262998079766,3.8815541,0.8472499
2023-07-21 09:00:00,34.028609116854625,39.78653,25.483795,13.184509200251002,15.981908,8.262194,1.899976798222157,3.5765002,0.98175585
2023-07-22 09:00:00,32.85199540479573,39.314117,23.460602,10.61559204224929,12.394078,7.6298914,1.9080120479907623,3.6860483,0.89127827
2023-07-23 09:00:00,33.90718816395105,40.707672,23.56314,10.806638825164478,14.426564,7.4979496,1.9889283152043693,3.9285302,0.93784064
2023-07-24 09:00:00,31.57240022161551,34.86197,25.13272,27.138094807129324,35.888023,18.956669,1.6633541531143636,3.2773635,0.74761766
2023-07-25 09:00:00,32.93068482571641,37.240875,24.82486,20.62126692347238,24.191628,17.84749,1.660438494610833,2.781283,0.8377777
2023-07-26 09:00:00,34.624146967096976,38.39737,26.983307,19.640097651502312,22.59227,16.802225,1.95744875742749,3.3702073,1.0118637
2023-07-27 09:00:00,34.40933169063237,39.081207,27.485504,17.106037251741736,20.750929,13.346872,2.1080699962245366,4.04883,1.0803319
2023-07-28 09:00:00,34.617463232402656,39.02945,26.8732,15.942555829501757,18.644594,14.132069,1.9414046664545117,3.516662,1.0470275
2023-07-29 09:00:00,32.209277200835686,37.48575,25.01236,14.905266272975865,18.442165,10.310242,1.805868602413629,3.4561322,0.75294054
2023-07-30 09:00:00,33.652104458674614,38.112213,25.825104,17.448633497429093,18.704597,15.3303585,2.0051984995069665,3.903774,0.6197215
2023-07-31 09:00:00,33.272622197677094,38.210846,26.429596,16.261031234366722,26.304756,10.220783,1.7044739865430194,3.5450413,0.6521291
2023-08-01 09:00:00,30.197352475417972,32.65567,26.06778,29.366898926653715,36.190655,20.826515,2.066020184772071,4.18004,1.0857056
2023-08-02 09:00:00,30.14105589205144,34.239655,26.651764,13.084108209704047,19.837152,5.0424128,2.2143022137158948,4.2936754,1.1814587
2023-08-03 09:00:00,30.48445891824838,34.58145,25.513092,10.23391025690888,21.576712,5.752967,2.1561000330265587,4.141526,1.1451852
2023-08-04 09:00:00,29.19586590722224,33.79361,24.3815,11.611177591194776,18.027906,5.628704,1.6784932306412854,3.0727103,0.8304465
2023-08-05 09:00:00,30.89508164712953,34.784332,23.780426,9.019513842018975,19.318941,4.2684484,1.4091757377290184,2.3350406,0.5219289
2023-08-06 09:00:00,32.721992639785356,37.03189,24.71939,7.108968597233362,12.048795,0.9550615,1.6182342241257353,3.0809267,0.5243485
2023-08-07 09:00:00,31.47300289570444,37.260895,24.78238,7.808686858444071,19.519352,0.4998207,2.1752467158095254,4.1596084,1.1300273
2023-08-08 09:00:00,29.885773094249487,35.183258,24.590485,11.100170845022888,22.332191,4.086097,2.7083615847247455,5.6913466,1.3576562
2023-08-09 09:00:00,28.1716872649111,32.91446,23.551178,20.397682668062203,36.21937,10.11267,2.6415046602966554,5.2905116,1.3185209
2023-08-10 09:00:00,26.29120316011864,30.409088,23.139557,51.59008383878646,68.04284,33.786545,2.3531110995642504,4.890624,1.3478885
2023-08-11 09:00:00,24.766416471975276,27.28653,23.14981,60.78586481468484,71.27915,53.78306,2.241693389740927,4.206993,1.2586747
2023-08-12 09:00:00,26.96458465537603,31.502838,23.481354,50.38020774999304,59.243774,43.71643,1.9340951664209625,3.4627154,1.0978312
2023-08-13 09:00:00,28.679481972418557,31.555573,23.614166,25.703427202568566,34.08206,12.104222,1.443606413912434,2.723064,0.31932145
2023-08-14 09:00:00,29.895397140588216,32.73648,23.775543,24.13404265558776,32.82956,14.001692,1.3038661938058482,2.8867195,0.7493093
2023-08-15 09:00:00,31.36384949569083,35.190582,24.61441,24.244301381116912,31.378155,16.491081,1.3979034941552446,3.1033213,0.68988746
2023-08-16 09:00:00,32.92692191201104,35.756744,25.282135,18.33891489271232,23.177246,13.227209,1.1920533241906797,2.8926747,0.72859716
2023-08-17 09:00:00,32.58982740472118,35.963776,26.877838,19.017931382058727,22.972464,11.827932,1.5695386078074405,3.5044148,0.66790485
2023-08-18 09:00:00,33.010398867695926,37.33316,25.612457,11.988935975390698,15.292857,8.480369,1.9117637700130194,2.9221878,1.0055145
2023-08-19 09:00:00,31.339696608389374,34.998688,25.303375,16.809053872471637,20.758986,13.059767,1.71557369160097,3.1509247,0.9406898
2023-08-20 09:00:00,25.34254020998293,28.420807,22.582916,57.72842399577381,75.27129,37.703583,1.3449189721352468,3.1775537,0.36887255
2023-08-21 09:00:00,20.4527484633374,22.809967,18.076813,81.75874359081877,87.86646,74.77798,1.2177573591211341,2.308711,0.12893459
2023-08-22 09:00:00,24.774313314520498,26.316315,22.69107,52.606515675265875,70.926056,32.471325,0.6141630652108718,1.6125343,0.14516884
2023-08-23 09:00:00,27.662558466271605,29.037018,24.609283,34.13356483086097,43.43304,18.326365,0.6556085565734078,3.076232,0.08429545
2023-08-24 09:00:00,29.699247982762756,32.168365,24.605865,30.172413745338236,38.642082,21.81137,1.4776728208427994,2.9577484,0.77337945
2023-08-25 09:00:00,28.622900815926982,32.47525,23.098297,18.780119444690158,29.445278,10.316918,1.4354416021639995,3.0662496,0.5623655
2023-08-26 09:00:00,29.628727413074216,32.71524,24.025787,12.868861184631717,28.53894,1.9211979,1.1389401324253756,2.9045627,0.35598528
2023-08-27 09:00:00,30.476461045317137,33.950836,25.298492,5.316876316972224,8.964972,0.29309654,0.8841476325511727,3.1121516,0.16293074
2023-08-28 09:00:00,32.40827225984992,35.499664,26.985992,14.962546560028265,20.114357,10.348731,0.8741431114351896,2.52431,0.2526194
2023-08-29 09:00:00,33.857909142502876,37.54947,27.807281,15.290245051119433,24.42637,3.0127726,0.9689349372007692,1.9330117,0.049970474
2023-08-30 09:00:00,33.93625204451803,37.72647,28.367096,5.93809517450328,14.998517,-0.8960142,1.1349897174487662,2.239204,0.07840329
2023-08-31 09:00:00,31.69170884243607,36.873444,25.428131,4.4675714655476675,14.000331,-0.26529408,2.0614351214396587,3.961422,0.9981276
2023-09-01 09:00:00,29.001630604397178,34.740875,23.690094,8.759084844767987,17.837421,1.8227549,2.523544750481186,4.2322097,1.5456653
2023-09-02 09:00:00,24.246564600824,27.942535,21.637848,68.70821545141752,86.72237,43.921585,2.4563653939554775,3.2080045,1.6910683
2023-09-03 09:00:00,22.952817258023572,26.634918,20.740387,84.50712962791626,98.1973,67.63894,2.2493458931895423,3.6725714,1.2201205
2023-09-04 09:00:00,23.135725295919258,26.767242,21.181793,58.81247194506424,67.54693,48.213608,1.3630047894164674,3.268791,0.499607
2023-09-05 09:00:00,25.308797203648624,29.423737,22.941315,42.52672628352168,58.366207,31.109112,1.032246344765281,1.9464748,0.64112896
2023-09-06 09:00:00,24.931267779086284,30.879303,22.53946,34.01790653792591,43.672016,20.097797,1.388855970591059,2.3142219,0.85406995
2023-09-07 09:00:00,27.546751458447545,32.805084,24.082428,14.192482840599755,20.19455,6.475108,1.314385206488367,2.3709455,0.48598346
2023-09-08 09:00:00,29.128719261071865,33.544098,25.2753,13.64299807294969,16.771873,11.697655,1.5593886724615438,3.131049,0.25137997
2023-09-09 09:00:00,30.668985239493963,34.396637,26.84195,36.38342992388839,45.651432,27.561016,1.610318372575909,3.1573563,0.78885525
2023-09-10 09:00:00,30.50412467972683,33.470123,25.91153,35.248620801094624,42.018562,29.428717,1.1923371977070414,2.0772555,0.30449417
2023-09-11 09:00:00,30.101523171572865,31.923004,27.266754,43.842386865770536,52.328365,35.910816,0.6438934518194572,2.1205075,0.031881675
2023-09-12 09:00:00,27.51977754157241,30.179596,25.66983,29.64315337865482,36.653168,14.59067,1.6096175994891302,2.701245,0.98423284
2023-09-13 09:00:00,26.761405278156417,31.530182,23.457916,28.820140712357503,39.669685,14.96211,1.9628911395756448,3.3541934,1.1469665
2023-09-14 09:00:00,25.533840452299785,30.387115,22.209381,28.966516610258683,38.971092,22.959375,1.544215400806589,2.611751,0.85473394
2023-09-15 09:00:00,27.069475031581078,32.34146,22.048492,28.7498755546839,35.377625,21.545593,1.3145520991753696,2.1537042,0.70589584
2023-09-16 09:00:00,27.552392148969773,32.867584,22.211334,29.16173322590873,36.01514,19.42817,1.1922047816199626,2.6207771,0.5444852
2023-09-17 09:00:00,25.63965328619338,32.450592,21.141998,36.687458650750166,47.00698,22.119122,1.5196518079441395,2.1352022,0.95976466
2023-09-18 09:00:00,24.668031262176044,30.615631,21.560944,41.37625360106654,50.990044,26.393242,1.930448649922031,3.7186189,1.0447372
2023-09-19 09:00:00,24.078849069822695,28.915436,22.116608,32.46034715289081,51.563255,17.787327,1.673265647297868,3.3760705,0.91753405
2023-09-20 09:00:00,24.811342996548035,29.679108,21.876373,29.022943668649322,42.286476,8.97007,2.0908542887195427,3.4194796,1.2408136
2023-09-21 09:00:00,21.91080300753174,25.64566,20.225739,67.6347198192322,89.18683,48.11261,3.2342264735642403,6.5973167,1.8390551
2023-09-22 09:00:00,21.463562851909785,23.969635,20.551178,27.302188707361758,41.304245,6.4526806,2.0552918915944307,4.2730503,1.0940055
2023-09-23 09:00:00,22.298721290410867,25.856842,20.80191,11.680998482690883,22.19474,-0.30079365,1.3843572741797197,2.8281436,0.4123379
2023-09-24 09:00:00,24.998287159539814,28.804108,21.84903,16.226285087682776,24.906418,3.5275116,1.3587823595290576,2.220279,0.76782435
2023-09-25 09:00:00,26.54172880812473,30.456207,22.278473,11.666026329926002,19.080753,4.5512295,1.4986756447146832,3.1658962,0.37658483
2023-09-26 09:00:00,26.110470329578845,30.264801,21.84488,10.668000811612647,16.004478,4.5723486,1.4218498429016064,2.7337751,0.32378322
2023-09-27 09:00:00,27.98173746051401,30.545074,23.144684,14.016546356755322,19.791758,4.89332,1.4759113280244345,2.8284888,0.16118409
2023-09-28 09:00:00,27.723708228191526,31.34024,22.639069,24.107276393769173,31.880106,12.5927925,1.8464818968479848,3.8590338,0.6236359
2023-09-29 09:00:00,24.758634055858067,29.891266,21.299469,27.08511570573938,38.05855,16.410984,2.008516022591684,4.262729,1.0291079
2023-09-30 09:00:00,21.75674043982741,25.934723,20.17691,48.23684535538411,69.2058,28.803463,3.0277465234162197,6.023277,1.6378995
2023-10-01 09:00:00,16.236804419392854,20.143707,13.852692,70.70396813578829,80.96663,58.092175,2.3726821861210925,4.5529737,0.93037677
2023-10-02 09:00:00,17.739199204214003,20.185455,15.598785,60.27061273923422,69.93826,44.512764,0.7437810894178637,1.431668,0.1926557
2023-10-03 09:00:00,22.1042798280738,24.89566,19.252838,43.085182249315395,47.347343,38.303116,0.9911831143761133,1.5389272,0.36718163
2023-10-04 09:00:00,25.360982989787374,28.88736,22.706696,33.02943157403511,35.922153,30.366224,1.8703391038305672,3.7723136,0.2718131
2023-10-05 09:00:00,28.235165873948404,32.161774,24.691559,27.71212011409273,31.27733,23.198908,2.643172644363895,4.57299,0.3786528
2023-10-06 09:00:00,29.69077104506249,32.523346,26.449127,20.703338620754504,22.750591,19.123802,2.0907544360478325,3.528674,0.2298999
2023-10-07 09:00:00,30.95349637903803,33.033844,26.801422,17.756603084723594,19.920074,16.5607,1.4719016435539316,2.7984252,0.4617342
2023-10-08 09:00:00,30.327643698244458,31.799957,25.75113,14.912278451132494,17.511986,12.251201,0.7645920756669448,2.3157732,0.117694445
2023-10-09 09:00:00,28.897227003265982,31.384918,24.33609,16.304588167367026,19.354362,12.490777,1.5261685983657245,2.8072832,0.50481963
2023-10-10 09:00:00,25.971430299618135,29.687897,21.580475,18.719793973023656,27.039402,6.985179,2.2059326830490598,4.9238524,0.9617867
2023-10-11 09:00:00,22.304821703326297,26.027496,20.593903,45.37458288046341,67.27695,33.194916,2.86096936710825,7.175248,0.82717294
2023-10-12 09:00:00,20.939704803045004,24.068512,17.383942,26.162701824375727,32.348404,20.175678,1.6371564466804913,2.8284585,0.27355155
2023-10-13 09:00:00,23.50036718674437,26.973297,20.520172,19.331466320204346,26.774496,15.828732,1.8295220399229046,3.1331983,0.61959046
2023-10-14 09:00:00,23.736837801696424,25.0336,22.453522,20.74060664269827,30.663181,15.756392,0.5926413325347906,1.9016684,0.1457179
2023-10-15 09:00:00,26.06262547834973,28.06363,23.606598,14.055971619809364,18.275787,9.986726,1.5273445373135388,2.4993935,0.36460978
2023-10-16 09:00:00,28.685233291955285,31.284332,25.258942,12.087731937203289,13.3782625,10.456412,1.0509295165257988,1.8610753,0.3697824
2023-10-17 09:00:00,28.589328215210855,30.915924,23.996002,12.072171919651185,13.827108,9.427866,0.9721679395285334,2.1119084,0.16739984
2023-10-18 09:00:00,27.399177997188133,29.622955,22.609283,16.30756335240762,19.483814,12.681404,1.1637101526343376,1.823601,0.6086624
2023-10-19 09:00:00,28.80774065583455,31.023346,23.083893,16.3914945070586,20.893856,14.061825,1.3471015003857942,2.3076644,0.34857604
2023-10-20 09:00:00,29.49838224865175,31.634186,24.634186,19.848549997545632,24.687819,14.992506,0.5520407878115765,2.2665982,0.121288605
2023-10-21 09:00:00,29.65067186336421,32.14444,24.70108,23.134647647365284,27.88504,19.681278,1.4866488811644019,2.9274852,0.5197682
2023-10-22 09:00:00,26.01435908690513,29.48233,22.578033,27.942526762932676,35.281055,22.304493,2.0970672480346484,4.5864296,1.0003235
2023-10-23 09:00:00,20.9900818292802,23.864166,18.846588,69.33042465682563,87.78544,48.211224,2.069150721607573,4.1526732,1.057071
2023-10-24 09:00:00,20.954656051851316,21.580963,20.252106,33.20271478424716,40.469463,27.985088,1.2215631992481368,2.1633468,0.25119004
2023-10-25 09:00:00,22.225750425686556,24.905426,21.005035,38.06378409834911,53.461815,28.579002,2.324059987958258,3.801369,1.5629754
2023-10-26 09:00:00,19.0369986416668,20.98404,17.37857,42.35633260132631,49.683105,31.394043,2.43390850556289,5.8225117,1.0928576
2023-10-27 09:00:00,20.154487144458017,22.530914,18.005524,37.91244084773105,62.002045,20.015675,1.2054323739747137,2.118522,0.3228257
2023-10-28 09:00:00,19.284344999474172,21.299957,16.130035,17.984299025513767,27.3168,14.166361,1.9524064723479146,3.978147,0.38775072
2023-10-29 09:00:00,18.85138873284842,23.136871,13.928375,13.786123189555411,19.259094,4.441723,2.7544728738277477,3.9788377,1.2300421
2023-10-30 09:00:00,18.906610689421143,25.558502,14.349518,8.710690986204835,12.105771,3.8237495,4.044964942728245,6.339299,2.1387491
2023-10-31 09:00:00,20.767587596685416,27.424469,16.894684,6.445608384516669,7.9060507,4.788863,3.0142905228243397,4.2377067,1.3918792
2023-11-01 09:00:00,22.969125868700417,28.667389,19.015045,8.017801747164985,9.117218,6.9277716,2.1617515739580595,3.1296532,0.379214
2023-11-02 09:00:00,23.67936434015286,28.6315,20.588531,8.95737403531365,10.217038,8.160646,1.4457763494394875,2.3391044,0.48034742
2023-11-03 09:00:00,24.295826944174166,27.708649,22.124664,8.111199167115302,9.615863,6.8515577,0.8257179252834753,1.3333042,0.016239334
2023-11-04 09:00:00,24.221181575733226,26.390778,22.328278,8.254488431258387,11.958322,6.5208216,0.7754244762328847,1.275334,0.3098387
2023-11-05 09:00:00,24.50680301714243,25.78482,21.593414,13.342481725543765,16.7469,8.723463,1.0175160364912212,2.256511,0.13739043
2023-11-06 09:00:00,24.48709099144321,27.40738,21.167145,18.150147554471918,22.908806,10.120348,1.7119117589941677,3.7793431,0.31513873
2023-11-07 09:00:00,21.383314389481654,24.449127,19.421783,50.09737848973415,59.558384,37.96254,2.1372312243243248,4.8510475,0.9112033
2023-11-08 09:00:00,17.26063657490016,21.70401,13.483307,30.817239676167773,44.240555,19.828384,2.1364785974473106,2.8708498,0.78473294
2023-11-09 09:00:00,18.235448121292166,24.316559,14.043121,17.288960055477013,24.219278,12.195841,3.2695169617254636,5.059376,2.006751
2023-11-10 09:00:00,18.608710911670016,24.482086,14.316071,7.357618939406516,10.397633,4.9532375,1.689440900040059,2.4878404,0.83619493
2023-11-11 09:00:00,18.90955604665311,22.213531,16.172516,7.839495667828386,12.792445,5.3535843,1.3620114173420819,2.140238,0.5003065
2023-11-12 09:00:00,20.900503104119707,25.223541,17.325104,10.829777408714317,13.264086,9.262737,1.701405246786023,2.568239,0.72782874
2023-11-13 09:00:00,22.145090881524823,26.561432,17.89737,14.208915081090396,16.466526,12.1462145,1.0130925300364142,1.6240289,0.58391804
2023-11-14 09:00:00,19.109751223823594,22.014313,15.983063,14.702403696085788,20.656574,5.984279,0.5873278653596948,1.6221329,0.033937294
2023-11-15 09:00:00,21.378911444847745,24.615875,18.643219,19.47531934616995,23.715145,11.359675,1.0502198854656148,1.8948498,0.46043164
2023-11-16 09:00:00,15.406012830572138,19.329254,12.21402,72.39919222402928,84.37476,53.14626,1.1738528524901466,2.5122116,0.39275905
2023-11-17 09:00:00,17.652637004891858,20.74234,14.377106,68.84861727239604,81.15917,53.178703,1.5034935208418203,2.7733963,0.6436523
2023-11-18 09:00:00,18.196874348641245,21.004547,14.623688,53.42066913749949,66.662384,44.04129,1.4908907710024781,2.3072,0.6854
2023-11-19 09:00:00,16.128142394069357,19.453278,13.297516,50.07811458710923,74.5627,25.648638,2.258255316361106,6.0309634,0.36447445
2023-11-20 09:00:00,15.498423424875114,20.475739,10.818512,13.064810045799113,25.166307,3.5608387,2.9206145250510818,4.194218,1.159869
2023-11-21 09:00:00,17.506709973995896,22.345612,13.747711,12.43966286851179,17.013393,5.7360506,3.9960052704708278,6.2851543,2.1845975
2023-11-22 09:00:00,20.409592604019963,26.455475,16.174225,13.771452254419925,19.633282,7.7426567,2.3938600289469347,3.052945,1.5307474
2023-11-23 09:00:00,19.862921634328302,24.862457,16.317535,12.117727763198511,15.181975,9.3657,0.8423880526973502,1.6824558,0.3820219
2023-11-24 09:00:00,17.600412569070954,19.844147,15.375397,38.266332739256804,54.810566,25.361347,1.1192083653662623,2.5218806,0.2515185
2023-11-25 09:00:00,14.742858071081798,19.263824,11.482574,38.44171098804364,48.96804,33.62889,1.7418465466718813,3.2910128,0.33089185
2023-11-26 09:00:00,13.818117934137888,19.548248,9.735748,28.366633002129937,34.98153,20.729824,3.1799454944190217,4.9738374,1.601254
2023-11-27 09:00:00,13.638889195928982,19.85025,9.453033,25.733556336530114,30.233908,19.86799,3.2762441664484436,5.206056,1.5573887
2023-11-28 09:00:00,15.763560906140924,21.578033,11.751862,23.92731638855532,30.007631,21.382156,2.0996358305562395,3.2370408,0.41593957
2023-11-29 09:00:00,16.61583981648198,20.751617,13.329742,34.53975261201503,51.091537,28.118881,0.6853759688590678,1.9735305,0.14984824
2023-11-30 09:00:00,13.962292883664588,17.463776,10.778229,70.72188435545283,90.39754,49.90248,1.8164274393139515,4.0936055,0.24598579
2023-12-01 09:00:00,13.658207035446935,17.859772,9.254303,49.23219709698847,71.35566,34.802227,2.217179377266328,4.8826184,0.45106497
2023-12-02 09:00:00,13.478047971401793,18.939606,10.392242,28.207939710109926,45.499146,17.783321,1.3625421797754436,2.9232774,0.20525384
2023-12-03 09:00:00,15.381945967098886,17.975983,11.624664,24.661478545646762,37.965073,17.626194,1.087390196425195,2.8583605,0.20824808
2023-12-04 09:00:00,17.03388100340851,20.400055,13.077545,25.373633411759744,32.133804,19.286566,1.24891886921303,2.0446546,0.10202902
2023-12-05 09:00:00,19.633924676041204,24.012115,16.488678,25.533763430754277,28.785114,21.843708,2.01243736826382,2.6759498,0.5810918
2023-12-06 09:00:00,21.648739500545503,26.45044,17.878174,27.420316245315302,30.72216,24.412209,0.9457441829517532,1.7452512,0.2698688
2023-12-07 09:00:00,19.397351169531703,21.574188,17.523407,29.8041622864597,34.905052,23.782986,1.769514682414755,4.8636427,0.18500721
2023-12-08 09:00:00,14.690876143117578,18.929596,9.317047,15.664814120590245,36.15129,4.0110483,1.8519015436081296,3.7348695,0.34111354
2023-12-09 09:00:00,14.79019256502562,20.103699,9.367218,18.159968059321933,25.025616,5.339547,3.3755923096667804,5.1314363,1.1549687
2023-12-10 09:00:00,14.757975873337728,20.82901,10.994049,7.545004259531565,9.717384,4.939823,3.310637688664065,4.26068,2.337445
2023-12-11 09:00:00,16.55415025818462,22.492584,12.351959,8.172460507900121,10.264146,4.3227396,1.6122560217190192,2.3153207,0.4072298
2023-12-12 09:00:00,18.270141592461357,20.504791,15.342682,16.52887969269259,23.198196,10.695684,0.9322048787695343,2.0271072,0.40565467
2023-12-13 09:00:00,16.466802836693546,18.682281,14.2760315,22.54580631407403,28.105865,16.279202,1.3663890143470059,2.523922,0.12231356
2023-12-14 09:00:00,15.506148271842505,19.90268,11.849945,26.016773635970914,32.516212,19.828712,1.6546823876767713,2.5805244,0.4248066
2023-12-15 09:00:00,17.091756382344442,22.103668,13.330231,16.364738840947002,23.814121,9.946933,2.0563765650779646,2.6554565,1.0290912
2023-12-16 09:00:00,18.740166954988865,24.662994,14.48526,14.185763848894638,20.828896,8.441476,2.4375981654822163,3.3092844,0.7570493
2023-12-17 09:00:00,18.3867766517605,23.3461,14.807037,12.277703555528172,16.248713,8.481834,1.7577253164961897,2.4740086,0.96466756
2023-12-18 09:00:00,17.39754086161571,22.146881,13.924713,12.115240940297447,16.00515,8.653039,0.902087283847718,1.2874595,0.41652718
2023-12-19 09:00:00,17.994912731993963,20.017975,14.404694,65.5310784098773,93.2152,32.430046,1.3125140939340711,2.8350074,0.43137345
2023-12-20 09:00:00,14.448687976954886,17.579987,10.609283,88.17578119860985,96.192795,77.77873,1.679972177224631,2.6291075,1.0062177
2023-12-21 09:00:00,13.845758732751335,17.45108,9.501862,85.39064657482363,93.49376,73.21156,1.6534823060670893,3.9124298,0.8659775
2023-12-22 09:00:00,14.267195131935466,17.678131,10.18985,72.22870273490011,81.24948,60.667454,1.8927999388248313,3.5298407,1.0286466
2023-12-23 09:00:00,13.344236016910884,18.394684,9.975739,55.89564479849773,78.63237,39.30425,0.9958136914248769,1.8526891,0.34401077
2023-12-24 09:00:00,14.218158087990105,16.901031,11.721344,48.26880613935298,63.81502,35.529865,0.3884409529713691,0.7235847,0.018028669
2023-12-25 09:00:00,14.469068381206228,18.021027,11.49173,27.84532859773328,39.64257,18.31054,1.1218880981343387,1.7780777,0.2597624
2023-12-26 09:00:00,15.787589868620842,17.853912,13.287506,32.48226222895523,42.53444,20.541473,0.9461877263101012,1.5056149,0.22876365
2023-12-27 09:00:00,16.375396087400247,18.610992,14.458649,22.180646855378786,34.34598,13.701451,0.6926578976772696,1.3252057,0.055194262
2023-12-28 09:00:00,15.544706956814878,17.608551,13.77066,15.765553060791012,33.509377,4.8648434,0.6110031317546728,1.6412549,0.1673672
2023-12-29 09:00:00,16.244710912510698,19.018951,13.903717,19.36139751888278,24.340279,9.34926,1.2248941735321495,1.9070255,0.34142497
2023-12-30 09:00:00,15.57027066881659,17.473541,13.0868225,32.43303676986093,51.218025,13.590859,0.935869136566585,1.6047986,0.59194285
2023-12-31 09:00:00,12.021111040083213,16.60904,8.601227,64.77358854512157,80.986496,45.46691,0.8971601291245842,2.3933814,0.24643072
