time,t2m_mean_C,t2m_max_C,t2m_min_C,rh_mean,rh_max,rh_min,wind_mean,wind_max,wind_min
2013-01-01 09:00:00,11.380740103367657,14.704559,5.7377625,24.308367882916176,35.717587,19.18243,1.498139141436541,2.7716773,0.16391881
2013-01-02 09:00:00,10.951509444950716,13.302704,6.738983,18.35052495547768,22.616909,12.894252,2.532704736486228,4.201877,0.5687836
2013-01-03 09:00:00,13.562696475003861,16.4776,8.081757,15.185314293746499,19.861187,10.23228,2.431973818478222,4.8420925,0.6057294
2013-01-04 09:00:00,14.694495077500108,17.619843,7.877655,12.991782664106776,19.0624,5.3754807,2.017379279447062,3.3977492,0.2390926
2013-01-05 09:00:00,13.366963031937644,15.946625,8.573578,12.057639477982324,19.754173,8.032793,1.143641998835772,2.149989,0.09261393
2013-01-06 09:00:00,13.667183786095563,15.898315,7.984253,14.290853385660885,26.918379,8.601973,0.7364698833011583,1.4450781,0.059018675
2013-01-07 09:00:00,12.550544146015227,17.151947,5.999481,39.739166317541844,47.406567,28.738598,2.053332870634977,3.4738379,0.30681202
2013-01-08 09:00:00,16.153834421601914,19.19925,10.82608,15.031802386500672,23.123684,9.463118,2.467438990031612,4.859591,0.21803766
2013-01-09 09:00:00,20.260044355791592,23.591461,15.753571,24.40913824876647,30.667694,19.6716,1.7740687504400923,3.7101064,0.064990535
2013-01-10 09:00:00,18.104631102692565,21.342194,12.945709,28.632423575961027,42.008087,20.844025,2.27623608905491,3.0327535,1.2070249
2013-01-11 09:00:00,9.70187750493352,14.659332,1.6300354,28.288865249476228,44.77313,9.848711,2.7242166660287355,4.2756367,1.1101332
2013-01-12 09:00:00,8.66951858783193,12.741882,0.8493042,30.455625553138088,42.63408,22.352827,1.2033720905895502,2.385159,0.09599429
2013-01-13 09:00:00,7.793517547211138,10.719452,1.1335144,21.856616486740542,33.81029,17.167938,1.3400629385105005,2.4917593,0.3507749
2013-01-14 09:00:00,7.0364554942821655,9.797882,0.62210083,21.77204618165175,26.992605,11.766043,2.2340392558335385,5.030308,0.544411
2013-01-15 09:00:00,6.4665466719241635,9.626404,2.876831,16.9611806543331,21.351315,13.365044,3.007566513721754,6.5929914,0.37683132
2013-01-16 09:00:00,10.561507785469189,12.729889,8.200409,27.907690854200144,31.507088,23.444588,2.191301395353296,4.898106,0.037646387
2013-01-17 09:00:00,15.02443295118178,16.95755,12.089813,22.341281314026645,28.194134,12.2635975,2.417435826944021,4.0704975,0.36774498
2013-01-18 09:00:00,18.362915846542535,21.052094,12.196625,20.891712877026453,26.407349,13.920162,2.400041753362254,3.7128837,0.33997253
2013-01-19 09:00:00,18.451610186656694,21.21756,12.914795,16.44130793949438,22.553913,7.431168,2.4872917394921332,4.032972,0.81091607
2013-01-20 09:00:00,20.245253613603154,22.844788,14.245178,14.599518087654555,18.033367,8.283366,2.2520507947341897,3.660107,0.52045155
2013-01-21 09:00:00,20.654377162018307,23.195557,14.586182,9.494451935719686,12.4313,6.293804,2.4319445804556032,4.271895,0.4974366
2013-01-22 09:00:00,21.53121685352386,23.910217,15.388733,8.17174468173025,11.897381,4.689879,2.0145122583305186,3.378338,0.6420585
2013-01-23 09:00:00,22.345282085229314,25.257538,16.292694,17.0291459047308,22.76837,9.709776,1.28967161473909,2.260294,0.090449
2013-01-24 09:00:00,21.503669527312525,24.430634,16.004852,24.811338604884064,31.289566,20.281754,0.5275174340676829,1.0407262,0.03192046
2013-01-25 09:00:00,18.2581375436003,21.41278,12.572937,60.94649884485686,76.00277,43.52938,1.2754714155162639,2.3013628,0.324675
2013-01-26 09:00:00,15.200196075066515,20.646301,9.191223,78.7273441697291,87.38906,73.64687,0.7348902178338645,1.329447,0.099892735
2013-01-27 09:00:00,14.81650740884595,18.16867,8.948761,63.94742405825963,94.64698,31.973595,2.046651179969027,2.933626,0.674488
2013-01-28 09:00:00,13.963434536999443,19.49942,6.3002014,47.87474474419909,85.35916,19.292852,2.3415771947298456,3.7818909,0.6382711
2013-01-29 09:00:00,10.965313400363016,14.308258,6.1076965,33.98407004234548,56.626644,19.126587,2.165985760894781,3.8484738,0.04272891
2013-01-30 09:00:00,14.783174512453002,17.423859,9.8281555,35.184629509482505,39.87982,28.552189,0.8795512670489652,1.9664829,0.1114119
2013-01-31 09:00:00,17.66882119352971,19.659454,14.220001,31.636555903584465,38.312923,23.00869,1.089369733754917,2.205415,0.12305838
2013-02-01 09:00:00,19.374883880229902,21.542908,14.037048,22.936931076993023,29.45442,16.592655,1.4209337838659872,2.483916,0.43982694
2013-02-02 09:00:00,21.90608835021834,25.2305,16.783234,17.92855699840286,23.6837,13.703233,1.2116184876878455,2.1708553,0.42265996
2013-02-03 09:00:00,22.235486448874838,25.51654,16.545837,19.197487597279085,27.966911,14.073016,1.3151864787971141,2.674396,0.23790815
2013-02-04 09:00:00,20.361842250059567,24.146942,14.3715515,33.7490750582949,39.921127,29.475817,1.6776836871149365,3.0798244,0.17244753
2013-02-05 09:00:00,21.127432548850607,25.436401,15.119995,19.62782880825036,30.737785,12.345996,1.1482341879947109,1.9058485,0.49275124
2013-02-06 09:00:00,20.5035278706045,26.081024,13.579071,26.397881284421974,46.94538,16.82326,1.448990159768525,2.2632346,0.7931128
2013-02-07 09:00:00,20.157418424445495,25.346832,13.485504,22.638107861898703,44.050083,6.8907404,1.236826576863427,2.072141,0.41925097
2013-02-08 09:00:00,18.735796023159423,24.625305,11.695618,31.810387207755465,62.061172,17.451797,3.112451038455222,4.7162576,1.919114
2013-02-09 09:00:00,10.177254867269426,15.754425,2.5939941,54.22330284182435,86.543396,34.61964,2.671406286099248,4.858784,0.77650356
2013-02-10 09:00:00,11.582595988744288,16.368988,3.8768005,44.77052709336445,67.378105,32.080677,1.7603179339763237,2.564922,0.7285444
2013-02-11 09:00:00,12.356577265308317,16.934662,4.7080994,36.47599150427606,64.58592,24.04055,1.6599398545892567,2.8100452,0.13237199
2013-02-12 09:00:00,12.512298273264662,16.021149,5.3336487,16.935262010220512,22.301983,10.777519,2.4585731937218864,4.3102365,0.82207495
2013-02-13 09:00:00,14.864960626304253,17.638824,9.019196,20.205111278494083,26.626503,17.239784,1.8332934791392224,3.9488568,0.15857697
2013-02-14 09:00:00,17.856953150047843,20.887604,11.555084,26.378457791338665,29.921923,23.61109,1.7292863945627086,3.8091521,0.111130215
2013-02-15 09:00:00,20.63334660915592,24.255035,13.83902,18.371097155517305,23.599194,10.442943,2.9225658491096462,5.4664745,1.1938245
2013-02-16 09:00:00,22.399725262218624,25.78009,15.682434,9.054968000363347,12.908447,5.138341,2.330949577171689,3.329374,0.56117624
2013-02-17 09:00:00,22.26485204221308,26.056183,15.458527,10.607078571515242,15.856872,5.6326985,0.8439842234227597,1.1771123,0.28941214
2013-02-18 09:00:00,19.995393035537802,25.427094,12.473297,17.560954002969694,27.67396,12.431819,1.2290499431731832,2.0012596,0.6006147
2013-02-19 09:00:00,19.53577512057609,24.691711,13.281555,22.76545890508089,49.906216,5.616274,2.0739080814226214,2.806054,1.2566912
2013-02-20 09:00:00,11.802814997503845,17.879486,3.5005798,61.123603396949306,92.97752,40.455116,3.2804068014572447,5.4148073,1.0466105
2013-02-21 09:00:00,11.587435519885787,15.542664,4.331726,40.341764879201314,67.70364,16.37725,1.5038910620532675,2.456291,0.31456342
2013-02-22 09:00:00,12.023467823455292,15.789429,5.963379,23.67370750295707,53.288822,11.563318,1.3715597081073496,2.326045,0.09979353
2013-02-23 09:00:00,15.78067834119895,18.874176,9.321442,26.308392352133694,37.69631,19.15164,0.8692454484599906,1.4183526,0.3339475
2013-02-24 09:00:00,17.617209661555364,22.574127,9.162018,18.645213041233852,25.980082,11.552684,2.55633862827185,4.420655,0.41099364
2013-02-25 09:00:00,14.694156808139212,17.523834,8.9461975,12.447492454189145,15.145085,9.277898,2.1955916398269326,4.5177107,0.64105356
2013-02-26 09:00:00,16.802289837420858,19.596588,12.332916,15.093807938245549,22.179512,11.913888,0.9323206878536544,2.0954854,0.03476489
2013-02-27 09:00:00,17.945701357452037,20.584137,11.873199,15.517755811946394,19.257645,8.659485,2.6952179752429752,5.5611033,0.6286034
2013-02-28 09:00:00,17.312735836574802,19.738678,12.244293,11.313602170718626,14.429823,8.416649,2.750546215876811,5.0365977,1.0232193
2013-03-01 09:00:00,21.24557561455157,24.213531,15.239899,14.096111531010562,16.568336,11.380837,2.269201193998884,3.6564198,0.9081705
2013-03-02 09:00:00,23.89598429006338,27.264313,17.56009,16.224572315723275,18.8692,13.170398,1.6670396130190446,2.3112257,0.5271272
2013-03-03 09:00:00,26.00245804512599,30.006012,20.46109,12.824893074327706,16.456905,9.648313,1.3954560940352196,2.2390924,0.5059065
2013-03-04 09:00:00,23.104166094431207,28.819977,14.536774,23.89474411400446,41.954056,16.129839,2.4823073855546913,3.693065,1.1887474
2013-03-05 09:00:00,21.89979792345474,26.497223,15.357086,30.961008518423412,42.840614,23.71357,0.7662974013138459,1.5106604,0.1376561
2013-03-06 09:00:00,21.253196645288654,26.131989,14.897614,33.02193924005263,68.57845,15.024828,2.0836076801919,2.7032142,1.1117002
2013-03-07 09:00:00,20.050293498273675,26.444,11.6979065,41.53518522240943,82.30375,22.012447,2.2464223966003884,3.1697805,1.4655703
2013-03-08 09:00:00,15.301356698352265,21.887848,6.9249573,49.503680089373724,78.40169,25.511063,2.6937379007033195,4.2835627,0.89975464
2013-03-09 09:00:00,12.355970633681352,16.714508,6.619293,56.85927670353863,86.507805,36.665802,2.5785666676683836,4.3849053,0.9639378
2013-03-10 09:00:00,17.077856249276465,20.621979,11.043121,27.08808310889907,33.031616,13.69568,2.4824307561233647,4.6705723,0.174401
2013-03-11 09:00:00,22.253092473840297,25.956451,15.532623,13.680661501497507,19.040043,8.390543,2.047642805217944,3.973774,0.28192562
2013-03-12 09:00:00,23.705808895343864,27.919586,18.527008,14.288084447992064,18.970093,8.8222275,1.2971178260142597,2.850195,0.040018264
2013-03-13 09:00:00,27.57462711454434,31.661041,22.17276,16.080081506201655,19.184917,12.128636,1.5650643149026584,3.135697,0.09748273
2013-03-14 09:00:00,28.647538979149545,33.259674,22.95108,15.220432238719164,18.66912,11.568911,1.3250500602567081,2.8040962,0.08025534
2013-03-15 09:00:00,29.12998955642604,34.051178,23.642975,15.75535438390789,18.471138,12.556457,0.7132440399321506,1.1549984,0.4578758
2013-03-16 09:00:00,28.614022307713526,34.51065,21.51065,11.90547950900848,21.467365,4.5165157,1.6469675912788249,2.4290226,0.98233163
2013-03-17 09:00:00,27.142386555954374,33.823578,18.325531,14.436577945775984,31.09583,8.768061,2.1539943351069524,3.2501903,1.0105493
2013-03-18 09:00:00,25.911506679815318,31.773773,18.349945,15.481637202661531,34.986565,6.795459,1.5034849537693868,2.4354799,0.8471451
2013-03-19 09:00:00,24.015504398138546,29.857574,16.416168,24.653236896881438,56.872723,13.598442,1.7295618210360448,2.5635748,1.0343602
2013-03-20 09:00:00,24.372880599504242,29.682526,17.434479,24.35795446334847,37.06727,14.93055,1.3787063589727897,2.0875764,1.0045582
2013-03-21 09:00:00,23.695655674934926,29.766998,17.069977,23.200170506463145,36.933243,12.35121,2.2800372632722863,3.3145063,1.1593732
2013-03-22 09:00:00,25.349344238569643,31.097565,18.029205,22.041255915907403,33.93348,15.71054,1.9139979596086119,3.0341835,0.9810864
2013-03-23 09:00:00,24.357706189938483,29.847565,18.054596,14.066743751280523,28.258469,3.7807465,2.1721908532720255,4.535701,0.3139583
2013-03-24 09:00:00,21.311650022245033,24.159088,17.67276,15.851376517206612,37.720837,7.40384,1.6160873715695943,3.7129664,0.4267877
2013-03-25 09:00:00,23.790775251918262,27.505524,19.29068,13.476952115094331,27.393177,7.5455904,0.7366599522954527,1.5312313,0.114801556
2013-03-26 09:00:00,25.66371501680402,30.092926,20.452301,16.481821218986635,25.592335,9.852185,1.492547129099384,1.9551826,0.27043998
2013-03-27 09:00:00,25.435776091892194,31.25235,17.967194,17.281907509643375,37.085297,7.8136225,2.0772606345112363,2.9588056,1.3798726
2013-03-28 09:00:00,24.065340747883056,29.91275,17.363922,29.61423152516112,42.56354,20.283115,2.0087241162016243,2.9823172,1.153882
2013-03-29 09:00:00,24.677208728643393,29.786285,19.250885,26.32335909114506,31.908627,22.865192,0.9003291578486899,1.5368708,0.42642745
2013-03-30 09:00:00,25.306815730139533,30.843414,18.829742,26.296432895428868,33.748974,14.463818,1.209747946372183,1.9610368,0.6094994
2013-03-31 09:00:00,26.148450147043263,32.057526,18.17862,31.879308463938134,53.66168,21.985897,2.220614372504126,3.2128115,1.4840137
2013-04-01 09:00:00,23.53607948393318,30.238678,15.680084,33.5456974492089,86.39892,3.364437,3.0067340080511977,3.9171572,2.0794184
2013-04-02 09:00:00,22.4285957578183,27.523346,16.827057,28.773125660608528,47.985584,22.247303,2.6565914310885668,3.7866702,1.3039573
2013-04-03 09:00:00,24.78352347321072,28.965729,19.797516,22.61930621250485,28.3041,15.422452,1.4390124172651788,2.814268,0.36203742
2013-04-04 09:00:00,27.316461915877994,32.548004,21.569489,20.016067438115954,31.272715,15.232921,1.1313390965630314,1.7795686,0.3031522
2013-04-05 09:00:00,25.92606880977013,31.896149,17.610992,27.6901216766994,50.785507,13.288399,2.5031913951410467,3.4658465,1.6843141
2013-04-06 09:00:00,23.953770166615357,30.464508,16.310944,35.147026080910265,65.98928,19.313496,2.460301762126217,3.2889326,1.5518633
2013-04-07 09:00:00,25.30296680490926,31.152008,18.45279,28.3846011004501,40.972008,19.714264,1.8552941877990732,2.9219553,1.1352257
2013-04-08 09:00:00,25.937234869041617,31.701569,19.18985,29.38130954790624,54.295166,16.58891,3.09215020615393,4.035867,2.3398178
2013-04-09 09:00:00,17.926806134573724,22.209625,11.571686,29.112200348897527,47.189827,22.641441,4.238625930824236,6.6570406,0.91185
2013-04-10 09:00:00,21.14914406828626,24.84024,14.764069,17.088782296050336,23.431847,12.052939,3.267610984724267,6.813357,0.2611141
2013-04-11 09:00:00,24.827258524618287,27.915192,19.930817,12.905161842585217,17.316238,8.393868,1.0568374401052294,1.931933,0.011837581
2013-04-12 09:00:00,26.612836358123843,32.085358,19.683014,19.70430368854907,31.420603,13.34294,1.1822864858495301,2.6241682,0.20106882
2013-04-13 09:00:00,27.382266412565116,31.708405,21.653717,19.942463396735757,33.56831,15.916894,1.7844212072111192,2.9802134,0.8122224
2013-04-14 09:00:00,26.19847972258077,33.36026,17.756744,23.97478631068013,54.920143,9.998267,3.163680110869623,4.8546004,1.7819986
2013-04-15 09:00:00,23.212553124399847,30.400543,13.86734,42.23501781610227,89.12562,16.383434,3.517373498437436,5.034852,2.1397994
2013-04-16 09:00:00,19.92142505024185,27.831696,11.193024,41.9085658544418,100.09899,5.6348076,3.5274300024158696,5.5481076,2.103059
2013-04-17 09:00:00,19.021179172082213,24.740387,11.031403,27.77016437712451,35.81697,23.137281,3.359142814635951,5.3628025,0.737456
2013-04-18 09:00:00,20.020533221559617,23.627594,13.72525,13.574857224935885,16.504341,11.18403,3.0444526557323375,5.0561843,1.0668845
2013-04-19 09:00:00,22.112645218147804,24.536774,17.381989,11.463688819159293,13.336013,9.469758,2.09367699802073,3.7238383,0.9629448
2013-04-20 09:00:00,26.82181478045476,29.310211,22.710602,10.39882864835967,12.2972975,8.113704,0.9716880689151762,1.8337243,0.10022678
2013-04-21 09:00:00,30.891251092819118,34.0336,26.603912,13.503023471687648,16.83517,10.939038,0.8187868753345996,1.437827,0.4942496
2013-04-22 09:00:00,30.75456549128114,35.96231,24.450592,10.373739003146698,18.88519,6.361157,1.7400462755727204,2.9006815,0.76726466
2013-04-23 09:00:00,29.716354477854225,35.402496,20.957184,17.227300929703706,31.410294,10.318708,1.6959493729774986,2.3578615,0.4523534
2013-04-24 09:00:00,27.836982053272948,31.186432,23.299713,15.952590242834942,35.327435,2.8294382,1.5327519280134936,3.4073894,0.03129858
2013-04-25 09:00:00,24.804333051663377,31.72696,14.960846,27.02195231203771,81.586685,6.5794926,1.9204688297835653,3.0678685,0.08254932
2013-04-26 09:00:00,25.93658482014024,29.983063,21.229156,21.754497900120466,36.306923,11.951708,1.6411526612821439,2.798631,0.93943983
2013-04-27 09:00:00,29.612272887075278,33.745026,24.23404,13.464829252697733,19.20554,5.222374,1.0643911532302164,1.9200552,0.23905857
2013-04-28 09:00:00,31.58386190987426,36.72867,24.047028,9.578735643401881,18.205645,4.5281115,1.514457536537915,2.2566593,0.7382197
2013-04-29 09:00:00,32.28868353287635,37.635895,24.62613,10.119300142330253,18.270687,5.5709124,1.7028291424230888,2.3688927,1.2311609
2013-04-30 09:00:00,32.77471522563184,39.171783,23.380768,9.618227002116406,20.555794,5.637367,2.687295553111459,4.1477804,1.5428317
2013-05-01 09:00:00,30.368858712141673,37.81485,20.082916,22.248158720867803,49.921402,10.338129,1.350724510490797,2.418452,0.22869283
2013-05-02 09:00:00,30.606574948546893,35.139557,24.690338,4.5239024040876235,6.973584,2.550949,3.8082268883400094,7.279461,0.5168195
2013-05-03 09:00:00,29.093729642814253,32.67276,23.842194,5.748664910365848,7.243662,3.552208,1.878272640930417,2.932355,0.72094846
2013-05-04 09:00:00,31.508425566243545,35.279938,27.258453,8.085843258218368,9.631857,5.8427944,1.4871837527074812,2.1690323,0.7094104
2013-05-05 09:00:00,28.45818902949253,35.18448,20.506744,15.5606559737648,35.31068,5.881341,3.5394074508493993,5.4318247,1.8961287
2013-05-06 09:00:00,21.710567768554426,28.886871,13.701324,47.92352440088062,89.80004,29.624245,3.2903443610408325,4.9463973,1.8312546
2013-05-07 09:00:00,20.718329248413454,27.777008,12.29068,56.39938073929776,90.240326,27.94952,3.0785348631578286,5.1844788,1.44909
2013-05-08 09:00:00,21.04185158376913,25.868805,15.634674,50.038343570497,81.29726,34.469128,2.148103304590849,3.049914,1.6040114
2013-05-09 09:00:00,23.660078381284507,28.170319,17.434723,44.45342403063628,75.19467,32.042427,1.5098974801526923,2.2735481,0.9733035
2013-05-10 09:00:00,26.51679765225805,31.423004,21.200348,31.85738535466571,45.153362,23.42277,1.4826075613369838,2.4542706,0.5133544
2013-05-11 09:00:00,30.745288067131753,34.995026,24.730865,19.66485051325482,26.377693,14.743332,1.0580234856431563,1.8850639,0.103469655
2013-05-12 09:00:00,33.78603001968355,37.884674,27.424225,14.654510605900263,19.489677,8.342624,0.8328321736388289,1.52693,0.1054488
2013-05-13 09:00:00,35.599637593151385,39.17032,29.62735,13.640715252923188,18.706005,8.32302,0.9190341408979075,1.626133,0.47695482
2013-05-14 09:00:00,35.93092767167877,40.84366,28.423737,10.648326780437596,12.629658,5.1409454,1.7843348687787657,2.5932283,0.78647524
2013-05-15 09:00:00,33.88542493973824,40.900055,25.220367,9.576835844713857,22.384487,3.837223,2.9187692562462555,4.304825,1.7389228
2013-05-16 09:00:00,31.39345761186138,37.647125,22.928375,20.105297939225146,39.916245,9.610161,2.5828683407286874,3.9482303,1.4789586
2013-05-17 09:00:00,30.20859027935859,37.471344,21.258453,24.71340825596329,55.913773,7.2731495,2.9186877128985103,4.2264624,1.8597287
2013-05-18 09:00:00,26.758150341031126,33.054108,19.759918,40.76739705704269,83.560745,18.513424,2.569775100834796,3.5954335,1.6635526
2013-05-19 09:00:00,29.11563975759276,34.41397,22.376862,23.6004858948281,33.455967,16.566359,1.8831576383887478,2.687582,1.0881238
2013-05-20 09:00:00,31.893193113877658,36.69278,25.91153,14.33173478946296,22.35639,7.721963,1.7650652642228433,3.5732543,0.09779474
2013-05-21 09:00:00,31.243542383034423,34.595367,26.655914,13.021100568622186,26.216904,5.7669935,1.2628740377768464,2.3126025,0.20122567
2013-05-22 09:00:00,32.62933893477515,38.169342,25.423248,15.670970109173549,28.652134,8.757648,2.702534886207444,3.8843317,1.569217
2013-05-23 09:00:00,29.98156458561715,37.57364,21.282623,17.796011645195744,63.629906,1.7429047,3.1655068250729563,4.6284027,2.0178978
2013-05-24 09:00:00,27.889913645025672,34.535553,19.709381,16.171410621425974,40.018074,0.35968763,2.2395894701656607,3.1067178,1.6801317
2013-05-25 09:00:00,28.460444413521714,34.623688,20.94986,13.245305070730907,33.437828,2.4144592,2.468170914766855,3.6542726,1.3327141
2013-05-26 09:00:00,28.903811045902444,35.457672,21.123688,14.52349325849739,38.99968,1.6807737,2.5564502079937506,3.7016845,1.601697
2013-05-27 09:00:00,28.22374044138394,34.440826,20.546295,25.810216635812022,47.416565,14.277346,2.2312499741330813,2.914921,1.2999729
2013-05-28 09:00:00,29.59617963368106,35.17447,21.53189,30.5174003020092,58.189476,17.167099,2.243517739841175,3.351795,1.3792148
2013-05-29 09:00:00,29.76485172864426,35.643707,22.742096,24.124169782461504,35.619186,12.356228,2.1078933200552274,3.0286367,1.3435661
2013-05-30 09:00:00,32.26198854586329,38.080963,25.350494,24.256868224859048,34.161114,18.14991,1.7721974944139183,3.5093226,0.803455
2013-05-31 09:00:00,32.823363183784636,37.677887,25.52359,23.66737801143935,32.95027,18.241604,1.4157861732967734,2.7956529,0.4063897
2013-06-01 09:00:00,34.06953816230009,38.202545,27.235016,13.99032937916655,23.3376,7.7516623,0.7328556336469759,1.5542694,0.05971941
2013-06-02 09:00:00,35.73199779273597,41.271637,26.644684,12.033399337989923,22.415623,6.6929655,1.2179775561771393,2.2202854,0.46264043
2013-06-03 09:00:00,35.075438717794725,41.856842,24.122467,16.38629306669776,28.780937,6.9129972,2.528248375864347,4.2325945,1.3974247
2013-06-04 09:00:00,33.38338196365885,39.642242,23.29068,15.284961245307853,24.22477,2.1622705,2.1426833554924993,3.46524,1.1766227
2013-06-05 09:00:00,33.52695103846594,39.86075,23.84903,9.670487281057168,23.729855,1.6477796,1.8067658696984294,2.6872773,1.2508988
2013-06-06 09:00:00,34.98919273467021,41.312897,24.81485,11.693947555062536,23.23933,3.7338858,1.8484289587831355,2.7635808,1.2846946
2013-06-07 09:00:00,36.6779819391985,44.037262,24.088043,10.531830084583586,17.053719,5.0384064,1.7672614926458827,3.0095894,1.0118424
2013-06-08 09:00:00,37.410989650999625,44.814606,24.588043,9.774038607636527,28.155369,0.30311584,2.0942349004973675,4.5069027,0.79803526
2013-06-09 09:00:00,35.44428287846614,42.062897,22.857819,9.031235047298894,25.291054,0.9517536,2.253940580261255,3.9454436,1.0601759
2013-06-10 09:00:00,34.84848365011845,41.84195,24.246246,12.007397084612382,19.708141,-1.9832659,2.5016899175623557,3.7046669,1.0711114
2013-06-11 09:00:00,34.83989156810037,40.74649,28.220612,13.368545489640722,23.07401,7.6959796,1.8585793505078378,2.3987913,1.1797343
2013-06-12 09:00:00,35.50423341627112,41.65738,25.975739,12.529231683273593,19.385271,9.627109,1.6412432375295705,2.3032186,0.7624089
2013-06-13 09:00:00,34.640883789726274,42.215973,23.87613,13.085608090902204,22.785667,6.7481985,2.2461425700746593,3.4654522,1.3616791
2013-06-14 09:00:00,35.14890846026992,41.7128,25.968658,8.060235499795835,12.455174,3.3028305,1.4878702814649458,2.5813963,0.62645
2013-06-15 09:00:00,34.509975497870016,40.71768,24.377838,8.974321163950385,18.860043,1.4015591,1.972771944932564,3.3214476,1.0954523
2013-06-16 09:00:00,33.963447121855836,40.57364,24.663483,7.2591575404162,16.778408,-0.424716,1.9244510575950196,2.6543088,1.244421
2013-06-17 09:00:00,34.615994035218705,40.934967,25.702545,8.072726100329593,18.81018,2.4487152,1.4539006396868632,2.2288983,0.7804074
2013-06-18 09:00:00,35.039113783435255,41.42105,26.17691,10.718660576107553,26.003721,6.2927837,1.9668002114207823,3.128942,1.1300201
2013-06-19 09:00:00,34.24579438382773,40.83609,25.338043,11.936780839703856,27.826727,4.2282867,2.251618114628804,3.1228347,1.5688251
2013-06-20 09:00:00,33.11634511663402,39.721832,25.075348,13.190799996616498,25.226498,4.366046,1.6450502963600184,2.6785817,1.0483813
2013-06-21 09:00:00,33.757944678101126,39.907135,26.161041,11.50390159707868,28.589968,5.3868427,1.7648464165726314,2.8958957,0.7805237
2013-06-22 09:00:00,33.623102443331334,40.024567,25.477692,15.537638034489783,31.841827,9.37148,1.8672447942134072,2.6098473,1.1981531
2013-06-23 09:00:00,33.885120165047454,40.085846,25.439362,20.226410586658883,41.11464,12.963004,2.140609281348773,3.1294866,1.0939386
2013-06-24 09:00:00,32.42817880122368,39.604156,23.227203,24.53741395855743,49.463547,11.816305,3.091608576867579,4.4446893,1.6393405
2013-06-25 09:00:00,30.2757505881861,37.029205,22.779205,39.404547253381935,62.777237,17.79543,2.3537436949530637,3.2213957,1.6943349
2013-06-26 09:00:00,34.36709221001428,39.40811,27.753326,35.21701980938024,43.60417,28.046856,1.7342288580445302,2.9540658,0.648864
2013-06-27 09:00:00,36.77438218337085,41.696686,30.229889,29.067619856178137,33.836754,16.719612,1.7788721687637765,3.1600442,0.7236841
2013-06-28 09:00:00,38.300359011482726,43.271393,30.880768,21.100862618927845,27.431252,10.876563,1.379857544096929,1.9234397,0.83917594
2013-06-29 09:00:00,42.05343136079733,48.021637,32.765778,9.05160925268642,14.297169,5.180441,1.9123742223951707,2.6065242,1.019801
2013-06-30 09:00:00,42.91997591138767,48.256012,34.16812,10.776855142894355,14.500807,6.841954,1.5547364469651614,3.414664,0.5320771
2013-07-01 09:00:00,38.92851481278245,45.12613,29.227692,14.052132892294537,23.494347,7.935753,2.1305123026972157,4.1210656,0.7811232
2013-07-02 09:00:00,38.8244411369152,45.042633,30.241852,20.549439629919313,32.233128,11.0402355,2.318521974025865,4.7050643,0.4675284
2013-07-03 09:00:00,37.02546206854356,42.927887,26.970123,23.683658824844915,38.698814,17.194433,2.769683963258304,4.7923803,1.1376094
2013-07-04 09:00:00,38.68776418146393,45.2128,29.708893,22.03890438654866,35.413902,16.101643,2.9156975081312178,5.56283,1.209447
2013-07-05 09:00:00,38.861011262613374,43.937164,29.57193,21.46970019384877,27.765543,14.222574,2.9243687798903744,5.6157584,1.156459
2013-07-06 09:00:00,37.303617052562856,43.19107,26.724274,24.039784184618235,30.094368,14.418587,2.3404924377148713,4.26713,0.87538147
2013-07-07 09:00:00,35.96906658665034,42.400055,27.845367,23.761750014965216,31.770077,12.812804,1.7824581761518128,2.7209756,0.8059382
2013-07-08 09:00:00,38.61621993424552,44.96109,29.832184,13.64526209245204,17.91267,7.942606,1.5235876222663343,2.1852145,0.92118156
2013-07-09 09:00:00,39.80370314004119,45.622467,32.39395,12.733303212293082,14.882765,9.296827,1.7153533230884943,3.5088487,0.29719153
2013-07-10 09:00:00,38.07284427132498,42.88907,29.973053,17.022017686889598,23.47839,9.111203,2.2477513559749114,4.4483247,0.7286851
2013-07-11 09:00:00,33.919700662623086,39.147614,26.030426,31.69589776243422,40.72066,21.728474,2.1565693072945433,4.052647,0.80041504
2013-07-12 09:00:00,32.07907462576452,37.621246,26.552887,46.89250440094529,56.660618,37.484837,1.2321189812495346,1.7627013,0.27009693
2013-07-13 09:00:00,34.1060210581029,38.702057,28.379303,28.617783540229283,39.85769,8.049097,1.748728413914241,3.2426329,0.47489038
2013-07-14 09:00:00,36.16962643066887,41.794098,29.034332,25.199073613037363,38.11084,13.513183,1.405694168684066,2.3030381,0.5442008
2013-07-15 09:00:00,37.31594208252852,43.60269,28.86441,23.957623939442986,31.090427,14.660739,1.6058754924386276,3.011555,0.42075098
2013-07-16 09:00:00,36.608336647668864,42.693512,28.834137,15.943566561956562,25.184223,-1.2034779,2.338633240414426,3.4300892,1.6031327
2013-07-17 09:00:00,36.69259776797594,42.04068,29.5878,12.344707172925354,27.37378,3.2800293,1.8212115462600742,2.9597278,1.0256485
2013-07-18 09:00:00,37.20473133904517,42.641266,29.842438,9.326225376883952,18.056837,3.6793556,1.3469704096346153,2.3617282,0.65547776
2013-07-19 09:00:00,38.193550860042706,43.85855,29.141754,12.614756640656934,20.869308,0.8575897,1.903131067844373,3.7071898,0.3850333
2013-07-20 09:00:00,35.425861817766645,39.05606,28.100983,28.419905413363217,46.1572,4.6493864,2.043455107270881,3.9281726,0.6079202
2013-07-21 09:00:00,31.50625193723363,37.537506,25.355865,60.76020746408218,72.27085,46.218655,1.8258882239253242,3.7904525,0.38959083
2013-07-22 09:00:00,30.24654406971723,34.37686,26.474518,67.93535893595362,77.38129,56.50102,1.1246534636393497,2.013599,0.28146124
2013-07-23 09:00:00,32.05960475906028,37.741364,24.881989,52.883910089682914,66.18469,41.60004,1.3109772169655192,1.9239931,0.20574798
2013-07-24 09:00:00,33.881120454140955,40.122467,26.51529,42.4603003427891,52.487854,35.62015,1.6992066807315869,2.53125,0.9655113
2013-07-25 09:00:00,36.2170168096074,43.778717,27.210358,26.468243286317826,32.89488,19.000347,2.3183755607882683,4.3276787,0.9783882
2013-07-26 09:00:00,35.55482530323849,40.822906,28.033844,35.8016009525457,53.127907,15.234044,1.4551398811311027,3.4327025,0.45870334
2013-07-27 09:00:00,34.017434143133244,39.94693,25.880524,44.87666572344946,53.39304,35.332222,1.2039279665967495,2.389277,0.55422384
2013-07-28 09:00:00,34.125055069636915,40.262848,26.397614,32.3205300492619,43.400322,3.540946,1.6698897670257276,2.2697928,0.85810363
2013-07-29 09:00:00,35.18243897998536,42.325104,26.008698,12.105850801815855,20.357576,5.1551647,2.3888549695243615,3.7912035,1.3294476
2013-07-30 09:00:00,36.00182128648436,42.35904,27.536774,18.120389161788328,29.0649,10.420863,2.0825124748128188,3.8402421,0.6077126
2013-07-31 09:00:00,35.36709952933154,41.779938,26.62564,29.53980209538835,39.043697,2.289792,1.6544217702971127,2.877873,0.52116364
2013-08-01 09:00:00,35.742348823310465,42.555084,25.066803,11.259561744697907,23.736435,-0.15582466,1.705292850054306,2.8362503,0.8200735
2013-08-02 09:00:00,36.177586379028526,42.995026,26.180573,11.70751524652098,24.102001,0.6910782,2.1265337118266574,4.1713195,1.0875219
2013-08-03 09:00:00,35.42481515661035,41.83145,26.184967,11.73823431766861,25.0097,3.4964123,1.928702280519049,3.5065784,0.9151901
2013-08-04 09:00:00,35.36684948534361,42.09024,26.232819,12.514277896719667,23.998077,2.8326635,1.5468874617926471,2.7056942,0.7273709
2013-08-05 09:00:00,36.44932641656459,42.250153,27.521637,10.08575013138168,17.005985,2.6224432,1.8068707298732922,3.1947062,0.7582704
2013-08-06 09:00:00,35.32107818052066,39.527008,28.19107,11.771833289104114,27.442593,1.2746105,2.376601905651108,4.430551,0.73143417
2013-08-07 09:00:00,34.708068273325296,39.847076,26.216217,10.640644894674553,21.90318,5.215678,2.4274952033936024,4.1766615,1.4383429
2013-08-08 09:00:00,34.723879046380546,40.73477,27.459381,11.954950684869571,18.547686,7.180498,2.045684413225369,3.079194,1.2375164
2013-08-09 09:00:00,34.60445969449165,41.214752,26.66983,13.129266856754935,23.15348,6.083167,1.8627019281752115,2.7019634,1.2148869
2013-08-10 09:00:00,33.87272944658065,40.81192,25.565826,13.857285199381726,21.459614,9.14718,1.636976147793235,2.699856,0.9762425
2013-08-11 09:00:00,33.81788609347831,39.919098,25.30191,12.704095027650787,18.885216,6.9420424,1.4433081946237125,2.7874146,0.5775865
2013-08-12 09:00:00,34.68608764219408,40.420563,26.797516,12.732788868863222,17.73082,7.674836,1.101151222361393,1.7348286,0.3549782
2013-08-13 09:00:00,35.9658275016273,41.558258,27.720367,11.323430194491346,17.216516,7.989092,1.1476678603579644,2.1597672,0.51303357
2013-08-14 09:00:00,36.31221399513208,41.342926,29.805817,13.713532521444948,19.048073,5.3332434,1.0768323778076165,2.0441768,0.33860648
2013-08-15 09:00:00,36.81755866985384,42.068756,28.93399,14.043697558740767,19.485239,10.032114,1.159664747108661,2.1727142,0.3852431
2013-08-16 09:00:00,37.293615935756236,43.737457,29.647614,26.54665595833034,35.003586,18.9691,1.331912828081057,2.2414415,0.34674817
2013-08-17 09:00:00,38.789881109833004,45.067047,30.397125,26.21511410721089,33.573524,20.408867,1.6943402463775377,2.7685401,0.86805546
2013-08-18 09:00:00,38.43098831500146,44.844147,30.613678,22.765804843299783,31.556934,17.15505,1.2505089983312643,2.0388942,0.4547973
2013-08-19 09:00:00,35.83687649383563,42.144928,28.12149,29.93692501711053,38.13421,23.07279,0.9010885702703356,1.6466769,0.15329471
2013-08-20 09:00:00,35.572843118351614,41.800446,28.829742,28.08943704539407,34.618816,18.661785,0.6882389031618874,1.2069715,0.27868807
2013-08-21 09:00:00,37.33139449127589,43.02945,30.056793,18.15552449119371,26.654593,12.447561,1.5746319887448579,2.6252894,0.78880674
2013-08-22 09:00:00,37.639466548983705,42.579987,31.011627,19.09081600435442,26.554329,13.980111,1.4378290536293217,2.7878802,0.08743329
2013-08-23 09:00:00,35.66907001617136,39.647125,30.180328,32.961446170451865,48.610115,20.990078,1.38522278163831,2.205822,0.3304832
2013-08-24 09:00:00,34.02048822634009,39.565826,27.097076,32.52949481357989,58.53375,7.465727,1.628359260527705,2.7284787,0.39592847
2013-08-25 09:00:00,29.859934988383316,34.072906,24.322906,45.21357808220825,71.08944,8.438263,2.026841615880142,3.313477,0.9753969
2013-08-26 09:00:00,26.341701427879173,31.588776,21.963776,70.7048858767704,83.93671,57.49421,1.3628484382514887,2.6842716,0.27413356
2013-08-27 09:00:00,29.435091488182195,33.602203,24.307037,58.128613304422025,68.725075,45.941593,1.3259916946485013,2.9462278,0.11047032
2013-08-28 09:00:00,33.09568018961107,37.908844,27.669098,47.885360519201285,56.59063,37.26994,0.8574199434153756,1.4512676,0.21635675
2013-08-29 09:00:00,34.95414192022878,41.053864,27.940582,38.29337326777315,49.770935,26.067978,1.3489287834368104,3.3393168,0.36848718
2013-08-30 09:00:00,31.988259704465975,36.62613,27.43277,70.15942062987439,83.60599,53.27786,1.5446450564170688,2.2589157,0.4824155
2013-08-31 09:00:00,32.19130057395864,37.025055,26.905426,60.27359314904913,74.63481,46.92167,1.6619025738336242,2.428529,0.8635434
2013-09-01 09:00:00,33.47525646781969,39.598053,27.15274,53.359883103907336,75.66339,40.383644,1.3117389354445586,1.8495169,0.24240379
2013-09-02 09:00:00,34.77621998496983,41.68814,28.125885,37.570142404031714,45.01054,31.281021,0.9904999762682526,1.618648,0.19105804
2013-09-03 09:00:00,33.41657625377292,39.384186,28.22647,40.955106549248455,48.189667,31.439667,0.8325598693027555,1.3776811,0.34757787
2013-09-04 09:00:00,35.973350740774606,41.629303,29.541168,32.270968169604885,44.162212,18.578392,1.052116785686178,2.2342796,0.13861918
2013-09-05 09:00:00,34.31779985822794,38.4169,29.352936,36.84907293911451,50.213577,23.520487,0.8776959596777288,1.8995181,0.27811605
2013-09-06 09:00:00,36.390426192545306,42.715485,28.300446,25.91478979961883,33.80028,21.125244,0.7482320049212398,1.3840151,0.24596433
2013-09-07 09:00:00,36.24838043391725,41.018707,27.856598,53.386950134384506,63.372383,37.903366,1.3067259470880568,2.8702977,0.37911308
2013-09-08 09:00:00,31.24091655273196,36.511383,25.223785,45.68468553876952,59.142784,18.112854,0.7531956236987973,1.5456128,0.38967082
2013-09-09 09:00:00,31.565547923591566,36.637115,25.88565,37.709793005619964,51.973488,22.66099,0.9270577894920277,2.011122,0.21599767
2013-09-10 09:00:00,29.988141062823274,35.399323,25.661041,43.00989706239712,69.49805,23.482422,1.2216997092353152,2.0081356,0.13456863
2013-09-11 09:00:00,30.12033523184033,33.67984,24.012604,31.44267347588422,55.645447,24.482262,1.5824509369830553,2.0451777,0.8924754
2013-09-12 09:00:00,32.408899321587114,38.02188,25.858063,25.60007971354532,43.66304,3.375883,0.7407431603735838,1.3897495,0.06592358
2013-09-13 09:00:00,34.100937747557,38.83316,27.610504,17.742156783859745,32.596897,11.063219,1.0687875073328457,1.9385353,0.5990368
2013-09-14 09:00:00,35.74457300190659,41.050934,29.11734,19.67978332059778,29.820312,11.158751,0.8129934549119778,1.3543098,0.16373377
2013-09-15 09:00:00,36.40001417821361,41.127594,29.904938,22.477197390295263,29.766956,15.992623,0.9353962906288232,1.5315688,0.37787735
2013-09-16 09:00:00,36.718158652896875,42.47403,29.891998,22.580988131101105,28.327652,14.733738,0.8223744901626158,1.6288491,0.26912826
2013-09-17 09:00:00,36.4481409939612,42.728912,29.279694,18.583004806633706,25.10175,10.005668,1.535051930653817,2.1828911,0.517901
2013-09-18 09:00:00,34.31883077072462,41.56485,25.623444,9.63807173306507,21.561184,0.21745491,1.8478959657026475,2.6608286,1.2070024
2013-09-19 09:00:00,32.528954945488465,38.275543,25.199371,14.495462250836484,20.022957,11.0764065,0.9752071758778073,1.7050538,0.14426571
2013-09-20 09:00:00,33.0839815974324,38.589752,25.052643,17.04693387898202,30.128422,10.0729265,0.6676368424551042,1.8867086,0.13653968
2013-09-21 09:00:00,32.11608374822299,38.978912,22.892975,15.144980293285183,30.13654,3.2107592,2.1458417197647313,3.3627484,0.9397735
2013-09-22 09:00:00,30.009437198415412,37.407135,21.311432,24.72292371820784,57.801533,7.868269,2.5829094782482933,3.451691,1.3829696
2013-09-23 09:00:00,28.425278447933124,31.712067,23.593414,19.622207215969944,23.701687,13.95607,1.5455899547253027,3.2194736,0.19261377
2013-09-24 09:00:00,32.68281053599418,35.876373,28.102936,17.471305227364688,21.551619,14.84033,0.5653510332825658,1.1352456,0.087235525
2013-09-25 09:00:00,32.258494737887474,36.76236,26.317047,17.1646101850827,27.810959,12.812376,2.619595944328779,4.058386,1.2305065
2013-09-26 09:00:00,28.236947000274085,35.316803,19.963287,21.95297402036766,56.413876,6.5904207,2.8715434243798152,4.089281,1.8737129
2013-09-27 09:00:00,24.012638729860328,29.12442,17.117828,20.00481272157812,24.200447,15.384042,2.675429783896576,4.7884693,0.13687056
2013-09-28 09:00:00,25.57922398506554,28.381744,20.635162,14.898168157195704,18.93677,10.127963,2.062293979875957,3.6143177,0.8313847
2013-09-29 09:00:00,28.92907178152774,32.559723,23.903473,12.259676795263996,16.307932,8.239031,0.6115078321709285,1.4000663,0.106632866
2013-09-30 09:00:00,30.584381899143807,34.48111,25.91275,11.564146997335232,16.317974,8.302348,0.8736432098144752,1.3712356,0.16639292
2013-10-01 09:00:00,31.552542070374102,35.760895,26.40738,14.234005041493095,23.539282,10.234594,1.2887416074256426,2.5187845,0.14689277
2013-10-02 09:00:00,30.24847952088635,34.607574,24.48648,15.716706124120567,25.067617,7.798086,1.9963375716556144,3.5854306,0.38693708
2013-10-03 09:00:00,28.880544283585607,34.387604,22.090729,31.35853982702117,51.30715,21.535225,2.378097275226082,3.763148,1.451458
2013-10-04 09:00:00,27.136762887199836,32.71524,19.1232,11.267655800694678,16.47777,4.5207386,2.5452989234826036,4.8502755,0.38169572
2013-10-05 09:00:00,24.472787669969478,27.478424,18.771393,11.34384768978494,14.651132,5.8180923,4.2383084065119325,7.0792785,1.8990929
2013-10-06 09:00:00,26.423793123652615,29.332916,22.022614,10.283578935953011,12.910228,7.034075,3.028898629543604,4.9173107,1.122563
2013-10-07 09:00:00,29.70454356959567,32.697906,24.916656,8.23052470880958,11.528871,5.4348307,0.905893437519617,2.2049394,0.03473555
2013-10-08 09:00:00,28.722524454069912,32.83609,22.882965,12.024287609721126,16.397518,8.322991,1.4444721415338648,2.110932,0.782693
2013-10-09 09:00:00,26.11857558885947,31.912994,18.618073,29.970743758433663,68.74579,10.077342,3.4266202808904636,4.918026,2.1937547
2013-10-10 09:00:00,17.409536954267423,23.861237,11.719635,56.64517397707431,74.70052,39.161457,2.587637986756655,4.3273873,0.5967171
2013-10-11 09:00:00,20.25411872350736,22.818512,16.414215,42.05069611895085,49.773884,34.449665,0.5699923907136696,1.0983676,0.10149462
2013-10-12 09:00:00,23.873121191252267,27.485504,19.077301,33.09619182394531,44.500164,24.039448,0.6830141130248066,1.5775545,0.22111417
2013-10-13 09:00:00,25.145846169108324,29.577545,19.360748,31.00976195781801,49.471718,22.13578,1.8828819689136516,3.186213,0.6463026
2013-10-14 09:00:00,24.903553518962383,29.67398,17.50772,23.74611805400202,29.364395,19.012833,1.2875928605180498,2.2037613,0.19652931
2013-10-15 09:00:00,25.009610324039784,28.386139,18.753326,21.270365043930596,25.094444,15.71712,2.3024926795741054,3.7402084,0.9377014
2013-10-16 09:00:00,26.18872317899502,29.021637,20.589996,18.10679567170112,21.904314,12.353975,2.524974918578007,4.9263415,0.6649002
2013-10-17 09:00:00,25.68732787343521,28.370758,20.712555,14.735718438785767,17.506584,10.869866,1.1789854729843665,2.5673153,0.07233312
2013-10-18 09:00:00,26.223006712909125,28.939606,21.52945,10.864496396176097,13.220153,5.7787085,1.149883239726687,2.5276232,0.060317222
2013-10-19 09:00:00,27.80563634562907,30.995514,22.09317,11.374131067401839,14.821824,8.044434,1.7935830609087955,3.4428375,0.33858782
2013-10-20 09:00:00,28.875024845028236,32.03409,24.004791,9.728051003990327,13.50402,7.5040874,1.0889115557224247,2.061117,0.40771627
2013-10-21 09:00:00,28.440842416287296,32.309967,22.665436,8.662279861230267,10.985715,5.9877195,0.830843733021755,1.6433594,0.11743316
2013-10-22 09:00:00,28.418906275633162,32.097565,23.203033,12.177613767575755,14.505495,9.618776,0.8977488965929357,1.6254452,0.27107805
2013-10-23 09:00:00,28.21286544603481,32.669098,22.374176,14.654832681357023,17.70113,11.133308,1.0762790972090397,2.128601,0.13015322
2013-10-24 09:00:00,26.429516708243455,31.895416,19.330963,16.350006879603022,28.167292,11.253795,0.9630795083098574,1.5756952,0.40789035
2013-10-25 09:00:00,26.790093137491795,31.40567,20.43692,14.769115295747065,22.5329,6.944665,0.887223623560965,1.3295364,0.3166251
2013-10-26 09:00:00,28.079670965539094,32.054108,22.261139,14.770159718438228,18.041637,10.935771,0.9124111497260807,1.838128,0.0853126
2013-10-27 09:00:00,28.421279369289778,32.915436,21.909576,17.51703296302445,20.676401,14.711557,0.6120468876664473,1.2514461,0.18464339
2013-10-28 09:00:00,26.632669368139773,32.315826,19.08731,21.887668289644264,32.994205,15.779362,3.8922144025771876,5.7443786,2.1272566
2013-10-29 09:00:00,17.477427480724884,23.409088,9.42984,61.62562147434034,86.08622,39.025867,2.598171195285789,4.0629234,1.2162474
2013-10-30 09:00:00,18.192497223794533,21.989655,12.6041565,44.978598856173974,53.596264,37.320675,1.381744517921416,2.3568244,0.025784917
2013-10-31 09:00:00,20.251529372677624,22.88858,16.01065,21.77733780970927,30.570536,16.219769,1.4276135142997242,2.545131,0.13855547
2013-11-01 09:00:00,22.597962853767626,25.065826,18.578033,20.39941464956503,25.75373,16.206856,1.7753937420294732,3.0532038,0.31981224
2013-11-02 09:00:00,25.35038729456852,28.193756,19.795319,17.096304038209105,23.193111,11.374381,1.5100540456491809,2.4688933,0.29900146
2013-11-03 09:00:00,24.093460683610942,28.047028,18.527496,20.43001229674368,30.746353,16.512177,1.3736552572515968,2.416401,0.21346958
2013-11-04 09:00:00,22.334555145885588,27.137115,16.041412,36.48895426616409,68.63856,23.622934,1.2222109978597988,2.251997,0.4315626
2013-11-05 09:00:00,20.205236466119345,25.077057,12.287994,19.75251395504481,28.834862,8.813074,2.9763477952206903,5.972866,0.08354686
2013-11-06 09:00:00,19.41007943007901,21.893951,15.372467,8.354709163307598,14.448692,4.8165884,2.7784721047335297,4.8451285,1.0416151
2013-11-07 09:00:00,22.450228238082957,25.580719,18.5607,7.824671932673622,10.418086,5.9629307,2.055457838125255,3.2404432,0.5374861
2013-11-08 09:00:00,24.544400521925297,27.523346,19.2211,8.693696039386017,10.145732,7.0507164,0.7822908718137113,1.8105804,0.10039887
2013-11-09 09:00:00,24.81662593329804,28.011627,20.130768,8.847529737662787,11.454484,6.7563095,0.5078009366095444,0.86596584,0.08442635
2013-11-10 09:00:00,24.377570216180175,27.68814,19.553375,10.488252444400347,20.104912,3.6166296,0.6680335421682257,1.3672049,0.07995633
2013-11-11 09:00:00,24.839017449551818,28.464508,19.707428,17.5059688247752,31.157965,9.220659,1.552372441053077,2.974364,0.21960452
2013-11-12 09:00:00,27.070390613169536,31.199677,21.361786,19.3974633532358,23.8922,15.523093,1.6653658023172306,3.0059292,0.24426004
2013-11-13 09:00:00,25.46475706112608,29.328766,20.953278,17.68445704799421,20.867607,14.180106,1.4004781440472502,2.346855,0.52559584
2013-11-14 09:00:00,27.431494549058243,31.096588,21.368073,19.403755615061275,25.172352,14.685114,1.2646684830085952,1.9700755,0.4345034
2013-11-15 09:00:00,26.427862773972095,28.839508,21.382477,22.962047535323457,29.043724,17.512474,1.9975541689918863,2.8772128,0.87683284
2013-11-16 09:00:00,20.3661215868986,26.544098,12.538239,49.444257764056985,87.44456,27.077492,2.313648796184536,3.6056752,1.3578725
2013-11-17 09:00:00,18.11231088062118,22.43692,13.160309,60.13260781329708,77.04877,51.702213,1.3271891526089905,1.9358485,0.8468173
2013-11-18 09:00:00,18.788714486547008,22.910065,14.179596,60.214226329308886,67.226944,50.58335,0.8414184766671715,1.8289971,0.16201463
2013-11-19 09:00:00,20.078990264726826,24.675446,14.560211,49.25079457178733,70.91545,32.578323,1.249180085140982,1.8870921,0.54407966
2013-11-20 09:00:00,18.929229063861726,24.070465,12.461853,59.126714514589366,81.79944,42.20508,1.458501756836983,2.5220747,0.76284033
2013-11-21 09:00:00,18.985964203248045,24.182404,11.522247,67.73134099762134,95.87774,51.407692,1.8662067549602703,3.0150604,0.9365308
2013-11-22 09:00:00,16.14750989823534,21.463715,8.631683,67.88740440253686,82.884995,48.58421,0.7884028986752137,1.4545411,0.13988933
2013-11-23 09:00:00,11.437529508418038,14.594849,6.4815674,81.76353745596002,96.58113,66.62116,2.058083189434407,2.9238386,0.97834057
2013-11-24 09:00:00,12.902905599478743,15.480347,7.864746,74.22048301654911,85.43044,63.845314,1.6347710228359882,2.6025043,0.6251366
2013-11-25 09:00:00,14.939140453369475,17.148651,10.471344,44.096935562904456,51.93012,35.426212,1.3315935042577658,2.2321522,0.2876361
2013-11-26 09:00:00,18.17217401776975,21.223297,14.254547,24.591542906720324,31.659498,18.01865,1.4098798230350915,2.1637082,0.08995267
2013-11-27 09:00:00,18.067989975968487,20.618317,12.544098,35.261622544851946,43.05172,22.879847,1.848138404515001,3.711884,0.34954357
2013-11-28 09:00:00,17.838435717477978,20.435944,11.957428,38.15401454624253,49.42134,25.684261,1.4995814188642198,2.7072895,0.43815225
2013-11-29 09:00:00,17.949123903548127,21.558533,12.054626,49.00797977779819,62.384995,39.55111,1.0497710144414507,1.7066832,0.46680474
2013-11-30 09:00:00,17.67986941172842,21.514374,12.614899,41.388772331315565,47.20875,34.40797,1.7320963670940548,2.48279,0.40597743
2013-12-01 09:00:00,19.32840031339299,23.208893,14.335846,24.799933402881226,29.499325,18.304012,1.8569784863803804,3.1782172,0.33863682
2013-12-02 09:00:00,20.393828375307635,24.190338,15.780914,12.538208062196667,15.996772,9.625292,1.1811121755437575,2.0376341,0.13647977
2013-12-03 09:00:00,20.122977477586517,21.739166,17.182526,13.970213746719013,23.14727,10.8543005,1.5892654120095122,2.9623337,0.4783881
2013-12-04 09:00:00,18.906517749284546,23.783081,11.197144,46.54465539417254,80.61162,29.545816,1.9854314322772288,3.2118266,0.47732085
2013-12-05 09:00:00,11.531860002171072,14.90329,5.80954,46.93410362065974,80.81058,27.254436,1.6656200914861468,3.2622814,0.30290598
2013-12-06 09:00:00,9.883125190681994,12.515076,4.282654,50.72776028272392,74.10002,35.28752,1.2709487056742927,2.1656709,0.5991311
2013-12-07 09:00:00,10.118021392828553,14.0355835,4.6918335,60.18941226040537,91.953064,42.349304,2.171133139510419,2.9529676,0.7858868
2013-12-08 09:00:00,10.78833947822136,15.899658,3.1203613,55.35528450675827,89.37588,35.06338,1.596732847908182,2.670101,0.14951715
2013-12-09 09:00:00,9.26546106099346,12.327667,3.5464172,13.956296390852827,20.337645,7.4626446,2.719717189339002,5.2405996,0.82321596
2013-12-10 09:00:00,8.787756812839518,12.411011,5.702057,7.747290287446267,12.244041,3.4666977,3.040037393154478,5.1987376,0.39267296
2013-12-11 09:00:00,12.527763646250833,16.173096,8.39798,7.8441625498097105,12.92018,5.052993,2.0916003582691793,3.5326548,0.34717038
2013-12-12 09:00:00,15.466759091254062,18.889801,10.45517,11.513842789725095,17.916348,8.351902,2.2378258782136484,4.18591,0.42172673
2013-12-13 09:00:00,15.580399983343568,18.378387,10.132355,21.604001452786555,30.402828,11.066911,1.2203132676533186,2.0119283,0.39646354
2013-12-14 09:00:00,16.961271471862915,19.31247,11.740204,16.68854595599124,20.606636,13.481635,2.3718871346384303,4.7050033,0.65717506
2013-12-15 09:00:00,18.100325326186066,20.948975,14.038422,11.287525517778416,16.292215,6.8117466,2.5885755532163413,4.152049,0.52807707
2013-12-16 09:00:00,20.25060718623996,23.71347,17.151825,11.701595354336852,14.227577,9.880437,2.1214180881359153,3.1572347,0.49989885
2013-12-17 09:00:00,22.72908437813345,26.788849,17.457275,11.223614319629581,13.496665,9.429893,1.927366542265189,2.8606296,0.48855573
2013-12-18 09:00:00,23.001196839811882,26.218536,18.298615,11.473486204620158,13.363341,9.504008,1.2552021329387189,2.302705,0.18112019
2013-12-19 09:00:00,19.006540586761446,21.639923,13.979767,21.32701631221929,33.898838,13.689155,2.1092533330614,3.0836391,0.70053715
2013-12-20 09:00:00,12.9455403881081,17.754303,6.8369446,51.51085264543229,59.48156,43.13781,1.8510571248135494,3.0784097,0.27490216
2013-12-21 09:00:00,15.183876182376935,19.170776,9.020386,26.91159997314975,57.306908,12.803557,1.9543447812581123,2.9775445,0.4632695
2013-12-22 09:00:00,16.470115348584557,19.641968,10.317749,35.60141590510902,41.400177,26.5129,1.0672126787284062,2.1507468,0.0697928
2013-12-23 09:00:00,17.39625999571291,19.826996,12.543793,30.643635923832896,37.460335,23.682781,1.5847787211323225,2.6252403,0.2727981
2013-12-24 09:00:00,19.15692484707739,21.348785,14.86673,22.850848745449255,31.034716,17.243664,1.877513826565736,2.7996194,0.46605638
2013-12-25 09:00:00,21.942016960564615,24.137054,16.695648,11.944656062325276,18.287754,3.6197853,2.6944749063902687,5.042157,0.73503864
2013-12-26 09:00:00,20.249810459858224,23.073822,14.288666,9.384689595159168,12.571565,5.372346,2.413866902578004,3.741996,0.7084467
2013-12-27 09:00:00,20.112587455374182,22.687042,15.241364,7.863924454845642,11.954558,5.1877985,1.984813836067724,2.8647587,0.6599291
2013-12-28 09:00:00,21.838330065004698,24.740509,16.220978,11.479922924133083,14.612371,7.5462046,0.6857930473997409,1.4523559,0.10322418
2013-12-29 09:00:00,18.811749989341877,20.522797,15.102875,13.337255632254879,18.37823,8.002199,2.117035610237041,4.258272,0.35981315
2013-12-30 09:00:00,17.938790503959524,21.116241,13.118866,7.015396777828988,9.863984,3.427682,2.19760137266348,3.9389987,0.47592977
2013-12-31 09:00:00,19.15027035314415,20.934296,16.029999,7.667716758382027,10.334207,5.587345,0.9959137445446035,2.065583,0.049224786
2014-01-01 09:00:00,19.102475216409687,20.445038,15.993866,10.043241665799783,12.093767,8.510782,1.4136331079125415,2.5831084,0.16244426
2014-01-02 09:00:00,21.226381575645235,23.134796,15.964874,17.801449307475846,23.510937,10.981099,1.8202650534262708,2.8092237,0.6007683
2014-01-03 09:00:00,20.965361607732916,23.452606,16.126434,19.997312234322138,21.987617,17.108711,1.0690750807763671,2.1063814,0.0840569
2014-01-04 09:00:00,20.13460967823488,22.635284,15.359894,21.67211520553255,23.831192,18.288223,0.7815788120803163,1.3911575,0.25022092
2014-01-05 09:00:00,19.67886508418877,21.250061,15.44342,15.64137727131438,27.369923,0.5209979,2.178803422407544,4.302231,0.18919612
2014-01-06 09:00:00,18.779574851070663,22.477264,14.162811,8.150298357648339,10.499221,6.436721,2.8261265945547915,5.19333,0.6615558
2014-01-07 09:00:00,18.26272566415406,22.14627,13.654083,7.675459699733369,8.903496,6.647751,1.354407015690888,2.4655216,0.072450526
2014-01-08 09:00:00,17.594798931068453,19.346802,13.977661,11.464257261356844,14.747984,8.803727,1.0072635065220479,1.7162539,0.13931395
2014-01-09 09:00:00,18.296301814184687,20.011932,14.726776,17.315851454653316,24.186882,13.819694,0.7349280882213098,1.2671708,0.084898435
2014-01-10 09:00:00,17.8793062262597,19.96518,15.315826,19.047342935022076,21.962654,16.156815,1.1166551450903892,2.0116174,0.17757925
2014-01-11 09:00:00,21.245848503536195,22.433258,18.655914,20.67652863847601,26.925411,14.69508,0.6466889809652654,1.3797634,0.07499986
2014-01-12 09:00:00,21.018936320196644,22.575592,18.27481,16.20666571468102,21.205364,8.111264,0.8389805751593252,1.5833722,0.20226797
2014-01-13 09:00:00,19.30813831852919,22.748444,13.751373,12.863708989051881,17.413414,9.350929,2.6357836183845054,4.666382,0.48548865
2014-01-14 09:00:00,21.009389765039884,24.372223,16.091522,13.081646607086043,15.343086,8.96418,2.6137927730494277,4.610282,0.619331
2014-01-15 09:00:00,22.478741456644457,25.40567,17.334656,11.661746615167969,14.567799,8.272021,2.700982453044734,4.373032,1.0180422
2014-01-16 09:00:00,23.518118477446478,26.872467,18.09903,9.01270310309049,11.642399,5.7019167,2.4278920153767563,4.3327317,0.58522993
2014-01-17 09:00:00,23.642451231848213,26.602448,17.83487,8.503901832860253,11.126653,7.1602163,2.4603010227442956,4.065149,0.7454896
2014-01-18 09:00:00,24.115682056385936,27.275177,18.80252,7.611922494616734,8.708132,6.5368013,1.6340185029327727,2.6284847,0.23984903
2014-01-19 09:00:00,23.74635179567605,26.468414,18.302399,9.308671096805545,11.223615,6.700177,1.4691078171314806,2.373598,0.52346736
2014-01-20 09:00:00,22.036649303462468,24.222748,17.962982,10.847265561241109,12.65294,8.270127,1.0517762316616768,2.0693445,0.25996992
2014-01-21 09:00:00,22.774503627227944,25.8815,17.88736,8.21080630254746,10.522023,6.4177876,1.7424223058087525,2.706954,0.6865172
2014-01-22 09:00:00,22.103421033203233,24.524323,16.80362,10.587513672132411,12.730571,7.8731995,1.4474584841961,2.7100713,0.1576339
2014-01-23 09:00:00,22.95005374041591,26.113861,18.137299,12.193795895208133,14.458927,9.061462,1.1994113523460574,2.7374322,0.124095626
2014-01-24 09:00:00,20.289127876011776,23.592468,13.994812,15.636196898349578,19.795464,11.536815,2.1522350278896925,3.3431692,0.7025965
2014-01-25 09:00:00,19.179113304169846,21.78305,13.91922,20.92597939774443,24.201763,16.672485,1.5132415969243644,2.6844392,0.44090074
2014-01-26 09:00:00,21.39023957225362,23.725433,16.54184,21.35309604361078,35.317997,9.396091,0.9723651922494639,1.8683752,0.15984769
2014-01-27 09:00:00,19.853547298303965,24.132751,13.458221,27.868536718711475,46.608067,13.925273,1.131391240029986,1.8114022,0.11880601
2014-01-28 09:00:00,21.9510271506482,25.376007,16.553741,12.820299869499944,18.834106,9.416813,1.403281060317274,2.6316757,0.25525045
2014-01-29 09:00:00,22.89608905852839,26.084808,18.399261,16.238605386813575,22.785322,9.14114,1.1797621987219742,2.7476873,0.036642477
2014-01-30 09:00:00,23.479735193798376,25.42984,19.470856,20.69038164929603,34.086533,15.402939,1.991252855423635,3.1051226,0.50827765
2014-01-31 09:00:00,19.235245400462077,25.257782,10.957001,54.53912486886958,85.756004,34.0066,3.0833593130820662,5.1102834,1.8824595
2014-02-01 09:00:00,14.89594953269875,19.690308,7.526245,35.32519699710049,58.093044,21.151638,2.36276639310611,4.145773,0.35388374
2014-02-02 09:00:00,13.97984858355386,17.409546,7.880249,19.56386916082653,25.45916,13.742313,1.563604195348401,3.1720603,0.08498897
2014-02-03 09:00:00,13.631869723830675,16.933044,7.476013,31.334514691038223,56.535213,21.035213,1.208210741560341,1.8702297,0.22306788
2014-02-04 09:00:00,14.276596063140346,17.715485,7.7916565,47.85786054415948,71.69494,29.672869,1.489661436781111,2.1395566,0.85407877
2014-02-05 09:00:00,14.51963001166905,18.02118,8.448914,59.296175453122665,85.37135,42.788498,0.8416696685884069,1.5283967,0.051474478
2014-02-06 09:00:00,16.10012432205815,19.839905,10.357483,45.72649467209908,61.45253,31.965569,0.855942233228905,1.5400858,0.06052226
2014-02-07 09:00:00,14.109007348307387,18.83844,7.223572,60.72847529989543,90.45087,35.9728,2.0811268471410274,3.229785,1.1525313
2014-02-08 09:00:00,17.25088419620903,21.119202,13.033051,39.00227037082742,61.09353,24.41384,1.6438204054406906,2.9605365,0.66153765
2014-02-09 09:00:00,20.046259890162332,23.93866,14.93866,25.956626848264186,54.16417,11.773544,1.5385290976731034,2.8065026,0.12667818
2014-02-10 09:00:00,21.783226297523527,26.719208,14.711395,27.69425374649716,56.430107,15.28167,1.834269277370999,3.4884033,0.6550136
2014-02-11 09:00:00,22.550010806143575,26.976929,15.908569,28.382191689870048,40.092045,11.732668,2.173110588565163,4.667413,0.032916605
2014-02-12 09:00:00,22.940650969162107,25.787567,17.998505,15.089594196757503,25.384184,8.056059,1.2761388004467251,3.0813386,0.042369306
2014-02-13 09:00:00,25.669942164057204,27.860565,21.602753,16.600052736339233,19.878435,14.212044,0.8260048214813318,1.5075117,0.07284235
2014-02-14 09:00:00,27.585308161315652,29.66568,23.591461,12.36727627192558,16.523811,6.964902,0.757793653721743,1.590664,0.2283324
2014-02-15 09:00:00,28.009464939116185,30.317688,24.057922,9.670299786128972,13.990557,5.904936,0.6300414714426958,1.2999978,0.1978915
2014-02-16 09:00:00,27.347357983413644,30.775604,21.797089,11.15577606622701,16.023542,8.812605,1.3423557380719995,2.2957923,0.46126518
2014-02-17 09:00:00,25.956837979868794,29.85318,20.175446,18.893536430559163,26.645718,13.842134,0.7225920078950325,1.4686619,0.3527704
2014-02-18 09:00:00,24.437612479621407,29.850891,18.136047,14.22382880025573,23.121895,7.4016027,1.1529432184254524,1.8011729,0.61633104
2014-02-19 09:00:00,23.661409479902886,27.917633,18.48404,14.812330893208028,25.318836,9.818835,1.167623809791216,1.6145601,0.5398358
2014-02-20 09:00:00,25.05663795416865,29.549713,18.63565,15.254352343878512,23.968845,9.385111,1.6310907778205244,3.5647495,0.28260335
2014-02-21 09:00:00,21.700250064955753,25.760712,16.288055,16.48047986635202,18.951738,12.155022,1.394424008841071,2.9482977,0.2905822
2014-02-22 09:00:00,23.619847312570585,25.942719,19.384125,17.175013096255967,23.676918,14.268276,0.6815666609286897,1.1480322,0.1584322
2014-02-23 09:00:00,22.910487946470482,26.010345,18.203705,18.87918666076045,21.44196,16.169903,0.4705150192490822,0.93400156,0.13242665
2014-02-24 09:00:00,24.161886373450443,28.035797,19.361969,18.264227967106237,22.198095,15.85386,0.3788939405567911,0.9566409,0.047704186
2014-02-25 09:00:00,23.74847139960275,27.244019,19.216675,22.246048109063423,26.90004,18.159748,0.730468861677964,1.4130303,0.04567243
2014-02-26 09:00:00,23.47543880310002,27.065155,17.916718,29.611777388504265,44.131348,21.76416,1.73439626961257,2.6531956,0.72938967
2014-02-27 09:00:00,20.642845147825426,25.693237,13.244019,56.69372224953315,86.88495,37.412292,2.730428588887197,4.415626,1.5725344
2014-02-28 09:00:00,22.161899128688788,26.922516,15.115875,31.999099069593047,64.18034,9.94597,2.3475441416068965,3.4805298,1.0007522
2014-03-01 09:00:00,16.801266639156722,23.314758,8.564758,75.75803211279774,96.05139,58.266235,3.5319222205160172,5.3010225,1.5687457
2014-03-02 09:00:00,14.681407304552863,18.490509,8.029846,70.44337786218952,89.39194,53.51369,1.8528721871848706,3.4383516,0.87398493
2014-03-03 09:00:00,17.38392285714906,21.839447,12.426117,58.019155981665854,66.57771,45.52105,0.8082675026880192,1.4987493,0.02417394
2014-03-04 09:00:00,20.49901390462969,25.137726,14.870148,47.25809519310272,65.02284,35.56452,1.445372931431124,1.9897128,0.84009725
2014-03-05 09:00:00,22.79205234590978,27.316864,16.988556,33.87260527702358,43.225483,22.928608,1.904602438836627,3.9761655,0.11948843
2014-03-06 09:00:00,25.35115821005627,29.971893,19.430878,20.644800273484258,33.58971,12.887452,0.7605329975526067,1.3719859,0.14228505
2014-03-07 09:00:00,25.476729275306127,31.46103,17.462982,30.363071701147557,58.68309,19.757206,2.077455507492974,3.144331,0.65149766
2014-03-08 09:00:00,23.914927695066012,28.71109,17.297028,19.166349232069454,26.082993,15.812905,3.45144388899919,6.2543883,1.270311
2014-03-09 09:00:00,25.150830822327634,28.870697,18.8414,14.136726008217035,16.518269,11.076406,2.529398896349698,3.9885774,1.2342776
2014-03-10 09:00:00,25.197950950747554,28.777283,19.792908,14.872323626190026,22.789734,9.659291,0.5637553925172603,1.2227855,0.046532013
2014-03-11 09:00:00,25.612846162237133,30.258453,18.754547,17.1363695079642,25.977528,12.813202,1.1247334242494635,1.8727596,0.07889065
2014-03-12 09:00:00,22.764032446778117,25.718903,17.541168,15.31884610613749,19.960918,11.353483,2.9910733462683727,5.3091702,1.0738258
2014-03-13 09:00:00,21.61393137534185,25.80014,15.079437,19.523864466839274,29.55796,16.537903,1.4296152783109888,2.2675545,0.42210248
2014-03-14 09:00:00,22.253922229408317,26.6044,16.774078,16.335277021558788,35.934097,3.1949863,2.0843611897560885,3.3488019,0.56068057
2014-03-15 09:00:00,25.736589083463684,29.533112,18.718658,10.945043638908222,17.790432,5.1074705,2.0852446523168062,3.734232,0.21268651
2014-03-16 09:00:00,27.25396260326164,30.145294,21.403107,9.228161174848465,11.815596,4.829685,2.336702317778095,4.236413,0.8783024
2014-03-17 09:00:00,28.07278129633579,30.141754,23.680817,11.804700431222129,15.721224,9.127474,1.3645682016370901,2.1942036,0.5312592
2014-03-18 09:00:00,26.57271606353453,32.913727,18.60318,15.314924954019345,27.49685,5.8445063,2.2370510107821064,4.5709906,0.1097908
2014-03-19 09:00:00,21.244318085371674,24.167389,15.75528,9.897083107644267,14.816095,5.006913,2.4623253845239175,4.7662554,0.25048864
2014-03-20 09:00:00,23.49598824251484,26.759918,18.875153,10.342378666035353,17.321417,7.8216343,0.8079363449519523,1.6983843,0.037979793
2014-03-21 09:00:00,23.91153183786048,27.646393,18.39444,13.06590729354005,28.548252,9.056122,1.2890594712223442,1.945674,0.52733636
2014-03-22 09:00:00,24.046766401700097,29.236237,16.710846,27.992133078235867,56.096214,11.95559,2.012031772306448,2.9027064,1.3822665
2014-03-23 09:00:00,23.561897740274503,28.669708,17.271576,28.356850351780174,42.64613,14.046394,1.2115997843895332,1.6668624,0.4407871
2014-03-24 09:00:00,24.993348596851774,30.068024,18.193024,18.929710519774673,28.447853,12.584571,1.0071162149318162,1.9953706,0.061475273
2014-03-25 09:00:00,26.19419709043217,31.96756,18.520294,15.85179190821627,36.31735,10.418878,1.10460177431465,1.7211292,0.47497472
2014-03-26 09:00:00,24.635953797979482,31.412598,16.252441,35.5361157557362,78.977196,14.970422,4.017067516777826,6.0489798,2.7746513
2014-03-27 09:00:00,17.801456202414045,24.33899,9.951569,51.53181881408056,83.59371,30.160334,3.4436799300387952,5.5630074,2.2265844
2014-03-28 09:00:00,20.10662590127947,24.799225,14.926422,40.50150890153762,55.71826,30.276855,1.8426015304674885,2.5416014,1.0173484
2014-03-29 09:00:00,23.558491066525903,26.973541,19.097565,23.948268313291674,31.218979,13.23295,0.6997019183476578,1.0736885,0.34208906
2014-03-30 09:00:00,25.93155318127083,31.11026,19.430573,26.072240966836162,39.47966,18.940577,2.7090395796101543,3.5689301,1.8250971
2014-03-31 09:00:00,23.013367097898538,28.342438,15.9635315,16.50231852414121,41.973995,5.876499,2.1008348837095023,3.1431115,1.5080771
2014-04-01 09:00:00,21.50831525066036,28.364899,13.052399,32.75009246975919,70.03434,14.163249,3.575558907537201,5.459295,2.1076462
2014-04-02 09:00:00,16.710153524453517,22.043365,8.9027405,39.456459256405495,71.698875,21.3741,3.626768564566953,5.9792023,2.4164345
2014-04-03 09:00:00,16.511895584770684,20.342682,11.760162,27.604466546482037,40.99594,18.956875,2.165561943998183,3.2753003,0.8246823
2014-04-04 09:00:00,20.247208824337747,24.239899,14.296539,20.176923744334328,32.412266,8.30289,1.1299048603379647,1.7742492,0.5500709
2014-04-05 09:00:00,19.82538861632895,26.068756,11.036285,26.928662850976178,58.39042,4.120373,2.5127005845586856,3.8017035,0.7384309
2014-04-06 09:00:00,22.5380360407093,25.988922,16.631012,19.46829106278719,27.323418,14.363228,2.541405476656121,4.151393,0.16637303
2014-04-07 09:00:00,26.53338773238005,29.744293,20.845856,16.264454329519186,17.962303,12.399802,2.200494976228396,4.048837,0.38101998
2014-04-08 09:00:00,29.71820893264703,33.11978,24.397125,14.234034214330139,18.23692,11.995905,0.8097628240275468,1.875149,0.08568151
2014-04-09 09:00:00,31.78243102367611,35.36026,26.29776,4.6602216875466596,10.202924,2.1787605,0.786668519355053,1.3392475,0.123936206
2014-04-10 09:00:00,32.17157731335914,36.80948,25.473541,2.93743843550904,4.169902,1.480053,1.302859476417291,1.9762019,0.4527231
2014-04-11 09:00:00,31.411054005239976,37.210846,23.890533,5.441894042555104,8.33092,3.802349,1.7352421773512992,3.1690874,0.880477
2014-04-12 09:00:00,30.390267953153,36.104156,22.71939,10.46514008206837,19.689508,5.675256,2.858500833219574,4.0929112,2.030022
2014-04-13 09:00:00,24.932535028240068,32.064606,16.625153,28.46277958145106,60.58176,12.455336,3.0154353331795907,4.10854,1.7232777
2014-04-14 09:00:00,27.69627725388972,33.11978,19.393951,10.21027405864982,14.154462,6.99996,1.5992260772925269,3.3044944,0.05500244
2014-04-15 09:00:00,27.2054067773841,29.913239,22.456207,9.767587250810925,13.140675,6.4760275,1.0098553597291646,2.322872,0.031105066
2014-04-16 09:00:00,28.326328561407195,32.400543,22.238434,13.750807085201902,21.655354,9.00126,1.548614368527161,1.9740468,1.009229
2014-04-17 09:00:00,29.776457156038305,35.279938,21.483063,16.08442480004732,24.924618,11.498525,1.6844015068485336,3.2264268,0.7149378
2014-04-18 09:00:00,27.31505158244846,32.93399,19.287506,23.41780191316131,45.51131,9.00903,2.153209464284605,3.438141,1.0325646
2014-04-19 09:00:00,25.146920060885975,28.766998,18.574615,39.27205509494282,47.97536,27.1344,1.48979006786484,1.9860953,0.6185441
2014-04-20 09:00:00,27.498987821251887,31.509918,22.434723,29.025777401897262,35.13759,22.626987,1.3007364022836276,2.1165774,0.574926
2014-04-21 09:00:00,29.92963482657251,34.457184,23.730377,26.402688353997434,31.081383,20.014977,1.4955338100126971,2.7640944,0.44335106
2014-04-22 09:00:00,31.066895765861887,36.16519,24.217926,18.860129058079956,29.569649,8.09259,2.8174954091001374,4.228077,1.5753766
2014-04-23 09:00:00,25.24756530233526,32.56363,16.786285,21.79412659766953,49.035175,7.303259,2.6455984509751134,3.8444571,1.0571244
2014-04-24 09:00:00,25.822498109287665,30.045807,21.186432,18.718570473257216,40.692432,10.426808,1.1699088463658975,2.0337393,0.025835615
2014-04-25 09:00:00,27.995710740922163,32.64029,22.349274,20.35529145878371,43.094967,9.331673,2.419455103509835,3.40087,1.417742
2014-04-26 09:00:00,23.662700689600513,31.243317,15.049957,38.76261070921341,72.39498,20.566456,5.087722976381864,7.843018,3.130873
2014-04-27 09:00:00,19.25926134884486,24.950104,13.313873,42.138327965555014,68.63208,27.723907,2.6380236676996014,3.4957032,1.5259615
2014-04-28 09:00:00,23.691654572970492,27.326324,18.502594,29.621065711920803,36.632156,23.999344,1.7622939168677187,2.993261,0.75030905
2014-04-29 09:00:00,28.19825150327415,32.178375,22.75064,14.513772168675278,19.057117,9.164735,3.84113711935551,6.800943,1.6622363
2014-04-30 09:00:00,27.435614956673305,30.422272,21.254303,8.491841999680355,10.051514,6.983631,4.787463389972998,7.8506866,2.5306327
2014-05-01 09:00:00,26.21047227454727,29.131744,20.694244,10.273066807291388,13.385617,7.955061,4.12853461666705,6.532862,2.388948
2014-05-02 09:00:00,30.64745062794134,33.269928,25.944489,7.405230837169783,8.904221,5.68952,1.4302278945755327,2.5376062,0.37341967
2014-05-03 09:00:00,34.09016391031122,37.66812,28.478668,7.958540021382988,9.357417,7.1027565,1.3822781281760546,2.275709,0.5094131
2014-05-04 09:00:00,34.75006932559188,39.618805,27.573883,3.871577300801732,9.64032,1.6558943,2.483160437156864,3.9357677,1.3223064
2014-05-05 09:00:00,32.73941829602472,38.36612,25.26065,6.273660383980249,16.299147,1.8243637,2.9893661980254826,4.5463533,1.813243
2014-05-06 09:00:00,27.247686138476013,34.902252,18.808502,21.100665203178213,58.362206,5.620017,4.086930198432338,6.1550756,2.483958
2014-05-07 09:00:00,19.98364418924467,25.766266,13.538239,46.94558772319057,77.30632,26.087574,3.443421039199181,5.703492,1.6064613
2014-05-08 09:00:00,22.40142451087553,27.548492,16.360748,31.903853967458645,53.652233,14.303445,2.4156514190261866,3.4399633,1.7023159
2014-05-09 09:00:00,24.939550020394563,29.578766,18.930084,28.427867514672133,50.664715,16.796024,2.2411070457249602,3.2010212,0.95331883
2014-05-10 09:00:00,27.451794315564428,33.487457,19.383942,36.253423515536255,63.165623,24.390852,2.420138609183097,3.645416,1.485862
2014-05-11 09:00:00,27.102604011801645,33.8898,18.18863,17.335313063983918,23.518589,11.510777,3.3482913127030676,5.430557,0.24632181
2014-05-12 09:00:00,25.628493245698962,28.402252,20.410065,13.031184309553861,18.577755,7.833803,2.459717190133548,3.6109405,1.432809
2014-05-13 09:00:00,29.807461826738347,32.3295,24.515045,10.763866210175639,14.250557,7.285713,2.9436361735384255,4.480866,1.5894125
2014-05-14 09:00:00,29.31808942361755,32.42935,23.286041,7.7369576381825,9.273436,6.511717,3.0251038465778595,4.3257837,1.4438577
2014-05-15 09:00:00,32.02936164069769,34.7836,27.413727,7.4410204754876785,8.507904,5.6722965,1.3121410010634182,2.1451666,0.35533562
2014-05-16 09:00:00,36.116816546319,39.305084,31.46524,7.67546774959922,8.554891,6.058668,1.2445859284058343,2.05056,0.63553524
2014-05-17 09:00:00,36.69728405425667,41.68643,29.63565,8.341081733698188,14.95121,5.7739716,2.258171980765072,3.1974196,1.4602772
2014-05-18 09:00:00,34.81729824851311,40.984283,26.367096,8.646653495236796,22.243214,2.6960526,2.8045307484344595,4.4237027,1.6580681
2014-05-19 09:00:00,31.407241625188078,38.43814,23.338531,13.725837407612994,39.14041,1.7320595,3.1996635123826476,4.9472895,1.937055
2014-05-20 09:00:00,27.871066340906737,35.06485,19.25235,20.318307300915794,67.53403,0.7295418,3.5448689013723294,4.8713045,2.1454213
2014-05-21 09:00:00,23.17858054912466,30.051422,15.244537,32.312121390733715,70.346214,8.154243,2.9803449214979416,4.1192265,1.8120933
2014-05-22 09:00:00,24.120720160256667,29.29483,15.494049,45.44119545432371,78.29601,26.1126,1.9626685271060145,2.6710448,1.370566
2014-05-23 09:00:00,24.211142165328795,30.59903,17.987457,39.07766352183065,75.91382,17.107327,2.1912619322068143,2.9705703,1.1240885
2014-05-24 09:00:00,26.65179748697136,31.754791,19.11612,34.13403562406761,66.35135,16.650915,1.6905118923623756,2.749407,0.5844589
2014-05-25 09:00:00,29.516337792247384,34.124664,22.97525,31.950038354017007,42.46209,22.745174,1.2047330147250717,1.9525951,0.5118224
2014-05-26 09:00:00,33.19820774622565,37.981598,25.815094,22.89181246130871,30.409058,18.158363,1.4969530192462912,2.6588018,0.76764244
2014-05-27 09:00:00,35.99127522464124,41.160553,28.38321,18.357747261639577,27.265575,10.7586775,1.9194136268710773,3.1752539,0.59908366
2014-05-28 09:00:00,35.324739101691534,41.375397,26.994537,17.788110915178827,26.176086,13.046849,2.0919224476498406,3.7481406,0.89160776
2014-05-29 09:00:00,33.07568921858791,38.694244,25.69815,18.46847166021635,26.745827,10.679421,1.9101214645261841,3.2183535,0.9357451
2014-05-30 09:00:00,33.69928938196125,39.523834,26.426178,13.462245002547371,19.219995,7.516871,1.6097277739390707,2.462344,0.5843436
2014-05-31 09:00:00,35.1348677048926,40.642242,28.085602,8.99765901566369,15.839096,2.794077,1.9475252372302785,2.5913596,1.04618
2014-06-01 09:00:00,34.82024739713762,41.087555,27.00943,6.679010273978471,10.485033,3.5790548,2.2300184314143556,3.1946054,1.3516138
2014-06-02 09:00:00,34.400337411176736,39.704987,27.943268,5.495820657477947,9.787422,2.654522,1.6777695081985842,2.30904,0.97207916
2014-06-03 09:00:00,33.972574213100756,41.28018,26.32315,5.258108846751535,14.1856365,2.515214,2.3181901902562245,3.0553217,1.4286541
2014-06-04 09:00:00,34.7868890406977,40.15396,28.189117,6.125370986636752,12.882585,2.1017752,1.988231134331278,2.8614507,1.4590976
2014-06-05 09:00:00,35.05610268055926,40.750397,28.174225,7.690463417005091,17.065344,4.6808653,1.9555857100473566,2.7832348,1.2349808
2014-06-06 09:00:00,35.714024343889605,41.47232,27.07193,10.10910004490449,22.47963,4.534316,2.2120359722376106,3.0897257,1.6639007
2014-06-07 09:00:00,34.845713620945844,41.774567,24.979645,11.562285238003046,28.630135,4.3481264,2.292606160999111,3.2277634,1.4216037
2014-06-08 09:00:00,35.17302800574248,39.7565,25.283844,14.696764689629203,21.876835,8.61728,1.5263568813152895,2.9320319,0.5428511
2014-06-09 09:00:00,36.58244723646584,41.488922,27.586578,11.697939331127218,16.25953,7.9040613,1.6771617438899407,3.0902407,0.62717986
2014-06-10 09:00:00,36.54620475488679,42.200104,27.082916,15.473699400021909,31.040623,7.280344,2.221159982392383,3.8601213,0.8855492
2014-06-11 09:00:00,33.72098262413476,39.940582,24.5961,17.538720542469807,28.169296,11.81927,2.734006671921763,4.2794547,1.666602
2014-06-12 09:00:00,34.64484777552735,40.62979,26.059479,13.85106285394337,24.806278,7.359522,2.4727514497162524,3.8622797,1.5229245
2014-06-13 09:00:00,35.42109504408495,41.742584,26.017975,8.714083742546949,20.473045,1.9141941,2.90107097496733,4.3359346,1.6105472
2014-06-14 09:00:00,33.910073827295264,40.913727,25.157867,8.394322028713159,20.575296,2.641703,2.691595810462397,4.0967474,1.3099203
2014-06-15 09:00:00,33.41395685301495,39.041412,25.12735,13.0094715348923,32.75113,6.840972,2.217653522022231,2.9553957,1.4483883
2014-06-16 09:00:00,32.22433562145625,38.502106,24.382965,11.409611010521722,26.497593,2.3882172,3.3673713852956286,5.2924204,1.7880778
2014-06-17 09:00:00,32.026297294542076,39.264313,24.002594,18.216223050935113,31.661724,12.294811,3.933844599225836,6.5686235,1.9372894
2014-06-18 09:00:00,30.403138697291013,37.360504,23.189362,24.413459482222482,44.56716,14.445206,2.5439447926802585,4.0333347,1.4464759
2014-06-19 09:00:00,31.66290983119535,36.42154,25.480377,17.541503283556274,21.134296,12.781792,1.051734216000912,1.8640406,0.40475947
2014-06-20 09:00:00,34.58563386970053,39.55533,28.444,15.361226063752044,20.72466,10.370138,1.061696741883082,1.8654528,0.41897687
2014-06-21 09:00:00,35.52067103080992,41.493805,27.94693,13.719545296837802,21.182312,5.844901,2.0887662111241956,3.5135148,0.53929293
2014-06-22 09:00:00,36.23246059663302,42.365875,27.977203,8.42093507097977,21.311768,4.7589264,2.5495167372461225,4.0170975,1.6217195
2014-06-23 09:00:00,35.24317021886014,41.250397,26.131256,9.919231873843257,22.285849,6.0367126,2.0596908530932723,2.980344,1.3609385
2014-06-24 09:00:00,34.87833008766313,40.984528,25.650543,11.745193750632737,23.718834,5.9190044,1.9651881890642566,3.258444,1.0964273
2014-06-25 09:00:00,35.29957245840512,41.17276,26.286041,17.54885548409536,35.6615,8.743531,2.121078749749643,3.4302938,1.0086491
2014-06-26 09:00:00,35.08859956676679,41.082428,26.012115,21.18800232685439,37.96418,14.47611,2.378855157982937,3.8062985,1.387752
2014-06-27 09:00:00,33.321070109046616,40.57071,25.094147,26.90619094869541,54.93303,15.901779,3.1133681966935334,4.841398,1.756042
2014-06-28 09:00:00,34.297106132443105,40.067535,24.450348,28.423007660282597,45.520172,20.426422,1.7897601479915504,2.547135,1.2964467
2014-06-29 09:00:00,35.889754392392376,40.967438,26.927399,25.01625488736433,30.6871,21.412392,1.9793241352698212,3.7350147,0.7286401
2014-06-30 09:00:00,36.50253231986579,41.545074,27.619293,24.4524824407354,29.06348,19.870502,1.893694327998307,3.039632,0.72702867
2014-07-01 09:00:00,37.432864450978,42.450348,27.602692,17.64993211840493,23.666763,8.259248,1.8712051220527064,3.339153,0.8077329
2014-07-02 09:00:00,38.552495587429405,43.584137,28.658356,16.682321559125544,24.018219,8.6184225,2.04938085679456,3.7758956,0.8418443
2014-07-03 09:00:00,37.822970565078265,42.849274,29.333649,17.05878661755969,22.84089,10.340429,2.190039546970652,3.8580375,0.6659843
2014-07-04 09:00:00,38.33582709887486,42.603912,31.71524,29.769836581897703,50.78357,15.517696,2.591659217373974,4.2699323,0.8502597
2014-07-05 09:00:00,33.61889331916194,38.527496,29.43155,47.71406475284344,53.371696,36.851505,1.0439905309928919,1.7532357,0.1093456
2014-07-06 09:00:00,35.34645197029022,41.21817,28.91568,37.9573123622802,48.60127,21.993822,1.6786202164170811,2.5314562,0.831647
2014-07-07 09:00:00,37.12293835133585,41.596344,30.733063,29.835467465168605,42.965965,22.45034,1.4128298448537078,2.38392,0.06738604
2014-07-08 09:00:00,38.72198304249423,45.17447,30.047516,22.644153161892064,28.370684,17.972,1.6960230458837133,2.172441,1.2466162
2014-07-09 09:00:00,37.36324644887827,41.66983,29.85733,30.478916567584328,49.460037,18.864433,2.1676247610915693,3.697263,0.7321051
2014-07-10 09:00:00,35.62014456960128,40.18643,28.438385,27.90684995881219,52.774704,14.970961,2.26424059119958,3.646084,0.7484507
2014-07-11 09:00:00,35.225322959689606,40.84317,28.16153,18.127889194152885,29.189972,11.351605,2.238679038754608,3.7352257,1.2590817
2014-07-12 09:00:00,34.7783461567584,40.838776,27.674713,23.565582208016178,34.294426,16.727129,1.5630975552137294,2.4675186,0.75391084
2014-07-13 09:00:00,36.748504423808356,42.195953,27.784088,20.62122224520001,32.615223,7.0279646,1.2527028432983065,2.32242,0.08982361
2014-07-14 09:00:00,36.81469596132189,43.69864,29.347076,33.305047074188415,46.490772,26.834522,1.9635664812056868,5.123822,0.10116672
2014-07-15 09:00:00,33.136006977995294,39.37149,26.361725,47.1746680951958,83.55633,21.357628,1.7661146669362129,2.824295,0.6420685
2014-07-16 09:00:00,33.394166285770325,38.802887,24.939606,32.66030365789642,49.961678,9.93824,2.2548518604998558,3.4854438,1.2250059
2014-07-17 09:00:00,35.7192254558434,41.995514,26.788483,16.05961144657273,31.295937,4.8418827,2.567890625904947,3.4784594,1.6760955
2014-07-18 09:00:00,34.953799260656126,41.771637,25.240387,16.04025248130292,33.364037,6.012474,2.245504263552306,3.3359838,1.5025043
2014-07-19 09:00:00,35.03462794985603,40.88907,26.168365,22.782997034815658,34.188744,15.943083,1.688879203652322,2.9483964,0.6191085
2014-07-20 09:00:00,33.12603794652205,40.46988,24.569489,26.004186163965947,45.52375,13.093255,1.962466984202211,3.414153,0.5522285
2014-07-21 09:00:00,34.327890336466226,40.72061,26.522858,27.424671052700113,34.769135,17.34726,2.1897200253434326,3.5616703,0.73411363
2014-07-22 09:00:00,35.895401033495034,41.80191,28.102692,14.139549981127212,24.199823,8.317656,1.283964597615653,1.8711021,0.67275953
2014-07-23 09:00:00,37.65169291008277,43.606354,29.746979,10.554427340895948,15.366922,5.8669224,1.4696469208539498,2.2029722,1.0183482
2014-07-24 09:00:00,40.1613778600356,46.33194,31.972809,10.617379938257566,16.95426,4.2396173,1.0946561108334554,1.8325757,0.35652575
2014-07-25 09:00:00,40.911023659487284,46.29361,34.227203,14.303894836332804,23.36827,5.102556,2.486505731511147,4.4519606,1.0147797
2014-07-26 09:00:00,35.73281211935068,41.74698,29.186432,24.02857901608972,36.919518,-0.4124756,2.1058353099132283,3.7110333,0.63375485
2014-07-27 09:00:00,36.884948837412935,41.600494,30.151276,27.720523403037372,35.662506,16.502352,2.0198011324973146,3.6239974,1.1615242
2014-07-28 09:00:00,34.73123860133808,39.54239,29.683014,42.173275794591575,51.08918,29.720013,1.5217671805173572,2.4591455,0.3621305
2014-07-29 09:00:00,36.083906718093886,42.12857,29.89981,32.886039114886984,43.51703,24.466248,1.3093504877506432,2.315889,0.36894852
2014-07-30 09:00:00,37.4875759603878,42.888824,31.27359,27.987693220455736,35.804916,23.197836,1.5690517310110579,2.270042,0.82797873
2014-07-31 09:00:00,39.48745436532596,45.49063,31.988678,23.429505358657362,37.691372,16.177443,1.8661384308002875,2.64227,1.0183693
2014-08-01 09:00:00,39.48921955688837,45.08023,32.556793,19.24928472153664,28.007662,14.017562,2.5023596387456326,4.9646654,0.8616256
2014-08-02 09:00:00,36.335605869343226,41.58316,27.954254,29.836410937326416,46.081665,20.312134,0.8833896841492686,1.6997445,0.09618637
2014-08-03 09:00:00,27.89808812274066,33.365875,22.44278,57.21432214415147,67.4645,39.252182,0.6136668910706751,1.3173969,0.03401726
2014-08-04 09:00:00,27.646442241696604,33.71158,22.97525,66.70791028890922,81.34067,49.068203,0.8108985670388051,1.917644,0.17846796
2014-08-05 09:00:00,30.61115146668095,34.118073,25.524567,17.62194785368978,49.594124,3.7693834,1.4564491247221292,1.912898,1.0348539
2014-08-06 09:00:00,33.35365284910125,37.554596,26.886627,11.18753095821967,20.746801,4.464555,1.750581603722831,2.4082775,1.043567
2014-08-07 09:00:00,33.14031380111095,39.12784,25.455963,13.208935422070718,32.99022,1.7451735,1.3827747982621983,1.9608742,0.55589765
2014-08-08 09:00:00,33.22751500279571,39.36319,25.005768,17.191995484519875,32.210068,-1.0152102,1.1463425787277213,2.0232878,0.45665538
2014-08-09 09:00:00,34.11410000226755,39.714996,25.77945,15.524084741906545,28.344723,4.1176443,1.456973914865705,2.8981185,0.5044868
2014-08-10 09:00:00,34.84021908611743,40.262604,26.825836,22.13164752581178,34.887222,6.9366913,1.4765502680770266,2.7521455,0.42685616
2014-08-11 09:00:00,35.085822197673394,40.450104,28.73526,26.537619641225785,36.725384,17.70332,1.6817752039039524,3.297805,0.42223397
2014-08-12 09:00:00,34.16711952931041,39.412018,27.665924,29.667504495827778,38.28127,16.588608,1.357430460129263,2.518523,0.38131484
2014-08-13 09:00:00,32.63565917100527,35.590485,27.254547,50.35725969937337,66.1605,33.9824,2.299810959490942,3.5029893,0.7833509
2014-08-14 09:00:00,33.75019861417809,37.902252,28.73404,42.936358842788934,66.081024,15.523844,1.9245923839401964,3.1615272,0.66940784
2014-08-15 09:00:00,36.33963839933028,41.083405,30.081451,25.02092849746212,36.6386,11.537037,1.6224560137145367,2.5164216,0.38261667
2014-08-16 09:00:00,36.35732128386371,41.77359,29.90445,33.88962507477722,43.25978,20.8965,1.5235516461540357,2.3360918,0.51609653
2014-08-17 09:00:00,37.76989389081456,42.94107,31.505524,23.271108059084014,31.203388,16.827465,1.33246301774435,2.5271876,0.59435517
2014-08-18 09:00:00,38.356361776149186,43.433258,31.612946,22.529117903122113,27.94756,15.046753,2.101542051541946,3.6847997,0.5533166
2014-08-19 09:00:00,32.59415789384724,36.923492,28.247711,34.45530978352329,59.79348,14.904862,2.1798250496435525,3.1899076,0.6793
2014-08-20 09:00:00,32.71715553707173,39.743805,24.927399,27.2212031603686,41.65295,19.857475,1.9554913208083733,3.2155185,0.99360394
2014-08-21 09:00:00,32.14100109047729,39.792877,24.198395,31.67635252772738,44.934288,22.195972,1.2138134248799772,3.0798142,0.46683675
2014-08-22 09:00:00,29.59996137826704,33.95645,24.7294,39.96414661566481,57.78462,24.73964,1.2611121412831412,2.0746794,0.52248347
2014-08-23 09:00:00,31.759106035275693,36.43643,25.348541,18.55264064798479,40.73502,5.4654894,2.0604793251527997,2.8782887,0.9314748
2014-08-24 09:00:00,33.443015650848224,38.73697,26.182281,14.013093799981275,21.355457,6.6562395,1.553304430003783,2.5367594,0.7805315
2014-08-25 09:00:00,34.601630678358106,40.210114,27.835114,16.0700808488059,32.81407,8.22584,2.4337507414550403,4.173529,0.664246
2014-08-26 09:00:00,32.913948582325304,38.537994,26.014069,27.43350982380801,45.25065,20.375648,2.0238278468130515,3.2946956,0.5768094
2014-08-27 09:00:00,34.16688303536256,38.655914,28.564117,27.897352988268782,36.9324,21.721989,1.4912318584269808,2.1699831,0.71232325
2014-08-28 09:00:00,36.05798994638093,40.74942,29.962067,19.13352878398166,22.884193,14.142045,1.4035565873336344,2.1018298,0.6345273
2014-08-29 09:00:00,37.54789818669593,42.296295,31.653717,14.840292796105283,18.973593,6.0478115,1.1266820240132895,1.7182213,0.49526837
2014-08-30 09:00:00,38.143351854432126,43.28531,31.070465,13.638294215765857,17.964987,8.948101,1.2154849649058506,1.8768861,0.3613184
2014-08-31 09:00:00,38.79103042704651,43.640045,32.44864,14.147996112802618,19.632008,7.1454535,1.7991234202535642,3.6095126,0.5917663
2014-09-01 09:00:00,37.211138482716706,43.23404,29.456696,16.63169965354942,20.680126,10.590703,1.4954123440438278,3.0036404,0.6520407
2014-09-02 09:00:00,37.05463760544836,42.519196,28.89029,13.726225097840015,26.867325,9.363419,1.339883905400986,2.1286285,0.5573901
2014-09-03 09:00:00,36.83347264027725,42.555573,28.957916,15.981848871571302,26.240463,7.9826508,1.6892760345737137,2.5513837,0.63002473
2014-09-04 09:00:00,36.0001422304577,42.160553,27.730865,15.812279972760143,24.72841,8.731748,1.8142069214538021,3.133767,0.5435217
2014-09-05 09:00:00,35.18949431223513,40.655914,27.917633,16.261496120555098,34.51331,7.790655,2.0586999839370996,4.691265,0.3843054
2014-09-06 09:00:00,34.34404082121398,38.365875,30.104156,34.09009190822648,50.88854,12.779287,1.7352649509053324,3.0059743,0.48199177
2014-09-07 09:00:00,34.3497232883538,39.07779,29.84732,40.5325348623489,53.811966,27.866653,1.5357545826018828,2.9037879,0.32315183
2014-09-08 09:00:00,29.927004922388676,33.63687,24.563873,68.70107523204594,83.32562,51.392025,1.1800450366557158,1.7732103,0.4941184
2014-09-09 09:00:00,29.152912729635943,34.624664,24.472076,68.40130631484843,77.45427,47.67197,0.9603415615297992,1.7095536,0.1827134
2014-09-10 09:00:00,30.452366907053374,33.103912,27.455475,29.07898743044238,45.14498,7.0117474,0.5065744993484348,1.4618706,0.10816031
2014-09-11 09:00:00,33.44881933625936,38.05655,29.08194,28.648435565862183,39.813118,18.592655,0.7004869768386774,1.2453862,0.1661595
2014-09-12 09:00:00,34.779399041296415,40.534576,30.376373,24.532160737343613,31.214954,19.698753,0.9600153265001639,1.9890712,0.2436546
2014-09-13 09:00:00,36.190215472092405,42.126617,30.507477,18.565341441119603,23.815096,11.28935,0.7988740420528406,1.8979589,0.091516055
2014-09-14 09:00:00,36.80315585471084,41.39151,31.282135,25.451752909899803,37.260292,12.576697,0.9710542906989218,2.240122,0.15200849
2014-09-15 09:00:00,37.172626972999524,41.142975,31.257965,29.275465745292635,38.30556,16.769634,1.0955121858936723,2.0620406,0.23529878
2014-09-16 09:00:00,37.718461991906565,42.65982,30.82779,29.249287559479466,39.179157,18.95337,1.7125959116388283,3.622754,0.1940654
2014-09-17 09:00:00,32.52811015001794,36.16031,26.764069,58.9834391308398,73.21101,39.03133,1.6107330068112147,2.9026616,0.3721782
2014-09-18 09:00:00,33.27563210797376,36.56363,28.227692,36.5183568202873,61.872528,16.37106,1.692050896494414,2.3143682,0.6968598
2014-09-19 09:00:00,33.06635995742403,39.80948,25.159088,31.654928997784445,71.82262,16.736683,2.0332867351961124,2.9104671,1.3733135
2014-09-20 09:00:00,31.90045953366797,37.857574,25.5607,39.58624441794686,62.826416,26.278645,1.2974984967689713,2.1596568,0.47213036
2014-09-21 09:00:00,31.423327365193927,37.07022,24.617096,26.993539837917425,36.609333,13.015583,1.3324870783336373,1.992485,0.45188844
2014-09-22 09:00:00,32.296851467232216,37.655914,26.349274,19.397405982488237,26.019413,10.272841,0.8058074683639133,1.4909103,0.22514066
2014-09-23 09:00:00,33.37969754462159,38.5336,27.932037,19.808300773336253,24.998861,13.242125,0.6801844373396647,1.2321705,0.16971475
2014-09-24 09:00:00,35.18240507780956,39.48941,29.528473,24.436749089856004,33.24042,16.220184,0.6413322433029365,1.2549933,0.082805954
2014-09-25 09:00:00,36.23195891146986,40.647614,30.08902,32.0596192339923,48.97856,21.42773,1.051934292892219,1.86377,0.19172177
2014-09-26 09:00:00,34.877373803922694,39.70645,27.581451,39.38228325757339,61.534363,28.5578,2.3994673567756837,3.9126048,0.70434165
2014-09-27 09:00:00,30.366738884643723,34.894684,23.314606,30.658370053569765,52.97784,9.257467,3.0319352571203826,4.3399973,1.9825162
2014-09-28 09:00:00,26.02125901041154,32.501617,17.964508,37.08473345721239,71.20386,16.672108,2.385620382954793,3.289033,1.4629741
2014-09-29 09:00:00,25.812765638589156,30.415436,19.894684,39.34801692549679,52.124554,29.723568,0.9429310153854616,1.458486,0.48100504
2014-09-30 09:00:00,28.554291620709307,32.85074,23.541656,30.678131088670593,36.88321,25.070011,0.9345587643358437,1.705439,0.064863026
2014-10-01 09:00:00,30.8127279854088,34.78238,25.366364,26.05264027186481,32.40439,20.40578,0.7292391069318545,1.4697092,0.18808022
2014-10-02 09:00:00,31.624100181125755,35.341217,25.862701,14.24368473019621,23.877647,4.7253036,2.4067975995473945,4.202674,0.57521313
2014-10-03 09:00:00,31.480050599411584,34.545807,25.907623,7.388916143321072,11.336255,3.6174395,2.065671815405446,3.5516448,0.7070757
2014-10-04 09:00:00,34.758526524065815,38.13028,28.831451,10.310018316082532,12.931298,6.2984858,1.732116683249471,2.8404233,0.6918025
2014-10-05 09:00:00,36.02403016955873,39.38736,31.12564,12.660009914400787,16.798363,9.038628,0.964243090839194,2.148627,0.16622755
2014-10-06 09:00:00,35.10346262840892,38.53067,30.198639,13.519256207701472,18.223732,10.1690445,0.9501815031952656,2.1711576,0.14661527
2014-10-07 09:00:00,32.97529502218396,35.431305,28.337555,15.166072419120711,21.003452,11.031526,0.8651750835292599,1.3327346,0.3810333
2014-10-08 09:00:00,27.482189114999187,32.22769,23.616364,32.39228739256996,57.604774,1.391551,0.9828547073637394,1.5383202,0.1999565
2014-10-09 09:00:00,26.794610486471413,29.39859,24.636871,31.598564376480557,55.02275,19.789959,1.0451424173635353,1.919948,0.15332183
2014-10-10 09:00:00,29.05685710901639,33.402496,24.345123,22.632972905780566,32.94649,17.227741,1.2555022271123966,2.5245674,0.32112044
2014-10-11 09:00:00,29.986289141281702,34.34488,24.98941,21.021662576063836,30.479889,14.43741,0.6191547636460739,1.2002221,0.06991751
2014-10-12 09:00:00,30.902762911129912,35.421783,26.335846,17.804103581758827,21.985592,13.165279,1.0619709653821092,1.9953465,0.32038283
2014-10-13 09:00:00,32.169667368264015,36.838043,26.71695,8.17415099233401,9.734164,5.124789,2.057180400815733,4.379892,0.027195845
2014-10-14 09:00:00,29.431476212874202,32.437164,24.866852,9.890079184135235,19.260193,5.7836304,1.0649957205423561,1.965728,0.30283543
2014-10-15 09:00:00,29.302783695788264,34.43936,24.07608,17.23805842450045,32.225838,11.104743,1.803045510340828,2.6697705,0.8619185
2014-10-16 09:00:00,27.325545465108007,32.43033,20.473297,27.097176081601646,50.29219,16.753988,1.5424418532721398,2.4336205,0.8529199
2014-10-17 09:00:00,26.97572319112203,31.529205,21.20108,29.150458039393698,49.024475,12.950709,0.9879924909139989,1.8205204,0.28392354
2014-10-18 09:00:00,26.803516485545458,32.65567,20.256256,38.97132511360217,60.71331,23.837414,1.0696348563454614,1.6180874,0.20224996
2014-10-19 09:00:00,28.013661151874942,33.132477,22.763092,36.14410827088701,48.064102,30.304352,1.2224565470292714,2.0672574,0.39616764
2014-10-20 09:00:00,28.863187413454,33.75235,22.754303,34.54838138658798,44.7074,28.962166,0.9063186124529369,1.5914601,0.23427059
2014-10-21 09:00:00,28.40875504304023,32.93277,22.02066,29.98633926821855,40.262783,18.6449,1.0810268783807075,1.6882623,0.49343795
2014-10-22 09:00:00,28.831898601109174,33.60977,22.30899,16.75660264805347,27.244963,5.5407724,0.6597529271709,1.2350005,0.1547693
2014-10-23 09:00:00,29.848428803992192,33.66861,25.451813,18.8780798696112,36.180603,7.360551,0.70008966167635,1.6186272,0.06726351
2014-10-24 09:00:00,30.55973705917694,34.50284,25.938385,18.496910229310302,34.007267,10.859543,0.507295091720008,0.98875463,0.11158241
2014-10-25 09:00:00,30.784200409179675,35.562897,25.678131,26.332965829884095,31.62294,15.521377,1.0487347328841847,1.6514258,0.25182652
2014-10-26 09:00:00,28.931068960703954,34.826813,21.44986,38.06300005127336,53.145313,28.188282,1.6801887851265132,2.4722219,1.049847
2014-10-27 09:00:00,25.922481563648716,31.052643,19.018463,32.95476403373405,41.6469,24.517994,1.5074317741377254,2.8062906,0.52893037
2014-10-28 09:00:00,25.75495721817947,29.615875,21.110016,25.344522038324868,32.903706,21.218971,1.1525185688742243,2.181145,0.2767851
2014-10-29 09:00:00,27.18610925549075,30.403717,22.393951,18.683905019204484,23.63619,13.893749,1.1171341779441475,2.2112494,0.18518536
2014-10-30 09:00:00,28.599348605539035,31.555817,23.618317,16.408036999131205,22.075722,12.274941,0.9553962817567155,1.9708356,0.24474539
2014-10-31 09:00:00,26.57478758106521,31.116364,21.616364,24.006155794742135,36.051064,17.547157,1.0863792050238594,1.8126061,0.26529264
2014-11-01 09:00:00,24.130767688959338,30.425201,16.446686,46.16632537700175,77.21958,27.473492,3.3281761296927446,5.15064,1.5027182
2014-11-02 09:00:00,17.666995395286904,23.261383,10.597321,49.58078429517851,73.637955,32.59,2.3425406850848316,3.8577123,0.23138392
2014-11-03 09:00:00,18.762670903504443,21.924957,12.33902,30.44531314384132,36.831028,15.432591,2.1763118109074675,3.9998791,0.32739687
2014-11-04 09:00:00,19.903490068838096,22.760162,14.973785,19.067274791100687,27.85522,11.657531,3.0543813890336957,5.880946,1.1662397
2014-11-05 09:00:00,23.005642723168762,25.02652,19.545563,9.876658493744142,15.554846,5.05188,2.7755246110571683,4.82086,1.0963465
2014-11-06 09:00:00,25.88967752168395,28.829987,20.990387,9.562931214565781,12.416403,7.150778,1.8938394860221457,2.6636317,0.6105061
2014-11-07 09:00:00,27.429058037560594,30.78067,22.03067,16.026986187466036,23.714357,8.833642,1.3962251863457817,2.3432298,0.48964322
2014-11-08 09:00:00,27.614808265329202,29.913239,23.108551,14.069103701895777,16.295074,10.916169,1.4295111115356003,2.4882267,0.39012042
2014-11-09 09:00:00,29.200174158784137,31.365143,24.6503,15.106797334994907,18.572945,13.067551,0.9137757474779133,1.9266231,0.03654631
2014-11-10 09:00:00,26.46229593543336,29.814117,22.181305,14.602645724069419,18.58921,11.34038,1.1175151594204686,1.725036,0.09207205
2014-11-11 09:00:00,24.517757103450037,29.153564,18.057861,25.225186447838883,50.638153,13.81566,1.841053927961195,2.8961842,0.8864685
2014-11-12 09:00:00,21.532186570217902,26.958649,14.207001,44.72386977486158,74.18402,24.234804,1.7213057066472133,2.7522078,0.6909069
2014-11-13 09:00:00,21.202173309764305,26.060822,14.620819,52.782526820579825,73.22566,42.12801,1.4532019033611256,2.378186,0.5936384
2014-11-14 09:00:00,20.799740807502758,25.042175,14.717957,55.73780608313898,85.43962,28.689625,1.7319819272551549,2.7647738,0.92126906
2014-11-15 09:00:00,20.576779366416815,24.004974,14.989349,40.723958687132686,65.80881,26.282684,1.4027929097704337,2.5153248,0.47771528
2014-11-16 09:00:00,20.98797706790367,25.755157,13.792267,17.870815169854186,37.929234,2.5581398,2.056672996240329,4.0374656,0.049810745
2014-11-17 09:00:00,16.205703767737077,20.653687,13.345093,7.00147263413587,10.500051,2.6906033,3.0772653291123313,5.5777745,0.59964406
2014-11-18 09:00:00,18.323209620547345,22.401764,14.277985,10.87015796597697,14.117096,7.0650425,2.2102505130123165,3.5525978,0.18965437
2014-11-19 09:00:00,19.26334889525168,22.867584,13.779694,10.156847657772166,12.700443,8.3237,0.8733122841294997,2.0284877,0.15207835
2014-11-20 09:00:00,19.401654117379223,21.319733,14.97403,15.676095958603405,23.74398,10.322104,0.8424123390362969,1.4697381,0.15979676
2014-11-21 09:00:00,18.439785094224362,21.702911,12.825958,40.12537569630468,72.36687,23.88042,0.8599198837422082,1.6975147,0.16831031
2014-11-22 09:00:00,19.54546468941902,22.748077,14.270416,30.689684574231077,38.563232,22.95386,0.9030056268334684,1.570596,0.1963364
2014-11-23 09:00:00,21.480036275730015,25.126373,15.626373,17.49413719971028,34.287907,1.9324379,1.2377990023301086,2.0577695,0.20139837
2014-11-24 09:00:00,19.09118952453383,22.777008,13.282623,7.025037242041848,11.212906,2.577776,2.4018157093302954,4.149485,0.80664104
2014-11-25 09:00:00,19.94446119077611,22.80069,14.331207,6.689183227736334,10.554996,3.6917143,1.8197898491065165,2.879948,0.17526256
2014-11-26 09:00:00,20.739725723161257,23.98819,18.109344,9.247774897758314,13.080846,6.2292833,1.5362107447271853,2.3568597,0.37534925
2014-11-27 09:00:00,24.233833536587895,27.362213,20.71585,7.748056787180135,11.733318,4.2328806,1.712496650942701,2.6472354,0.4189077
2014-11-28 09:00:00,24.24002784806629,28.250183,20.494324,9.558334014766904,13.762191,5.591325,0.9529004387545346,2.167593,0.129716
2014-11-29 09:00:00,24.24291822244959,26.09671,20.118195,10.48789200504604,13.098145,9.060195,0.6721144005273715,1.5702873,0.037311297
2014-11-30 09:00:00,21.82902917217774,24.969025,17.008087,12.000819380973372,17.814407,7.419875,2.0257334424712483,3.072776,0.61934954
2014-12-01 09:00:00,18.633205434265562,23.131866,13.435638,55.16521318098278,71.58727,37.68744,1.0502756117125378,1.9274789,0.22496386
2014-12-02 09:00:00,18.25766621406615,21.413422,12.749359,32.01852990776519,49.16061,19.46928,1.1501000508653973,2.1005816,0.04847457
2014-12-03 09:00:00,16.262832545896117,19.983673,11.470703,82.64750250710682,99.079735,64.46821,1.2413240024759764,2.3796,0.42298815
2014-12-04 09:00:00,15.494694229317133,17.60434,11.784027,73.68855150937485,84.74993,45.878586,0.651528962538653,1.3830199,0.12979087
2014-12-05 09:00:00,17.665511325493583,20.338226,11.898773,71.55059703141865,85.98905,50.14412,0.7630546886384219,1.5175648,0.037977938
2014-12-06 09:00:00,17.4817780665054,21.700653,12.094391,68.39673909002413,86.29508,38.041176,0.8894564757685097,1.9782902,0.18910442
2014-12-07 09:00:00,20.12018705859134,23.644684,14.800934,46.1923313094665,58.44605,37.223392,1.7675779637482099,2.8800669,0.41650873
2014-12-08 09:00:00,20.15107857742038,23.54538,15.02713,28.905625812956828,34.869957,23.940746,1.5674997603205822,2.664,0.42867714
2014-12-09 09:00:00,20.526316106667252,24.016357,15.881592,27.63293967124465,35.99975,22.452873,1.6270149160129566,3.0357144,0.25206885
2014-12-10 09:00:00,22.334325708667677,26.174469,17.592438,29.321384506901424,35.35881,17.010715,1.5342275508991685,2.9765608,0.21244471
2014-12-11 09:00:00,20.674286525340904,23.871735,15.664703,29.831025094064465,40.57295,21.834667,0.5228033269893324,1.3190737,0.090078495
2014-12-12 09:00:00,18.6209317873288,23.319489,12.817535,32.422329855725,63.199913,8.892257,2.0395444430951946,3.0220604,0.75040984
2014-12-13 09:00:00,12.694492080854559,17.459381,6.8937073,55.291017762816615,83.54092,40.09826,1.538270198680126,2.4072776,0.62829036
2014-12-14 09:00:00,14.688415580422202,18.392487,8.284821,40.20684302768181,55.93381,23.668953,1.4389994680865124,2.695539,0.13052593
2014-12-15 09:00:00,15.11817331262938,18.707184,9.015778,28.18196832508908,43.106007,11.898218,1.031035715349285,1.9729373,0.019248987
2014-12-16 09:00:00,13.673363284983395,16.291656,8.420563,42.34191383831547,58.14997,23.607664,0.7125799157537707,1.5927942,0.039145887
2014-12-17 09:00:00,12.003504705198111,15.373444,5.9950256,71.79344000654321,89.4622,55.98225,0.9191419251319741,1.5282853,0.21962881
2014-12-18 09:00:00,13.114649418880333,16.633148,6.929352,67.12955414973878,81.16511,55.395576,0.6751912955694745,1.3449467,0.21702583
2014-12-19 09:00:00,14.519911627582076,17.962097,7.7824097,54.799631753748834,73.16618,39.506477,1.178925533859775,2.4162886,0.08703802
2014-12-20 09:00:00,14.823326447590716,17.388641,9.675751,45.92711850311094,62.043987,31.704142,0.8716329793867919,1.8759648,0.04238829
2014-12-21 09:00:00,15.046735069330339,17.361176,12.612213,37.321478495842996,45.446926,32.989895,1.3060390488119036,2.9225588,0.067576855
2014-12-22 09:00:00,18.353930908351686,19.550446,16.927399,22.614155487811228,33.605324,14.773294,1.5391047755235372,2.9513304,0.26867437
2014-12-23 09:00:00,23.429135204604734,26.71347,18.279877,19.31024475441109,30.69826,10.67618,2.3029741562615063,4.7614036,0.3443387
2014-12-24 09:00:00,20.61991644588369,23.22818,15.712555,17.33084527375402,25.066488,11.190443,1.6772670343750178,3.0960538,0.57331157
2014-12-25 09:00:00,17.157862531323985,19.441559,13.568512,29.571641674882027,50.495117,13.710809,1.1423484854689532,1.8183277,0.14173321
2014-12-26 09:00:00,13.359019433500237,16.270111,7.613861,21.679068822051985,30.952263,10.317848,2.6960836351553508,4.9827824,0.3950617
2014-12-27 09:00:00,11.878199318342638,14.861908,5.6822205,22.747793318380307,28.157192,14.457479,2.607125724172089,4.8410296,0.53042054
2014-12-28 09:00:00,11.79196178079684,14.357819,6.299225,14.94277982503814,20.811432,10.561222,1.463085709664047,2.7922027,0.19121721
2014-12-29 09:00:00,12.117537303064694,14.040802,8.003693,18.568082716679246,25.24577,12.323894,0.8566448448205475,1.7012832,0.16488938
2014-12-30 09:00:00,13.2798962765537,14.7031555,9.798859,22.55640484068305,38.616096,12.815316,0.9672640603024644,2.1970785,0.106315985
2014-12-31 09:00:00,9.174292165131135,13.81134,1.6570435,36.93226711165053,52.555706,28.215862,3.0693256753133844,5.5505557,0.89695996
2015-01-01 09:00:00,6.046217754951044,9.42276,0.83877563,20.587880572479744,51.228798,12.299112,0.9687894660087893,1.7722063,0.15005492
2015-01-02 09:00:00,8.111703802581246,11.330292,3.6862793,20.152136921608136,36.73366,11.374288,1.3256496933970694,2.8662076,0.19687404
2015-01-03 09:00:00,11.506613333586643,14.532501,7.504303,21.529296337100767,34.92588,13.532207,0.9852435973729199,2.1999402,0.03817308
2015-01-04 09:00:00,13.60256000585457,15.391632,10.243195,19.417549427209256,23.094427,13.983705,0.7039979349727133,1.3276117,0.16892274
2015-01-05 09:00:00,15.587104791234424,18.219635,13.746979,15.03676800177771,19.086864,8.176342,1.8909522788880209,2.9298365,0.43433008
2015-01-06 09:00:00,20.32944894485553,22.331879,17.478363,13.92688810271097,17.542923,11.081985,2.1899749642128183,3.203412,0.5904209
2015-01-07 09:00:00,22.890560117961684,25.471222,16.834503,13.815682978791456,19.614803,11.070464,1.9706692918464597,2.858166,0.5734369
2015-01-08 09:00:00,22.728489073377375,25.798553,17.872772,24.770467194312474,30.395544,18.181461,1.236613038018454,2.502361,0.2582837
2015-01-09 09:00:00,20.28939821390179,23.50766,15.156097,40.08779852964176,52.6276,33.493954,0.7514494730272013,1.5227737,0.07294399
2015-01-10 09:00:00,19.837229038066653,23.75766,14.419769,40.89710724694556,53.650116,26.363209,0.5551936534221678,1.448734,0.15701781
2015-01-11 09:00:00,17.23902318383773,22.134918,10.316559,57.85236056198548,66.46292,42.86718,0.6534447251768822,1.7569174,0.14316528
2015-01-12 09:00:00,14.154252452400215,18.427399,9.386444,83.40240176814491,88.46608,75.84889,1.1423787914435874,1.9042542,0.25248548
2015-01-13 09:00:00,16.513854399750585,19.62384,11.371887,50.87441287544053,76.54945,23.588514,1.3542859564902288,2.5521548,0.15382224
2015-01-14 09:00:00,16.774437046088565,19.929169,10.96402,38.60574227156126,43.510082,31.579475,2.269737663462446,4.1275196,0.51327467
2015-01-15 09:00:00,17.99673809351168,20.943176,12.773254,31.039749983131756,39.977158,15.64122,1.998139924689321,3.2347205,0.7852566
2015-01-16 09:00:00,18.52358704967861,21.508728,13.098572,17.018870559555836,26.986958,4.947895,1.6308646681759877,2.6332543,0.50764227
2015-01-17 09:00:00,20.130475730290698,23.383759,15.932587,15.241208525644726,20.082653,9.733595,1.397718225618707,2.4368522,0.2453901
2015-01-18 09:00:00,21.637655174488714,23.781586,17.043304,12.119623959666436,19.635191,6.7919426,1.0366741729715256,1.7456503,0.16749719
2015-01-19 09:00:00,21.67875364062138,23.845367,18.241852,8.583461124425261,14.391327,4.0781584,1.0864376429029514,2.2584755,0.07586667
2015-01-20 09:00:00,21.84706419088468,24.22641,18.01352,15.87532274434538,21.815252,9.045417,1.0369837421783854,2.221838,0.067995384
2015-01-21 09:00:00,18.761232953902663,21.854279,13.850372,26.151193750061424,36.263676,20.6543,2.0806779860501043,4.751622,0.14153804
2015-01-22 09:00:00,19.611110192619833,22.555878,14.147675,8.008643761027992,16.624754,3.8037376,2.8219060433131307,5.543963,0.89237124
2015-01-23 09:00:00,17.311224381713487,20.31015,12.204681,8.254440104321542,15.326854,4.755783,1.8072633781596006,2.885968,0.094452694
2015-01-24 09:00:00,18.59045266671359,21.540924,14.019257,10.721817479563274,14.123761,7.4753237,2.53058237190371,4.1350527,0.97062135
2015-01-25 09:00:00,20.651575774501794,23.368622,15.661224,13.886289857662376,18.854853,10.714228,2.8176268958218005,4.2796197,1.3688126
2015-01-26 09:00:00,22.275192725410307,24.875366,16.18396,19.160364293469208,26.234316,15.116456,1.681348523380594,2.8196828,0.6551449
2015-01-27 09:00:00,14.508954612197783,16.825531,10.264984,71.0917343702526,84.50766,57.10141,1.266654887130257,2.1352289,0.18837006
2015-01-28 09:00:00,17.86326034854443,20.933014,13.636139,45.14788534411244,58.36881,27.583652,1.3832728423006115,2.5733669,0.49802932
2015-01-29 09:00:00,18.96227644064402,21.634186,14.63443,32.20838365084054,51.514683,21.245537,1.6606546216103033,2.551955,0.68725437
2015-01-30 09:00:00,18.143129686567306,21.271637,12.750153,56.71614733831481,73.4093,46.284313,1.216168089401555,2.508255,0.39664462
2015-01-31 09:00:00,15.163813302107712,18.306366,9.280975,75.54196014076696,85.68668,69.33,1.4102638878675744,2.5568857,0.13600655
2015-02-01 09:00:00,17.332741746835893,19.990204,12.791351,34.69822178357661,42.65845,22.459232,1.9864476948737442,2.8063667,0.8755908
2015-02-02 09:00:00,21.34365941849768,23.764587,17.442322,10.647873947761145,16.001137,5.6595573,1.1759396968739835,2.2208083,0.20608696
2015-02-03 09:00:00,22.976784855738572,24.702362,20.044159,13.034361892316367,17.71915,7.4435987,0.8668189359231336,1.7291529,0.09499879
2015-02-04 09:00:00,23.30646978038652,24.927948,19.82248,15.328631888685871,20.08817,11.287389,0.7129778043520466,1.4832839,0.19120263
2015-02-05 09:00:00,23.978882643550605,25.419617,20.86493,14.056786586381705,23.392235,9.395925,0.6339709489559291,1.4651518,0.1859094
2015-02-06 09:00:00,24.36924600544768,26.861298,20.214813,12.984472400331635,20.277617,8.661435,0.6949705089545002,1.2307978,0.12627248
2015-02-07 09:00:00,24.37695053000448,27.833038,18.65335,13.021470370778703,22.35962,8.953588,1.3841624593380177,2.267786,0.27949384
2015-02-08 09:00:00,23.866124727984186,28.834808,16.781067,26.46263451541153,44.397327,10.600453,0.9586085080893592,2.0225546,0.20647082
2015-02-09 09:00:00,25.326433321804586,29.046295,19.577545,34.74891910244818,43.41011,27.290653,1.0465749694833992,1.8595421,0.16296828
2015-02-10 09:00:00,25.469139084055996,30.430023,18.627289,17.92574969708705,28.088573,4.5885744,1.5351947820611653,3.0731645,0.1648806
2015-02-11 09:00:00,24.644379189058156,28.26529,18.54654,14.007012022850303,19.441986,9.163229,2.854818495022266,4.8339586,1.1012421
2015-02-12 09:00:00,24.41226969998297,27.44107,17.538727,14.876222030704035,20.178099,4.7262297,2.947048762268919,4.173826,1.3805352
2015-02-13 09:00:00,23.97345105465712,27.257599,18.258087,16.946346999004305,20.803272,9.1698,1.766508081404195,2.5515828,0.36516392
2015-02-14 09:00:00,25.731903292440506,29.282562,20.677094,19.888401180554578,26.292837,13.1294775,0.8309542671937086,1.8861018,0.17240018
2015-02-15 09:00:00,26.81239442270953,29.449646,21.978943,19.16348910377444,22.517294,16.464403,0.5810985865476429,1.0952094,0.1846323
2015-02-16 09:00:00,25.6264732568892,28.308197,21.124603,16.352949547782263,18.475128,11.868994,0.594003172512339,1.419652,0.08163165
2015-02-17 09:00:00,24.6559687976806,28.674042,19.77951,16.51030383185954,21.762024,11.504211,0.6326498699629125,1.2589238,0.07396602
2015-02-18 09:00:00,23.214454557814236,26.579742,19.341461,16.842855554159556,22.266636,8.063512,0.8399055674369196,2.0886843,0.16569331
2015-02-19 09:00:00,24.218562091983472,26.665192,20.536285,13.644400245743219,18.576714,5.0880966,0.62531526131773,1.1254237,0.1305027
2015-02-20 09:00:00,24.992727967344763,27.431732,20.712982,9.856994548557761,18.12461,6.1856594,0.8824682140506388,1.656223,0.18021642
2015-02-21 09:00:00,23.83718092961533,26.486298,19.365204,18.032314702161276,38.486473,11.888819,1.3230448974088493,2.0812473,0.76991504
2015-02-22 09:00:00,22.0358055582185,26.825623,14.979919,43.547332902087845,97.35871,17.453588,2.934181628666095,4.5477424,1.8178812
2015-02-23 09:00:00,16.05221364143938,21.928802,7.124115,60.18320197494954,80.10302,42.02885,2.1767917425552943,3.3524132,1.1100775
2015-02-24 09:00:00,14.569746533980094,18.67752,8.228394,35.92696739614333,52.074696,18.836414,2.516178618777714,4.772033,0.6939843
2015-02-25 09:00:00,18.29351830169577,21.456268,12.836182,10.767024084040312,17.273624,5.9563303,1.8039344837936837,3.3013082,0.13140425
2015-02-26 09:00:00,22.803408529206706,26.113373,17.664154,19.690114140284212,35.363865,12.098239,1.085760765395083,1.8856454,0.28464624
2015-02-27 09:00:00,22.072031626194814,26.543488,15.938019,33.63307595945753,55.24938,19.11266,1.6729123230990575,2.2267783,1.0896033
2015-02-28 09:00:00,19.090238025625126,25.319489,10.069489,54.3077699381812,80.71757,32.78917,3.942219953455301,6.6164165,2.0276625
2015-03-01 09:00:00,16.431805320765136,22.115875,8.295563,56.2703121712498,88.259636,37.576122,1.5922444503665882,3.128543,0.73469776
2015-03-02 09:00:00,11.359007524299614,14.521393,5.458893,76.3077573819912,84.22317,68.726906,0.8904790595574336,2.032559,0.28393427
2015-03-03 09:00:00,12.749885810045498,15.628754,7.7131042,50.79890584893993,60.07283,37.161472,0.9653470114375851,1.8564017,0.40442532
2015-03-04 09:00:00,15.63929814374967,18.14975,10.182953,36.0206832080543,52.666946,10.953929,1.8032573307956303,3.9698713,0.20888391
2015-03-05 09:00:00,18.067425272465243,20.496307,13.000214,18.601831002679397,29.928123,8.521568,2.1867355764220004,3.716102,0.63041586
2015-03-06 09:00:00,20.895141013174225,23.755157,16.04422,7.93817013691014,16.391018,2.3402376,2.4444618989395352,4.020399,1.0018988
2015-03-07 09:00:00,24.181810589435713,27.273102,18.360992,11.825639803794699,16.57829,9.344711,2.4454449175748345,4.206406,1.0112435
2015-03-08 09:00:00,26.719536611604894,29.640045,21.466217,11.837185312273306,14.933932,9.423269,1.132082094729976,2.4171085,0.06277145
2015-03-09 09:00:00,26.481342101904886,30.650604,20.451385,11.947593677811492,16.414112,4.966052,1.1983593513387343,2.1307943,0.39581564
2015-03-10 09:00:00,26.442678115115314,30.858215,20.381653,13.200711047172497,18.69946,8.934743,1.5691770528612863,3.033393,0.22176717
2015-03-11 09:00:00,27.326611897840507,30.945953,22.238922,13.402297560446137,15.92173,9.628761,0.6648779965633469,1.3664936,0.1465713
2015-03-12 09:00:00,24.868477485247013,29.920319,17.602203,16.540839399700467,23.858015,11.678328,1.73275346934658,2.547212,0.8418279
2015-03-13 09:00:00,27.526022384721898,31.353851,20.685883,23.468610691658824,27.868809,19.344994,3.383355260084065,5.3835454,1.7549263
2015-03-14 09:00:00,28.125899249641805,31.658752,21.648987,22.906274590912233,26.022137,18.405773,2.2379009647720327,3.1095562,1.4334182
2015-03-15 09:00:00,28.772866305404364,32.39737,23.002838,21.354526675120223,25.45052,16.115944,0.8263706710286255,2.1709054,0.06955336
2015-03-16 09:00:00,28.53766469383544,32.33609,23.291168,16.766657198305975,19.568295,13.89642,0.8415113460831903,1.6003299,0.026382696
2015-03-17 09:00:00,28.615640699655387,32.894196,23.10318,17.065757166221722,19.802961,14.138899,0.8444433266261002,1.3961,0.35834253
2015-03-18 09:00:00,27.26449309227428,32.193756,20.301178,21.739540149608292,28.259441,15.884441,1.9651027293378758,3.6035278,1.066837
2015-03-19 09:00:00,23.24126139283618,28.825134,14.673737,33.96793323003231,56.7524,20.96001,1.197279251775465,2.3929732,0.23821592
2015-03-20 09:00:00,23.367000382324306,25.149567,19.424957,35.55032190093965,54.303955,12.080415,0.7151803367445968,1.6512008,0.12742761
2015-03-21 09:00:00,26.621123074437207,29.402985,22.486969,15.363656048463094,22.163517,7.552047,1.0187992453562196,1.3832575,0.34873104
2015-03-22 09:00:00,27.975238689538912,33.153168,20.50473,10.150577907680228,25.392853,3.5236416,2.546523419344746,3.9449816,1.2988932
2015-03-23 09:00:00,25.617743597742333,31.55716,17.629425,17.498760813007628,47.187805,1.5981102,2.4119026089488456,3.4138134,1.2119863
2015-03-24 09:00:00,24.734029497883967,30.08023,17.756012,28.903079371335078,51.11306,17.19127,2.1195254550637066,3.1196673,1.1905905
2015-03-25 09:00:00,26.090268717040942,29.93399,19.75821,25.384925302258853,29.428055,20.584175,2.207503193210622,4.097197,0.32962418
2015-03-26 09:00:00,27.68918223986185,31.251373,21.528717,17.21853987187964,20.199331,14.8355255,2.8459262557798155,5.0547676,0.89235705
2015-03-27 09:00:00,30.393918763106853,33.082428,24.861725,14.007054288372474,15.842956,12.249206,1.0137540780881016,2.1454136,0.18612315
2015-03-28 09:00:00,30.50746319705405,34.075836,25.232086,12.301115753943627,15.738146,8.140135,0.8408834056923835,1.3885584,0.22046816
2015-03-29 09:00:00,30.805162845617986,35.729645,24.147614,9.548280865939722,11.876135,7.308676,0.9585221927986957,1.585507,0.58184725
2015-03-30 09:00:00,31.34142432299882,36.62735,25.285553,10.89588468742453,15.408968,6.947318,0.6667127180530794,1.4950336,0.12415255
2015-03-31 09:00:00,30.579849677689822,35.66397,24.55655,12.162694166449983,15.873811,8.014694,1.532786963893903,2.879721,0.6969029
2015-04-01 09:00:00,27.982640107908594,34.19034,20.432526,15.397416121960893,37.627327,7.7932262,2.34299060660941,3.2505884,1.2878131
2015-04-02 09:00:00,27.532381537187348,32.37906,21.177887,16.598681999448978,45.53674,1.2908726,2.005557957710205,2.8257623,0.8915965
2015-04-03 09:00:00,24.922710705893678,28.945465,19.476715,11.189399435236874,13.299779,8.461704,2.7798298394013656,4.689645,0.7927872
2015-04-04 09:00:00,25.793359000229543,29.02359,20.382965,8.675565009191851,13.379773,6.246961,0.9800215295145759,2.537635,0.11254473
2015-04-05 09:00:00,26.57271966559489,30.78122,20.361298,10.237785992266009,19.258894,4.6027994,2.3693096938413802,3.1412628,1.1913104
2015-04-06 09:00:00,23.857029966024925,30.005768,15.683502,16.6869945036969,51.82824,-0.27372932,3.147286681404184,4.263332,2.097742
2015-04-07 09:00:00,20.025874001723423,25.813873,12.229889,27.50914098962539,77.34895,5.606764,2.9264340180146746,3.887354,2.1753933
2015-04-08 09:00:00,19.37185016126324,24.803864,11.698395,34.22950879341525,59.340675,17.071144,3.0244469819477753,4.0245957,1.8937291
2015-04-09 09:00:00,21.45849504262634,24.605133,15.866852,16.447122648312355,27.757917,12.543074,1.6517605468659746,3.382933,0.2479561
2015-04-10 09:00:00,23.391872739259895,27.221588,18.403229,17.083505842814624,38.35019,11.182221,0.9649655159575431,1.9371568,0.34972438
2015-04-11 09:00:00,23.966911778247265,28.898834,18.281158,16.22217717563592,31.32983,7.8849697,1.06989884805205,1.954691,0.30928615
2015-04-12 09:00:00,25.74245799815884,30.44693,20.205719,18.425117560123464,27.617718,12.952169,1.2767547327717368,2.2602274,0.4777312
2015-04-13 09:00:00,28.54576501143481,32.5419,23.30362,15.810205050374837,25.789392,10.770931,1.096151456282297,1.7819436,0.45067456
2015-04-14 09:00:00,29.114309900200965,34.44693,22.194977,18.516720104440545,29.676617,11.6216,2.502448412736154,3.8018003,1.2423384
2015-04-15 09:00:00,27.926634573385456,33.595856,20.64273,13.476067543388698,23.885529,9.161907,2.270616775848256,5.022273,0.043431625
2015-04-16 09:00:00,23.24162233662281,26.223053,19.228912,9.761813584611296,12.601836,8.282517,2.293736814563802,4.8327227,0.5382968
2015-04-17 09:00:00,23.870930747108844,26.044098,19.71988,13.30722065996084,19.276329,8.673187,1.0047007215935284,1.7173684,0.15932065
2015-04-18 09:00:00,26.934853526164716,29.903961,22.392242,12.729325441675831,16.49041,10.420098,1.429002565230349,2.0515783,0.6164097
2015-04-19 09:00:00,29.65920535654726,34.35904,23.278961,12.125223049860537,14.274651,9.676994,1.5273293979551161,2.1911743,0.7378561
2015-04-20 09:00:00,28.693304058257297,34.106598,21.749176,12.052192858429002,27.997107,7.954138,1.6584943367731197,2.9714315,0.7441605
2015-04-21 09:00:00,27.719702753275442,33.39322,20.822906,19.78420662572844,43.198654,7.1244345,2.273825016057335,3.6793892,1.396194
2015-04-22 09:00:00,23.347622778293896,29.50821,15.039459,43.11431274215649,83.663925,28.120579,2.1679258700655875,2.924827,1.5167681
2015-04-23 09:00:00,22.880787715416773,28.774567,15.67569,39.09513071004835,84.912056,19.724556,2.097466806057477,3.3668528,0.85173076
2015-04-24 09:00:00,20.70000957066395,26.92984,12.170807,51.2597748879985,87.94206,33.91472,2.78410872720662,3.91919,1.8608499
2015-04-25 09:00:00,20.79974862423569,27.567047,12.373688,57.89338572945818,86.30057,37.26089,3.526776700790178,4.7885947,2.638147
2015-04-26 09:00:00,20.108943078668517,24.071198,14.918854,39.201354359023895,69.00778,23.921844,3.2542769167195065,5.268121,0.92977345
2015-04-27 09:00:00,24.637150504129124,28.80606,18.915436,21.54297564736998,33.774284,16.376667,2.935764802154126,5.9072156,0.19368632
2015-04-28 09:00:00,28.855213119816483,32.87564,23.005768,15.007194847042053,21.51672,8.102656,1.4319940546244296,2.5320482,0.20338346
2015-04-29 09:00:00,31.065779725031348,35.831207,25.391754,18.933004994665605,23.404129,15.068192,0.9013024881617039,2.0350637,0.04038991
2015-04-30 09:00:00,32.6406438400262,37.375885,26.32901,19.32193531241991,22.715715,15.58681,1.0106050387946024,1.8356498,0.51326513
2015-05-01 09:00:00,33.200725685634154,38.694977,25.349274,16.924611699316337,22.651232,12.996491,1.4031224033944936,2.152312,0.5424599
2015-05-02 09:00:00,32.03796088858064,37.770416,24.168854,17.366876437735826,22.233204,13.526426,1.5809274879167448,3.1417081,0.4800104
2015-05-03 09:00:00,30.863676309914013,36.105865,23.248444,19.785874454538764,32.297504,12.285785,2.155250260458462,4.1783977,1.0134133
2015-05-04 09:00:00,28.254228416255557,34.151276,21.139557,27.448040246804627,53.15896,16.90505,2.508219590379825,4.4463453,1.3099965
2015-05-05 09:00:00,25.520576763140582,30.75943,18.443024,38.29825584513336,61.97344,16.663078,2.4364043808256644,3.3594618,1.8358495
2015-05-06 09:00:00,25.109607474578354,31.316559,16.90445,28.414664103978115,63.76096,4.818591,2.775938281981201,3.977546,1.8906732
2015-05-07 09:00:00,23.951825857823508,30.367584,15.490631,45.30524391025277,97.76049,15.535866,3.3814053900931844,4.359341,2.3864841
2015-05-08 09:00:00,19.510814024960382,26.752838,10.594635,50.0465209512193,85.38545,14.553422,3.5113599621842146,5.561294,1.855601
2015-05-09 09:00:00,17.924269957012882,21.729645,12.977692,56.882495914794056,90.49326,33.374958,2.3022788753287147,3.472214,1.6152045
2015-05-10 09:00:00,24.50892978068339,27.919586,20.261383,34.95200777017003,42.110657,25.324078,1.155917960652796,1.7302938,0.65668875
2015-05-11 09:00:00,28.68700437597022,33.444,22.147125,20.649888367169353,28.311363,15.45408,0.8426246797284812,1.4349431,0.29035923
2015-05-12 09:00:00,28.95330994624493,35.001617,21.411774,21.81783712909233,37.29737,14.41456,2.4521810888385547,3.70556,0.98895746
2015-05-13 09:00:00,26.726189996345965,32.605377,19.08194,15.680150806060707,40.464,-1.174715,3.0965877626297074,5.1153193,1.6478211
2015-05-14 09:00:00,24.67375902260028,31.525543,16.365387,29.570839906165165,58.197456,14.378742,3.041401970422632,4.5473685,2.0167289
2015-05-15 09:00:00,17.043738837196315,24.707916,7.4813538,62.76987564922852,90.53313,34.924812,2.4868598531226063,4.596124,0.30768397
2015-05-16 09:00:00,17.310731851828677,20.460846,13.320221,57.98245986036204,78.3537,45.4826,1.5404951297158274,2.5162816,0.7167462
2015-05-17 09:00:00,21.71319963701478,26.36441,16.93277,54.14151703344027,83.18596,41.049606,1.4769419402476824,2.2323773,0.6728078
2015-05-18 09:00:00,24.73418106351795,30.74527,18.016754,41.600612877773045,78.15131,11.275994,1.728156324336807,2.3348486,1.0258868
2015-05-19 09:00:00,23.59737133665118,30.227203,16.130035,41.19469678996805,83.19949,19.512981,2.6126297258817255,3.6810746,1.6900665
2015-05-20 09:00:00,25.025170469916702,30.84195,17.576324,31.598400791057863,48.21882,18.673145,2.006675938916707,3.0997183,1.1631907
2015-05-21 09:00:00,25.821941904644007,32.2106,17.788727,32.695906565578234,63.97555,13.788052,2.4613908746843154,3.4852111,1.7226378
2015-05-22 09:00:00,22.654404496236054,30.142242,13.589508,41.8605937117508,88.95347,17.701395,3.176886825646846,4.514946,1.6288347
2015-05-23 09:00:00,20.286912742139748,26.602448,12.472809,58.56543745726244,96.864494,33.952877,2.602291506208755,3.624846,1.5340303
2015-05-24 09:00:00,23.553341496914754,30.018463,15.069244,57.48061654819616,93.85293,39.30095,2.426985600407721,3.2992094,1.485048
2015-05-25 09:00:00,25.48257302500741,30.541168,18.089996,44.234031939744234,70.02551,31.514614,1.7741027332449615,2.9310281,0.9887976
2015-05-26 09:00:00,27.254736712187707,32.82852,19.4086,31.2195112240323,55.316113,19.542356,2.035557080808172,3.4533525,0.6860321
2015-05-27 09:00:00,27.925990987131286,33.79483,19.953033,26.407266130591587,39.413185,11.433179,1.7999661938524172,3.0473075,0.67692935
2015-05-28 09:00:00,30.109626432168398,35.6669,21.582916,20.628711145609426,29.90413,9.009941,1.4784829389820557,2.3825107,0.8287886
2015-05-29 09:00:00,32.36381557376626,37.46353,24.145172,16.94045312296853,25.686543,3.5497026,1.4132473911625123,2.5049536,0.68944776
2015-05-30 09:00:00,33.84280694156769,39.29312,25.121246,16.123775534484,20.921352,11.577601,1.2967190957318602,2.3270512,0.42115206
2015-05-31 09:00:00,34.73909088603199,40.183746,25.990387,14.582272574646908,24.589382,5.8079214,1.6897956087732702,2.9137344,0.55056804
2015-06-01 09:00:00,33.89675835940102,40.977203,23.360016,15.187542234613902,26.492205,7.870064,2.4363678482981084,3.9879282,1.2372323
2015-06-02 09:00:00,31.916260251841777,38.400055,23.868805,12.528279236630429,27.739372,7.1094313,2.5191605416109724,3.5180259,1.6322207
2015-06-03 09:00:00,31.55141968048082,38.037018,23.24405,13.480449705927226,33.178905,3.9596872,2.677811553022284,3.864168,1.856031
2015-06-04 09:00:00,29.54282788504753,36.1774,21.38443,20.09167876257449,52.64682,3.6179857,2.7883420570358117,4.1212287,1.970545
2015-06-05 09:00:00,27.582470218686126,33.766754,19.112457,22.359185605729284,59.37825,8.420783,2.442413955914433,4.121907,1.728808
2015-06-06 09:00:00,26.85862887133976,33.89566,20.007965,28.881817749806803,60.441597,9.91315,2.192903686764079,3.2999878,1.4993865
2015-06-07 09:00:00,30.560478515506077,34.754547,25.47818,20.102583032961736,26.553732,15.12397,0.7389694885407101,1.5528648,0.16895084
2015-06-08 09:00:00,34.36762312381427,38.73697,28.913727,14.78544714706558,17.63108,10.994788,0.7257334516036757,1.6980525,0.1755896
2015-06-09 09:00:00,36.81401195297735,41.27774,31.810944,21.893774422593527,28.68079,14.571415,2.034152365216212,3.5288913,0.24784496
2015-06-10 09:00:00,27.74047674764961,30.291168,21.761871,54.62106609245903,68.72804,44.728043,1.115074451503288,2.247803,0.19375199
2015-06-11 09:00:00,29.89954630118558,36.184967,21.426422,35.79495257750207,61.650185,15.191136,2.1200129909147027,2.9375231,1.4589919
2015-06-12 09:00:00,32.170016887106556,37.503326,23.456451,28.697535070721354,55.64883,16.711277,1.2594963698589121,1.7940965,0.72233325
2015-06-13 09:00:00,32.67440432111579,39.982086,22.038727,30.971982676479385,60.596024,19.134796,2.069192106676827,3.7515714,0.7679873
2015-06-14 09:00:00,33.21994794707871,40.822174,23.535065,20.58808035922347,32.588852,12.99446,1.9633187349973422,3.6577961,0.9386944
2015-06-15 09:00:00,35.91420153261208,41.582916,26.264557,16.949099740458696,20.628883,6.405142,1.906074350023857,3.4639113,0.75672364
2015-06-16 09:00:00,37.7619073107266,44.058746,28.302887,7.526768524523146,12.015184,4.408333,2.2883136067888215,4.166588,0.99381715
2015-06-17 09:00:00,37.59080399160217,43.995026,27.993805,11.588951816988777,17.268864,2.9592772,1.8778731011897194,3.1764429,0.6152177
2015-06-18 09:00:00,38.87755740500961,45.450348,28.786285,9.47513050281052,14.181848,3.2638788,2.256207007377429,3.1823556,1.1913797
2015-06-19 09:00:00,39.25644307792322,45.910797,29.709625,5.822126575560328,13.904397,1.8511057,2.27379068042978,3.4749913,1.1844882
2015-06-20 09:00:00,39.72892603098063,45.621002,31.474518,9.588920613328181,18.127985,4.559087,1.525139592646469,2.66635,0.82436895
2015-06-21 09:00:00,39.127044098833494,44.718414,29.116852,7.870120354610958,16.6268,1.6858892,2.2632968322651847,3.9768195,0.9457813
2015-06-22 09:00:00,37.25037532806152,42.5795,28.568756,10.781189085705293,17.84708,3.6771812,2.1232794492706684,3.39489,1.1569082
2015-06-23 09:00:00,37.92029086283253,43.438385,29.299713,6.136207613692917,14.786031,1.9094677,2.0052202188481703,3.2435913,1.0718225
2015-06-24 09:00:00,38.32389724478145,44.38565,30.036041,8.510246035354646,14.668277,5.6487455,1.784517473572621,2.8987565,0.9335354
2015-06-25 09:00:00,38.7106554114751,44.9794,28.680573,9.456789792441754,15.045711,3.2030754,1.7365487450017083,2.9932415,0.75867045
2015-06-26 09:00:00,38.40859815548089,43.479645,29.946442,10.14351416400589,15.186761,5.608636,1.773342357059591,3.8567648,0.6499243
2015-06-27 09:00:00,38.607583381559266,44.54117,30.197418,15.95276272760694,25.60471,7.386449,1.821129934073536,3.6690373,0.91722745
2015-06-28 09:00:00,37.09524537025783,42.928375,29.934235,23.389532746504383,27.63202,17.649923,1.630702609302344,2.898338,0.9829833
2015-06-29 09:00:00,37.070731421507446,42.669098,29.83902,29.32353592998769,37.130997,23.795353,1.3649828197497211,2.6444864,0.6470822
2015-06-30 09:00:00,35.92373513288078,41.78067,30.079742,28.157703797257824,37.30572,21.872631,2.195627771940251,4.5951796,0.20951125
2015-07-01 09:00:00,33.9492127902551,38.253082,27.597565,32.47024268534279,41.98671,21.115616,1.7244370009036634,3.4149709,0.42155957
2015-07-02 09:00:00,31.165626247247303,35.790924,25.156158,43.66584938167884,63.830368,33.76339,1.8140496553216066,3.0000827,1.1330436
2015-07-03 09:00:00,36.395593246737405,41.664703,28.79361,30.578078808083454,49.314835,17.236155,2.144760578886108,3.1387112,1.45666
2015-07-04 09:00:00,35.956813790585215,40.620758,28.042633,21.795506657374002,33.468147,12.028344,1.7867469202058344,3.21193,0.91611195
2015-07-05 09:00:00,35.42233472455462,40.697906,26.223297,23.992386142888265,31.54747,13.017702,2.3973558813068734,4.3862147,1.1634966
2015-07-06 09:00:00,34.013241888315235,39.99112,24.782135,27.40097365095033,39.213387,16.569206,1.9866096696666986,3.6875758,1.0142266
2015-07-07 09:00:00,33.75214473788719,40.289703,24.213531,23.030706342515618,35.50023,15.949727,1.9855606174770752,3.9637628,0.9528022
2015-07-08 09:00:00,35.54305793286602,42.46646,25.491852,18.5401424209289,31.728313,5.4939394,2.465163907099816,3.6547513,1.7877332
2015-07-09 09:00:00,32.390489174497986,40.61026,22.51651,36.677351414282334,82.44864,13.854158,3.2172992400835936,4.5104465,2.1103501
2015-07-10 09:00:00,28.91683797455272,35.512604,20.766998,38.8110083623053,73.57507,20.42068,2.658295528533907,3.415204,1.8312533
2015-07-11 09:00:00,30.82238216831587,37.12442,23.083405,33.521618971438926,53.190865,19.742992,1.859821716246162,2.962495,0.8557196
2015-07-12 09:00:00,31.671832951932515,37.176178,25.205475,28.131526411603552,38.48761,15.983703,1.7802248131917868,3.0192685,0.69312024
2015-07-13 09:00:00,34.52390722383507,40.221832,27.993317,15.403759657942947,20.300964,6.312832,1.4883801066901445,2.2261457,0.38264024
2015-07-14 09:00:00,36.19462493009547,42.172516,28.539703,13.431771419613511,21.181177,6.0004463,1.9285975329599134,2.8109362,0.9757099
2015-07-15 09:00:00,36.29186687989608,43.36734,27.066559,14.653843734847818,23.153984,9.118827,2.260511768059551,3.661635,1.0868105
2015-07-16 09:00:00,35.429788307110755,41.310455,27.29483,14.556128017267397,22.482815,9.752345,1.828761228744417,2.9648998,0.5687206
2015-07-17 09:00:00,36.48297901230336,42.50064,28.533844,17.29139407199245,24.95462,10.454621,1.9725558137892292,3.485812,0.71071535
2015-07-18 09:00:00,35.808123440455404,40.19034,29.754791,28.72628598636865,39.90901,18.698074,2.0984261190714903,3.6910512,0.5992137
2015-07-19 09:00:00,29.759825774088426,33.300934,24.982574,55.2705456434732,70.15841,45.100864,0.9798088124683743,2.051571,0.34819263
2015-07-20 09:00:00,29.575077239659322,35.785553,23.871002,61.0640250149454,74.30312,48.56589,0.9248000341380769,1.7940321,0.19609399
2015-07-21 09:00:00,32.42959944814908,38.88492,26.152496,54.954724754427126,85.32724,38.24566,1.1689828396227824,2.3280158,0.24104235
2015-07-22 09:00:00,34.01463330782599,41.964996,25.291168,40.57434499922405,73.44359,24.379017,2.2676569193931915,3.4482489,1.3183559
2015-07-23 09:00:00,33.1533939702627,40.251373,24.722809,40.03077779000457,75.447685,18.861748,2.3750091467353562,3.5335164,1.1192417
2015-07-24 09:00:00,33.96255402245475,40.602936,26.544342,29.353966333818377,69.28987,15.723463,1.8845740682912238,2.8732543,0.8360473
2015-07-25 09:00:00,35.79335688006853,41.647125,28.414703,16.746110641001348,40.410255,2.8193684,1.8887606098045162,2.765847,1.1592321
2015-07-26 09:00:00,36.388589764535936,42.59781,28.328278,15.572604597395449,27.852259,7.7790766,2.2237728329454183,3.4332314,1.5101377
2015-07-27 09:00:00,35.50690390271518,42.437164,26.212555,10.63139944386595,26.183064,2.9748297,2.2711189118068122,3.548178,1.4397465
2015-07-28 09:00:00,35.221446481571775,41.030426,26.049225,12.855429901584335,17.047358,8.977994,1.2466786748241228,2.5061064,0.44482896
2015-07-29 09:00:00,36.73495264450986,42.017975,29.185944,17.796027974873002,28.346859,5.1984205,1.7191090525702286,3.6072183,0.35071808
2015-07-30 09:00:00,34.105908617485454,39.03482,28.76358,46.738451763958814,61.853806,35.908203,1.1838999996686663,2.0351517,0.30397016
2015-07-31 09:00:00,33.549632906484135,38.320465,28.278229,49.89612838433991,67.79906,34.81224,1.016773908842493,1.7393483,0.2037584
2015-08-01 09:00:00,36.522850727937964,41.640533,29.624908,28.260363873938903,41.827393,17.151613,1.315872077094503,2.6097379,0.28062493
2015-08-02 09:00:00,34.66483585301603,40.838776,27.680573,24.78998337436458,32.73876,13.268617,1.1168048570907116,2.11746,0.29991266
2015-08-03 09:00:00,36.91122261279196,43.03482,27.829742,18.407403698699156,26.362518,2.1938505,2.03747557687711,3.5271876,0.89218396
2015-08-04 09:00:00,37.70183637865159,43.86612,28.793854,11.127092009585725,19.826187,3.060563,1.7233589018333884,2.8392043,0.83492243
2015-08-05 09:00:00,38.71652099117847,44.620514,30.987701,15.043256982188053,25.644445,9.491011,1.7722530935350862,2.8643384,0.8934985
2015-08-06 09:00:00,39.594708741565,45.18106,32.589264,15.405779635246894,22.913605,11.823762,1.8137820029967646,3.604418,0.80295724
2015-08-07 09:00:00,35.297650602041756,40.184967,28.409576,34.00076043860993,48.210518,15.23005,1.19779604440231,2.3246744,0.25901073
2015-08-08 09:00:00,35.110149311213604,41.80948,26.164948,12.767126870293668,26.890099,1.6977167,2.4082819846573527,3.8108842,1.5961052
2015-08-09 09:00:00,34.49155756607877,40.745758,26.458649,12.501543589118553,21.464607,3.9527454,1.3729736057695954,2.235454,0.6023382
2015-08-10 09:00:00,35.05485459904179,41.565582,25.87027,20.319635119078043,30.385143,5.980859,1.8167931613022466,3.2427557,0.5515388
2015-08-11 09:00:00,35.36269418854846,41.951324,26.353668,19.54489756922526,26.761429,4.8317413,1.668652878173287,2.7222018,0.56402624
2015-08-12 09:00:00,35.026404311128545,40.292877,28.301666,24.287532348055827,33.649273,6.8512173,1.383095659331632,2.9281392,0.4623162
2015-08-13 09:00:00,37.59923308217037,42.69815,32.077057,28.668735995572174,42.001568,17.357037,1.1352826870403012,1.7824154,0.45940018
2015-08-14 09:00:00,37.824184919580205,43.19986,32.7836,22.707687884740132,28.33886,18.994177,1.2337364602466485,1.7165427,0.2757653
2015-08-15 09:00:00,39.9348616626869,45.408844,33.263336,19.431498453200845,22.134834,14.812126,1.0136951392628295,1.4217597,0.24486415
2015-08-16 09:00:00,41.45132024210636,46.85733,35.003815,18.043188387927486,21.848587,14.775387,1.4778384151293693,2.736046,0.4708707
2015-08-17 09:00:00,41.548147080638216,46.299713,35.196198,15.353591786128773,19.986034,11.094882,2.247469370842164,4.0560822,0.6886512
2015-08-18 09:00:00,38.41945046440401,44.474274,29.187164,19.32273842371069,30.927979,14.488534,2.6698991850729747,4.4382977,1.4620548
2015-08-19 09:00:00,37.41605912322325,43.57608,28.66983,19.643564642699843,32.20301,13.542417,2.303590068337069,3.4574888,1.5359734
2015-08-20 09:00:00,37.01598922220751,43.110992,27.454742,22.323729710821365,37.491737,14.184737,2.202923286544852,3.9827127,1.2422621
2015-08-21 09:00:00,35.71851629323555,41.40518,27.14151,28.858438613850208,42.406685,13.466143,2.5097015386593995,4.7286777,0.90500903
2015-08-22 09:00:00,35.782615724604454,41.337555,26.880524,18.538707877219146,30.41038,11.476786,2.3284046789850232,4.4112506,0.85560685
2015-08-23 09:00:00,36.52398346887662,41.808014,28.610748,17.053867706643953,31.45802,8.15147,1.6849404596601865,3.2809925,0.44184887
2015-08-24 09:00:00,37.20143260776172,42.142,29.985748,19.106756354811534,30.522377,10.663002,1.290274112390265,2.5123851,0.18072791
2015-08-25 09:00:00,37.508554367476336,43.125153,31.533356,17.356164183653224,25.534473,9.288648,2.060435482140231,3.4089022,0.8797463
2015-08-26 09:00:00,33.29336694264339,37.217926,28.778717,38.5332253906107,46.29405,32.129936,0.6576405672863177,1.4169481,0.13482107
2015-08-27 09:00:00,36.92267269503981,42.693268,29.742096,28.234083834295024,33.15547,22.980455,0.9745424162172537,1.5527903,0.25168717
2015-08-28 09:00:00,38.51572083771981,43.005768,31.603668,25.011735822366717,34.13017,15.731731,1.3653150527318827,2.1561792,0.46638888
2015-08-29 09:00:00,39.17607793688779,44.301422,32.21939,20.666618571832622,26.316006,14.241787,1.2998667309762968,1.8601662,0.5366103
2015-08-30 09:00:00,39.07875116158948,44.6503,31.458893,22.151799448121352,27.07304,18.375889,2.2502945909840824,3.7722645,1.2477639
2015-08-31 09:00:00,36.69336733745615,42.81607,28.91568,18.80209219023646,29.603588,9.246215,1.978426834477907,3.022747,1.2057695
2015-09-01 09:00:00,35.64137231906841,41.85489,27.43106,12.869736806806353,22.030006,7.4599485,1.8674518216997786,2.8575902,0.51961386
2015-09-02 09:00:00,33.19922110961619,39.037018,25.626862,23.360363058803088,41.662224,3.0665216,2.0032301960637646,3.073706,0.58570516
2015-09-03 09:00:00,33.18205121813088,38.625153,25.914215,16.195622974647872,31.725159,5.056634,2.164640388669674,3.511517,0.75078523
2015-09-04 09:00:00,33.22911116689244,39.11685,25.57779,24.014013228013322,39.512787,15.22274,2.6468570682868253,4.834689,1.1560107
2015-09-05 09:00:00,31.845232935273998,38.593903,24.697662,21.27483901545199,36.172577,9.498613,2.4437487603798616,4.650134,0.990203
2015-09-06 09:00:00,33.15635023807084,37.329254,26.87613,29.85947722149867,43.23917,15.978361,1.762454991877867,3.4555726,0.57622015
2015-09-07 09:00:00,34.04914830308803,39.142487,28.095612,38.04097597809405,51.563747,29.231716,1.2011655459872248,1.8251421,0.22009563
2015-09-08 09:00:00,35.71715179204648,39.42984,30.72525,35.468039405602894,49.233555,25.776125,0.9802710718980223,2.201252,0.21897054
2015-09-09 09:00:00,36.456882080673495,41.195953,30.365875,36.57063288509659,47.722923,25.923687,1.2793137935701033,2.1674442,0.067616075
2015-09-10 09:00:00,33.21481910393055,37.63272,28.223297,43.38562293333166,52.244358,37.292595,1.6963405818146096,3.2159579,0.41482455
2015-09-11 09:00:00,33.53674832138705,37.611237,29.957672,43.080223516840014,53.404785,33.072754,1.5867979424847045,2.6142676,0.38132796
2015-09-12 09:00:00,35.28234113298379,40.550934,29.125153,40.48890696858722,55.77963,27.515533,1.4000886432431516,2.5262165,0.33546886
2015-09-13 09:00:00,34.413610572353605,39.949615,28.420319,30.814220130599043,43.94503,21.277061,1.2479041915090194,2.6730738,0.5074897
2015-09-14 09:00:00,34.790255572645094,40.60269,27.700348,36.336764099008874,51.29368,23.047585,2.3765334494243042,3.9743693,0.8094864
2015-09-15 09:00:00,31.41802577321505,38.95523,23.000153,44.395076789078765,78.30405,26.07358,2.7986490292016524,4.9052134,1.456281
2015-09-16 09:00:00,26.94416124997383,35.37735,19.614899,58.86531610295581,92.08688,24.382454,2.488638099648114,3.748606,1.377841
2015-09-17 09:00:00,28.746387536697455,34.95523,22.243805,27.944379501274124,52.896317,14.1955,1.7669687373232468,2.5426414,1.1245161
2015-09-18 09:00:00,30.978493935329993,35.897125,25.709625,27.26026195682679,33.399666,16.092182,0.7952031098709358,1.8821919,0.053668436
2015-09-19 09:00:00,33.683027617623054,37.981598,28.608551,18.386444394096085,20.939568,14.812701,0.8785408741615169,1.6012233,0.10165401
2015-09-20 09:00:00,35.37236364112181,39.809723,29.477692,24.751859244692124,34.811096,17.131409,0.33467913523949666,0.9214501,0.021113189
2015-09-21 09:00:00,37.06925132134188,41.180573,30.350494,26.887959778870112,39.560795,18.22941,1.1492827760868118,3.2797089,0.13003948
2015-09-22 09:00:00,29.554153096231857,33.472565,24.257965,43.06777653715742,55.000378,26.930859,2.382460415798727,3.8923893,0.9776363
2015-09-23 09:00:00,31.476905781918845,35.77359,26.755524,37.12546112610779,51.40353,27.544155,1.2132555563777518,2.3490458,0.035918042
2015-09-24 09:00:00,34.40316285687726,37.57852,29.778961,23.955261594745895,29.928293,14.208446,0.5937533712036578,1.260289,0.1322815
2015-09-25 09:00:00,36.98897978276909,41.595367,31.187164,25.458463341979844,32.461227,17.011108,0.8061389631527003,1.8564768,0.15516675
2015-09-26 09:00:00,37.65924788415259,43.76944,31.079987,24.086904694805675,33.376564,17.182549,1.4117410138189963,3.13169,0.129392
2015-09-27 09:00:00,36.14596497282065,41.320953,30.055328,27.457915599637314,34.626034,17.788704,1.3180274191121029,2.4379287,0.2822131
2015-09-28 09:00:00,35.622843580437404,40.750885,29.170807,20.836096996958364,32.956116,9.982461,1.6512973126850128,2.8686035,0.5749236
2015-09-29 09:00:00,35.486525858347875,40.57193,28.646149,18.759119545684126,26.910566,10.400816,1.2751791931451788,1.9157119,0.87376314
2015-09-30 09:00:00,35.00344305891821,40.17032,28.853912,16.306472678589884,30.03614,7.123292,0.8646119896312482,1.5934519,0.35348296
2015-10-01 09:00:00,35.66199888555877,40.84854,30.29776,18.85569529209895,27.580189,12.283911,1.6661954721476557,2.5546196,0.43855298
2015-10-02 09:00:00,31.730797428546055,38.542877,23.595612,27.419288613692732,47.390892,16.393497,2.022034611558066,3.059246,0.64956236
2015-10-03 09:00:00,29.588771228345536,33.85904,24.331696,27.706907433300913,41.601585,21.51126,1.694821297368646,3.074222,0.56296384
2015-10-04 09:00:00,29.65734887417142,34.714996,22.67398,36.08284756910356,59.372837,27.333775,2.5317097199210226,3.7296672,1.189244
2015-10-05 09:00:00,23.771962836680473,31.835602,14.351227,59.01560218225196,85.34195,40.504345,1.8170578129455743,2.8534029,1.0810188
2015-10-06 09:00:00,22.248861707054573,25.842926,17.430328,60.229029228843714,69.95881,51.332916,0.8033812704432164,1.7343178,0.18908425
2015-10-07 09:00:00,25.708647844100085,28.090485,22.12149,46.9375759848862,52.828415,39.28154,1.637691510026754,2.7246647,0.3483747
2015-10-08 09:00:00,29.751927433597587,32.797028,24.786285,30.313033621969545,35.568,22.848743,1.9373971780436963,3.482472,0.47181544
2015-10-09 09:00:00,34.03823256039419,37.94034,28.094147,22.29269682948978,26.665058,18.791409,1.9113351517764368,3.0537424,0.48596585
2015-10-10 09:00:00,35.17460359830898,38.11685,29.51529,29.128754570258202,37.904957,20.447926,1.5770533554808808,2.9146538,0.10021276
2015-10-11 09:00:00,33.58715555085644,37.222076,27.623444,33.36961920855327,40.456985,24.980629,0.6665798847706705,1.5365993,0.095381744
2015-10-12 09:00:00,33.72189148363361,37.777252,27.845612,32.40378025446928,40.962643,25.785618,1.0603951463051822,1.7819566,0.53619254
2015-10-13 09:00:00,32.789898782315504,36.657135,27.799713,38.80099375086621,45.595104,30.989635,1.4447126407351623,2.2644093,0.43844128
2015-10-14 09:00:00,32.42079346914301,37.021637,27.170074,37.95007589887768,57.689835,21.845592,0.8036503045647244,1.5413656,0.065197766
2015-10-15 09:00:00,32.362356483992926,38.139557,25.370026,37.5448745157933,70.93387,20.657242,1.026962014749573,1.782436,0.4398028
2015-10-16 09:00:00,27.4467693681716,35.26602,19.003815,55.489479550881086,69.872856,38.69317,1.7931219697350698,4.0931334,0.20640998
2015-10-17 09:00:00,25.83238111344815,30.62442,20.515045,59.48160949007953,80.72596,36.395638,0.8916601417739953,1.9703422,0.26975748
2015-10-18 09:00:00,26.69177245106914,30.627838,21.483307,64.3645675294788,84.27054,37.409275,1.081032028012126,1.7691209,0.44047174
2015-10-19 09:00:00,25.894062567136814,31.273346,18.843658,55.30135314219528,93.60048,29.194233,1.9730141916713237,2.9303963,1.2368572
2015-10-20 09:00:00,23.0517819657303,27.581696,16.88736,52.10598994614114,77.69665,38.20163,1.5495696934784926,2.6309254,0.3207764
2015-10-21 09:00:00,24.867881444603256,29.138092,19.257233,41.56156990351719,52.353954,29.357862,1.387822669754158,3.057308,0.13412885
2015-10-22 09:00:00,25.63201026802784,29.18106,19.944733,40.29600589242908,47.044025,32.493595,0.8325598308041571,1.8104951,0.20421152
2015-10-23 09:00:00,25.878826226403987,30.182037,20.278961,32.739987055251085,40.23976,23.594456,0.817776191930712,1.6747198,0.18070638
2015-10-24 09:00:00,27.918286426812642,31.804108,22.12442,29.958124291085433,35.68209,19.475061,1.8616737952643243,3.3877745,0.6731231
2015-10-25 09:00:00,29.15475757449053,33.56314,23.002594,26.55212023365195,31.785553,21.794493,1.083955153719508,2.109445,0.41713107
2015-10-26 09:00:00,27.016436731353338,31.081207,21.438873,24.70888077803931,34.480976,15.750508,0.9015007390195859,1.7602273,0.20011887
2015-10-27 09:00:00,29.411721142799536,32.861237,24.333893,15.585791636712912,29.32668,7.647893,0.8669447819187197,1.9405193,0.08938686
2015-10-28 09:00:00,28.57723471125371,32.551178,22.603912,13.058642412006428,19.847382,6.7184744,0.6633815164354429,1.5233859,0.14704219
2015-10-29 09:00:00,25.463632567163472,30.710358,17.927155,27.13348583806545,49.82872,14.910753,1.4729216142442345,2.4291716,0.20300794
2015-10-30 09:00:00,24.512462844929928,28.122223,17.694489,29.641738696600044,35.761562,22.964687,4.018660472296911,6.4427195,0.8288394
2015-10-31 09:00:00,25.55670981304246,27.341217,21.924469,15.215528634341785,20.562511,9.517588,2.39560588065032,4.3552256,0.51789606
2015-11-01 09:00:00,29.65421169335309,32.653473,24.483551,14.811695313344568,18.124165,11.4671135,0.7367589816249785,1.7293645,0.050081514
2015-11-02 09:00:00,29.19065760308598,33.078766,24.070953,13.514198264069021,22.455677,9.682597,1.9537104548930706,3.6211078,0.30069357
2015-11-03 09:00:00,25.008599107606813,31.605377,15.562408,38.963174335681096,80.83263,16.34107,3.237997967282671,5.2248826,1.9097928
2015-11-04 09:00:00,16.850041013788314,21.936432,9.067291,47.43111631854713,72.97367,32.45743,2.2099588184671526,3.5204337,0.36315596
2015-11-05 09:00:00,15.441432068302277,18.703278,10.460358,31.021048747802254,38.939175,23.560268,1.719684002518474,3.0571187,0.010034139
2015-11-06 09:00:00,17.45031006333454,19.917633,13.175446,17.755796924699442,23.23724,10.874234,2.074750375512297,3.8576748,0.67031085
2015-11-07 09:00:00,20.30026409321988,23.4628,14.728424,18.249249379655375,22.828465,10.919026,3.0138610710056994,5.1682115,1.0272387
2015-11-08 09:00:00,21.399753757889926,24.761139,15.073639,17.37313759270905,22.24078,12.717343,1.414317329687595,2.7534652,0.32024756
2015-11-09 09:00:00,21.737372695058866,24.815338,16.637604,18.393842634172238,25.64734,12.756716,1.3254168833627067,2.0963004,0.46932945
2015-11-10 09:00:00,18.81057760021514,24.539215,10.466949,51.1654141025977,76.96511,18.820084,2.9520456343467583,4.604015,1.598479
2015-11-11 09:00:00,16.730343662120788,20.65689,11.360748,19.120677516390863,25.194664,8.237634,2.1780755448192473,3.910226,0.30603284
2015-11-12 09:00:00,17.935733286351933,20.658844,13.51358,8.931100658489697,15.767828,4.0224876,2.4156431964738134,4.114628,0.65790004
2015-11-13 09:00:00,20.07487306214165,22.763092,15.614655,7.924359313899901,11.913494,4.819744,2.3606728525009157,4.0864353,0.851154
2015-11-14 09:00:00,22.518291310696327,25.15738,16.610504,13.692675690967471,17.699493,9.359649,1.442824039661443,2.6780336,0.29997098
2015-11-15 09:00:00,22.176012519535334,24.713531,17.10025,15.40242435900303,18.773676,12.340082,1.1596516269582116,1.7843281,0.3214183
2015-11-16 09:00:00,16.9511352652122,21.401276,8.248932,51.871461637522245,79.96131,30.118809,3.578577179154011,5.3838987,1.4550904
2015-11-17 09:00:00,15.549472508442193,17.96524,12.161774,9.47338487329806,14.15416,6.2166595,2.97958871181508,5.5759573,0.15930253
2015-11-18 09:00:00,19.31319507576859,21.781647,16.670319,15.574287041555598,19.757034,10.671097,1.415087198706256,2.8643386,0.09384622
2015-11-19 09:00:00,22.372358777300406,24.225739,18.184479,13.385323970384121,16.719257,9.203574,1.7223011920603746,2.9414191,0.49145144
2015-11-20 09:00:00,24.733664353763515,27.299713,19.271637,12.676993665536228,15.434445,10.109905,1.6563568125901815,2.7422347,0.3152248
2015-11-21 09:00:00,25.933030600037853,28.746033,19.396423,21.74112490567447,27.244255,13.373162,2.5823874109523732,4.561058,0.8449471
2015-11-22 09:00:00,23.20536163793122,27.1044,17.041412,17.1877189922078,23.41957,10.279551,2.3641630280500845,3.7089593,0.5924417
2015-11-23 09:00:00,23.237387030368723,26.704498,17.475494,16.655647405846103,20.116589,12.839885,1.1939662301409768,2.4715059,0.021575194
2015-11-24 09:00:00,22.928481400950716,25.33731,18.229889,18.67758088946494,24.19289,15.985858,1.4188122746166514,2.1473944,0.33319768
2015-11-25 09:00:00,19.81475006605791,24.909882,12.273163,37.68215328086992,71.58062,16.389786,3.1979284113831254,4.8353047,1.5030006
2015-11-26 09:00:00,14.338177468845856,19.184265,6.5983276,48.89652428729432,79.09637,26.229815,1.8388906673832865,3.2859075,0.34340298
2015-11-27 09:00:00,12.847312252518861,16.388092,6.46817,46.88562998014133,78.28902,29.722683,1.3191546647659873,2.1592538,0.29089323
2015-11-28 09:00:00,11.72895995809074,15.400299,5.2891235,43.862582827130566,63.79825,35.62607,1.5723802768640016,2.7820218,0.3450629
2015-11-29 09:00:00,12.69103415605855,15.688416,6.5851746,26.997224870809298,45.495506,17.268944,2.1108739820415026,3.7815135,0.6198066
2015-11-30 09:00:00,13.570889075620528,15.874329,8.397766,15.044582649705566,19.39276,10.955259,1.7636911099329913,3.2380683,0.36624843
2015-12-01 09:00:00,14.340477784060681,17.015411,10.271881,12.549388354637571,16.551651,9.292654,1.5805624802019427,3.1016428,0.16291997
2015-12-02 09:00:00,16.878702915878478,19.410797,13.426849,9.494484220408623,13.273848,7.771078,1.8146045951595031,2.992217,0.3673048
2015-12-03 09:00:00,19.02874006943324,24.310455,14.818024,8.660049841133823,13.319451,6.2798786,1.5059596522969227,2.3993604,0.15043399
2015-12-04 09:00:00,19.132101184377348,21.07901,14.670807,11.00116556096427,16.556145,7.638175,0.7837391711825805,1.3643446,0.105842054
2015-12-05 09:00:00,16.944159479205496,19.231842,12.749908,16.037668833290297,25.489212,6.411088,1.6962785453499636,2.7780104,0.13419306
2015-12-06 09:00:00,19.564012697078738,22.292389,15.035065,6.671944084430798,10.844968,4.1340303,1.9501867509958193,3.0940475,0.48950863
2015-12-07 09:00:00,18.85045412243079,21.76529,16.180817,7.558410820234634,9.876922,5.571137,1.7302695316786865,2.9990726,0.08955165
2015-12-08 09:00:00,20.65290275243234,22.979156,17.860016,9.824824420861656,12.096083,7.30702,1.5782404126593885,2.744769,0.17830049
2015-12-09 09:00:00,22.883758864581296,24.408844,20.182281,15.739497353256638,21.43491,12.688817,0.7860460122046983,1.8291074,0.10653761
2015-12-10 09:00:00,20.998162379448672,23.396149,18.568024,15.34752226552335,22.26978,11.754155,0.8886866879006928,2.1673048,0.32585597
2015-12-11 09:00:00,19.477979475995653,23.507965,14.062653,30.09032491883769,52.302795,16.56842,2.541444498521945,4.2166877,1.1036625
2015-12-12 09:00:00,13.49122785999839,18.514313,6.9322815,30.153788223899237,44.173496,14.93131,2.7779064902064836,4.3553834,0.5834405
2015-12-13 09:00:00,14.764452042488472,18.259674,9.527985,23.68385230237577,30.370272,18.549889,1.632535304960195,3.3000464,0.3516622
2015-12-14 09:00:00,15.474439831419431,19.197662,8.3461,39.67167639506382,74.03687,23.382065,2.704791131711012,4.0612817,1.1248633
2015-12-15 09:00:00,11.34278812104884,15.375641,3.811432,28.315110203748816,37.438217,22.37181,2.3334502972231355,4.1972013,0.35917014
2015-12-16 09:00:00,11.240897046457974,14.379547,3.929596,30.972742920861442,35.93551,21.399796,2.078260102822428,3.8756688,0.608416
2015-12-17 09:00:00,11.88092607817157,14.650055,7.4514465,17.821520821522228,23.305183,11.300332,1.3297821103961776,2.7251956,0.136931
2015-12-18 09:00:00,13.592527177157876,16.306854,9.031586,17.2358378728714,24.823397,10.640229,1.4643365166413829,2.2686334,0.1863013
2015-12-19 09:00:00,15.724669257773485,19.45285,10.726288,17.213360696792552,25.594412,10.751162,0.9928469270936344,1.9439613,0.21796265
2015-12-20 09:00:00,14.77437007035519,18.198639,7.9232483,38.50714359593609,69.420715,20.927364,1.7258787375285336,2.78668,0.63227373
2015-12-21 09:00:00,13.432209090146387,17.621246,7.2655334,50.7466154073648,65.43709,39.14865,0.8180588391001139,1.6719979,0.12889506
2015-12-22 09:00:00,13.76882255476255,17.434479,7.7606506,59.66651259122032,83.6126,41.1126,2.2202623642029944,3.898882,0.29565442
2015-12-23 09:00:00,15.461903849154567,20.335602,8.947174,71.04304986623099,99.609695,46.562817,2.2701581520758456,4.3836083,0.80100566
2015-12-24 09:00:00,15.899092410683522,19.874908,9.308502,53.83382051630279,92.82021,26.372929,1.4775859715799138,2.497488,0.740584
2015-12-25 09:00:00,14.57389711980079,18.840149,7.1272583,41.77238790401143,79.65468,16.357807,2.001247043884406,3.404768,0.7700743
2015-12-26 09:00:00,11.509245799573648,16.048431,4.337494,23.91897990581495,36.956505,17.022675,3.821516032928562,6.519127,0.73552024
2015-12-27 09:00:00,10.660383666814312,13.866608,5.5827026,13.456841057506225,19.69746,6.8888655,3.704848218430614,6.796238,1.3863317
2015-12-28 09:00:00,11.294275401535515,13.978546,6.035187,19.362213128887422,24.833132,8.814008,1.0264897556735761,2.0272615,0.15906048
2015-12-29 09:00:00,9.83847000979597,12.859985,3.9424133,36.01493835987915,51.056255,21.852333,1.1129186033425866,1.9928346,0.123354726
2015-12-30 09:00:00,11.889107462139066,14.837799,5.599518,38.4346696892417,48.51741,24.426983,0.8012794857227287,1.6135904,0.20730808
2015-12-31 09:00:00,11.8600912454649,14.436401,6.4520264,34.53131355740951,46.89194,24.68491,1.4158307820755576,2.7375946,0.36174002
2016-01-01 09:00:00,12.33598149648708,15.272736,5.6490784,25.14986671654842,33.521584,18.925905,2.5450104521357604,4.533986,0.72512627
2016-01-02 09:00:00,12.473986948156153,15.374176,7.841217,15.440115914717898,20.264648,11.725587,1.7041660355554764,2.724282,0.2921146
2016-01-03 09:00:00,14.335312146643616,17.768951,9.042084,21.257918836968766,29.225155,14.416392,1.554272299351428,2.517328,0.37478703
2016-01-04 09:00:00,14.989732754803924,19.919556,8.90979,50.36343124159593,62.453495,31.417818,0.9643112066292906,2.1132975,0.2901021
2016-01-05 09:00:00,12.880991283049923,16.219269,7.5454407,85.70423777334541,93.202126,71.11228,1.3413337681141524,2.140896,0.8825975
2016-01-06 09:00:00,11.302974130749817,15.211761,5.362152,66.93229033754922,93.87442,43.39005,2.2725708072518627,4.284588,0.46642762
2016-01-07 09:00:00,11.843230450158444,17.220612,3.9276428,76.42103438781643,92.43216,67.56497,2.47607415542156,4.8530035,0.54264504
2016-01-08 09:00:00,10.728580399759721,14.494537,4.0864563,47.84650345780851,66.253426,34.80731,1.8368328648941366,3.0853188,0.4280343
2016-01-09 09:00:00,12.528234523219567,16.217346,3.676117,45.93181531540703,65.39967,33.571545,1.1016241555067505,1.9588733,0.05784239
2016-01-10 09:00:00,12.686814580363261,16.243011,6.81723,57.594999745921996,77.60955,34.4637,0.5958460611644822,1.5504135,0.10907967
2016-01-11 09:00:00,12.042887021759611,14.750153,7.1767273,40.22677827492627,62.02666,21.700783,1.8736212035523991,3.5255623,0.43906373
2016-01-12 09:00:00,13.820662022790145,16.507538,8.254669,6.850216401038193,13.059595,3.5206585,2.028182778600463,3.4299634,0.57831377
2016-01-13 09:00:00,15.447765692046573,17.708496,11.280762,5.46361092491521,12.948771,2.7459497,1.0179097593625535,2.2365515,0.1507709
2016-01-14 09:00:00,15.609348257342901,18.735504,10.348785,18.197095613670168,35.497894,6.062558,1.1189128436076023,1.9486297,0.25945055
2016-01-15 09:00:00,16.292290977115954,19.97464,10.316437,27.6208478605231,54.94316,9.111128,1.5774069188555708,2.7472434,0.6501551
2016-01-16 09:00:00,15.84311279926061,20.785309,8.533356,41.27022725737467,62.669205,18.53506,1.4637366178349034,2.738993,0.12084106
2016-01-17 09:00:00,16.794572087350275,19.93863,12.110504,35.887832062102255,47.389297,18.190079,1.2008060159087475,2.407614,0.029082172
2016-01-18 09:00:00,19.275301866551956,22.162598,13.768066,24.35930171822952,42.71603,10.337125,0.7076598203334736,1.6418642,0.13482003
2016-01-19 09:00:00,17.582727460820422,22.702728,9.646088,36.08973989903254,50.668842,22.265175,1.1556684283350909,1.8497201,0.3512474
2016-01-20 09:00:00,17.562676006921777,22.279877,10.356049,48.12261035906649,60.890186,32.49956,1.139356803341329,1.9610513,0.26086733
2016-01-21 09:00:00,18.9074113920924,22.127045,14.263763,11.145348301783855,20.011837,4.6320324,2.0540361971906167,3.5005093,0.5059089
2016-01-22 09:00:00,18.80091822127349,21.538757,12.931335,12.176423185194002,18.870594,4.637001,1.405236607077215,2.5406864,0.21862519
2016-01-23 09:00:00,18.416364626781103,21.13858,13.92569,16.503435414762663,26.922966,11.321406,0.8006547971119413,1.5556056,0.06942998
2016-01-24 09:00:00,16.96429368725552,21.634125,9.684906,36.22807083299069,76.290764,17.943111,1.6493218170414556,2.3383389,0.457734
2016-01-25 09:00:00,17.95625176394458,21.696686,12.052155,28.49554198692996,38.26002,19.31046,1.7169090034924546,3.3557248,0.17473622
2016-01-26 09:00:00,17.132685044246045,20.182434,11.244934,16.845579671979838,26.674072,9.756563,2.869114557623913,5.4705825,1.0972173
2016-01-27 09:00:00,18.505419092116085,21.096527,12.944183,9.79771088841067,14.982165,6.9611044,2.164654633187321,3.872859,0.32873517
2016-01-28 09:00:00,19.156508341867152,21.572052,14.343536,10.222328179749734,14.598525,7.750869,1.2495451103442494,2.353872,0.15291744
2016-01-29 09:00:00,21.02380795268209,22.916656,17.176422,10.853825045547755,18.262474,6.6534452,0.7630506500235926,1.4670336,0.19868425
2016-01-30 09:00:00,21.627254772392007,23.688995,17.855011,29.51586446749066,44.413094,18.9399,1.4727620335111622,2.2512407,0.34347945
2016-01-31 09:00:00,20.102494514559453,26.952545,11.839264,60.328280303669736,94.22251,30.913921,3.3872339360073083,5.5991054,1.892481
2016-02-01 09:00:00,13.300552872178628,22.072662,4.8285217,53.38944911638448,81.04509,33.549683,4.80682735237207,8.321506,2.3034685
2016-02-02 09:00:00,11.013862121772718,14.49234,4.004059,16.25712121707893,23.09924,9.403928,2.5808546313096015,5.2092967,0.52248836
2016-02-03 09:00:00,11.488054925559027,14.224274,5.38443,28.150843512925537,44.652313,10.438112,1.587664874832233,3.5319479,0.24389428
2016-02-04 09:00:00,12.936238026027581,16.169098,7.085846,12.840719510133937,22.942802,5.9208503,2.0471279393730697,3.4690123,0.3337167
2016-02-05 09:00:00,16.140272258591324,19.041107,9.979401,18.367042503143775,26.388132,12.21012,2.8602812089324057,5.3771787,0.8338989
2016-02-06 09:00:00,18.871594577073836,21.758423,11.809204,16.675777934795658,23.208918,8.876886,2.6714500277775164,4.440892,0.536063
2016-02-07 09:00:00,20.448146723249693,23.418,14.204498,10.267447096146046,17.662018,6.3617,2.6397334571183184,4.3721128,0.68656904
2016-02-08 09:00:00,24.113284240171424,27.041168,17.220306,13.213654251744419,16.429195,10.444821,3.356559114828991,5.5488644,1.2864194
2016-02-09 09:00:00,25.627355788532043,28.382538,18.80832,11.215236002900859,14.982727,7.5070667,2.6655221787464707,4.4695196,0.92056996
2016-02-10 09:00:00,27.078362124443743,29.497894,21.105316,7.296359869824573,11.379372,4.617653,1.821192323773139,3.1882522,0.45671752
2016-02-11 09:00:00,26.786936353155966,29.882172,21.81186,8.971857960362218,11.899043,6.664668,1.470517570509783,2.5532954,0.43533137
2016-02-12 09:00:00,26.803644874335703,29.008759,22.120087,7.288037304578179,11.910372,4.71437,1.2355372773066335,2.3357396,0.34702772
2016-02-13 09:00:00,26.660675785042713,29.099274,22.14029,7.539302607545754,11.557805,4.7335863,1.0592292382116961,2.2464683,0.0029620922
2016-02-14 09:00:00,25.85080239455874,29.39212,20.323761,7.529174090783413,12.59938,4.728286,1.9365382102693378,3.786905,0.13989972
2016-02-15 09:00:00,26.11126828980099,29.210815,20.210815,15.230546005793734,25.667118,8.694462,3.251115048131425,5.5785804,1.3597947
2016-02-16 09:00:00,27.356732319916887,30.42221,21.262054,16.411975178920127,20.80655,11.03327,2.4824748379126675,4.3784966,0.69597673
2016-02-17 09:00:00,28.0218625467175,30.476288,23.39621,14.640229606716911,20.427402,10.498833,0.6810402501430071,1.2750943,0.1680868
2016-02-18 09:00:00,24.286775987767214,30.42984,15.640778,22.42405939357005,48.200634,6.002165,2.8018932464259754,4.146876,0.6912544
2016-02-19 09:00:00,20.366416194252054,26.55661,12.666901,33.041323374884755,47.176384,6.1216946,1.2507050207474404,2.184408,0.2305841
2016-02-20 09:00:00,22.569342715846062,27.160797,16.59439,13.089172541206741,21.620564,4.4525957,1.0610552611776183,2.3253353,0.1651814
2016-02-21 09:00:00,24.324813906262705,28.193268,19.57022,10.370092257957197,15.648324,6.908641,1.6217981413230282,3.0617747,0.35259214
2016-02-22 09:00:00,25.831105160714003,29.495575,20.165497,10.398228486654427,17.303928,5.3508034,2.457692534752,4.919086,0.34398222
2016-02-23 09:00:00,24.741385518114953,28.341827,18.791046,10.548144896046058,15.992653,5.133278,2.9054858436737736,5.4041324,0.80136406
2016-02-24 09:00:00,21.01164403358024,26.21402,16.473785,13.321473844628256,19.75861,4.8676353,2.516850301599396,4.6179576,0.7179258
2016-02-25 09:00:00,22.40910150962526,26.371002,18.122955,11.24787997977026,14.120449,8.663418,1.7746213209413015,3.0206323,0.55072427
2016-02-26 09:00:00,25.618945174807607,27.936249,21.451874,10.948348885391823,13.035466,8.230779,1.0578262686987432,2.146621,0.22775589
2016-02-27 09:00:00,26.372665234475562,29.674408,21.572845,9.093973601339522,13.441717,3.8987484,0.8595960823217651,1.4142863,0.06212729
2016-02-28 09:00:00,26.81409655821807,30.48404,21.685211,15.643421472769656,22.39835,7.887928,0.9748625436597427,2.0190766,0.2737059
2016-02-29 09:00:00,27.33404407856807,30.615753,22.902863,18.07651742623496,26.311054,12.711052,0.9234231292739403,1.826077,0.05510573
2016-03-01 09:00:00,28.215297075550097,31.7565,22.705719,19.3234135917984,24.094906,9.443729,0.8314229331790997,1.7407544,0.09342858
2016-03-02 09:00:00,28.075931338596604,32.25461,22.281952,10.868340249741822,20.990086,5.8403606,1.0806061083785947,1.9253421,0.55799633
2016-03-03 09:00:00,27.225442722268212,31.63565,20.946198,10.52081356370004,16.881313,2.6391258,0.9638394850367941,1.9124259,0.3540591
2016-03-04 09:00:00,26.350634145918605,31.348969,19.940765,6.84876195320944,14.796075,2.237481,1.2176986861727812,2.1705983,0.481963
2016-03-05 09:00:00,25.588241770231093,30.945587,18.79715,14.594782710736112,33.67062,6.393201,1.7847777034625456,2.5594635,1.0254397
2016-03-06 09:00:00,22.214185223479376,27.697662,14.764069,47.04052245879199,78.774124,10.118467,3.2396240323014003,4.8652124,1.9041665
2016-03-07 09:00:00,16.907620265422224,22.047272,9.223053,40.77957503059617,76.57505,25.532084,3.298155337176846,5.461807,1.9478959
2016-03-08 09:00:00,15.250039345917457,18.425446,9.683258,38.59137097339305,53.968002,26.59691,1.9527733655965442,3.180099,0.28215954
2016-03-09 09:00:00,20.99095437011556,24.886627,16.049225,25.0074792613467,37.256912,16.347866,2.110237564072196,3.85321,0.49685568
2016-03-10 09:00:00,24.257653548456858,27.936432,19.006744,21.45043929088428,28.725456,16.827057,1.6556056372503034,3.488543,0.30121315
2016-03-11 09:00:00,26.345767508940753,30.604645,20.309723,19.983777538166994,32.142433,9.77134,1.5636656375748084,2.3693757,0.8475971
2016-03-12 09:00:00,19.78704821975242,27.988922,10.342438,45.698936431906205,90.54371,18.01134,3.702466474313821,5.845438,2.1045058
2016-03-13 09:00:00,19.291207392425292,24.317047,12.063141,42.218728903475494,66.66066,25.802786,1.9436602026962835,3.1094332,0.95091003
2016-03-14 09:00:00,19.83756922676622,25.800201,11.509674,51.82586043531114,90.4058,28.87775,2.8260485625311733,4.133735,1.5478995
2016-03-15 09:00:00,23.273391765182737,27.63565,17.809723,22.349421749158868,35.824574,12.04187,1.5402755370640515,2.9400575,0.3872101
2016-03-16 09:00:00,26.336640927164524,30.308502,21.08194,19.495439804000466,24.314102,14.933938,1.3102692441240935,2.688478,0.49698612
2016-03-17 09:00:00,28.031622400713445,31.74527,22.442535,15.902552722624305,26.979279,9.105985,1.179396170809571,2.853741,0.15206528
2016-03-18 09:00:00,26.65057116369394,31.064117,19.649567,19.46488687071185,29.798212,11.8279705,1.3090282592973401,1.9198316,0.740326
2016-03-19 09:00:00,27.704745402153662,32.878815,20.579987,17.457768654947458,21.040295,12.297786,1.0300317341734753,1.7985635,0.59035474
2016-03-20 09:00:00,27.639193867891493,33.069,21.115875,13.019803633375123,19.839083,7.172594,1.1325464019015339,1.8293105,0.53782654
2016-03-21 09:00:00,27.91173062953453,33.468903,20.785309,9.99800962146265,25.982529,3.8081398,2.0626966446249946,3.153127,1.2755265
2016-03-22 09:00:00,25.046788737452914,32.243317,16.024567,21.547621734274465,60.482864,3.1508331,3.3762709306679395,5.216238,1.7322202
2016-03-23 09:00:00,21.15263503197724,25.867828,13.959625,16.483398947034356,21.70121,12.124968,2.475349901420066,4.6113467,0.037311126
2016-03-24 09:00:00,21.819505323004023,24.3779,17.354889,12.2944411745356,16.29686,7.7308826,2.1007951645208616,4.1952033,0.4889891
2016-03-25 09:00:00,26.10810269382324,29.017975,21.396881,13.196574562771678,16.750666,10.642917,1.4444027688580743,2.624261,0.5372593
2016-03-26 09:00:00,26.616884670526133,30.855377,20.617096,18.45268109940982,28.4589,12.871712,1.3274543186466865,2.5765388,0.39570567
2016-03-27 09:00:00,25.55314681864212,28.6044,21.020416,15.019570922575845,31.393972,5.510702,1.4957124538077646,3.3957977,0.29638776
2016-03-28 09:00:00,25.311362878511034,29.949371,19.039215,27.204879272965044,66.08109,13.343749,3.103017015010145,4.536261,1.7307255
2016-03-29 09:00:00,16.760851928159468,23.720856,8.685699,44.4232918113562,73.607956,17.865677,4.368811778463508,6.789118,2.569008
2016-03-30 09:00:00,15.664342435570973,20.66397,8.733795,40.99604124389357,70.66365,24.168953,2.5559510335118247,3.744621,1.398584
2016-03-31 09:00:00,17.465961143329878,21.129303,11.572662,29.96418377544897,51.305935,21.055212,2.0988943466153893,3.2255228,0.72682816
2016-04-01 09:00:00,21.790803135940166,25.27066,16.997467,26.79414460146901,37.807915,21.047295,1.9896227626375707,2.771891,1.0622873
2016-04-02 09:00:00,25.165646263717008,28.782867,19.122711,23.280876186951524,29.615583,19.32505,0.9108084610331536,1.8190929,0.028360039
2016-04-03 09:00:00,26.96721902337049,31.194977,21.60318,20.18235924525478,26.02439,16.08135,0.7197161687657265,1.1912119,0.22827142
2016-04-04 09:00:00,27.697901692955725,33.03232,21.887787,18.320227026165288,25.976814,12.832441,1.0342639771049411,1.4848144,0.40064633
2016-04-05 09:00:00,28.654311988785537,33.450836,22.491852,15.213633948476199,19.020275,6.974164,0.83599758853118,1.4038999,0.35368663
2016-04-06 09:00:00,31.18719765257174,34.90152,25.40152,12.148927477308662,14.410661,9.193962,1.8641086585489322,3.2006443,0.1704627
2016-04-07 09:00:00,29.760043904995996,34.79605,23.221832,11.923132674723787,25.615034,7.4872947,1.6266765030917947,2.8261518,0.5937293
2016-04-08 09:00:00,22.21647046577101,29.806793,15.379059,53.49988054678325,81.68602,28.521954,1.3497222477269173,3.971751,0.34894183
2016-04-09 09:00:00,18.620006375234595,23.234283,13.845367,74.55220024957111,93.55279,53.36597,1.375759404501581,2.1266668,0.4886775
2016-04-10 09:00:00,18.642543685419753,25.789703,10.91861,61.71145982841134,79.04508,50.29461,1.8391508285331735,3.97472,0.583829
2016-04-11 09:00:00,18.26001473394149,23.214752,12.753571,68.41572964693155,89.31539,58.475548,1.301576144452499,2.0159118,0.44253722
2016-04-12 09:00:00,20.971857292287723,24.826569,17.062897,52.370676939163026,71.067795,42.49037,1.1387851208042128,2.1645107,0.5024297
2016-04-13 09:00:00,23.875461485461244,29.53067,17.358795,42.065857249709,54.330383,32.80304,1.6576062233801532,2.2236683,1.1868697
2016-04-14 09:00:00,26.144932552286775,32.334137,19.119293,29.534279156146447,54.919815,12.747942,2.321320358149813,3.2531536,1.304128
2016-04-15 09:00:00,25.00315048598378,32.638092,16.114655,30.700111443252695,63.35218,18.160774,2.8945581516500485,4.1132145,0.7340752
2016-04-16 09:00:00,23.098851131877666,26.724274,16.9357,14.610996582058508,18.100222,10.076784,4.432005667131233,7.182348,1.0220131
2016-04-17 09:00:00,26.642730797267916,29.804352,21.122711,14.153255664092162,17.98769,10.409023,3.2029996119488198,5.6809564,1.1125766
2016-04-18 09:00:00,28.132316488035656,30.80777,22.913239,12.445012193661219,16.60267,9.564014,1.4749255381523783,3.2969408,0.1180886
2016-04-19 09:00:00,29.551655712251204,32.367584,24.75821,13.346256948119478,15.082096,11.00276,0.8024889395161688,1.8971711,0.32873556
2016-04-20 09:00:00,30.388323311102283,34.674225,24.006256,13.303197151370368,15.142742,8.194761,1.3612518972259688,1.981453,0.44273382
2016-04-21 09:00:00,31.25019155749345,36.109283,24.285065,11.106332724745895,14.367916,6.473385,1.4138408906447715,2.428144,0.58525175
2016-04-22 09:00:00,30.796826675536806,36.32364,23.987701,12.317604009024043,20.497017,8.230742,2.2928524086640376,3.7973933,0.8629904
2016-04-23 09:00:00,28.25725600647388,34.9899,19.482086,22.746938204539678,58.026417,7.9674454,2.6009115630998867,3.3431227,1.4393017
2016-04-24 09:00:00,26.16961451497025,30.467438,20.660797,17.830437607986987,31.859991,11.060808,1.5495801277334424,2.6539407,0.4679052
2016-04-25 09:00:00,25.114184216834417,31.914948,16.258698,27.11432896019296,56.308475,14.158907,4.142507241375476,6.2166905,2.2224581
2016-04-26 09:00:00,19.88288297128645,24.932037,14.077545,33.584306243899555,57.121094,17.596115,3.2922560723124867,5.13703,1.1692288
2016-04-27 09:00:00,23.032089166851165,27.784088,15.918854,27.889875009456947,43.73998,15.482166,2.044256723819271,2.7246327,1.3889996
2016-04-28 09:00:00,22.68162367757492,29.04898,14.017731,44.426175536960066,81.63129,21.427212,3.946490400489599,6.6277757,2.0166607
2016-04-29 09:00:00,21.08083231750379,25.445953,15.211578,41.857150708432364,74.21602,25.204334,2.6923897184822088,3.7134192,0.90025836
2016-04-30 09:00:00,24.21073394319791,30.601715,16.037262,41.2636069576107,73.72243,23.175549,2.796715439339849,3.549444,1.6172884
2016-05-01 09:00:00,20.476709991537746,23.806305,15.210358,52.10965396141975,70.588776,42.306633,2.279070819676417,3.4327748,0.8547431
2016-05-02 09:00:00,24.7838711460667,29.028229,17.532867,34.99173540811048,42.395687,27.843323,0.7632050493864444,1.6861235,0.06946507
2016-05-03 09:00:00,27.310329945829835,31.441803,21.136139,24.375378915700892,31.73478,19.419682,1.391841653545137,2.5708015,0.118900076
2016-05-04 09:00:00,29.820781347873606,34.649567,23.977692,22.45291092526807,36.036263,16.438301,0.9706456576071336,2.1464334,0.12698396
2016-05-05 09:00:00,29.3599175277202,36.967926,19.723785,28.436409179017797,59.749268,14.1588125,2.8389680260371333,5.10576,1.3277689
2016-05-06 09:00:00,22.561768153990727,31.358551,12.913239,49.922342110631234,87.478775,25.244026,3.165814849543677,5.1384926,1.7257493
2016-05-07 09:00:00,18.46092968318419,24.433502,12.017242,61.68152978926177,90.13454,48.89394,2.4252549723211287,3.8112319,1.4657664
2016-05-08 09:00:00,21.24195867985884,26.899323,14.97403,44.813591944799946,77.10735,28.138607,2.081694814019489,2.634911,1.4305543
2016-05-09 09:00:00,23.541684210949654,29.292389,16.97696,46.4704380196654,86.31942,25.178795,2.322733452733982,3.4891791,1.4121115
2016-05-10 09:00:00,25.93201073984102,31.232819,18.962067,40.982339310002715,64.52045,31.151386,1.9735122515912107,3.109211,1.0539598
2016-05-11 09:00:00,28.358991368762986,33.482086,20.982086,30.807476768171366,38.182243,19.077713,1.3304897065304309,2.5599709,0.5846393
2016-05-12 09:00:00,30.60588683192634,35.338776,24.15738,24.92452118069685,29.453064,20.65435,0.9365984633977079,2.348205,0.16144633
2016-05-13 09:00:00,32.846885896495735,39.12271,24.25943,16.715712021524098,37.303375,9.057472,1.3742893567838832,2.3327334,0.5251888
2016-05-14 09:00:00,32.79875141079043,39.263824,23.513824,26.201054094517172,45.20278,16.229105,1.9181454235418136,2.9136,0.97241735
2016-05-15 09:00:00,30.022157311333615,37.792633,19.10318,31.679945772945192,69.98196,6.475295,2.9656028879959884,4.0755606,2.0193224
2016-05-16 09:00:00,26.33974983233213,33.95987,17.462067,38.5034729294537,81.99703,15.219004,2.713058245306039,3.6125474,1.6587908
2016-05-17 09:00:00,26.93853694430925,32.9274,18.712555,40.50647690443424,71.89731,22.718822,1.8087155534797885,2.8257604,0.78283745
2016-05-18 09:00:00,25.82892897571611,29.132965,20.04898,34.586862983232265,47.822872,28.829536,1.5342896970428808,2.6296718,0.76131904
2016-05-19 09:00:00,29.050919223724804,33.345367,22.79068,26.59724042190413,42.621544,13.952138,1.1859634818114717,1.9008992,0.17467527
2016-05-20 09:00:00,30.171610373804754,37.022858,21.64981,24.092483785446557,47.475384,9.157465,3.634725353816508,5.821675,2.1300626
2016-05-21 09:00:00,25.076711200648106,34.819977,14.91568,27.92227957822784,75.495895,5.976142,3.6281547019060048,4.9120016,2.31718
2016-05-22 09:00:00,22.874835370800724,29.375397,15.388092,29.339565421954706,75.86554,3.2483501,2.6380355514066083,3.4516373,1.5933633
2016-05-23 09:00:00,24.934320709664973,29.787994,18.45987,30.691267280763935,62.245964,15.351755,2.1874851304178287,3.1592088,1.3137034
2016-05-24 09:00:00,24.73575107958345,30.71939,16.361969,34.375042207169415,74.85667,17.3762,3.0938676544091748,4.0736637,1.9794935
2016-05-25 09:00:00,23.463595453335188,29.604645,15.999176,35.710559621130564,88.5151,4.926383,2.740529597185891,3.5989172,1.9281851
2016-05-26 09:00:00,23.185880035394348,29.6044,16.775055,42.696164954992476,79.48161,23.477041,2.878216307492838,4.312012,1.5909512
2016-05-27 09:00:00,27.06213342172117,31.70987,21.471588,29.12494905120399,49.805893,19.619251,1.7026289760714786,2.584009,1.1273953
2016-05-28 09:00:00,29.31908304877942,34.577057,22.037994,23.754290347327647,39.469738,13.434582,1.4340935143044002,2.6651428,0.61198515
2016-05-29 09:00:00,28.252892268180176,34.724274,21.069977,27.0421179683285,54.981937,12.66553,2.064740698309066,3.5599897,0.60434026
2016-05-30 09:00:00,27.770425980450852,33.550446,21.105133,28.404093156787706,53.88611,16.354284,1.7848804593455831,2.7881339,1.088882
2016-05-31 09:00:00,31.124491532064667,35.686188,23.020172,18.419907857692184,34.843407,8.0073395,0.9806283911921124,2.0947373,0.04808892
2016-06-01 09:00:00,32.964905396318954,38.060455,22.38272,15.093286018615686,26.179256,3.58879,1.4258750719564688,3.3111033,0.31137845
2016-06-02 09:00:00,35.298581902432886,40.25357,27.145416,12.961238129325231,20.48816,6.956909,1.5968169042778817,3.001862,0.73996484
2016-06-03 09:00:00,37.76767106659406,43.215485,30.492828,10.255309922591962,12.492079,5.3817377,1.54693043469673,2.3114715,0.71220887
2016-06-04 09:00:00,39.016740071270476,44.7836,31.78946,7.226693713429034,9.425748,3.4761724,1.7565164073632213,3.0277297,0.9725218
2016-06-05 09:00:00,39.76922034971585,46.505035,30.639801,7.687829823836366,14.592995,4.100651,2.141960087079105,3.1628268,1.3382094
2016-06-06 09:00:00,36.90880457209852,44.562897,26.762115,11.44691028458538,25.14798,4.261262,2.540190925166766,3.542911,1.5752956
2016-06-07 09:00:00,35.52457727219422,42.3378,25.353424,17.510525803684917,36.69851,10.0546,2.1135273285194245,3.287924,1.3511171
2016-06-08 09:00:00,35.79078126424395,41.37735,24.398834,20.179406538414156,31.616405,14.491303,2.149173198583355,3.8339715,0.87258834
2016-06-09 09:00:00,36.082345943894836,41.615143,25.880768,18.906883983187775,27.608776,5.737624,2.542057560239918,4.8866854,0.82465184
2016-06-10 09:00:00,34.029644261593035,39.88687,23.838043,25.071375745226597,37.306385,8.288169,2.670795023872967,4.870801,0.8970761
2016-06-11 09:00:00,32.84843738755535,37.015533,25.074127,31.781226573589908,52.045425,19.486834,2.8760397919490015,4.593106,0.79937637
2016-06-12 09:00:00,28.36139005522216,36.566315,18.665192,36.16735315137839,67.536835,14.716524,2.6820848025033595,4.3839293,1.5488713
2016-06-13 09:00:00,29.649119513251833,36.57486,20.7565,28.886191555433587,48.814762,15.725602,2.1764689360589116,3.0670278,1.6415449
2016-06-14 09:00:00,30.383069663997958,36.764313,22.057281,25.21376113825828,46.500042,13.002078,2.0900287034705234,3.2012713,1.2985264
2016-06-15 09:00:00,31.519581900303933,38.038727,22.730133,19.34576608258335,46.577766,10.164603,3.0740966491305306,4.998299,1.5974855
2016-06-16 09:00:00,30.12032464834931,37.42862,22.066803,24.86422844678597,47.042435,15.062382,2.8056055268640487,4.1058946,1.4358582
2016-06-17 09:00:00,32.254829117334054,37.57193,25.90689,23.10492664413636,33.843117,17.491554,2.115606725444478,3.039583,1.1770967
2016-06-18 09:00:00,34.97572860094397,40.164215,29.2836,11.478898564152217,15.914499,5.8371925,1.0658184378844164,1.6149428,0.31370145
2016-06-19 09:00:00,37.90249690770554,41.968903,33.475494,10.018215086056532,14.107917,4.518469,1.1046742249321788,2.532677,0.1569931
2016-06-20 09:00:00,42.627161418862215,47.819244,36.227448,11.837523034960661,14.640704,9.704385,1.548916470889547,3.0974426,0.5415494
2016-06-21 09:00:00,43.822386167721106,49.212555,36.345367,9.675968797421287,13.764933,7.303995,1.4059919498666071,2.486278,0.38316143
2016-06-22 09:00:00,37.329518152624985,43.770416,28.099762,14.594804852551622,24.035233,8.253433,2.4580777267231655,3.8674223,1.4237585
2016-06-23 09:00:00,38.16460971760529,45.290924,27.872955,15.116221537064884,27.545807,7.297021,2.2508501705678046,3.4040325,1.4860939
2016-06-24 09:00:00,37.05954159853866,43.48062,27.607574,15.31817086139724,26.04548,8.532781,1.921294312372199,3.6177967,0.9353416
2016-06-25 09:00:00,36.68782020699081,42.849518,26.487457,15.921524133171404,19.80069,11.0468855,1.6206581025326239,3.587729,0.8292649
2016-06-26 09:00:00,37.202094062345395,42.10367,30.433502,14.90864930746642,22.200283,4.181859,1.3915446937546665,2.6418169,0.34474525
2016-06-27 09:00:00,37.45959728401732,42.76822,29.741852,18.62372541375274,24.861488,13.106084,2.204741817955504,4.1413565,0.41809088
2016-06-28 09:00:00,37.4390802026972,42.716217,30.84903,21.894447256090924,26.680893,15.282517,1.3848231439347145,1.9883165,0.54166085
2016-06-29 09:00:00,38.16999354974104,44.512115,29.642975,15.74798350226909,20.550026,9.210342,1.8261075104235232,3.3409867,0.99635464
2016-06-30 09:00:00,38.573480911084516,42.604645,30.23941,19.97094421767412,30.666252,12.581669,2.4976185911961193,4.0598283,0.7966469
2016-07-01 09:00:00,34.238198714405826,39.919342,27.938873,37.56206698480653,51.164146,23.886805,1.5039524573475815,2.3244598,0.30570808
2016-07-02 09:00:00,33.941596625881346,40.03824,27.112457,34.27739013766957,51.953007,-0.9571505,1.3744818118433686,1.9143213,0.676326
2016-07-03 09:00:00,35.236000941407326,42.480133,25.767242,21.776857982565346,33.3307,4.4713264,1.8537650254161109,3.5031152,0.70986205
2016-07-04 09:00:00,35.76677826413413,42.725006,25.560944,17.276105594587616,30.1891,-2.4794827,2.133189165036393,3.45985,1.0769393
2016-07-05 09:00:00,37.0036290094024,43.62149,26.799225,5.869524263377473,14.990704,-1.7109671,2.4525713137366094,3.6726618,1.4726756
2016-07-06 09:00:00,36.06571547163992,42.871002,26.597565,7.662849972197199,30.585644,0.10700226,2.560205009659427,4.2022853,1.3162389
2016-07-07 09:00:00,34.71465995575221,41.127106,25.769684,12.68382441365276,29.347523,5.218616,2.282272576053581,3.9740381,0.960122
2016-07-08 09:00:00,35.629039801914814,41.21768,27.557526,12.891459395256192,23.336231,7.5862303,2.0114905563647962,3.1803796,0.74929804
2016-07-09 09:00:00,36.68579591731407,42.63199,28.549957,14.411400114731528,24.44089,7.4774046,2.191379009461431,3.4667778,1.0434754
2016-07-10 09:00:00,37.615066214212334,43.447174,29.595612,14.519441035699396,27.43932,8.329946,2.5545422056464364,3.6327899,1.6149231
2016-07-11 09:00:00,37.07801971924317,44.063873,28.413483,11.648967292159696,35.12094,3.10141,2.730364024433508,3.8540368,1.5960436
2016-07-12 09:00:00,35.18484597679185,40.92813,26.463287,16.30293364021388,38.179893,5.1890125,1.7833992858184442,2.8586366,0.74421585
2016-07-13 09:00:00,36.19626449671506,42.192047,26.990387,12.004699247675779,18.855892,8.9349985,1.4844489101100413,2.7290194,0.66218126
2016-07-14 09:00:00,36.99341467350746,42.28409,28.86026,9.456573721539804,12.658573,4.6498623,1.5589007574232512,2.7139106,0.7150421
2016-07-15 09:00:00,38.73173797648968,44.095856,30.150543,8.611957681908539,18.053665,1.3479137,1.883856796335636,3.0436118,1.1323239
2016-07-16 09:00:00,39.310099861306696,45.162506,30.187897,8.84461439684759,15.676029,0.01642418,2.5294339267607486,4.463778,1.2621276
2016-07-17 09:00:00,38.094031270433675,43.609283,29.51944,10.719908172396762,17.153442,-2.8798265,2.515870706826953,4.5277157,1.0400764
2016-07-18 09:00:00,36.98286166782873,41.315582,29.040192,21.2900898899915,35.43177,2.8190546,2.426412795236269,3.6967525,0.7864402
2016-07-19 09:00:00,37.34566507804794,42.572662,29.469147,22.994289477305514,32.30397,8.812368,1.9334818840658847,3.1838448,0.5269873
2016-07-20 09:00:00,38.630667367284104,43.656647,32.052155,18.911554767690763,24.827839,7.9100657,1.7079843887560708,3.2641077,0.26314858
2016-07-21 09:00:00,39.3506628236056,44.012604,33.606842,20.658317593906574,30.24392,10.096869,1.3799332850156323,2.2531672,0.48446792
2016-07-22 09:00:00,41.74365868788516,46.55606,35.341217,14.061064668074756,16.92181,9.541574,1.451136881901383,2.6993716,0.64186
2016-07-23 09:00:00,42.06484164503405,47.03946,35.8461,13.466825445193999,16.91063,8.5426855,1.6302309010186138,3.3538423,0.72488487
2016-07-24 09:00:00,38.65794359692728,44.35147,31.009674,19.892129917543595,25.297338,13.590482,2.3938334102361187,4.4876933,0.7647714
2016-07-25 09:00:00,39.29944521744983,43.84146,31.247711,27.379085672207687,34.88598,18.589806,2.340622816803355,4.0686088,0.67309403
2016-07-26 09:00:00,38.09658619860289,42.925446,31.663727,30.068897969500856,36.666943,22.952099,1.8607665241933924,2.9699008,0.51554114
2016-07-27 09:00:00,39.3068996302315,44.508698,32.44229,25.07217363296985,29.931574,19.78304,2.0263822955619677,3.970833,0.8222404
2016-07-28 09:00:00,39.54783785425161,44.073395,32.50113,21.749165334162658,27.82336,17.780392,2.2077205002866536,3.9792273,1.0522771
2016-07-29 09:00:00,40.53644053873421,45.574615,32.38907,20.055345016025655,23.814491,16.645027,1.9781191718773752,4.055155,0.67664903
2016-07-30 09:00:00,39.61880401230593,45.370026,31.3544,22.779354448613947,34.51077,11.206082,2.5358131948076412,4.008684,0.51327044
2016-07-31 09:00:00,34.73537835717849,38.876617,28.773346,46.039092743473184,54.89403,38.881863,2.493860679462938,4.3810697,0.5637021
2016-08-01 09:00:00,36.50024941228526,42.536774,28.34732,41.608849241923735,46.956436,36.018936,2.4482353653076547,4.493204,0.7948098
2016-08-02 09:00:00,36.440878455293614,41.45352,29.578522,39.46802105636929,50.79036,24.503613,1.9798240076561449,2.6331625,0.8570879
2016-08-03 09:00:00,36.3407895413946,40.404694,30.037506,38.88615206665888,50.189125,22.177404,2.1277422411384257,3.3157218,0.7348921
2016-08-04 09:00:00,36.30611753876133,41.738678,28.40274,31.207445836856834,42.560394,15.682707,1.62574357532001,3.2306147,0.81880146
2016-08-05 09:00:00,35.444939351656274,41.446686,28.31192,26.89736708229207,37.94034,14.808696,1.4267729867418761,2.3820355,0.27717677
2016-08-06 09:00:00,36.916317747549044,42.417877,28.61905,25.735661974831693,36.74977,11.266057,1.8153735340588029,3.2194228,0.4900574
2016-08-07 09:00:00,37.048770818606044,43.498688,27.893219,22.89938529013117,32.531803,9.718678,1.7001172870717407,3.0502698,0.35941362
2016-08-08 09:00:00,37.26777156995365,44.292633,27.312164,19.319989762231298,28.016369,12.913778,1.82635776398754,3.7847056,0.5650592
2016-08-09 09:00:00,36.38873489880933,43.054108,26.44278,10.865286254164651,25.681818,0.22916794,2.595933051712576,5.1114054,0.89000726
2016-08-10 09:00:00,35.240714674054516,39.392487,27.960846,19.771303035271206,47.075607,2.5322552,2.7166885900426774,5.0449643,1.1828806
2016-08-11 09:00:00,35.26285779800287,39.400543,28.402496,26.82779299042354,45.724613,1.3261757,2.4581515543740005,4.0960298,1.1405575
2016-08-12 09:00:00,34.63119390036189,40.017975,28.098053,35.54318953003176,50.715927,19.88995,1.3149162943438033,2.3277178,0.13501614
2016-08-13 09:00:00,36.6043537013021,41.884674,29.486237,30.339647235345577,40.886456,22.374441,1.3450639651831888,2.8241508,0.28148234
2016-08-14 09:00:00,39.596553507665135,45.891266,31.367828,19.95161439161986,29.684654,13.8441725,1.4403940882054695,3.1940706,0.51149875
2016-08-15 09:00:00,40.71780713380332,45.956207,33.59146,16.415331160164826,23.162994,9.782484,1.6047599921490698,2.692995,0.26735353
2016-08-16 09:00:00,40.50274391190999,45.238434,33.97867,9.372804708194874,16.639885,0.9690164,1.8898173165069092,2.7744951,0.46168932
2016-08-17 09:00:00,40.597717168512986,45.56436,33.70694,10.324648202113522,21.18157,1.9272375,1.7013482142807559,2.725051,0.6636008
2016-08-18 09:00:00,38.85208715823717,43.524567,32.68863,14.639826289912987,27.691444,3.2368536,1.9623161905424256,3.14701,0.5748432
2016-08-19 09:00:00,36.757972943784125,41.532867,31.068024,24.10074099476559,37.27501,2.2984457,1.0222718873422447,1.8718573,0.20191744
2016-08-20 09:00:00,36.32726030317309,41.230377,29.13858,21.481336092541483,24.595568,16.452015,1.7351415576217444,2.5261855,0.61289436
2016-08-21 09:00:00,35.31166497762172,40.18692,28.159576,23.591698253248918,36.237232,13.824986,1.8264859702531366,3.4042726,0.1574604
2016-08-22 09:00:00,34.40159408017507,39.480133,29.152008,28.71740824220983,37.041794,20.43369,1.1263812755670564,1.7069156,0.44783458
2016-08-23 09:00:00,34.38122632040603,37.92862,28.211823,25.672611257275634,37.86012,11.277893,1.2911703354936153,1.9069164,0.34504342
2016-08-24 09:00:00,34.7912888086679,38.74991,29.247955,22.051175919995217,25.658215,17.830093,1.5660851495997876,2.192938,0.8439919
2016-08-25 09:00:00,36.335903356305494,41.845856,29.09195,19.726611891365643,26.003372,15.055616,2.295703458199321,4.006906,0.4970234
2016-08-26 09:00:00,35.07179984759097,40.42325,26.600983,17.815346312182143,27.265266,7.6969304,2.127297477443421,4.316525,0.60035074
2016-08-27 09:00:00,32.69278592467924,37.77603,25.088531,32.50192477864905,52.919243,10.016502,1.6384580593196771,3.2715445,0.06753348
2016-08-28 09:00:00,32.387933981804906,36.91739,27.198883,26.288796657671817,32.661747,20.152328,0.9226955657918622,1.7442685,0.16222061
2016-08-29 09:00:00,35.886774778154006,40.0607,29.35318,20.99465014722947,26.852467,14.565319,0.7251020748599115,1.4955548,0.08097818
2016-08-30 09:00:00,38.054451146617964,42.702545,30.784576,16.147643001887932,21.509556,12.173619,0.6749411709668299,1.401153,0.049068067
2016-08-31 09:00:00,38.39131998393083,43.372955,30.937408,16.103939276954957,22.114212,10.2769575,1.1748425676564296,1.5143706,0.63716346
2016-09-01 09:00:00,37.13189249089794,41.03531,29.98648,19.890065790336546,30.208912,8.659385,1.9230776516903985,3.2175565,0.5242347
2016-09-02 09:00:00,35.42295537628394,40.260406,28.240875,23.577185042646796,39.59458,4.8049097,2.1330103428453144,3.6621315,0.7070064
2016-09-03 09:00:00,35.32278932489811,41.364655,26.68106,13.603454006046954,21.943298,-2.2910767,2.4179151363279288,3.8363664,1.3763311
2016-09-04 09:00:00,32.464285929860864,39.25113,23.243317,13.107675582461837,37.551014,-1.2127218,2.8744255755065127,4.1748743,1.6731958
2016-09-05 09:00:00,30.402569631230506,36.906647,22.355865,16.84799827159855,47.500507,1.0221052,1.994242045596537,2.9094532,1.3188918
2016-09-06 09:00:00,31.077680128344525,36.507965,23.653473,16.159106912468683,20.599117,8.528426,0.8189051107593882,1.8414615,0.2146642
2016-09-07 09:00:00,33.03437107111597,37.904205,26.943268,20.537728103883843,29.58422,11.498283,1.6050402625918234,3.7988887,0.46506995
2016-09-08 09:00:00,31.792556475838296,35.731354,25.481354,34.9687282129404,54.389473,18.967596,1.8549196597513107,3.1217241,0.70851463
2016-09-09 09:00:00,33.11509134713668,38.18863,25.780426,32.525513251116394,50.022034,1.675046,1.2922037005101086,2.1341662,0.6063021
2016-09-10 09:00:00,35.194860878803354,39.760895,28.227692,18.177191285724025,26.065338,8.666381,1.2408224543154331,1.7962397,0.5591722
2016-09-11 09:00:00,36.48304941729731,41.99356,29.477936,15.798024562395955,24.813,4.8558445,1.7892402136026389,2.579645,1.1643282
2016-09-12 09:00:00,35.166858191860456,40.807037,27.935944,15.52388003722836,25.908855,7.9449368,2.9394155061161373,4.5873933,1.6164627
2016-09-13 09:00:00,30.436328122185614,37.74112,21.39151,23.341386770211432,64.129005,7.2521343,3.287169054541573,4.927742,2.1581066
2016-09-14 09:00:00,27.305420143948254,34.09366,20.990875,21.084871291319153,37.518784,8.35472,2.032733005062202,2.823402,1.1998068
2016-09-15 09:00:00,28.63069250874895,32.98282,23.69693,12.77913880106134,21.734013,1.8829412,0.9289229912155402,1.2664247,0.55042094
2016-09-16 09:00:00,30.90694825980347,35.350494,25.082916,10.871006130411134,13.527788,3.0646286,0.6584032180154044,1.6153232,0.1337281
2016-09-17 09:00:00,32.14916296321542,36.830475,25.988434,11.997622146727181,15.557501,8.748907,0.7306109384531138,1.4557302,0.040723495
2016-09-18 09:00:00,34.516416335673966,38.847565,29.023346,11.088338969904747,13.918592,7.363905,0.9360489021088084,1.6805601,0.15520346
2016-09-19 09:00:00,36.69314484937024,40.782867,31.798492,14.926092078204732,18.840462,11.7158785,0.5287710154777739,0.8612753,0.10587422
2016-09-20 09:00:00,31.981756637541764,36.713043,26.032623,29.704699632345424,45.012604,22.923544,0.9346581943907757,1.7597529,0.12458343
2016-09-21 09:00:00,23.565949602989633,27.169342,19.919342,75.11947592068633,85.09177,63.353645,1.1101817134634138,2.8026638,0.19852734
2016-09-22 09:00:00,26.846743805682593,30.77481,22.116608,46.24304869541054,73.97925,24.420656,2.1392954083489526,2.7271261,1.3652313
2016-09-23 09:00:00,26.365295613000967,33.32657,19.004791,18.047729091423747,32.4685,1.772582,2.0589102716336756,3.1101103,0.922301
2016-09-24 09:00:00,27.40451388897219,29.927399,23.645172,16.92486647063314,21.571198,11.959916,1.7226917860231472,2.994987,0.38734442
2016-09-25 09:00:00,31.947761104923643,34.6149,27.950836,17.24082650643335,22.101824,12.996355,2.6060768856149936,4.9821515,0.4770072
2016-09-26 09:00:00,33.650446468469966,36.444244,27.752838,15.162934881920362,19.455875,9.41446,2.5940955361431635,3.2964694,1.35761
2016-09-27 09:00:00,33.92620568765665,36.915436,28.128326,24.62493407748891,31.532719,18.228031,1.668013351230597,2.775097,0.7225247
2016-09-28 09:00:00,29.85577398879491,32.777252,24.37857,43.835915504129325,48.921246,34.06424,1.1537676432729318,2.2866526,0.36254156
2016-09-29 09:00:00,30.94508449350093,34.21231,26.145416,35.78096017258736,43.122574,26.166489,0.6173882822767033,1.6151555,0.12690736
2016-09-30 09:00:00,31.64422266576713,35.40738,26.096832,31.125469725672325,39.141106,25.842709,0.9563405443200406,1.4643086,0.5402736
2016-10-01 09:00:00,32.11859144379929,36.602203,25.447906,33.48447777470747,45.369514,24.338629,1.5862048373706226,2.6137993,0.48546818
2016-10-02 09:00:00,31.37297092879112,36.084137,24.662262,21.45050287773813,36.539707,10.94549,2.217717706205274,3.196896,1.0259874
2016-10-03 09:00:00,27.846618751140852,34.205475,19.88321,15.945892967789515,57.805214,-0.04405117,2.6487065200884596,3.5731556,1.4316487
2016-10-04 09:00:00,24.72772341996847,28.713043,20.109528,27.999167245592716,45.148148,16.918348,1.9241794792990023,3.1768196,0.81489086
2016-10-05 09:00:00,25.87547123326192,30.304596,20.136627,33.64974370313194,65.14697,20.045406,1.5922562502846216,2.5360837,1.02542
2016-10-06 09:00:00,26.78776656737608,30.710602,20.898102,15.651771663841991,19.637432,11.499667,1.3312730991620296,2.6001904,0.063239954
2016-10-07 09:00:00,28.539038915572235,32.221344,22.342438,11.906061134761208,14.603763,9.510013,2.180694509111394,3.5707946,0.5993485
2016-10-08 09:00:00,30.396613722622476,33.589508,24.437164,13.731979231909884,18.108643,8.303956,1.2307677642037473,2.3471289,0.07683022
2016-10-09 09:00:00,31.954932177790567,35.79312,26.558746,15.335980640318521,24.342056,10.581227,0.5506657968334309,1.2030888,0.1470869
2016-10-10 09:00:00,32.442816609694376,37.075836,26.829742,22.21619030258426,27.638697,14.638697,1.1512835785345046,1.8609082,0.20053947
2016-10-11 09:00:00,31.220681788220077,35.866608,25.354889,23.48024894349492,33.864998,15.027497,1.6161960936416264,2.525175,0.53547573
2016-10-12 09:00:00,29.026344651522777,34.75406,21.666168,19.67432318257953,35.329853,6.9626656,1.3663279764021077,2.1298091,0.9261658
2016-10-13 09:00:00,28.45885139775072,33.74112,21.424713,16.868765974758055,23.568302,7.357439,1.2534629680386014,1.8055629,0.71525663
2016-10-14 09:00:00,30.056966693758284,34.229645,24.678864,11.908928054414089,21.141289,8.833083,1.2416729842012124,1.8460916,0.36032158
2016-10-15 09:00:00,29.96581538248728,35.01187,23.697418,13.992805065146916,24.981636,8.7863245,1.915990888894404,3.2290378,0.8707999
2016-10-16 09:00:00,28.63236273651421,34.144928,21.420319,36.946235262849974,65.510124,23.3566,2.4626667539383402,3.5400817,1.3635888
2016-10-17 09:00:00,26.310830336231902,32.683502,17.740143,38.274767036808676,79.84004,15.273633,2.6064514745363327,3.876276,1.4232098
2016-10-18 09:00:00,25.246932664122994,30.66983,20.447174,33.77548845047425,51.562748,18.848083,1.5608539467315627,2.2074304,0.7917433
2016-10-19 09:00:00,27.803102377680375,31.240631,23.803131,16.13953964739787,23.451887,5.8974752,2.183272831162945,3.9403052,0.64507794
2016-10-20 09:00:00,28.92378650320228,31.972809,23.867584,8.27795938831151,11.597131,6.603204,3.0928580222857387,5.3258753,1.2961718
2016-10-21 09:00:00,30.946658084163346,34.53604,25.460358,9.9351393903027,11.289437,7.9652185,1.6953100665905736,3.1103535,0.44220814
2016-10-22 09:00:00,31.344873979017848,35.223785,26.944489,9.654058929121176,11.935087,5.712431,0.6796288922910575,1.344036,0.083285496
2016-10-23 09:00:00,30.655330325685554,35.57779,24.35318,11.570857436699507,16.973356,5.3076096,1.3584130746014493,2.3868055,0.091273054
2016-10-24 09:00:00,25.340418456228917,33.764313,16.544098,37.00046757999227,57.64447,22.514782,0.8765208373286935,1.5776488,0.06772885
2016-10-25 09:00:00,23.4894755153461,29.06192,18.685455,56.16504820445027,66.50883,48.11973,1.0753862999939456,2.8583806,0.15468834
2016-10-26 09:00:00,25.654832700417842,30.26529,20.839752,42.479343542249545,51.66103,28.01893,0.7969080990127939,1.7041812,0.1361766
2016-10-27 09:00:00,27.877655874439938,32.747467,23.06778,32.84710704128885,42.768818,20.354755,0.6843728004257266,1.7250204,0.05268625
2016-10-28 09:00:00,27.566623261652126,32.527008,22.130524,26.68464356829023,39.728943,18.59384,0.9463402758908365,1.591111,0.19116127
2016-10-29 09:00:00,27.444285152343525,33.112457,20.555084,48.13072054417838,62.371727,33.291054,1.0918583923905556,1.8905836,0.11908544
2016-10-30 09:00:00,28.546846022796785,33.96768,21.438385,48.06501206531833,62.14279,36.83029,1.7152205664507953,2.6149719,0.5983649
2016-10-31 09:00:00,23.017187466040355,31.10147,13.996002,50.04710115215097,93.689735,29.252235,2.136239011619981,3.0367515,1.2714612
2016-11-01 09:00:00,21.014840098374407,26.144196,14.152008,32.37004779535536,64.2039,7.3445253,1.7610787963057453,3.042724,0.8124022
2016-11-02 09:00:00,21.817789773765696,25.71817,15.950104,34.00026180182909,41.07319,21.085155,2.4333499306043516,4.2633767,0.47986543
2016-11-03 09:00:00,24.819574043619355,27.51651,20.603668,23.20110017621293,27.658327,18.860508,2.953211682354571,4.781674,1.0271318
2016-11-04 09:00:00,26.49466203470547,29.771637,20.783356,27.88582135998642,38.050587,20.199024,1.3031208556342873,2.0735054,0.07970985
2016-11-05 09:00:00,26.791340143426908,29.734772,21.57071,32.55379458356679,38.222168,26.121,0.9255214191046472,1.7579502,0.05204763
2016-11-06 09:00:00,27.1793446084464,30.845856,21.33023,31.421770719061648,38.18114,24.59137,0.7971840708142787,1.3918934,0.20129482
2016-11-07 09:00:00,26.554090426936682,30.89737,20.266998,20.29494357086148,31.878683,10.798561,0.49687613469301695,1.1222099,0.028740872
2016-11-08 09:00:00,27.70715533311909,31.268951,22.110748,24.373628631686458,28.622591,18.375648,1.524360693950615,2.7231228,0.7759014
2016-11-09 09:00:00,29.17835845175415,33.73111,22.03189,25.08732549535614,30.638052,19.776114,1.9432249771693553,3.13855,0.5984718
2016-11-10 09:00:00,28.383038928213637,31.849762,21.506012,20.421023151254,24.520655,13.394711,1.3756963896931933,2.822659,0.4381218
2016-11-11 09:00:00,27.11153125459947,30.175201,21.003326,19.91329624671172,25.52303,13.638265,1.0319317512500412,2.2583582,0.11976699
2016-11-12 09:00:00,26.20138018209144,29.258698,20.123932,29.817569679234918,36.715935,18.91474,0.8319606670927718,1.5357946,0.110914476
2016-11-13 09:00:00,25.402882376183584,29.293365,19.586334,27.675300462369368,36.674435,20.20327,1.1684623322367145,2.0253377,0.4510821
2016-11-14 09:00:00,27.176619079543002,29.916168,22.081696,13.093527748675157,16.636684,9.411118,1.2981103571557289,2.35914,0.39549583
2016-11-15 09:00:00,27.815560677765404,29.576813,23.713531,10.3459616282689,12.944426,7.8846645,0.6347321478883803,1.5578872,0.08396903
2016-11-16 09:00:00,26.271707283925878,29.121002,21.535065,9.454635087952068,13.771663,5.2117634,1.401123654845769,2.2044184,0.22725806
2016-11-17 09:00:00,22.211696763012696,27.019684,14.584137,19.26758274990015,41.614758,0.7060251,1.8431043090406887,3.2255979,0.027310219
2016-11-18 09:00:00,17.876551043068957,21.107086,13.37735,8.893316807826254,13.993617,2.3937807,2.3742131215656195,4.057712,0.4483244
2016-11-19 09:00:00,19.16159792714177,23.41983,15.474274,7.42889564250843,10.762718,4.875614,1.1623278548061844,2.3244886,0.15763482
2016-11-20 09:00:00,20.768539726691017,23.127106,17.359528,10.944925219654463,15.902109,7.585703,0.6864204906105619,1.0950989,0.16957477
2016-11-21 09:00:00,18.420666647952544,21.494537,12.957428,43.9211244587154,83.15942,13.471917,1.9315031877193105,3.192786,0.9153604
2016-11-22 09:00:00,17.989556875021037,21.780426,12.573639,40.550457605117984,54.931107,25.224075,1.3372359091554749,2.1222324,0.20598133
2016-11-23 09:00:00,19.838191957833317,23.502594,14.444,33.91629906765203,41.137634,23.682896,0.6522526565416347,1.6524352,0.1208032
2016-11-24 09:00:00,20.378288554239532,23.174957,14.953278,8.441694457521123,19.741417,2.8859472,2.033943498390524,3.836686,0.52844524
2016-11-25 09:00:00,21.007198212527328,24.044586,15.38443,3.888582295294227,6.3583183,0.7941704,2.233327648963695,3.8098023,0.6294049
2016-11-26 09:00:00,21.250563529625026,24.239899,15.630524,10.440722607484425,22.743778,4.4976854,0.8192619802676245,1.5719025,0.26630342
2016-11-27 09:00:00,13.581479396377631,18.963776,4.9618225,54.54499595984505,94.559746,14.126154,3.2899680970529683,5.449921,1.5190406
2016-11-28 09:00:00,12.922288748189885,17.947174,6.900299,44.678330769947685,90.13945,22.214882,1.717354065129434,2.8764417,0.34541956
2016-11-29 09:00:00,14.61364133424513,17.90567,8.23526,28.542321849973778,36.317448,16.711979,1.8986004868430024,3.1207578,0.5281416
2016-11-30 09:00:00,15.303536318250792,18.3732,8.269928,23.19215233713635,29.534616,16.885483,1.7216646043368162,2.9656157,0.6131418
2016-12-01 09:00:00,14.63981543871887,16.593903,10.084137,27.07589343584586,33.84678,15.503028,0.7291656169745221,1.6110867,0.06891699
2016-12-02 09:00:00,14.558593915972551,17.245026,8.614166,35.272922622636464,42.91589,31.9669,2.5395704493864066,3.7688055,0.9162506
2016-12-03 09:00:00,13.58948994922747,17.069,9.35025,20.052048384447563,27.237095,10.877719,4.332985204516633,8.140353,1.5318221
2016-12-04 09:00:00,16.831906671285708,19.220367,13.921295,11.584336991663525,13.552907,10.103688,2.373129151572625,4.9543977,0.2699931
2016-12-05 09:00:00,19.327610554444675,21.112213,14.995026,13.379061346193843,19.999756,10.749755,0.8379264197756792,2.0075989,0.12949744
2016-12-06 09:00:00,17.134045212890328,19.456177,12.290161,28.477344426614838,48.097256,17.66959,1.215355805727889,2.3947084,0.07532634
2016-12-07 09:00:00,16.049738886081798,20.14154,8.942322,40.1251562068275,80.60775,17.346146,1.5806348823056606,2.6489182,0.8761499
2016-12-08 09:00:00,14.426812531794724,17.296783,11.141144,39.35937657438539,60.13382,22.355976,1.4417416496965993,3.2841475,0.03754377
2016-12-09 09:00:00,16.115257077162426,18.045502,12.809174,55.62625727509565,74.98162,45.13765,0.8904258898510652,1.6076952,0.025736464
2016-12-10 09:00:00,17.185216829784224,19.585297,13.744415,51.83425005305812,71.39373,39.003864,0.7088455215938761,1.4350044,0.19288094
2016-12-11 09:00:00,18.705706508071728,21.975037,13.826599,51.23631410453861,77.47487,34.94096,1.238439355045462,2.6227036,0.36174566
2016-12-12 09:00:00,19.697985186842402,23.596527,13.991058,53.19227661339292,77.35942,42.44477,1.0146207830075302,2.3669636,0.14712371
2016-12-13 09:00:00,19.82597703529194,23.716156,13.4270935,56.736897531102464,65.55719,48.2179,0.8830175017789815,1.9243664,0.111925885
2016-12-14 09:00:00,20.375229227868886,23.889557,15.85495,32.34220060754604,44.28346,14.244396,0.606535727272407,1.4817812,0.063956335
2016-12-15 09:00:00,20.93702883392274,24.204498,16.768951,17.17254842189963,25.400166,7.094795,0.7656027746009918,1.5994918,0.18318489
2016-12-16 09:00:00,19.3288756643322,23.228241,14.111053,31.477353228848095,48.96368,14.830867,3.2307948224372747,5.2954435,1.1012828
2016-12-17 09:00:00,16.27935271198936,23.544617,7.112976,23.337107391296183,51.81764,2.2395134,3.0408037996128394,5.3363895,0.54325587
2016-12-18 09:00:00,11.97258014872159,15.388123,6.831482,9.078218379886788,13.243634,5.8840866,2.2479051217287505,4.1231737,0.444515
2016-12-19 09:00:00,13.124676249281094,16.235565,8.503937,9.760541942643828,15.488346,5.388014,3.130369193443238,5.2879863,1.098486
2016-12-20 09:00:00,16.415482203100737,19.002045,13.031403,12.088203500971227,27.905731,3.0009413,2.539464985800387,4.0635514,0.62212145
2016-12-21 09:00:00,18.53366661037535,21.553864,14.040192,24.871084689414516,34.941772,15.123436,1.5493168837816307,2.8336422,0.26728815
2016-12-22 09:00:00,13.297429124016901,18.856354,10.147369,75.6200210493178,91.26845,67.861336,1.7797568693377983,3.1477811,0.3872137
2016-12-23 09:00:00,11.76797285440125,14.51828,8.36734,89.78086682037743,98.451454,67.89684,0.9116818227396932,1.7874063,0.24758801
2016-12-24 09:00:00,13.47200249426254,17.265533,8.626862,72.66978690281665,97.14556,38.15728,3.058308285164874,4.3437057,1.1121877
2016-12-25 09:00:00,8.952610803974892,12.566559,1.6896057,48.34951144939269,67.475845,25.358662,1.6659586552786427,3.0188768,0.40099013
2016-12-26 09:00:00,9.491471986421232,12.087616,4.146332,45.59037958927868,70.19361,31.072521,1.1460889640580394,2.0079029,0.54512054
2016-12-27 09:00:00,12.224328016601646,14.779938,9.426422,24.167890258335614,31.761517,19.42596,2.594850628037981,4.172827,0.81894153
2016-12-28 09:00:00,15.012861815066685,18.4805,12.146515,17.451732110601853,23.72946,13.706022,2.1279093144796613,3.2768161,0.31039104
2016-12-29 09:00:00,17.075582424461743,21.145569,14.233826,14.414647704835085,19.857807,10.846753,2.0630221596660534,3.198543,0.5535739
2016-12-30 09:00:00,19.13037521527417,22.277252,13.234283,16.089746374182845,22.725483,10.014545,1.4964899356613852,2.2280395,0.17804813
2016-12-31 09:00:00,13.85635299729688,16.56784,8.474091,66.48165919876521,99.17538,44.89896,0.8416522671396223,1.7355523,0.10999828
2017-01-01 09:00:00,12.550571609134693,16.346497,6.371887,71.7650895043882,88.7877,45.22124,1.0618939797910683,2.3193066,0.12650816
2017-01-02 09:00:00,12.098063888229774,15.794067,5.0889893,60.54296049542882,99.08417,25.992592,2.4658441582897686,3.7877786,1.1512612
2017-01-03 09:00:00,11.740331598678097,14.992401,6.464905,46.92578500028712,70.80524,30.187494,1.1874311294755227,1.9882399,0.4438882
2017-01-04 09:00:00,11.962040691706875,14.502716,7.832672,46.167723515763754,66.07854,37.916595,0.7886662420237985,1.7899929,0.05587798
2017-01-05 09:00:00,14.638604907306387,17.405396,9.659302,65.43802105066699,93.415504,43.935036,1.839261962927046,3.0873854,0.4172121
2017-01-06 09:00:00,16.335940630161303,21.06369,9.50705,48.037987781946754,82.18615,21.854118,1.1793286697506065,2.132102,0.5987961
2017-01-07 09:00:00,12.357545170989738,16.49768,9.09729,31.245223298035356,52.72773,5.587816,1.555199358077387,2.8486092,0.44525483
2017-01-08 09:00:00,15.250388551521496,19.569519,11.889832,37.97224028557508,51.024307,29.928574,1.3130677968504532,2.399924,0.26824498
2017-01-09 09:00:00,17.42782993395184,20.864594,15.007172,29.76881546561095,47.920715,21.42464,1.0111295267864586,2.1180718,0.34201244
2017-01-10 09:00:00,15.344963835455246,20.940521,8.643646,30.142739232824276,77.28404,8.682476,1.6652374964130205,3.0075529,0.14281619
2017-01-11 09:00:00,14.49266666423648,19.915833,7.903473,60.791756985405286,99.515434,16.577934,2.447091842974621,3.7231424,1.1336176
2017-01-12 09:00:00,15.740998212440502,21.10727,8.75766,52.02146931413983,84.97775,32.242294,1.9678722466868872,3.5669103,0.67830724
2017-01-13 09:00:00,12.068218220726521,17.530731,5.218933,68.26038754785642,89.827705,47.37566,0.9945784782907979,1.6866137,0.3796335
2017-01-14 09:00:00,14.212019345611282,19.556244,9.323059,57.42255134712792,68.72988,46.890038,2.0786704254100203,3.760647,0.370096
2017-01-15 09:00:00,16.306111096264033,20.25293,9.305664,57.891794926514514,68.71939,48.306496,1.9040184455420297,3.6266956,0.37184265
2017-01-16 09:00:00,15.43549299785559,20.064728,9.068634,52.12542196190777,66.43721,37.445026,1.2586794799384655,2.860543,0.20152816
2017-01-17 09:00:00,15.131767935332675,18.099915,9.033508,27.414087398714,39.20944,13.856603,1.7552531040404507,3.7661448,0.20029622
2017-01-18 09:00:00,15.733661757773575,19.228607,11.015717,27.11568786811568,36.269997,18.56522,0.9717658832425077,2.023,0.10934842
2017-01-19 09:00:00,14.553858695525207,19.740875,7.7936096,42.02932226250083,71.146034,31.228062,2.1084773579543548,3.6524472,0.5288417
2017-01-20 09:00:00,12.959233686206062,17.701813,5.910797,71.36653093822278,94.54755,42.434265,2.8349060407508255,4.7731047,1.1467342
2017-01-21 09:00:00,10.22428807139363,14.705475,3.6505432,54.73752835272299,90.842445,31.029945,3.5015270869563397,6.3534017,1.3060472
2017-01-22 09:00:00,12.715699500951985,17.275055,4.351227,47.57389450867683,72.67422,29.0375,1.410204016607762,2.4464345,0.55881554
2017-01-23 09:00:00,12.073427147026734,18.595612,4.4354553,76.93687439533224,101.11818,43.70021,3.110819214543687,5.174694,1.281755
2017-01-24 09:00:00,8.967298319261374,14.270416,0.9442444,49.75943940759982,80.56124,33.1373,2.0450310637922406,3.744736,0.36498997
2017-01-25 09:00:00,10.110000336446262,14.824127,3.2193298,35.136519155417865,62.03512,23.203087,1.5722978737427973,2.8954244,0.09701273
2017-01-26 09:00:00,11.62555017535118,15.341949,4.744293,35.59914652362461,49.78922,18.437935,1.491298423039129,2.948616,0.31186426
2017-01-27 09:00:00,11.88543801646506,15.599579,4.0106506,30.924396440148286,44.49134,19.050995,3.389286188421929,6.2554474,1.3450243
2017-01-28 09:00:00,13.569836880271794,15.681641,9.138672,14.91039413542653,22.4971,8.950226,3.164134674503911,5.715317,0.8066783
2017-01-29 09:00:00,17.253645086277345,20.118073,11.765533,9.244638202167172,15.522906,3.9291563,2.877789509015664,5.3302865,0.67427635
2017-01-30 09:00:00,20.579266406630495,24.002106,13.830139,16.287869275708868,22.903805,11.100551,2.2234313834625477,3.6944396,0.61849
2017-01-31 09:00:00,21.655830588188735,24.881744,16.676666,16.581238411536923,24.249815,12.0076275,1.0639250151360293,1.8905764,0.19489343
2017-02-01 09:00:00,20.38863559706232,23.851044,14.423309,17.60529599770171,25.340145,8.95992,0.5153925223896788,0.93487644,0.17658119
2017-02-02 09:00:00,19.58781761164954,25.021942,12.311005,15.640657914100162,26.326233,9.93576,1.023393056237282,1.7082291,0.24457036
2017-02-03 09:00:00,19.244889443070633,24.307373,11.889404,34.122262653585786,55.128872,14.910969,0.8664764211061122,1.6140498,0.19266714
2017-02-04 09:00:00,18.494301604286818,24.578644,9.992401,48.77911254840711,79.71193,32.543964,1.5699882859423535,2.536393,0.66623884
2017-02-05 09:00:00,18.904073176215775,24.221283,11.61972,32.317890110351314,54.411083,15.129833,0.6094274477724331,1.1549207,0.09392516
2017-02-06 09:00:00,16.75080877709513,23.17154,8.982086,40.295164541899126,85.60539,18.028534,2.2003899800116136,3.6159985,1.1536754
2017-02-07 09:00:00,17.052115597411444,21.863129,10.745941,72.96566226358776,99.57494,42.97559,2.7562892603822053,5.367371,1.4168737
2017-02-08 09:00:00,20.09555264385017,25.776337,15.040985,59.65378266660706,77.577126,47.682594,1.814948757513522,3.035403,0.6482089
2017-02-09 09:00:00,22.864515849325073,26.943878,18.100739,32.25575295499426,38.982014,22.919443,0.5497233392537341,0.95163155,0.103168055
2017-02-10 09:00:00,24.51875506361489,28.435394,19.3143,19.6499061446183,28.118622,15.518688,1.3332856075392356,2.3929873,0.1284058
2017-02-11 09:00:00,21.912887591946173,28.153778,14.436981,35.205073491069356,70.637474,18.18044,1.9291656515823494,3.1560814,0.93374795
2017-02-12 09:00:00,18.159462960679377,23.235016,10.913239,50.38487759861705,70.15697,27.540167,1.4267382665035706,2.4392798,0.04611359
2017-02-13 09:00:00,19.75050484919109,23.874176,14.237701,45.55416276497509,51.406776,40.663147,2.766842646422327,4.8152065,0.58909565
2017-02-14 09:00:00,22.16436119656555,26.118073,15.92276,31.935451252261245,46.32339,17.614758,1.7131219173236059,3.6856034,0.038873076
2017-02-15 09:00:00,22.37414356752572,26.10611,16.5065,22.33007209994974,34.17003,11.6680765,1.6509569314690442,3.044682,0.23388119
2017-02-16 09:00:00,22.761277989899952,26.271637,16.980621,26.540409071100772,31.673954,21.953484,0.42568521485101174,0.98357385,0.04401957
2017-02-17 09:00:00,21.272332421083718,25.812897,14.43985,28.264739904864403,34.99266,22.969223,2.347739829749739,3.5092633,0.8489946
2017-02-18 09:00:00,16.286260273624805,21.396637,7.5939026,55.724599936314675,93.93262,36.068516,3.0549517265887802,6.163775,0.7817851
2017-02-19 09:00:00,12.534274564215366,15.456451,7.009674,79.1019303364227,94.31506,65.49642,1.6827092672315993,3.0273402,0.72590375
2017-02-20 09:00:00,15.45902326318128,18.934235,10.182526,71.03434653392051,92.46599,57.899582,1.7379627205172385,2.3449433,0.91114956
2017-02-21 09:00:00,18.938262963163027,21.874176,15.192535,38.95979287764884,49.096855,20.878105,1.5614866748485068,2.5194538,0.6494789
2017-02-22 09:00:00,20.075441298312285,25.230377,13.660065,26.312079844599932,59.651062,7.0175495,1.879086857291786,3.0474057,1.0588282
2017-02-23 09:00:00,17.048155836578474,23.30899,9.017975,39.00983134170519,76.82983,16.928299,2.8060336375242403,4.578458,0.9671585
2017-02-24 09:00:00,13.271416884191638,17.679352,7.556305,36.39710066322537,50.468056,26.096645,1.7078028301859332,3.3972852,0.5585288
2017-02-25 09:00:00,14.618714418087677,17.5336,10.318756,25.614623609779716,34.08231,11.836216,0.7236644678292057,1.1842527,0.07304695
2017-02-26 09:00:00,15.06927927731357,19.465973,8.55777,30.48730452585443,49.043133,4.906414,1.5571690101780333,2.553521,0.46504173
2017-02-27 09:00:00,13.905543911264317,19.828766,6.6861877,58.7716574723195,94.74228,33.59899,1.9508774063501089,3.5016818,0.9197649
2017-02-28 09:00:00,12.318281714142472,16.110992,6.8993225,74.35998257937635,96.24348,41.29003,1.8736300549064155,2.9292808,0.6617725
2017-03-01 09:00:00,16.21652520078993,19.533844,9.977203,25.55028605560518,33.964214,13.913434,1.8405191837260018,3.5419843,0.35623908
2017-03-02 09:00:00,18.51838008867469,21.152588,13.720245,11.349163064035999,20.142063,4.9584684,2.8092741718780214,4.714919,0.983878
2017-03-03 09:00:00,21.717993579552058,24.722382,15.966431,9.291869724926139,17.052021,3.130146,2.3189755719561944,3.6691244,0.9619354
2017-03-04 09:00:00,23.84183461808368,27.756683,18.29184,15.802716759635102,20.743404,6.4743576,0.9540839116649434,1.5853359,0.0822907
2017-03-05 09:00:00,20.01553597046029,26.194366,12.393585,10.607495133093458,33.88201,2.6965103,2.6402509237362355,4.038687,1.0905787
2017-03-06 09:00:00,14.773999525475347,21.398804,7.224762,35.19173061148428,58.476128,18.01519,2.2875591538641484,3.886024,0.6632849
2017-03-07 09:00:00,16.811101714668894,19.717194,12.657867,21.9702291785364,33.35549,12.527365,1.4020196921146866,3.2147844,0.07667759
2017-03-08 09:00:00,21.42727184489371,24.412506,17.4711,17.002832153886825,25.178082,10.732301,1.4488822481845638,2.7777734,0.34263086
2017-03-09 09:00:00,25.773852781685605,29.233551,20.663239,19.020701703609905,29.226788,14.346732,1.1836715816862753,2.448895,0.23762082
2017-03-10 09:00:00,28.069733025795017,31.93866,22.311707,18.64997957837633,27.11604,11.600415,0.6243404353553115,1.4773284,0.10268646
2017-03-11 09:00:00,27.376740255394566,31.91397,20.679596,15.974687673956344,28.40615,5.765836,1.007400297122765,2.0729187,0.0025589
2017-03-12 09:00:00,28.81317057453049,33.70285,22.654022,18.125940189402147,22.234009,12.731259,1.4572796010270461,2.860695,0.19143105
2017-03-13 09:00:00,29.435694070531326,33.770996,23.409668,14.888422974087119,17.535648,11.537345,1.4463257899854312,2.9878225,0.048323955
2017-03-14 09:00:00,29.681404609592107,34.26419,23.65091,15.096613196537463,20.05399,10.948399,0.8322894489754721,1.8240417,0.14006658
2017-03-15 09:00:00,30.64180662690393,35.692535,23.690582,13.208935598214643,18.226723,8.052503,0.8348461576574473,1.2164714,0.1447071
2017-03-16 09:00:00,28.827866853452633,34.025055,21.34732,21.028848893115093,30.280785,13.429106,0.9347034832075786,2.0815763,0.17117395
2017-03-17 09:00:00,28.576003221446967,33.940094,21.684235,19.194194529982706,23.347744,15.669116,0.5146560356660126,0.94987714,0.24875541
2017-03-18 09:00:00,29.11415694623048,34.446686,23.202545,20.296515541045046,26.883446,11.887352,0.911448907073341,1.6275645,0.21254915
2017-03-19 09:00:00,29.116706794733943,35.09781,21.632965,14.116994477807665,18.356539,3.2588825,1.1964318278661008,1.9021753,0.3177268
2017-03-20 09:00:00,28.863524705676582,35.629303,20.891022,21.95164267925108,38.151318,13.243677,1.8574011837273683,2.706062,0.8038841
2017-03-21 09:00:00,26.774814710258,34.06021,18.198883,19.323541922614538,37.660316,2.8907862,2.5381541776098966,3.4380705,1.5941623
2017-03-22 09:00:00,23.45604921087255,31.388275,14.6285095,48.892078683105105,89.37917,25.078423,2.9880142532757916,4.9624667,1.3758596
2017-03-23 09:00:00,18.952024478626413,24.687225,10.878632,48.43448529869253,81.017044,27.87642,3.245931950833518,5.496884,1.1325339
2017-03-24 09:00:00,20.673884243699945,25.118317,15.637604,24.47225123533449,34.465782,15.100836,1.6062515334312857,2.3895304,1.0214132
2017-03-25 09:00:00,23.247523536937535,28.223785,17.00113,26.385236729580964,46.216953,18.846598,2.1508471579116923,3.1099463,1.4883829
2017-03-26 09:00:00,21.363439873863854,28.104889,14.053375,41.20453426802268,76.483246,22.827251,2.1685272105237914,2.9280694,1.4137923
2017-03-27 09:00:00,22.87072500568081,29.149323,14.854401,44.99899843641346,77.65238,29.033348,2.404791375229253,3.7819512,1.4149008
2017-03-28 09:00:00,21.70132554456768,27.643463,14.216705,25.574570056908986,43.43377,19.451593,3.6289399991386655,6.184187,0.43117794
2017-03-29 09:00:00,23.972993700473182,27.227692,18.868073,14.075818547536414,18.439701,8.344793,2.6568864376955323,5.4660745,0.3536474
2017-03-30 09:00:00,27.606692338452376,31.03238,22.358551,17.44197315446985,25.224586,12.580467,1.6174198803090578,2.5754,0.8902432
2017-03-31 09:00:00,22.326102997481428,29.93106,13.058014,33.844985425824056,47.020287,19.116793,4.32423791235693,6.1896267,1.5150436
2017-04-01 09:00:00,21.212152407956523,24.214996,15.652496,34.8801471440423,45.536125,26.521828,1.9253366567912682,3.3879964,0.5037941
2017-04-02 09:00:00,25.103928149259048,28.924713,19.64737,30.5895361844513,36.916218,23.9017,0.638264633434424,1.0361265,0.20096375
2017-04-03 09:00:00,26.78367925497315,31.57071,19.324615,23.69651925881023,37.20035,16.796844,2.7886338918517364,4.6037292,1.5196699
2017-04-04 09:00:00,24.88411420837741,30.619293,17.238434,20.425202250759327,33.502766,4.5045156,1.5893022309795248,2.809217,0.7651976
2017-04-05 09:00:00,24.271708600132115,27.535797,19.289703,18.715305945557255,27.786608,11.194149,1.313146924226372,3.043261,0.15955105
2017-04-06 09:00:00,27.282277092766776,30.311188,22.211578,17.432755689521297,26.257164,13.641591,0.6975792301025848,1.1805363,0.23403496
2017-04-07 09:00:00,27.569201012412634,33.44034,19.643463,5.240114470194812,12.438236,1.0986376,2.3558531793100568,3.9620671,1.1388762
2017-04-08 09:00:00,26.028796051399013,32.092438,17.738922,9.984609817231423,24.806332,-2.8279896,2.841191232545768,4.285345,1.6276609
2017-04-09 09:00:00,21.493854414647842,28.36905,12.908112,22.308939965494123,34.885567,10.730361,2.408368095110457,4.1782784,0.6467206
2017-04-10 09:00:00,22.03391079623782,25.84024,16.809723,13.93442018731228,22.708458,5.4701767,1.6616691740840974,3.4739802,0.20989309
2017-04-11 09:00:00,25.439196051474596,29.008698,20.299713,10.352733734905568,16.74497,4.511544,0.7799689889834286,1.3094734,0.22965287
2017-04-12 09:00:00,26.125521550976202,31.312408,19.033112,14.844929796790586,24.21324,4.6031547,1.5118810512394816,2.5026405,0.8737326
2017-04-13 09:00:00,27.484217474644367,33.450348,20.133942,22.397342931427385,61.506557,7.422059,2.7135992462337875,3.6465364,1.7895997
2017-04-14 09:00:00,23.11410440262864,31.287994,14.457916,36.50564086997777,79.536026,1.0683136,2.854409805680957,4.052502,1.521412
2017-04-15 09:00:00,24.565183601774038,28.566559,19.230133,20.739914311886135,32.715008,13.679852,1.496322731528775,2.813947,0.39892882
2017-04-16 09:00:00,27.35058237272358,31.862946,22.021149,11.82643118530609,17.777214,5.995965,1.1026579902146065,1.7101367,0.512007
2017-04-17 09:00:00,28.98249517851781,34.05899,21.963287,9.201240841019404,21.59974,4.673958,2.1527697446007554,3.0263982,1.0717742
2017-04-18 09:00:00,26.822392214626177,32.909332,19.326324,34.63603666103252,66.0664,14.699209,2.430407533414277,3.8424172,1.2856846
2017-04-19 09:00:00,27.493101139863256,34.183258,19.218414,34.943046269672294,59.439983,19.277554,2.822477074068714,3.9978695,1.558092
2017-04-20 09:00:00,26.578134566753477,31.668365,20.057037,15.335910801716974,30.173872,4.0605907,2.0946726561000264,3.4239066,1.3591324
2017-04-21 09:00:00,29.234326110690063,33.560455,21.890533,13.191887907923162,17.632343,9.625781,1.9958368796212291,4.011008,0.059062075
2017-04-22 09:00:00,30.266029536610006,32.986237,26.005768,15.872072507911263,20.258516,14.022218,1.67028228393826,4.202224,0.19499172
2017-04-23 09:00:00,31.834461742057215,35.811188,26.457672,14.449376927990054,21.615162,9.631565,1.9435915900732839,2.6692991,1.1224818
2017-04-24 09:00:00,29.438405135767198,36.292633,21.544586,14.450650508755453,34.43266,-0.5556221,3.258433712981659,4.87534,1.8364285
2017-04-25 09:00:00,24.84252063733794,32.626373,16.479889,48.49782951790411,89.3375,26.228622,3.773721179314164,5.1891975,1.8427261
2017-04-26 09:00:00,25.92859037573686,30.656158,20.544098,22.964970376702684,34.40505,16.276052,2.0991657147064577,3.8332672,0.9810853
2017-04-27 09:00:00,27.898875690265868,33.471344,20.91861,32.410026689459755,51.757904,19.094551,2.267453743986869,3.3667164,1.3969142
2017-04-28 09:00:00,27.32968700579005,32.50772,20.2128,26.27066973679153,46.993584,12.630415,2.8053889270052563,5.0588884,0.42105293
2017-04-29 09:00:00,24.776787091652068,28.90982,19.435211,11.262511945315108,15.903509,6.3735647,3.8680843129652542,6.0395536,1.3541619
2017-04-30 09:00:00,26.527792651207108,29.525055,22.073883,11.919710655298175,14.977211,8.666708,1.4150721455571518,3.246088,0.10439202
2017-05-01 09:00:00,29.44062648287303,33.082428,24.865387,11.598560314389658,14.129632,8.993291,1.3285271035706316,2.0840473,0.42027876
2017-05-02 09:00:00,31.73568345043543,36.042145,26.237457,15.84053598458401,21.937897,10.68399,1.315002764476125,2.3846622,0.49613237
2017-05-03 09:00:00,33.32944045363263,38.06778,26.794342,15.524612557997395,23.17838,11.468281,1.1755735231468627,2.0102317,0.44475505
2017-05-04 09:00:00,34.15925001977257,39.2106,27.243805,18.37692734522458,24.108492,15.823336,0.9104032882348468,2.014572,0.22810106
2017-05-05 09:00:00,34.09198875399642,40.235016,24.873688,16.611840764741263,27.10736,10.646424,1.474892369436084,2.0489082,0.633353
2017-05-06 09:00:00,31.94053693943789,40.180573,21.436432,18.948015324826397,38.91114,10.293951,3.2275825324406013,5.267674,2.0406964
2017-05-07 09:00:00,20.891399621140238,30.184723,11.163239,48.92731528667193,95.216995,8.597168,3.885328422889157,6.590128,2.0750046
2017-05-08 09:00:00,19.291692572988097,22.854645,14.67691,34.83805774793232,48.660923,23.40311,1.2149895659435859,2.6718314,0.122905254
2017-05-09 09:00:00,23.277259782832573,27.425446,18.021149,32.06492107782574,47.99064,19.997448,1.6167456480383193,3.148722,0.2568962
2017-05-10 09:00:00,18.811051567036316,20.737701,15.026764,71.4213810362297,97.70294,39.529713,1.3435302752941793,2.5080256,0.09222805
2017-05-11 09:00:00,24.02472322457237,26.442047,20.410797,37.16745667724394,51.47642,26.36314,1.471154224083067,1.9887199,0.7523606
2017-05-12 09:00:00,28.454910066087223,32.6044,21.926666,18.942624803919536,36.33474,11.452345,1.7488959737358167,2.6430027,0.9320889
2017-05-13 09:00:00,28.73090216198807,35.45352,20.098053,19.622214411723398,51.786846,6.3415194,2.346492844464184,3.290439,1.5527714
2017-05-14 09:00:00,26.671217482777422,32.658356,19.670074,23.39219367455757,51.38745,4.1037664,1.8982648593673948,2.8948095,0.96637726
2017-05-15 09:00:00,25.398337330428603,32.38614,16.989655,19.13430800466123,65.9117,-0.7353077,3.4040739440519006,4.4644794,2.3335772
2017-05-16 09:00:00,19.540824056134625,25.693268,12.989899,48.25535303620567,96.73657,19.491297,3.336608040361633,4.5548477,1.9435334
2017-05-17 09:00:00,21.78347138443155,27.75113,14.022614,49.88215178570934,84.443474,27.849506,3.0331965723768834,4.349817,1.8201622
2017-05-18 09:00:00,24.47225402575947,29.45816,17.942535,21.390943957826014,26.946457,14.894644,1.9300210049985476,2.775113,0.62244326
2017-05-19 09:00:00,26.76049219496042,29.615387,20.70523,17.526447488223916,24.608646,12.47872,2.4432088947779698,5.5197244,0.30200934
2017-05-20 09:00:00,29.511664109949095,32.517242,24.556305,16.736964042293366,19.569103,13.830925,1.238941218314854,2.7439458,0.1748519
2017-05-21 09:00:00,32.730606012246426,36.529205,27.890533,15.87897324732961,19.735537,12.370822,0.9595592744449771,1.9094886,0.3093507
2017-05-22 09:00:00,34.57833313041925,39.950836,27.306305,12.482128453450532,17.064756,9.313156,1.0542329118727118,1.6054102,0.39424425
2017-05-23 09:00:00,35.6258779884526,40.872467,28.538483,13.5422176796616,18.010899,10.10465,0.8698690100938685,1.8091433,0.17331205
2017-05-24 09:00:00,35.437090969853216,41.697174,26.61905,9.29602748003452,17.711416,3.9848537,1.9146426712548996,2.8734987,1.2933377
2017-05-25 09:00:00,34.05538520519542,41.34268,24.377838,7.824743654241878,25.539167,-0.0627594,3.571312905482878,5.5391083,2.0159705
2017-05-26 09:00:00,28.66460714595013,37.2399,18.704742,25.73964374664408,72.34532,3.772356,3.4379547776780766,4.788384,2.1776955
2017-05-27 09:00:00,27.93127618525159,34.486237,19.603424,21.965786198080934,50.05078,5.301632,2.181700207274428,3.0976522,1.4053625
2017-05-28 09:00:00,30.754799159695665,36.072174,22.009918,12.322152417429649,20.653807,-0.13058853,0.9857870327930803,1.7680959,0.11420244
2017-05-29 09:00:00,33.37762880460667,39.45401,24.045807,13.044278109480416,24.84068,7.8897543,1.1222246450054054,2.0014825,0.11883722
2017-05-30 09:00:00,33.18052554096113,39.90103,22.914703,13.970198551059768,32.235023,3.055523,1.399742288027708,2.8501477,0.29137507
2017-05-31 09:00:00,32.168579762565514,38.582428,21.557037,18.22141733507047,55.24357,5.5404425,2.143312710790572,3.7742298,0.84678185
2017-06-01 09:00:00,28.748405130908623,35.457672,18.943024,28.21566034927045,52.552456,9.493765,1.8811809885159703,3.6935453,0.54555804
2017-06-02 09:00:00,30.71517874418805,35.03775,24.6044,26.086482526900717,33.81108,16.768473,0.9279926942092247,2.0744877,0.06385398
2017-06-03 09:00:00,33.479482445918734,38.007965,26.347809,14.52160310285573,22.369785,8.52999,1.3496973460009527,2.3637292,0.5964782
2017-06-04 09:00:00,35.3305693892961,41.564606,25.89273,16.303958962568142,23.160229,12.257885,1.7337437904658113,3.0808485,0.34145984
2017-06-05 09:00:00,35.466268486484694,41.83609,25.65445,18.49537060460192,24.071407,13.633906,1.874338815177794,3.318781,0.4574234
2017-06-06 09:00:00,35.22420935970291,41.402985,24.832672,14.928037507106302,25.380325,5.1847954,1.9769998183517443,3.3971093,0.67785215
2017-06-07 09:00:00,33.32850644667718,40.06778,21.106842,13.97349298185433,32.337906,1.597949,2.1277631994413126,3.695448,0.8454768
2017-06-08 09:00:00,32.831864697548156,39.36441,22.598785,14.286091469405449,26.763386,2.9977617,2.2742023111070315,3.6734853,1.0461469
2017-06-09 09:00:00,32.838148444625574,40.028717,23.679108,12.230870866259519,27.79417,2.5090141,2.4497738665732864,3.623214,1.3507305
2017-06-10 09:00:00,32.0385839475033,39.32242,23.855621,25.98559271475302,59.56656,8.582186,3.3139125581568876,4.921012,1.9876143
2017-06-11 09:00:00,29.063550904088686,36.82657,18.986725,25.86762595805943,67.1887,11.282482,3.4681265827881758,4.8213525,2.0900383
2017-06-12 09:00:00,25.81455418171197,33.775543,17.535065,29.823046959603456,76.96329,3.0900602,2.8388018846720304,3.5784426,2.0126333
2017-06-13 09:00:00,27.261288727544752,31.355621,22.443512,20.69578201623864,29.628145,11.412918,1.4348972695818234,2.5542424,0.7894948
2017-06-14 09:00:00,31.7350335882756,35.785553,26.828522,14.918336920851493,23.567938,10.787605,0.8718229281939266,1.5084388,0.020933066
2017-06-15 09:00:00,35.30066416009612,39.797516,28.647125,10.226476428328137,13.856453,6.0011187,1.0343623445426136,1.4717437,0.38832992
2017-06-16 09:00:00,37.764123381849345,42.93936,30.787018,8.750082658417703,12.976927,5.164427,1.1480328785789677,1.9675344,0.5469838
2017-06-17 09:00:00,38.59931824742614,43.62271,31.558258,10.116924957728218,15.036624,4.974124,1.3954662846199597,2.6252563,0.66765356
2017-06-18 09:00:00,38.77991879172862,43.953278,30.73648,8.879491617439912,14.359728,2.3763113,1.4600496584861917,2.3910728,0.8134997
2017-06-19 09:00:00,40.160516858973835,46.3627,30.196686,8.451781999150473,15.836229,0.7443485,1.3253380369264114,2.6516635,0.34525722
2017-06-20 09:00:00,41.67574698395333,47.995758,31.726227,8.93417181433727,11.50761,3.863762,1.510376420354674,2.587159,0.7878146
2017-06-21 09:00:00,42.59173636650519,49.117096,33.091705,6.79269919741315,10.534237,4.0402155,1.7923566389071164,2.7834556,0.98230565
2017-06-22 09:00:00,40.92494141066442,47.284576,31.364655,8.371585537457783,13.81121,3.8124046,1.8129452948850198,3.3899868,0.6692052
2017-06-23 09:00:00,39.78948435006936,45.51358,27.67569,9.667391995239266,17.325386,3.4345455,1.9752658269700567,3.871815,0.9352931
2017-06-24 09:00:00,39.428495724914285,45.920807,26.69522,10.61654016509146,18.134247,3.816327,1.5821624368189497,2.6642423,1.0271283
2017-06-25 09:00:00,41.20404653527197,48.069977,31.32071,9.572407555337385,14.205312,4.353565,1.985912131944275,2.9500258,0.53305835
2017-06-26 09:00:00,42.643957168268855,48.208893,33.328033,8.904810552680233,11.332091,6.4307404,2.3989491225615356,3.5909598,1.1242676
2017-06-27 09:00:00,39.54894916569498,45.605377,31.85733,7.1860291118477555,10.111168,4.7166367,3.1138572039078682,4.6511846,1.3260554
2017-06-28 09:00:00,38.81359567011941,45.173004,30.924957,5.28847659095775,13.572284,1.7367859,2.640197408843857,4.022097,1.6622803
2017-06-29 09:00:00,36.50574865021906,43.075348,25.95816,10.043721930054225,27.376493,4.425049,2.046891804681669,3.0545707,1.5179436
2017-06-30 09:00:00,35.86981416380161,41.56021,25.323883,13.949239570069414,25.970299,7.642173,1.654974539919071,2.778887,0.93507344
2017-07-01 09:00:00,36.647263581289394,42.482574,26.377106,13.40239866090103,23.56604,1.3158426,1.4180562079555623,2.2981904,0.74219066
2017-07-02 09:00:00,36.11741573734338,42.9523,25.30777,10.84877464644203,23.541779,3.3230286,2.474104659357481,4.284256,0.9458041
2017-07-03 09:00:00,36.37279156088999,41.5856,27.60904,8.593415314049697,16.55762,1.4148474,2.031101847592513,3.8361356,0.44375366
2017-07-04 09:00:00,38.195292314085464,42.904205,31.804596,7.2533082424813,10.384578,4.5761395,1.5168250996856552,2.3414314,0.84628665
2017-07-05 09:00:00,38.78031650754707,44.338043,31.386871,12.628244189768646,19.37054,7.9132566,1.7847440371746512,3.0836444,0.78660107
2017-07-06 09:00:00,39.03259671576035,44.934235,31.244781,15.362933663966198,23.595348,11.469684,1.7381474248504787,2.9846828,0.6053971
2017-07-07 09:00:00,41.0992145739375,46.308258,32.260406,14.129844442469231,18.105328,10.67564,1.405164640275422,2.2655118,0.6732511
2017-07-08 09:00:00,41.67152896011345,48.69742,33.73648,11.10539838849699,17.212105,7.3579025,1.8225473981160643,3.5242686,1.0315726
2017-07-09 09:00:00,38.392717594643955,42.71939,32.96158,23.994387721429728,34.61628,13.50532,1.5896552945154134,3.302689,0.2439144
2017-07-10 09:00:00,35.18695241489638,40.044098,28.57315,29.657870246514456,43.171524,21.409323,1.8701060184341138,3.5924397,0.75521976
2017-07-11 09:00:00,36.44356146154689,42.79947,27.955719,29.961886436067783,48.42284,18.606434,2.5975369428362782,4.177946,1.4269345
2017-07-12 09:00:00,37.58329555001666,42.996735,29.50064,30.463132308840766,52.465492,13.241451,2.630391913105253,3.954924,1.5297105
2017-07-13 09:00:00,37.568739515483,43.788727,29.607086,24.958128941836335,40.16864,17.859596,2.3492211020658704,4.2411613,1.4213812
2017-07-14 09:00:00,38.12341029450994,43.599762,30.632965,22.780225437912314,31.184792,15.339547,2.0857648783309686,3.6471522,1.0899311
2017-07-15 09:00:00,38.81086905039189,44.215973,30.37613,20.47874430703525,24.844452,16.11789,1.8330182647281994,4.135025,0.51726377
2017-07-16 09:00:00,38.414553929209774,43.615387,29.638824,20.67946012884893,29.803713,11.181944,2.7245904847392124,4.96803,0.6622258
2017-07-17 09:00:00,37.6896100177504,42.425446,28.60318,31.707843257379068,47.579258,15.61605,2.2638475595317598,3.8099084,0.5969143
2017-07-18 09:00:00,35.34664220649796,39.630768,28.236237,40.28759097907179,51.09817,28.469265,2.395654530779242,3.5286472,1.0860022
2017-07-19 09:00:00,36.51285344932472,42.46646,28.845367,47.716051957824874,56.97,37.384804,1.2489241823693022,2.5985186,0.17207013
2017-07-20 09:00:00,34.32050554769887,38.00235,28.961334,33.60762104508324,45.68466,8.417613,1.8778298895759022,2.593471,0.52882916
2017-07-21 09:00:00,36.91019462152093,41.44522,29.974518,20.950811110546304,42.912712,-1.485858,2.3539623573951447,4.098158,0.6047896
2017-07-22 09:00:00,37.075791298896036,42.10025,29.639313,18.957697895289645,39.553143,1.5031481,1.750299241120233,3.6244214,0.4114289
2017-07-23 09:00:00,37.8441659647562,43.319733,29.679108,28.760100126047046,39.583088,15.074215,2.512249039269395,4.935399,0.7850029
2017-07-24 09:00:00,37.545296960171584,42.20108,29.662018,38.25476339176183,50.82075,19.230492,2.1255841301716445,3.1613014,0.8958245
2017-07-25 09:00:00,30.31897518087402,34.238678,24.824615,58.42150322039635,69.57901,36.665,1.6633361925388117,2.6187878,0.4315667
2017-07-26 09:00:00,32.75702397590521,38.435944,27.338287,39.78533549277195,54.58435,23.139036,1.0189588594378884,1.9985912,0.33148867
2017-07-27 09:00:00,36.17820884193219,42.881744,28.24405,25.47800829000937,34.01654,9.996073,1.3320111223799702,1.9730332,0.70351404
2017-07-28 09:00:00,38.164298911148876,44.330475,30.115631,15.74124470522016,24.311188,9.518219,2.0796729434154297,4.213911,0.79916465
2017-07-29 09:00:00,35.166590620018724,40.66104,26.89737,31.275244412330505,46.863136,11.82738,2.0517984871167356,3.6420233,0.60336155
2017-07-30 09:00:00,36.696683917204325,42.289215,27.166168,28.009511074580576,48.154972,6.5298796,1.9910610690049573,2.9211192,0.86256
2017-07-31 09:00:00,37.59763367308352,42.757233,28.68692,20.61320470058543,27.453924,11.516424,1.2099659856844491,2.0073211,0.20485334
2017-08-01 09:00:00,38.05209293600592,43.068512,30.170074,22.833645644427822,28.120512,14.502643,1.352912476645987,2.3687305,0.43848464
2017-08-02 09:00:00,35.658944291457544,40.770172,27.534088,41.650240374154244,52.00228,29.745918,0.7385031353633981,2.2966104,0.12057196
2017-08-03 09:00:00,34.68451845078482,39.84317,28.757233,50.79619483173553,59.451733,35.70564,0.7304013592263925,1.8792084,0.07329543
2017-08-04 09:00:00,33.429192684505324,39.530426,27.170563,54.49768193220312,66.12957,40.75789,1.1748065839992676,1.9607729,0.62221676
2017-08-05 09:00:00,33.81040759581589,39.829987,27.259674,28.553290990377754,44.29287,19.10577,2.1752517689480415,3.7396333,1.4213933
2017-08-06 09:00:00,35.46168262191014,42.015778,27.224762,32.81805768942357,49.53707,24.913582,2.0863711413683723,3.3330145,1.3620392
2017-08-07 09:00:00,35.426286006108,41.513092,27.653717,27.117029611740904,48.870148,16.862337,1.6926482594094592,2.544028,1.1237189
2017-08-08 09:00:00,36.25870024512335,41.836823,29.190582,19.976035208258182,27.064636,11.763681,1.4226620988394636,2.305181,0.5231013
2017-08-09 09:00:00,37.14172293372968,42.78946,29.855865,18.5214452881894,25.574047,9.56623,1.5447451846366438,2.3756607,0.57678473
2017-08-10 09:00:00,37.264139778072604,43.517487,29.470612,20.03045404677812,30.422323,9.367636,1.7147436678815038,3.0375082,0.5049488
2017-08-11 09:00:00,36.60386825305892,41.527985,30.035797,23.942521208810273,34.79287,14.110666,1.9987625921186767,3.3871813,0.6971332
2017-08-12 09:00:00,36.14948034335299,41.204742,30.556305,25.410228018823748,37.069115,9.177601,1.648202473250779,2.5937495,0.43403038
2017-08-13 09:00:00,37.10421826048412,40.97818,29.810211,27.787250778790316,46.346905,6.175029,2.1924693731345033,3.3890731,0.93397284
2017-08-14 09:00:00,36.98327573473006,42.075836,29.429352,10.458287854938822,28.241333,0.5166698,2.5346249356441475,3.8708758,1.4872322
2017-08-15 09:00:00,34.1536003445936,40.83438,26.254303,13.14485905601284,36.076927,2.3264427,3.1108086460743736,5.084559,1.9378304
2017-08-16 09:00:00,31.12129529065163,37.410553,22.738678,18.356488115677312,40.039806,2.492548,2.0879205940013206,3.056658,1.0525044
2017-08-17 09:00:00,32.616847833596694,38.082672,25.604156,22.43445092566645,31.879143,16.101799,1.2958084652605757,2.1255326,0.4146171
2017-08-18 09:00:00,34.41820864660377,40.002594,26.666656,24.562030279171903,37.878796,17.986786,1.0585432787415112,2.0034225,0.44940254
2017-08-19 09:00:00,35.35067152448016,41.347565,26.841705,22.561457127172964,36.960224,13.741475,1.3179126919388784,2.3136978,0.42205808
2017-08-20 09:00:00,34.44742285330824,40.639313,26.215485,17.90968439760805,26.97844,13.499773,1.8019328889766097,2.8414853,0.61435586
2017-08-21 09:00:00,34.39420821013289,40.418854,26.336823,22.129855288443277,30.980104,13.141912,1.3086450969858816,2.0048008,0.46065676
2017-08-22 09:00:00,33.99799245552737,38.505524,27.495758,22.155214920983255,30.798141,12.186851,0.9707167705062475,1.8709354,0.25044575
2017-08-23 09:00:00,35.847072538611485,42.103424,27.24405,22.289794956673514,32.531937,9.169881,1.2136007264035709,2.0956674,0.44810763
2017-08-24 09:00:00,33.548713711374546,39.958893,24.960846,29.384155818516373,45.20601,21.43481,1.400035048147515,2.2751966,0.59327114
2017-08-25 09:00:00,34.19053647502864,39.87735,24.66446,27.30565064947996,38.142456,16.608427,0.9579353145094177,1.6616247,0.07194223
2017-08-26 09:00:00,36.76308318722249,42.41275,28.629303,16.002865197278144,23.144552,7.4499645,0.9345244152902107,1.4894041,0.3479881
2017-08-27 09:00:00,39.38299629771234,45.251617,31.835602,11.708894832260839,19.38136,7.132477,0.9179632527295637,1.4710243,0.2496574
2017-08-28 09:00:00,40.16403086386316,44.239655,32.354645,13.989960692265488,19.509998,6.2101784,1.0312659515862186,2.6324737,0.09447443
2017-08-29 09:00:00,40.1198800410819,45.271637,34.22281,12.970164946583823,21.559174,8.136319,0.8059086306675505,2.0052466,0.06962702
2017-08-30 09:00:00,40.10280039505926,44.67569,33.70108,16.255451749221713,21.140835,11.705724,0.802570542185093,1.2018617,0.21777868
2017-08-31 09:00:00,40.20730132911194,44.524567,33.65738,19.891776521065907,23.124018,14.655268,1.1039278016908598,2.1524122,0.29239887
2017-09-01 09:00:00,38.506538289448656,43.628326,32.16739,19.0981924967715,24.995068,12.577256,1.223568713758066,2.0662897,0.23492137
2017-09-02 09:00:00,40.54371197898013,43.86734,34.646637,16.418188572903137,19.60961,13.66975,1.5907823822261504,2.791253,0.34275556
2017-09-03 09:00:00,36.17730240458343,40.933258,29.107086,47.6714150849437,63.26306,33.118782,2.36528747500149,3.68586,0.68219376
2017-09-04 09:00:00,31.17367951488677,35.97232,26.761871,48.851633834640005,73.46878,32.710625,1.9179745681203697,3.293253,0.8447612
2017-09-05 09:00:00,33.77570684445266,39.80948,26.104889,28.444035729896946,55.633392,13.300409,1.349406981726251,2.1929672,0.26881903
2017-09-06 09:00:00,36.90239886037085,43.027985,28.705719,19.75590678290613,32.09264,13.402009,1.3228583429681573,2.424654,0.35669377
2017-09-07 09:00:00,36.0908470970017,42.75064,27.72818,16.800636734673258,22.165134,8.227633,1.5803575095576046,2.6588802,0.55698824
2017-09-08 09:00:00,34.49998418875009,39.25528,28.288483,25.642553618204584,35.431984,11.163912,1.494596593091029,2.4046829,0.8850799
2017-09-09 09:00:00,30.141219298639953,33.31436,26.05655,45.042532822093484,67.91593,19.192417,1.437477520230178,2.4294083,0.4315953
2017-09-10 09:00:00,30.141268860612115,32.88614,26.466217,48.891369704257414,63.26253,34.0675,1.0190161791839767,2.1259387,0.025033649
2017-09-11 09:00:00,34.09443023255676,37.91397,29.574127,32.41155572087764,49.424973,20.17651,0.6311029388025895,1.4510745,0.06986812
2017-09-12 09:00:00,35.73622892432729,39.94229,29.764557,26.493076506547766,46.828476,17.535507,1.219436931292581,1.838086,0.63719285
2017-09-13 09:00:00,35.66809134820221,41.392242,28.620758,30.221634238787754,53.09364,15.066298,1.8067918130759326,2.9350877,1.17695
2017-09-14 09:00:00,33.54003493705426,40.480133,25.167633,26.570766023766154,67.82528,7.3868027,2.853931102405907,3.781851,1.8688781
2017-09-15 09:00:00,28.0298432881051,34.669586,20.167633,41.73993835265531,79.673416,19.627167,2.2656927571122667,3.4201376,1.153902
2017-09-16 09:00:00,28.580873273637565,34.497467,21.720856,40.001899677778425,61.74144,26.435669,1.5914963465172853,2.5266304,0.6005558
2017-09-17 09:00:00,29.531941809419607,35.193268,23.574127,37.37067889035642,66.65203,18.746464,1.4655879209714038,2.158817,0.688507
2017-09-18 09:00:00,29.689938239910305,35.291656,23.277985,27.423918455970927,50.090443,14.328725,1.2946618527638525,2.2729988,0.4866882
2017-09-19 09:00:00,30.53525848031029,36.321198,23.9169,19.784190732943088,45.67351,9.551183,2.3537531846842796,3.4133437,1.111825
2017-09-20 09:00:00,29.59175769864504,35.92935,21.308258,29.229518661173113,67.702614,11.00484,2.137911573697426,3.1278338,1.3536341
2017-09-21 09:00:00,29.06055130844021,35.391266,20.674469,38.95953710944625,84.14389,17.182957,3.133146022326776,4.4389253,2.037257
2017-09-22 09:00:00,24.19660120104885,31.765533,15.597565,35.867063566393085,73.799324,14.99073,2.751553342227454,3.922661,1.4025606
2017-09-23 09:00:00,23.70362135642796,28.185455,17.341705,40.016351021183304,82.4085,19.656261,1.8541169173364,2.9034169,0.7481095
2017-09-24 09:00:00,25.169817416887668,29.07608,18.160065,18.91025372499649,27.357777,11.678056,2.1480381981421393,4.4930983,0.1856176
2017-09-25 09:00:00,25.75737413759373,28.683502,20.214752,17.129810219042948,20.787254,10.208153,2.5299260234262477,4.9691586,0.5355411
2017-09-26 09:00:00,28.294756327920993,31.640778,22.90445,17.37001658066822,20.51568,13.269587,1.8713689933601148,3.4300184,0.1403496
2017-09-27 09:00:00,28.660242642380183,32.038727,22.489899,18.86691518233232,22.005116,15.78826,1.53221328868687,2.5893981,0.106307074
2017-09-28 09:00:00,30.04340164931284,33.061676,24.544098,17.577861832002178,19.481834,14.255273,1.1989168921753353,2.1788976,0.18618017
2017-09-29 09:00:00,32.08540041209369,35.620026,26.125885,17.840061930797734,21.964552,13.745802,1.361455801658484,2.7542193,0.11240079
2017-09-30 09:00:00,32.23611864032006,36.09488,26.331207,16.183475998736085,22.003065,12.272995,1.02599707588372,1.7243216,0.56933
2017-10-01 09:00:00,31.10218850470517,36.82437,23.572418,17.921939263936533,31.778564,11.649659,1.886719855971888,2.6170676,1.1818814
2017-10-02 09:00:00,29.754811983572267,35.484283,22.35147,26.54465770972372,59.895416,10.125227,1.6896597804135396,2.6774461,0.99889
2017-10-03 09:00:00,27.004841560540456,31.663727,21.068024,34.81196162574203,69.05057,15.322624,1.1316204899037652,1.9018294,0.47723958
2017-10-04 09:00:00,26.950340553119702,32.85611,20.39981,11.405150269154085,24.61245,1.9819174,1.1713785397518834,1.8828924,0.41276613
2017-10-05 09:00:00,28.629654325384195,32.58316,24.411285,9.657985812133909,15.123313,0.9084692,1.1915035578372557,2.5049307,0.12713082
2017-10-06 09:00:00,30.75591800425434,34.056305,25.778961,8.60841229422973,11.079666,2.1891537,1.676159178786816,3.4213772,0.12927955
2017-10-07 09:00:00,31.894309830071506,34.761627,26.75772,9.15753739580008,12.369878,7.0335665,2.0906046036672854,4.3771076,0.30115068
2017-10-08 09:00:00,33.41541923086544,36.068024,28.657867,7.322976587620574,10.821941,5.3821096,1.0932055680820827,1.8468481,0.40724248
2017-10-09 09:00:00,29.849764564586962,35.019684,23.076324,12.726234547658617,18.976566,6.0306215,1.9792956301122238,3.2076511,0.4089146
2017-10-10 09:00:00,24.400718794170757,28.065582,19.953033,10.00998784032384,13.990593,6.8616867,2.6086463050887354,4.0779366,1.2057842
2017-10-11 09:00:00,27.231756102346196,30.884186,22.341217,13.292428125305898,16.476686,9.953249,0.6127334126105213,1.2966135,0.050221127
2017-10-12 09:00:00,28.510550663330775,33.29117,22.324371,15.650493408948677,32.580433,8.066186,1.023412028370559,1.5098252,0.27768028
2017-10-13 09:00:00,28.2022462433157,32.67105,22.799957,16.758410423754626,25.269245,7.497816,0.9181189682714892,1.934557,0.100252695
2017-10-14 09:00:00,28.88954913428006,33.27237,23.350494,11.991618614361089,17.052948,7.9631033,1.2373663598978912,2.4901042,0.13184159
2017-10-15 09:00:00,30.002512453642282,33.750153,23.861969,7.911657620219629,10.83663,5.0788174,2.7388160609095995,4.843375,1.1390913
2017-10-16 09:00:00,30.596859234324484,33.824615,25.660553,9.734186668914209,13.442732,7.9897385,1.73873266169909,3.550914,0.41895133
2017-10-17 09:00:00,32.208481041136,34.80606,27.21231,9.202649065461705,12.323556,6.8548064,1.4234198989069635,3.167442,0.103353776
2017-10-18 09:00:00,32.44853544991952,35.649323,27.483307,11.491252519186098,20.44635,6.5439878,0.8676653147637924,1.5909137,0.054421365
2017-10-19 09:00:00,31.064517315529883,35.84073,23.920807,21.196811665336387,39.391846,8.431982,1.396672894037012,2.1662223,0.5929342
2017-10-20 09:00:00,28.494344812682073,34.490875,20.520172,30.269819879738726,68.202515,12.952514,2.604525759023886,3.76998,1.2383146
2017-10-21 09:00:00,23.347578557434588,29.295563,17.981354,24.182754433723357,38.65509,17.627361,2.334227616200401,4.422237,0.4203428
2017-10-22 09:00:00,25.943443895322048,28.508698,22.457672,13.205131941819705,17.308561,9.284788,2.296038774953717,4.2457795,0.4897446
2017-10-23 09:00:00,31.03859030573534,34.319733,27.179596,9.847649107501175,13.667307,5.6023026,2.3421737348998684,3.890357,0.8215679
2017-10-24 09:00:00,34.053781644599155,37.057037,27.9711,13.090836335780319,16.8293,8.149611,3.15102596001967,5.515973,1.0154085
2017-10-25 09:00:00,33.03988723186552,36.027496,26.672028,13.043933948139662,14.829558,10.865581,2.2208878466342243,3.5607693,0.9503208
2017-10-26 09:00:00,32.1297001324279,34.75113,27.397614,13.996733164140176,15.712364,12.108802,0.7077456416186596,1.4793693,0.2281303
2017-10-27 09:00:00,32.00174543698563,34.839752,26.66983,11.91228786959541,14.066489,9.935193,1.5229596562018737,3.463682,0.3183371
2017-10-28 09:00:00,30.76926424743459,33.69986,26.223297,12.915754970515277,15.980094,7.020407,1.6655362732174197,3.664647,0.07755866
2017-10-29 09:00:00,30.47974923408856,33.716705,25.818268,16.292953748337656,18.847187,11.56203,0.9184409117026135,1.8281051,0.12113671
2017-10-30 09:00:00,28.329025601027865,32.875885,22.036041,19.975386962729615,32.138214,10.466339,1.6455621357836692,2.3768148,0.7880541
2017-10-31 09:00:00,23.887658665228855,29.500397,15.8558655,39.45043803622808,84.037285,12.6585865,2.169369557124553,3.0025754,1.4658805
2017-11-01 09:00:00,22.247852698906,26.498444,17.11026,53.757558761345905,72.65778,37.255444,0.7757993677219914,1.3698701,0.31410718
2017-11-02 09:00:00,22.85942175105231,27.50113,16.942535,57.15398596415697,91.922554,33.27489,1.8873585566681939,2.532323,0.6395121
2017-11-03 09:00:00,20.774543667174783,26.037262,15.426178,42.81087040135535,76.209946,23.545908,1.6538585729352977,2.5101604,0.46533343
2017-11-04 09:00:00,20.87219442174029,24.718903,15.847809,38.880628825501745,58.276997,22.688139,1.1840426857913078,1.8376676,0.39053923
2017-11-05 09:00:00,21.839632262842372,26.605408,14.857361,52.8813703544461,80.65523,39.68452,2.0730325483866716,3.140413,1.1460335
2017-11-06 09:00:00,22.30637897104583,26.750885,17.028473,39.35730732694621,51.521225,32.438065,1.689709351049752,2.5868914,0.7607495
2017-11-07 09:00:00,22.684610144176872,27.055267,15.680267,53.863892650679645,65.92212,47.636967,1.1597523516641157,2.1176257,0.37966365
2017-11-08 09:00:00,22.279230096880895,24.852203,17.794342,50.433373591890046,63.45874,36.194107,0.8277188624660026,1.7852471,0.07117099
2017-11-09 09:00:00,23.00142932825463,26.158234,17.914093,30.657948297932883,49.713745,13.858917,1.0018675248209534,1.764148,0.14656621
2017-11-10 09:00:00,23.613744164148727,28.081726,17.105164,18.66185080703426,36.82213,9.191179,1.101933537215309,2.4807928,0.14713141
2017-11-11 09:00:00,22.997914087487004,27.434174,17.614166,9.562575566533228,24.467361,4.3892355,0.945746763741213,1.8379003,0.2703493
2017-11-12 09:00:00,24.065391622630955,27.74405,19.20108,9.402700471556667,14.856602,-0.002415657,0.7949455261778909,1.6858904,0.03948119
2017-11-13 09:00:00,22.68230417120958,26.494781,17.640533,8.88200093361627,11.519772,5.134968,0.867398198184009,1.7710843,0.0565151
2017-11-14 09:00:00,24.37344049619844,27.164948,19.39737,10.522837703477883,19.68322,6.985283,0.8399326384281258,1.640688,0.15978254
2017-11-15 09:00:00,25.092612617601162,27.9711,19.701569,16.890693619488356,22.26746,9.348421,0.9018960597264114,1.9294037,0.061136454
2017-11-16 09:00:00,23.90770599554702,26.042633,19.657867,21.270133714977902,35.068275,15.021401,0.6457946539923778,1.6040109,0.05046992
2017-11-17 09:00:00,25.609361003063555,29.828278,18.750153,36.72538828424968,49.756187,26.880495,1.7205770371683664,2.7302506,0.81780905
2017-11-18 09:00:00,22.089942579629508,25.798828,15.488281,38.41668507387912,55.410038,25.153728,1.542627255124703,3.3669553,0.03548385
2017-11-19 09:00:00,20.546152822470106,23.908356,16.332672,9.243680035112646,14.318446,5.34214,2.2450126854230428,4.263826,0.6419173
2017-11-20 09:00:00,21.828586495238255,24.878082,17.837067,6.277154321956174,8.77164,3.805028,1.3111615435878148,2.80497,0.082286574
2017-11-21 09:00:00,22.79348030391384,25.269562,20.61966,12.791966412614086,19.897568,5.639756,1.7072603125259858,3.067353,0.43045416
2017-11-22 09:00:00,27.30064471501845,30.47583,23.226715,22.289931139587942,26.026485,19.762596,1.943206238036084,3.1435516,0.50058424
2017-11-23 09:00:00,29.361554733799892,33.287262,24.700836,21.179322085757523,22.840897,18.712986,1.4423481135450154,2.3347242,0.453481
2017-11-24 09:00:00,29.798349707086118,31.862701,25.620514,17.816230564226373,19.91295,14.946288,0.8135802016598604,1.6698573,0.13980182
2017-11-25 09:00:00,28.039173884814033,30.05191,23.86441,20.135756305240136,22.323528,15.025295,0.8025882290329265,1.7869887,0.028762663
2017-11-26 09:00:00,26.246516170187306,28.792633,22.32779,11.176871443155033,14.177394,5.8843145,0.5936810292498753,1.1786153,0.113034
2017-11-27 09:00:00,25.596703036939118,29.13565,20.70987,10.560787934685989,14.780407,7.4288445,1.5452461244750715,2.7735043,0.60233873
2017-11-28 09:00:00,19.169144116616224,23.339447,12.991608,17.570320211680855,29.690351,7.679965,2.220509793614316,4.241812,0.3881816
2017-11-29 09:00:00,19.207335021648362,21.89981,14.224762,16.6200023078534,23.003187,12.779987,1.3859141583067798,2.193065,0.19937095
2017-11-30 09:00:00,20.4179627553537,23.030426,15.661285,16.994897756913854,24.100193,12.085803,1.2329878160108718,2.0951965,0.101649836
2017-12-01 09:00:00,20.68147724839133,23.240631,16.929596,21.159368596125336,27.152077,15.863015,0.9885872648164334,2.0217178,0.074450836
2017-12-02 09:00:00,23.096736065096536,25.690582,18.635895,27.997531159013125,32.554134,23.772884,0.5658633508788394,1.3045026,0.06444075
2017-12-03 09:00:00,23.07094846091644,25.758942,18.288239,27.32750792071546,35.188446,17.543917,1.0372560701161646,1.8350695,0.3369575
2017-12-04 09:00:00,21.92444149850178,26.329498,15.290436,15.095527222821788,28.270004,7.260066,1.8045419967459275,3.6599855,0.22589529
2017-12-05 09:00:00,15.258572140684237,19.478424,8.716705,14.875163075077566,19.534798,8.995302,3.900897787326423,6.175468,1.9036224
2017-12-06 09:00:00,15.724383298627913,18.657257,12.581085,18.09834589350096,29.28376,9.156604,3.261049063282364,5.7307663,1.2129735
2017-12-07 09:00:00,18.730823734295427,22.11856,13.345551,7.699841996168915,10.420641,3.924262,3.4901523428924595,6.3662734,1.3997334
2017-12-08 09:00:00,18.741583341093474,22.207672,15.101196,14.781796625072285,17.49686,11.593411,2.6632449977543025,4.4759974,0.9810459
2017-12-09 09:00:00,20.295560077708785,23.052856,15.597504,11.41616556753367,13.392412,9.212725,1.882508112089464,3.0894601,0.5918572
2017-12-10 09:00:00,20.220960106377504,24.620728,15.980103,10.272235924886314,13.007958,5.2829084,2.56618949455766,3.7142582,1.0702187
2017-12-11 09:00:00,20.93313050029758,24.18518,17.138367,10.335446003371171,12.096278,9.111903,2.216670448408599,3.4539936,0.77281594
2017-12-12 09:00:00,22.13008727751003,25.447174,17.109772,5.389656140300348,6.860197,3.9656658,1.8324529458799095,3.1500704,0.3780818
2017-12-13 09:00:00,22.5420887988206,25.622986,17.896698,6.508642715636528,8.414172,4.429797,1.541970813359854,2.4960575,0.13966751
2017-12-14 09:00:00,23.69063841921013,25.577087,19.082947,6.2575800967911555,9.760642,3.7436275,1.6856522365749542,3.5932133,0.14194396
2017-12-15 09:00:00,21.586462107259138,24.639313,17.155304,8.332560979370008,11.616881,4.5895376,2.3886168364817473,4.5042915,0.66419226
2017-12-16 09:00:00,21.28336458154115,23.838104,17.836151,6.4444748702905965,9.770639,2.997202,0.7781660333650467,1.5707982,0.07296077
2017-12-17 09:00:00,16.599696185919925,19.320526,11.492401,25.167859305920455,35.07203,16.333626,2.805105467674441,4.6469193,1.6673698
2017-12-18 09:00:00,16.30515948884471,19.512299,11.270569,24.25474037919751,27.215446,19.388206,2.3451495355526433,4.5242224,0.61375564
2017-12-19 09:00:00,17.173781798285745,19.231476,12.448273,19.808803208599414,23.089207,16.762623,0.7933040932380284,1.660366,0.0867745
2017-12-20 09:00:00,17.802312590371514,19.483307,14.14151,21.592220994351326,26.333733,17.515823,1.3754128278158884,2.1830997,0.3860168
2017-12-21 09:00:00,16.381171230435484,20.999664,8.939117,19.057643120999437,38.441906,6.6997185,2.1624915623687024,3.7346954,0.4863443
2017-12-22 09:00:00,11.6664057789107,14.864105,8.326477,11.368108538496674,17.620094,7.6812,2.2934107062938605,4.0149007,0.6216529
2017-12-23 09:00:00,14.10292171820197,17.643097,10.099579,6.826685134113289,9.979557,4.553776,1.075845326268432,1.852077,0.1232089
2017-12-24 09:00:00,15.294345195716062,18.33789,13.068359,6.371872090165381,9.766638,4.52903,1.2922058690601543,2.4025733,0.17781994
2017-12-25 09:00:00,18.81153458113016,22.378693,16.33377,2.931222309603892,6.77514,0.5250771,0.7574778870007576,1.2815177,0.026881017
2017-12-26 09:00:00,18.411127795466314,19.980011,15.1596985,6.834000098262483,16.693325,2.771451,0.8118248357642119,1.5112507,0.051226765
2017-12-27 09:00:00,19.210924850823233,20.869354,16.181854,14.064028932597223,22.231834,8.977929,1.1720091521071798,1.9994515,0.27131823
2017-12-28 09:00:00,21.517719632419414,24.69632,18.844757,12.46015496674888,16.58918,8.371128,1.254300037143091,2.3030322,0.017552119
2017-12-29 09:00:00,23.31684015084994,27.019897,19.125366,9.760977938275342,11.435602,7.3110104,1.4039004436401836,2.30905,0.16053638
2017-12-30 09:00:00,24.75564724153935,27.331879,21.993988,9.13924344092031,10.400931,7.1013613,0.923820504188005,1.990195,0.0753318
2017-12-31 09:00:00,21.789619198551463,23.655548,17.720001,10.416497572186058,13.036244,6.9499855,0.7677205848678822,1.3140523,0.13383785
2018-01-01 09:00:00,20.82714811672986,22.79837,16.792511,12.773254674189374,16.189945,9.273683,0.8611560743810774,1.7343652,0.1322846
2018-01-02 09:00:00,20.71330210741496,23.202728,16.749847,8.776931903276312,11.228369,6.372116,1.4566553637503894,2.7641346,0.29819041
2018-01-03 09:00:00,22.786886802229276,25.855774,17.722961,15.493434298418864,17.887432,11.735625,1.8180013963055828,3.16308,0.70303243
2018-01-04 09:00:00,20.26101339016742,24.006165,16.42804,16.563895215433902,18.947845,13.506315,0.8558553348342856,2.0185843,0.038105007
2018-01-05 09:00:00,22.299268699463653,24.112152,17.955902,34.24640888830339,49.6712,23.788387,0.7206950723604519,1.2836772,0.24433084
2018-01-06 09:00:00,22.469817993243225,25.08136,18.08136,22.851742895495033,30.166882,11.997331,0.5664272048475688,1.2008862,0.046855852
2018-01-07 09:00:00,21.343093119393814,25.144318,15.71463,44.10536719493306,57.715256,33.578537,1.0012405450802162,1.8934985,0.06193789
2018-01-08 09:00:00,20.948566784411526,23.898773,16.260101,41.78815988128284,54.620117,29.149643,1.0438316857825105,1.8132604,0.12086174
2018-01-09 09:00:00,17.596139430209803,22.867645,10.859833,65.61215919139097,84.2706,48.59436,1.1090945459833297,2.4138339,0.29044408
2018-01-10 09:00:00,13.146266105758968,17.606842,7.9170837,65.70650231053816,90.02127,44.178604,1.921148893813569,2.7955947,0.85197234
2018-01-11 09:00:00,16.767017264881872,20.298157,13.263824,30.77811461099352,42.984085,15.841146,1.0950091229677186,2.2245283,0.02126481
2018-01-12 09:00:00,19.941656793803816,22.228668,16.672974,23.828471059708853,33.88824,10.525918,0.7594255224826121,1.5060107,0.12535268
2018-01-13 09:00:00,21.043144169947254,23.348175,17.047394,14.413955017815853,24.435974,8.93988,2.0798653093708004,3.2159922,0.53216517
2018-01-14 09:00:00,23.582959727617833,26.722687,18.197296,16.100171378605346,22.536516,10.15253,2.224871666631786,3.5275106,0.6901144
2018-01-15 09:00:00,22.970837382188108,25.735687,18.114594,16.386599609581662,21.24194,10.216488,1.1348500740392513,2.2329419,0.0572618
2018-01-16 09:00:00,21.870000580642113,24.697113,16.964691,20.647928105381148,25.797153,13.895561,0.9271342462421512,2.2589731,0.14141521
2018-01-17 09:00:00,21.33920365809712,23.41092,17.416779,24.68709074610379,28.995201,17.977877,1.0553795888836226,1.9354577,0.30996653
2018-01-18 09:00:00,22.892727935610765,24.480621,18.982574,26.90057708134438,30.486946,23.596321,1.0180394318030748,1.8040054,0.20348871
2018-01-19 09:00:00,21.733577557734236,24.191193,18.699005,29.8295985180309,33.449493,27.433868,1.2725353293778385,1.973583,0.21322924
2018-01-20 09:00:00,19.269152060673434,24.660187,11.78714,50.99791266459495,80.489204,26.081182,2.6395626314466027,4.7048736,0.59653145
2018-01-21 09:00:00,12.834965810466826,16.16623,6.27417,27.78974252668124,43.393288,18.643288,2.1608409998115197,3.8681715,0.23483732
2018-01-22 09:00:00,14.573560957335758,17.18332,9.691132,15.838956128920312,23.467903,10.366918,1.6603020564331754,3.2076356,0.24103738
2018-01-23 09:00:00,16.64719493966595,19.06311,12.303345,20.976839261612763,26.526722,15.780629,2.172812270551561,3.9363208,0.6931215
2018-01-24 09:00:00,19.86606700325558,22.788727,14.474274,12.357511099949456,16.538853,5.4311247,1.867774439822389,3.0841882,0.505868
2018-01-25 09:00:00,20.472495914635317,22.917938,16.02536,9.589762334084591,14.690224,5.688038,1.0499837275720838,1.9313126,0.05423675
2018-01-26 09:00:00,16.67135610969882,22.402863,8.672394,27.726557670938455,56.44645,14.64567,1.9035516584142174,3.5979722,0.511911
2018-01-27 09:00:00,17.13788504981318,20.206085,11.391632,9.230836860740935,12.815345,4.1200323,2.2736902100797183,4.0229216,0.5523237
2018-01-28 09:00:00,20.092512681369158,23.31778,16.778717,10.367577775567172,15.016686,5.85653,3.222330771238127,5.4652495,1.3413996
2018-01-29 09:00:00,24.2480375095372,27.802948,18.146454,13.430528443016321,18.42231,7.719743,2.8627005856729144,4.318213,0.9715204
2018-01-30 09:00:00,24.845771350064126,28.789185,18.982544,12.696553573096779,16.580675,7.953183,1.9272783696437283,2.8238056,0.6809658
2018-01-31 09:00:00,24.06133177203941,26.284332,18.899567,10.677494614432655,13.673778,8.670515,0.80544649644307,1.5517443,0.19886126
2018-02-01 09:00:00,24.885237337118554,26.578094,21.621063,13.63989430065218,16.02145,11.14388,0.833064985285714,1.6485072,0.12839721
2018-02-02 09:00:00,24.432960306393113,26.28424,20.747131,15.27529834174698,19.051758,10.138509,0.7419205491755291,1.4646497,0.20264444
2018-02-03 09:00:00,26.004595394916635,28.844452,22.088593,16.6217232632609,18.676182,14.575288,0.9196448939694682,1.8006192,0.020763008
2018-02-04 09:00:00,26.43923586280772,28.664856,22.057434,17.586752770446033,24.20821,12.091023,1.5566619298987288,2.9903054,0.09349049
2018-02-05 09:00:00,26.63746927390588,28.734467,22.4122,18.32406944903647,21.17694,13.2259445,1.1594042358343484,2.2592947,0.23738562
2018-02-06 09:00:00,25.417844839157397,28.003204,20.645782,18.71594080799498,21.886286,13.546441,0.9114885869574378,1.7746781,0.26788402
2018-02-07 09:00:00,25.016436668956487,27.911774,20.06607,14.137689301534236,17.635468,8.108264,2.4573787204354836,4.405579,0.7068566
2018-02-08 09:00:00,23.072417417924328,26.842499,18.067108,9.356747983917252,14.742071,6.394415,1.9856265932033978,3.335597,0.54489434
2018-02-09 09:00:00,26.387525383457728,28.899231,21.93634,14.883912409908808,18.216318,10.914581,1.2169866130246785,2.480397,0.097961746
2018-02-10 09:00:00,25.36873850014041,28.38852,20.51352,13.918192735736671,18.28762,11.041527,1.6712442604838982,2.6438706,0.41217762
2018-02-11 09:00:00,21.619862624898417,26.325348,14.419098,7.155329082797258,11.4783125,2.7556562,2.6185882871378525,5.1307864,0.26710573
2018-02-12 09:00:00,18.871032264896087,21.164673,15.590454,19.176612390360365,44.362625,6.63997,2.603567345243232,3.4802575,1.0691605
2018-02-13 09:00:00,15.696586068562965,20.99524,7.9830627,58.202955461819684,76.05157,36.7036,1.6743903350929277,2.5172968,0.76717615
2018-02-14 09:00:00,16.84197618003691,20.648499,11.437561,56.89902898929921,68.331406,45.725933,1.0251390631462296,1.6563567,0.11002964
2018-02-15 09:00:00,17.43317205340645,20.174713,11.781647,62.86355056003425,71.855804,50.253708,0.9782444286529834,1.8612694,0.0876881
2018-02-16 09:00:00,19.128588412603847,22.360016,12.926422,26.130978050601527,46.33386,16.13927,2.2741448002389806,3.8274581,0.58970314
2018-02-17 09:00:00,19.78811416067265,22.428192,15.811005,13.6305100021956,28.096039,8.156336,1.2907152198489404,2.5448194,0.07919486
2018-02-18 09:00:00,21.257911319051914,23.175568,17.87088,15.15616330530637,27.510807,10.462403,1.6849295482781521,2.61174,0.64544374
2018-02-19 09:00:00,20.04476682043196,25.50589,12.535187,37.04058529560646,61.84791,21.030605,4.101474240992422,6.550957,2.3309374
2018-02-20 09:00:00,11.30419513040033,16.4263,3.066925,21.44748787029526,33.759922,13.523953,2.3333375622176,4.016866,0.81371206
2018-02-21 09:00:00,12.05524929468254,15.036224,6.704193,20.42653142779713,37.540268,14.043695,0.7811116082855845,1.5046078,0.16182946
2018-02-22 09:00:00,11.835261453411988,15.7187195,4.9237976,36.700305738301395,67.143776,18.428928,1.4051150146795972,2.2776315,0.72443557
2018-02-23 09:00:00,12.994284831095626,18.37265,4.839447,55.819824061707116,81.61349,28.277054,2.901386807248287,5.123216,1.8714421
2018-02-24 09:00:00,11.56585038375573,15.383453,4.860504,16.66943329609297,21.852676,9.715959,2.3942744144383346,4.7346125,0.37115481
2018-02-25 09:00:00,13.951824246514832,16.111969,8.6315,17.467323658894315,23.560083,12.691716,0.7633481073542768,1.5485667,0.07071608
2018-02-26 09:00:00,15.932193317958252,19.810944,11.285553,21.54991837033067,27.75869,16.019573,0.5097302835429283,0.92072284,0.08725794
2018-02-27 09:00:00,16.718065837909933,20.998932,10.11026,31.579433102219642,53.941936,20.55849,2.7069054386865807,3.9029503,1.4626125
2018-02-28 09:00:00,11.302850795190466,14.967926,5.4322815,47.997944705096685,74.3154,33.176407,1.9417267948699202,3.2106123,0.5673344
2018-03-01 09:00:00,15.273756808296923,18.591217,8.491608,39.67407651755452,47.14864,22.670681,1.7560997561132243,2.377331,1.0248277
2018-03-02 09:00:00,16.723503569867603,21.142242,10.179352,38.5205394635695,76.51148,22.077465,1.994509068131713,2.920404,0.7977087
2018-03-03 09:00:00,17.871764769032097,23.89029,9.374664,57.40751441477305,95.93402,27.617119,2.9935271136757824,4.2741375,1.7439004
2018-03-04 09:00:00,15.217506558862283,22.225006,6.144928,49.063567559352435,70.12711,19.8068,2.7619083694063953,4.3685884,1.1210989
2018-03-05 09:00:00,16.087037449517823,18.799225,10.379791,19.857084677308094,23.736893,13.944803,2.839817873925201,4.5934706,1.2870297
2018-03-06 09:00:00,18.745865517500306,21.447906,13.636627,10.184581609913279,12.9289,6.464545,2.7027809477974802,4.1660156,1.2864125
2018-03-07 09:00:00,21.782726223276995,25.066803,15.924225,8.000745965578199,14.045851,4.9833508,1.3424657964028737,2.6744964,0.060383577
2018-03-08 09:00:00,21.2829849395456,24.33023,16.230621,8.307924898056529,12.569725,5.4056625,1.1895742903507993,2.4351597,0.35088778
2018-03-09 09:00:00,24.055521906963293,27.757233,19.038483,17.28421028461961,35.58274,9.47727,1.1129393205527902,1.9354059,0.6660216
2018-03-10 09:00:00,24.10033270251654,29.363922,16.79361,41.5374701112475,65.08771,29.950985,2.10154956743318,3.379949,1.064099
2018-03-11 09:00:00,17.596634420530734,21.867584,12.111725,85.80179365244867,98.17285,74.430664,0.942238323019586,2.209712,0.15787876
2018-03-12 09:00:00,21.49038418111286,25.446198,15.97818,52.3774324953727,67.27227,40.38272,0.9303769738416405,1.965959,0.0931232
2018-03-13 09:00:00,24.767767900408217,28.468903,19.797028,42.243010200598754,50.137226,35.023735,1.1131466482285635,1.5312461,0.61576515
2018-03-14 09:00:00,23.847902614068687,29.095123,16.40567,50.78223444972594,88.98756,23.846935,3.006389407182061,4.567772,1.7881119
2018-03-15 09:00:00,18.27002339690614,25.264557,9.786041,55.38602621323512,84.0071,28.199108,3.8128851123001484,6.6462502,1.9488146
2018-03-16 09:00:00,17.640129757493696,22.90982,10.232086,33.70022081616194,68.419914,12.252382,2.2310578756277337,3.0678315,1.1501178
2018-03-17 09:00:00,16.53624632708585,21.933014,8.261139,48.57486556542081,88.92603,22.269958,2.899562649627436,4.2209744,1.678398
2018-03-18 09:00:00,15.110366413194924,20.46936,8.55069,40.86274885329337,65.266685,20.799536,2.6693973179651134,4.538133,0.9864911
2018-03-19 09:00:00,17.647621941192597,20.336334,11.959381,20.141652514755613,25.420067,11.830941,1.3114352460338583,2.8444672,0.15740661
2018-03-20 09:00:00,20.794155386765226,23.826324,15.640778,15.232441717476249,23.37823,11.05401,0.7402341830621463,1.6784533,0.05534836
2018-03-21 09:00:00,22.895468426573643,26.691315,17.740143,15.217041409344434,28.751337,5.9974985,0.7755966020684273,1.4676747,0.08632605
2018-03-22 09:00:00,23.587622762349838,29.440582,14.553864,46.5936997563005,72.88747,30.1515,1.8572083116105949,2.853578,0.16415453
2018-03-23 09:00:00,19.809541183813792,25.893219,12.515778,61.60012604879154,97.762,43.162586,2.0436295403397757,3.675158,0.7655863
2018-03-24 09:00:00,22.187661190890026,27.653229,15.067291,18.99402055574022,66.809006,-1.8776989,1.9188659905238137,2.6774526,1.1440265
2018-03-25 09:00:00,19.315474525951515,26.805573,10.5086975,35.29484591967332,79.27359,10.402416,2.9172193150607884,4.1477795,1.9006346
2018-03-26 09:00:00,18.17661608660643,23.75821,10.398834,33.2161735165262,69.69454,15.456258,2.2852365522954186,3.5165913,0.53558564
2018-03-27 09:00:00,18.66226566497835,23.474518,11.810455,16.61718012566541,25.641247,11.336803,3.6505657880812237,6.321799,0.71932113
2018-03-28 09:00:00,21.755331940704707,24.997955,16.81192,15.86100518644555,20.537807,10.267386,2.0970792136707663,3.638818,0.1602981
2018-03-29 09:00:00,25.83103962242683,29.75064,20.09439,20.915389029986475,26.512545,16.016068,1.4629842650264877,2.5414307,0.63611054
2018-03-30 09:00:00,27.578642494708447,31.670319,21.787506,18.454660897748774,22.983538,14.456955,0.7973629497977982,2.0123467,0.19535483
2018-03-31 09:00:00,28.699565719423845,33.023346,23.24405,15.044745104977187,19.216963,8.181433,1.009445389027862,1.4487728,0.35418254
2018-04-01 09:00:00,27.704730352624438,33.373444,20.62735,12.901719538026834,26.62922,5.083023,1.808840434869827,2.7150443,1.1896515
2018-04-02 09:00:00,26.490537409347326,32.318268,18.874908,19.652073695705955,48.043,10.781279,2.0437972514585985,3.1078594,1.157598
2018-04-03 09:00:00,25.32908538449891,31.065338,17.564362,28.14395502698035,48.71167,16.59448,1.618174223251164,2.469568,0.8310726
2018-04-04 09:00:00,25.894893935016512,30.86856,19.53067,21.030425816130307,30.884075,8.938216,0.872054271589034,1.4628074,0.13437197
2018-04-05 09:00:00,27.179368779668835,32.350006,20.330475,17.091530236286218,32.00604,9.198267,1.620619170889406,2.614887,0.9918653
2018-04-06 09:00:00,27.857899859862357,33.548492,20.07193,25.184410948194326,51.848457,16.068657,2.1900840637920935,3.5133727,1.3355864
2018-04-07 09:00:00,27.918084876646617,34.31476,19.75064,46.10664447199438,72.13135,31.5415,2.7513154903861508,4.2933846,1.5241017
2018-04-08 09:00:00,28.90388963423902,36.897614,20.235504,22.323270204843606,58.041542,8.610996,2.845738084805708,4.3148055,1.4453298
2018-04-09 09:00:00,29.623153223418115,33.603912,24.049225,8.676024575634257,11.429142,5.90691,1.9834721359636185,3.9098701,0.26401278
2018-04-10 09:00:00,31.234996128474393,34.44644,25.569489,9.62142200267208,13.439805,7.096055,1.2957917232595577,3.2267942,0.15159446
2018-04-11 09:00:00,32.397670616064886,36.238922,26.166656,10.577197677522822,17.615543,7.7656794,1.947869429356926,2.8734996,1.1656817
2018-04-12 09:00:00,30.6624258717502,37.15518,22.532135,15.579533615865726,36.76341,4.747471,3.9569089603755807,6.060142,2.239659
2018-04-13 09:00:00,22.131722881243206,27.830719,14.469391,13.09755542993153,17.610094,10.102282,3.305501217534163,5.699596,0.57431006
2018-04-14 09:00:00,23.497424731688398,25.939117,18.858551,11.9977841490111,14.478991,8.174298,2.4736082462781024,4.3259454,0.85045385
2018-04-15 09:00:00,26.78999468458187,29.591461,22.786774,10.194996460746829,12.874656,8.012673,0.9889613249397818,1.5813919,0.30951557
2018-04-16 09:00:00,28.151541179257208,32.87564,20.643219,12.458124007634181,22.442865,6.974223,3.197306776698504,4.489171,2.1884336
2018-04-17 09:00:00,20.264440399540945,27.642975,11.663727,27.46633858349008,42.670532,6.8525777,2.7089156975974347,4.252971,1.2509378
2018-04-18 09:00:00,21.334877305200507,24.597565,16.918121,18.34096133800873,25.39605,13.682121,1.2088362024208539,2.131282,0.068679586
2018-04-19 09:00:00,23.235470804020792,28.069489,16.885895,21.561973546326527,45.264973,7.598816,3.1398917538867566,4.6285553,1.9452397
2018-04-20 09:00:00,19.794360579919953,22.878326,16.227448,36.392198838963964,60.091225,21.825714,3.0662149224276907,4.654775,1.2741988
2018-04-21 09:00:00,26.69858398341546,29.400543,21.738922,18.269849235043207,22.182491,12.956597,1.0550879480857744,1.9161861,0.20301737
2018-04-22 09:00:00,28.63058649444224,32.380035,23.879059,15.242953941945636,19.798141,10.252857,1.1370671852964054,1.719719,0.24643856
2018-04-23 09:00:00,30.98472086332191,35.831696,24.439117,15.407033030837264,18.297823,13.221043,1.4772074002983613,2.1283975,0.8004661
2018-04-24 09:00:00,31.65129237543323,36.18448,25.401276,9.572956510754533,13.72725,2.811821,1.3514216786887667,2.2143743,0.56500494
2018-04-25 09:00:00,31.263878713153076,36.696686,23.270905,9.331934502546439,13.353284,5.6102705,1.588570932703028,2.3474286,0.8139955
2018-04-26 09:00:00,31.348109050295307,37.30777,23.55191,13.648229305296626,25.847536,8.106912,1.861436547440333,2.624503,1.4355382
2018-04-27 09:00:00,30.956491648026656,36.922028,22.414215,14.502446638757581,26.639313,6.845311,2.2452627300040704,3.2671835,1.2882781
2018-04-28 09:00:00,29.829459050313744,37.01358,20.41983,9.65397692412976,32.03306,-0.15889645,2.61668234544729,3.6397536,1.5980873
2018-04-29 09:00:00,27.360911401563328,34.75821,18.611725,24.135631457931805,72.043884,4.8219795,2.9917555643539364,4.342743,1.9054387
2018-04-30 09:00:00,24.08247497045545,31.46402,15.462067,40.48023791838067,85.25341,18.49552,3.422951478465373,4.7264314,2.0558107
2018-05-01 09:00:00,20.91762024228842,27.610016,12.38736,51.08115827720628,98.26976,21.513664,3.533763547595469,5.167675,2.2374325
2018-05-02 09:00:00,15.958147536093918,21.841705,8.025299,63.301946588167965,98.13758,38.912678,2.9767796682129983,4.481392,1.5200139
2018-05-03 09:00:00,21.55541282236686,24.474518,18.324127,41.46376443783426,53.336002,26.161114,1.4595960949540225,2.2110832,0.37139523
2018-05-04 09:00:00,27.76552322839865,31.733307,22.20401,20.292884344837038,25.325485,12.337205,0.971606998046852,2.024933,0.04346488
2018-05-05 09:00:00,31.27541478138869,35.476227,25.499664,15.328340648187597,18.635529,12.4305725,0.9179786742918885,1.6691544,0.12196658
2018-05-06 09:00:00,34.06242150891666,39.275055,27.907867,10.742825681563017,14.977391,6.414891,0.7699782515204205,1.4825642,0.23953986
2018-05-07 09:00:00,33.841611749693584,40.380768,26.329987,9.548580683597397,14.1253605,5.851923,1.6299478163818015,2.5963125,0.9099673
2018-05-08 09:00:00,32.90024491648927,38.86978,24.703766,9.53372168101634,19.628536,3.1504536,1.3369944089226804,2.1902983,0.66880566
2018-05-09 09:00:00,34.095043914735925,39.69986,25.340485,11.974135652279328,21.18668,7.3791637,1.3660211570814689,2.522213,0.68754286
2018-05-10 09:00:00,35.16303446931806,40.35977,25.795319,11.965129587626125,24.794165,6.7965317,2.3758215086541514,4.1259837,1.3245552
2018-05-11 09:00:00,32.408385779060154,40.16812,22.927887,17.306162412252085,43.759026,6.485586,3.6126584560768977,5.72313,2.133382
2018-05-12 09:00:00,25.28197130426838,34.325348,15.758942,40.408955060918075,93.8016,9.04769,3.5501941520888662,5.2965574,2.188739
2018-05-13 09:00:00,23.587046713944403,30.50357,14.980133,43.64338207608079,92.78731,22.880104,2.6094522175824078,3.370852,1.6353916
2018-05-14 09:00:00,25.24391443759697,30.57779,18.679352,34.58159939595996,69.219696,14.409753,1.8901581724783352,3.3063521,0.871401
2018-05-15 09:00:00,26.787312296497646,32.544098,19.108551,23.340041211176118,53.796455,4.194895,2.077746018335624,3.1051013,1.1370655
2018-05-16 09:00:00,28.632517896291347,34.241608,21.266998,14.14966715748744,26.857218,1.8962803,2.122534653000786,2.9302506,1.4044492
2018-05-17 09:00:00,30.16375493527346,36.614655,21.66153,14.175337995939564,30.763779,4.277643,2.619276655280658,3.5395436,1.689812
2018-05-18 09:00:00,26.918036210707214,34.114655,17.778717,21.675269752501016,53.649372,4.9071856,2.766899427288572,3.7876744,1.7364151
2018-05-19 09:00:00,28.173891991779556,34.61734,19.320465,31.109393148009826,58.69037,15.205299,2.0811553435573584,2.9782128,1.3972645
2018-05-20 09:00:00,28.369779256742618,34.651276,20.17862,31.630555827194758,58.68097,14.3410225,2.185139766788074,3.723882,1.2981765
2018-05-21 09:00:00,27.65258568229467,34.358795,19.183014,31.19228154331402,60.49372,13.863261,2.8441059422918102,4.1962237,2.0599372
2018-05-22 09:00:00,25.30688743779467,32.50479,16.907135,37.48612756259792,81.913925,18.337132,2.522923733804803,3.9277444,1.6066434
2018-05-23 09:00:00,26.313938593091677,31.815094,18.768219,39.35346271134944,61.022945,19.167477,2.062965220663342,3.3993423,1.1076504
2018-05-24 09:00:00,28.081964617980873,33.22867,21.197418,34.363146746214454,53.984905,16.27665,1.864056262597851,3.1434743,0.72474074
2018-05-25 09:00:00,27.628573911657725,34.68741,18.443268,28.153577217599537,66.79765,10.225221,2.684305510095484,3.6931865,1.8132328
2018-05-26 09:00:00,26.290197561401442,33.5856,17.70279,34.23649643166306,78.60937,13.925774,3.3035914309515344,4.5201764,1.8844769
2018-05-27 09:00:00,24.772878488111246,30.539948,18.325104,40.87786130748217,67.89054,30.534885,2.3825225245525026,3.5931053,1.3490034
2018-05-28 09:00:00,29.03893541912697,33.982574,22.033356,25.667417130901097,41.26164,16.976482,1.4862547954109393,2.285131,0.7640207
2018-05-29 09:00:00,32.97592863588994,38.05899,24.572662,21.743892443809774,38.621407,13.110131,0.8766350285515897,1.7234001,0.13867879
2018-05-30 09:00:00,32.19071620321745,39.221344,21.113922,23.642642163551837,50.54863,6.849412,2.502652664156008,4.229568,1.327899
2018-05-31 09:00:00,30.70196860672104,37.56485,21.191803,31.007580760102854,67.694435,15.456151,2.9648309763629253,4.6617565,1.8188113
2018-06-01 09:00:00,29.25790828640396,35.98404,21.22232,11.540290877377108,27.398556,4.0571136,2.214639818357837,2.897368,1.2703696
2018-06-02 09:00:00,31.397064412956126,36.254303,24.086334,14.892009101959127,26.230492,10.344408,1.0842969749133844,1.7997977,0.5685411
2018-06-03 09:00:00,34.841813571892544,39.551666,26.911041,10.905379600342506,20.818253,5.8148375,0.8144784239608454,1.7418263,0.16040908
2018-06-04 09:00:00,37.88595209797717,43.350494,28.862213,8.971451275164956,12.699376,0.99139404,1.4048153817706606,2.4494605,0.5864836
2018-06-05 09:00:00,36.301484807767224,41.9086,26.310944,11.825096418875965,17.04837,5.6278057,2.3700949991351967,3.9704397,0.87248594
2018-06-06 09:00:00,33.40553955004134,39.487213,23.893463,18.670845745808364,35.24062,8.63956,2.2857110025488128,3.668217,1.2457378
2018-06-07 09:00:00,33.03698343188154,39.00943,24.605133,12.666797366681205,26.499443,4.651787,2.3694831782378305,3.496262,1.2229385
2018-06-08 09:00:00,33.24438851714933,39.14737,25.700348,9.279177237864356,16.406925,6.0397367,1.5538396274791575,2.5318406,0.88019836
2018-06-09 09:00:00,35.32097169890574,40.87735,28.63321,9.93101949053053,19.837843,6.4287376,1.8949334230726,2.8457692,1.1998968
2018-06-10 09:00:00,34.9248869758884,41.443512,26.822418,13.615150247928998,35.55807,5.48776,2.36385429823951,3.2945697,1.5732018
2018-06-11 09:00:00,33.619970912991846,38.832184,26.3107,15.140200364846804,30.188969,10.095551,1.289181900559724,2.0275223,0.47961625
2018-06-12 09:00:00,36.10140226086776,41.37613,29.06363,11.484143191690062,14.348969,8.663241,1.161939217878783,2.1749008,0.24983136
2018-06-13 09:00:00,37.34323767279784,42.729156,29.045563,11.497689960186065,14.233481,7.6873865,1.625644638354263,2.685598,0.48049566
2018-06-14 09:00:00,37.41530090810829,43.180817,29.772614,9.208314328050164,18.732851,4.635195,2.4245111333084286,4.00775,0.9208323
2018-06-15 09:00:00,35.89242163678932,40.914703,28.701813,14.237860658243452,22.943214,9.943213,2.7922318099747385,4.854971,0.9378429
2018-06-16 09:00:00,31.930861952467808,35.240387,26.789215,35.99802323188982,53.29709,12.093965,3.3904966992347174,4.7731934,1.7015584
2018-06-17 09:00:00,28.99720825935367,35.145905,18.860748,30.30900234341403,62.999527,7.3534727,3.281369878034723,4.570784,2.263499
2018-06-18 09:00:00,28.425323796492535,35.6398,20.352203,20.39528893371092,53.898376,2.6444683,2.426995536214165,3.6276522,1.6911291
2018-06-19 09:00:00,31.120120929562972,36.150543,22.77359,18.68265273031684,29.965649,11.87138,1.396777204077909,2.087598,0.82404566
2018-06-20 09:00:00,35.046107592392445,39.772614,25.428864,15.297109954708878,23.602137,9.641199,0.9097982775676333,1.8382806,0.105210654
2018-06-21 09:00:00,37.2319599396227,43.128082,26.733551,13.124560781558433,20.82003,4.2514544,1.799851981847593,3.4557233,0.7547003
2018-06-22 09:00:00,37.390083259908124,42.950836,27.757477,9.543596623683518,17.572906,3.0260305,1.6739636960625537,2.8667996,0.71183044
2018-06-23 09:00:00,39.48646851086721,45.526764,29.202545,7.021281333493287,21.9915,0.7961893,2.07855314763361,4.633057,0.87647873
2018-06-24 09:00:00,35.012067366602025,40.979645,23.178864,13.105668372820622,26.8923,3.7710772,2.353849726469124,4.209242,1.2570822
2018-06-25 09:00:00,35.11952400208793,40.46646,25.134674,10.746122237132036,18.182693,0.89784145,1.7699169233366288,3.0216675,0.87941873
2018-06-26 09:00:00,36.347366109850725,41.263092,27.112701,5.217399859106825,9.41153,-0.17265129,1.7733762562086213,2.9897635,1.1368711
2018-06-27 09:00:00,37.597439468036725,43.110992,28.698883,4.587784390668994,13.994716,0.98923016,1.9478145328890792,3.2648172,1.1186774
2018-06-28 09:00:00,37.00771130550788,42.861725,28.826569,6.79044204831483,17.872507,3.042882,2.639860207021519,4.2457533,1.4709954
2018-06-29 09:00:00,35.40204637275775,42.049225,25.264069,10.873904413335934,25.267195,5.1382885,2.707101138447857,4.512471,1.6342211
2018-06-30 09:00:00,32.83917891540534,38.785797,23.561188,22.37403232844243,41.620525,12.597038,1.8274439694327957,3.2800665,0.9751875
2018-07-01 09:00:00,33.45820670049045,39.292633,23.694977,20.16529027856198,30.076927,14.482795,1.419768407187131,2.2300353,0.5249796
2018-07-02 09:00:00,35.40698074447738,40.934967,26.761139,15.012867072315462,28.936659,2.4113579,1.8681346306776543,2.7343495,0.78157395
2018-07-03 09:00:00,36.2844111457764,42.258698,27.756744,12.204751579385457,31.479984,5.108563,2.311153121217722,3.5385582,1.3617358
2018-07-04 09:00:00,34.722139220790325,41.000153,26.349762,16.349972460240167,30.45317,7.412483,2.2570740512234737,3.5505319,1.1396836
2018-07-05 09:00:00,36.263801118117556,41.267975,29.888336,10.314924381024431,18.395428,3.60246,1.0959678839666818,1.5885075,0.40628704
2018-07-06 09:00:00,40.73465448037763,44.758698,34.46768,8.182893300629623,12.508701,4.1916523,0.8274898391977719,1.3828541,0.033265244
2018-07-07 09:00:00,42.520174590917236,46.278717,37.007233,17.13742184880327,23.52897,13.801241,1.4883341937145285,3.2826343,0.10959741
2018-07-08 09:00:00,39.86831214902338,44.17276,33.34073,23.015022801221527,29.088612,18.52266,2.33145201695776,4.4688015,0.7681896
2018-07-09 09:00:00,38.44187394807483,43.11856,31.233795,26.723736679445125,33.776154,20.447672,1.4531717349581261,2.3320727,0.56712675
2018-07-10 09:00:00,37.2237781174573,41.565094,31.277985,45.873598950728145,63.773167,30.427444,1.2943995880809238,2.3168702,0.055476036
2018-07-11 09:00:00,32.024627267609844,38.67447,26.513092,52.665654450642,63.79079,42.921608,1.1842010822020939,2.4322925,0.33585125
2018-07-12 09:00:00,32.62527088775744,37.012115,25.756256,48.17998383101936,60.842995,37.551632,1.2751210496605132,1.7206577,0.27277324
2018-07-13 09:00:00,33.622220237764054,39.968903,27.137848,45.91692799023373,60.729347,34.83182,0.8890934382031367,1.4560736,0.14729781
2018-07-14 09:00:00,35.183526134410386,41.194977,28.511383,35.794226647291346,45.38896,27.761429,1.3385480444521212,2.0081275,0.2622817
2018-07-15 09:00:00,37.66986893440986,43.484528,30.0607,30.661697893753914,37.64715,25.09246,1.9368409175400123,2.8884528,1.2865493
2018-07-16 09:00:00,37.21281845450585,42.420563,30.445953,28.462474655785602,39.16274,19.647114,1.9000917377006703,3.3761978,0.7171838
2018-07-17 09:00:00,38.04971995160719,43.171295,30.309967,30.020297381150396,39.985023,25.168726,2.6406752227925296,4.7367864,1.0169901
2018-07-18 09:00:00,36.27110432215835,41.050934,29.687653,44.490727010492556,56.13304,33.987377,1.825796736173163,3.9944954,0.4997719
2018-07-19 09:00:00,34.989037239515824,40.05655,28.691803,51.4838015336326,59.28066,37.6349,2.3174567631605143,4.317132,0.865024
2018-07-20 09:00:00,35.62695578440503,41.96866,27.943268,46.313046604500606,69.786804,33.129883,2.2129565642112476,3.9533575,0.66745514
2018-07-21 09:00:00,35.74715423082387,42.042633,26.857086,40.2202093444543,61.93658,22.053326,2.0563780204764623,3.5653245,0.77304274
2018-07-22 09:00:00,34.17401252554265,37.815582,29.381989,41.5162319562976,55.086735,33.15759,1.2269486779928849,1.8024659,0.539446
2018-07-23 09:00:00,38.783071412495076,43.65274,32.330475,24.09704767283722,29.066578,19.308617,1.2454076338725788,1.827148,0.6654995
2018-07-24 09:00:00,41.20276891758135,46.760162,33.190094,16.223023706368252,20.807447,13.238135,1.3588505740702985,2.055563,0.6760077
2018-07-25 09:00:00,41.80196991824067,47.32901,34.37198,14.293693381795192,22.2085,9.866717,1.6406968000372584,3.1963723,0.74533975
2018-07-26 09:00:00,40.02812296399901,45.591217,31.995514,14.579170978945765,20.472439,10.362493,2.1163279178006453,4.1526375,0.9919446
2018-07-27 09:00:00,40.322869020379244,46.4606,31.054352,12.555007205917391,19.207214,8.9970045,1.9091776316504494,3.3789763,0.88272023
2018-07-28 09:00:00,40.70887889178425,45.509674,33.298737,16.064731824321854,26.014996,8.879455,2.5394270063062745,5.122863,0.81040525
2018-07-29 09:00:00,38.00446701851649,42.495514,30.52481,28.557334162137444,40.624283,10.359644,2.4343263808246065,4.541457,0.6994048
2018-07-30 09:00:00,34.93072695015542,38.409576,30.100983,36.92092050894504,45.567722,29.167706,1.9697864934277374,3.6677966,0.6444533
2018-07-31 09:00:00,38.369883198333696,44.029694,31.310211,33.87492425101159,43.93737,22.99042,1.2849166532465317,2.0575597,0.56827074
2018-08-01 09:00:00,37.282937770158696,43.995758,29.729156,34.02126290279702,47.644726,22.623974,1.6839998465335715,3.0974653,0.3481599
2018-08-02 09:00:00,37.84428997280196,42.78824,29.473785,31.067892922393852,46.139107,17.111765,2.545891900188929,4.507597,1.2135161
2018-08-03 09:00:00,35.89200203135357,40.610992,29.880768,33.80083872456302,40.464554,24.018616,1.6251702828629553,2.855677,1.1116126
2018-08-04 09:00:00,38.864314987449916,44.21573,31.051666,23.617818928983198,29.19113,9.666368,2.0426630791322036,2.98825,1.2734421
2018-08-05 09:00:00,39.51650049114761,44.979156,31.32486,10.04116384660617,20.322493,4.4770603,1.8812110242259592,2.8058188,1.2927997
2018-08-06 09:00:00,39.50859296835847,45.298737,32.31241,7.321488728982766,10.6286335,3.932351,1.3393579036710312,2.4489253,0.7509043
2018-08-07 09:00:00,40.90026087554821,45.468903,34.58023,11.022948816831152,20.264986,1.9173298,1.3179112771214383,3.423226,0.6155865
2018-08-08 09:00:00,40.829737718590366,45.319733,35.284576,22.254599398494694,36.859753,6.8870964,2.6772809139750824,5.007087,0.93038577
2018-08-09 09:00:00,37.26420705421833,40.987457,32.13394,32.437112174158045,47.538074,6.8655996,1.7704566816098388,3.5482533,0.5638682
2018-08-10 09:00:00,34.92305217642303,39.819244,28.48941,37.1147473633981,53.610847,21.605156,1.9974479829042575,4.073307,0.34146917
2018-08-11 09:00:00,35.39790943895082,41.48404,28.132477,39.75687024843258,55.24583,31.19505,2.121122045362268,2.9577065,1.4626726
2018-08-12 09:00:00,36.64770457071563,41.87686,28.439362,34.73217831693792,48.856895,22.965588,1.9204134440633038,3.1288118,0.9379965
2018-08-13 09:00:00,35.68909197303907,40.68277,29.202301,30.265314378766593,42.461143,21.019716,2.1470146183122307,3.1188629,1.3492554
2018-08-14 09:00:00,35.652561242267666,40.27945,28.791168,27.64174120936111,40.1601,19.42963,2.1039404206436827,3.5584826,0.81864995
2018-08-15 09:00:00,36.526739276109026,42.803375,28.721344,27.974327624315833,42.75381,20.275234,2.108243714716062,3.79477,1.0010931
2018-08-16 09:00:00,32.74724426608708,36.69693,28.148102,47.23470341374173,59.694042,28.517008,1.8447993968278578,3.4318833,0.52608645
2018-08-17 09:00:00,32.02728945007709,36.77774,27.684723,51.84673040128082,71.9157,44.522766,1.3839559323783193,2.5445323,0.66822076
2018-08-18 09:00:00,34.46869833727868,39.623688,27.254547,40.00958606608758,50.22286,28.033829,1.733876746108611,2.834413,0.8340823
2018-08-19 09:00:00,37.33978960783884,42.339264,29.698883,25.66572196504256,36.266525,18.949062,1.956470274108493,3.4109373,1.1339111
2018-08-20 09:00:00,38.40583656986479,44.582916,30.442291,27.878955508768595,42.697983,19.229233,2.254799548750295,4.505407,0.9048966
2018-08-21 09:00:00,36.172223227296456,41.98697,27.643219,27.1554937446533,41.660774,13.348583,2.5693141027103823,4.9804597,1.2195184
2018-08-22 09:00:00,35.06628661372241,38.358063,29.432281,33.666357390935296,46.57875,23.254532,2.3845514148678593,4.094825,0.8659393
2018-08-23 09:00:00,35.88299729190402,40.427887,28.697418,35.80463980222753,49.323654,25.139889,2.1873348495417915,3.6332707,0.83931476
2018-08-24 09:00:00,36.08634146709426,41.17154,28.280914,23.145595563496244,37.07248,5.830144,2.272785888328086,3.8199072,1.1668857
2018-08-25 09:00:00,35.1069504832916,40.38907,27.38321,19.665099185962873,37.97808,5.8179235,2.1278559633573533,3.5143578,0.99219877
2018-08-26 09:00:00,34.794794968329654,40.791656,28.301422,23.722636461115645,45.059338,4.126239,2.1901411622876115,3.533524,0.7755311
2018-08-27 09:00:00,35.34454589241881,40.787506,27.781647,7.4243330996511485,28.300404,1.9569244,2.5881435694513972,4.029588,1.4354049
2018-08-28 09:00:00,35.57523300858395,41.393463,27.842682,14.417231395698352,29.804352,7.917632,2.4967155900353495,4.0189567,1.4649483
2018-08-29 09:00:00,34.32830725479624,39.916412,27.260162,16.46501838278315,27.837225,9.485662,1.5194978780255055,2.506472,0.5570775
2018-08-30 09:00:00,35.833397556714544,40.715973,29.735504,12.010190911701631,16.591133,4.7378254,1.6799162523379296,2.9805481,0.5917312
2018-08-31 09:00:00,35.83633563875088,40.593414,29.362946,9.33530552621812,14.243382,5.86057,2.0098730625092953,3.5726264,0.7392023
2018-09-01 09:00:00,35.74542877856675,40.969635,28.520416,12.55254766832109,29.612679,6.9759607,1.2875616611664529,2.3877923,0.539849
2018-09-02 09:00:00,34.3860112323423,39.95938,26.287506,22.950756258626257,41.45475,14.301398,1.378408178133691,2.7856896,0.23503461
2018-09-03 09:00:00,33.191662243317865,38.496002,25.60147,36.32546937670442,49.22783,25.39517,1.3641396501785503,2.7955582,0.39528483
2018-09-04 09:00:00,31.763593172416392,37.02774,24.988678,35.16930663843441,46.167034,20.183987,1.1635558208257712,2.09298,0.1197983
2018-09-05 09:00:00,33.24129092028369,38.86905,25.546783,22.794716879324355,38.282936,11.001249,1.1670318343495685,1.9425943,0.32540363
2018-09-06 09:00:00,33.51200690760879,39.284332,25.628082,23.01655839223951,38.89846,8.675805,0.9149252169399921,1.9557903,0.21954103
2018-09-07 09:00:00,35.58579623081852,40.808014,27.234772,21.036715586279882,30.460361,11.093173,0.9840798653695577,1.545337,0.2248272
2018-09-08 09:00:00,37.22300095756606,42.403473,29.921295,14.035821616416799,19.849281,7.9345417,1.1690177864616416,1.9724852,0.14859627
2018-09-09 09:00:00,38.422904869268905,43.624176,31.75113,10.185116698923924,14.338181,6.9636383,1.9182429360618305,3.5450475,0.71914184
2018-09-10 09:00:00,36.98780591005578,42.61734,29.71695,8.1088326838469,13.231849,4.927638,1.9485014777829774,3.5096467,0.9568327
2018-09-11 09:00:00,36.14122179229156,41.667145,28.196442,4.935986985142203,18.103458,-0.10303974,1.8851588691468841,2.9583502,1.1126616
2018-09-12 09:00:00,35.249808950528745,41.03897,27.078033,11.89666018910771,23.954214,7.239371,2.2067466982843738,3.393019,1.1707952
2018-09-13 09:00:00,34.94308962412805,40.7211,27.504303,9.522857004069161,13.912637,6.438966,1.9689438994252946,2.871078,0.88615775
2018-09-14 09:00:00,34.95983462358953,40.16519,27.976227,10.168058158973937,12.391963,7.7493296,0.9958691718969659,1.5132308,0.4041219
2018-09-15 09:00:00,36.603547781907764,42.059723,30.227692,13.539736040909228,16.419525,8.789462,1.6502586600673286,2.3813756,0.37958485
2018-09-16 09:00:00,35.67561554099109,41.987213,28.249908,19.429029285617464,25.643288,15.67658,1.8309109641163945,3.180976,0.5551976
2018-09-17 09:00:00,35.464118622960484,40.63614,28.438873,18.609518099632073,23.347523,11.61697,1.71801642779064,2.6889553,0.78786284
2018-09-18 09:00:00,35.4390523535302,41.202057,28.537994,7.522802424066005,24.355995,2.0836258,1.8412097190812236,3.1379323,0.9415099
2018-09-19 09:00:00,34.78627696061136,39.69229,28.493073,7.5539769654133435,25.276363,-1.0637817,1.5180458740355744,3.6052723,0.51828665
2018-09-20 09:00:00,32.73562289617399,36.39566,27.762848,19.963843493572874,70.48562,1.7158756,1.5428346048369694,2.9252372,0.25063297
2018-09-21 09:00:00,31.95139230736305,36.88028,26.395905,26.646863345334435,47.436123,4.213763,1.1845990430394553,2.1275837,0.38226604
2018-09-22 09:00:00,34.107159853207065,38.54117,28.61148,24.49044690214617,34.305443,16.785938,0.9139291234760539,1.5464399,0.06823158
2018-09-23 09:00:00,35.55274708971308,40.690582,29.49527,25.986942428734874,32.816593,20.875702,1.0444649452524413,1.6295637,0.25980988
2018-09-24 09:00:00,33.93427766939834,39.602448,26.670807,26.097353752835975,36.26752,17.115177,1.5208408064534882,2.603045,0.6902384
2018-09-25 09:00:00,32.21815218256245,38.42398,23.36734,25.768780742517098,35.080727,16.700438,1.2111360473869388,2.792156,0.40826347
2018-09-26 09:00:00,33.06714816142818,38.118073,25.78238,24.854359713662564,30.874775,18.191181,0.671627340137949,2.0639453,0.061114494
2018-09-27 09:00:00,34.54535302354998,39.585114,28.497223,23.495964401636837,34.28722,16.884697,1.1987729934504734,2.2201123,0.42213342
2018-09-28 09:00:00,35.739922776751825,40.117584,30.15274,20.557368777285568,28.140278,11.2982,1.121283452416044,1.6076701,0.13280447
2018-09-29 09:00:00,35.04777432727383,40.600494,27.405182,24.620805272128344,40.227764,16.59217,2.5328627641337715,3.971159,1.1108953
2018-09-30 09:00:00,32.41166925117432,38.235504,24.378082,34.908751231261654,51.409355,24.351128,2.25878320442377,3.461658,0.85107285
2018-10-01 09:00:00,29.318736483275472,33.083893,23.13736,53.52506921755272,69.17279,36.719666,2.0550221873096435,4.2697167,0.31437317
2018-10-02 09:00:00,26.54132694057614,30.83487,21.098785,68.79583225708113,85.11583,49.580677,1.0411927751002503,1.6838665,0.53758276
2018-10-03 09:00:00,27.030786272137618,30.913727,21.054108,60.916818500510736,81.1086,49.18004,1.9895726899886943,2.559461,1.1885463
2018-10-04 09:00:00,26.446078324133055,31.130035,18.83316,60.07086573346444,84.636345,43.94494,1.739460519792653,2.593905,1.084887
2018-10-05 09:00:00,26.302338346535294,30.996735,19.98111,57.592296715654555,79.151085,45.64782,1.604477018447837,2.4016078,0.7807166
2018-10-06 09:00:00,27.653448931961464,32.447174,22.634674,43.75004588700063,57.042374,36.428734,1.444130018519419,1.8655813,0.99007875
2018-10-07 09:00:00,25.22244977289779,31.94693,17.739899,50.85474229434852,72.1739,38.48249,2.5456114864842876,3.8563762,1.0652511
2018-10-08 09:00:00,23.360872731713243,27.720612,17.124908,34.07375054423717,58.240448,19.169909,1.8227817857511919,3.0813653,1.0283066
2018-10-09 09:00:00,25.178490669336497,29.170563,18.971344,24.824845550890107,43.73288,15.290688,1.2880299642775601,2.1749644,0.5687573
2018-10-10 09:00:00,25.77366699785125,30.766998,18.833405,29.25548389633468,42.38314,21.000496,1.9464772669194448,3.3263557,0.6438152
2018-10-11 09:00:00,25.02275526954986,30.174225,18.105865,46.40980654317959,76.07515,29.521563,1.8928963866991815,3.0070157,0.6560996
2018-10-12 09:00:00,24.84239250267251,29.184967,18.845123,50.34793354614403,59.849728,42.79504,1.132195442709226,1.8908021,0.42456275
2018-10-13 09:00:00,25.45022634785704,27.822662,19.223053,58.73006196348617,69.3512,38.999638,0.8416854855844552,1.6351379,0.14014861
2018-10-14 09:00:00,21.04522089497567,24.98648,16.616364,53.165153109964976,68.68596,40.82658,1.2708904352303754,1.8967282,0.088666975
2018-10-15 09:00:00,23.857049175274426,27.513336,18.60318,11.442472639560743,17.807564,5.7285194,3.2469834839202507,6.198408,1.6441308
2018-10-16 09:00:00,21.424452897277206,25.043121,15.08609,11.990352115891765,17.135027,6.994402,3.4630264400141337,5.8900123,1.4655863
2018-10-17 09:00:00,22.83476313543838,25.954254,16.73941,19.858934714588877,42.149467,9.915091,2.2473859826457185,3.7658474,1.043248
2018-10-18 09:00:00,23.785017354318654,26.883453,18.082916,34.40217835442515,43.57116,23.131573,1.7935526830257142,2.9129713,0.7646243
2018-10-19 09:00:00,26.504773552703,29.431305,19.97232,26.32794834087828,30.74702,22.075146,2.438297665617217,3.6456811,1.3152683
2018-10-20 09:00:00,27.459611054548418,30.979889,20.58487,25.546842679051455,34.04249,19.284676,2.0747830169748287,3.255809,0.99221814
2018-10-21 09:00:00,28.371417742057986,33.20987,21.418854,30.06940433792053,39.8195,18.151339,0.9443106105547838,1.8215696,0.116355404
2018-10-22 09:00:00,27.724647424373586,32.982086,21.194977,30.733671116914365,37.319977,23.227398,0.6530622249523655,1.2745136,0.07040366
2018-10-23 09:00:00,25.911642064930277,29.681305,20.419586,35.98693296313301,48.989082,25.78872,1.0567337425082683,2.3626907,0.13695566
2018-10-24 09:00:00,27.442009365724857,31.799225,21.312897,28.647380752958078,37.358616,23.358616,1.330326250718395,2.1480894,0.24008128
2018-10-25 09:00:00,27.860964560342552,31.38736,22.352203,22.539695498330943,27.024395,18.611095,0.898591109082974,1.5337228,0.3894976
2018-10-26 09:00:00,29.216777506705682,32.557526,23.776276,20.60627116183988,24.66422,17.139292,1.1031900714722263,2.505558,0.036838666
2018-10-27 09:00:00,30.19465796786642,33.182526,25.045807,14.79187558244368,17.51441,9.38871,0.8715961330732882,2.0453584,0.04499962
2018-10-28 09:00:00,29.862831628560627,33.089264,25.614655,10.004975109336517,14.438694,6.29375,0.4920259768954393,0.8890975,0.13942032
2018-10-29 09:00:00,29.33567657453915,32.941315,25.027252,9.885271830000022,11.784324,7.0340395,1.1082799415688713,1.729872,0.22501698
2018-10-30 09:00:00,26.628839832920846,30.93277,21.040192,19.669791569642396,27.895882,13.571493,1.152607146169846,1.7311532,0.6785066
2018-10-31 09:00:00,25.49000409369006,29.399323,20.086823,14.326350965577939,18.582108,10.5352335,2.932863573908641,6.1130433,0.6994169
2018-11-01 09:00:00,23.146815171290484,26.43399,18.906403,9.509405904299003,13.304819,5.361203,2.106608707166315,3.9416163,0.710369
2018-11-02 09:00:00,25.455063862987345,28.160065,21.046295,23.895199620023945,27.827236,19.182705,1.9111670385865291,3.6267262,0.35508534
2018-11-03 09:00:00,28.528980308570226,30.363678,24.21524,15.977940478174752,20.088722,11.205526,1.1274446033154286,2.2755694,0.03471091
2018-11-04 09:00:00,28.411763178212425,30.933746,23.839996,16.161689423794463,20.57738,12.006507,1.508619883538355,3.3856194,0.052744508
2018-11-05 09:00:00,25.92220583318374,28.488434,21.650543,18.378363067500594,23.435291,15.513406,0.7771035968328501,1.8095402,0.09049576
2018-11-06 09:00:00,25.832201547075556,29.507965,21.976715,23.4866650127283,33.63558,18.548075,0.5044510363082725,1.5661477,0.060143005
2018-11-07 09:00:00,25.34910606674208,28.713287,21.32071,25.27786040567996,36.89734,17.383469,0.8743794326197326,1.5047417,0.2624998
2018-11-08 09:00:00,24.988806399813143,28.852203,20.115875,22.080995609101254,39.088715,7.2313433,1.0748454865960135,2.2404933,0.17023666
2018-11-09 09:00:00,21.08524025818707,24.639313,14.936188,10.276405174004779,15.212488,5.017006,3.9871459169053427,6.4222145,2.1985734
2018-11-10 09:00:00,21.06249861201985,24.953583,15.02359,11.99145596812609,25.789482,4.128312,1.9618061497439212,3.4416254,0.35800722
2018-11-11 09:00:00,21.674121749294045,24.35611,16.701813,7.839268963102013,10.470415,4.9526353,1.2864150627008983,3.042218,0.17599057
2018-11-12 09:00:00,19.2385806472671,23.164642,13.311127,8.048243479836167,13.268734,2.4154463,3.169907907331041,5.8029428,0.5822446
2018-11-13 09:00:00,17.75103297265099,22.517792,11.634979,10.526522348693986,13.841915,5.0486236,2.807054417848093,4.09683,0.95515054
2018-11-14 09:00:00,17.43415446786429,22.541046,13.457672,10.873459610381966,13.851779,8.590297,2.182469022539178,3.4088485,0.20719741
2018-11-15 09:00:00,20.06617644963478,24.258392,16.02774,14.21750508984566,16.129051,11.519419,1.5778885656193833,2.562742,0.33439082
2018-11-16 09:00:00,21.758464138239276,24.197113,17.218597,15.047365675295849,16.91227,11.732655,0.7193613453540969,1.6138846,0.21628055
2018-11-17 09:00:00,21.668528135169538,23.773346,17.38858,14.916415234900608,18.36745,10.547139,0.5474444042185012,1.1031326,0.12762637
2018-11-18 09:00:00,21.23519311295206,24.142975,16.836334,16.49336361626381,20.857548,11.937208,0.37046922817225914,0.78701234,0.03405061
2018-11-19 09:00:00,21.296927385385118,24.217804,15.938507,20.019743570602586,22.56567,16.609447,1.6650526157619394,2.792261,0.555639
2018-11-20 09:00:00,19.566347398989024,22.604279,14.840332,17.2817809542367,21.151077,13.92741,1.4411610405269895,2.8062198,0.15623598
2018-11-21 09:00:00,21.201638073491324,24.418915,15.963837,19.753244123568283,40.840645,12.7117405,0.7963765601638182,1.8059499,0.13979344
2018-11-22 09:00:00,19.944159436794905,23.651825,14.579559,43.1441499747509,65.78073,29.85886,1.7735939587809404,2.8120842,0.46145484
2018-11-23 09:00:00,18.470515286357454,22.590912,12.902985,47.374133195224964,78.38643,29.416452,1.6693958808314986,2.6870143,0.64817345
2018-11-24 09:00:00,19.163892290716376,22.770905,13.581451,63.08898102573395,78.64111,44.977047,0.9107792176209899,2.1915522,0.12722081
2018-11-25 09:00:00,19.71810117906108,22.73526,13.957916,52.64125342130959,58.85461,43.018673,1.272378211831887,2.505708,0.18903889
2018-11-26 09:00:00,20.16217721899409,22.897736,14.616486,18.007808835182214,24.272982,11.521056,2.315544053656391,4.287679,0.88526547
2018-11-27 09:00:00,20.597478729069508,23.71585,16.721832,15.087247500208557,19.014275,10.097311,1.6049050973011385,3.0517902,0.44996238
2018-11-28 09:00:00,20.633252302165715,22.204254,17.169098,18.2244186889186,25.500973,14.204097,0.7879935437394315,1.8923,0.080470644
2018-11-29 09:00:00,19.269608869014917,23.988922,12.38736,32.3775699524122,72.2268,13.847892,2.4963515793033864,4.054887,1.0802724
2018-11-30 09:00:00,15.024981946025378,20.26651,8.106354,67.70726892925359,90.15003,39.561306,2.873243243316411,5.183227,1.3246716
2018-12-01 09:00:00,16.37415440878374,20.527496,9.076324,66.21126842766098,86.08142,51.522827,1.6846677561298236,2.199193,1.0326619
2018-12-02 09:00:00,15.565107692794754,19.739899,8.35318,47.301574006999296,87.46242,26.212234,2.047881531292649,3.2555592,0.7065056
2018-12-03 09:00:00,14.646973634606809,18.007233,8.358978,26.991968618218156,34.274483,17.594797,1.379431866893501,2.412957,0.30739564
2018-12-04 09:00:00,15.330432073775683,19.231842,9.728516,18.196046508117647,25.021015,12.273801,1.9648470558451328,3.0106597,0.23285161
2018-12-05 09:00:00,14.946289688320633,18.064056,9.073822,20.557283412434312,25.855782,15.235241,1.5531611458171988,2.422434,0.21060729
2018-12-06 09:00:00,11.5294664853256,17.210266,5.7116394,63.5530451971444,96.21217,31.263048,1.4321369006123699,3.4346173,0.10891123
2018-12-07 09:00:00,12.28028783443989,16.034271,7.7533264,89.58295594072769,97.01904,77.104996,1.8626283773295211,3.182454,0.7953971
2018-12-08 09:00:00,14.683671945693504,17.160858,11.3090515,52.56754165045807,68.46798,22.75314,1.570378787409268,2.7008061,0.22250459
2018-12-09 09:00:00,18.027254342325705,20.162872,13.535919,26.81466175633462,39.82214,16.935696,1.4278522488369312,2.3894162,0.38584653
2018-12-10 09:00:00,17.418561966965456,20.533539,12.662445,13.302528306431,23.11377,7.248536,1.3871973185578328,2.2653587,0.33186883
2018-12-11 09:00:00,16.00583285674776,19.081085,11.553131,15.369781425006904,20.620861,4.370194,1.3832436980652323,2.2760544,0.19487406
2018-12-12 09:00:00,17.80843566338433,21.330841,13.24881,22.168283232076856,32.794994,16.287233,1.0840024757593176,1.8634442,0.11791657
2018-12-13 09:00:00,18.819332386576093,21.988342,14.640686,6.6072002137517085,12.456079,2.6125736,1.975112916460958,3.748239,0.5377751
2018-12-14 09:00:00,18.303309304433526,21.282684,13.173309,6.9421270348808015,9.976516,4.5630455,1.6467909519841697,2.6085088,0.3228452
2018-12-15 09:00:00,15.67687227187372,18.859772,12.991852,6.934796061280945,11.504977,4.9612513,1.1721553139316,2.2653306,0.18533967
2018-12-16 09:00:00,19.55289543617863,22.149323,16.662994,10.719771089394976,17.508156,5.2347183,1.1656199599210026,2.1420999,0.22259767
2018-12-17 09:00:00,19.540270376666285,21.713043,14.884918,14.229935482874886,22.666897,9.77613,0.6442662550265426,1.5900716,0.13474843
2018-12-18 09:00:00,16.43116467750434,18.48648,12.263824,35.14952660792271,53.758446,22.42582,0.9135934163424111,1.6777556,0.17725101
2018-12-19 09:00:00,19.377797975475005,20.861725,17.172272,16.23492218150401,21.876644,10.165707,1.5327370744186906,2.9785,0.14037065
2018-12-20 09:00:00,22.172209635718218,24.467194,19.500397,9.473094430384245,11.974837,7.8693686,1.5195106475210094,2.8435612,0.27427545
2018-12-21 09:00:00,22.533869481820204,24.006744,20.645416,6.566216307939566,8.602027,3.9106207,0.6601476155954713,1.2478905,0.18276423
2018-12-22 09:00:00,18.222388867784503,20.17984,16.502106,13.371413002599542,21.52576,10.142947,0.7971829106089351,1.5303966,0.050352972
2018-12-23 09:00:00,19.978944200627154,22.020172,15.451813,26.637386811050316,32.175705,9.554292,1.0485438481802096,2.1346183,0.09988741
2018-12-24 09:00:00,18.949276615660438,20.966217,14.604889,22.768498536692693,32.403072,3.0570679,0.7549170766140918,1.4542518,0.090941936
2018-12-25 09:00:00,19.303291609414373,21.800934,14.806793,38.55728357227627,47.66867,33.227264,1.651698046974335,2.6893501,0.55244565
2018-12-26 09:00:00,14.547388402998138,18.387054,8.8611145,46.59884470607126,68.80813,30.206566,2.3088529320383455,4.2211537,0.18761505
2018-12-27 09:00:00,16.171549678159067,20.036285,10.505035,28.143993164919166,50.56747,17.647377,1.800985062466572,2.7792668,0.34882376
2018-12-28 09:00:00,13.12588631129131,17.047577,5.9167175,29.613595711069202,43.907333,15.822794,3.289769135734655,4.9650445,0.99613994
2018-12-29 09:00:00,10.874029425048434,13.887634,4.6667786,26.984787960443015,32.975197,16.396107,3.0403504098871434,5.5758767,0.9046425
2018-12-30 09:00:00,12.291817481349028,14.496887,9.720184,22.24610539510555,26.795092,15.662279,1.5002991246369812,3.4096625,0.056769077
2018-12-31 09:00:00,14.508145688925424,16.298706,11.2323,31.008429857871942,40.867016,25.75764,1.151265829023039,2.386357,0.19468674
2019-01-01 09:00:00,9.871933921210712,12.65683,4.0767517,23.298116286570497,30.882347,12.981097,2.563717426764143,4.824043,0.3877048
2019-01-02 09:00:00,9.382952966677237,12.579987,5.3907776,17.71368880059742,24.889256,12.03291,2.991205229021049,5.9900374,0.7677126
2019-01-03 09:00:00,12.050812445404006,14.762482,8.6875305,11.4318095879213,17.455513,5.8720627,1.78013756765354,3.269587,0.26954725
2019-01-04 09:00:00,14.282193877278303,18.349945,9.861664,8.83320960097319,13.338936,4.2100296,1.2586113911057106,2.1051946,0.1967845
2019-01-05 09:00:00,15.85868113483599,18.65689,12.60025,7.885991176784919,13.765779,4.325694,0.8263835012587479,1.474223,0.31260088
2019-01-06 09:00:00,10.08501381495563,12.776764,5.8177795,63.67872422931983,75.08576,44.081852,1.19931499950061,1.7643692,0.5525844
2019-01-07 09:00:00,13.061344574849613,16.207367,8.255035,58.185780666083346,93.52684,36.198715,1.5138744285314405,2.5560088,0.4670765
2019-01-08 09:00:00,15.634160058690838,18.54715,11.498322,45.375766114757376,60.142498,33.384686,1.1175259034994887,2.066077,0.18598345
2019-01-09 09:00:00,17.55476195308836,20.392456,13.179565,27.340485447603854,38.322647,18.59999,0.8590490061356412,2.077981,0.029814282
2019-01-10 09:00:00,18.55139012325634,21.699127,14.400299,25.980309661030667,34.75499,17.295364,0.8217015969255236,1.547764,0.049750574
2019-01-11 09:00:00,18.669408262218667,22.259735,13.208954,24.29661827498701,36.88392,5.952422,1.0149405473475053,2.2804756,0.1308983
2019-01-12 09:00:00,17.05951649912282,20.523102,11.390289,35.84283546957345,53.75057,19.16463,1.0425817396277226,2.0406795,0.26234406
2019-01-13 09:00:00,13.421366449405184,18.998383,6.3694763,64.52276953757838,71.83249,50.892014,1.4030435145728863,2.5233521,0.5196033
2019-01-14 09:00:00,14.36180804200319,18.530487,7.7843933,69.01423988572662,79.8982,48.999763,1.0980711570012889,2.9080238,0.19064923
2019-01-15 09:00:00,11.01866135896887,16.905426,4.7486267,80.3625749488195,94.213036,58.77163,0.9795892285040527,2.049522,0.2774887
2019-01-16 09:00:00,12.931837403267878,14.988373,8.476654,85.82952388894192,97.19573,78.838165,1.387312705368557,2.8083658,0.5779978
2019-01-17 09:00:00,15.971361619100605,20.017334,10.956787,81.39732636068844,96.83678,70.27037,1.4581033664717635,2.2575626,0.59058535
2019-01-18 09:00:00,15.307974499647287,19.27591,10.375702,51.94702957059326,86.3437,35.638115,1.6070092862186112,2.7762654,0.2616438
2019-01-19 09:00:00,18.01786340942772,21.225494,13.027313,31.745040919113258,43.506615,16.073019,1.9612672710610761,3.5429688,0.29176176
2019-01-20 09:00:00,20.395047757769134,23.146362,16.222534,31.31982204962165,37.73721,16.842209,1.2130854481325573,2.1401072,0.14025219
2019-01-21 09:00:00,18.635676991090406,20.835297,14.559906,30.691054076556966,40.969498,23.393597,2.1160528803729286,3.2683682,0.5844626
2019-01-22 09:00:00,14.60802802196946,19.827179,7.704132,17.54813833541423,27.88258,9.327891,3.131453802214598,5.418552,0.6830358
2019-01-23 09:00:00,14.210742337137447,16.847076,11.104889,9.065306805367628,14.350307,4.2020607,2.607450643819296,5.362907,0.6169443
2019-01-24 09:00:00,17.704015378624774,19.119537,15.1996155,14.801924801415486,19.445402,10.141891,1.633501233161646,3.0081148,0.3608201
2019-01-25 09:00:00,19.889845064683357,22.543121,14.062653,10.635971992320078,18.411757,4.8594093,2.2302804443474478,4.018746,0.53344
2019-01-26 09:00:00,21.220300613940026,23.538025,16.6474,13.28704640690683,18.838812,4.5809984,2.5203103113740117,5.050829,0.46077862
2019-01-27 09:00:00,21.309883435475115,23.946625,16.136017,15.1321319621428,20.318665,10.6077795,2.105467438713178,4.1114416,0.44408485
2019-01-28 09:00:00,22.83544296391449,24.386078,19.276703,17.17145013475125,19.851818,12.996348,1.205984600995491,2.5187573,0.11839241
2019-01-29 09:00:00,22.34212833447691,25.424042,17.976776,15.463784353690029,20.463682,7.9456987,1.214217839638274,3.1317759,0.049090162
2019-01-30 09:00:00,20.556864920245516,23.152435,16.013763,24.246015602746397,34.801807,15.235402,0.8575984891774496,1.9293216,0.07777696
2019-01-31 09:00:00,19.610605687651002,22.737854,14.171448,33.32483018116519,48.374187,27.908457,0.5274141317730163,1.2919279,0.1756616
2019-02-01 09:00:00,16.310651193409626,22.520233,9.629364,56.565392266300236,74.188126,32.61712,0.5898324060984464,1.0270541,0.07176002
2019-02-02 09:00:00,17.347691947448766,22.849976,11.539429,69.21377456298464,79.86563,55.005096,2.025693649339404,2.9140868,0.9129397
2019-02-03 09:00:00,14.057720850431167,20.209595,6.3970947,64.01221804389533,87.71155,37.1217,2.89796881834947,4.552142,0.9436893
2019-02-04 09:00:00,14.240341977625633,19.841492,6.280945,69.56388610219649,98.063675,45.126053,2.6344678411948004,4.0345755,1.4906826
2019-02-05 09:00:00,13.564057531197818,19.901886,5.745636,72.41387302550979,97.66949,48.067963,3.7140618624397974,5.9728036,1.6883662
2019-02-06 09:00:00,11.64914665947822,18.075836,3.1109924,43.09656489966453,85.10014,22.853191,2.896568027222931,4.718895,1.426011
2019-02-07 09:00:00,10.74880492604268,14.342072,4.0432434,34.270909054587165,48.656075,25.342545,1.239655142254068,2.4295304,0.315331
2019-02-08 09:00:00,12.181392893652685,15.53653,5.218231,24.67218176952945,40.09523,9.249196,1.2500856905849738,2.4381616,0.13003945
2019-02-09 09:00:00,14.003314831251828,17.354279,8.518341,28.135451216543114,45.672085,14.508021,1.0578244821461897,2.1647341,0.12102897
2019-02-10 09:00:00,13.485289933198942,18.310944,5.75235,44.11608119300354,86.33824,18.228977,1.851720352371177,3.0229797,0.83221245
2019-02-11 09:00:00,13.15120594823162,19.128387,4.8382874,27.84712875931975,70.182785,3.0731306,1.8197732255312953,3.4836986,0.19090712
2019-02-12 09:00:00,13.405628190103073,16.10556,8.128998,5.30359856161116,11.049087,1.2404928,1.1304499225483828,2.2026007,0.14577073
2019-02-13 09:00:00,15.733793834905839,18.586823,9.62912,5.08113664122365,8.22806,3.5810785,0.9825478116454929,1.5834757,0.20611495
2019-02-14 09:00:00,14.700322695234888,19.301208,8.554901,74.68106585591643,99.65046,38.503456,1.8140781068938396,3.6438527,0.99674755
2019-02-15 09:00:00,12.620204492872404,17.309814,6.940674,55.86109176858846,96.63861,22.468285,2.321667162311171,3.5445662,0.73505247
2019-02-16 09:00:00,13.72650515782351,18.57248,6.144745,40.879866347258314,85.91951,20.521072,3.138274951509473,4.804915,1.8554645
2019-02-17 09:00:00,13.761952838993864,18.243134,6.717743,44.2380217541214,68.84266,26.050442,2.7965444613177755,4.141822,1.4528434
2019-02-18 09:00:00,10.333044745091627,16.514008,1.4864197,51.04443220366488,77.65066,36.20144,2.269446284578216,3.714546,0.6212983
2019-02-19 09:00:00,10.559745167432084,15.17215,1.670044,31.70739952366096,45.765648,20.570335,2.5060825616885958,4.235203,0.24945883
2019-02-20 09:00:00,11.18304481034329,14.6892395,2.4255676,31.402774581866478,47.494244,23.71569,1.3228864680696433,2.2644784,0.45799503
2019-02-21 09:00:00,9.721492853821815,15.654877,1.6216736,66.67712395968258,90.42508,36.22213,2.3761326129196214,5.3605075,0.9557478
2019-02-22 09:00:00,8.093845229459305,11.123169,1.5665283,49.02236879238866,70.45976,33.537888,1.7458917344146987,3.109876,0.25968647
2019-02-23 09:00:00,11.553012503033187,15.373657,3.5142822,24.591149905608926,36.240387,16.354614,1.3292310894539863,2.3539853,0.079625405
2019-02-24 09:00:00,13.396592001396243,16.585297,5.6126404,23.910222053550278,33.702976,15.0037565,0.7977073653496843,1.9207802,0.17494926
2019-02-25 09:00:00,16.280346942733047,18.326843,10.850281,27.787899391553324,39.443363,18.089886,0.5726834355209781,1.1465712,0.14313571
2019-02-26 09:00:00,18.533104780371502,21.43399,12.717194,21.97043098398095,32.81411,14.360058,0.9760457287513211,1.8268311,0.40919638
2019-02-27 09:00:00,18.659694026394618,22.92984,12.498199,20.22801104859756,30.829401,11.063776,1.223673352876237,1.8190728,0.31544355
2019-02-28 09:00:00,20.728705239270766,26.061127,12.705658,41.78943971102007,66.4429,24.7515,1.6022994417524523,2.8168051,0.6769372
2019-03-01 09:00:00,22.012976011567048,27.753296,14.473999,28.852758785935322,58.302223,14.798319,1.4786325708379888,2.760624,0.5337881
2019-03-02 09:00:00,21.791297705502245,28.714447,13.325775,32.76333927150535,63.085484,15.02667,2.5389584058953685,4.503738,1.156202
2019-03-03 09:00:00,18.907064836370694,26.012115,10.078522,59.27703524397539,99.568756,34.431694,3.0505245255265847,5.2812037,1.4898007
2019-03-04 09:00:00,19.27163859076404,26.114899,11.726349,32.81541634021464,73.281715,11.05261,2.2039105248540856,3.1930728,1.2826017
2019-03-05 09:00:00,20.591721880368823,24.505188,15.045563,18.497648500223214,30.163948,3.9990704,0.5139189869824985,1.0982682,0.13582398
2019-03-06 09:00:00,20.964907503704296,27.27951,13.431854,28.883683544409507,47.504883,16.211912,2.349965883321159,3.4814956,1.0519906
2019-03-07 09:00:00,18.932627578091058,26.797577,9.695557,70.77548591476926,92.35268,41.80554,2.83441265924474,4.7531543,1.5404589
2019-03-08 09:00:00,17.87758521657969,24.074371,9.539215,53.95420147789219,88.854324,23.182451,3.6759945935155423,5.7516413,2.2427263
2019-03-09 09:00:00,14.394892633170741,20.360748,6.4361877,46.174963360563716,79.04628,23.271769,2.269087259801891,3.2079191,1.0304397
2019-03-10 09:00:00,15.457896878520785,19.52887,8.817932,47.23029298184913,76.63051,26.161123,1.404988118640661,2.2733479,0.42861772
2019-03-11 09:00:00,14.281291889315867,18.736237,7.038971,46.53370676954519,53.608055,37.725777,0.47683435718791645,0.87581027,0.040588837
2019-03-12 09:00:00,15.542153929729068,19.300446,8.333649,53.38418724352118,66.64066,42.953167,1.407808572117209,2.1382592,0.2436129
2019-03-13 09:00:00,16.491125824671713,20.225739,10.881989,47.53208705291525,82.796776,17.477365,2.702056235760533,4.4487863,0.8397958
2019-03-14 09:00:00,16.48646915697111,20.123932,10.248932,22.653606939940715,27.92172,16.010475,2.634735230275427,5.1765623,0.9110337
2019-03-15 09:00:00,17.00199523052038,20.115143,10.99942,21.961227054220643,29.890434,13.541454,3.3419557564125673,5.703978,1.7259904
2019-03-16 09:00:00,20.291665007237555,24.069489,14.349762,24.441237748351547,31.199934,17.988997,2.9107354083798596,4.8355994,1.2609674
2019-03-17 09:00:00,24.020770251453996,28.842682,17.289948,28.641974819248624,31.452366,25.44846,1.6821823452200482,2.5854266,0.83855206
2019-03-18 09:00:00,25.5292984886849,29.675934,19.224762,27.19257614488405,34.56487,18.8969,0.6775194792756161,1.3984754,0.15165924
2019-03-19 09:00:00,24.862116444853882,30.386383,17.751617,22.471236310758076,27.926167,14.884002,0.8262649248194518,2.2076912,0.25581616
2019-03-20 09:00:00,24.48493604883589,31.0878,16.023346,24.469738797146267,52.73632,10.923965,1.8891067051442185,2.9285061,0.9054149
2019-03-21 09:00:00,15.997819633476638,22.604156,7.500641,50.02432099330285,81.61697,25.633247,2.7615265938582305,4.637947,1.2522762
2019-03-22 09:00:00,15.925341605290441,20.923004,10.959869,51.14602638072608,75.55631,39.70084,2.022513910780556,3.1598282,0.90761894
2019-03-23 09:00:00,19.590245540308104,23.84439,13.346344,36.52769521906213,59.36628,15.071327,1.4238410502051617,1.950967,0.9414857
2019-03-24 09:00:00,21.135313983631022,27.203522,13.754059,28.58183050561531,54.501514,13.786672,1.9739597994551803,3.0850613,0.88868976
2019-03-25 09:00:00,22.99626698553601,26.746002,17.611237,16.91053305594667,23.203829,7.563735,0.805411617264642,1.8274792,0.119646296
2019-03-26 09:00:00,24.754764178175492,29.242035,18.761566,9.982991548088695,16.825645,-1.5824575,0.6819139076252582,1.3532099,0.13126415
2019-03-27 09:00:00,24.980802325246657,30.153229,17.756744,9.710462985033965,22.799927,3.678834,1.5770864300258005,2.3713725,0.8903668
2019-03-28 09:00:00,22.968878489283895,28.850006,15.174225,31.128758094778405,76.244965,13.566182,2.2934161310878345,3.3999825,1.5550966
2019-03-29 09:00:00,21.97923650258207,28.640533,13.853424,25.917416567186073,53.444496,12.557779,2.368878150448888,3.4887657,0.6033244
2019-03-30 09:00:00,22.99744349753786,27.342438,16.152985,15.443823369527943,23.869522,9.525771,2.319858860101704,4.6666155,0.27550945
2019-03-31 09:00:00,24.587601651273417,28.50943,18.841461,15.778352465104316,21.018639,12.348269,2.3856693587895355,5.452648,0.529266
2019-04-01 09:00:00,25.402750829111824,28.380768,19.941315,18.1051029947548,29.447412,12.010333,1.4244964181140052,2.9579206,0.1255199
2019-04-02 09:00:00,26.124686797831885,30.687897,20.373444,18.571865473648216,30.70429,14.233503,1.7233943769370441,2.4199305,0.8296605
2019-04-03 09:00:00,22.276016267365378,29.432526,13.545807,42.78927134169906,82.303764,11.255923,3.43599111973952,5.504554,1.8857034
2019-04-04 09:00:00,21.832997949971514,27.044342,14.720123,42.97490338464863,74.950264,31.472727,1.812654121460067,2.4531434,1.27653
2019-04-05 09:00:00,21.951154911411777,28.22818,14.028961,42.14174146266083,80.541626,16.896152,2.566379958282216,3.4604082,1.8214787
2019-04-06 09:00:00,20.891850841142514,26.86319,14.879303,47.95696548387619,74.22661,32.94842,2.6524072532441467,3.837305,1.5085176
2019-04-07 09:00:00,25.11733942420159,28.993073,19.634674,22.86405034861518,29.16645,14.825819,1.535697931692424,2.778546,0.5235026
2019-04-08 09:00:00,29.3772791772451,33.258698,23.989166,18.84300401342358,27.985561,12.598012,1.2432737911025327,2.7451358,0.064264454
2019-04-09 09:00:00,31.355693034738124,35.69034,24.86026,18.99180959989349,30.977793,12.024668,1.8064412099965041,2.6760025,1.2104197
2019-04-10 09:00:00,25.395921829174824,33.511383,16.405914,19.750343244781277,32.09673,1.8611012,4.44823445046574,6.7407207,1.6311303
2019-04-11 09:00:00,22.58232466088475,26.725006,16.57071,14.273578343844852,19.086138,10.462387,2.8217973717146307,4.9472065,0.47913128
2019-04-12 09:00:00,21.352395709967936,26.170563,13.553375,27.847420033048284,50.27626,18.265148,2.5435652983212504,3.990851,0.33739135
2019-04-13 09:00:00,22.375947809852562,25.698883,17.336823,24.839969260111005,31.877838,17.732552,2.270422222996327,4.255276,0.21762376
2019-04-14 09:00:00,25.411974309248706,29.04654,20.437164,20.151154076404783,28.79375,16.347652,1.5350707307290148,2.0542893,0.5200835
2019-04-15 09:00:00,25.759098000797394,31.052155,18.233795,20.844377245026823,32.255375,13.767095,2.463214902656334,3.747379,1.1674788
2019-04-16 09:00:00,23.006551814400495,29.147125,15.180328,30.44580438986885,49.679455,19.44025,3.0431862596741746,4.321605,1.9344248
2019-04-17 09:00:00,21.43198442382237,24.81192,16.360748,37.72766979270666,51.029915,26.440073,2.4699299492597686,3.7059593,0.80794424
2019-04-18 09:00:00,27.33350893834296,30.324615,22.2836,17.531728571428328,22.079958,8.86902,1.8609908950761571,3.5301733,0.110117145
2019-04-19 09:00:00,30.084426206303135,33.615387,24.8732,14.749599267920571,23.386143,10.925206,0.5649160157870387,1.1616142,0.10210305
2019-04-20 09:00:00,29.98099201802478,36.769684,21.17984,15.745339767939848,31.394543,8.769542,2.5019743992779593,3.7012036,1.7406162
2019-04-21 09:00:00,25.511363088062637,33.44107,16.646149,26.415714085976358,61.83085,4.5308313,3.261692698450736,4.598824,1.8004247
2019-04-22 09:00:00,25.105611633637352,30.704498,17.409576,28.77067617874835,42.949448,21.129938,2.2481253709907163,3.4675696,1.0528585
2019-04-23 09:00:00,25.990907681725787,30.123688,19.941315,27.779496365806672,41.294514,18.860655,2.6806183662360388,4.5629945,0.28819156
2019-04-24 09:00:00,29.69656459419417,34.37906,23.494293,19.2712555939279,26.171095,14.026026,1.7950788221528262,2.5743418,0.7721343
2019-04-25 09:00:00,32.02311525261399,36.735016,24.905182,17.14252253228685,24.960491,11.208139,1.498281048085354,2.2170339,1.0250211
2019-04-26 09:00:00,32.43792593223577,37.95938,24.978912,17.17112474541392,27.565588,11.358068,1.628832245319221,2.8918407,0.78157306
2019-04-27 09:00:00,31.255694280193836,37.865387,22.050934,20.53876079325276,37.714924,9.96656,2.3922399237067227,3.6811898,1.4466718
2019-04-28 09:00:00,30.365788198662244,36.68643,21.348541,17.846526063281555,36.92023,7.2211647,2.5560724151353145,4.294199,1.3548759
2019-04-29 09:00:00,27.885917041312666,36.259674,17.746002,24.30747348855674,55.97535,8.519769,3.0044155030686706,5.1682577,1.1750759
2019-04-30 09:00:00,19.397786957421374,24.67398,13.302399,65.9443747255352,97.934654,38.204185,3.2661517758510046,4.962595,2.102524
2019-05-01 09:00:00,22.890291164153894,29.048737,16.881012,33.78488660160376,73.01143,13.005687,2.2083285802494004,3.1123753,1.3355165
2019-05-02 09:00:00,25.319574101002388,30.321686,19.261139,30.7551624783919,48.46801,22.499163,1.17486837152442,2.096348,0.21509017
2019-05-03 09:00:00,26.9840280524827,31.525055,19.989899,19.23401070146148,25.86144,8.545077,1.0006923077551864,1.5841151,0.39980984
2019-05-04 09:00:00,29.135778642297055,34.746246,21.381012,15.025853332164994,30.46862,1.8084841,1.6801483587134352,2.56454,1.1035749
2019-05-05 09:00:00,29.420767691497588,35.662994,21.330963,15.01664155424749,38.206722,4.0097446,2.4980111639604123,3.768265,1.4085032
2019-05-06 09:00:00,26.633851158961306,33.251617,18.624664,26.125631334928652,59.740517,9.779578,3.2734331080998187,5.002854,1.8655595
2019-05-07 09:00:00,21.604919809532987,27.623444,13.336334,50.37966025648746,83.11737,29.61346,3.004221260202087,3.98895,1.8727999
2019-05-08 09:00:00,24.05934583001823,30.712067,15.272614,42.103230717660225,73.99576,23.662212,2.6867452787581807,3.6630936,1.6761392
2019-05-09 09:00:00,26.05704149680696,31.82022,17.19522,41.03149566990959,67.9924,23.658062,1.5601839639350903,2.8367093,0.21847922
2019-05-10 09:00:00,24.648433817594025,31.57022,15.724518,57.351925836229036,95.36101,35.524666,1.8167739130293834,3.264464,0.5492343
2019-05-11 09:00:00,22.279080373353054,28.921051,16.331207,59.486701430498734,83.84335,37.629124,1.0647032157403855,2.722858,0.2783602
2019-05-12 09:00:00,25.68293065738635,29.959625,20.496735,32.651518682218054,47.590736,17.677822,1.1482425030690295,2.5538907,0.012710654
2019-05-13 09:00:00,28.5125262620341,33.267975,20.885162,30.08124597641927,47.64569,20.064896,1.5855014678287378,2.833483,0.7872175
2019-05-14 09:00:00,29.264340826766272,35.178864,21.548004,24.923089227157654,34.52795,14.874901,1.6842660019654916,2.3003523,0.9016187
2019-05-15 09:00:00,30.772715558938955,36.61978,23.104156,24.030190100036034,37.38713,10.172289,2.4797635844488153,3.5702202,1.375842
2019-05-16 09:00:00,27.392811094964998,35.067535,18.74527,24.797048772018027,68.19676,8.794415,3.5725667502784577,5.784348,1.9877563
2019-05-17 09:00:00,21.029956239722083,28.875397,13.109283,52.25378889716997,84.71676,29.169888,3.583892910992383,5.4823184,2.0520475
2019-05-18 09:00:00,23.709116984018806,28.222809,17.883698,29.892228397285905,47.474785,16.868172,1.7882304896500072,2.9484744,1.1567527
2019-05-19 09:00:00,24.720682327895133,30.65689,16.440094,27.527172323716144,64.64424,7.9489326,3.477582705939892,5.266926,1.5990294
2019-05-20 09:00:00,19.461235021217192,25.294098,11.315582,56.325837658728844,84.023224,34.53885,3.760104215391698,6.2510915,1.9717193
2019-05-21 09:00:00,21.116583144976232,27.349518,13.085846,44.271959604663756,82.73196,25.679052,3.4392525915047765,4.6285334,2.2341795
2019-05-22 09:00:00,18.443270391196563,25.232574,11.081696,59.48587629878439,92.024155,32.8015,3.4274396144753796,6.3811374,1.5174289
2019-05-23 09:00:00,17.090347827329424,22.526276,10.264313,62.49947802735578,86.000824,48.72628,2.4286095452416356,3.8178523,1.3323157
2019-05-24 09:00:00,21.39874324205954,26.04654,16.064117,50.13374238136251,61.38271,35.761616,1.2283634863128685,2.3471243,0.42171025
2019-05-25 09:00:00,25.265117258280497,30.912506,18.810944,34.6864968378371,63.083035,23.485893,1.3625059261578218,1.8170174,0.6756485
2019-05-26 09:00:00,25.721514046655045,32.373444,16.723053,35.55302890340599,72.17873,17.613901,3.1685097324903224,4.537161,1.9110489
2019-05-27 09:00:00,18.041104109283992,26.033844,9.947174,55.154976396961914,83.38207,34.518547,3.3280635885830008,5.4341383,1.6923765
2019-05-28 09:00:00,22.077089229233422,26.792877,16.660309,37.46623429804621,51.040787,28.335604,1.8283318865012057,2.718248,1.154952
2019-05-29 09:00:00,26.293692548407535,30.494293,21.008453,26.8425331178289,35.783134,20.4693,0.9808807463820808,1.7068967,0.31929842
2019-05-30 09:00:00,29.028973810644686,34.269196,22.020172,21.86936974786228,30.668833,14.558568,1.1972492726567456,2.5860214,0.06990754
2019-05-31 09:00:00,29.727287280836435,35.479645,21.753082,19.11171221094434,33.372963,13.481282,1.8444347647362016,3.7784178,0.77800316
2019-06-01 09:00:00,29.094040272771565,35.231354,20.5419,24.14073002086259,45.484577,10.070514,1.8507286276554387,3.4957612,0.71014017
2019-06-02 09:00:00,27.9499785814358,34.575348,19.255035,30.61266387144709,58.44689,13.42445,1.9728491820675909,3.8966026,0.8634096
2019-06-03 09:00:00,27.625005937879962,33.718414,19.739899,30.869786232837296,46.83104,20.899435,1.5992624570496972,2.8506305,0.8493733
2019-06-04 09:00:00,30.06488978932117,35.47525,22.1315,22.443296067976593,40.095016,14.179741,1.2229749263221417,2.4971921,0.17810954
2019-06-05 09:00:00,32.560015119650984,38.061188,22.494781,16.15557548325698,31.773212,9.006805,1.2541098363530034,2.9963012,0.39472294
2019-06-06 09:00:00,34.53399854366211,40.329987,23.95694,17.65601047044806,29.579643,11.793305,2.480459801420851,4.924391,0.975304
2019-06-07 09:00:00,32.977311538080414,38.988678,22.96524,21.688099779319394,35.959034,10.570639,2.6403792913673323,4.5009317,1.1374521
2019-06-08 09:00:00,31.155551756000534,36.84024,22.387115,19.36380349632507,38.76234,8.925946,1.7945723951800272,3.6690993,0.87205344
2019-06-09 09:00:00,33.43281416359707,38.166656,27.104156,18.322852203993534,23.273193,13.211949,1.3004184266628358,2.4887006,0.21807921
2019-06-10 09:00:00,35.61388584421786,40.33365,29.47818,12.602358251155314,16.063622,9.354627,1.490474335680602,3.2050753,0.30656987
2019-06-11 09:00:00,36.87178343398921,41.963776,30.332916,12.653237096148178,20.535656,8.678058,0.9676970268633525,1.9905739,0.16275322
2019-06-12 09:00:00,38.169478309193494,43.24991,31.07022,15.536514754798553,20.652004,10.001438,1.2981554145243057,2.0913138,0.2819789
2019-06-13 09:00:00,38.48468784513824,45.32437,28.70523,16.08473107470308,34.417557,4.062086,2.430660374759911,3.717637,1.5386496
2019-06-14 09:00:00,34.70954412008189,41.73526,24.221588,13.725234380147498,35.954967,3.0955925,3.025492057324906,4.4281993,1.810906
2019-06-15 09:00:00,32.78051282578866,39.318024,22.679352,23.74573514819222,40.233627,14.7067585,2.15029154488374,3.5427935,1.3378582
2019-06-16 09:00:00,34.49273833113995,40.8002,23.56192,19.961391931532866,32.604565,7.666464,2.138234478354883,4.0123315,0.96543896
2019-06-17 09:00:00,33.18043858252105,39.8649,23.16568,25.54348314252667,46.512936,9.134028,2.180623802297137,3.812161,1.3339746
2019-06-18 09:00:00,32.06142005511322,38.810944,20.816803,19.472612779730706,35.3173,7.4622984,1.4776079633727592,3.1328068,0.42812663
2019-06-19 09:00:00,33.17580062991715,38.951813,22.895172,21.888481897859585,33.602226,13.976593,1.6349149242567038,2.9455144,0.71300673
2019-06-20 09:00:00,34.150697612237764,39.800446,24.777008,24.431320801119604,43.624405,8.526748,2.7818103757125248,4.486415,1.4345332
2019-06-21 09:00:00,32.071871973336954,40.17105,21.604645,25.5947321773726,69.51961,3.5438995,3.56334400978528,5.165142,1.9222038
2019-06-22 09:00:00,30.09342743443301,37.728912,19.78946,26.246100649349266,54.091324,9.606948,2.392714476938549,3.4455976,1.4102298
2019-06-23 09:00:00,32.6540352392405,38.622467,24.09903,12.990225609566622,18.9062,8.259863,1.718249898785118,3.7454991,0.22079669
2019-06-24 09:00:00,33.52714618510322,39.011627,25.943268,11.740092615733591,22.649363,6.9618626,1.3024283140346211,1.8760637,0.48714155
2019-06-25 09:00:00,34.068160407244704,40.06192,24.727936,14.982940808032971,33.303505,7.9871006,2.0315695531323232,3.6168287,0.90129846
2019-06-26 09:00:00,31.462149648392312,37.75699,21.206207,21.76470767107271,33.18781,8.504215,2.2668765560003217,3.9443521,0.9253507
2019-06-27 09:00:00,32.531275011968376,38.48575,23.667389,18.310247968189703,31.588001,9.551977,2.0716238711935286,3.6268234,0.6184754
2019-06-28 09:00:00,33.554710746074306,39.42325,25.485748,13.576343665883762,21.93675,2.0003977,1.8536114102242944,2.7850678,0.6318188
2019-06-29 09:00:00,34.82255484940879,40.630768,26.974518,6.372933442518374,14.213517,-0.001326561,1.7195230505826429,2.582895,1.0169375
2019-06-30 09:00:00,34.11721073279841,39.242096,26.919098,7.6658989441078,14.222456,0.28743744,2.6447097092170764,4.7491555,1.3287365
2019-07-01 09:00:00,37.04021435102226,42.710114,28.721832,9.632964738686987,17.947266,2.5666504,2.054489290376409,2.9873703,1.4730545
2019-07-02 09:00:00,36.81933789027539,43.31363,28.31363,11.391154905638906,23.094463,4.8169603,2.6102897187386316,4.0716014,1.5024025
2019-07-03 09:00:00,35.50860661389402,41.65323,27.108307,12.898414667296716,30.950672,5.9428587,2.6667991560558097,4.0222344,1.6472826
2019-07-04 09:00:00,33.63133413743628,40.00186,24.335846,19.864052721195733,39.80575,9.547847,2.4503622809320644,3.6358142,1.6234529
2019-07-05 09:00:00,34.05462069095387,40.185944,25.394928,15.269208854991845,33.086475,2.467228,1.956487682797537,3.1506307,1.1686748
2019-07-06 09:00:00,34.627885819984556,40.43814,26.494781,11.416353315577144,23.561565,4.06888,1.688276095236601,2.7006454,0.571646
2019-07-07 09:00:00,34.905361736893326,40.81192,26.147858,15.322138292071013,28.783138,5.3651705,2.1545773402784216,3.3871632,0.8368924
2019-07-08 09:00:00,33.453592775005006,39.263336,24.249664,18.27546749216798,40.04139,8.576544,2.6153242347202754,3.7952638,1.7954041
2019-07-09 09:00:00,32.81568367453542,38.48233,24.137848,19.85216571422545,31.355854,12.928602,2.110468352902672,3.1251519,1.264931
2019-07-10 09:00:00,34.762412865147496,39.98941,27.80191,14.639056055478651,24.100311,7.334687,1.3104718430682893,2.0639868,0.4840089
2019-07-11 09:00:00,36.493650040642876,42.402008,28.523102,14.817544953434034,19.04766,9.621331,1.493605212647489,2.351301,0.6222907
2019-07-12 09:00:00,38.001648045558454,42.587067,30.21988,15.73970464255825,22.266869,11.057618,1.701670708353496,2.925814,0.7996727
2019-07-13 09:00:00,39.089548188088145,45.151764,30.733795,14.24246457612048,20.990017,10.017362,1.6959063487239925,3.296659,0.6098134
2019-07-14 09:00:00,38.920103543167954,44.674713,29.633698,13.132534996239979,18.921715,6.3039503,2.144018247733285,3.573325,1.0970168
2019-07-15 09:00:00,39.11880893820586,44.225983,30.558014,9.534547209534086,13.591605,3.9428968,1.6681588047632718,2.3574061,0.7319121
2019-07-16 09:00:00,39.769406815881496,45.970367,31.210602,9.03089966734296,22.256176,3.3733625,2.1246565428007593,3.3675587,1.3541636
2019-07-17 09:00:00,37.80009564231722,44.64395,28.433014,10.352103111322547,25.828777,3.0349007,2.6549386962303707,4.798787,1.2632247
2019-07-18 09:00:00,35.53452402479286,40.99356,26.106842,17.541198285983,36.404392,8.904392,2.309574050690239,3.5123563,1.0840055
2019-07-19 09:00:00,36.66324822150534,42.485016,28.104156,12.198808068457964,26.779211,3.439476,2.5356666872276703,3.9105256,1.5255136
2019-07-20 09:00:00,35.342944151504355,41.518707,26.217926,13.59385712309788,24.215551,6.3444576,2.4184684229091324,3.8890405,1.4565451
2019-07-21 09:00:00,36.67207164389532,42.659576,27.460358,15.306524792754004,22.918226,10.888946,1.774826446292763,3.4809744,0.78347874
2019-07-22 09:00:00,38.7595338565892,43.529694,30.400787,19.992338242079065,31.922142,6.8830805,2.3581217409715296,4.5024905,0.56831884
2019-07-23 09:00:00,35.97763049255161,41.17105,29.95523,36.585887081061976,46.400352,22.719248,1.6143318837343381,2.7912774,0.49343014
2019-07-24 09:00:00,37.33882843615879,44.2482,29.980377,29.662367744789695,35.396866,21.26796,0.9980548507610597,1.7473894,0.12759353
2019-07-25 09:00:00,33.532392626626404,37.058014,28.247223,37.39676792121605,49.33513,26.13443,1.036725515705731,2.3997865,0.17880146
2019-07-26 09:00:00,35.34623096738807,40.671783,29.823639,36.00325746229992,46.933315,28.86713,1.8562377557714316,3.3814483,0.9084931
2019-07-27 09:00:00,37.76851223012477,43.127106,31.745026,23.37279979254092,28.588882,16.451675,1.9034384308534393,2.8726442,1.0768857
2019-07-28 09:00:00,40.583272412994916,46.15396,32.462555,16.387249071660356,20.850555,9.076769,1.5884529908219998,2.6140335,0.7310154
2019-07-29 09:00:00,39.49907133830561,45.476227,29.364899,12.689508291429359,18.290146,-0.026930809,1.8123139626303095,2.45431,1.0538994
2019-07-30 09:00:00,39.19996880193588,44.814606,30.254059,10.305564725657096,15.3955555,1.017725,2.2427885285736484,4.5119004,0.8416964
2019-07-31 09:00:00,34.22125356387863,38.82022,27.74405,26.31064396948634,41.037193,2.814539,2.8968157056690123,4.987358,0.8777464
2019-08-01 09:00:00,35.39992017467182,40.051178,28.609772,19.40450188604681,39.806477,-0.053268433,1.6335753838632827,2.583983,0.48624617
2019-08-02 09:00:00,37.764935759563855,42.927643,30.404205,14.753038334446757,28.157251,7.875452,1.2381890150692805,1.7032686,0.5613131
2019-08-03 09:00:00,39.13048062246537,44.894928,31.586334,14.912559820108571,21.43628,7.2502346,1.6142998855125703,2.5524127,0.7877122
2019-08-04 09:00:00,39.69701576066575,45.93106,31.011139,12.646935371680966,18.702745,2.3124905,1.7738287944530788,2.8057704,0.7956558
2019-08-05 09:00:00,39.93474339257682,45.849274,31.54654,11.303978888177753,15.63348,1.1491051,1.634326176451858,2.4653008,0.70096785
2019-08-06 09:00:00,40.27991525310654,46.23697,31.479156,12.874096954057485,17.065487,7.085018,2.1101998284302232,4.074918,0.53423667
2019-08-07 09:00:00,36.876493768853436,40.487213,30.205963,23.34133987627068,29.698898,8.448221,1.7984251096965609,3.4775324,0.70799863
2019-08-08 09:00:00,34.4269070998335,38.58316,28.272614,24.53077797736689,39.15554,6.627697,1.4912884443675907,2.1070108,1.0066919
2019-08-09 09:00:00,36.70791925592562,41.200348,29.335114,14.69919462562292,21.525146,5.7126465,2.092950550172553,3.0481768,1.2664365
2019-08-10 09:00:00,36.092011451012695,41.593903,28.83609,11.111454479970622,18.22939,7.0636206,2.1882392799314108,3.5392184,1.1864034
2019-08-11 09:00:00,34.503209228838216,39.927155,27.169342,15.90179560012652,29.9627,4.1618385,2.108717855530635,3.8561184,1.2352889
2019-08-12 09:00:00,34.58269802725147,40.249176,26.819489,10.942369970291823,20.784954,2.2497988,1.2979317874216296,2.24455,0.44270405
2019-08-13 09:00:00,35.95109903958422,41.619293,28.359528,11.667888591545339,16.247177,4.0044575,1.157667283877549,2.2421472,0.33798003
2019-08-14 09:00:00,37.755804931872774,42.603912,30.453522,12.849740368536379,16.1408,7.86798,0.9838837928220147,1.3740325,0.34190935
2019-08-15 09:00:00,39.65211608314638,44.910065,32.72647,6.692858137008821,9.922734,3.2626572,1.4717715688829365,2.358151,0.9912031
2019-08-16 09:00:00,39.99726533834644,45.855865,31.625397,5.182336540938841,9.257536,1.7536297,1.9339657046675347,3.1455612,1.1963739
2019-08-17 09:00:00,37.99198772756131,43.99405,29.058502,8.77571639963642,18.323101,3.6033497,2.200296298906752,3.4660263,1.3595765
2019-08-18 09:00:00,36.40690757073503,42.511627,27.099518,9.859095255223748,24.00562,2.4390364,1.9920549104942102,3.207416,1.1022763
2019-08-19 09:00:00,35.835409862079985,41.58609,27.96695,13.817768523622329,19.30895,9.759749,1.5609510402738616,2.861953,0.5137337
2019-08-20 09:00:00,36.740333324551955,42.375885,29.3544,9.216307250880964,14.284146,4.854459,1.4823679849778875,2.1552782,1.053115
2019-08-21 09:00:00,38.62351547350005,43.95401,30.70401,7.004764707073677,9.411421,4.1848583,1.362964777349779,1.7950298,0.7970664
2019-08-22 09:00:00,39.96442515202642,45.61734,32.390778,4.853270175172188,8.214651,2.326747,1.650663029519532,2.9209898,0.7168293
2019-08-23 09:00:00,36.710931060645464,42.714752,27.2753,10.026648650110888,24.570927,-0.9484348,2.2882157301939623,4.31868,0.8684617
2019-08-24 09:00:00,36.06752738871734,40.520905,29.37149,24.291776935344256,38.176746,13.603279,2.3435004886235395,4.0515947,0.5874475
2019-08-25 09:00:00,35.712749811077856,39.232574,31.048248,35.82778348446748,50.748367,13.541336,2.342513186239434,4.336999,0.7325891
2019-08-26 09:00:00,36.49182102516119,41.118317,31.653961,29.994962950101286,40.83034,16.604586,1.7160894958431683,2.9912982,0.5641279
2019-08-27 09:00:00,37.653538071706635,42.25235,31.086334,33.69253357406515,41.539932,26.035397,1.5036146681576545,2.3926775,0.37452874
2019-08-28 09:00:00,38.0519618911099,43.60611,30.113922,24.213668380761735,39.96427,15.084605,1.992521999084909,3.8171334,0.6062399
2019-08-29 09:00:00,37.93507830078147,44.369293,28.914215,31.064997440763392,46.783432,19.927963,2.203766090805945,4.3108673,0.8481563
2019-08-30 09:00:00,37.33763762563024,41.870514,30.917389,21.202780720801513,31.088518,12.970715,1.7787293554355088,2.861608,0.80998015
2019-08-31 09:00:00,39.5640323211378,44.622467,32.251373,12.638264094319853,16.69373,6.3538866,1.7481077881950413,2.770817,1.0900332
2019-09-01 09:00:00,39.873013300583295,44.154938,32.93033,13.346423949747894,23.20502,7.0773363,1.3964516348395037,3.2694342,0.23561737
2019-09-02 09:00:00,36.35832604661323,40.330963,30.224518,28.763052407411184,47.41203,12.5565605,1.3310225009566954,2.3682923,0.60372466
2019-09-03 09:00:00,35.15080613767566,40.09488,31.173004,35.4167641110463,55.490067,26.349186,1.5903194080872713,2.6510901,0.7318482
2019-09-04 09:00:00,38.11349326391655,43.11685,32.427887,20.16346966068251,28.80946,10.18115,1.3156016529731138,1.9206932,0.8084718
2019-09-05 09:00:00,37.24441791837296,43.530914,29.410309,23.190479032441544,31.29837,15.841338,1.5457956927217675,2.5024383,0.8056338
2019-09-06 09:00:00,36.02994864354082,41.720367,29.939362,36.09685234315479,42.638214,28.302364,1.0991679949589779,1.5753332,0.41256806
2019-09-07 09:00:00,37.65359048626624,43.2211,30.437897,26.738239386766146,41.722652,12.467158,2.1417228937629194,3.1338985,1.2317765
2019-09-08 09:00:00,36.75983658670742,43.11734,28.720856,11.256116440319154,32.468422,4.683267,2.662055401055808,4.527581,1.672314
2019-09-09 09:00:00,32.2330922313983,38.377106,25.070465,20.97389781602431,41.207893,13.105457,1.229131944559073,2.2557657,0.48651788
2019-09-10 09:00:00,32.11605241973115,36.769928,25.693756,25.91131647135143,46.42807,11.057417,2.5550841863255584,4.2812285,1.0828633
2019-09-11 09:00:00,30.041286582251814,36.05655,23.01358,17.952901172633865,45.97232,5.312129,1.7555053032702872,3.6412756,0.87149024
2019-09-12 09:00:00,31.45383787132954,35.030914,26.743805,26.620712538689506,53.35378,13.062425,1.3105825168985559,2.243827,0.15491737
2019-09-13 09:00:00,34.4000054631656,38.72696,29.299225,16.47444215203635,23.775068,13.501263,1.1811335250239579,2.394763,0.19307384
2019-09-14 09:00:00,36.67838447860504,40.13687,31.859528,13.5504384768206,17.9586,10.487206,0.7513931687815575,1.2126466,0.12052214
2019-09-15 09:00:00,37.71135716642431,41.192047,32.41861,11.946533885953333,17.884401,7.139182,1.313086873842005,2.5589159,0.37797585
2019-09-16 09:00:00,34.818716312775905,39.15323,28.688385,13.27057451160927,17.752113,9.701333,2.6007836638500086,4.2047815,0.676691
2019-09-17 09:00:00,33.28585629428602,39.209137,25.320465,15.890996303983474,25.338306,0.2980423,2.1846453782523394,3.2287202,1.2042515
2019-09-18 09:00:00,31.558424959604395,37.36783,24.899078,12.960159732104549,36.823013,2.7064247,1.513434924853248,2.5790792,1.0027546
2019-09-19 09:00:00,31.94872858545358,37.381012,25.158356,13.239408693087263,33.77301,4.157051,2.2405221615879074,3.3053768,1.4122981
2019-09-20 09:00:00,29.191317560887796,35.27945,21.506012,19.336959610151634,42.476437,-2.098031,1.9162984970810741,2.663127,1.2228637
2019-09-21 09:00:00,29.57778996016441,33.745758,24.677399,18.01084523832181,26.137735,11.694667,1.4322171416540632,2.4708414,0.06707255
2019-09-22 09:00:00,31.786996128767328,34.85318,27.064117,15.778244617801986,18.409863,14.26108,0.8733618824904795,1.6277163,0.23122847
2019-09-23 09:00:00,32.329158318336,36.429596,27.20694,26.346159961570056,42.65225,11.341779,1.5472571837867566,2.6070662,0.19745892
2019-09-24 09:00:00,30.718763197040005,34.66861,25.020172,22.900543478490782,46.99128,11.615088,0.7043007220155879,1.9635109,0.08202594
2019-09-25 09:00:00,32.29355684937315,35.4794,27.469635,31.227083355274395,41.91674,14.694085,1.307410581134079,1.9355232,0.30499116
2019-09-26 09:00:00,28.22751873246085,30.259674,25.478424,43.72263045868671,64.38367,25.112514,0.9570647008712536,1.7646691,0.18140793
2019-09-27 09:00:00,25.799138247241046,30.13321,20.074615,65.35587675514482,84.53514,53.629494,1.8213499057417764,2.2753956,1.1792144
2019-09-28 09:00:00,27.763908795312602,32.81241,20.874908,47.41228234521331,78.937454,28.75763,2.8827362249707917,4.087941,1.8380191
2019-09-29 09:00:00,26.0362656794199,33.017975,17.203522,40.38999765517242,76.64614,11.485985,3.102955522009211,4.7672405,1.8051242
2019-09-30 09:00:00,24.408620542948427,30.711823,17.079254,17.025945984881673,36.156563,8.508742,1.7551393202228074,2.4702137,1.1404467
2019-10-01 09:00:00,25.01377448090011,30.411041,18.039948,17.1691158450673,33.90135,6.444971,1.5167339302093497,2.3699305,1.0183855
2019-10-02 09:00:00,25.750807976654812,30.242584,19.427643,17.212625096066144,21.706772,5.5543013,0.8931558494468913,2.0377471,0.042629905
2019-10-03 09:00:00,27.791931150007713,31.745026,23.061432,15.627954780643861,20.730522,5.02349,0.7361109624441203,1.7023411,0.03906584
2019-10-04 09:00:00,29.366762720260965,34.68155,23.042877,6.92033118148585,16.342024,-0.32048893,1.3663433709997925,2.0148222,0.54678065
2019-10-05 09:00:00,29.619039258279315,34.425934,23.882965,8.366695058030768,11.170081,1.7007122,1.0195794883612577,2.1604187,0.16642275
2019-10-06 09:00:00,30.970302229628658,34.59488,26.70816,9.678101930463974,14.009936,1.7731991,0.7637265559835064,1.6665933,0.15043448
2019-10-07 09:00:00,32.17065617652406,35.433746,27.21109,11.722181651595971,15.525242,10.482273,1.2435232501410927,2.7561855,0.21513264
2019-10-08 09:00:00,31.601619319172926,35.11026,26.500885,11.44109852638577,17.580713,6.7841945,0.9599073478918322,1.3428689,0.48422834
2019-10-09 09:00:00,31.562815586224076,35.953033,25.271393,12.389439112805643,26.139746,4.0973654,1.9874063390659142,2.880608,1.1714941
2019-10-10 09:00:00,28.942069202144978,35.14981,20.925201,15.456660795677543,30.30064,9.758856,1.9348874628130996,3.3978105,0.03598513
2019-10-11 09:00:00,22.490815418371312,25.952301,17.739899,5.888379920672774,8.761975,2.148264,3.7322386604241147,6.0671515,1.5952792
2019-10-12 09:00:00,24.78630129125679,28.628815,19.643707,11.114248194637696,14.152278,6.3712015,1.787775302167845,3.1706073,0.63726586
2019-10-13 09:00:00,26.835799264714524,29.899567,22.33902,13.524395941579145,21.148232,9.097449,0.6635208409619191,1.1535153,0.12326834
2019-10-14 09:00:00,26.18727559964384,31.377106,20.783356,22.192536232981073,39.832783,13.112287,1.0963306583973422,1.8827386,0.55309683
2019-10-15 09:00:00,26.710061688086284,30.442047,21.115631,22.022497729922144,43.14481,12.117047,1.4088737634166542,2.6004086,0.088911
2019-10-16 09:00:00,30.101460870688527,33.623688,24.246735,23.23641597216968,27.124203,18.667717,1.2969831503208387,2.3401704,0.23793684
2019-10-17 09:00:00,30.164726763390263,34.92154,24.652008,20.852858242445528,25.692944,14.635164,1.4955016339729306,2.2205694,0.94902855
2019-10-18 09:00:00,26.7155840919213,32.92935,18.950836,17.059868867108534,30.323507,7.3899136,2.6350767883156347,4.1010857,0.9489498
2019-10-19 09:00:00,26.098053108062288,29.44571,21.25821,13.94166570599861,23.43472,8.72751,1.3745118706732533,2.5337586,0.2772109
2019-10-20 09:00:00,26.887349228628295,29.733551,22.792145,20.996264612223666,26.681416,12.897816,1.174940485004921,2.2720282,0.056290485
2019-10-21 09:00:00,26.904126722928368,30.161774,22.246002,18.237191974756964,21.568317,15.638631,2.122007789923134,4.065499,0.6520083
2019-10-22 09:00:00,30.194094330725534,33.922028,26.131012,16.71433862939509,19.760225,12.39225,2.078500256928901,4.0530186,0.7187193
2019-10-23 09:00:00,31.342703947285656,34.017242,27.093414,14.750856546949581,17.911621,13.003042,1.5933344277697206,3.425096,0.046896007
2019-10-24 09:00:00,31.220031932145048,34.366608,25.78653,9.591059953740027,14.741806,5.365157,2.8543902998626427,5.545731,0.94629115
2019-10-25 09:00:00,27.00874192284732,31.751862,22.000397,7.309697218761783,8.824448,5.879135,3.060936987248452,5.0774574,0.47770888
2019-10-26 09:00:00,28.019564861024094,32.76236,23.828033,12.199673817222436,13.847971,10.383127,0.5802030856047885,1.2606109,0.1486576
2019-10-27 09:00:00,28.375888966089974,31.407135,24.559479,13.505276149658943,15.385092,10.599968,2.2000786692776497,4.137515,0.37593967
2019-10-28 09:00:00,23.662007590785322,29.745667,16.251526,10.249563889492364,17.35764,3.0192518,2.4968416650867007,5.327871,0.33812284
2019-10-29 09:00:00,19.09214547438262,23.704681,15.368744,9.396731355402524,16.538754,2.5600328,0.9304168805164734,1.6597289,0.09306834
2019-10-30 09:00:00,20.28900073988558,23.567108,15.508514,4.720821452339926,9.765817,1.4220667,3.130029643690324,6.03594,1.1767869
2019-10-31 09:00:00,15.8483261068871,21.043488,12.079498,4.674888479589618,7.286968,0.703701,3.168471158654571,4.9251647,0.8118459
2019-11-01 09:00:00,19.441098278448806,23.993073,15.926666,2.502242171112461,3.129878,1.9249594,2.123286723717053,3.4766157,0.58223563
2019-11-02 09:00:00,23.297326863302146,28.017975,18.93106,1.8185987662663547,2.7929459,-0.4662876,1.8941373888875155,3.1411333,0.54483557
2019-11-03 09:00:00,25.429290886520562,28.65152,19.975739,4.885542284584499,7.0706663,3.101471,1.3256233965663862,2.6098197,0.10435759
2019-11-04 09:00:00,25.826194617252895,28.500397,21.199615,8.566912922383793,17.67023,3.4393454,0.7455608073666071,1.7798355,0.051824633
2019-11-05 09:00:00,26.158651577657054,29.171051,21.05191,13.695944488219675,21.623734,6.74092,1.0962668649401097,2.2215385,0.080276996
2019-11-06 09:00:00,27.26176676362178,30.547028,21.256012,20.8608985706896,27.817818,17.20701,1.1983028335680663,2.1614246,0.085651636
2019-11-07 09:00:00,26.646683998977096,30.434296,20.651093,15.798668110290441,21.30801,12.465506,1.0416265157413687,1.7638634,0.0907998
2019-11-08 09:00:00,26.82820717043535,29.798004,21.34488,17.559567486510577,21.536327,13.161047,1.4075593764627046,2.7057564,0.4107602
2019-11-09 09:00:00,28.009248198728528,30.919342,21.602936,15.609070989816585,18.511417,12.891929,1.6648407578693365,2.8930047,0.56840163
2019-11-10 09:00:00,27.872996110694316,30.511383,22.179352,11.58827488085388,14.984519,9.625619,1.0601309070283225,2.073791,0.050978944
2019-11-11 09:00:00,25.08149626697889,27.66336,20.17978,10.646236889223406,13.627377,8.488394,1.34984616166664,2.611364,0.17873366
2019-11-12 09:00:00,26.154308449667496,28.798615,21.163849,11.423167601446714,16.504028,6.433716,1.2575260658280325,2.692599,0.15665263
2019-11-13 09:00:00,26.010420872797056,28.063507,21.536163,15.87170836492199,18.929663,12.9938135,0.6422229322604063,1.394593,0.1233126
2019-11-14 09:00:00,24.610319790173946,27.09433,20.149017,14.964594450607558,19.127945,12.653238,0.5887986568276851,1.0797969,0.17751376
2019-11-15 09:00:00,24.231894563739388,27.896881,19.336334,19.171087591440077,24.558167,16.507385,0.7524607743853235,1.303555,0.066067494
2019-11-16 09:00:00,23.95338251076197,27.711823,18.42276,22.24820137581126,27.512814,14.891719,1.2335328489515431,2.1748624,0.35023746
2019-11-17 09:00:00,26.151252602530747,28.72525,20.864166,16.094474419267474,18.154236,12.795978,1.9297939224127152,3.1865675,0.6290026
2019-11-18 09:00:00,28.008954982666467,31.3815,22.369781,10.451998333172789,11.820135,8.538885,1.693233950578894,2.674658,0.5840229
2019-11-19 09:00:00,26.512255897179728,30.091217,21.503326,16.474277011473,34.872246,9.333183,1.0372168731238451,1.7877613,0.4426153
2019-11-20 09:00:00,20.58481857224666,22.330719,16.799469,68.98485481840132,93.902054,49.300896,3.263593047636724,5.1845326,1.1693366
2019-11-21 09:00:00,13.196068863845937,16.84732,7.3302307,73.22027796195297,96.14256,34.812225,1.0318373133179006,2.4849784,0.04563246
2019-11-22 09:00:00,14.685641732334489,17.114075,9.1922,64.56311426965271,81.0514,45.613426,0.6043638401847209,1.3361329,0.11182555
2019-11-23 09:00:00,16.094913590284705,19.084381,10.727692,44.32160331048326,56.48204,28.464481,1.8114277782495334,2.751981,0.5013124
2019-11-24 09:00:00,18.27568713129267,20.775543,14.665924,15.866265592240335,22.57412,10.340336,2.0898792417095198,3.4179423,0.5856247
2019-11-25 09:00:00,19.680293805447377,22.752838,16.200104,13.789405325899395,22.26571,7.2401648,0.8156256735740766,1.5873741,0.16563033
2019-11-26 09:00:00,17.43325206160364,21.342438,10.934235,22.147982373679195,47.482796,9.53238,1.901601607072493,3.74666,0.21588111
2019-11-27 09:00:00,14.036531148046379,16.479645,9.063629,22.15968912966869,39.741966,12.023257,2.2507118616142154,3.0170557,1.1249956
2019-11-28 09:00:00,12.364882320693539,17.943909,3.606018,72.5384883638526,95.47716,51.758873,1.9144258056180194,2.8125598,0.79728466
2019-11-29 09:00:00,8.892179637667994,15.68808,0.4154663,65.54791656772198,96.97848,36.867935,2.1621591627122596,4.094015,0.6799874
2019-11-30 09:00:00,10.142472896000356,14.008636,1.6406555,56.98828234086155,78.415596,28.242325,0.9975255510357507,2.0042503,0.2752527
2019-12-01 09:00:00,11.555637825987162,14.19278,4.962311,33.20492859655479,55.628075,9.005919,1.440126539735286,2.5344996,0.4234045
2019-12-02 09:00:00,14.592489158187107,17.115295,11.951233,31.823634348820953,45.180923,19.528578,1.5322155952245047,2.5691886,0.30694795
2019-12-03 09:00:00,16.689362068779758,18.595886,13.652527,30.850761414247696,40.24907,19.449394,1.2052531413696315,2.056209,0.22589813
2019-12-04 09:00:00,15.647896012716444,19.378082,10.99527,39.05158175790896,48.850086,30.049305,0.907019021648762,1.7556828,0.22493303
2019-12-05 09:00:00,12.499796842358535,15.142242,8.804352,69.79624409252757,86.40261,59.55886,0.6922610973308921,1.3041041,0.042436425
2019-12-06 09:00:00,15.924578532041892,17.928131,10.872223,51.95757193442828,64.05646,36.9669,1.2494731476885386,1.9961754,0.23174143
2019-12-07 09:00:00,16.131250680664436,18.707794,11.445709,56.23239505154841,74.84159,29.977158,0.7750110391018361,1.2939245,0.22173959
2019-12-08 09:00:00,15.088597727027548,16.637848,11.24527,72.15630613890582,97.78291,45.088734,1.4676821306825014,2.202388,0.5094433
2019-12-09 09:00:00,15.555250262908089,18.346313,10.248169,57.64593612175231,72.77322,47.300556,1.4575502638285351,2.121866,0.33915228
2019-12-10 09:00:00,17.340536218996306,20.864838,12.140228,24.93518098566013,34.700638,17.50961,1.8255993359447558,3.8803966,0.16304131
2019-12-11 09:00:00,16.758973544893195,18.887787,12.786224,17.683426131808854,32.400543,6.320554,0.8387967825156171,2.0068243,0.08563543
2019-12-12 09:00:00,17.181364789615373,20.047577,13.642212,28.239624612038153,40.668686,19.31664,1.1060513320169405,2.220639,0.017867992
2019-12-13 09:00:00,18.652497025063496,20.356354,17.059479,35.52692493437128,42.535698,26.394611,0.7719597463759263,1.622589,0.10556538
2019-12-14 09:00:00,18.966577435908903,20.802277,16.284698,38.8648129759835,50.048923,31.908298,1.223771406461395,2.811216,0.1305867
2019-12-15 09:00:00,17.870542778478693,22.354645,10.673004,49.472022197282264,90.846535,29.661587,2.0401504442883973,3.2656324,0.9996325
2019-12-16 09:00:00,15.366731475165182,19.261932,9.422089,20.352672077951,33.084457,8.470615,2.149367099219383,4.2540345,0.51389
2019-12-17 09:00:00,13.816365257985296,17.140717,8.041107,6.182193061187886,11.364027,1.5788708,3.1275012858681652,4.8765707,0.6895782
2019-12-18 09:00:00,13.065668206490102,16.260895,7.054138,7.058569187354314,11.61229,1.7905732,1.8247458486913595,3.5880964,0.1912077
2019-12-19 09:00:00,13.513459288012484,16.840485,8.545898,15.85881600305301,19.692848,12.135377,1.2866919178596978,2.825911,0.12806839
2019-12-20 09:00:00,16.4878259155426,18.988861,12.708405,16.236134019980103,19.083364,12.8958645,1.95028100628879,3.350869,0.542454
2019-12-21 09:00:00,18.973358537758145,23.250885,13.567291,10.012692993199,13.707766,7.449953,1.6096181038836759,2.9069731,0.1457096
2019-12-22 09:00:00,17.310449383790683,20.95169,11.563019,7.57368292797056,14.16403,4.1368866,1.2202647567662244,2.4635305,0.29469132
2019-12-23 09:00:00,15.466636329500034,18.27945,10.996246,17.117294964460484,29.902388,10.269575,0.7421164116544061,1.6598867,0.19020154
2019-12-24 09:00:00,11.026480192581914,17.051422,4.7272034,79.43162277564662,87.78257,61.050003,0.702461829274785,1.2227311,0.19055466
2019-12-25 09:00:00,12.982443705991443,17.696442,5.827301,58.30092385977859,81.32385,38.679344,2.041542612325775,3.7693765,0.8562749
2019-12-26 09:00:00,11.840955272561473,16.73996,4.3747253,74.74554106759841,91.91466,62.468895,1.6122284708475776,3.5651395,0.5686801
2019-12-27 09:00:00,8.566572347525437,11.225067,3.8735046,66.5478187341031,84.33552,48.49958,1.5855724800281517,2.7269073,0.13992912
2019-12-28 09:00:00,11.29992117036062,14.494415,4.2346497,32.971965574677114,47.10194,16.973034,1.742113426952671,3.008585,0.033057865
2019-12-29 09:00:00,12.034416584249755,15.246918,5.551605,32.91869126847149,49.76724,22.28677,1.2386557835073362,2.7751474,0.22105932
2019-12-30 09:00:00,11.076314484264401,13.917969,5.345703,41.4195655465031,64.36584,26.80067,1.1995854207508372,2.179567,0.2296399
2019-12-31 09:00:00,13.89156809593112,16.681183,9.481964,37.88209682392244,42.972122,29.402924,2.5204616050427715,3.759405,1.5546058
2020-01-01 09:00:00,16.29111818645447,19.347137,9.364716,25.327141430018955,32.739143,16.972832,1.3445223777959765,2.8434846,0.2612263
2020-01-02 09:00:00,15.501903924833584,17.912262,10.294342,28.826525024008124,36.488174,23.203018,1.333511586872646,2.4062622,0.19980262
2020-01-03 09:00:00,17.37508820035106,21.017975,12.924713,24.52612383108158,28.965689,17.564734,1.5011572315217008,2.8912647,0.19470796
2020-01-04 09:00:00,18.7910915068166,21.433014,15.808014,22.57269248158372,28.765905,17.29325,0.6605603055415497,1.4227228,0.0893394
2020-01-05 09:00:00,19.133717653157476,22.218658,13.121002,15.028948132497245,19.649183,6.7976203,0.7057968953499808,1.5013291,0.089256786
2020-01-06 09:00:00,19.408509610813383,22.615631,13.6527405,8.28905211410834,12.437231,4.7541847,2.441377166504875,4.4240036,0.604201
2020-01-07 09:00:00,20.788808915571337,24.015839,13.956787,7.822395857061353,12.385593,2.945898,2.111373949552122,3.3872387,0.43837583
2020-01-08 09:00:00,19.691716877036527,21.530334,15.3526,9.102008377321969,18.251099,3.516724,0.8571467972651944,1.5970349,0.1922938
2020-01-09 09:00:00,16.847320094997258,20.993744,8.899994,37.90536379477524,76.56223,20.339577,1.6286433416042387,2.587226,0.7763012
2020-01-10 09:00:00,13.206827693064099,16.864166,7.263336,18.432089726690013,32.951683,5.580591,2.2099441653442162,4.1373773,0.27326158
2020-01-11 09:00:00,16.614772696567968,19.681183,10.92337,17.187798013959387,28.239868,10.997681,0.7257107320683899,1.5002954,0.15187418
2020-01-12 09:00:00,15.948608454250461,20.081573,8.547516,33.029565747436415,42.162323,24.217953,0.6885831449138181,1.7541931,0.18247686
2020-01-13 09:00:00,16.31070638249662,19.219818,11.934662,31.15326741723295,53.557167,17.16534,0.8073538985535536,1.9936421,0.011593664
2020-01-14 09:00:00,16.52071254951676,20.06363,12.063629,27.45910795203641,43.800766,15.559285,0.725903654477844,1.5270711,0.25106564
2020-01-15 09:00:00,17.10295373938726,20.587189,11.909454,11.86291151572222,23.300323,4.290513,0.6063812594859568,1.2881551,0.060612913
2020-01-16 09:00:00,17.415246566104827,19.578949,13.330902,14.15532342988736,24.960072,8.63976,0.6862094764963497,1.3578848,0.109427914
2020-01-17 09:00:00,16.016714851637914,20.664703,9.7916565,26.26623425124297,65.6772,9.474074,1.6998367574655782,2.7569444,0.67865896
2020-01-18 09:00:00,15.93638679058472,18.9393,11.146698,15.074536620608145,22.512478,8.691065,2.230888156783113,3.935785,0.8497361
2020-01-19 09:00:00,18.151656970412887,20.555054,14.200165,12.626584460368676,18.985218,7.773011,2.515371271740454,3.995988,0.8488351
2020-01-20 09:00:00,20.44157035807632,22.866852,14.860992,17.400451923703066,21.200771,8.811791,1.560571958219915,2.763116,0.37093598
2020-01-21 09:00:00,16.80367695739949,19.502594,11.6354065,29.723940619840576,43.69438,20.948288,1.0058047362674967,1.7230953,0.40484625
2020-01-22 09:00:00,15.363261365105188,18.825714,9.766022,63.81781511635086,81.67219,54.383125,0.7426584427438141,1.5948962,0.28314316
2020-01-23 09:00:00,17.635197915671938,19.892975,13.547028,36.36896801232153,41.346897,32.314056,1.5553248198289038,2.7785728,0.34465483
2020-01-24 09:00:00,21.74790067697728,24.202301,17.010895,19.4432763788186,28.868597,13.694118,1.256029035208356,2.437617,0.010034351
2020-01-25 09:00:00,21.32251064930523,24.023163,16.77707,23.320644274096523,29.73674,15.697678,0.9255519389395465,1.9104522,0.14142929
2020-01-26 09:00:00,21.599079739460763,24.410797,17.395172,24.184348378505366,33.25402,16.307007,0.5720246742789996,1.0031978,0.090794116
2020-01-27 09:00:00,19.280181470714524,23.636627,14.09317,26.444877831415642,38.234802,13.848084,1.2880432367647607,2.3212483,0.3239749
2020-01-28 09:00:00,21.364021933595723,24.431305,16.185211,25.388600187589315,36.0476,16.793514,1.4955214621749298,3.0100827,0.094004296
2020-01-29 09:00:00,21.645573206612653,24.394043,16.560059,24.697828799105825,28.603432,14.3415985,1.8899144967700017,3.3721986,0.14309932
2020-01-30 09:00:00,18.466069823898465,21.715973,13.433746,13.468354702712665,21.62751,7.9109974,3.540432760465568,6.7942452,1.3822697
2020-01-31 09:00:00,20.641262818021175,23.08017,16.097748,12.976844533484389,17.099339,7.0055885,2.3669260316155083,4.5169477,0.65314025
2020-02-01 09:00:00,22.87407707715363,26.796173,18.846954,9.007478402445297,13.005149,4.7871265,1.6794721754969644,2.955305,0.409648
2020-02-02 09:00:00,25.59781905142637,29.868073,21.487213,15.28178357939903,19.926481,11.633827,0.7039488366804816,1.5238237,0.03954637
2020-02-03 09:00:00,21.552828302624846,26.6315,14.414703,20.244702439549144,40.1532,7.5373173,1.559833505429816,2.275366,0.140436
2020-02-04 09:00:00,10.922176532803519,15.334686,5.0905457,13.964364240895799,17.19562,10.355776,3.9438034765114165,6.348413,1.5372306
2020-02-05 09:00:00,10.371590554806346,13.31131,6.296173,10.959587883162481,17.304995,6.9295826,3.1119022159309115,7.489176,0.4532829
2020-02-06 09:00:00,14.944175674138535,17.00998,12.933868,26.759367171289444,30.585196,18.808056,1.1566100395409615,2.1796393,0.3112537
2020-02-07 09:00:00,19.106994633617774,20.949005,16.538849,19.51860279585884,26.848476,12.793789,0.634057489759505,1.3295898,0.15014136
2020-02-08 09:00:00,21.976178593634472,23.631012,18.95523,15.608383171889608,20.42501,9.956602,0.6115644922616151,1.3372009,0.10564042
2020-02-09 09:00:00,21.57049228465172,24.999634,16.72815,20.585033127837615,30.682995,14.999401,2.096281723548328,3.7305229,0.7336567
2020-02-10 09:00:00,14.403961828867125,20.7854,6.0529785,52.13538057625911,59.794506,40.06124,2.10314933173259,3.412082,0.44926423
2020-02-11 09:00:00,16.383501498964165,20.497711,10.530914,15.180126296903747,23.3052,3.132432,3.2522746819620134,6.18837,1.1407206
2020-02-12 09:00:00,16.778358731241838,19.60904,10.935211,13.009538499911818,18.705517,8.235817,1.4628167510544476,3.0923922,0.105502635
2020-02-13 09:00:00,18.456622141922196,21.523407,13.1249695,21.51161152517057,28.873817,15.547548,0.40508559601149413,0.8202732,0.09289856
2020-02-14 09:00:00,19.039859303273147,21.830414,14.658539,21.323935434793537,31.537283,15.6725,0.44951600382693124,0.8125336,0.06697779
2020-02-15 09:00:00,20.45789237012815,23.317047,15.6197815,21.038113474412537,27.095394,14.124312,0.6890250520715461,1.141464,0.31565413
2020-02-16 09:00:00,21.491565844009187,24.769989,16.672333,19.603827895019826,32.278328,11.889379,0.6656250870277688,1.2781371,0.14306128
2020-02-17 09:00:00,22.590767065178397,25.89621,18.980194,28.70366068547051,37.454002,24.615997,0.7023795004944707,1.2271171,0.067652486
2020-02-18 09:00:00,23.42682352327114,27.159454,18.468048,17.355435962511446,29.698105,9.111441,1.6834539590515494,3.6704402,0.10851804
2020-02-19 09:00:00,21.608297431593712,24.768616,17.331116,21.060914262043823,31.438793,10.017771,1.1175347385974972,2.5792716,0.0515969
2020-02-20 09:00:00,22.032190362635447,25.591553,16.769287,19.65815327832893,28.712006,9.429687,1.5576965019333548,3.3445451,0.17016126
2020-02-21 09:00:00,22.316496585000607,25.269257,17.085663,21.07983756487907,26.943869,15.393087,1.5229188182615323,2.5285332,0.21619801
2020-02-22 09:00:00,23.36325410125886,27.521637,18.640778,25.707738595704715,33.729614,18.745323,1.7957597071670077,2.826546,1.0115737
2020-02-23 09:00:00,15.469767158867171,21.12564,9.176422,56.806657769656866,87.15728,39.201015,2.6579601310394207,4.4592347,1.1647682
2020-02-24 09:00:00,20.92734235487319,24.697906,15.91983,24.709185225257876,30.42471,17.51846,1.1728153558382861,2.1528773,0.37260944
2020-02-25 09:00:00,23.501498109367787,26.847809,18.453278,10.06517926027614,15.035531,3.0277185,2.2518006302071663,4.271655,0.50694853
2020-02-26 09:00:00,22.09705943608799,25.511871,17.388824,9.550762568229974,12.012594,6.7936125,3.1787904564046285,4.911773,1.4900043
2020-02-27 09:00:00,21.02244339181118,25.628082,17.2919,11.799083211587657,14.42891,8.884865,1.913652096509948,2.8965588,0.23993005
2020-02-28 09:00:00,24.012736078858666,27.421295,19.052155,10.906501319779363,12.786171,9.11039,1.57556685534788,2.4433541,0.28772977
2020-02-29 09:00:00,24.319784770039234,26.68106,20.175201,12.48462717462015,15.269441,9.830511,1.201710328263484,2.0115194,0.39777496
2020-03-01 09:00:00,22.013596081422463,26.955536,15.041473,22.682462080753968,43.80899,12.911063,3.242421777652463,4.8905063,2.268189
2020-03-02 09:00:00,15.23403374329763,21.57022,6.246002,52.634761767957016,70.8999,34.209824,1.8569562752720636,3.246287,0.16467196
2020-03-03 09:00:00,18.968816908102497,21.302643,15.367096,19.239025790933457,26.844385,12.129541,3.5908833995678258,5.3712406,1.5811976
2020-03-04 09:00:00,24.08869497743882,26.933502,18.921783,22.834130244817747,26.704538,15.915476,1.2978991764171184,2.671874,0.17038724
2020-03-05 09:00:00,23.35974846685616,25.553864,19.712067,26.94997103295966,30.523352,22.444632,0.4496715543626953,0.85463846,0.074122295
2020-03-06 09:00:00,24.92699859538169,27.948395,20.27066,23.9676431959333,33.14719,11.999915,0.7329490641945243,1.3232408,0.17706056
2020-03-07 09:00:00,24.812256894626728,29.485992,18.652008,28.15922377876158,40.14029,20.667633,2.2252619247855345,3.3509696,1.1190948
2020-03-08 09:00:00,19.122865568733516,25.457184,11.214996,44.65137307043138,85.92235,19.719803,2.756172528509309,4.170055,1.5787954
2020-03-09 09:00:00,19.074370203323326,23.737885,11.781403,33.202299318322325,60.268456,17.828289,1.5120129019321373,2.714954,0.69119006
2020-03-10 09:00:00,19.703904220325853,24.022125,14.852203,49.02936301023437,64.80469,26.198227,1.8368536979435868,2.7417338,0.8525275
2020-03-11 09:00:00,16.792117830519544,19.527985,12.397858,67.1841412144718,87.36106,45.438377,1.0941001425320906,2.0658169,0.119886294
2020-03-12 09:00:00,19.810576975826393,22.943512,16.140778,63.04586753407014,78.873146,44.16649,0.8275485038326533,1.7685255,0.15531763
2020-03-13 09:00:00,13.538836151711052,17.989166,6.8319397,69.3143270575766,94.391174,51.12841,2.2923810780314136,4.0364428,0.91107994
2020-03-14 09:00:00,15.47114636212956,19.608002,10.119873,66.29555801907532,98.43068,39.426777,2.454568584517679,3.7679543,1.2654262
2020-03-15 09:00:00,17.004610174471225,21.475494,10.389557,62.91289828940871,91.89731,37.50643,2.139048786819427,2.9993098,0.8411738
2020-03-16 09:00:00,18.03177197972309,22.768646,11.696381,52.80877882783937,91.69102,30.142126,2.0952497285720106,2.6559303,1.2022969
2020-03-17 09:00:00,16.779578220638143,22.641754,8.967926,60.61906651221744,82.40022,45.337746,2.9177980683444504,3.784566,1.8001602
2020-03-18 09:00:00,15.046074273153579,19.927399,7.575836,49.770174411286746,71.592804,34.542023,0.8550343682332293,1.5332829,0.10751771
2020-03-19 09:00:00,12.018895142678446,15.306549,6.5221252,60.83957479172556,85.59621,37.60792,2.0609237181300344,3.746372,0.85853875
2020-03-20 09:00:00,14.495091604738548,18.171051,8.493561,65.68569543430294,84.54074,52.526733,1.4014463856789159,2.3886309,0.6007773
2020-03-21 09:00:00,16.070701957165795,20.2406,9.389038,60.568617347506084,75.681786,49.927883,0.6371846609066906,1.5707942,0.10345126
2020-03-22 09:00:00,18.870575594595152,23.309174,12.555084,46.05061241970713,55.75235,37.506256,0.939915315215783,1.417957,0.33815306
2020-03-23 09:00:00,20.086276384339385,24.542023,13.167023,53.164211406395545,74.65129,36.424725,2.841678812611434,4.568204,1.4097382
2020-03-24 09:00:00,18.503138717367676,24.246735,11.0260315,41.4110877806608,68.54822,27.017216,2.1120936971566717,3.1289852,0.9296689
2020-03-25 09:00:00,19.951659795700778,26.016754,12.018707,43.069666361047425,94.63724,12.863804,2.6073520288129717,3.4818563,1.689404
2020-03-26 09:00:00,17.16617183198963,23.892487,9.378815,47.473767975913916,76.864426,23.958754,3.178828556889003,4.892644,1.8028425
2020-03-27 09:00:00,14.859069557769203,20.225006,7.548004,41.303828656371834,70.88721,23.91696,2.9512796113029793,4.16159,1.3491007
2020-03-28 09:00:00,16.86767067327088,21.194489,10.734283,31.125482943010482,59.42289,16.222492,1.5046863853523742,2.1736615,0.9460485
2020-03-29 09:00:00,18.622476200432914,23.451569,12.180084,32.92807474561578,53.125847,14.804576,1.3309091721215847,2.0898566,0.7184129
2020-03-30 09:00:00,20.439856596287655,25.575836,15.190094,29.537179986060792,39.472767,24.226673,2.043967717482968,3.4015856,0.53977245
2020-03-31 09:00:00,23.503872430931608,26.9982,18.86734,17.852061473072933,28.102554,9.600016,0.6876703195363857,1.6941011,0.04479657
2020-04-01 09:00:00,23.73986284069923,26.52945,19.17984,22.838461463129814,35.64537,18.072342,1.075612288375871,1.9707745,0.3655115
2020-04-02 09:00:00,25.59121363740377,31.318878,17.510284,32.77600644100533,67.71359,15.120466,2.2808285932009817,3.3997736,1.4572132
2020-04-03 09:00:00,22.66761943319949,28.337067,15.108551,39.162531504912565,72.666885,19.52129,1.9831871398856011,3.2674527,1.1274891
2020-04-04 09:00:00,22.641039023345854,28.2294,15.276276,41.37156274670132,78.12384,26.02768,1.9771419684480238,3.110161,1.0036104
2020-04-05 09:00:00,22.40801635652258,27.957428,14.662506,46.45220136248207,92.984024,23.144184,3.0435954358139026,4.137625,2.122827
2020-04-06 09:00:00,19.963691477076168,26.558746,11.521637,53.99825437726463,96.76102,25.640148,3.5370161025222377,4.9326463,1.9079283
2020-04-07 09:00:00,18.040976043710657,24.882965,10.252838,69.01334793127975,99.108025,40.272087,1.680861886366366,2.7873695,0.077492885
2020-04-08 09:00:00,16.875479133339013,26.250885,7.8094788,64.02119243974796,88.82186,39.41694,1.752296399239438,2.8558059,0.80751663
2020-04-09 09:00:00,12.79775151952714,18.536041,5.0848694,68.4925339821626,94.15205,54.05048,1.6424812543863128,2.7577968,0.6093593
2020-04-10 09:00:00,13.537198968853147,21.833893,5.7660217,78.72843729355318,99.81302,42.555862,1.0302626124774568,1.9502513,0.22810455
2020-04-11 09:00:00,14.925393124168295,17.575592,9.934967,70.66247382499884,86.19761,54.4457,1.162776465028451,2.0478265,0.2918714
2020-04-12 09:00:00,19.601313902309073,22.426422,13.527985,53.367429425596114,89.33374,35.806393,2.319550127253248,3.2420447,1.4933002
2020-04-13 09:00:00,18.731850835593093,25.21939,11.190338,63.26554255717437,96.22653,36.62798,2.7056677629302546,3.7648005,1.5269629
2020-04-14 09:00:00,21.355730181164063,27.617096,14.14859,29.285557976983107,45.069695,16.518915,1.9889526261997623,3.799617,0.22789592
2020-04-15 09:00:00,22.616842841673588,26.93863,17.919342,13.283606999171406,24.349823,8.8466215,1.7796972619896658,3.3997595,0.18549821
2020-04-16 09:00:00,25.7853986019353,29.908112,19.996002,16.154037195906028,29.158741,11.578222,1.7291767091529335,2.4640715,1.0948796
2020-04-17 09:00:00,25.756384897846203,31.277252,18.386627,20.938087990755676,45.04971,13.455959,2.1948068690511224,3.4186127,1.4777588
2020-04-18 09:00:00,19.886358353339915,27.51944,11.908112,47.86836285664636,94.15865,16.737709,3.15882326457053,4.574325,1.8319039
2020-04-19 09:00:00,21.34388796715234,27.50357,14.461578,48.09070232953423,78.08117,34.444023,2.2219254175627694,2.9609377,1.4130679
2020-04-20 09:00:00,23.079074729730053,28.878326,15.12442,39.14609413337955,77.19107,16.355131,2.2436933410633033,3.0146294,1.7278754
2020-04-21 09:00:00,22.300482539625932,29.194489,14.666901,47.381345338101326,82.64389,20.04738,2.9745234558061195,4.4944987,1.3574708
2020-04-22 09:00:00,27.04507328873632,30.177643,22.535065,24.296011772662194,32.744175,17.908237,2.232251183952369,3.917313,0.4438229
2020-04-23 09:00:00,30.73175225750572,34.78824,25.574615,17.652988471673563,24.938864,12.3099575,1.7644565752163517,3.07471,0.4107679
2020-04-24 09:00:00,33.226826623521845,37.52066,26.661285,17.94236319483175,22.009802,9.118557,1.4665024636424275,2.8640451,0.04433883
2020-04-25 09:00:00,33.590186113234665,37.443024,28.112946,14.505610864660602,21.210365,11.384047,1.0545391196963558,3.0709763,0.053356435
2020-04-26 09:00:00,34.27779584952418,39.162994,27.26065,12.213354747185566,15.840988,7.5850477,1.2692256876158658,2.0577884,0.5160725
2020-04-27 09:00:00,33.99537769915162,40.818024,25.360992,13.956079134784229,31.395409,3.4286346,2.26396674457027,3.375102,0.9805852
2020-04-28 09:00:00,32.55620659868538,38.04898,23.903229,17.85406706726279,28.059145,11.473107,1.135133488317722,1.7719578,0.38589022
2020-04-29 09:00:00,33.76703628486791,39.11441,24.485504,17.218450239429856,30.579521,9.876397,1.0212469439108258,1.753136,0.45457265
2020-04-30 09:00:00,33.27127961080106,39.69449,23.02066,14.77696773981554,36.80115,5.105813,1.7843427603416315,3.0172873,0.7108727
2020-05-01 09:00:00,32.3693115977531,38.003082,24.27066,18.58790669510348,37.181896,7.4050436,1.942031100986436,2.948884,1.2368283
2020-05-02 09:00:00,31.21688252521983,38.058502,22.878815,16.198649413323775,41.371223,5.5202456,2.305379107891063,3.418629,1.239028
2020-05-03 09:00:00,30.0082330823098,36.89102,21.328522,21.42518533785297,39.925392,12.019143,2.0373826711174496,3.4364176,1.1890136
2020-05-04 09:00:00,30.798251452163015,36.828278,22.757477,13.742516922159442,22.450449,4.7142067,1.790722051152681,2.5079162,0.759434
2020-05-05 09:00:00,32.748099215098875,37.54727,26.824615,11.80038641416857,21.47435,7.28839,1.9704052953091313,3.851574,0.26376235
2020-05-06 09:00:00,34.960133190430724,39.494537,28.983795,8.04649498547255,15.713934,2.5928402,1.2036170525331198,2.1440847,0.380211
2020-05-07 09:00:00,36.87229579224413,41.549957,30.821442,7.605031749150118,11.66771,1.7679653,0.9573886258085071,1.8369764,0.37906957
2020-05-08 09:00:00,35.55877178221215,40.802643,28.308502,7.652603526921164,10.269265,2.178236,0.946432892575259,2.1871636,0.04401545
2020-05-09 09:00:00,34.51282586401072,40.5878,25.753815,8.95740477952748,13.629095,0.97661495,1.6102875010527145,3.3405542,0.81628454
2020-05-10 09:00:00,33.64513463837727,39.731598,25.202301,11.519257177057483,19.258621,0.61018276,1.9971272986281485,3.28757,0.86392194
2020-05-11 09:00:00,31.73552605583751,37.1149,23.34732,14.117328241754672,32.467552,-4.032446,2.8325830214626153,4.858818,1.6775227
2020-05-12 09:00:00,30.312866399700567,37.120026,22.399323,14.468605197824981,40.240124,6.9169188,3.4549517286523566,5.3295207,2.066035
2020-05-13 09:00:00,24.963803742202515,32.56607,17.180084,43.09980211619715,81.395096,19.600891,3.3380240742250966,4.780098,2.036804
2020-05-14 09:00:00,26.114467995927782,31.87564,18.598297,33.60217984703296,60.96627,19.24728,2.1946852114467714,3.6385274,1.4202342
2020-05-15 09:00:00,27.700570681359466,33.395416,20.934479,36.92874038102363,68.19362,22.66321,2.0169373492105738,2.6318774,1.4594715
2020-05-16 09:00:00,30.215538836690484,34.53018,23.938385,28.910192862362614,44.41246,21.88084,1.2087618566348621,2.393639,0.334945
2020-05-17 09:00:00,31.350793342429597,36.389557,24.981354,28.18437920912278,42.707035,22.220291,2.4697642749420528,4.3422265,0.7345085
2020-05-18 09:00:00,31.10127447705173,37.012604,23.580963,18.845198430559964,41.355423,2.643011,2.9315222222643644,4.628089,1.7521139
2020-05-19 09:00:00,26.616936343344832,35.22525,16.819,33.62999125057808,71.73784,12.338702,3.788956429444555,5.685577,1.8804482
2020-05-20 09:00:00,23.302261962287957,28.504303,18.108795,26.331379278208285,52.17791,13.818976,2.254824400191868,3.2346363,1.3300339
2020-05-21 09:00:00,27.214234717126885,31.161774,22.376617,19.04899529757799,28.198261,13.096659,1.2011598069071079,2.311336,0.20980021
2020-05-22 09:00:00,30.228073805188558,34.210846,24.736237,15.098055060277167,26.02074,10.217906,1.8780997981040919,2.7577899,0.8501482
2020-05-23 09:00:00,29.245941611916862,35.404205,21.634674,19.322362676289814,51.26363,5.91988,2.391944471905393,3.2536368,1.463626
2020-05-24 09:00:00,29.124923962024468,33.930573,23.582184,14.30722147851375,28.674576,7.3418665,1.987634553945951,3.1669896,0.7428404
2020-05-25 09:00:00,31.429511998827593,35.314606,25.704987,13.687318237984856,24.787054,5.495223,1.7342825055238213,3.5792072,0.29654115
2020-05-26 09:00:00,33.94273772594386,38.013336,28.554352,13.183709432643226,18.648378,9.410097,1.4754717458893627,2.5334148,0.5177231
2020-05-27 09:00:00,36.28700352292128,40.92984,29.058746,12.88011279956288,21.20045,8.02467,1.3967808332723552,2.414183,0.6274276
2020-05-28 09:00:00,37.66064112008223,43.2648,27.893707,15.068136196042552,23.676792,6.2582407,1.9566276559117468,3.6673043,0.91662264
2020-05-29 09:00:00,36.761610344498365,43.106842,25.43106,14.584916409698867,35.942215,0.8344383,2.1853097695709893,3.7507536,0.9598202
2020-05-30 09:00:00,34.406275997519685,42.27652,23.258942,17.187389088286565,38.48453,4.7156973,2.7074806439046335,4.0346828,1.7997897
2020-05-31 09:00:00,30.92591058645388,39.144928,22.437897,19.84445910956763,41.57181,9.2706375,2.425883458108546,3.3258488,1.6254147
2020-06-01 09:00:00,33.13805788029168,39.095367,26.330963,16.13861273733126,22.232378,9.208568,1.488005217019431,2.848663,0.6519519
2020-06-02 09:00:00,33.553051585048536,39.352448,26.471588,19.15642131157046,27.634182,12.053813,1.3892689292407134,2.7664306,0.417091
2020-06-03 09:00:00,35.82695221304584,41.090973,29.82193,14.366142850528314,17.698689,9.311363,1.4015162761039097,2.2277288,0.7147201
2020-06-04 09:00:00,38.60386638020117,43.90616,31.50772,15.299047460334704,21.794159,10.801971,1.8525181447011987,3.0013115,1.076612
2020-06-05 09:00:00,35.80995569651674,43.207916,24.469635,19.88071728557154,41.754147,10.429929,2.878464156776118,4.456211,1.8268045
2020-06-06 09:00:00,27.99864237906195,37.251617,18.595367,39.981505062937934,96.28985,9.145317,4.138422289965325,6.312717,2.5112436
2020-06-07 09:00:00,26.207035640490687,33.188873,18.4982,32.21714045371249,69.60241,9.976492,3.2404545183196594,4.616993,1.8239714
2020-06-08 09:00:00,29.34554633384596,35.716705,21.20108,14.131930240994988,22.44172,5.3283725,2.5582487866054344,4.4750857,0.24345277
2020-06-09 09:00:00,28.9002693472832,31.418121,24.269684,8.294865353183692,11.591361,3.3374548,2.3854646818672354,4.1734557,1.1930171
2020-06-10 09:00:00,33.029587460389905,35.645416,28.397858,9.431199658498006,11.067821,7.0934763,1.1515722343080566,2.3146625,0.0021002672
2020-06-11 09:00:00,35.82420817235732,40.037506,30.512115,9.642922095713468,11.981742,8.006632,0.9591738011277233,1.5305814,0.29656413
2020-06-12 09:00:00,36.124874335499385,41.74698,29.217682,7.632173015606103,14.27984,2.7763948,2.222935667888123,3.4242382,0.9371385
2020-06-13 09:00:00,33.41248957879964,40.760895,25.00113,10.660618353189427,25.07151,3.7623043,2.7818554737512033,4.0472484,1.598434
2020-06-14 09:00:00,30.56913869823927,37.320953,22.496735,19.205361337131034,49.40129,6.545822,2.246813977493001,3.2054546,1.6373668
2020-06-15 09:00:00,32.03694486708673,37.58023,25.101715,25.703081725653067,39.871487,16.34472,1.2309778757047596,2.55954,0.11959544
2020-06-16 09:00:00,33.541259121983614,39.319,24.87564,20.836110996022672,43.440475,13.1607685,2.400276037228956,3.6415732,1.0802566
2020-06-17 09:00:00,32.09814816898108,39.03946,23.537506,26.373307398908025,60.250015,9.496107,2.501963030884987,3.3719418,1.6435385
2020-06-18 09:00:00,31.637891738751705,37.54825,22.788483,24.567298926257894,44.515656,8.073628,1.702275603212577,2.8789754,0.6118999
2020-06-19 09:00:00,32.67116799603019,38.669586,22.653961,24.90943543672975,40.278076,13.824949,1.5433666171530613,2.788293,0.4250995
2020-06-20 09:00:00,34.00314210067006,39.749176,24.499176,25.57464854694534,46.91636,13.976243,1.68902006676032,3.0178962,0.89513487
2020-06-21 09:00:00,34.27453484193995,40.477203,24.555328,20.32727990813899,34.79721,8.198889,1.844605187220505,3.0145373,1.0036374
2020-06-22 09:00:00,35.98445342371997,42.442047,25.274078,14.644842491148825,26.308357,7.344198,1.9589338069932711,3.490479,0.97856784
2020-06-23 09:00:00,36.765009325928645,42.338776,27.348541,13.512970847085796,19.915354,4.4360876,1.7615196202744077,3.1571,0.67072433
2020-06-24 09:00:00,37.10941739766008,42.74356,27.735748,12.961369418631591,20.01861,7.4603834,1.7974160153464294,3.1951787,0.72152203
2020-06-25 09:00:00,36.6686619353751,42.55484,26.414215,12.328286778732712,27.000551,5.4687157,2.064643523187881,3.3221552,0.97045666
2020-06-26 09:00:00,36.67810686002747,42.843903,26.379059,12.110867270696922,21.644627,4.808689,1.9031466227019,2.865542,1.2679396
2020-06-27 09:00:00,36.658088996000004,43.137115,27.824615,18.930944189986203,33.925133,9.569665,2.159698355241761,3.8068182,1.4339437
2020-06-28 09:00:00,36.02641088417539,42.34659,25.754791,24.833851713423392,40.918724,16.711693,3.3927284619001585,5.3585362,1.7734627
2020-06-29 09:00:00,31.357318748062482,39.777496,21.359528,32.83993660971515,80.373795,10.813597,3.7358692044097714,5.87988,2.065843
2020-06-30 09:00:00,29.55880205464831,34.509186,21.632233,18.357502580079654,40.77952,7.1779575,1.4180829739105287,2.1144052,0.58438444
2020-07-01 09:00:00,32.42305786645028,37.626373,24.046295,17.454010506205467,34.366585,6.749094,1.4985946816107143,1.9867905,0.79001147
2020-07-02 09:00:00,32.6920377216332,38.731842,24.388092,20.882081303478564,31.68893,12.236733,2.2534240636115004,4.0810833,0.7487746
2020-07-03 09:00:00,34.56361589852031,40.10562,27.149323,15.821399449907549,30.173595,8.1468525,2.18080892355371,3.7047777,0.84451836
2020-07-04 09:00:00,36.103527056359496,41.529205,29.57022,25.307315368612205,32.93293,17.97199,1.6304975006954057,2.5989869,0.71758825
2020-07-05 09:00:00,37.23476420244157,43.13443,30.00235,19.88792280584525,25.090168,10.922198,1.8716432910551255,2.7376628,1.3065864
2020-07-06 09:00:00,38.97172402869205,44.478912,31.87149,7.0783152067429205,13.284158,2.6240015,2.084790521286996,3.4255059,1.3917813
2020-07-07 09:00:00,38.1405527516668,43.49185,30.849274,6.423799802156718,14.21262,3.209444,2.463975232921288,4.095065,1.2924671
2020-07-08 09:00:00,37.25254361028186,43.5524,28.954742,6.8304161119994,16.181309,2.2491188,2.3940483384235374,3.6177938,1.4920862
2020-07-09 09:00:00,36.629171630744224,42.7106,27.868805,3.848232658077642,11.125967,0.9459467,2.0345555026349116,3.4538138,1.1402439
2020-07-10 09:00:00,37.88258210415273,43.112213,29.282135,6.883082822932533,15.082852,-0.64813995,1.70403500254931,3.457673,0.53127027
2020-07-11 09:00:00,39.662153354877034,44.2294,32.600494,19.142165529241293,29.035736,6.772133,1.567474436033488,2.5898542,0.65656567
2020-07-12 09:00:00,40.83169726832705,46.757233,33.214264,18.998666874494553,24.136747,12.859404,2.086578663310994,2.9932263,1.3234076
2020-07-13 09:00:00,41.79675453932725,48.120026,33.444244,15.664554227739591,21.283272,5.2949915,2.609055716591518,4.051141,1.7238402
2020-07-14 09:00:00,38.57758959807768,45.617584,29.262115,10.062087069711744,18.779423,4.3966656,3.0793594021480524,4.7041206,1.6925145
2020-07-15 09:00:00,36.98403378510284,43.63394,27.319489,11.60349460533611,24.80164,3.5937529,2.394505129802102,3.7847223,1.6407722
2020-07-16 09:00:00,36.54500347060281,42.6044,27.069244,13.029007772254428,18.37767,8.926201,1.801075679493624,2.8051229,1.1073761
2020-07-17 09:00:00,37.05869898001407,43.419098,27.31363,17.925014976898144,23.408106,8.8995905,2.067861722842216,3.9822016,0.6714875
2020-07-18 09:00:00,37.462302057234126,43.192047,28.596344,13.374232790243001,21.641886,4.1399937,1.7871094612575278,3.2112007,0.9298924
2020-07-19 09:00:00,38.304772157775915,43.959625,29.608063,12.493267886360414,15.453135,6.8217554,2.2465293951452416,3.2003222,1.5171765
2020-07-20 09:00:00,38.29712231312146,45.051422,28.84439,10.180177324074181,17.829935,6.017435,2.597303874141194,3.512181,1.5472254
2020-07-21 09:00:00,37.95062508510358,43.857574,27.433746,12.91088027499875,26.669144,5.5360837,1.7621817540882827,3.8223932,0.757727
2020-07-22 09:00:00,37.16915017945399,42.66275,28.045563,13.132198265983059,21.413336,2.0702562,2.552845692832228,4.757196,0.8887918
2020-07-23 09:00:00,36.15382383969961,42.510406,26.178375,13.631035467139826,26.697327,0.7967739,2.5860386994225952,4.990562,1.3440975
2020-07-24 09:00:00,34.96434782611112,40.920807,25.737213,12.729094064005947,22.46136,5.630458,1.9652185304755523,4.231754,0.8058329
2020-07-25 09:00:00,34.88900926036206,41.006744,26.030182,16.91184645436286,27.59621,8.307486,1.5544001922861699,2.7213678,0.58360094
2020-07-26 09:00:00,36.02867423961413,41.48404,27.896149,16.81268435906262,25.274378,4.7957335,1.6063940065469149,2.5151734,0.4431818
2020-07-27 09:00:00,36.744330667195925,42.44229,29.067291,19.17251888272546,24.242596,14.993651,1.4166883097577365,1.9742354,0.26669976
2020-07-28 09:00:00,37.63612646008227,44.525543,28.043121,13.9782698077279,18.207523,10.820804,1.4906173632845703,2.000566,0.7158102
2020-07-29 09:00:00,38.719346682904416,45.23062,28.65445,6.7153294898750175,9.862599,2.430441,1.6076557700901177,2.6433372,0.8335437
2020-07-30 09:00:00,39.23954912098526,44.698395,29.749176,13.95632416406091,18.065248,6.0808735,1.4720356363175233,2.2699528,0.5002474
2020-07-31 09:00:00,41.393425168865065,47.214996,33.46695,17.17206115345608,24.558067,12.968223,1.7348252817257563,2.6564443,1.0030297
2020-08-01 09:00:00,42.33994515469698,47.95987,34.86612,10.380061219295111,15.470597,-0.19349575,1.9306292832318765,3.3087473,0.5533144
2020-08-02 09:00:00,40.337423289612104,45.52945,30.920074,4.140225321804567,11.605235,-0.9522009,2.2178130506670666,4.0021744,1.0260097
2020-08-03 09:00:00,38.02889369915465,44.120514,28.360748,10.180699322163573,20.676216,5.426421,1.9972126761962885,3.243591,1.3635594
2020-08-04 09:00:00,38.16880629508728,43.862213,28.70401,12.775037067251866,25.855164,7.362976,1.9832654618900232,3.1753953,1.0770015
2020-08-05 09:00:00,36.846516327451184,43.757477,27.35904,12.108031529134937,33.1528,5.015704,2.6485340669344395,4.3180695,1.6100755
2020-08-06 09:00:00,35.392406631352344,41.728912,26.285553,16.811146613167445,37.754234,7.4358454,2.730486356820227,4.342639,1.7230527
2020-08-07 09:00:00,34.10365865833489,40.44229,25.440338,8.547301780089139,17.28002,3.9167385,2.0104232364355017,3.3018525,1.4057325
2020-08-08 09:00:00,35.324806704657476,41.26114,27.507233,11.260085264413116,25.30547,6.7742186,1.5821676541705338,2.4508636,0.77757764
2020-08-09 09:00:00,36.890246116337494,42.817535,28.842926,14.174326275088996,26.837446,7.6230173,1.4371667674558597,2.2085729,0.55633634
2020-08-10 09:00:00,37.49628904054373,43.341705,29.4003,7.033397194559629,13.1731415,2.4331942,1.4449877056748697,2.375806,0.67805046
2020-08-11 09:00:00,37.43842379965582,43.49405,29.078033,9.44591433116707,13.273878,1.4751358,1.860678001777536,3.223357,0.6031538
2020-08-12 09:00:00,38.08230078212932,43.79947,30.024078,11.493759704696389,20.935917,1.4124794,1.4241181940441692,2.79295,0.30737337
2020-08-13 09:00:00,38.93160679987085,43.784332,31.84488,17.431088792271073,24.406153,9.960505,1.0185629123434825,1.5306154,0.5173987
2020-08-14 09:00:00,40.104355772444364,45.795807,33.100494,17.974706458268155,22.138855,10.091864,1.5187165721087466,2.578148,0.67479485
2020-08-15 09:00:00,41.273182806695615,46.242584,34.988678,14.218085691341106,20.845684,9.66607,1.178378450818418,2.0942209,0.066825405
2020-08-16 09:00:00,41.91946855278013,47.133453,35.355865,15.959773154793387,25.199856,9.059232,1.1092636563672382,2.1516964,0.18634714
2020-08-17 09:00:00,40.90321301007174,46.531647,30.465973,21.361519832659393,31.207985,14.45676,1.576358648705464,2.9481232,0.9531018
2020-08-18 09:00:00,41.092347172841244,46.25992,34.056305,20.499802289227635,24.35395,15.472598,1.533099152174438,2.6428876,0.45463628
2020-08-19 09:00:00,39.84834660588314,45.327057,33.399323,17.25307645359032,26.700426,11.660272,1.552280047360589,2.605193,0.4093821
2020-08-20 09:00:00,40.46456676032864,45.94156,30.890778,16.012159816806335,24.539156,11.952558,1.6416302963673546,3.4920256,0.8198942
2020-08-21 09:00:00,39.846759553794016,45.4711,32.156647,14.417774774982203,23.318024,9.708649,2.337876205510466,4.376093,0.39490983
2020-08-22 09:00:00,35.503662424310164,38.983795,31.04483,34.095909013944855,43.294945,23.18463,2.2024039632821575,4.318524,0.68060875
2020-08-23 09:00:00,36.55013125378696,41.60025,29.184235,37.98355531479825,61.559402,24.82972,1.918333612015323,3.168532,0.85708916
2020-08-24 09:00:00,38.45194513248464,44.60147,29.933502,26.764929868465675,45.171036,15.9145565,1.6185679260966805,2.377445,1.0339189
2020-08-25 09:00:00,38.70063543219459,45.818512,30.709625,19.88188678582611,26.207703,16.089582,1.7000192203505855,2.855847,0.98987633
2020-08-26 09:00:00,39.820956426396606,45.823395,31.860504,16.71304260513655,21.612062,13.000819,1.6655163216528774,2.591655,0.92054063
2020-08-27 09:00:00,40.01727730063362,46.21817,32.26114,12.512740657562677,21.162174,7.2969074,1.7951860808935116,2.5031087,1.0720441
2020-08-28 09:00:00,39.396561092287016,45.43985,31.920319,13.10204217579175,15.464978,10.836072,1.8474634619038393,2.3596952,1.1988622
2020-08-29 09:00:00,38.42043536174543,44.973053,30.404694,11.889848646865325,16.492584,6.148835,2.0446198267419615,3.9743056,0.8296251
2020-08-30 09:00:00,36.735291961434996,42.039215,29.152496,11.695046279236307,27.890432,2.0447893,2.27223095650255,4.555416,0.9242788
2020-08-31 09:00:00,35.22288741673583,39.187897,27.930084,17.209129627482547,35.446472,2.5235605,1.9742724662040987,3.9204996,0.7333516
2020-09-01 09:00:00,35.08035539175722,39.380035,27.764801,19.55263106787051,34.091827,2.0856256,1.954459229455272,3.608526,0.77316886
2020-09-02 09:00:00,36.38316202136389,41.608795,27.03067,17.234709914363833,25.588497,6.010371,1.2598676002693778,3.038311,0.5444588
2020-09-03 09:00:00,36.68069245667073,41.361725,28.054108,18.20870908853209,22.823124,11.790277,1.3504666931862181,2.7656684,0.5633696
2020-09-04 09:00:00,38.5889062722913,43.365143,30.327545,14.786447322051721,19.918781,11.465655,1.1206183282102775,1.9189212,0.34875548
2020-09-05 09:00:00,41.474401114112084,46.259186,36.07364,13.650370127058906,15.476285,11.30441,0.6860061983516766,1.4794986,0.034318022
2020-09-06 09:00:00,43.92511602691911,48.02115,37.655914,10.448256268508848,11.966042,8.805885,0.7214726560235243,1.7648377,0.1395936
2020-09-07 09:00:00,44.581074505969696,48.474274,38.9899,8.727868802031496,12.761378,6.217963,1.3367598186419558,2.514996,0.41037458
2020-09-08 09:00:00,38.477215348288894,44.734283,28.376862,12.506171921699165,29.16285,6.096306,2.2158824741124183,3.610946,0.847259
2020-09-09 09:00:00,31.50228851346054,36.754547,27.2128,13.39944982182585,20.0961,8.912444,3.680092392172069,6.9997153,0.3763688
2020-09-10 09:00:00,30.162315141898205,32.782135,26.024323,15.20397710017085,18.529333,10.429796,2.3100481900057486,4.9515443,0.18353899
2020-09-11 09:00:00,29.672721931474257,32.935455,25.13858,13.633122859612689,17.521275,10.574906,1.224243419533463,2.5105839,0.048246544
2020-09-12 09:00:00,31.54407641055019,34.480377,27.30655,14.807588807100975,17.842155,10.334569,0.8266638151128404,1.5192723,0.061581247
2020-09-13 09:00:00,33.45458818623706,37.279205,28.714752,14.655250874422604,19.392187,8.800036,0.7557249081567602,1.3397064,0.1923225
2020-09-14 09:00:00,34.35911533025774,39.131012,29.511871,16.439005994432843,22.06144,10.452064,0.5884159056387213,1.4706694,0.10888508
2020-09-15 09:00:00,35.68278027050536,40.65445,30.195465,15.326419170836367,25.216003,8.797695,0.7470623712710671,1.128783,0.083454415
2020-09-16 09:00:00,36.11365365164602,41.04898,29.886871,12.544526336317848,15.886386,6.366065,1.3281277125517672,2.3245015,0.7152017
2020-09-17 09:00:00,37.475405522677306,42.7753,30.855377,10.823491122338046,14.029363,4.4278,1.0863688419273343,1.6897355,0.49679518
2020-09-18 09:00:00,38.295733579777846,43.382477,31.392242,11.768632954860257,13.883299,8.070799,1.1186738246543995,1.8599358,0.23436163
2020-09-19 09:00:00,37.01645164813101,42.05362,29.987213,16.37780923863482,24.960129,13.499192,1.7681132301136875,3.0418875,0.54575104
2020-09-20 09:00:00,36.17242150396811,41.21524,29.650787,22.067619885052782,28.195969,18.207687,1.5475884337165704,2.8165872,0.43925628
2020-09-21 09:00:00,35.45740637946483,40.838043,28.263824,21.59141631302343,26.201273,17.962992,1.4415778999587172,2.8272917,0.33659002
2020-09-22 09:00:00,34.76390472206049,39.188385,28.219635,21.631920095786636,36.24525,17.112438,1.710423274635604,2.8525522,0.68909216
2020-09-23 09:00:00,34.55374108732531,39.579254,28.005035,20.322496474540415,25.113874,17.133644,1.195496906621162,1.8640673,0.76209784
2020-09-24 09:00:00,35.11854235627311,39.67935,29.661774,17.889938253644562,23.768843,11.115418,0.9100948729687887,1.3620595,0.45273882
2020-09-25 09:00:00,35.441827020384096,40.487457,29.391754,12.304251588335527,17.258442,5.4381285,1.4275298126044826,2.546825,0.8298928
2020-09-26 09:00:00,34.544888863315464,39.800446,27.626617,10.007049798101814,16.912815,5.2760973,1.1120501832314975,2.479668,0.40638256
2020-09-27 09:00:00,34.14693133728548,38.85318,27.59732,12.959219721785862,21.47805,5.4509916,0.6074597376370936,1.6905828,0.08034232
2020-09-28 09:00:00,34.66347576953052,38.655426,29.609772,15.47932765068561,20.973942,10.704411,1.5873601318155244,3.0937173,0.04382411
2020-09-29 09:00:00,35.25833690520585,38.69522,30.236237,12.260869585048217,16.151733,9.606764,1.6363783420679974,3.1640618,0.08062986
2020-09-30 09:00:00,36.55968828289815,39.5336,31.498444,10.995657422101077,13.867651,9.300367,1.400421759744911,2.5946956,0.43342802
2020-10-01 09:00:00,38.02042600152009,41.081696,32.536774,9.421251164819452,11.955833,8.0439205,1.548150480666154,2.93348,0.069504224
2020-10-02 09:00:00,38.23820724862753,41.454987,32.855377,7.520045524425046,9.437284,5.6247845,1.0323760955798928,2.0374763,0.16520867
2020-10-03 09:00:00,38.03494077051698,41.348297,33.010406,6.817673681089243,9.088068,5.0333805,0.7408637333222121,1.5472015,0.116638586
2020-10-04 09:00:00,37.00868823164734,41.16812,32.033356,6.791393553337272,9.998327,4.8182364,0.7318363110671522,1.3771107,0.3026162
2020-10-05 09:00:00,35.96766311317788,40.436676,30.155426,10.070319452907572,11.876027,5.9602213,0.9335300813054525,1.5145655,0.4386095
2020-10-06 09:00:00,35.68646786541757,39.704742,29.610992,10.404979499744254,13.43718,7.7816124,1.0176286745627552,1.5120823,0.5732848
2020-10-07 09:00:00,34.18970745899145,38.604645,27.850739,12.390873616312268,19.85397,8.081153,0.802779852577682,1.2137651,0.39022666
2020-10-08 09:00:00,33.440444933926415,38.73062,26.925934,15.436916547167762,24.679256,9.35475,1.4610870100031341,2.2601564,0.81884164
2020-10-09 09:00:00,30.693100066887666,37.025055,22.911774,21.513801409297844,48.52301,10.056201,1.917142420976459,2.806828,1.1702429
2020-10-10 09:00:00,29.402028148463387,35.27823,21.868073,30.985072749383736,59.401806,19.514065,1.7353876081854898,2.8817568,0.543555
2020-10-11 09:00:00,29.07172653563032,34.400543,21.963043,28.98218390247727,45.373844,17.632946,1.6983308581062777,2.8080869,1.0046431
2020-10-12 09:00:00,31.269440178418392,34.924713,25.975494,19.137190311919696,22.339413,16.097225,1.3678911893665426,2.5370517,0.078698166
2020-10-13 09:00:00,34.30661448173038,37.281403,29.535309,13.6951871581502,16.061356,11.481371,0.857210468462142,1.9446343,0.024782138
2020-10-14 09:00:00,35.27015970097955,38.37857,30.261383,10.434851196589273,13.374169,7.693697,0.7878612418966322,1.6892742,0.12030156
2020-10-15 09:00:00,35.87607942508254,39.149567,30.696442,10.111874952143626,12.637023,6.4477806,1.120463920476254,2.292905,0.2860284
2020-10-16 09:00:00,35.205435573190755,38.4711,30.182037,12.438669677965114,14.450127,10.903252,2.768556009009105,5.871596,0.44826743
2020-10-17 09:00:00,33.64215622906465,36.385895,29.090973,10.121273371968755,13.573843,8.679454,1.7462464626768381,3.509471,0.30551445
2020-10-18 09:00:00,33.22344689029211,37.052887,27.797028,12.263653849003017,20.082184,9.110364,1.256780975113392,1.92165,0.66470796
2020-10-19 09:00:00,32.536469762516276,36.977448,26.401276,15.991777870289484,24.903461,12.314946,1.2110613606626452,1.9231846,0.6308777
2020-10-20 09:00:00,32.10856625484672,36.30435,25.851227,12.596369012120963,19.480549,5.855917,0.9749337874527978,1.6789317,0.38030428
2020-10-21 09:00:00,31.944709164138658,36.005768,25.427643,10.117291202806749,13.277861,4.936288,0.6394312444980801,1.5012354,0.012292861
2020-10-22 09:00:00,30.404428793386614,35.066803,24.031647,14.87587886976503,21.960472,4.0618486,1.3683800242892734,2.3696387,0.3335287
2020-10-23 09:00:00,28.48700962336784,33.814606,21.556793,19.741566982106324,30.446426,6.1550226,1.2972906236801391,2.297517,0.6525454
2020-10-24 09:00:00,26.972878471393983,32.016754,20.440582,22.9585748561157,43.59276,11.264155,1.4185333455705926,2.2581682,0.60909617
2020-10-25 09:00:00,25.1886168847131,30.103912,18.473053,31.318770971191082,74.964066,13.096874,2.7777381083166097,4.291954,1.6965715
2020-10-26 09:00:00,20.444462624606842,27.55487,12.345886,15.710507881953083,22.854576,7.104575,3.253993630229699,5.8470564,0.36562878
2020-10-27 09:00:00,17.78589110611432,21.136871,14.289215,6.831972781364057,10.578494,4.466011,3.7821956932238483,7.7470007,0.88427544
2020-10-28 09:00:00,21.216461297438286,24.511139,17.718658,13.23069077815971,16.733313,9.663,1.3811729967584654,2.4522557,0.10511846
2020-10-29 09:00:00,24.592913688668716,25.68277,21.710114,16.026876070683823,21.269535,10.633976,0.9032438919777034,1.5012376,0.05642056
2020-10-30 09:00:00,26.463513772265287,29.501862,22.017487,16.56039500476542,20.989906,11.403969,1.1593669975392358,2.334598,0.14354098
2020-10-31 09:00:00,27.71133589094245,30.079742,23.058258,16.274653889360177,21.15773,12.970229,1.1500663549485868,2.2074733,0.17132679
2020-11-01 09:00:00,27.774494935643588,30.456451,22.048248,15.741002102077777,18.953682,12.5904,1.3387971489422392,2.0442502,0.24542469
2020-11-02 09:00:00,29.37740464919341,33.40323,22.965729,17.70942689241184,20.71255,15.306299,1.20025843863988,2.05142,0.14295581
2020-11-03 09:00:00,29.107267861479556,34.28067,23.34317,24.73099225611883,34.38987,15.73362,0.6565282155298894,0.97509664,0.10646894
2020-11-04 09:00:00,29.2931255296852,33.66324,23.456207,16.588276482456006,22.680534,11.684442,0.9906635711543551,2.0420442,0.15702996
2020-11-05 09:00:00,30.98636745277628,34.440094,24.776031,14.13295552708464,17.02117,10.861043,1.973752879240532,3.370164,0.687444
2020-11-06 09:00:00,30.621681421524272,34.24112,24.20987,16.865029662226963,19.226227,15.248879,0.830495244864684,1.5659546,0.27175507
2020-11-07 09:00:00,24.41238739233046,28.381744,17.64151,26.044958428287305,56.135807,15.0029955,3.7996423230954717,5.693595,2.4130323
2020-11-08 09:00:00,12.261978159286457,17.732819,4.4134827,61.619744425630785,97.16684,33.64231,3.682399892255108,6.2464156,1.7428441
2020-11-09 09:00:00,12.261612637186431,17.141754,5.4027405,51.31539558690959,64.17778,37.244186,2.25739079965319,3.8013844,0.78569883
2020-11-10 09:00:00,13.751095377234094,16.667572,7.6581116,28.410162887986456,41.92611,18.943707,1.333825094897185,2.5945623,0.28564948
2020-11-11 09:00:00,16.044226972250385,18.848297,10.823395,20.57819819372733,23.511974,16.301037,1.2458184857854804,2.7369053,0.10136293
2020-11-12 09:00:00,18.36715153133042,21.081696,13.777008,18.076982059192837,25.763382,9.761783,0.6891409225222391,1.7002636,0.0682606
2020-11-13 09:00:00,19.081387447480097,22.031403,14.246246,20.124903720981372,26.589775,15.842393,0.6812307322737574,1.1788844,0.14735223
2020-11-14 09:00:00,20.297870989661533,23.924957,15.953766,16.834680357384308,27.067015,4.4107647,0.9755054448004278,1.8445933,0.26143992
2020-11-15 09:00:00,22.690424095109336,25.770416,18.07022,9.195267544270807,18.923454,3.6856222,1.638609968362436,3.1855974,0.37117127
2020-11-16 09:00:00,24.518052249065533,26.420563,20.955719,11.302119232663877,14.144906,8.989704,2.010198696397587,3.336399,0.7127229
2020-11-17 09:00:00,26.603451527351467,28.958893,20.73233,12.058525633260723,15.329556,9.696744,0.9229054251131933,1.8904085,0.12416448
2020-11-18 09:00:00,25.533343891036736,29.23941,19.848785,23.412683855047018,28.00726,16.212868,1.3204962089421584,2.1624758,0.26846144
2020-11-19 09:00:00,23.235506001583758,28.710846,16.64273,19.14308295840406,29.303638,10.335995,1.2997675477068806,2.3189514,0.50034535
2020-11-20 09:00:00,22.299472287214314,25.554352,17.604645,13.759828635536088,26.881289,2.3763857,1.4751662377377022,2.9320452,0.2181017
2020-11-21 09:00:00,22.6755008106486,25.82779,17.9534,13.371389050690105,24.338163,3.1070442,1.6843966832291615,3.5214312,0.19619773
2020-11-22 09:00:00,23.631163531363427,26.46695,19.199371,15.502160278460465,24.826818,9.553381,1.5184251353272002,3.27016,0.070561215
2020-11-23 09:00:00,21.943978297870387,24.559723,17.155426,17.840355637816682,25.669777,9.518855,0.9745841386603868,1.7320378,0.22218037
2020-11-24 09:00:00,19.94802660565375,24.863434,13.178375,26.55681994711374,46.75162,16.62624,1.8745419810802755,3.397152,0.27261803
2020-11-25 09:00:00,19.006120024651352,21.885834,13.987396,25.772331052968656,37.50437,17.984838,0.9252406311134203,2.198463,0.04992918
2020-11-26 09:00:00,17.743209509241467,20.76065,12.838776,31.21055514122914,44.08204,25.464853,0.7725501053090083,1.3454257,0.04596025
2020-11-27 09:00:00,15.879168061886276,19.381744,9.580475,19.399501441132003,27.173471,10.215355,3.537736970570453,6.2785506,1.3201371
2020-11-28 09:00:00,16.45346834435105,19.57608,11.947418,18.156285111142328,30.997982,8.267141,2.335937536124273,3.793959,0.9091712
2020-11-29 09:00:00,18.033023538481814,21.25821,13.440338,10.904202155948246,13.845565,6.794237,1.879309792746539,3.2196212,0.5124872
2020-11-30 09:00:00,20.359417542835274,24.206696,15.142242,9.675680389453778,12.914655,5.918891,1.7074020580907947,2.8815343,0.36564758
2020-12-01 09:00:00,20.59021860434865,23.55069,15.659576,9.61356247759881,12.131719,7.3474655,1.314012353560749,2.4514542,0.20217597
2020-12-02 09:00:00,21.534108157397327,24.270905,16.585358,10.766248288149184,14.3572855,7.5083046,2.4685715865884035,5.6552997,0.40367255
2020-12-03 09:00:00,18.344478077595625,23.098053,12.857819,15.262141643409695,21.738693,8.305099,3.4945662512636892,5.6421723,1.1875738
2020-12-04 09:00:00,16.15142943147424,20.034088,12.1336975,7.473408470466961,8.868953,5.2439528,2.1241950197259283,3.2249517,0.62920654
2020-12-05 09:00:00,18.48669054865917,21.627106,13.701324,5.95661450564837,7.944607,3.964138,1.3762749346367535,2.429337,0.30711666
2020-12-06 09:00:00,18.807069633783442,20.87735,13.713287,8.832745633961771,16.374813,4.749814,1.228697157260649,2.1941211,0.21701321
2020-12-07 09:00:00,19.31662517244797,21.456696,14.985992,14.06369647381295,18.171993,10.777462,1.2947300310242933,2.1561828,0.41280937
2020-12-08 09:00:00,19.59819553736662,22.677643,15.437408,12.646236134682049,14.442797,10.860531,2.5222648834786567,3.5099907,1.3763158
2020-12-09 09:00:00,20.568751832498094,24.102692,15.28775,13.731918858436517,15.653013,12.145201,1.7323703018626604,2.3886013,0.8408222
2020-12-10 09:00:00,19.866734009302263,21.751373,15.298248,18.65561535544404,24.826641,11.421018,0.7740533201645099,1.4641246,0.16764206
2020-12-11 09:00:00,16.420827774526003,19.65738,11.17691,26.078658497400866,47.15831,16.099375,1.38313397078033,2.4674137,0.17875612
2020-12-12 09:00:00,14.78190015159771,18.942047,9.070953,41.579057783366665,63.698055,21.178394,1.1288168988123903,2.6749926,0.17200184
2020-12-13 09:00:00,15.60449512391557,19.466248,9.235779,12.4315597002641,27.124302,3.010069,2.3707614054684525,4.4362106,0.40328148
2020-12-14 09:00:00,14.076311623201832,18.513153,10.784637,16.47195119102233,28.557894,2.4172688,0.9352923720681795,1.6770779,0.16206758
2020-12-15 09:00:00,14.881812199650085,17.771759,9.371185,27.62768676064539,37.43676,18.187744,2.3372408217369673,4.6691484,0.3641537
2020-12-16 09:00:00,15.411791816812865,18.565704,11.486084,15.188903555645874,20.889828,9.395371,2.0242541311993834,3.4558485,0.5341435
2020-12-17 09:00:00,17.16225260022071,20.764679,12.668976,25.369449909485276,28.826412,20.885143,0.718719245193448,1.5256395,0.14630935
2020-12-18 09:00:00,13.9436856056019,15.938385,9.466827,36.926636805292986,46.286766,27.280113,1.2583587815914135,2.2040725,0.104431026
2020-12-19 09:00:00,16.58142685195253,19.366974,11.77066,16.275195505658477,20.470795,12.13095,2.309496649570709,4.2550077,0.6075897
2020-12-20 09:00:00,18.32382720991461,21.162018,15.493561,10.24823708054531,13.9310255,6.5231667,1.9853198910904344,3.225597,0.28758308
2020-12-21 09:00:00,21.14011896989058,24.220123,16.671997,11.923372370020614,15.098201,9.457576,1.78313372072414,2.6905005,0.2583224
2020-12-22 09:00:00,23.03887806919596,25.592438,19.240875,12.03407608819647,17.448372,8.456183,0.7511778371628927,1.7364336,0.17763513
2020-12-23 09:00:00,19.738979657624327,22.561188,14.5104065,8.587202997828255,15.289429,1.74718,1.349485417456117,2.7524533,0.29832038
2020-12-24 09:00:00,14.687912522619058,19.177948,9.465546,5.713508947625594,8.932136,2.1122437,2.8512013654176753,4.5240645,0.2529896
2020-12-25 09:00:00,13.691243959070846,17.759949,10.726746,19.639089530867025,47.436195,5.1588497,1.780645123663141,2.666419,0.29790288
2020-12-26 09:00:00,18.181634151873993,21.52707,14.638397,25.10882932632518,29.979893,17.237705,0.8700058219644786,1.5704207,0.36718693
2020-12-27 09:00:00,18.61786189322504,21.029968,13.899109,26.956093900704282,43.342484,4.3452406,0.87986559810132,1.5584581,0.2366404
2020-12-28 09:00:00,15.698063038771181,18.89975,10.4427185,38.425632713044536,60.762955,27.512953,1.119164749674008,2.311956,0.17213236
2020-12-29 09:00:00,11.40613211450625,15.579224,5.374359,64.29321158136587,82.10936,51.83795,1.25383060302583,2.047999,0.27381372
2020-12-30 09:00:00,13.481246567499056,16.624847,7.4749146,10.975927679502766,15.013088,7.274807,2.823261403402814,5.034476,0.8216135
2020-12-31 09:00:00,16.452758828361482,20.032135,10.350494,9.092013147785982,18.279593,5.15872,1.2234453351053725,2.4458387,0.19974944
2021-01-01 09:00:00,13.976344135369402,16.982086,7.9083557,28.17679268185833,36.128227,17.629692,3.1046104673515296,5.5183196,1.120099
2021-01-02 09:00:00,16.836119974023404,19.914764,9.631561,31.652176977023245,35.105965,22.93845,0.8434603015470715,1.966472,0.086906455
2021-01-03 09:00:00,16.134984864416253,18.499176,9.846832,32.41334974216247,44.48562,26.118431,0.6884981242642688,1.268435,0.29328248
2021-01-04 09:00:00,16.839777224896523,19.09439,13.2135315,28.504120815659928,37.355343,23.651455,0.8519207216753731,1.8335327,0.078312896
2021-01-05 09:00:00,17.173033839341826,19.217926,13.424957,11.128046110367345,19.531137,4.5673323,0.8989455826380852,1.5308887,0.17375956
2021-01-06 09:00:00,18.863056430390486,21.464996,14.810699,10.670493427338318,14.280698,6.510584,1.758488242989627,3.457023,0.38995537
2021-01-07 09:00:00,18.658052266724496,20.782867,14.519196,14.93944441400703,19.245543,11.1827545,1.2587168751469304,2.428872,0.1831908
2021-01-08 09:00:00,19.460059505262223,21.571136,15.211761,13.985552531585952,17.994549,6.927307,1.3767532946744592,2.735327,0.16250004
2021-01-09 09:00:00,19.0192486211929,21.119537,14.475006,11.077563126014349,15.669223,4.723485,1.520943231877452,3.1419013,0.17797981
2021-01-10 09:00:00,17.865049651631068,20.584137,12.150543,19.5237955603482,29.452002,7.3855953,2.670284568935038,4.890481,0.8081123
2021-01-11 09:00:00,16.90453965224407,20.448883,12.745758,21.88454920030185,26.366405,18.181608,1.9011595989128838,3.4604528,0.5701247
2021-01-12 09:00:00,18.03245157834823,22.375153,13.177887,15.561880873224176,20.731537,8.433601,1.6244231305193892,2.6893313,0.39554986
2021-01-13 09:00:00,17.45758065466572,21.30484,14.283356,10.149131913849194,12.956645,7.3043013,1.4246826456096016,2.4563763,0.3108363
2021-01-14 09:00:00,21.42851329003878,24.636871,18.14859,14.7053225188693,21.289925,7.2586756,1.9468175134093486,3.7044296,0.13981794
2021-01-15 09:00:00,24.906670878554735,28.175446,19.860992,8.960201934314634,14.336952,4.6520796,3.344398730012408,6.849111,1.0402697
2021-01-16 09:00:00,25.87825166827855,29.421783,21.835846,5.591435929285285,8.546517,4.038705,1.9547883823908716,4.0330706,0.26593533
2021-01-17 09:00:00,25.687737698836145,28.569733,19.891998,11.279133312649979,17.093477,5.790694,2.482107942253202,4.3176274,0.91394496
2021-01-18 09:00:00,24.507320065016984,27.781067,20.140442,10.245998358974685,13.817586,3.7021408,1.5072283510330655,3.1175635,0.23110013
2021-01-19 09:00:00,21.47278658293493,24.005798,15.68158,16.59124531642245,21.466705,8.744048,2.3706737326921656,4.02054,0.6573581
2021-01-20 09:00:00,14.263731196106107,18.483612,9.676971,45.88861849317037,56.923027,37.936947,3.398678575406135,6.0152364,1.7797256
2021-01-21 09:00:00,15.934804488226462,20.626862,11.586212,70.81918235939726,81.562904,52.7622,1.7374374458375628,2.5404212,1.045011
2021-01-22 09:00:00,18.402195750945396,20.849518,13.747955,51.94207037992135,70.49965,41.20571,1.6358352121277988,2.768329,0.6518599
2021-01-23 09:00:00,15.17200033474495,19.046906,8.058624,59.35392701184632,88.93021,37.343803,2.7702123066600755,4.3538394,1.2244152
2021-01-24 09:00:00,10.60979498961649,16.546783,3.2977905,67.43168036953973,94.59408,50.39877,1.5236177574479721,2.576831,0.06464667
2021-01-25 09:00:00,12.090930850037807,16.688934,4.450653,63.84756825732154,83.61904,44.581963,3.1796816060322017,4.935383,1.8846431
2021-01-26 09:00:00,7.598796872884179,11.905792,0.1980896,45.890354390173584,67.985855,28.360851,2.359197219263116,4.0487885,0.83537924
2021-01-27 09:00:00,10.47431515500773,14.645905,2.111969,43.43525141746077,56.546158,12.102985,1.5045384858623396,2.404426,0.32382253
2021-01-28 09:00:00,12.814832578644825,17.168701,7.4818115,43.72352155077692,54.42472,28.634428,0.9107579776808739,1.8659493,0.115541264
2021-01-29 09:00:00,15.95062009128543,21.021149,8.030914,47.58245329630727,60.707413,28.266006,2.2923755628591977,3.3572502,0.87880397
2021-01-30 09:00:00,11.256392574094491,15.855347,5.653717,51.81947374305523,67.43361,39.13673,1.2841428690703192,2.5863776,0.21102177
2021-01-31 09:00:00,15.244735114278058,18.720184,9.034302,21.308351495293095,27.558792,17.004105,1.814953445944433,2.889318,0.5446794
2021-02-01 09:00:00,17.679281306152575,21.591278,12.370026,17.63613034357366,25.524307,11.445681,1.6558171811882985,2.733105,0.54421026
2021-02-02 09:00:00,18.69500381540655,21.02417,13.147217,35.20718826633774,47.906685,20.867622,0.8701618629953899,2.3401942,0.22369625
2021-02-03 09:00:00,22.548868510554655,26.66861,15.236969,23.87226289587117,31.588757,17.416882,1.1358108763687358,2.2333653,0.22749764
2021-02-04 09:00:00,21.339243504069543,28.086945,12.676788,24.098916489235517,44.11651,14.095445,2.0746417155683723,3.8618617,0.13665438
2021-02-05 09:00:00,18.719015143358888,21.489288,14.527252,14.895964772789092,22.197716,8.135216,2.430412703310672,5.761067,0.26189324
2021-02-06 09:00:00,21.897606544412838,25.106598,17.61441,11.987497982029435,16.958168,6.8878565,1.6253621528343813,3.605715,0.22100747
2021-02-07 09:00:00,22.631369667903073,24.779877,18.777924,9.39765922705113,15.283901,3.6661787,0.9632982050885701,2.0307195,0.20229426
2021-02-08 09:00:00,22.138588084350147,24.746735,17.401031,12.491906625163924,21.354485,9.451005,0.7700674578677028,1.2830627,0.16443771
2021-02-09 09:00:00,20.61766066453447,25.120056,15.256775,15.241707116132782,25.378862,9.546396,1.4975166956762758,2.4939735,0.30140957
2021-02-10 09:00:00,17.681446284887045,21.738983,12.326996,23.19646719385122,50.2867,4.673419,1.2830482637197826,2.1060855,0.65077853
2021-02-11 09:00:00,20.379943896239695,24.568329,14.303864,31.38070439159812,43.601124,23.076672,1.2505596737198836,2.1570935,0.50723153
2021-02-12 09:00:00,22.01989168208877,26.08841,15.910675,29.37566649836976,44.972008,23.012264,2.3172804454611673,3.6949449,1.1468683
2021-02-13 09:00:00,18.424807334606044,22.164429,11.928101,32.18559543431068,54.005276,20.119106,1.9183301602624692,2.8955882,1.1158042
2021-02-14 09:00:00,16.4928572728179,21.977203,8.965912,31.869398169120835,64.37051,17.681503,4.047090588104636,6.6107435,0.50579715
2021-02-15 09:00:00,16.496594879927557,19.84671,10.403351,23.790491108329164,38.19532,17.150028,1.5843007694041347,2.4561765,0.57178295
2021-02-16 09:00:00,16.470401871260094,20.635284,10.070831,43.22479625795364,86.601166,19.192806,2.3333970383866722,3.7830076,1.0536555
2021-02-17 09:00:00,18.158112620802967,22.62918,11.349884,27.269482961433607,48.26246,14.430958,2.7213235774710056,4.748792,0.5192867
2021-02-18 09:00:00,16.25276418202634,19.64087,10.13501,15.052155391275944,21.920158,8.417843,3.4867993205134056,6.0692196,1.6522962
2021-02-19 09:00:00,16.506063309093918,18.985504,12.971832,10.055323921450565,15.179921,4.952036,1.2862719564274308,2.9263923,0.21662162
2021-02-20 09:00:00,19.923032679939467,21.446014,17.61203,17.47456417832018,24.91847,10.467994,1.1043191139523865,2.560456,0.10805755
2021-02-21 09:00:00,18.481647949653734,22.943756,11.547272,17.662543003859184,22.777716,12.621465,3.2384089465008117,5.987025,0.76315624
2021-02-22 09:00:00,18.860099443929073,21.868805,13.232574,12.416627225747526,18.239086,7.0159063,2.9782726316412624,4.774924,0.838288
2021-02-23 09:00:00,21.926594655377755,25.487213,16.137604,12.982492803563542,15.922708,10.332107,1.5403177477452583,2.658851,0.42035145
2021-02-24 09:00:00,24.242509940961952,26.956207,19.215973,16.367699379367966,19.766838,13.360099,1.1093535363222193,1.89031,0.3869578
2021-02-25 09:00:00,23.55475654914676,27.872955,16.880768,14.238458029315968,21.399456,5.6377363,2.385294776405045,4.620116,0.10207728
2021-02-26 09:00:00,17.02713567691376,20.566925,13.731354,5.821565699419215,7.6778097,3.9601145,2.058927689019818,4.090802,0.25916755
2021-02-27 09:00:00,20.822149770092324,23.095795,16.312592,7.417233654009719,12.7135515,3.721364,1.0131167345126484,2.0398061,0.16098998
2021-02-28 09:00:00,19.07673645156683,21.872223,14.481598,15.966488585645102,21.47667,9.078231,2.9903370363610855,5.7526975,1.1769927
2021-03-01 09:00:00,15.345398023475127,19.930328,10.158173,10.293035550307692,12.798774,7.6386175,2.4147604538129657,3.5111294,0.5445979
2021-03-02 09:00:00,17.829553931638486,22.42221,12.662689,9.643855033897637,11.668714,7.130864,1.5725657687834957,3.2202382,0.33247703
2021-03-03 09:00:00,21.381437362825466,25.38742,15.819061,15.768996533086257,19.08223,10.221076,1.4148959093736058,2.3952992,0.613645
2021-03-04 09:00:00,14.059416421388278,17.134125,11.311859,40.43459819989528,66.19702,29.052486,1.2817904544209762,2.7769642,0.125847
2021-03-05 09:00:00,20.22915404240871,23.124725,16.255585,24.15616338251537,31.312038,14.7574215,0.9995172630354477,1.8603066,0.18607114
2021-03-06 09:00:00,24.590352117702196,27.89093,20.056946,16.721876362428283,22.062157,9.153156,1.070125864162179,1.5297645,0.62267596
2021-03-07 09:00:00,23.65539627904792,29.619324,16.236511,14.277658207141538,27.11496,5.61199,1.2179324522915393,2.0185888,0.5152518
2021-03-08 09:00:00,21.87373719587822,28.293976,14.442413,20.816047841162167,55.468575,2.157425,2.190231057742183,3.313997,1.5074198
2021-03-09 09:00:00,20.266800689780894,26.946198,11.854401,30.55659151614617,62.50025,8.398422,2.9301104671210876,4.295369,1.7130874
2021-03-10 09:00:00,15.984095520652204,21.822906,8.295563,37.13374464610192,68.47653,20.144505,3.5423031754626657,5.991124,2.0773125
2021-03-11 09:00:00,12.09903900030281,17.83194,3.490387,60.85435992250718,96.228966,36.01587,2.7371612609545775,4.6194196,0.9633902
2021-03-12 09:00:00,11.368480263919992,16.357819,3.629303,59.913421271541516,84.21919,41.216866,1.2635798762230006,1.8822503,0.25537914
2021-03-13 09:00:00,11.84840904234943,16.172272,5.3192444,46.21911648385515,84.68883,17.69037,2.299512064967011,3.47146,0.5256785
2021-03-14 09:00:00,17.139580516735805,21.950104,9.716949,31.468310235322257,64.18222,14.701749,2.2519673302352397,3.1896517,1.0695508
2021-03-15 09:00:00,18.907164804213096,24.11319,10.474518,38.916855817226086,84.369194,13.221766,2.9479202144527665,4.2241716,1.8463367
2021-03-16 09:00:00,14.102462006343899,21.778473,5.5001526,51.48094496405848,88.287254,33.15708,3.479930219559645,5.804697,1.362291
2021-03-17 09:00:00,16.500136370451912,19.689087,9.650055,38.287205001708536,49.47363,22.61816,0.728826472807574,1.1562027,0.080306
2021-03-18 09:00:00,19.571943808583455,23.541412,14.448395,21.086189794743397,30.205763,6.9599676,0.4703928266488008,0.9432937,0.0525489
2021-03-19 09:00:00,22.847570535281136,27.467926,16.868317,13.592570426185938,32.713814,-1.5409718,0.7994541070203321,1.5223417,0.33680657
2021-03-20 09:00:00,24.287085535653716,29.944733,16.659576,37.41914139386272,74.0216,20.041132,2.6702680433062387,4.1595607,1.5119358
2021-03-21 09:00:00,21.19817144094685,27.934723,12.219879,25.516037323056462,53.332745,10.1793165,2.4513306938329507,3.8527038,0.8189677
2021-03-22 09:00:00,18.79981194864456,24.205475,11.684235,19.70687170714127,42.987274,8.971289,2.790123880526545,4.803427,0.5381666
2021-03-23 09:00:00,20.067286041534203,24.220856,13.222809,28.96386616126513,58.71204,17.27454,2.5078450573464584,3.7527368,0.75389296
2021-03-24 09:00:00,17.726689506140247,21.535309,11.655914,27.521171187282803,33.21281,17.322186,4.094204829887834,6.991722,0.5066242
2021-03-25 09:00:00,20.06111689288082,23.51773,14.494293,16.408759146363238,30.964214,11.479839,2.5864637069429737,3.4776092,1.812247
2021-03-26 09:00:00,14.765066435400911,20.88028,8.072174,57.39646703347551,94.906944,40.945023,2.7837040305265606,4.909772,1.2680548
2021-03-27 09:00:00,19.376086652729782,22.269684,14.0746155,21.640748331513738,29.6497,13.0174675,2.298116254735531,3.8563251,0.29762924
2021-03-28 09:00:00,24.749339584936138,28.088043,19.302887,16.25749689984797,21.142963,11.568745,1.5453138631845205,2.895726,0.18147734
2021-03-29 09:00:00,27.90586775688581,31.227692,22.872223,11.487373040881922,15.086053,6.293084,0.6808482771599673,1.1020827,0.30781016
2021-03-30 09:00:00,27.934296380253784,33.2482,20.019684,10.599675993038847,25.665977,3.766614,1.5484111307540367,2.4196498,0.505384
2021-03-31 09:00:00,25.166310412660266,28.205963,19.590729,7.589746536544198,10.071397,3.0206156,3.3810391013249492,5.826698,1.3524278
2021-04-01 09:00:00,25.646257658004856,29.361969,19.457672,7.766468877768742,9.525013,5.153919,2.054534440690582,3.1190965,0.78433114
2021-04-02 09:00:00,28.06507875384682,32.293365,22.142975,8.262490880405908,12.058432,5.614358,1.849573744732375,2.74618,0.861111
2021-04-03 09:00:00,29.86866027973997,35.35733,22.372955,8.124259491537849,12.727228,3.5215654,2.0082307020395844,2.8554406,0.9771694
2021-04-04 09:00:00,30.357539648754482,36.74356,22.632233,6.191550614814105,12.930948,2.748724,1.9668026871280684,3.2448795,0.9172708
2021-04-05 09:00:00,31.005671424158948,37.24649,23.232819,10.753212362605357,21.808983,6.1292953,2.561218234199462,3.9946656,1.3436207
2021-04-06 09:00:00,27.8820965413953,36.06436,19.048737,16.772585600209855,36.015163,7.9449024,2.5600077652972315,4.0035,1.2321856
2021-04-07 09:00:00,28.011095697620362,32.459625,22.507965,15.639038654920634,24.255682,8.768571,1.2703845724762046,1.8175491,0.7327222
2021-04-08 09:00:00,29.842160944567695,34.91739,23.19278,17.938605349929734,34.58088,10.000977,2.6352726494112098,3.7927432,1.5106814
2021-04-09 09:00:00,28.53458211847726,34.822174,21.222565,12.551205100015213,21.976202,7.1601925,2.4453944883817105,4.179076,1.1632774
2021-04-10 09:00:00,29.351756733631476,34.53946,22.87149,13.38483508696294,21.96162,8.281932,1.5656549181356771,2.6764193,0.64228004
2021-04-11 09:00:00,29.487821603322345,34.432526,22.629791,13.934988842025152,28.015375,6.7185,1.5161594014460666,2.2519038,0.8429315
2021-04-12 09:00:00,28.466264115732372,33.41568,21.206696,15.10766222611156,35.663628,6.415373,1.4383796565878597,2.5381126,0.83518064
2021-04-13 09:00:00,27.41521017727814,33.118073,19.159088,22.49047355844189,56.31358,5.141703,2.9129841265250582,4.567525,1.8308382
2021-04-14 09:00:00,22.77626457607994,30.133698,13.752838,33.38140359662869,77.24402,6.5418167,3.526879493780909,5.206554,2.1871622
2021-04-15 09:00:00,22.03759879137641,28.584381,14.580475,19.233625100220074,48.958523,1.836854,2.7454052265207625,3.736903,1.4942913
2021-04-16 09:00:00,23.239816680299896,27.745758,17.581696,18.395290249200528,34.134705,11.853455,1.4139070199221788,2.3518822,0.35559678
2021-04-17 09:00:00,24.998677946166538,29.983795,17.78653,19.313300983405554,32.653374,12.56578,1.6574306494868065,3.100311,0.7236887
2021-04-18 09:00:00,25.03392869156562,29.080719,18.123688,15.42332646143899,19.32072,9.99973,3.4987809375633594,5.802995,0.82425666
2021-04-19 09:00:00,26.581036999519768,29.753815,21.652496,8.55317355632789,10.266004,6.3412886,1.9658458750318555,3.4688768,0.43240806
2021-04-20 09:00:00,29.19829408512703,32.94571,22.947662,10.015865974184983,18.5147,7.127981,1.8391026500098813,2.593789,1.1594799
2021-04-21 09:00:00,28.07351741319883,34.258698,19.592682,12.104133740036293,31.219618,2.469389,3.459944357528502,5.1298585,2.0638077
2021-04-22 09:00:00,20.69279472229516,29.076324,12.224762,48.60307453965133,97.3648,21.040413,3.455265719654775,5.1901994,1.9159569
2021-04-23 09:00:00,23.05465578062507,29.01529,15.794098,31.734838259534925,70.19763,14.454534,2.880194435314071,4.037252,1.7959274
2021-04-24 09:00:00,24.95332730422558,30.797516,16.871735,27.782165974283295,59.88442,13.89559,2.8109074110455023,4.5909877,1.4933909
2021-04-25 09:00:00,26.1771415010096,32.893463,17.965729,21.642719681121186,57.1428,7.1446075,3.2787550294219536,4.7171044,1.675317
2021-04-26 09:00:00,23.442839106939573,30.633453,14.733063,34.50979684714608,80.09566,9.078355,3.5940071887669625,5.125626,2.3803914
2021-04-27 09:00:00,16.63306111179577,20.852448,10.125885,56.26624259539804,81.8384,29.85793,2.724725908438318,4.1935024,1.483011
2021-04-28 09:00:00,22.834456243545162,26.058258,16.95279,26.32641789772409,32.634727,20.66816,2.4797943030808933,3.9609091,0.50326335
2021-04-29 09:00:00,28.825321444343558,31.797028,23.578278,12.33837305147691,18.990372,6.300727,2.4815549805746926,4.401517,0.46367896
2021-04-30 09:00:00,32.923963554267914,36.14981,27.571686,10.597890466975054,12.4742365,7.841424,1.2477172244105408,2.2622721,0.10534044
2021-05-01 09:00:00,35.61481742446409,39.91153,28.591217,7.743887640882753,14.392439,2.9354076,2.4007022098752073,3.5522928,1.4597234
2021-05-02 09:00:00,30.090805186102216,37.093903,20.86148,9.859650371801704,27.102589,0.13383865,3.495935295220908,5.263375,1.7044306
2021-05-03 09:00:00,27.262772835154294,34.61075,19.754547,19.745908253225558,38.27832,9.293355,3.320638733628689,5.1074905,0.8111542
2021-05-04 09:00:00,28.750435506797942,32.510406,23.734528,13.483409061080831,20.413744,6.9585896,1.5812638973229254,2.3565269,0.24041657
2021-05-05 09:00:00,31.468842192397176,35.31436,25.99405,13.174929186475671,16.9556,10.760426,1.0544553947494564,2.3913388,0.44558132
2021-05-06 09:00:00,31.690912179129555,36.37857,24.81607,14.233384480890365,22.525593,3.5060616,1.5554614461011989,2.8052232,0.40643498
2021-05-07 09:00:00,30.788477076426943,37.195953,20.789703,19.56562990795707,41.38986,6.0695457,2.3847880462532585,4.0281534,0.9023911
2021-05-08 09:00:00,29.454697990521424,35.65982,21.40982,17.37698270073001,38.39932,7.5702696,2.2737272870383265,3.2774172,1.2968868
2021-05-09 09:00:00,29.969663147829635,35.05606,21.433014,20.331886802852694,44.35019,9.760169,1.435856968379001,3.1122277,0.45919383
2021-05-10 09:00:00,29.443110927576527,35.002106,21.037262,23.341142063541646,52.67721,10.474086,2.242297299624378,3.8323936,1.2270174
2021-05-11 09:00:00,28.791473397948664,34.335114,19.585114,22.59482216410734,39.49598,14.0862,1.0939750329655167,2.1690133,0.09879881
2021-05-12 09:00:00,30.582937404089364,35.120758,22.589508,17.263739961511153,23.737175,12.605011,1.0316575901214569,1.9452124,0.2836667
2021-05-13 09:00:00,31.72240530723775,37.470856,22.09195,15.021925747569977,27.629944,5.425578,1.6457557965073102,2.8723962,0.6306931
2021-05-14 09:00:00,31.806440857194048,37.917145,22.508942,10.103351978813423,24.541481,2.2680445,1.8771444902431624,3.0616581,1.0926595
2021-05-15 09:00:00,31.914059006824687,38.11612,22.336823,12.81674642451516,33.604534,0.95219135,2.901815185915,4.350645,1.7166309
2021-05-16 09:00:00,27.945861520703318,36.117584,18.662506,25.97400624185239,76.59353,3.0661879,3.759310368440042,5.4235024,2.3926363
2021-05-17 09:00:00,23.252725673619864,29.799225,14.958405,48.070865495023575,85.40939,27.697853,3.076346518557518,4.1965094,1.9375538
2021-05-18 09:00:00,27.11809117559062,33.00894,18.467926,28.144728112548716,52.70393,15.1911125,2.4481898617173377,3.3412287,1.337957
2021-05-19 09:00:00,31.397417518935413,37.546295,21.776764,21.04579150802591,46.55422,9.170135,2.0677958144764332,3.3053677,1.2323008
2021-05-20 09:00:00,30.51504086666114,37.77359,21.17398,22.58948023087978,52.726345,7.6052523,3.547142985779738,5.690668,1.8742619
2021-05-21 09:00:00,24.535473109179122,32.69522,16.097565,26.681734458681845,61.478256,0.5608816,4.155822942006929,6.4202495,2.2235842
2021-05-22 09:00:00,20.4752803980644,25.54483,13.501862,29.16399188319305,55.07402,18.965809,3.0363486736452687,4.34246,1.8615594
2021-05-23 09:00:00,22.77350583461049,26.562897,17.98819,22.002900388861732,37.058266,16.220428,1.4169091783139405,1.8612701,0.82302135
2021-05-24 09:00:00,27.567154169287562,30.93863,22.288239,18.195504649153268,22.629248,15.113623,1.1744864410076206,2.2657213,0.18830723
2021-05-25 09:00:00,31.61881514026453,35.19742,26.839996,15.403250814935264,21.24104,12.419742,1.0127367362723683,1.516259,0.32437208
2021-05-26 09:00:00,32.66630912326639,37.65738,25.678864,13.891379734183909,21.141582,8.464048,2.1503406586398763,3.368027,1.0979158
2021-05-27 09:00:00,30.779031435696368,36.464752,22.41397,12.417172628922863,25.04403,6.602104,2.073105661603558,2.7114997,1.5003103
2021-05-28 09:00:00,31.512494891163726,37.37979,22.825104,14.007144274110443,25.220924,6.280795,1.7207489963431846,2.751081,0.8937126
2021-05-29 09:00:00,32.17737290976231,37.66739,23.526764,15.631174439556943,38.922997,8.075979,2.1075495288558903,3.3591979,1.17886
2021-05-30 09:00:00,31.056379971086983,37.305817,20.905426,22.54908052778145,41.253098,12.061691,1.8042107824405529,3.2001574,1.1364503
2021-05-31 09:00:00,32.33458779191312,37.86197,22.264313,15.294325387048845,24.816334,9.33984,1.6479635266745307,3.3635485,0.44580346
2021-06-01 09:00:00,33.83197275925346,38.99649,24.031647,12.227480585316298,18.422161,5.081665,1.9762510050028697,3.690651,0.50548637
2021-06-02 09:00:00,34.76465723277255,40.332428,24.924225,11.07002096007142,22.065868,5.8669004,1.9827128271495502,3.9986744,0.693847
2021-06-03 09:00:00,36.890107078437325,42.38028,26.27481,13.050196429898385,20.394884,5.658409,2.475115661767797,4.8645053,0.76045793
2021-06-04 09:00:00,36.95885388955611,42.578278,25.334137,12.952178495394705,21.951992,7.8424387,2.356465582495626,4.4100313,0.8499432
2021-06-05 09:00:00,36.615199994960165,42.830963,25.920807,12.838777361559687,24.75187,8.563459,2.567082952468034,4.2208214,1.4885293
2021-06-06 09:00:00,36.17028299386641,42.716705,25.433502,11.30566494951297,24.122862,6.832633,2.7342813784204307,4.2774796,1.6160872
2021-06-07 09:00:00,32.70118295588554,39.55362,21.455963,15.53728476864959,43.10692,4.743638,3.000103897166258,4.737169,1.6786374
2021-06-08 09:00:00,28.59372283380361,36.710358,19.44571,20.131061940087157,51.648907,4.470356,2.9053533462985546,3.9866087,1.8962725
2021-06-09 09:00:00,30.141561564669416,35.68741,22.86905,22.098713016030604,36.010796,13.816278,2.2572038050530603,3.082399,1.4379449
2021-06-10 09:00:00,30.35441409793981,37.281403,22.453278,9.952695454211673,27.172024,0.4072876,2.5422936420427096,3.375687,1.7413456
2021-06-11 09:00:00,29.903379744968845,34.44644,23.80655,11.832085761513067,21.355467,6.174987,1.8789276798129797,3.2744372,0.85115445
2021-06-12 09:00:00,33.92453516199919,38.44571,26.660553,10.01104882814431,19.080593,6.896428,0.9881038564551563,1.6518221,0.28628096
2021-06-13 09:00:00,36.68103266464891,42.252594,28.569,9.095821491717928,13.1665,6.7211876,1.4578199292263043,2.0773926,0.74962604
2021-06-14 09:00:00,38.635562978456505,44.59488,29.756989,7.2071208534591795,14.789448,4.445698,1.5534403508062609,2.5920305,0.5088261
2021-06-15 09:00:00,39.66974857272663,43.822906,32.172028,6.610909129800328,8.310869,3.4140968,1.2414409788519112,2.0024226,0.3305816
2021-06-16 09:00:00,42.467657580103435,47.864655,34.952545,8.103202199380394,10.725199,4.4399853,1.046511400906599,2.7320578,0.22314687
2021-06-17 09:00:00,39.92138459150925,45.907867,27.232086,9.954711248937492,19.112633,6.038413,1.3283930071837982,2.460352,0.35632157
2021-06-18 09:00:00,41.05938197903686,47.250397,29.398834,12.30229246730885,20.849,7.716188,1.7360989475870352,2.8081856,0.7914995
2021-06-19 09:00:00,40.46980874941465,47.812164,27.530914,13.389787331461534,26.753292,7.3357887,2.0493003707202555,3.5006742,1.0811679
2021-06-20 09:00:00,40.60765685542037,48.133698,28.500885,10.809524558240238,21.183619,7.4288177,2.809098340118598,4.246852,1.4029361
2021-06-21 09:00:00,38.530141620615325,46.560944,27.435944,10.26251698710729,21.835203,6.767021,2.8448196543289366,4.623837,1.2889088
2021-06-22 09:00:00,38.23114916264717,44.42154,28.841461,14.808008137508885,20.345997,10.240414,2.1787707650648853,3.1667225,1.2616037
2021-06-23 09:00:00,35.74017439008679,40.513824,27.019684,21.179118765395675,27.85801,13.647561,1.1456102798361425,1.9531115,0.22484666
2021-06-24 09:00:00,31.51765444776555,37.250885,26.162994,35.57958498325192,45.11456,20.382328,1.2537070568644817,2.0056596,0.3034234
2021-06-25 09:00:00,33.35474439063307,39.180084,25.74649,14.561855100104301,24.0404,1.8920918,1.9518044537831576,2.7240415,1.3771063
2021-06-26 09:00:00,35.95725557250336,41.55533,26.777985,11.538240519163523,18.112164,7.4455214,1.6184054434178565,2.3653078,0.76015407
2021-06-27 09:00:00,39.0751522123569,43.743073,29.52774,13.0867190706873,17.402576,9.866637,0.9578788337997376,1.8062949,0.13320552
2021-06-28 09:00:00,40.05561272153477,45.911774,28.113434,13.46391712166529,17.642029,8.723444,1.321530032219309,2.3793318,0.12080362
2021-06-29 09:00:00,37.87153337121151,43.851227,26.07193,14.747282619782322,29.790781,10.150099,1.598508675662449,3.329074,0.3922636
2021-06-30 09:00:00,35.10210713241963,41.820465,24.775543,25.799629338929467,38.097996,14.597996,1.3371262677150852,2.2272756,0.44379735
2021-07-01 09:00:00,34.9116181919656,38.579254,27.622467,22.275762172656883,32.310448,7.8833284,1.9133447043191127,2.889623,0.55574787
2021-07-02 09:00:00,37.99430321880175,42.358795,30.860748,12.507063197090599,17.301903,7.9396896,1.6802464604448841,2.8847692,0.53892916
2021-07-03 09:00:00,36.67440179498027,41.596344,28.178375,14.511395460499848,20.157164,6.004236,1.7791098116409743,3.0914423,0.7983374
2021-07-04 09:00:00,37.081023738538136,41.94156,28.89273,19.49625645908348,33.130424,6.450737,1.7246825932780574,2.7868953,0.44696558
2021-07-05 09:00:00,36.95458269263122,43.023346,28.246002,13.4379362547709,17.05262,5.205043,1.9768457755901232,2.8120854,1.3958112
2021-07-06 09:00:00,38.020839581707946,44.250397,28.900787,10.959193292446683,18.11723,6.1310406,2.2418707881936113,3.6189504,1.4869797
2021-07-07 09:00:00,38.73517438022668,44.79605,28.727692,16.4973117722481,24.589142,8.464142,1.9798703585114097,3.834515,0.7082732
2021-07-08 09:00:00,38.97023343694309,44.774567,29.388824,22.137691042001677,32.01571,14.793053,2.1872208492038454,4.4272275,0.6438661
2021-07-09 09:00:00,38.48249565130487,44.007965,28.771637,25.67611333443183,35.074142,16.99211,2.268242088303661,4.3030868,1.0014962
2021-07-10 09:00:00,40.57756490560479,46.612457,30.350739,21.406662039579352,24.811853,16.748415,2.310751446104022,3.8566191,1.1257288
2021-07-11 09:00:00,41.551510071554446,47.99771,29.364899,18.15242873061996,25.422651,12.373587,2.481677262462474,5.572149,1.1270193
2021-07-12 09:00:00,38.869808407652044,44.145416,27.149323,20.078155511628,26.549488,16.050377,2.595489250111188,5.542505,0.66052616
2021-07-13 09:00:00,38.13604708042385,42.875153,28.343903,34.02308907812372,41.878548,22.089851,2.176079986519733,4.0800595,0.47441536
2021-07-14 09:00:00,37.02411681993482,42.600983,28.378326,33.133450327428456,41.207268,22.422014,2.549765913121424,4.450206,1.162616
2021-07-15 09:00:00,36.676456924746844,40.792877,28.94522,35.935779139720154,39.702652,29.698101,2.367521530717359,3.6784418,0.9871129
2021-07-16 09:00:00,37.446245051961796,42.18033,29.834625,25.910389325908373,32.10305,20.95383,2.401625272241149,4.071409,1.5364355
2021-07-17 09:00:00,37.97163798001077,43.201324,29.14859,26.1363853182735,35.219124,20.391577,2.3437376084424013,4.3368,0.7409839
2021-07-18 09:00:00,35.011469965199524,38.20157,30.615631,36.77737596097287,43.872635,15.2222185,2.0158860449307103,3.7620244,0.67181635
2021-07-19 09:00:00,36.54195888766674,41.101227,29.151764,35.02419813968693,45.26611,25.908482,1.3349791464889262,2.314767,0.26801422
2021-07-20 09:00:00,37.279864773993836,42.038727,30.94107,29.610621469874356,37.39678,23.252247,1.2566184125845279,2.0661702,0.36172682
2021-07-21 09:00:00,38.24862439539555,42.361725,31.523834,28.637896090102085,36.13804,19.51619,1.3080075275064957,1.8607218,0.6570074
2021-07-22 09:00:00,38.22768691844874,43.230133,30.403961,25.289258030373087,32.82456,19.410496,1.8443806840273291,2.7172072,0.77342826
2021-07-23 09:00:00,35.85795839776114,41.904205,27.665924,36.39022047051146,43.389565,22.608011,2.3348395410690532,4.3546977,0.80939054
2021-07-24 09:00:00,35.12751799516178,39.091217,28.864655,34.02535204924609,48.33005,13.890487,2.4999497040419856,4.3742723,0.5494974
2021-07-25 09:00:00,32.333219926059485,35.765045,27.251373,36.979404065498294,51.62781,20.226414,2.138608182414333,3.693969,0.8165262
2021-07-26 09:00:00,32.3453831359854,37.065094,25.46939,57.48272892677768,74.42814,33.12313,1.4161785933601565,2.48092,0.29399806
2021-07-27 09:00:00,32.595487851009864,38.755035,26.435211,38.01841117340118,51.404667,29.24971,0.8239861481863249,1.6462343,0.20446275
2021-07-28 09:00:00,35.19419064604443,42.266754,29.210114,33.407872421256265,44.737347,25.824799,0.8554516150503008,1.7517612,0.14367904
2021-07-29 09:00:00,35.585528538989195,40.44742,30.474762,23.562848876282906,27.467133,18.566397,1.164692243066415,1.7082012,0.75332
2021-07-30 09:00:00,38.123904774112304,44.59732,30.336823,19.95900069464786,28.551342,15.001746,1.593004844345807,2.3729987,1.0313299
2021-07-31 09:00:00,33.54532746839959,39.03531,28.502106,37.61734825959452,51.428978,20.904327,0.8076073644586875,1.6721531,0.047279086
2021-08-01 09:00:00,36.350948553508886,40.683502,30.173248,27.642623678687304,34.848648,19.46463,1.30979716954918,1.8605906,0.52314293
2021-08-02 09:00:00,39.04385499476672,44.81607,31.804352,15.831015324005019,22.524004,10.461504,1.353285670555704,2.2077088,0.41279665
2021-08-03 09:00:00,40.192792307009825,45.317535,33.348785,15.090861363126367,19.64364,7.3479958,1.5307297650223246,2.3998556,0.4717402
2021-08-04 09:00:00,41.053843504197175,46.68692,32.434967,14.921019066818548,19.560757,12.385899,1.4769430305124072,2.430726,0.41805232
2021-08-05 09:00:00,41.75338447582868,48.000153,31.543121,12.45734995644671,20.740826,7.8533516,1.6582543870825606,2.9673083,0.80359536
2021-08-06 09:00:00,39.54114178160029,44.68228,30.416656,12.20706133857151,19.79335,4.0955286,2.462137599576189,4.3955164,0.8150905
2021-08-07 09:00:00,38.56132806694319,43.86563,28.500397,7.507474276110835,18.511568,1.6092243,2.1241011670106817,3.9312341,0.89446545
2021-08-08 09:00:00,38.27670303350783,43.41812,28.220856,10.243161290384341,16.876598,2.8865347,1.924558607845913,3.6427279,0.88735455
2021-08-09 09:00:00,38.368571882006165,43.03775,29.961578,18.08404833832346,29.206585,5.0464287,2.481455575052445,4.379644,0.78162265
2021-08-10 09:00:00,35.72331443835748,38.61905,30.304596,28.14348344610229,42.274834,17.282997,1.8622714413513521,2.9065337,0.62393934
2021-08-11 09:00:00,36.60900406557789,40.308502,32.240143,42.62003769918033,58.72816,28.731354,1.6013219805794148,2.6411097,0.57994556
2021-08-12 09:00:00,33.923831320698696,37.949127,29.605621,39.61330551847514,52.975098,25.831161,1.7536477643346147,2.8873386,0.3835222
2021-08-13 09:00:00,36.34801016926485,39.75406,31.427887,32.425140871072024,49.65427,20.875376,2.1012958778404207,3.1396255,1.1569806
2021-08-14 09:00:00,37.444809470447524,42.029938,30.174469,29.5411093430415,38.699436,23.273603,2.0114337228010135,3.4514937,1.0600879
2021-08-15 09:00:00,35.553638285871614,39.079742,28.979889,33.57830630138056,42.63068,25.633862,1.5683139464223725,2.9074702,0.2948969
2021-08-16 09:00:00,37.39680334995444,41.49893,31.17862,36.17048163782727,49.46831,22.452091,1.9310886826212335,2.894252,0.8366633
2021-08-17 09:00:00,36.228598406035644,41.9274,28.530914,44.030539574526465,52.678352,35.854134,2.8110155530199776,4.500722,0.6889481
2021-08-18 09:00:00,34.38271053495896,39.494293,27.232574,49.09901358981972,74.20769,29.421768,3.6071734160291733,6.1635203,2.057053
2021-08-19 09:00:00,31.64057558302966,37.702545,23.44278,43.47757354730149,78.93603,20.585869,2.732977211747461,4.4890413,1.6989343
2021-08-20 09:00:00,31.712148446110746,37.313385,25.250885,33.24934917173103,54.050106,21.023678,1.4455437634588784,2.7902257,0.5172586
2021-08-21 09:00:00,32.353888373828795,37.89029,24.913727,41.91402068394685,64.788666,25.591192,1.977623657955634,3.3722692,0.4747292
2021-08-22 09:00:00,32.53475665320178,39.352936,23.407623,31.129752581351735,60.16234,7.473609,1.816290027580058,2.9038198,0.66758424
2021-08-23 09:00:00,33.22915455311801,39.88614,24.753326,20.07810096405419,32.250565,13.49245,1.5548173731236108,2.8003213,0.64373
2021-08-24 09:00:00,34.72334678870709,40.7377,26.372467,13.551945795782434,20.56031,7.0299683,1.6046255919143835,2.616497,0.37288737
2021-08-25 09:00:00,36.56013854785243,41.88687,28.947418,12.42770416188655,17.900826,6.5748053,1.4236539830330008,1.965404,0.5716271
2021-08-26 09:00:00,38.15431461778178,43.789703,31.580963,20.437232331812105,25.60828,7.5072184,1.709593715516691,2.4290466,1.1298598
2021-08-27 09:00:00,39.45640565891159,44.80777,32.760895,15.033260078551567,20.468702,3.4150038,1.2894805317248528,1.7129265,0.776874
2021-08-28 09:00:00,40.70759137359693,46.098053,34.2836,13.066924901013095,15.82971,8.681075,1.7287573184766534,3.6053314,0.50093025
2021-08-29 09:00:00,38.42195905885137,43.44937,30.379059,19.527638003805446,22.557795,17.29935,1.3154275464428498,2.890757,0.3167929
2021-08-30 09:00:00,36.12719448424684,41.34195,29.543121,21.18189884209546,26.981543,14.497271,1.1875379211126256,2.0586221,0.41850343
2021-08-31 09:00:00,36.815165976840206,41.418854,28.313385,30.197421784343046,41.306557,17.297314,1.4989411682219875,2.8294847,0.35206607
2021-09-01 09:00:00,30.439562252985354,33.520905,25.388092,42.69068427775258,61.12201,24.770199,2.3790065802377747,3.8470995,0.67348367
2021-09-02 09:00:00,32.02065933341464,37.85733,24.38272,25.103138173087686,43.47792,14.277674,1.915515072784062,3.3088796,1.1327305
2021-09-03 09:00:00,34.378718496020554,39.54654,26.724274,19.11450522279431,22.98534,8.779429,1.1850563833973375,1.7441702,0.40110776
2021-09-04 09:00:00,35.36370301305567,40.58316,28.579254,14.945593309200552,17.852125,10.328688,1.851003383266344,2.8727813,0.7167664
2021-09-05 09:00:00,37.624229651112444,42.41324,31.284332,11.801103395176519,22.134937,5.845874,1.314528260876758,2.2942896,0.36189583
2021-09-06 09:00:00,39.30769661046486,44.218903,32.507965,17.32199416323757,23.33624,12.048869,0.8795560195914301,2.5515654,0.14489204
2021-09-07 09:00:00,36.536925988997666,40.298492,27.67154,23.58980721235908,34.823143,12.410088,1.4862865682851103,3.067627,0.40405917
2021-09-08 09:00:00,38.62067807344778,43.34073,30.237213,20.871657320877745,32.881298,12.370111,1.5334599338441741,3.6574156,0.421492
2021-09-09 09:00:00,37.5145078326978,41.55899,31.176178,25.312182703180884,35.126232,17.942638,1.0131443296842524,2.2901895,0.19816925
2021-09-10 09:00:00,38.47390562645995,44.015533,32.210846,25.81934825625212,43.894756,16.613495,1.802555220220505,3.9315288,0.7489645
2021-09-11 09:00:00,36.21876321915664,40.148834,30.13858,33.42907070407593,38.844784,28.91554,1.5138149232473648,2.631271,0.38033327
2021-09-12 09:00:00,37.183375947189575,41.738922,31.215485,27.004674429750175,33.796005,21.372541,1.2333921315511922,1.6985949,0.3177479
2021-09-13 09:00:00,38.24015887278938,43.926422,31.619781,16.618376095157263,24.7097,5.3055162,1.7026207281449348,2.4202936,0.77227193
2021-09-14 09:00:00,38.048616477238056,43.146637,31.46109,12.98682126781351,19.30215,4.513088,2.006873909014197,3.024907,1.2990247
2021-09-15 09:00:00,36.095727777684715,41.684967,28.233795,9.3834855457481,15.269791,3.5861492,1.7821301291736982,2.8407347,1.2288634
2021-09-16 09:00:00,35.073651812367245,40.398346,27.648346,6.3964500764877865,12.627828,2.709859,1.8611600843796472,2.7323916,1.2944752
2021-09-17 09:00:00,34.20888337426129,40.024323,25.471588,10.097470087948246,24.918262,1.0081072,1.5689231846342566,2.9632971,0.7617192
2021-09-18 09:00:00,32.474659129597455,37.839508,25.589508,23.56177073789841,42.570675,11.737977,1.7177675646166017,2.4591925,0.86804277
2021-09-19 09:00:00,32.798920026696976,37.95523,25.92984,13.673531066207039,22.400112,5.0436816,2.0887024189730528,3.575218,1.0742668
2021-09-20 09:00:00,32.87763413160303,38.47403,25.41397,15.180720056654435,33.356842,7.0680714,0.9236239562605933,1.500879,0.30274233
2021-09-21 09:00:00,34.14467653937106,37.916656,29.070953,18.31624220561768,24.39932,15.106352,1.5594077200421559,3.212572,0.03906869
2021-09-22 09:00:00,35.74627944540856,39.06314,31.477203,17.333773294563716,26.163235,13.840768,1.1409417701552433,2.3379245,0.1858719
2021-09-23 09:00:00,35.35889960114207,39.57779,29.07779,20.62316310437087,35.459187,11.89278,1.0952193225704074,1.8231068,0.58780825
2021-09-24 09:00:00,31.94104493147728,36.84268,24.994293,30.316269471929218,40.43622,23.006857,1.2806782412112998,2.5514998,0.04639355
2021-09-25 09:00:00,27.37046756935314,31.682281,23.836823,44.38253516557792,57.62329,38.29126,0.9389824973070963,1.6766543,0.35270908
2021-09-26 09:00:00,29.543286461582,34.97403,23.475983,43.82795424515481,62.627396,27.04406,1.4420058880728024,3.1616156,0.13412917
2021-09-27 09:00:00,28.41139371401715,33.431305,22.105133,33.72127180714282,63.928932,16.925026,1.8212479057287758,2.7852762,0.8393785
2021-09-28 09:00:00,28.159073179366715,34.44034,20.512604,36.011143594329106,60.002983,18.207989,2.4301430703072526,3.9432313,1.3350405
2021-09-29 09:00:00,27.611205233197154,34.080475,20.78897,23.720318661452918,52.038315,5.694266,2.047495123807797,2.8402936,1.2219927
2021-09-30 09:00:00,28.745668423487984,31.988678,23.494537,13.696204875029373,23.059065,6.6495457,2.481325763062124,4.8163633,0.4118003
2021-10-01 09:00:00,30.028871091119413,33.061188,24.674469,10.069815338307775,14.909072,6.4614916,1.7998680893512882,3.1988583,0.292482
2021-10-02 09:00:00,30.9500419791176,34.071198,26.186432,13.00942458922347,21.749273,9.243277,1.025524789449236,1.8104755,0.19921795
2021-10-03 09:00:00,31.80718175020303,35.59073,26.049713,17.884925213425507,21.094814,11.626065,0.9350120063346049,1.6969558,0.16509289
2021-10-04 09:00:00,33.209602186562336,37.09561,27.960846,18.596294530910743,23.822563,14.204299,0.5237999303896288,0.88698393,0.03169572
2021-10-05 09:00:00,30.641661382709856,35.260895,24.87027,25.043247784090042,36.467148,18.69371,1.1105935188044442,1.9934143,0.1783838
2021-10-06 09:00:00,26.453960040752236,30.205963,20.815338,50.76206984829873,69.95069,19.231544,1.1796136166533022,2.355673,0.39996782
2021-10-07 09:00:00,26.977252804250895,31.876617,21.429352,43.813434247684555,60.87943,24.899334,1.4698395433287177,2.1702886,0.57566804
2021-10-08 09:00:00,24.482391592898807,31.209137,16.588043,33.26151713045195,55.756596,21.567001,2.013982573928055,3.5119488,1.0753706
2021-10-09 09:00:00,21.94927509295519,27.348297,16.421783,34.68855219627345,68.65141,16.468407,2.194694267297749,3.326569,1.1618861
2021-10-10 09:00:00,24.246475799421603,27.795807,19.665192,22.09700638911893,28.548922,16.157875,2.3666745563756915,4.646817,0.38838744
2021-10-11 09:00:00,26.73722092659267,29.417633,22.714508,17.77628028984052,26.292852,12.532436,1.6721037408181771,2.5018425,0.62717986
2021-10-12 09:00:00,20.306497630981767,28.069,11.252594,28.042505072177413,32.608166,23.719982,3.6665052657665305,5.381135,1.4897418
2021-10-13 09:00:00,19.384452191193873,22.201569,14.346832,23.800128811041404,35.080814,17.299564,1.2415340301976374,2.6103742,0.069067605
2021-10-14 09:00:00,22.392948426197677,24.97525,17.6586,19.85239778937012,23.178692,14.948446,1.0810761772835409,2.394305,0.078884624
2021-10-15 09:00:00,25.023707131833532,27.51944,19.531158,17.487297815461893,20.300434,11.964762,2.4706265674502914,4.3768406,0.84385395
2021-10-16 09:00:00,25.32710456827357,28.731842,20.433014,12.523272096570977,16.398655,7.386937,2.5718915025233686,4.0219464,1.0711493
2021-10-17 09:00:00,28.110350096718946,31.268707,22.686676,13.96516741854552,17.60757,9.362048,0.6947740571833486,1.2413278,0.13038723
2021-10-18 09:00:00,25.979204630899346,31.02481,18.659576,19.503602452234407,33.847675,11.765644,2.874115850622199,4.132328,1.8117751
2021-10-19 09:00:00,19.43661863014688,24.065094,14.749908,33.705866251217685,50.257133,14.4392605,1.8421456800031404,3.1439981,0.66350335
2021-10-20 09:00:00,21.838602868597263,25.094147,17.80484,30.082783512147447,48.839417,11.929258,0.9114246267259263,2.0368645,0.09270746
2021-10-21 09:00:00,24.298647767988825,27.761383,20.62857,18.351468558698755,35.092644,10.975454,0.9231157171674969,2.0696278,0.05883024
2021-10-22 09:00:00,26.842279383523078,30.108307,22.987213,13.295022770758292,19.056307,9.320386,0.7410303303537803,1.3117723,0.12958366
2021-10-23 09:00:00,25.686974884465826,31.04654,18.987946,15.720478541492955,33.116314,5.5186586,2.0226314938452763,2.9669,1.2692978
2021-10-24 09:00:00,23.00971247674238,28.568268,16.664215,43.235567296268066,66.089806,29.109333,1.784309860749483,2.9181025,0.80312175
2021-10-25 09:00:00,24.60548593694199,29.532623,18.173248,43.562148293237534,65.562935,32.252384,2.5884049883821505,3.9097824,0.92188394
2021-10-26 09:00:00,19.574722656741244,26.50357,13.223541,32.84022189081391,73.66342,11.378263,2.6312267765609803,4.9752774,0.7982006
2021-10-27 09:00:00,22.996932566643125,25.373444,20.410309,23.005712393221213,29.475817,18.458397,1.9975919088775902,4.0353284,0.36618763
2021-10-28 09:00:00,26.712145789251338,29.203278,22.445465,28.597083119904774,35.279865,23.035559,2.397079143042708,4.3968735,0.59053826
2021-10-29 09:00:00,29.22544275870814,31.637848,23.434723,22.569048251985844,27.570616,18.77374,1.4883871372470587,3.001662,0.062068086
2021-10-30 09:00:00,28.534412525541086,32.117096,23.60147,25.66469469002049,30.30968,21.899525,0.6447884346399898,1.3132449,0.11817123
2021-10-31 09:00:00,26.917014569057812,31.684479,20.524323,28.265045850837897,41.234337,19.757774,1.6675155661676269,2.6198983,0.593019
2021-11-01 09:00:00,24.4830924688099,29.544342,17.429108,27.061009789288924,42.152893,18.40749,1.5425892936715568,2.8810759,0.7984371
2021-11-02 09:00:00,23.609820474240678,28.743317,18.103912,23.8981872244976,31.623753,17.776625,0.9961320880672546,1.705503,0.5381547
2021-11-03 09:00:00,25.101869686296823,28.517487,20.018219,26.074110010967303,30.799526,19.651657,1.3025999744046204,2.694666,0.058870673
2021-11-04 09:00:00,27.195251913811205,30.366364,22.46988,23.8678545744299,27.085234,20.13403,1.054821926076199,2.20573,0.14689018
2021-11-05 09:00:00,27.15688340883571,31.148346,22.177643,22.056089786876527,25.845825,15.352875,0.5282696273080082,1.212479,0.109279156
2021-11-06 09:00:00,26.792861652665295,30.84439,22.139313,22.018218975471033,25.174284,17.232878,0.7960179131680419,1.2756678,0.18223317
2021-11-07 09:00:00,26.34321122090398,31.550201,20.41153,13.919410630654042,21.374977,5.417946,1.0849155101918082,1.876668,0.101992235
2021-11-08 09:00:00,24.706412687658826,29.85025,18.422516,13.588409262153725,33.11423,5.780267,1.0218478696145565,1.8644372,0.1908846
2021-11-09 09:00:00,23.93758249368659,28.778229,18.030182,11.203949212931546,23.483036,-0.9613199,1.3258509659395707,2.271024,0.54968876
2021-11-10 09:00:00,24.129086529059293,28.73941,18.774078,27.84477344285594,33.594437,20.685976,1.6959239735061442,2.831556,0.366142
2021-11-11 09:00:00,26.061609559550448,28.756256,21.021881,23.797417452589936,29.789753,16.855354,2.237890354990962,4.422428,0.6124119
2021-11-12 09:00:00,27.670096467520636,30.39444,21.829987,21.704826910690926,27.333664,15.696945,2.8713290944648078,5.246667,1.1063999
2021-11-13 09:00:00,28.585726090555397,31.402985,22.643219,16.85630879272099,23.141018,12.732308,1.8498102520238786,3.0609741,0.4532046
2021-11-14 09:00:00,29.23007821771398,31.58316,24.092926,16.88352609674888,21.025608,12.838351,1.399385324057056,2.4095807,0.4411537
2021-11-15 09:00:00,29.410602980794977,31.857086,24.261383,14.307393635455048,17.770376,10.332876,0.8308793431202819,1.7178637,0.020256601
2021-11-16 09:00:00,26.713086432398256,29.897125,21.94986,12.289353332414288,16.72144,9.233205,0.8474444027959986,1.788009,0.15937912
2021-11-17 09:00:00,23.295751622378532,26.97818,17.683502,16.064732286716314,25.162537,10.334412,0.8804568716696811,1.3476098,0.19803074
2021-11-18 09:00:00,23.61185668112347,27.335846,18.685455,20.19539591966121,24.081116,17.455662,1.1238831317262679,2.254363,0.093480624
2021-11-19 09:00:00,21.87620021944548,25.106598,17.055817,18.223933709303218,19.79598,15.741631,0.6397893384151944,1.3981764,0.0070300526
2021-11-20 09:00:00,22.356396443923813,25.704742,17.355133,17.033470002428494,21.323164,9.713789,0.7299825619080345,1.1955469,0.18966144
2021-11-21 09:00:00,22.56841445662343,25.47232,16.894196,20.0301567045673,23.610168,16.434387,2.607616568079922,4.4370766,1.0355906
2021-11-22 09:00:00,22.763958438570114,25.841461,16.735748,16.607406642635333,21.46598,9.453582,2.7870895142203795,4.378284,1.4101845
2021-11-23 09:00:00,23.264887423831908,26.306793,17.64859,19.374498571469868,24.348814,15.3253765,0.875703650697304,1.8178455,0.07006181
2021-11-24 09:00:00,21.484874491121786,24.462555,15.685211,18.19612511970055,26.713608,12.357365,1.1529270476758968,1.9911052,0.18051954
2021-11-25 09:00:00,18.629876429099227,21.432343,12.408905,14.851821042206439,20.11053,8.979343,4.034224759081948,6.675072,1.7793419
2021-11-26 09:00:00,18.873422893868735,22.038239,14.624908,11.586930800746714,20.113743,5.1984215,2.73573642198093,4.723978,0.91921127
2021-11-27 09:00:00,21.275387320182574,23.71225,17.152496,9.085111210020612,15.603529,6.80579,1.3500447569762075,2.4553854,0.21047144
2021-11-28 09:00:00,22.977229048132813,24.816437,18.564484,9.474004183596215,12.573178,7.065366,1.1863362468829424,1.9461951,0.34403205
2021-11-29 09:00:00,24.03319154844928,26.157867,19.429352,13.554612268800392,16.69409,9.226552,1.2807856598127918,2.3352668,0.14739932
2021-11-30 09:00:00,25.34826725546924,27.51773,20.550934,15.556647324235728,17.258873,12.622319,1.338064544984996,2.6042056,0.0716438
2021-12-01 09:00:00,24.812166880785355,27.653229,20.032135,16.156744520838778,17.97882,13.91131,1.6874527312421694,2.7718532,0.40920427
2021-12-02 09:00:00,23.962112714006423,26.64151,18.903229,16.339284499911372,19.80431,12.816029,1.1831160907270712,2.2135732,0.02877377
2021-12-03 09:00:00,22.291297694454443,26.40274,16.631256,29.17712414987681,35.63479,20.63088,0.8284134300065905,2.0414195,0.05715317
2021-12-04 09:00:00,21.559015073023772,25.0224,16.436462,25.425086725762995,33.157417,16.546295,1.0166663371022433,2.0599005,0.06845532
2021-12-05 09:00:00,21.249400644134823,24.744202,15.666077,19.09294329685666,22.666405,16.866745,1.5998999726171124,3.0806918,0.07988361
2021-12-06 09:00:00,22.127718971744798,24.80545,17.75467,11.495491442859391,15.27116,8.412505,1.242151484856247,2.2751603,0.13882764
2021-12-07 09:00:00,20.88120637274932,23.572906,16.920563,15.553162888944012,23.191376,11.941375,0.8157573936179129,2.0498242,0.102386594
2021-12-08 09:00:00,15.311144829512045,17.93393,10.560272,49.47987520517648,67.5988,26.758976,1.2406993628340617,2.4505305,0.22045746
2021-12-09 09:00:00,18.242198070152654,21.499786,12.99588,56.42362794122988,75.21264,42.591545,1.9039205582905225,2.9676132,0.568851
2021-12-10 09:00:00,13.065912080088538,18.926422,6.588043,47.668051872674795,69.284706,9.82377,1.7013242763570062,3.3859584,0.12370285
2021-12-11 09:00:00,13.262661732629965,16.188385,8.70108,17.378970647986645,31.580374,6.330374,2.0199898964268463,4.0055013,0.656703
2021-12-12 09:00:00,14.547492069802104,17.336334,10.109772,16.953416935262855,27.367367,9.651231,0.9442077629001706,2.249131,0.08806129
2021-12-13 09:00:00,15.791111688050307,17.864899,11.548492,23.183859008593952,42.040222,14.512878,0.7720908658436488,1.4313776,0.15207733
2021-12-14 09:00:00,13.345110149804782,17.578766,7.1595764,59.22247586434937,99.76655,31.785791,2.543879140421523,4.5617766,0.87373805
2021-12-15 09:00:00,12.192037501324023,20.636627,2.6483154,29.568667311670456,54.165802,8.945877,2.227936717110712,3.8823524,0.62150043
2021-12-16 09:00:00,11.26085937363814,14.372406,6.2359924,33.29339021965504,50.15851,9.715907,0.837559392838483,2.0140147,0.04186277
2021-12-17 09:00:00,12.62747099165756,15.109528,7.2623596,32.41728656315495,43.91684,19.116058,1.248178624896085,2.6701496,0.21523848
2021-12-18 09:00:00,14.955813662513208,17.772919,9.067108,8.908416153334905,14.507207,4.522832,2.7058577634182783,5.556168,0.33270916
2021-12-19 09:00:00,16.536901046951414,19.414917,10.217651,5.097624920007135,7.687192,2.2605762,1.6089484589104928,2.9436991,0.40357602
2021-12-20 09:00:00,16.593599890465214,19.031036,12.8454895,7.076750137020168,14.870704,1.4374866,1.0085121899756784,2.0486927,0.08288982
2021-12-21 09:00:00,15.514324902545525,18.240326,10.740387,6.156547455120398,10.249523,-0.3556671,1.559519425922265,2.4005897,0.10363173
2021-12-22 09:00:00,15.958068363464008,18.809113,12.302399,10.630326452890264,15.363867,7.074651,1.0916770088726264,2.3036911,0.048143342
2021-12-23 09:00:00,17.69626875208627,19.665741,13.101166,18.024259745900054,39.053535,11.116035,0.8577366407411605,1.7835943,0.05166896
2021-12-24 09:00:00,15.379926371300428,22.76123,6.729767,79.68565201269814,98.365295,59.03167,3.1065411557829874,5.1446342,1.0392445
2021-12-25 09:00:00,12.929351406803335,17.357513,5.5157166,64.14423250311965,94.12754,43.00254,1.881270390307753,3.0867968,0.7084928
2021-12-26 09:00:00,12.384163655360567,16.57602,4.8210144,49.55569942514828,91.03242,34.480938,3.056335886337214,4.5876675,1.4849154
2021-12-27 09:00:00,12.817443415309299,17.782349,4.7979736,32.343496379212404,79.40936,7.739266,1.9427543738352604,3.1102152,0.5260557
2021-12-28 09:00:00,9.859189931771141,14.614288,3.0691223,69.69646785200779,95.04335,46.482956,3.1467098150974158,5.54819,1.5171207
2021-12-29 09:00:00,10.227136910985791,14.909393,2.954773,77.95983518696524,93.07009,68.77712,1.744186011234313,3.161898,0.6850201
2021-12-30 09:00:00,11.39409669206583,15.526123,5.374817,83.68755903520216,99.54148,69.95408,1.7186586616922304,3.359552,1.023678
2021-12-31 09:00:00,13.321190790335265,17.73758,8.068329,77.91171526556673,88.09374,60.779198,1.0781959489656239,2.0594838,0.11823223
2022-01-01 09:00:00,13.55113543306237,18.104279,6.0554504,34.48024909664428,80.294914,12.048822,2.3395118839967197,4.3398323,0.21873157
2022-01-02 09:00:00,12.06675082833209,15.170013,5.757904,9.684578170516428,17.347105,6.5385113,2.070794656913566,3.7139294,0.4687742
2022-01-03 09:00:00,12.470876996648599,16.597809,8.135956,5.301658333864735,14.609132,3.2835436,1.5277453254638753,2.7481642,0.21942343
2022-01-04 09:00:00,14.553457057453898,16.70163,9.307098,8.637674675283513,16.242619,5.622673,0.905502914346534,1.7327439,0.22048004
2022-01-05 09:00:00,16.09384829112662,18.548523,12.179108,16.931773264638103,30.16431,11.538675,1.3363290152682277,2.6213195,0.103178434
2022-01-06 09:00:00,18.586407680628497,20.769989,13.433868,17.15408252241385,25.140741,13.8246975,1.3929105611965154,2.1397007,0.20485803
2022-01-07 09:00:00,20.164526908611606,22.013275,16.001556,24.521544750248374,31.192411,21.197346,0.5795242642896511,1.1710914,0.12219398
2022-01-08 09:00:00,17.382262773937498,22.155426,11.374176,25.35254109534245,46.40273,12.625531,1.3255719270741397,2.4120135,0.3647749
2022-01-09 09:00:00,18.074049912966984,21.945526,12.205292,24.8881410598338,33.916706,10.4299555,2.00154075352089,3.1180356,0.5910593
2022-01-10 09:00:00,19.61706978402816,23.743195,12.418976,25.00771695259219,31.342436,11.404936,2.3984804400654958,3.8427007,0.94857776
2022-01-11 09:00:00,18.45063037276725,21.927948,13.030548,23.822219146927626,29.650448,12.219813,2.613799189231686,4.051789,1.0530521
2022-01-12 09:00:00,20.742452758911668,23.256287,15.516052,7.622873600060762,10.492573,5.293354,2.273744994452443,3.5596085,0.65965897
2022-01-13 09:00:00,20.276916340162302,22.155731,15.120575,7.564969857268893,10.165392,5.1732044,1.2384137369557546,2.026725,0.15838939
2022-01-14 09:00:00,20.605417077860523,22.81363,15.383942,8.332948095612396,25.630547,2.9933207,1.0181644679765725,1.6608626,0.14297436
2022-01-15 09:00:00,21.567759846002957,24.471039,15.402679,18.713059944130766,23.220943,12.637849,2.79487600941975,5.029997,1.0657251
2022-01-16 09:00:00,18.033934511124073,20.137665,15.028473,18.919420860728138,54.490604,9.702191,1.6852469876382679,2.8854628,0.6276362
2022-01-17 09:00:00,19.580789134831775,21.823914,15.403992,32.01244366446592,70.38812,13.890509,0.7998331226013269,1.6642026,0.09594452
2022-01-18 09:00:00,17.965674168027533,22.649445,10.723663,61.82813661003346,93.433624,30.125027,1.1215210866596321,1.9892465,0.06681954
2022-01-19 09:00:00,17.653826035992324,21.823761,12.061676,42.21281681897266,50.210567,32.69885,1.4362836351418216,2.304706,0.62463677
2022-01-20 09:00:00,19.176560447069335,22.267914,13.965179,22.576814149233826,33.042095,16.40472,2.229134154136713,4.464032,0.5013232
2022-01-21 09:00:00,20.169742192205035,23.07669,15.693878,14.36814960660398,21.933655,7.5180235,1.3414652506725016,2.6141639,0.048135754
2022-01-22 09:00:00,17.55814865689024,20.785126,11.570282,32.235734283812825,44.34675,24.733469,4.260764912122675,6.239136,2.0739872
2022-01-23 09:00:00,17.49949535866716,20.261292,13.125183,36.65518035798991,48.701687,28.870707,2.897746716393123,4.2812963,1.640967
2022-01-24 09:00:00,20.309487074967137,23.03125,14.880859,19.434981566153148,22.861073,13.7909155,1.685162587691487,3.2380397,0.047245786
2022-01-25 09:00:00,21.260671308046483,23.743042,16.711792,17.97320277358297,23.231459,11.999759,0.9705377365338791,1.8513496,0.21820886
2022-01-26 09:00:00,19.595673418842807,22.641754,14.43277,17.83516426272477,25.927372,11.998153,2.628851957731949,5.245134,0.9145691
2022-01-27 09:00:00,16.918508506084322,20.490082,12.16391,14.29635977401102,19.496376,8.508096,1.8690154588837964,3.3704684,0.5251052
2022-01-28 09:00:00,19.401128627209914,22.029022,13.7341,13.668832330299082,18.123571,7.8697863,3.1103450704134983,4.7499228,1.0742904
2022-01-29 09:00:00,16.57739846252963,20.204803,10.791229,13.988362989512389,18.17198,8.966902,2.4076851512978092,3.5084999,0.9526494
2022-01-30 09:00:00,17.219212377884787,20.451904,11.880157,14.377588291103008,19.84872,10.594813,1.6213467042646905,2.9055486,0.13864769
2022-01-31 09:00:00,20.727898232975065,23.80365,16.358337,9.753698307864221,13.402775,6.5389395,1.1987047081671642,2.2789645,0.40534455
2022-02-01 09:00:00,17.682010449634447,20.231567,12.837036,12.57871722422317,21.41952,5.833582,0.8497084314067084,1.6726893,0.11588009
2022-02-02 09:00:00,16.85150594090493,20.300629,10.921722,16.975141763346908,23.853664,7.01752,3.2541434741221957,6.646553,0.5033224
2022-02-03 09:00:00,11.820081108963109,15.993164,7.0587463,14.449959389253603,18.686998,9.086276,3.4366884152487716,7.255438,0.7426702
2022-02-04 09:00:00,14.739659261240718,18.57901,9.975494,20.598767843574667,25.810427,13.085129,2.872151614466224,4.813919,0.90540814
2022-02-05 09:00:00,14.764830530400161,18.886078,9.549255,12.75675447211522,18.243874,6.377508,2.244103359205093,3.1058817,0.5765653
2022-02-06 09:00:00,18.63996438655539,21.960968,13.715912,12.20823290658594,15.800098,8.699045,2.504594985950317,4.4540567,0.57161486
2022-02-07 09:00:00,21.748054510870077,24.689362,15.429596,13.122739247838334,16.023134,10.015322,2.8225317660222924,4.5956593,0.95727026
2022-02-08 09:00:00,20.58682330493224,24.781342,15.396576,13.498332547086907,16.449594,10.535532,1.6930787423718043,2.6584883,0.5660048
2022-02-09 09:00:00,23.87279683633801,27.001617,18.614899,9.250211985875026,13.261554,5.634021,2.9197550967366803,5.069429,0.9527934
2022-02-10 09:00:00,25.16645085866037,27.612946,19.237946,9.997759575450988,15.219089,5.9651823,3.5243628241608396,6.035139,1.5417116
2022-02-11 09:00:00,24.674770150411234,27.544098,19.24228,17.279899672724756,22.942848,10.938576,2.271114934712417,4.29377,0.44443786
2022-02-12 09:00:00,27.294295868043434,29.882172,22.235687,12.470665562585712,15.4146595,7.170395,2.5228879211185857,4.422269,0.8906832
2022-02-13 09:00:00,26.100458227495324,29.654205,19.724518,7.30193205348334,10.944685,4.541411,1.2604897893493743,2.1976411,0.24218129
2022-02-14 09:00:00,25.642567595251364,28.17221,21.248383,6.614051452374043,10.126435,2.9451666,0.6426417393865204,1.7236019,0.069949605
2022-02-15 09:00:00,23.421492702314765,26.804108,18.136139,12.34731908227623,19.453722,7.81701,2.729775079272326,4.2995806,1.1997283
2022-02-16 09:00:00,14.88189890786191,20.78305,8.464325,47.63653349284156,76.74752,37.231895,2.836234846371797,4.526881,0.70542324
2022-02-17 09:00:00,17.793913790617523,21.684967,11.540436,22.763762525396697,28.593584,12.25374,2.3457778995472327,4.273441,0.41610593
2022-02-18 09:00:00,18.090667122880518,20.627289,12.570648,12.611748110777274,18.166735,6.7347994,2.036560096824688,3.3785765,0.74873173
2022-02-19 09:00:00,20.06871680514189,23.007538,14.880585,15.37765289497414,18.684677,9.482856,1.6078455308598878,2.7117972,0.34238753
2022-02-20 09:00:00,22.635088022949958,26.029633,17.506195,15.79493702216092,24.367344,10.4178505,0.5792530490543518,1.0137649,0.0835413
2022-02-21 09:00:00,21.504514693617693,26.25113,15.399567,19.87869345191264,40.364452,10.359887,3.209408760358014,4.8750415,2.122095
2022-02-22 09:00:00,15.03920655045863,21.18637,7.080902,52.01890163786057,94.985245,9.925874,4.040004276640464,7.0087824,2.428812
2022-02-23 09:00:00,12.114039413887951,17.43216,4.02005,67.07709458209442,98.47478,44.971893,3.3005797269661685,5.830537,1.8093449
2022-02-24 09:00:00,9.466235481159742,13.863861,1.0693665,25.255091045558537,38.925064,17.10866,1.716667431241293,2.8527765,0.17343526
2022-02-25 09:00:00,12.168124176951608,15.2934265,5.516083,19.636758677282906,26.269821,12.639523,1.2638062836082398,2.879605,0.30913997
2022-02-26 09:00:00,16.059119994134562,19.654938,8.6666565,14.272193511942932,21.993572,6.862355,2.4595971006675095,5.1718802,0.54038274
2022-02-27 09:00:00,17.099118800437054,20.178375,10.3526,7.19412347948125,20.587776,-0.15354252,2.4792409209676243,4.073315,0.79300576
2022-02-28 09:00:00,20.478932335220975,23.154694,15.4531555,5.142139634359831,8.795323,2.9255037,2.7848134947040704,4.940473,0.7494351
2022-03-01 09:00:00,24.5531271644943,27.214355,18.582916,7.588955719976963,8.975189,6.631439,2.671846516959526,4.4505224,0.99700904
2022-03-02 09:00:00,27.630962410676318,30.368622,22.060028,8.461213107553514,11.769654,5.1173105,1.31558954312473,2.513448,0.04956084
2022-03-03 09:00:00,26.785595793237462,30.21988,21.21988,11.902681870647122,14.159652,9.186767,0.7563894418960105,1.1705875,0.030306349
2022-03-04 09:00:00,23.199482841818508,29.398254,15.0564575,19.09210888708157,36.432674,8.252988,3.032699537064789,5.3185654,1.3931936
2022-03-05 09:00:00,15.841186205675513,20.456207,7.936676,58.80783649221424,84.01271,30.009394,3.5872173697213663,5.803186,2.0488935
2022-03-06 09:00:00,13.01881792127466,18.378815,6.1600647,34.92060298763608,64.76287,22.923027,2.8145929999170307,4.7134776,0.8074651
2022-03-07 09:00:00,16.34020283653507,19.658112,8.843658,29.803855692012647,39.002747,24.04181,1.319237833022394,2.2746668,0.32308528
2022-03-08 09:00:00,16.271344811740448,19.352203,9.277985,16.615773946306582,22.03004,10.0261345,2.8720681922627094,5.0444555,1.2173402
2022-03-09 09:00:00,18.42715047504447,20.809967,12.204498,20.392207231889337,27.00613,15.904567,1.0957128841363308,1.8193011,0.44528157
2022-03-10 09:00:00,20.364392632926126,24.878357,13.288513,28.429281446579246,53.62504,17.222694,2.167348622921745,3.0965338,0.7101501
2022-03-11 09:00:00,16.643559346115126,20.814056,10.232025,8.627976212578744,12.331183,4.6447964,4.184198817566537,7.2831984,1.2144406
2022-03-12 09:00:00,19.418797069818424,22.45047,14.305939,12.701272747085454,15.633127,10.101877,1.9889398145343797,3.5214152,0.6533969
2022-03-13 09:00:00,22.327374557362305,25.103912,17.60196,14.362695053187641,17.476215,8.814387,1.3219072484795598,2.2236736,0.54922783
2022-03-14 09:00:00,23.759147498797574,28.967377,16.107574,15.580221304761212,26.119879,10.396734,1.8972885592643756,3.4894755,0.35459757
2022-03-15 09:00:00,25.339683384253306,28.758698,21.018463,15.210435890156658,17.884016,12.31761,0.8250472304863119,2.2647913,0.221586
2022-03-16 09:00:00,25.994772048475113,30.184174,19.940033,17.775615151644313,37.31926,12.373947,1.8376352520300097,2.4811263,1.2635263
2022-03-17 09:00:00,24.515040617376087,28.280426,18.196442,14.923214169710679,22.58627,7.680463,2.610279553598069,5.4314055,0.08580955
2022-03-18 09:00:00,24.520414221064982,27.745026,19.332916,13.95831703803885,21.074545,8.499542,0.9813987088832503,2.2626762,0.11921906
2022-03-19 09:00:00,25.603907865797964,28.840729,20.383698,16.552028656438118,23.038624,11.733657,0.7947374795549055,1.5151759,0.13868548
2022-03-20 09:00:00,22.738188601852244,29.808502,13.55069,33.41386172097397,71.69751,14.03735,3.1935368664330337,4.7337456,1.6752808
2022-03-21 09:00:00,22.03308643918126,25.843903,15.830231,15.598440107101023,24.90649,8.644773,3.850111595005742,6.8064647,0.6121314
2022-03-22 09:00:00,24.087450191767687,26.74112,19.149323,18.397116864279216,24.072542,13.670104,3.007378609548833,6.4555764,0.32779333
2022-03-23 09:00:00,27.015072981982087,30.292145,22.243317,15.566474509360756,23.05848,6.763356,2.4503723693617876,4.6554585,0.43788925
2022-03-24 09:00:00,26.255458433149045,28.82901,23.036041,14.287090551545909,27.036871,4.8811107,0.5529274447420757,1.04355,0.19357775
2022-03-25 09:00:00,28.88038856483695,31.690826,24.856842,16.194499454757867,21.158623,11.926315,0.7125514414595085,1.2184466,0.19142756
2022-03-26 09:00:00,30.36078721924372,34.459625,25.686188,11.07312103992307,15.598562,8.012625,1.0933351778933007,1.5932333,0.1868688
2022-03-27 09:00:00,29.93441407676903,34.60855,23.477692,10.484980295436769,15.232128,5.2868643,2.2717214272779613,3.496868,0.7854563
2022-03-28 09:00:00,26.93990689305616,32.99466,19.318878,15.205620847622498,27.255707,8.729833,3.2355016158398704,4.31912,1.9800509
2022-03-29 09:00:00,18.70585717168109,28.015533,9.940826,63.52453324339528,93.12229,24.901283,2.936514704408168,4.5944934,1.1473761
2022-03-30 09:00:00,21.637457927486537,25.917877,16.429108,33.939915224322796,50.492916,20.778162,2.4520434306597583,3.4443064,1.3410392
2022-03-31 09:00:00,24.345533094930545,29.775543,16.74234,31.435160761873504,65.014336,17.396275,1.7793938359543788,2.6067398,1.1522228
2022-04-01 09:00:00,23.434012651069736,29.055328,16.043365,37.00609157873641,44.597733,29.74054,0.9455498304572925,1.7520727,0.18003008
2022-04-02 09:00:00,26.261866519994953,31.3461,19.500397,35.047923872786434,66.80072,23.281189,1.3387472059901255,2.3851583,0.45034686
2022-04-03 09:00:00,23.975331322971783,29.25772,16.94522,41.193965145783906,67.86655,27.581387,1.6921576776569114,2.4533489,0.61026484
2022-04-04 09:00:00,24.57152966784855,29.18155,17.227936,25.033577514977058,48.353863,19.140625,1.497915451234776,2.171712,0.7821658
2022-04-05 09:00:00,27.71156064464958,32.328033,21.062408,14.932951962867971,24.922714,5.671159,1.3885655039130198,2.6825247,0.6254465
2022-04-06 09:00:00,30.823419360572643,34.547516,24.963531,14.884216304980669,19.744036,7.467699,1.2951766203654982,2.8051627,0.20759954
2022-04-07 09:00:00,30.1507851210294,32.91153,25.653717,7.796466035693154,8.73855,6.204935,3.530960825879985,6.3407855,1.2077972
2022-04-08 09:00:00,32.06387722983084,34.589752,26.322174,6.561950607465312,7.6291237,5.41428,2.718667438900932,4.395914,1.4415593
2022-04-09 09:00:00,33.27367605725635,35.676666,28.971588,9.111067209017907,11.841092,7.3559494,1.2373051674355933,2.008413,0.65922666
2022-04-10 09:00:00,30.370129324207483,36.241608,23.114655,16.44839391795301,33.91131,7.3753757,2.509428145085765,3.4862509,1.738762
2022-04-11 09:00:00,25.77302599905198,31.465485,18.611969,32.850550069441695,79.85328,11.844055,3.1496593413404677,4.45243,1.8792747
2022-04-12 09:00:00,22.449757547810634,29.847809,13.658356,34.41760915847911,59.680466,16.914146,3.3534856079345396,5.759289,1.2891791
2022-04-13 09:00:00,18.579595749221653,22.169342,13.300201,12.622597131216358,19.119892,6.534585,1.9646877673551364,3.9762824,0.23628008
2022-04-14 09:00:00,20.85773453036279,23.810211,16.194977,13.13889748126665,23.109327,4.387039,1.2026961615289629,2.0511692,0.29053357
2022-04-15 09:00:00,24.10756653990785,28.987457,17.628082,18.79472798212429,36.228024,7.175192,2.139961670507575,3.1986802,1.3388556
2022-04-16 09:00:00,25.97295276093979,31.285309,19.320465,26.376319799410243,57.601906,9.040235,2.868805937959167,4.2344847,1.9064478
2022-04-17 09:00:00,25.0927731494304,31.512604,18.509674,19.269255226442645,39.423637,10.433302,2.3413937425443647,3.0772212,1.5372983
2022-04-18 09:00:00,29.07750718639727,33.25992,22.691559,5.083076135916309,15.200894,-3.8763132,1.1365057416191378,1.865567,0.3845723
2022-04-19 09:00:00,30.557089126524033,36.127594,23.654938,5.96522041443281,16.726583,2.5342531,2.760831693390956,4.2407722,1.669675
2022-04-20 09:00:00,26.71392985886291,34.325348,18.58316,21.54714889006088,51.36044,6.758955,3.435643134763271,5.2574024,2.0054224
2022-04-21 09:00:00,24.983443193548624,31.318512,17.203278,23.492306724288042,36.392357,16.234505,2.633701901747445,3.7515383,1.6839738
2022-04-22 09:00:00,24.971696156846292,31.735748,16.651764,32.53343806367573,77.40181,7.8981876,4.316317034803173,6.223058,2.5897646
2022-04-23 09:00:00,20.946527799987678,25.485748,15.453766,24.770043300196722,34.414326,20.925327,2.267497505121423,3.4933524,0.68596464
2022-04-24 09:00:00,24.537603374242906,27.930573,19.161041,16.409560095560185,19.524273,12.680523,2.914925559613227,5.4097977,0.7640264
2022-04-25 09:00:00,26.33081090963549,28.863678,21.508698,11.461883168765166,13.851822,7.6916656,2.2272421093599997,4.261071,0.42481783
2022-04-26 09:00:00,29.126074585302035,32.91812,24.855621,9.278712875543627,13.771353,5.8031607,0.7744089716630572,1.3011976,0.15897737
2022-04-27 09:00:00,29.237552198376136,34.635406,22.485016,12.357244295824124,22.39777,8.086823,2.354262005900186,3.0174675,1.4613391
2022-04-28 09:00:00,27.167922131937303,32.99478,19.707672,21.806347066231883,46.818977,6.215849,2.7962626860710973,3.7988644,1.6562722
2022-04-29 09:00:00,25.62299718496746,31.743073,18.583405,16.405268896845165,30.168678,4.011037,2.1644029251620402,2.9909637,1.2287792
2022-04-30 09:00:00,28.266890088610296,32.73575,23.156158,12.032867487949,23.00505,8.015964,1.4117764341457297,2.7620468,0.06907586
2022-05-01 09:00:00,30.783987432771767,36.126617,24.062164,9.724894735719555,23.883224,3.0187807,2.5707355201920383,3.7821343,1.6783262
2022-05-02 09:00:00,27.98868141410918,34.6586,19.236725,22.02404549391337,36.921387,9.651854,1.7627759834480203,2.4179869,1.3226776
2022-05-03 09:00:00,28.702608595349716,34.263092,21.282623,22.387504398208996,44.865005,9.411879,1.8660191033906408,2.4986303,1.3338364
2022-05-04 09:00:00,28.352438380154354,33.03116,22.45108,11.99671959025615,19.843157,6.01703,2.2211392928482856,4.053647,0.22590692
2022-05-05 09:00:00,29.193493873839714,32.1149,25.173492,14.927994581760041,19.658524,11.504247,1.3167321185723768,2.403893,0.2328671
2022-05-06 09:00:00,31.32714883326298,36.447662,24.459381,8.459657264306369,17.153622,2.8175662,2.1297117986716905,3.2184942,1.1127793
2022-05-07 09:00:00,32.00736903498574,37.78238,24.28238,19.654428107372265,35.099205,9.216394,2.7667934013882913,4.128501,1.6922331
2022-05-08 09:00:00,30.74842891722153,38.52408,21.420563,23.19020725037689,60.927567,7.980008,3.70518606245276,5.959246,2.1663067
2022-05-09 09:00:00,24.20701024107933,33.27066,15.053864,39.673503349887916,75.83765,22.7478,3.3365398327239686,4.8904247,2.114907
2022-05-10 09:00:00,23.032939046898093,29.539948,15.221588,21.124859456592585,33.438416,11.680602,2.4303094580253375,3.319219,1.7292668
2022-05-11 09:00:00,23.18615296926788,29.631989,14.868317,17.744290150265197,48.97038,0.7583332,2.8657901933780376,3.915047,1.8565167
2022-05-12 09:00:00,22.94195270329965,27.055573,16.97647,13.955164224800674,16.664799,10.6425085,2.34017461718011,4.5180173,0.35372686
2022-05-13 09:00:00,27.453691269683077,30.274078,23.619781,12.20446860625644,16.237543,9.721924,1.796508943092009,3.6607103,0.071434475
2022-05-14 09:00:00,32.5313055891001,36.119537,28.56485,10.60575084250498,13.201523,6.9930296,1.2511557632396746,2.4948285,0.12547831
2022-05-15 09:00:00,35.570795288693716,39.44742,30.513824,6.585225451869107,8.654837,4.0684004,1.1211555277727114,1.5927649,0.50864536
2022-05-16 09:00:00,34.19438447263724,41.055084,26.174225,8.888413779746246,20.132038,4.5002136,2.299914673152197,3.4538376,1.6183065
2022-05-17 09:00:00,32.29672505049439,39.086334,22.994537,21.74905516066529,45.087543,12.747699,2.2608651249306684,3.3444276,1.4854462
2022-05-18 09:00:00,31.55188286859999,37.532867,21.460602,16.593720676694446,27.725975,11.113183,1.5642787514306513,3.3949978,0.55707246
2022-05-19 09:00:00,32.14149912341071,36.825348,23.40738,15.659465457437785,24.380962,5.1147804,1.677708302717324,3.0556462,0.59641236
2022-05-20 09:00:00,31.537238977459253,37.1669,20.848541,24.16705607495567,53.216965,13.293333,2.961724551693613,4.7554054,1.9723198
2022-05-21 09:00:00,27.679911602333732,34.768707,18.438385,35.91272091562774,81.59518,14.471714,1.9177526642241518,3.8452325,0.60840917
2022-05-22 09:00:00,27.408979198371696,32.393707,20.1044,32.939658173770134,50.93733,18.612595,1.6590918259007439,2.7689366,0.69927627
2022-05-23 09:00:00,29.158431598097536,34.70645,20.733795,21.15986193660301,32.260708,6.2997704,1.6553605556529707,3.167372,0.6870171
2022-05-24 09:00:00,31.35856627981991,35.563385,23.17984,16.667861793335856,24.064182,6.0485573,0.7380741326905084,1.7488128,0.13755302
2022-05-25 09:00:00,32.74900394909838,37.610016,24.440094,14.577978336307293,19.882446,10.202758,1.067361444458834,2.0183938,0.3094757
2022-05-26 09:00:00,34.54527549357357,39.89737,25.032135,14.059577608926752,24.763569,6.1151323,1.9899231522199181,3.4808915,0.7969034
2022-05-27 09:00:00,33.33897120155933,39.433014,22.304108,14.885979606976736,26.406683,7.312933,2.349029237610842,4.0828667,1.2283515
2022-05-28 09:00:00,32.66083606380141,39.618073,22.381744,15.153119621265489,33.797173,5.801079,3.1278902122944707,4.54894,1.7611864
2022-05-29 09:00:00,27.841482362611032,36.896393,18.359283,39.71082231778165,79.0996,16.02163,3.830317990601973,5.4674625,1.976594
2022-05-30 09:00:00,28.407374450572206,35.780426,20.333405,24.054926172120773,45.774673,10.054079,2.8377280157171114,4.270944,1.7004313
2022-05-31 09:00:00,28.448726199224268,34.2294,21.786041,21.820816580699965,44.61204,11.138925,1.8145034171081988,2.7151341,1.1995811
2022-06-01 09:00:00,30.875117285428814,35.07779,25.19693,13.884208685684696,20.330969,9.635781,2.0903958753824345,3.6505394,0.10659771
2022-06-02 09:00:00,32.223685919819786,37.120026,25.159088,12.021597025608202,20.498688,7.7158465,1.1947283248779026,1.9469174,0.16642801
2022-06-03 09:00:00,33.77520441850902,39.5419,25.168854,14.565963645541366,26.496498,7.922393,2.197882262268187,3.6954157,1.058474
2022-06-04 09:00:00,32.82829635325686,38.652985,24.330719,21.47725656639371,41.63204,10.413287,2.7723562212705053,4.4009686,1.6972713
2022-06-05 09:00:00,31.19859359004016,37.841217,21.722076,29.562720686757377,53.607605,13.709919,2.5131642112145727,3.6382408,1.6570865
2022-06-06 09:00:00,33.21551141253644,39.285065,24.031158,28.908509996773187,48.748344,16.95056,2.1449340833810266,3.2929153,1.4274167
2022-06-07 09:00:00,34.50930935300539,39.975983,25.751373,25.297886164395372,48.054672,16.684692,1.639692461772352,3.2489586,0.89839023
2022-06-08 09:00:00,35.25757484450918,40.673737,26.074127,20.816104486811465,28.803997,12.639674,1.7629210889330924,3.63037,0.66800183
2022-06-09 09:00:00,36.21451492868886,41.86905,27.449127,18.394196760433697,27.885681,11.057486,2.103210845799358,3.294879,0.6321382
2022-06-10 09:00:00,36.767412990909406,42.259186,27.326569,18.521403078844028,22.814308,10.85971,1.520574643866933,2.8146396,0.29181734
2022-06-11 09:00:00,38.27213668965521,44.41275,29.334625,14.933242704807133,22.299095,11.040184,1.5501378923436993,2.2026417,0.5545397
2022-06-12 09:00:00,38.090982752119146,44.970123,28.591217,13.507616694894116,25.267359,6.5399427,2.8473829144796463,4.4452367,1.3962442
2022-06-13 09:00:00,36.44012044269044,44.11612,26.776276,15.114947303950537,33.86405,3.7585707,3.572406853218433,5.9730434,1.8672615
2022-06-14 09:00:00,32.89269573931227,39.944,22.973297,18.239368122538455,40.214607,8.329922,2.0531917160975355,2.7720988,1.1113805
2022-06-15 09:00:00,33.867837706647435,38.756256,25.389069,13.229764968527954,19.797035,6.3204737,0.8946117221349424,1.7880638,0.115451455
2022-06-16 09:00:00,36.10784096897578,41.215485,27.123688,12.584649460150482,18.953508,8.994665,1.1063978787276005,1.9169382,0.43584585
2022-06-17 09:00:00,36.32155074803427,42.98819,26.640533,11.475407828935497,24.89964,4.6929197,2.700227594084393,4.297746,0.9517207
2022-06-18 09:00:00,33.138769455215936,41.67154,23.443024,10.484486552616659,26.068462,-1.4688187,3.0450123628033428,4.325616,1.7669227
2022-06-19 09:00:00,29.892752429393795,37.053375,22.332672,9.550581232616851,29.491146,0.62395763,2.4301835201090833,3.585132,1.5416945
2022-06-20 09:00:00,31.513456254757614,34.83853,26.175934,9.932102635907844,13.884105,7.335472,1.2872204541712229,2.5311265,0.10453215
2022-06-21 09:00:00,34.88331117459228,38.906403,30.416168,9.418138195807245,13.989367,6.782262,0.7162459277125808,1.6458265,0.08374499
2022-06-22 09:00:00,35.095318295696984,40.17325,28.74356,18.568565982542705,25.359613,5.2072697,1.299880291384969,2.3453488,0.27814117
2022-06-23 09:00:00,33.41341869520505,38.724274,28.21231,32.14752448191764,41.271526,22.685589,1.7403045294256116,2.6792214,0.5683069
2022-06-24 09:00:00,35.642035222598395,41.518707,29.92691,18.53695397539212,27.121813,13.906969,2.1025351097723313,3.7770154,1.1610194
2022-06-25 09:00:00,36.90268457813323,41.902252,30.929596,11.030698066075207,18.83897,4.2818766,1.713860395663276,3.068502,0.50118893
2022-06-26 09:00:00,37.935477868381895,42.87735,31.000397,9.079958098630438,17.674107,2.8358316,1.5368960555982314,3.1170294,0.6201194
2022-06-27 09:00:00,37.099787426963246,40.388824,32.36075,25.736478897616962,41.370373,8.912168,2.293610138827261,4.1073627,0.51322883
2022-06-28 09:00:00,37.63943330291511,41.059723,33.221832,22.887264603893446,33.528748,10.052185,1.7717122039612772,2.884478,0.6851652
2022-06-29 09:00:00,37.35651190094052,42.17984,30.384918,18.894969766882635,26.428837,4.260869,2.3784190635005307,3.5645633,1.0001705
2022-06-30 09:00:00,38.67427098778779,44.638336,30.110992,21.119851688877183,31.37406,17.022074,2.7164964687019526,4.7413344,1.5144912
2022-07-01 09:00:00,36.87671032925306,42.32779,29.718414,17.87118192111344,21.605606,7.5001383,2.495026714695365,3.2669835,1.6227919
2022-07-02 09:00:00,36.975009121225355,42.88028,29.054108,16.91444497704038,31.311861,3.3202677,2.717627875433476,4.2869506,1.7866496
2022-07-03 09:00:00,34.97920656859674,41.20108,26.98233,15.649819204180574,29.656538,6.412348,2.7811239004504427,3.9528308,1.7783962
2022-07-04 09:00:00,33.186156262575366,39.62393,24.407135,14.66665062833924,35.175697,4.075489,2.507694112783809,3.857519,1.6606447
2022-07-05 09:00:00,33.0929305511624,39.512604,24.774323,20.500468526818896,37.407948,8.493422,2.122586793979379,3.2487183,0.9265471
2022-07-06 09:00:00,33.43387612004193,39.191803,25.992584,27.158491774540458,43.85578,10.59205,2.319426120858384,3.8068047,0.8256803
2022-07-07 09:00:00,34.287549326182784,39.18692,26.977936,18.586678361719624,26.789562,9.977459,1.8639483343167942,3.1469936,0.61446005
2022-07-08 09:00:00,35.857605644765215,41.255035,27.825348,18.20051120020544,27.96414,9.027356,1.7808164218929392,3.2520652,0.2881162
2022-07-09 09:00:00,36.944994700500445,42.942535,28.202301,7.728869961069892,18.191673,2.6364355,1.699809216607007,2.6856713,0.7432371
2022-07-10 09:00:00,38.04232023070017,44.047028,29.439606,9.449882638891067,16.05457,0.8387453,1.676738099443648,2.6087797,0.79547405
2022-07-11 09:00:00,39.372037761750846,45.15689,30.514313,9.979878309219147,22.549852,1.8725433,1.4614475128259663,2.3197992,0.5832663
2022-07-12 09:00:00,39.32908478005203,45.845123,28.671295,13.319094703476958,19.853214,0.85570145,1.9301028423440183,3.9576783,0.72045296
2022-07-13 09:00:00,39.02153272759,45.287018,27.408112,15.157127735351162,23.728357,1.2158794,2.1525123680295692,3.914357,0.9005541
2022-07-14 09:00:00,38.421446004869324,44.958405,28.208405,24.286960990257867,29.686052,12.913464,1.9479230774977867,3.346228,0.3346522
2022-07-15 09:00:00,36.405619391219375,42.653717,26.832672,28.47503586324539,31.762526,22.878643,0.9137211295403502,1.7186365,0.20520583
2022-07-16 09:00:00,38.39350235639671,44.184967,30.112701,20.036989872486334,25.682152,15.457339,1.408669273880153,2.4751556,0.30068395
2022-07-17 09:00:00,39.47093189324312,46.110016,29.973297,21.113720955625123,31.109062,16.640312,1.5471815228040535,3.3107135,0.5721568
2022-07-18 09:00:00,38.64178906246565,45.250397,29.092194,23.073560208601283,32.9449,17.466557,2.1424340277415164,4.2129397,0.7381139
2022-07-19 09:00:00,37.81330637287499,44.018707,30.706207,29.003073981680462,36.51272,23.817238,1.7304141107173128,3.0081944,0.87217385
2022-07-20 09:00:00,38.920751793803504,44.554108,30.954498,24.525563094836006,34.996086,18.602398,2.344246377005741,3.9265397,1.5267072
2022-07-21 09:00:00,37.873756873834054,43.718414,29.888336,21.89177303733729,27.036177,18.41899,2.314718179686027,4.0837717,1.4365214
2022-07-22 09:00:00,38.313457669265745,44.08853,28.883453,18.46412732988151,23.557985,15.436869,1.8651655406415166,2.9653192,1.1910268
2022-07-23 09:00:00,39.67095203813159,46.001617,28.974274,18.695321034388265,25.482416,11.394858,1.8818217387627054,3.6099262,0.6923322
2022-07-24 09:00:00,36.518517211113135,41.634186,27.886139,28.957247088210423,36.44318,16.63068,2.382954151329754,4.3395357,0.48607886
2022-07-25 09:00:00,35.59850205972117,39.57315,27.983307,37.27921697925056,53.924583,17.71685,2.5089869403372846,4.027446,0.865775
2022-07-26 09:00:00,32.85569223954269,37.98062,27.158356,38.315768269617514,60.64701,6.9610395,1.642631122785025,2.8329425,0.57907254
2022-07-27 09:00:00,34.19184379432977,38.329987,29.302643,25.257464560091798,43.906364,9.7188635,1.3931311522124674,2.002573,0.5693871
2022-07-28 09:00:00,35.166919833287125,38.82657,29.744537,27.439173019833568,56.23653,7.4904366,1.838009676527277,2.9683042,0.77926356
2022-07-29 09:00:00,35.50063489692326,38.318756,29.512115,35.51294686444972,54.491295,17.258762,1.7771285197430224,3.172203,0.25342157
2022-07-30 09:00:00,31.581778501252984,34.075592,27.449615,52.5378216600218,60.144432,36.45311,1.4933859181108267,2.600658,0.22715032
2022-07-31 09:00:00,33.88786833807433,39.461334,27.852692,47.0517001244567,60.973686,33.461967,1.5728236070258783,2.431314,0.4871145
2022-08-01 09:00:00,33.307357869474515,38.28067,28.067047,44.20274528793342,55.489075,35.984592,1.5829530287977547,3.0943623,0.5381061
2022-08-02 09:00:00,34.42209714747344,39.464752,27.180573,41.69813447829809,56.93465,33.823505,1.607794078946294,2.7009478,0.6899386
2022-08-03 09:00:00,35.776012908833195,42.356842,27.585846,35.577181570280565,42.58601,30.713917,1.7563685512490452,2.466988,0.9730569
2022-08-04 09:00:00,36.970918636567546,42.485992,27.914703,33.93098287169684,45.103424,24.970612,0.9048263881771827,1.6447263,0.3020011
2022-08-05 09:00:00,31.069090205750683,35.62979,26.938385,59.02192380758742,66.700165,47.878807,1.2308352187142326,1.8749338,0.46469256
2022-08-06 09:00:00,35.238433760986084,41.245514,29.284088,36.7870153297976,48.984753,13.734457,1.2708094820210456,1.8947704,0.29382455
2022-08-07 09:00:00,37.60663000463427,42.72574,31.39566,24.43453669440493,31.567158,13.3787985,1.136768927880054,2.2654457,0.30283204
2022-08-08 09:00:00,36.850016728163666,41.18228,30.901031,30.76719328361391,46.71308,12.056968,1.9033289635391033,3.3504684,0.76015043
2022-08-09 09:00:00,35.166073409738715,39.535553,29.969147,45.87430260263462,60.77014,28.371706,1.2217308795895405,2.3442109,0.09388887
2022-08-10 09:00:00,34.4980416050318,38.63907,29.17398,39.70128967182783,44.834393,32.308533,1.5657716278827254,2.156,0.31285962
2022-08-11 09:00:00,36.8566248691389,41.219147,30.170074,32.25394675291609,49.30494,17.480343,1.5451804714767805,2.2823007,0.36332548
2022-08-12 09:00:00,37.0927517963554,41.34732,31.587555,26.96622846402672,38.071663,12.059945,1.3941095951563323,1.8068408,0.46482936
2022-08-13 09:00:00,35.03432298991396,37.811676,29.743317,33.80516237416536,57.574528,8.346213,1.1660689179201436,1.9317982,0.47408816
2022-08-14 09:00:00,35.1841389330948,39.05899,29.70108,36.2045403555669,50.33899,14.835083,1.2368725791543733,2.5363655,0.53016293
2022-08-15 09:00:00,34.3552874937659,38.303375,29.028961,40.81262265967571,60.90089,11.478237,1.4573704080775582,2.2822998,0.5229641
2022-08-16 09:00:00,34.86478591888505,38.86856,30.790436,25.084421624488826,39.739716,7.245388,0.8011026793814771,1.7336955,0.18641648
2022-08-17 09:00:00,37.77808968131359,41.819733,32.259186,26.864519546420876,39.67212,12.035908,1.2287649950564388,2.8866642,0.14307214
2022-08-18 09:00:00,37.44995929070723,41.410797,31.676422,31.716744494849124,51.674557,18.683735,1.8823649018164899,3.445559,0.81066453
2022-08-19 09:00:00,37.01336131075345,41.48477,30.043365,28.70061652234575,46.461884,17.213978,1.2161765166109335,2.1127155,0.5497713
2022-08-20 09:00:00,36.07080208350402,39.57144,29.374176,33.45255225448983,52.039886,21.700687,1.8239542612820512,3.5593987,0.27341244
2022-08-21 09:00:00,35.53810337902894,40.19449,27.710114,36.2714678617853,53.411842,14.383028,2.313929005871059,4.1096826,0.7664606
2022-08-22 09:00:00,35.43668116973373,39.968414,28.407867,25.814759075779907,33.46386,8.970289,2.042084965429626,3.5260038,0.67571765
2022-08-23 09:00:00,36.8938705961811,41.40103,29.34439,19.674612133501018,34.862904,8.156947,1.6503428718183433,3.3525794,0.5321102
2022-08-24 09:00:00,37.44652267724024,42.067535,29.612457,24.341198811213154,40.746372,14.199498,2.11155798537882,3.3332512,0.6051918
2022-08-25 09:00:00,32.171582123999485,36.039703,28.193024,51.64092373708452,67.338394,35.892994,1.3347005112609558,1.9390423,0.65220577
2022-08-26 09:00:00,35.45049892990892,40.00772,28.821442,32.92284795022117,48.67825,11.083801,1.4365812937384543,2.1519904,0.5682649
2022-08-27 09:00:00,37.12568606349362,42.123444,30.375397,20.805605707144448,31.926899,14.614791,1.8158963318498331,2.589595,1.0821027
2022-08-28 09:00:00,36.18187129843915,41.5795,28.100983,27.7841479407934,48.11287,16.933182,2.275642359448973,4.3595247,1.1582384
2022-08-29 09:00:00,35.20993481278475,40.51773,27.382965,44.13495411935352,54.175125,29.784554,1.9082603107898193,3.0289528,0.6482659
2022-08-30 09:00:00,36.45764142557192,40.558014,30.866364,22.549861761424836,34.802242,10.466304,0.917919124111934,1.8167496,0.18194702
2022-08-31 09:00:00,40.543892212870844,45.04825,34.369537,16.989116884314992,20.500439,11.790405,0.7363493034525079,1.7528505,0.028756347
2022-09-01 09:00:00,40.76473235838199,43.58438,35.144928,18.38813367850239,27.821669,12.850579,1.1858183803246096,2.779309,0.105319895
2022-09-02 09:00:00,39.82978280985037,43.169342,33.96231,23.19017004512542,39.76223,15.250509,1.7555235856761342,4.285137,0.19073556
2022-09-03 09:00:00,37.81163797359062,41.008698,34.53018,30.98006296957245,42.03273,16.005388,1.8980626122941802,3.7698262,0.42122298
2022-09-04 09:00:00,38.386677483959375,42.69229,33.819244,33.547154026425545,45.970078,19.119225,0.8499964100621891,2.437921,0.098979585
2022-09-05 09:00:00,38.697429089433854,43.994293,33.095123,24.402763760596276,29.181541,20.496223,1.1219266759404771,2.203307,0.22082876
2022-09-06 09:00:00,40.22964418989875,44.723785,34.77066,18.651316701546172,23.2443,13.724391,0.9321823884149762,1.6800534,0.3015639
2022-09-07 09:00:00,39.97595963935868,45.06949,34.887848,22.857096227534303,29.002361,13.313888,2.1921567837541844,4.212314,0.60693115
2022-09-08 09:00:00,38.01665598116381,41.784332,32.684723,30.28387540296712,37.260296,22.061077,1.5307945940565797,3.2645762,0.26041445
2022-09-09 09:00:00,36.109919984533576,39.347076,31.59317,32.66107643978046,45.56318,15.543649,2.0257350320407066,3.6973212,0.5159393
2022-09-10 09:00:00,24.94714968981367,30.252594,20.056305,79.75315751561594,95.71275,62.70494,1.7597255450887246,3.2438087,0.31145126
2022-09-11 09:00:00,29.676380530694587,34.4523,26.212067,61.1260266675071,71.33056,42.295494,0.8492753147741203,1.490758,0.2624949
2022-09-12 09:00:00,30.54156346702092,38.60367,26.306793,53.319311812202166,79.46262,35.02315,0.7992871117939669,1.6847773,0.213781
2022-09-13 09:00:00,28.862293567312747,33.782135,23.613922,51.45438805618888,82.96046,34.659676,1.5368468956483718,2.334301,0.89522815
2022-09-14 09:00:00,29.561673578773423,35.533356,22.37735,52.76667615759018,71.8028,41.39427,2.0180286430494436,3.1904302,1.3423146
2022-09-15 09:00:00,30.398486929693775,36.11319,23.728424,31.921614755650808,48.740356,14.306665,1.763721129305112,2.7154598,1.1269934
2022-09-16 09:00:00,30.861112103651465,36.265778,23.613434,19.34917252414069,29.92825,6.0727797,1.4146778421108321,2.4581468,0.7722784
2022-09-17 09:00:00,31.20128140607642,36.11612,24.52237,21.785766710804886,41.576775,10.852869,1.6627182168066386,2.710092,1.0120527
2022-09-18 09:00:00,30.405380478173356,35.98355,23.09488,21.816663315927197,44.06298,6.6393795,2.294250500124512,3.4437296,1.0974323
2022-09-19 09:00:00,29.917990927588562,36.223785,22.893707,18.74538557421774,32.624634,7.6069994,1.535947438156834,2.3920786,0.60451746
2022-09-20 09:00:00,31.63990247785,37.335846,25.189362,18.12202453073724,31.070518,9.775411,1.6201155317353486,2.3529813,0.54988664
2022-09-21 09:00:00,31.90064320687935,37.050934,25.11148,29.346187407500462,47.817413,11.878698,2.2080761994176656,3.8188052,0.86115766
2022-09-22 09:00:00,31.42958608641169,35.401764,24.970612,22.175305370247404,56.407955,2.091301,1.3772418981227348,2.8758223,0.42616516
2022-09-23 09:00:00,32.885682309519154,36.278717,27.757233,33.344061043231136,64.20914,5.0369663,0.6871925217857967,1.4351612,0.20307091
2022-09-24 09:00:00,33.618311152922274,37.61856,27.184723,41.51676961415219,53.938343,32.045208,0.7493114381004522,1.3181225,0.22542277
2022-09-25 09:00:00,35.03006446728631,39.86197,29.108551,29.49430701327901,36.934372,15.996874,0.9587632676797502,1.6081904,0.57044506
2022-09-26 09:00:00,36.55925720948909,41.55899,29.674225,16.39543861262809,26.016413,6.373787,1.3961236932077048,2.910745,0.2666011
2022-09-27 09:00:00,36.564154171038865,40.78116,30.558502,13.650979125885414,20.9206,7.5224495,1.115652138342034,2.0926595,0.2511549
2022-09-28 09:00:00,35.75456738262693,39.81656,30.652496,18.105218724445685,25.397978,12.559102,0.8998813050430614,2.7068717,0.15232536
2022-09-29 09:00:00,33.85523352100961,36.66617,27.59195,29.292777020683825,40.5379,18.366024,1.3825055886190287,2.2475889,0.44745222
2022-09-30 09:00:00,33.18359009167796,37.406647,27.947662,24.402818670168998,44.716095,12.595002,1.7102455703331234,2.8117695,0.50252885
2022-10-01 09:00:00,32.24853821468116,36.419586,25.62857,28.87425538289532,46.679703,12.238355,1.651314929336351,3.1476321,0.3361642
2022-10-02 09:00:00,30.66266260218555,35.183258,24.09732,45.41691823623136,55.60807,28.748695,1.4166600979528452,2.1699955,0.7072329
2022-10-03 09:00:00,30.91843727933025,35.725006,23.828522,47.33953120697074,64.20145,35.51027,0.814606297967403,1.6212887,0.15440373
2022-10-04 09:00:00,30.981160260295155,34.64981,25.667389,36.498382188559226,48.218323,25.873589,0.9178297964128164,2.2328715,0.04145777
2022-10-05 09:00:00,32.03345881567299,36.315826,26.497467,27.013858189988678,32.53254,19.888006,0.7510615586078214,1.7176026,0.04689655
2022-10-06 09:00:00,31.626907447968904,35.535553,26.00821,19.266836458285766,24.722416,15.889722,0.5843075138143689,1.4471525,0.035745922
2022-10-07 09:00:00,30.125275270362522,33.9003,25.921783,31.51176866905677,48.12082,17.687227,0.8073134507208408,1.1675119,0.020734483
2022-10-08 09:00:00,30.031091682835324,32.90396,25.120758,34.483201773508505,43.64146,26.075909,0.7784261525033781,2.0011234,0.12609214
2022-10-09 09:00:00,29.657834255680655,33.23111,23.346344,37.948920181428115,45.01436,26.125235,0.7844592767879209,2.0109854,0.11951031
2022-10-10 09:00:00,29.06423163349325,32.833405,24.813873,35.38795561242286,42.38156,26.682343,0.6790677251055565,1.5960997,0.1569106
2022-10-11 09:00:00,29.428303339872173,33.99942,23.645905,30.929564735390716,41.138676,16.8712,0.7293121650254514,1.2869143,0.047849186
2022-10-12 09:00:00,28.466926580765005,33.825592,21.825348,34.16695547340875,52.97033,23.048454,0.895087338909699,1.6712896,0.09371763
2022-10-13 09:00:00,28.79209452069881,34.46866,22.734528,32.20698104920934,39.78706,22.806866,0.91356497933236,1.4048389,0.07575724
2022-10-14 09:00:00,29.700565044234054,35.454254,22.669098,30.962189684294533,42.794113,20.692451,0.8679421556607297,1.5121368,0.2810899
2022-10-15 09:00:00,29.198739973842407,35.813873,20.554108,34.74698398036941,56.566616,20.37521,1.6288438552152538,2.8695972,0.3222524
2022-10-16 09:00:00,21.0330700837539,26.01944,17.350494,67.10087794461823,86.81811,46.852562,0.841698388181156,1.7045542,0.1814827
2022-10-17 09:00:00,24.12831140778269,27.444244,20.920807,48.111974849827284,57.963753,41.15059,0.8976962001346809,2.1095068,0.09130244
2022-10-18 09:00:00,26.899281452320224,30.009918,21.978668,40.894050258171696,47.14428,35.097404,1.298216646647122,2.6305668,0.046102464
2022-10-19 09:00:00,29.411394867028605,33.042145,23.608551,32.241569023713545,37.896835,23.988356,1.888968391353771,3.2497306,0.49034315
2022-10-20 09:00:00,28.88081312012332,32.635162,23.150787,32.562895598795755,37.45413,26.094069,1.1986817025335548,1.9699165,0.5160808
2022-10-21 09:00:00,28.047270413196486,32.329987,23.447174,29.56741464215594,34.619877,21.223415,0.695155415810565,1.191989,0.12162597
2022-10-22 09:00:00,27.92017962683451,32.440826,22.571686,30.46419070498021,44.30647,20.384594,2.0491677971275,3.2796562,1.1498513
2022-10-23 09:00:00,23.16688463365898,30.123444,14.504303,51.4219909542069,81.61483,26.50816,2.8390071500653127,4.79089,1.2954675
2022-10-24 09:00:00,20.831014377146687,24.759186,14.569733,19.973452983539225,27.894104,12.199173,2.4579416024979945,4.95794,0.14160968
2022-10-25 09:00:00,21.011041403645834,23.619293,18.0065,12.3350139810394,17.193077,8.512522,0.9085882836570438,2.533142,0.076183684
2022-10-26 09:00:00,22.37858469361936,24.228424,19.453033,17.367691887500047,25.359905,11.351119,0.877453798788567,1.6916538,0.20556429
2022-10-27 09:00:00,22.70862163036287,26.474518,17.078033,24.028498441100616,40.81772,14.852874,1.1606908036726407,2.128347,0.09798373
2022-10-28 09:00:00,22.54978764472719,25.361237,16.947174,10.819483411822793,21.214062,6.759408,1.8637937021188875,3.5169647,0.26998994
2022-10-29 09:00:00,22.593686547262394,25.967682,18.182526,13.890209392611286,21.565434,10.635746,1.1259987196494246,2.5862358,0.13085787
2022-10-30 09:00:00,24.485082427104714,27.236969,19.897125,12.997576217491051,16.055256,10.64118,1.7757305550164946,3.3847759,0.17188643
2022-10-31 09:00:00,26.349429123050356,28.884674,21.10733,14.599156846733216,18.359238,11.19127,1.5440804783713036,2.885733,0.077935286
2022-11-01 09:00:00,25.073364914401452,28.266266,20.026031,16.95699975334155,19.202412,14.190081,1.3955384799864787,2.166724,0.590889
2022-11-02 09:00:00,22.14687183667934,27.204498,14.796295,35.66254557418688,66.36849,13.987484,2.689994131792505,3.9257138,1.3904889
2022-11-03 09:00:00,17.50941410645072,22.57315,10.131744,53.92111723761128,78.514465,34.18865,3.102759278586534,5.617789,0.9336683
2022-11-04 09:00:00,15.52498710174899,18.054108,11.785797,22.762110941658623,31.772509,14.350634,2.3036940851273777,4.4226365,0.3538313
2022-11-05 09:00:00,18.39158015207846,20.05777,16.831207,20.77621799132989,25.249279,18.101723,0.9001552940162809,1.7170453,0.11839817
2022-11-06 09:00:00,20.088497819855547,22.137848,16.962067,22.15081311578507,29.42669,18.760849,1.3024033572617306,2.0126982,0.6087926
2022-11-07 09:00:00,21.71138360139645,26.049957,16.70816,48.69197395671194,72.526085,36.741936,2.1414769457872502,3.4217153,0.5691183
2022-11-08 09:00:00,18.989886052252473,24.496613,11.1138,71.93912690328767,100.76677,45.28174,3.061550715947932,4.1152024,1.5268264
2022-11-09 09:00:00,17.539255117595246,25.610962,8.833618,67.89572581967556,92.977516,42.081635,3.680189859950768,6.24504,1.4779097
2022-11-10 09:00:00,15.825487808329456,19.666473,8.7343445,22.065465840760414,33.602215,12.992354,1.9189444498068529,3.866507,0.05625898
2022-11-11 09:00:00,17.384282327110043,20.802094,11.382172,13.941623447643607,27.871277,7.0040884,2.4926769263148714,4.9449673,0.6167104
2022-11-12 09:00:00,17.41114703702442,20.32022,12.0902405,17.550435787055463,25.315449,9.182551,1.32495297316697,3.075944,0.15007791
2022-11-13 09:00:00,18.167965969826355,21.264893,12.427002,19.349018589336445,33.670994,11.706149,1.1096358151152461,2.1174233,0.07424554
2022-11-14 09:00:00,16.12611365314001,19.454987,10.825531,27.938816772095524,38.39316,17.662216,2.0734652254905774,4.2092376,0.23826613
2022-11-15 09:00:00,17.49872014815827,20.075592,12.491608,24.834477778717076,32.605743,18.177437,1.802087548024593,3.5087824,0.2521468
2022-11-16 09:00:00,17.806214292535685,20.70639,11.868683,11.301271193161295,15.551222,6.4379406,3.5900952886554305,6.4979835,1.337743
2022-11-17 09:00:00,17.99375471014889,21.158844,13.0555725,10.05992329579177,13.242548,6.9437943,2.5451993333895633,4.141096,0.6313635
2022-11-18 09:00:00,18.256831208856454,20.565338,12.969635,11.042468007011452,15.541577,6.295533,1.0722899184280943,2.2289581,0.16930164
2022-11-19 09:00:00,18.523476920051394,21.655548,13.018829,17.607375738081682,21.425922,13.4461355,3.0514573611303204,5.2692046,1.3372967
2022-11-20 09:00:00,17.17002784057422,19.684906,13.134918,15.521486801869194,21.117603,9.884063,2.9138974440789163,4.8932323,0.9376143
2022-11-21 09:00:00,19.25919534242638,22.231384,12.961853,12.647157256124416,20.936375,7.461437,1.8217029309981547,3.1153944,0.57025206
2022-11-22 09:00:00,18.59684979436281,21.091705,12.771881,9.112366809696145,13.190383,4.020644,1.5451800396429927,2.76282,0.5224752
2022-11-23 09:00:00,19.261158237246775,21.541168,15.287262,5.9257220733688385,8.629018,3.601674,1.403276870220846,2.7742634,0.023834972
2022-11-24 09:00:00,20.967010547987513,23.467926,17.33316,11.047512740256742,16.614363,6.6260815,2.7474470173026493,5.2668285,0.78179663
2022-11-25 09:00:00,19.585797432853383,22.595123,13.986969,13.138618244069585,16.886356,8.151582,2.6240073141547335,4.1242213,0.9551664
2022-11-26 09:00:00,19.566326109766408,21.421051,15.442535,10.892407899910035,13.038869,8.601369,0.7879244957407227,1.7412839,0.078182116
2022-11-27 09:00:00,18.916201071787384,21.069977,14.546539,14.913092273471296,19.680145,11.242645,1.0407885119079545,2.3257163,0.12756167
2022-11-28 09:00:00,18.220160078123627,20.433502,13.935455,23.020224667716818,26.691551,15.81737,1.1475999536472725,1.9982113,0.27768672
2022-11-29 09:00:00,16.131730397988008,20.753754,9.210724,49.06752948358121,92.14412,20.965145,2.024575980602093,2.9417202,1.3027295
2022-11-30 09:00:00,16.2287216202929,19.470459,10.630615,43.77618987746165,56.609196,36.31611,0.9958974582237304,1.8348888,0.22111449
2022-12-01 09:00:00,15.769899685304097,19.121704,11.012329,43.65831677178405,70.01722,33.45747,1.0985374247351067,1.9319552,0.121392675
2022-12-02 09:00:00,15.054787169185204,19.624146,8.863068,57.72979957619603,96.27723,31.290253,1.6160724852368626,2.656256,0.5978472
2022-12-03 09:00:00,16.658316026813907,19.843842,11.18692,46.971396053943984,57.09276,35.03552,0.9567931909436537,1.6993489,0.17981967
2022-12-04 09:00:00,17.12982341451857,18.704742,13.468414,38.567266729937046,44.791252,33.296986,0.6255843212725652,1.1312819,0.08577951
2022-12-05 09:00:00,17.527984090707434,19.989899,12.355133,56.01641169062844,84.48593,37.864838,1.448731432598345,2.3147373,0.2719979
2022-12-06 09:00:00,15.903582154959508,20.930695,8.672882,57.80002457451915,83.47589,44.645798,1.7027447955568724,2.536089,1.0763917
2022-12-07 09:00:00,14.382215613908613,18.733612,7.5187683,56.6550858675522,79.54668,43.516544,1.4509730776477925,2.0788724,0.43745595
2022-12-08 09:00:00,14.729481385781583,19.289398,7.5413513,36.62055655459436,49.666317,22.064754,1.0076501516602552,2.1181827,0.09492336
2022-12-09 09:00:00,14.601676577181365,17.684784,9.059784,26.007278967931345,35.378284,12.384264,0.9047230934119403,1.7237427,0.22113475
2022-12-10 09:00:00,15.457306949167219,18.630737,10.128784,26.26670010407822,44.249027,18.603094,0.7230163761208259,1.5083616,0.20174544
2022-12-11 09:00:00,15.690473754598088,19.367493,10.137024,35.051605363824166,78.138115,14.997489,2.4806583362701136,3.392233,1.0309603
2022-12-12 09:00:00,12.284152313948368,19.785492,3.5706482,56.473378184277905,98.45656,33.18034,2.1034409777426686,3.581666,0.65664005
2022-12-13 09:00:00,8.473426953249714,12.623566,2.7984314,57.13353541166436,81.949684,43.36409,1.1069394133821542,1.6588417,0.24306436
2022-12-14 09:00:00,11.580209464249492,14.889923,4.8251038,36.713804254209336,51.12005,24.373953,1.1346722833385434,2.1043725,0.0638923
2022-12-15 09:00:00,13.180364122672415,15.708405,8.272858,21.45170714659119,27.727404,14.934435,1.3564191175256155,2.5781088,0.22045466
2022-12-16 09:00:00,13.767741248263974,16.199432,8.361542,17.73247070211205,28.9679,11.376106,2.2489056887168046,4.852707,0.29243574
2022-12-17 09:00:00,14.020402831597153,16.913086,7.182617,13.928720408583972,18.780838,9.6324,2.178277335351652,3.7107627,0.32505348
2022-12-18 09:00:00,12.773386093919271,16.244415,7.096466,12.909938568021609,21.408989,6.1717806,1.1289770011193947,2.262077,0.04097056
2022-12-19 09:00:00,14.033800691061117,16.169556,8.386353,18.12592255116923,25.693508,10.011866,0.885158287584653,1.8079096,0.052010022
2022-12-20 09:00:00,14.902085321042932,17.045929,9.72171,11.539310640894541,18.06747,5.057928,1.2264301037520022,2.1196976,0.23392674
2022-12-21 09:00:00,15.96063671575763,17.769623,11.625092,15.142167269809343,23.967533,10.251537,1.683138619197018,3.0219646,0.21370383
2022-12-22 09:00:00,19.263335457103096,21.214111,14.550049,23.340706257046538,27.18534,19.405241,1.0317147972432523,1.9351059,0.1072196
2022-12-23 09:00:00,18.169259535855645,19.648224,13.638458,24.93994344950642,29.620197,19.702583,0.8343608769552691,1.8168855,0.09189389
2022-12-24 09:00:00,18.797789078098276,20.753204,14.880157,18.450035823300873,23.178093,13.546068,1.8658452671984422,3.3745575,0.3238354
2022-12-25 09:00:00,22.96690739157657,25.79657,18.204987,19.34726467899628,22.584959,16.218561,2.0944372640249407,3.6609027,0.29370403
2022-12-26 09:00:00,24.255025613161195,26.463257,20.375366,20.119362280984486,23.220093,16.403187,1.691480005425234,2.8199282,0.34998348
2022-12-27 09:00:00,22.648253800865575,23.984283,19.148346,20.480641067351716,25.02491,18.321335,0.81765327234087,1.651837,0.21954837
2022-12-28 09:00:00,17.769097759044143,22.280853,11.767181,21.052792088596906,44.95757,11.113818,1.9419416678938026,3.576342,0.42645755
2022-12-29 09:00:00,16.90126239382755,20.391266,10.533844,44.936403398398205,74.233444,28.97285,1.0368276448059652,2.0889432,0.041834217
2022-12-30 09:00:00,14.284998535352031,18.019684,8.92984,71.31878322091505,90.197266,50.560356,1.4586327626346494,2.436315,0.27583224
2022-12-31 09:00:00,14.351561173538187,17.675934,8.567535,62.19796139497537,91.26857,40.87404,2.0260860136456977,3.3019178,0.4847619
2023-01-01 09:00:00,15.161089742866523,19.88736,9.319,69.66540315465102,95.86946,42.102417,3.056004371876881,4.546458,1.4108326
2023-01-02 09:00:00,12.014423792143816,16.86441,4.740753,56.676132385042536,90.04625,31.714222,2.05365456434396,3.2566736,0.5834163
2023-01-03 09:00:00,12.404019959582058,17.046295,5.2951355,60.550545942414715,88.002396,32.920364,2.0534871109549835,3.708393,0.7420643
2023-01-04 09:00:00,14.32485946158738,18.577606,8.806793,80.6664242536986,101.698875,57.35513,1.2866378934952059,2.5541468,0.43607008
2023-01-05 09:00:00,15.13819971986726,20.542023,8.295929,73.39417781253857,97.215034,52.472847,2.0660873540514135,3.1580126,0.841619
2023-01-06 09:00:00,14.12516208050016,18.82019,8.42691,28.644738663177367,45.136097,20.368202,1.2353508949361949,2.332212,0.11638637
2023-01-07 09:00:00,16.06910439504111,19.308594,9.771484,16.180630304123266,26.81615,6.3000975,1.775467369434469,3.038772,0.33071306
2023-01-08 09:00:00,15.796415245090088,18.792603,9.827759,10.983728374373522,18.158276,7.356208,0.7760016678825256,1.8006345,0.11675112
2023-01-09 09:00:00,17.449295558177596,21.016022,10.6214905,25.653391641126465,57.33709,6.083185,0.8355796470323659,1.5011802,0.14123154
2023-01-10 09:00:00,15.041391383238192,20.193268,8.480377,69.28206275632773,99.83917,43.1255,2.5185167274217837,4.367653,0.8649769
2023-01-11 09:00:00,14.212934325980086,21.291534,5.882416,43.409973096591656,63.191864,21.86374,1.7988096375740916,2.977394,0.4343616
2023-01-12 09:00:00,15.31827146811537,18.13507,10.1041565,18.492911751503215,36.500656,6.691372,1.9297076522414094,3.2694082,0.44701603
2023-01-13 09:00:00,17.784941499226704,21.64328,11.959747,16.265590135840085,27.260452,8.209672,1.5728513691531856,2.602325,0.26254323
2023-01-14 09:00:00,18.171714296199923,21.835297,12.1458435,24.095877090382295,37.567825,17.566652,0.6607743147456946,1.3824382,0.13238628
2023-01-15 09:00:00,12.294973705586415,16.718353,5.4577026,76.27485784381474,98.94704,56.84591,2.1414964354339543,3.4980714,0.47109228
2023-01-16 09:00:00,12.508256595129751,16.817047,6.362213,84.74307852367153,100.455086,70.53593,2.920188011346128,4.5986886,1.2735428
2023-01-17 09:00:00,13.190750498467139,19.223907,4.9934387,54.42102786103381,89.39087,33.48462,2.885881640385318,5.077779,1.0376636
2023-01-18 09:00:00,12.16540091333826,16.987701,4.761139,33.28900603007581,56.249897,17.011616,1.8245647360725086,3.3215144,0.09189927
2023-01-19 09:00:00,12.995275212193576,16.390045,7.7533264,34.94774218136744,58.39884,22.676186,0.5289810887824647,0.9542632,0.09120113
2023-01-20 09:00:00,12.367257929154334,17.292389,5.24942,37.52377224541519,81.75513,23.309814,1.8041892452546373,3.4509473,0.12764287
2023-01-21 09:00:00,12.776547531543713,15.6970215,6.9157715,24.561003878134812,31.376331,12.747425,2.284103971348181,4.2487955,0.57699823
2023-01-22 09:00:00,14.689832329145986,17.565338,9.028229,15.832615454700694,21.096699,10.225605,1.1927156217362005,2.70527,0.080365054
2023-01-23 09:00:00,13.893525469503004,16.873688,7.4127502,27.850539092515326,36.801094,17.297186,3.6942005464749457,6.7974067,0.77141446
2023-01-24 09:00:00,13.721980227080621,16.526764,8.4841,23.07645941544525,28.731237,17.110144,2.6752456440777452,5.356687,0.38176242
2023-01-25 09:00:00,17.17869425163707,19.926666,11.8524475,18.77140722973175,24.323627,14.75824,2.0084465392293036,4.141007,0.2791559
2023-01-26 09:00:00,17.199386199825085,20.026978,10.804321,24.664433048588297,28.787907,21.020317,3.458231307015743,6.361529,1.0396864
2023-01-27 09:00:00,16.219298646462903,19.146637,10.735382,16.646936658438776,24.907822,9.024043,2.235547165036946,3.8673143,0.7392526
2023-01-28 09:00:00,17.366667830760036,19.02539,12.826172,18.736552569801663,33.62923,9.148511,0.557935062068494,1.3437917,0.0814463
2023-01-29 09:00:00,16.08314268708733,19.28836,10.311798,36.17237921325169,62.16949,26.220272,1.622091517394074,2.6977024,0.521182
2023-01-30 09:00:00,13.197332945703067,18.995575,5.361725,68.72491738858405,91.5707,46.039455,1.7221249114907304,3.0283809,0.5980837
2023-01-31 09:00:00,11.368048502092392,15.988312,5.4810486,35.963495084356076,53.281723,19.431326,2.880806022122247,5.1756845,1.3203367
2023-02-01 09:00:00,13.258845106536455,15.673065,7.898529,20.685178439755838,29.885975,10.686757,3.018891337688506,5.60438,1.185922
2023-02-02 09:00:00,16.74416447238673,19.768646,10.530365,16.684588158205393,32.865807,6.4790897,1.8297699290899185,3.3875,0.3527363
2023-02-03 09:00:00,18.0323334215376,21.10022,11.486938,16.4583532179424,23.719866,10.446445,1.2281968976847095,2.2185152,0.15876503
2023-02-04 09:00:00,18.49162798606494,21.522278,13.7547,11.98630966501827,17.621635,6.4351406,1.0551099861993636,2.287087,0.109519064
2023-02-05 09:00:00,20.74125789548833,23.780426,16.286285,16.439010698784266,28.740532,9.096001,1.2314091372953873,2.108189,0.46782526
2023-02-06 09:00:00,17.897741742777953,24.051178,9.734772,32.83949651750919,64.46437,13.093273,2.729270040077428,4.4058867,0.09914592
2023-02-07 09:00:00,17.12906205398957,20.58017,11.160248,21.71194062941236,26.338884,15.807634,3.2950439267040634,6.148972,0.9878114
2023-02-08 09:00:00,17.91571087481941,20.675446,12.568024,24.570894665362616,30.693441,20.103598,1.8809880981398501,3.2299047,0.51681125
2023-02-09 09:00:00,20.506680633207054,22.60263,16.061615,15.990920368441213,19.805382,11.188654,1.9737993950296253,3.6619992,0.5157174
2023-02-10 09:00:00,20.082129244568193,23.395233,14.569061,9.274810422403347,12.572093,5.2556868,2.8015529597434683,4.4554186,0.69679797
2023-02-11 09:00:00,18.29476610337622,21.572662,12.912506,9.727207194756192,12.800819,7.468788,1.1275265888510564,1.6826129,0.51515925
2023-02-12 09:00:00,16.67486819780231,22.66336,8.800079,30.83077130856703,65.80611,13.524107,1.3491327088092226,2.228171,0.6181552
2023-02-13 09:00:00,15.96664564208885,21.590973,9.115875,43.87097932062428,77.42885,20.417133,0.998990780161783,1.7332476,0.07359976
2023-02-14 09:00:00,15.258246589804003,18.7482,8.789215,60.665713516729895,100.18697,35.62246,3.6608187728853667,5.48389,2.084957
2023-02-15 09:00:00,10.802671234297236,15.976471,1.9862366,26.137073620835505,36.868362,17.809767,2.8679484961353623,5.148836,0.48856238
2023-02-16 09:00:00,12.273341203289931,14.970764,5.812561,16.860345229603755,24.33246,8.742617,2.4902088059052545,3.3973362,1.2475917
2023-02-17 09:00:00,12.62678987986908,15.542572,6.451996,15.444146864692788,22.966282,6.5803795,2.356025768713905,4.0543613,0.74052685
2023-02-18 09:00:00,14.920654364613938,18.68155,9.719147,15.497768217331293,19.145218,9.338643,1.7682517963651347,2.4563599,0.721943
2023-02-19 09:00:00,18.31137658880357,22.22525,12.977203,19.004642537056494,26.510094,13.3294325,0.7600610302613549,1.3522073,0.20735471
2023-02-20 09:00:00,18.82108962847923,22.830963,13.811432,29.678191402629665,38.139015,20.533737,0.569239324757302,1.6596915,0.046089448
2023-02-21 09:00:00,21.22425532310973,25.30246,15.070038,32.47874517396078,40.818207,25.685396,1.1299036375151352,2.0371857,0.503844
2023-02-22 09:00:00,17.073929454887775,23.751678,8.679413,44.967506258350824,72.135895,29.758635,5.797126796892901,10.02219,3.2844813
2023-02-23 09:00:00,8.890886134425955,14.17569,-0.13095093,50.585801309097896,84.89284,23.845963,3.536995707234792,5.2379427,1.8231341
2023-02-24 09:00:00,10.055250681603638,14.473999,2.6497803,71.50864235837349,94.10271,48.622242,2.725418998505673,3.9112914,1.3512921
2023-02-25 09:00:00,13.093572745809126,19.353363,3.7532349,69.28406586854487,97.50232,49.592896,3.6562806526897855,5.3026776,1.5435679
2023-02-26 09:00:00,8.716964167548383,15.466309,1.0874023,62.833588134864705,93.459915,36.99357,2.4350646282825386,4.433534,0.8903828
2023-02-27 09:00:00,10.660273817681002,15.940887,3.1822815,53.96286430430018,90.156685,36.29395,1.8550834677066887,2.7468615,0.89562666
2023-02-28 09:00:00,13.074865559006014,18.71225,3.9239807,65.25771423206861,98.25182,43.701912,2.692633099365919,3.9134045,1.530268
2023-03-01 09:00:00,13.127838827326286,18.590973,4.792145,65.43072253719448,89.42304,44.902275,3.7928984268243227,6.6468077,1.69307
2023-03-02 09:00:00,11.362546198239443,14.928131,5.539459,31.700744568783463,39.865967,25.037842,3.072628279591468,5.1335096,0.822106
2023-03-03 09:00:00,14.738754009403408,18.537842,5.5450745,37.38640207619025,51.796124,21.028223,0.7326388593711752,1.4334618,0.1111163
2023-03-04 09:00:00,15.962147826326145,19.847748,9.041107,48.053459291116496,68.13442,35.11098,1.265560964066577,2.1143734,0.57330817
2023-03-05 09:00:00,15.72698934602738,22.645172,6.5416565,40.40734726209173,86.12529,8.977157,2.652340122422719,3.8495605,1.7270495
2023-03-06 09:00:00,14.36008913473131,20.832184,6.728302,46.92945967001052,77.939926,18.671106,2.192356620443647,3.4480987,1.1467044
2023-03-07 09:00:00,15.31812593442669,21.10553,7.6944275,39.22756737547108,73.179085,18.581772,1.649135271426834,2.6180706,0.9436494
2023-03-08 09:00:00,16.975562449364247,21.518951,9.710358,21.563424702326966,47.20315,6.4531507,1.3311683660490583,2.677477,0.7186908
2023-03-09 09:00:00,18.729401168237928,24.04898,10.962982,15.04227100639975,23.685055,1.3959913,1.213283999565074,2.465503,0.12459711
2023-03-10 09:00:00,21.221703532910396,25.241608,14.725983,22.190402414427727,32.83031,14.634999,1.9223884093350103,2.9026654,0.854931
2023-03-11 09:00:00,18.664265278489324,25.403015,11.18277,76.40940986787352,100.770966,53.90769,2.896449211938133,5.540985,0.9932171
2023-03-12 09:00:00,20.870180824674435,27.196198,12.662506,38.68718940967662,74.75576,22.119043,2.620188373307169,4.059853,1.012453
2023-03-13 09:00:00,22.167564979686745,28.284088,12.934479,36.72871860014027,63.58886,24.166983,2.3519323856112093,3.382383,0.6182615
2023-03-14 09:00:00,22.225140634263084,27.552399,13.937164,35.413180931109764,62.915314,24.069283,1.5852629027502132,2.7299862,0.667687
2023-03-15 09:00:00,17.278953137351266,23.34903,9.777252,80.65081424863484,99.85962,58.877186,2.7115351396698673,4.070341,0.764405
2023-03-16 09:00:00,16.048634852995463,21.417633,9.688141,54.79505730964296,83.441696,36.109665,1.880774390243356,2.8511758,1.0258471
2023-03-17 09:00:00,17.714639790285048,22.857086,11.263336,38.21974186755514,55.555004,12.0481,1.1880964668365128,3.3792958,0.07436009
2023-03-18 09:00:00,19.426580207332904,22.973541,13.045807,27.16989302540799,36.032707,10.066332,2.114965188833039,3.7662027,0.8403726
2023-03-19 09:00:00,20.623282931027575,24.913239,14.278473,27.70036942390614,38.74666,21.099722,1.0379657720839024,1.8547368,0.09084938
2023-03-20 09:00:00,17.06332094936954,23.680328,9.2464905,54.860827337959975,93.69174,29.514034,2.554811986966112,4.437875,1.2745323
2023-03-21 09:00:00,17.4052403342223,23.443512,9.039215,57.42989817642562,98.00343,22.224165,2.5987900494571794,3.7475412,1.404518
2023-03-22 09:00:00,13.872265995929695,20.49405,5.386627,68.14965470548576,89.33299,48.991684,4.010399775277805,6.6365376,1.8490375
2023-03-23 09:00:00,13.93957077535714,20.937897,5.510895,61.932169673690254,93.653114,27.307474,2.2107071949918957,3.2922726,0.9913121
2023-03-24 09:00:00,15.302250901554885,21.452301,7.7450256,47.822782887918336,92.18505,18.304441,2.7758634696239812,4.1112366,1.2540649
2023-03-25 09:00:00,17.55267385967693,23.00113,9.528473,36.804584618499625,57.57456,19.19186,1.851250688908043,3.596394,0.36476082
2023-03-26 09:00:00,17.62428448161728,22.386871,10.004059,29.456572071948948,59.721474,7.854288,2.0053582297529453,2.9753594,0.46419927
2023-03-27 09:00:00,17.682265912312346,21.940582,10.202301,19.10622519674762,30.313255,12.625754,2.4606427261899313,4.9796467,0.6847048
2023-03-28 09:00:00,18.142927347305715,21.653229,12.309967,12.398673311220792,24.117815,7.335602,1.4831715765287665,3.154675,0.29148018
2023-03-29 09:00:00,21.193330037691055,25.672028,13.220856,20.13404157866369,38.248642,11.869735,2.698127580737254,3.9311807,1.6051704
2023-03-30 09:00:00,15.161853854741992,23.652496,5.9649963,55.682740646794066,95.856606,24.379208,3.4634810212533718,6.8197446,1.478023
2023-03-31 09:00:00,14.52722401793136,17.767487,9.259674,29.881183790073855,42.03843,20.25528,1.2265824748509502,2.3713655,0.17334606
2023-04-01 09:00:00,18.51412824885574,22.283356,13.389313,13.714109791254751,26.020786,3.5174742,0.6821165474433319,1.8736156,0.030482111
2023-04-02 09:00:00,22.27198090687125,26.642975,14.613678,12.611475078990921,27.705368,8.50438,1.6988846683182839,2.686483,0.9519614
2023-04-03 09:00:00,23.08785958283471,29.272125,14.639313,30.180345305996315,65.25679,14.3700695,3.7543686781358145,5.8943143,2.1836753
2023-04-04 09:00:00,15.975904422804263,22.78482,7.4215393,23.252597335726783,35.594242,11.944374,4.225527629481438,6.496575,1.9720951
2023-04-05 09:00:00,15.571058921882354,18.72232,9.360992,20.80957582108428,36.655544,12.196871,1.0094798156238034,2.4480627,0.061204854
2023-04-06 09:00:00,17.74183374415952,20.566803,12.632233,16.991068490253962,21.170418,12.682782,2.1439886944089297,4.1045284,0.49961466
2023-04-07 09:00:00,21.61279228139375,24.981842,16.069733,13.84075134130489,25.064445,6.7899218,1.0885113537347844,2.2379098,0.3014754
2023-04-08 09:00:00,23.221743180047724,27.882477,16.064117,19.335531904053326,40.590836,9.528337,1.1675954509850346,2.2177367,0.34745845
2023-04-09 09:00:00,25.174662503788966,30.068512,18.920074,22.9601381177095,29.709892,2.705987,0.8163842767080648,1.3349513,0.19928628
2023-04-10 09:00:00,28.492588698951636,33.151276,22.620026,15.541313844446021,18.819368,12.543817,0.954706286651822,1.7281868,0.1035541
2023-04-11 09:00:00,30.5030564824591,36.55191,21.960114,15.488769500141412,21.037653,9.050766,1.037370085288984,1.5208685,0.51941997
2023-04-12 09:00:00,29.18721100076715,35.981354,20.278229,14.439685739534033,29.579002,2.3641596,2.1455998060895984,3.510969,1.308584
2023-04-13 09:00:00,23.96566540656619,31.378815,14.621002,38.26378499392033,89.88117,14.035426,3.2759024959475354,4.8854904,2.16512
2023-04-14 09:00:00,19.43218703485701,26.84317,11.011139,44.594783387548844,92.3564,16.978403,2.725891163635393,3.6783056,1.6184102
2023-04-15 09:00:00,22.801515109484967,26.900543,17.506989,24.741485881680752,34.61676,16.038696,0.8630858038268218,1.5144908,0.24177976
2023-04-16 09:00:00,25.448892633662126,30.404938,19.643219,27.198665736425795,43.707684,18.004215,0.8440869707162931,1.3768655,0.39433905
2023-04-17 09:00:00,25.66644725319742,31.717682,17.830963,20.70662480939351,51.36463,7.943097,1.70918993320191,2.5586762,1.0226246
2023-04-18 09:00:00,25.171793904557944,32.205963,15.9930725,23.512255756399885,66.03913,2.582099,2.939369303292841,3.9413948,1.5993958
2023-04-19 09:00:00,21.98909547662771,29.41861,12.858063,24.963598048603156,64.250496,0.22129917,2.790338301636556,4.203453,1.224746
2023-04-20 09:00:00,22.731188667051413,25.919342,17.052399,13.561818863470318,22.11449,9.991276,2.101964481437496,4.4007525,0.17787302
2023-04-21 09:00:00,26.331876222822984,29.421051,21.706451,13.234710620793456,20.48308,10.507255,1.5431771344857477,3.2911618,0.25445655
2023-04-22 09:00:00,30.343974090334086,33.7565,25.143219,15.538220304011775,19.750923,11.079826,1.3333408339599342,2.5290341,0.27114135
2023-04-23 09:00:00,30.17245520612869,34.628326,24.013092,23.569814107822587,29.670437,18.838406,1.073190185048842,2.1434824,0.048889223
2023-04-24 09:00:00,28.80815351953595,35.678864,20.70816,23.33565809257183,44.443817,10.765525,2.146831353728687,3.0572755,1.3504372
2023-04-25 09:00:00,28.793905061909186,34.55606,19.765045,24.385776342666905,45.96157,12.838111,1.741074993590016,2.6689982,1.1483556
2023-04-26 09:00:00,29.233861771234956,34.307037,22.582428,11.319807588198083,16.007408,7.1205263,2.2811043559626776,4.5463777,0.32822597
2023-04-27 09:00:00,29.481960390370887,33.532867,24.118805,11.836135789723679,18.857103,6.4238424,1.7724488871863457,2.98393,0.5845118
2023-04-28 09:00:00,30.96905439497982,35.739166,23.026276,12.071343301494705,18.31668,5.165056,1.3387234525080651,2.2576003,0.5038896
2023-04-29 09:00:00,32.5754792954848,38.345856,22.332184,10.11743756915991,14.754454,4.831622,0.8254232694047273,1.5713009,0.16265565
2023-04-30 09:00:00,32.8018480753658,39.08316,22.661285,11.964307018836012,19.012909,7.809784,1.4796139353811393,2.1367352,0.6228044
2023-05-01 09:00:00,30.63459698744515,37.944244,19.907135,17.190435280857056,38.981598,5.952302,3.0814352771848914,4.6625047,1.937856
2023-05-02 09:00:00,22.987991130169746,31.878082,13.778473,38.412835507266266,94.22944,6.6449623,3.3111322880439027,4.7434382,2.1385336
2023-05-03 09:00:00,21.638828417746026,28.503815,13.632721,39.622663547323604,84.24333,19.899586,2.414028204833482,3.3550682,1.5891291
2023-05-04 09:00:00,21.136482607969867,27.791412,12.904694,39.21731109155363,81.5841,18.373724,3.3265843760907345,5.2811127,1.6789777
2023-05-05 09:00:00,17.757319399694893,24.63736,11.015533,58.76288096933412,92.093056,37.338234,2.5993086257768065,3.5330026,1.3969992
2023-05-06 09:00:00,20.77135784709253,26.150543,14.058258,44.70117301273268,72.78841,27.583858,2.221568860010379,3.276693,1.2708488
2023-05-07 09:00:00,23.002877314797445,28.761139,15.389557,33.42497305238419,66.76775,16.47088,2.235971382962148,3.26248,1.5322516
2023-05-08 09:00:00,25.07906806284302,30.832184,17.578522,31.640318949156345,52.172356,17.023926,1.8336670052572006,3.1322157,0.8098628
2023-05-09 09:00:00,26.678375073153802,32.963287,18.521881,21.965658120885834,56.909866,5.143469,2.125560344867063,3.274916,1.447264
2023-05-10 09:00:00,24.936028693161518,32.101227,16.458649,28.128032222028033,84.641266,7.973295,3.690374822411457,5.6415095,1.911279
2023-05-11 09:00:00,23.675201724446993,28.717438,17.002594,32.17908207641955,47.870667,21.444885,1.8957912545341176,2.5689871,1.2839425
2023-05-12 09:00:00,27.020547144863144,31.861725,19.34024,20.67342311135701,34.469273,9.564008,1.02710830881595,1.776335,0.14177318
2023-05-13 09:00:00,30.762944197138097,36.018707,22.097076,17.61480524493723,25.13401,10.264675,2.010848870321957,3.4984686,0.7693654
2023-05-14 09:00:00,31.69963520658439,37.590485,22.621735,14.873739616411962,25.538712,8.635868,0.9143444248334355,1.5770112,0.11014119
2023-05-15 09:00:00,32.41023336832643,38.075104,22.967682,12.438389440156431,16.48943,4.7760515,1.8400116281517493,3.413669,0.3323062
2023-05-16 09:00:00,31.29631208660618,37.10977,21.77774,15.84805094323476,19.693966,11.990135,1.105851293493543,1.8780402,0.55169976
2023-05-17 09:00:00,33.087454619975006,38.934967,23.946686,18.55381244627069,26.163757,8.745789,1.107290457960349,1.9429634,0.49039185
2023-05-18 09:00:00,32.695191577016715,38.44156,24.382965,15.522789157914069,18.81783,6.1498604,1.8110880482651712,3.5296316,0.356258
2023-05-19 09:00:00,31.61188337232261,36.74283,22.621735,23.7696923938456,32.73512,17.61864,2.1824365333069835,4.382973,0.8101669
2023-05-20 09:00:00,30.18249631804713,35.73233,21.589508,33.183674473168736,46.046215,22.425121,1.8234848440358624,2.8632588,0.33799443
2023-05-21 09:00:00,30.108512291894442,35.471344,21.647125,29.882276357413694,38.35208,22.271854,1.2479498129763764,2.37108,0.4016066
2023-05-22 09:00:00,31.937879652214917,38.6315,24.123688,24.413872728795013,41.3696,10.439911,1.5475350531374408,3.066852,0.24403656
2023-05-23 09:00:00,30.734857995181756,37.387115,21.6586,22.223712805871926,45.100216,9.436544,2.0079893882754507,3.476406,0.77844274
2023-05-24 09:00:00,29.181382517120426,36.45108,19.001862,20.907829242413705,48.328835,6.906972,2.669120419353826,4.3039327,1.4811357
2023-05-25 09:00:00,28.93378212111503,36.510162,18.730865,19.749565149674215,38.567825,5.6040745,2.599845713559813,4.1022267,1.5328526
2023-05-26 09:00:00,27.490684070909083,34.99185,17.982086,24.129824459380714,62.780632,-1.9188108,2.6025937389015996,3.5113447,1.7581079
2023-05-27 09:00:00,26.73499241125012,33.553864,18.05191,27.08778418340487,55.769035,12.921389,2.2052662737139306,3.0376406,1.4497048
2023-05-28 09:00:00,28.802648751147785,34.615143,20.333893,29.156136425614534,57.649414,14.315191,1.870433384215874,2.957574,0.9788511
2023-05-29 09:00:00,27.98006028834851,35.31729,18.254791,30.709471558651696,67.87657,13.767198,2.4783794021944257,3.9054706,1.2356184
2023-05-30 09:00:00,27.490792067982795,34.62613,18.667145,27.64740594076302,51.503098,7.5418215,2.357979176943748,3.6407278,1.5792527
2023-05-31 09:00:00,26.422878387465516,34.50821,16.691803,41.54840598396066,98.836876,11.116602,3.0504336199488313,4.135882,2.0755103
2023-06-01 09:00:00,25.317238756204347,31.929108,17.0961,41.26662875171733,72.82737,21.489716,2.4697069607830735,3.8206694,1.4966981
2023-06-02 09:00:00,26.94797885167958,32.802155,18.215729,28.18207999213194,50.649162,11.815507,2.125125278225061,3.4698277,1.3076688
2023-06-03 09:00:00,29.685131009827842,34.678864,21.471832,20.334891467481658,36.575962,4.571068,1.4943719105670061,2.8220208,0.6573773
2023-06-04 09:00:00,31.808006642097723,37.821686,22.825592,15.097109931574035,29.42107,4.513486,1.5330286554824644,2.7013865,0.80412996
2023-06-05 09:00:00,32.4812282905084,38.702057,22.840729,15.748895183740622,36.36344,5.35563,2.143777224475466,3.6944299,0.92419195
2023-06-06 09:00:00,27.679385192008965,37.40152,16.768707,23.643429763910497,65.76843,2.6688414,2.738365339346344,4.011634,1.6545753
2023-06-07 09:00:00,26.00096025639931,33.41519,17.255035,33.662431785450444,70.449524,14.277996,2.510388216218088,3.540851,1.624551
2023-06-08 09:00:00,26.636897940713936,33.574615,19.25772,35.70065474883822,70.605,15.880784,2.2897444512232727,3.5361145,1.3720713
2023-06-09 09:00:00,28.628114129484516,34.120026,21.364166,33.179383981203074,56.42424,16.113281,1.8391422675169526,2.8524952,0.936549
2023-06-10 09:00:00,29.27424791732483,35.439606,21.068512,28.037199260025375,50.30967,12.239358,1.9963299264973284,3.4462957,1.178459
2023-06-11 09:00:00,27.92217966969514,35.55435,18.591461,35.11814794895219,72.36853,17.450558,2.7874103925360076,3.5562284,1.8712275
2023-06-12 09:00:00,24.848573904520038,32.670807,16.016754,52.12069222601942,97.76871,26.859192,2.9128108753183932,3.858177,1.9688461
2023-06-13 09:00:00,26.575921977016662,32.529205,18.906158,38.68571461315522,65.65174,19.615358,2.0939416544323777,2.9376328,1.4768593
2023-06-14 09:00:00,29.215054105648903,35.404694,20.537506,33.43082391304145,54.489197,16.239195,1.969924664078666,2.9343042,1.1648358
2023-06-15 09:00:00,29.724590138039844,36.71353,20.48111,37.837185178070676,68.00774,20.321222,2.491965884232409,3.7910695,1.4276922
2023-06-16 09:00:00,30.944942515429148,37.787506,21.248444,34.02740272558014,69.619095,15.220658,1.689036940667424,2.685376,1.0929658
2023-06-17 09:00:00,32.21433254846397,38.000885,24.379791,30.58749097551316,43.077282,22.557,1.0249292184904368,1.6619885,0.28960767
2023-06-18 09:00:00,33.86453815342304,40.14273,25.535309,25.946514152636304,44.55664,16.775393,2.3904746984468384,3.6321845,1.5142616
2023-06-19 09:00:00,32.03895312994035,39.48404,23.052399,21.39596140778935,42.65803,7.6619387,3.4337850165725783,5.7150087,1.6277229
2023-06-20 09:00:00,30.25833809602267,37.365387,22.197418,23.10928255588663,33.172134,7.034896,2.7327013690244897,4.1660423,1.4505253
2023-06-21 09:00:00,31.560118630323018,37.86148,23.933746,7.633526810086603,18.075045,-1.4678907,1.9646336111046157,2.9709697,1.4156039
2023-06-22 09:00:00,32.11408246466789,38.431793,24.488434,7.848012609658882,28.647839,-0.9256449,2.3356729526116036,3.2097707,1.7567657
2023-06-23 09:00:00,29.592999911139714,37.068024,20.829742,10.476785803583514,36.143776,-3.221446,2.6755984230323886,3.6356878,1.6833075
2023-06-24 09:00:00,29.88614525325903,34.895416,22.731354,10.249732929665278,16.171988,3.601675,1.0973920740854493,1.8307972,0.152379
2023-06-25 09:00:00,32.675448524835815,38.804108,23.872467,5.051772537463938,18.958467,-1.7472029,1.9604950879388914,2.6479688,1.2793467
2023-06-26 09:00:00,33.644279796167496,40.364655,24.81778,7.341346102841012,19.45425,0.2258358,2.1932853395556084,3.0093517,1.4698083
2023-06-27 09:00:00,32.91543744290493,39.64151,24.756744,12.513175692516267,35.529907,6.2838135,2.3248718338487935,3.192686,1.4849787
2023-06-28 09:00:00,33.189120486949946,39.450348,25.012848,11.782501499355183,31.498394,2.0883636,2.01251223256652,2.8012168,1.1441458
2023-06-29 09:00:00,32.799424114779356,39.265045,23.50528,15.350373278424762,33.613018,6.515685,1.731400633238299,2.496176,1.1868072
2023-06-30 09:00:00,35.697307062097025,40.592926,25.90738,14.421379402037475,20.011772,7.82129,0.7367435818636867,1.6644045,0.15631668
2023-07-01 09:00:00,38.07405407953149,42.952057,28.931793,12.378282862292352,15.805472,8.7376795,0.9228435677740507,1.8517413,0.1512914
2023-07-02 09:00:00,39.11575327742696,45.268707,28.40152,11.545979637965647,19.299194,5.748414,1.6433784146144732,3.112368,0.70083743
2023-07-03 09:00:00,39.97408553797732,46.190582,29.046051,10.300253175552898,16.999538,4.772975,2.0216489293847753,3.6075768,0.9383906
2023-07-04 09:00:00,39.248935665528165,45.662018,29.027252,8.178723405530196,13.604966,3.1674662,2.903047924079999,4.5207305,1.562816
2023-07-05 09:00:00,36.76056322196473,43.431793,28.3732,5.824638776701191,13.981923,2.7522087,2.4702642587650745,4.1263785,1.3805344
2023-07-06 09:00:00,36.27854401529714,41.84488,27.74527,5.563894430426168,15.828703,1.6863031,2.0220381450005664,3.031908,1.3306943
2023-07-07 09:00:00,35.29425062595442,42.187653,25.578278,8.406271035156827,26.455875,2.9758568,2.377272302125649,3.5507703,1.474536
2023-07-08 09:00:00,35.28364331806432,41.230377,25.95694,12.2142536117804,26.814959,3.8984365,1.6041380962086138,2.5401006,0.72810024
2023-07-09 09:00:00,35.29050903413503,42.10196,25.1586,10.845312889373385,25.287865,5.1159906,2.029148042132708,3.157667,0.92063546
2023-07-10 09:00:00,35.67041891629543,41.9628,27.128815,12.241947659970592,24.659311,3.6624422,1.851575218217637,3.4361486,0.6064433
2023-07-11 09:00:00,37.31353245272447,42.45865,29.607086,19.975781310249744,37.0308,3.1102257,2.0445517804689257,3.4738724,0.69627696
2023-07-12 09:00:00,38.29300611266348,43.64395,30.91153,28.843367719334754,44.285606,20.598106,2.3749842888322767,3.6425152,1.3993242
2023-07-13 09:00:00,38.413079559187,44.31192,30.888092,32.48680986756674,56.196793,25.470074,2.4309222951374285,3.3354406,1.5450737
2023-07-14 09:00:00,39.074411829313874,44.974762,30.902496,13.257416627408684,23.003582,7.037815,1.9239356657803683,2.974387,1.3208551
2023-07-15 09:00:00,40.63820251926785,46.26529,31.804352,13.135599457048572,17.867348,7.3906975,1.170980133449134,3.0833898,0.37677824
2023-07-16 09:00:00,41.60545097327059,48.029694,30.557037,15.257144302147024,19.623348,11.85613,1.828766880111911,3.8945315,0.56051296
2023-07-17 09:00:00,40.3751520501541,46.64444,29.36905,20.766665062425446,28.642334,13.200621,2.3039873811394984,4.1501493,0.79767895
2023-07-18 09:00:00,40.277082284045605,46.0795,32.134186,25.128810959137276,31.256691,16.670753,2.3254715140546307,3.53568,1.0317683
2023-07-19 09:00:00,40.120625327486664,46.50772,31.70694,26.622541668394035,44.054447,17.998692,2.1518678348438534,2.7380838,1.4924468
2023-07-20 09:00:00,40.36688682757085,46.50699,32.210114,19.02221977313499,23.519587,15.579454,2.0061248639770475,3.043644,1.3144426
2023-07-21 09:00:00,41.25531737482612,47.34903,32.665436,12.353781166226293,14.931895,10.595958,1.9943678398516138,3.125565,1.23389
2023-07-22 09:00:00,41.30257392015881,47.644196,30.64029,9.87631888120853,14.1167345,8.058141,1.6904248216886493,3.3194273,1.0236477
2023-07-23 09:00:00,39.559656711697016,45.502594,30.889313,16.488257176686403,20.789845,7.5135746,2.0301084125123245,3.874595,0.52323806
2023-07-24 09:00:00,36.69690987810907,43.16275,30.568268,31.658081803831667,35.920296,23.988415,1.2593973902391522,2.1341681,0.42811605
2023-07-25 09:00:00,39.31500756932559,45.065094,31.957672,17.399990699069065,21.738115,10.929229,1.7651108672845508,2.987444,0.92819804
2023-07-26 09:00:00,40.92384602901649,47.243073,33.670807,15.694244811032762,23.19604,10.875727,1.9633511252043963,3.0373526,1.1462073
2023-07-27 09:00:00,40.96980983527811,47.13394,33.33316,15.267539983095087,17.999216,10.008741,1.9865386347624858,3.276439,1.1094829
2023-07-28 09:00:00,40.09415193383359,45.297028,32.16812,13.858231211869805,19.442799,10.837706,1.8152164503870074,3.5052235,0.718849
2023-07-29 09:00:00,39.19171454372719,45.231842,30.205719,16.24863625182417,19.622742,13.480221,1.8793443052809276,3.3369286,0.93277913
2023-07-30 09:00:00,40.70997067579236,46.399323,31.821198,15.047516441310238,20.592077,10.5334835,1.4896491749503504,3.1748536,0.51002187
2023-07-31 09:00:00,36.98935689144224,41.160065,32.421783,27.89514268317133,43.635788,18.171944,1.585501568217633,2.4315407,0.6798211
2023-08-01 09:00:00,32.99335379016236,38.220123,27.71817,48.61948115961288,58.67464,38.983624,0.8989106645475535,1.6334203,0.14396024
2023-08-02 09:00:00,34.6382395230616,41.33145,28.42569,27.68982190652974,40.10249,5.015069,1.4383267210218351,2.824299,0.30310768
2023-08-03 09:00:00,36.5865528052131,41.772858,29.50528,10.905312825311022,15.91241,4.213191,2.1812417345243573,3.2583227,1.3342054
2023-08-04 09:00:00,36.35178106605753,42.94986,27.789703,8.643159776220733,15.817997,3.1415071,1.5691553277661539,2.22008,1.0597372
2023-08-05 09:00:00,37.23599536748429,43.155426,28.62613,10.337093725559269,19.571558,1.6903232,0.9807731471069621,2.0189667,0.22975633
2023-08-06 09:00:00,38.83167328912839,44.332672,30.85611,5.391066639317203,10.427906,-1.0279608,1.2689795495660485,2.8255243,0.406253
2023-08-07 09:00:00,39.11826329710743,45.35855,30.05191,6.763298081209215,19.894352,-1.074398,2.4041027043530865,4.359925,0.9471199
2023-08-08 09:00:00,37.41619864783877,43.939117,29.064117,20.59836899135093,34.46891,11.0509405,2.982992489395327,4.7296653,1.3877035
2023-08-09 09:00:00,34.85028724690807,40.70157,27.475006,37.86519942654887,60.26232,23.784546,2.780363988030943,4.1330767,1.3676553
2023-08-10 09:00:00,33.72268248145326,41.618073,25.532135,43.47673195645866,67.202995,29.417843,2.6377986917206018,3.6401563,1.3716767
2023-08-11 09:00:00,33.82293662709469,41.76114,25.157623,50.24354486716525,80.59241,33.443462,2.5531729937828564,3.9568095,1.540522
2023-08-12 09:00:00,34.07383767580478,40.151276,26.262604,32.4058061968205,47.839775,23.980402,1.7571022645582997,2.6842349,0.87237096
2023-08-13 09:00:00,35.226508306657934,40.94229,27.780182,16.676534459266584,26.593782,8.672378,1.2225008487371254,2.2791352,0.43714395
2023-08-14 09:00:00,35.3127982369715,40.714996,27.593903,22.9361373080493,37.867317,15.228254,1.306564604007114,2.0524964,0.24146484
2023-08-15 09:00:00,36.82436548146825,42.58316,30.25113,22.001959992838923,31.565655,17.15905,0.8622092596280874,2.0354784,0.029161196
2023-08-16 09:00:00,38.69328045391569,43.381744,32.20938,21.23479287629835,28.216309,15.853028,1.158733785079722,2.2973852,0.46992806
2023-08-17 09:00:00,38.09832644039426,43.27823,31.532867,21.442412414377436,28.01015,15.041401,1.1737007928144163,1.7209804,0.47966188
2023-08-18 09:00:00,39.25403939382022,45.641754,31.755035,16.734722327977106,23.710827,8.510738,1.9160963836803462,3.4300954,0.4711713
2023-08-19 09:00:00,33.488614913765105,37.68814,30.172516,39.945115535880305,60.63008,16.532423,2.134612193959364,3.2212975,1.0748477
2023-08-20 09:00:00,24.877553264851315,29.44278,21.36612,75.80206486557509,90.066864,58.018116,2.0153895104163757,3.539832,0.47535992
2023-08-21 09:00:00,24.71351101549112,30.925201,20.395172,78.674663272108,95.42753,66.3274,3.3741044854436315,6.1550083,1.0857437
2023-08-22 09:00:00,28.339771763525277,33.742096,24.45279,56.49851274796792,73.582306,32.733044,0.6615642163265435,1.4704192,0.17717472
2023-08-23 09:00:00,32.085841400621916,38.341705,28.099518,32.845145126278624,41.929134,22.693838,1.0872294950072683,1.9149461,0.09976939
2023-08-24 09:00:00,35.418203323094986,42.95938,29.232819,26.761073483331124,40.713715,16.945654,1.3491707306714027,2.8433099,0.7598323
2023-08-25 09:00:00,35.12656405153314,42.26236,27.820953,25.692141907792593,32.99064,17.477074,0.9341520448853144,1.335957,0.57326084
2023-08-26 09:00:00,37.493510527901265,44.123444,28.920319,15.740266482408522,21.47198,5.596979,1.095765605839004,1.4350595,0.55165815
2023-08-27 09:00:00,39.31616943275594,45.23404,31.243805,13.179502568231536,18.32044,2.0118465,1.3962978488291795,2.3404496,0.4772578
2023-08-28 09:00:00,40.081304990189835,45.673492,32.76529,16.605688037733415,20.352638,13.57082,1.7835687487173626,3.368846,0.56188506
2023-08-29 09:00:00,41.10502958233593,46.78189,34.453766,13.10669203843148,17.387772,8.50019,1.5611382224962846,2.7674394,0.62787354
2023-08-30 09:00:00,41.666381173774425,46.896393,34.75772,16.234220712163108,22.023396,-1.055768,1.4094005318906015,2.1001804,0.70773625
2023-08-31 09:00:00,38.139174397814145,43.87149,31.119537,15.298827466893362,23.860897,-0.5772524,2.136604841002729,4.7338104,0.27346402
2023-09-01 09:00:00,35.950828412280146,40.18033,29.715485,24.157961863691664,38.501484,4.8461924,1.8879180973325522,2.6309514,0.95221883
2023-09-02 09:00:00,26.02461653936706,30.106598,22.006989,80.2971149410872,93.558304,66.46846,2.122686570975925,3.1785858,1.1830478
2023-09-03 09:00:00,28.046324488612584,32.026276,23.459137,66.03387357104002,97.43517,44.39675,1.3780753355765956,1.976321,0.3849721
2023-09-04 09:00:00,30.09360914136795,35.720367,22.763336,34.50997250723246,70.394585,12.636774,1.999185808950253,2.565725,1.1668968
2023-09-05 09:00:00,29.547957518213025,34.015533,24.345612,30.61879670729244,56.209694,10.9362545,0.7309280081504171,1.6830822,0.039525636
2023-09-06 09:00:00,30.347452702837188,34.62149,23.704987,29.233813009774618,43.238422,16.222797,1.209105263631639,2.0024538,0.19031659
2023-09-07 09:00:00,32.97453007295849,37.435944,26.078522,13.200504455754697,20.8508,4.77658,0.9595625042871376,1.3939247,0.23144838
2023-09-08 09:00:00,35.83530310801467,40.60269,29.671783,16.406766568720993,22.705467,9.110024,1.266897872402531,2.1277103,0.1933726
2023-09-09 09:00:00,36.40201395513577,41.77945,30.36148,29.58826864445296,40.260807,22.076641,1.3055244882274775,2.1665595,0.6694795
2023-09-10 09:00:00,37.68812947492148,44.569733,29.09903,22.95593565373221,37.292,12.202154,2.020540835712099,2.9601033,0.26426038
2023-09-11 09:00:00,33.79077951592848,39.356598,27.128082,39.22350851253664,53.222897,32.309254,1.1869267526577958,2.8828554,0.08154788
2023-09-12 09:00:00,32.23894376464091,37.2128,26.566315,33.28444679241563,42.599953,14.547701,1.7937916821483209,2.8021367,0.6023
2023-09-13 09:00:00,33.44836481246807,39.336823,26.231354,22.168058809054614,32.396248,10.18086,2.0828465216367116,2.9575653,1.1751797
2023-09-14 09:00:00,32.64489991048515,38.68399,25.043365,23.233820528794006,36.957092,17.051144,1.1953410759290128,1.781424,0.17368095
2023-09-15 09:00:00,32.98573942201995,38.9606,24.591461,28.62942905654474,39.869488,23.412186,0.9914863331869244,1.9535398,0.22748616
2023-09-16 09:00:00,33.09378242291234,39.605865,24.017975,26.823711173256918,40.011234,16.650826,0.8614007357501117,1.8688542,0.17892358
2023-09-17 09:00:00,32.16782382327318,39.47403,21.390045,23.356467576750745,49.28823,8.518701,1.3842645446491166,2.6128538,0.5225131
2023-09-18 09:00:00,31.547683564809745,38.85977,22.209381,28.871156210355938,52.923637,12.694023,1.7130508036989665,2.7197044,0.94004726
2023-09-19 09:00:00,31.035226877475566,36.878326,23.487213,21.94404739783851,33.837627,7.711694,1.4923544196105667,2.3086119,0.9509732
2023-09-20 09:00:00,30.604979159055972,35.82364,23.782623,17.22107436534815,33.70835,6.34507,1.8575206664867219,2.872509,1.0704945
2023-09-21 09:00:00,27.297753276086496,33.212067,19.692535,30.30186113974984,72.54565,10.436271,2.5880058772946444,3.8625429,1.5043149
2023-09-22 09:00:00,27.736064586369423,33.844635,20.588776,10.74421167049395,27.226118,1.4108124,1.8319089202233085,2.6495445,0.9928534
2023-09-23 09:00:00,27.020059830967,31.235748,22.335114,20.20616578568409,31.286087,8.566394,1.1129545455783045,2.1612341,0.060940553
2023-09-24 09:00:00,30.63150534944566,35.313873,24.541168,19.1352419569193,28.867355,3.4064178,1.1332452700146671,1.8142834,0.6575229
2023-09-25 09:00:00,32.48960215147753,37.0773,26.567535,17.455355845851255,21.516073,9.809042,1.0293273744392717,1.422961,0.61780244
2023-09-26 09:00:00,32.42731078358423,37.798004,25.37027,11.475622100278613,17.2911,3.4356298,1.338682716394497,2.0602255,0.70555544
2023-09-27 09:00:00,33.92181970076234,38.601715,26.990387,7.4019052444680025,14.998802,-0.45433617,0.8983834563605695,1.8678709,0.117383465
2023-09-28 09:00:00,33.59888696501167,38.416412,27.562897,7.953546470242502,16.167154,3.085123,0.9039890899927919,1.5830734,0.23685971
2023-09-29 09:00:00,32.17560979962684,37.733063,24.236969,17.92520563053115,34.594578,8.660113,1.8712504206866294,3.0749426,0.67466664
2023-09-30 09:00:00,29.721167233341646,36.43863,21.28238,21.399193784790263,49.52612,7.884036,2.819109940942132,3.9186766,1.655899
2023-10-01 09:00:00,21.572475215138468,29.325348,12.249908,56.71652572653535,89.84944,36.377296,2.903871758733438,4.608307,1.1753663
2023-10-02 09:00:00,21.149040065431052,25.6503,16.46988,46.07746905346026,63.801544,36.008858,1.36845032292321,2.0884697,0.24896826
2023-10-03 09:00:00,24.916033596530156,28.092682,19.981598,36.74659928722781,42.124687,31.175678,1.7844208900924827,3.6303725,0.22303398
2023-10-04 09:00:00,28.034296748272993,30.995758,23.181305,30.829129934380965,35.703403,26.607735,2.0488055375450474,3.6006606,0.17484604
2023-10-05 09:00:00,31.49863075606669,34.92984,25.599274,23.642204313998736,27.628595,19.82377,1.9534952031284543,3.1116917,0.5529323
2023-10-06 09:00:00,32.75097411377368,36.66983,26.974518,18.64369569666786,22.261759,15.178497,1.718690683496607,3.2213047,0.15502761
2023-10-07 09:00:00,34.14484248860202,38.295563,29.008453,15.796408423626138,21.210217,10.886933,1.2650081863291607,2.3535006,0.057951123
2023-10-08 09:00:00,34.230504571715755,38.67105,28.704254,17.59060531154466,20.554924,13.618388,0.5890855174445405,1.090789,0.1450891
2023-10-09 09:00:00,33.59035712840608,38.390778,27.568512,16.832675952802308,19.186394,12.0142145,1.0840110900854887,1.8602633,0.42115209
2023-10-10 09:00:00,32.355285492421444,37.855865,25.437897,15.493281609642294,28.699558,9.403148,2.025395016817903,3.017147,1.2590041
2023-10-11 09:00:00,29.067657942584276,35.777496,21.125153,34.34865781683587,77.2282,13.402676,2.5508551674124242,3.897873,1.6407701
2023-10-12 09:00:00,26.91099877110463,32.05484,19.595856,21.02175623213253,28.180435,12.739029,2.0087157354431793,3.8276517,0.11373825
2023-10-13 09:00:00,26.60604798167566,29.88736,21.22525,15.974328369379398,21.324825,11.234982,2.05671476665797,3.9396722,0.1786668
2023-10-14 09:00:00,26.543179821756553,29.969147,21.576569,16.651355006834386,24.901463,12.456681,1.0631778356444375,2.3192906,0.13500856
2023-10-15 09:00:00,28.686976334788767,31.450348,24.637848,10.708947089914968,17.45831,7.7697916,1.3874703336850973,2.7551112,0.16135219
2023-10-16 09:00:00,32.3539705012804,35.63394,28.337067,11.371419577990293,16.02282,9.048331,1.374410578278909,2.919494,0.17078981
2023-10-17 09:00:00,32.603013316280794,36.88858,27.412018,15.437845612311468,23.778471,10.118315,1.0157295842752572,2.2177916,0.12110033
2023-10-18 09:00:00,32.55048056061935,37.28116,27.39444,15.697548039164653,19.685501,11.673781,1.152170848153793,2.2205498,0.024961933
2023-10-19 09:00:00,33.18257161617532,37.22647,28.193268,14.322897661894547,17.831614,8.30397,1.134684197195753,2.1147263,0.03330412
2023-10-20 09:00:00,34.16771890467987,38.06192,28.690826,16.54535633146774,21.82571,14.521023,1.0552789239048352,2.0341675,0.15232368
2023-10-21 09:00:00,34.7375865443114,39.058502,28.247955,17.59042459896782,26.939728,12.814091,1.6279660931658397,2.2929986,0.6147911
2023-10-22 09:00:00,32.57166991777518,38.472565,24.835846,18.652295572065736,39.177063,8.554492,1.8529319597878509,2.7845578,1.0299058
2023-10-23 09:00:00,27.45107346535781,34.008698,19.2919,29.354836865540737,87.308876,2.6584437,2.546472304217081,3.3883924,1.6308572
2023-10-24 09:00:00,24.458701216131715,28.409088,20.0607,39.028082579621184,50.337257,30.165382,1.298536533434383,2.0526977,0.6491163
2023-10-25 09:00:00,25.65064242473437,29.456207,20.940582,34.834177722833545,59.576668,20.903221,1.4895245931054875,2.0814776,0.678998
2023-10-26 09:00:00,23.60112829036086,29.095123,17.569977,40.209739893110445,64.4292,28.569824,2.1185778445944776,3.3482215,1.2866985
2023-10-27 09:00:00,24.47971475882207,29.00357,18.593414,39.96789415402983,59.93564,6.525482,0.9291826815309636,1.554478,0.17633836
2023-10-28 09:00:00,24.39964389405384,29.891754,17.803864,29.20391138166562,48.041527,7.701684,1.728049348855023,2.715579,0.95972884
2023-10-29 09:00:00,22.95677698532336,27.457672,16.639313,14.194362846066861,21.10188,5.680004,3.1355296235980616,5.8663,0.7690544
2023-10-30 09:00:00,19.74762216533702,24.222565,15.593658,11.508944860788917,16.723406,5.6167183,4.066658042771665,6.8485317,1.8803456
2023-10-31 09:00:00,22.028246911262784,25.28775,17.621246,6.799026584159114,8.948169,4.866988,2.7936047911883177,4.233108,0.8111911
2023-11-01 09:00:00,23.64580533141634,27.200592,18.180084,9.09508310292299,15.330115,6.0215216,1.9170733018051638,2.91721,0.5504419
2023-11-02 09:00:00,24.393519870351838,27.854156,19.745758,11.538361924574682,14.199709,8.497098,1.1640228816561187,2.1716185,0.37510076
2023-11-03 09:00:00,25.99780866849227,28.275055,22.028961,8.72431610092508,12.972261,5.8316507,0.8573692188596758,1.8728789,0.091282636
2023-11-04 09:00:00,26.525542304917792,29.006012,22.357574,8.277946526027247,10.428302,6.4895716,0.897969942147057,1.9214802,0.082221195
2023-11-05 09:00:00,27.179571577343097,29.433258,23.47818,9.116384217610127,15.043776,6.414713,0.6857045577216533,1.1984677,0.13950613
2023-11-06 09:00:00,28.007170000443864,31.21988,23.598785,11.083902442374598,19.38058,8.077379,1.0980942823596784,1.9469769,0.09227789
2023-11-07 09:00:00,27.445870457964077,32.447174,20.68155,18.33055916466365,61.55057,8.308243,1.9833596697887441,3.0212355,1.0764613
2023-11-08 09:00:00,22.29450549093366,28.208405,14.140045,31.045699386605285,36.685867,23.064774,2.3550849895323007,4.348987,0.0964767
2023-11-09 09:00:00,20.530444804893307,23.652496,14.342194,18.05277360193258,23.577526,12.758341,3.633343290390191,6.094636,1.2484764
2023-11-10 09:00:00,20.862493628921072,23.874664,14.810455,9.232101200971844,13.67107,5.70232,2.4209099800720737,4.6841593,0.56178236
2023-11-11 09:00:00,21.220423490368717,23.957672,15.962311,7.718031413599141,14.458434,4.9043655,1.6903525022417132,3.1723733,0.32308507
2023-11-12 09:00:00,23.310619372821122,26.045807,18.199615,12.995891088988072,20.430706,7.8812733,1.726817761749455,2.9601705,0.6806346
2023-11-13 09:00:00,24.171043193921264,27.17862,18.387604,24.631627727720335,32.220432,15.579808,0.9612889378197144,1.7618328,0.09310733
2023-11-14 09:00:00,22.54709932999674,26.899078,17.50113,20.255622451455043,31.882717,9.903633,0.5963446294611597,1.1598802,0.11137076
2023-11-15 09:00:00,23.943192157472936,27.252594,18.72525,17.487758097403574,23.119396,11.722957,0.7021459863800152,1.4911805,0.030709155
2023-11-16 09:00:00,18.065090151649883,23.947906,12.77066,68.76106421984555,95.032074,46.500965,0.7266089676415866,1.1970525,0.35102305
2023-11-17 09:00:00,19.48013342570954,21.943512,15.519684,53.38896060686319,74.09667,38.803703,0.6863829920962481,1.1941788,0.06932803
2023-11-18 09:00:00,20.905705350447363,24.43814,16.236969,53.223711150464496,69.15118,40.951447,1.0546905373352398,1.9792899,0.33291
2023-11-19 09:00:00,20.253523264217563,24.35611,13.496735,50.04103078066075,89.12806,31.5627,2.1733869708705926,3.4412355,1.2159644
2023-11-20 09:00:00,20.747349599607332,24.639801,14.719879,18.31521587222939,29.225147,6.9937363,3.308105746867591,6.6369114,0.63666403
2023-11-21 09:00:00,19.836625929305285,22.234283,15.872711,20.580076303587607,26.237766,8.466111,3.2418690666276055,5.27435,0.8902243
2023-11-22 09:00:00,22.10633879195393,24.932037,17.437408,17.052374010742753,22.078255,8.964974,2.1203502605181255,3.1532028,0.47222596
2023-11-23 09:00:00,21.75501361719938,24.065582,17.124176,16.223739977512096,21.732887,9.0024185,0.6941699180587665,1.5360758,0.048455726
2023-11-24 09:00:00,19.531611932173348,23.463287,13.767975,32.37314052217062,64.28322,12.595722,1.688302434564207,3.0127017,0.66854846
2023-11-25 09:00:00,16.860914465117617,21.291168,10.580231,35.5015209211041,54.245384,22.851454,1.7012276726183522,3.6931117,0.06815596
2023-11-26 09:00:00,15.695549724154205,18.579498,9.606842,30.668812964029023,37.059547,19.405605,2.4375824708535423,3.8150218,1.0447396
2023-11-27 09:00:00,15.71433482269606,18.713531,10.970612,27.473364414009385,32.914864,17.87793,2.5501743288792613,4.2650895,1.2631443
2023-11-28 09:00:00,17.68353873235401,20.484283,12.511627,35.93424332904453,49.018875,20.542313,2.0067457347072075,3.465935,0.67368686
2023-11-29 09:00:00,19.03719276472657,22.280914,13.60318,43.91847495120077,55.952667,35.40013,1.0685200298249087,1.7240192,0.4571068
2023-11-30 09:00:00,16.642014733629992,20.920807,9.98526,57.68322701548129,91.0175,37.859512,1.8382934947720968,2.706806,0.97161996
2023-12-01 09:00:00,15.009756718453616,19.010162,8.6649475,58.63040283275271,92.21073,41.919415,1.3634702472752478,2.0763311,0.2717894
2023-12-02 09:00:00,16.365067381862218,19.472809,11.120758,35.074499680848675,54.830196,23.447384,0.9370070616596943,1.8295822,0.17655024
2023-12-03 09:00:00,16.865180040276925,19.24942,13.175446,30.99387140754856,40.21213,17.969944,0.44402268894891733,0.7468273,0.17610054
2023-12-04 09:00:00,18.355060558097307,20.29654,14.749664,25.300041994291977,29.168962,22.719744,1.264385924432119,2.2371871,0.28863138
2023-12-05 09:00:00,21.078579258258912,23.475006,16.93985,26.058480914774957,31.027302,22.687458,1.8749230936624115,2.799725,0.5909301
2023-12-06 09:00:00,23.756041911813327,26.16333,18.655518,26.33732395653474,29.982204,22.728298,1.09486568000091,2.1470585,0.17654538
2023-12-07 09:00:00,22.121665330816597,25.115204,17.220673,26.892087052701417,34.338646,22.728298,1.0566244762626118,2.4341614,0.10952674
2023-12-08 09:00:00,19.726625325193766,24.503815,13.384674,22.403524776764435,34.51886,14.09308,1.4668284261818496,2.881675,0.27840066
2023-12-09 09:00:00,18.52147559295946,21.851746,14.24823,14.173921392607015,22.111553,5.470929,3.0503097171293727,5.5019727,0.9213362
2023-12-10 09:00:00,16.034385745837994,19.262604,12.359283,5.334905889705701,7.3851357,2.842167,2.867928030058469,4.7161694,0.6112918
2023-12-11 09:00:00,17.68501830239194,21.670319,14.024567,4.234606260969785,7.826646,1.9263258,1.4785890169009952,2.6341987,0.1383059
2023-12-12 09:00:00,18.640983613578953,20.864166,15.721588,7.10476294535938,10.418341,4.078497,0.9472195378029021,1.6885307,0.10760948
2023-12-13 09:00:00,18.105118878558585,20.047516,14.486969,19.758627922998016,29.045528,14.268961,1.3358527278998784,2.7919917,0.14772052
2023-12-14 09:00:00,17.690994791495484,20.197601,12.174164,22.693331464346485,27.434181,18.828712,1.8111436482328893,2.9243958,0.24348697
2023-12-15 09:00:00,19.012219447908706,21.914215,14.189117,15.986834829868446,19.184261,11.19598,1.8493433387104918,2.705474,0.6482978
2023-12-16 09:00:00,20.52188239447611,23.7919,15.744293,13.905327423083131,18.208298,6.9968634,2.0480137622075527,2.9503045,0.7643063
2023-12-17 09:00:00,21.122769763740564,23.930084,16.619537,13.57664127100396,16.139338,9.154963,1.6838763673438906,2.6593685,0.46389803
2023-12-18 09:00:00,20.136833573782724,22.646881,14.8558655,12.024762814035347,14.114682,9.727963,1.0396614078401365,2.207796,0.092747875
2023-12-19 09:00:00,18.287809449585666,20.19571,14.894928,34.2493425744233,73.01598,15.183954,0.7745952489624479,1.4404501,0.07675604
2023-12-20 09:00:00,18.25657178166273,22.296783,12.01944,65.57040231616686,95.04797,40.53235,0.7175473782231272,1.3338495,0.17139713
2023-12-21 09:00:00,18.576687697801106,23.13562,12.592651,62.01138423439298,87.73377,44.586567,0.9862041440106417,1.9122506,0.16953042
2023-12-22 09:00:00,18.058043271639463,22.631256,12.664459,68.1867548113592,79.36276,52.87058,1.3628100327230093,2.1329844,0.37374094
2023-12-23 09:00:00,13.758409557298307,16.008942,9.403473,73.54517961195091,85.15942,58.90581,1.4384911992430518,2.1737652,0.17270555
2023-12-24 09:00:00,16.324917256366746,18.758453,11.934235,50.568111704990216,70.932205,28.156227,0.8879049388992918,1.6202168,0.22738019
2023-12-25 09:00:00,15.498094841475108,17.483917,12.398529,13.774934562121809,25.102001,3.2582512,1.210691375258025,2.779137,0.05032285
2023-12-26 09:00:00,16.094872565284504,18.029694,13.678131,23.479325990992596,33.757095,10.401627,1.3019735367056449,2.976703,0.09732183
2023-12-27 09:00:00,17.414416394717705,19.075836,14.880524,24.9404403215457,30.6077,16.240177,0.961444505678933,2.2442005,0.05112424
2023-12-28 09:00:00,16.511430269850848,17.743317,14.139801,16.547352079703355,22.989843,5.4468746,0.8158305442920298,1.6625289,0.08049627
2023-12-29 09:00:00,18.54567861221932,20.233795,15.886139,15.17809283204114,20.386639,6.581951,1.1280587375177682,1.9206367,0.20235254
2023-12-30 09:00:00,17.272496788510466,18.627838,14.286041,16.0496266209526,31.95414,9.813516,0.7677742164664202,1.4109824,0.18133476
2023-12-31 09:00:00,14.693321317451193,19.69693,7.0816956,62.36042734148905,88.50064,43.185715,1.6005247552738504,2.507785,0.53613675
