time,t2m_mean_C,t2m_max_C,t2m_min_C,rh_mean,rh_max,rh_min,wind_mean,wind_max,wind_min
2013-01-01 09:00:00,9.335706105950237,11.388092,6.515106,15.415249664335809,26.739506,8.401897,0.9518167714050757,1.5377535,0.38385946
2013-01-02 09:00:00,10.711987613052827,12.917938,8.443329,19.58857182717472,27.53759,15.713372,1.9185995045612954,2.4337435,0.77986944
2013-01-03 09:00:00,11.647143653300759,14.206116,8.950256,11.383255033163246,14.740071,8.599446,1.8172801000501617,3.055226,0.2306687
2013-01-04 09:00:00,13.28126447480173,15.039764,11.371796,9.44019271637663,11.814733,7.0858393,1.5312233144602967,2.1698105,0.5749153
2013-01-05 09:00:00,13.193450896974014,13.71225,11.5833435,13.034207860321416,18.804811,6.797141,0.6071918229468497,0.9521397,0.045934375
2013-01-06 09:00:00,11.320526893073065,14.040894,10.402222,36.533524855228976,75.6942,16.973066,2.4831528298256202,3.6167412,1.1235443
2013-01-07 09:00:00,8.771302593883036,11.1128845,5.5796814,30.902470287006487,46.535473,21.44563,2.0763939058779406,3.8755436,1.139278
2013-01-08 09:00:00,11.060714066377273,13.175812,7.744171,28.264438827981706,38.067535,19.115461,2.085164607576473,3.8750715,0.5889369
2013-01-09 09:00:00,14.380222388281595,16.269196,12.5121155,22.21605089558877,24.980194,19.132366,1.1269559196382628,1.5558429,0.017812544
2013-01-10 09:00:00,12.15189228642879,15.062897,10.932037,38.15444717674835,47.5784,28.320587,2.7074844508940514,4.8771434,1.1483302
2013-01-11 09:00:00,8.025587536301089,10.311676,4.733551,42.83892718825413,77.82918,18.69126,2.915405159886821,4.8301883,1.2883098
2013-01-12 09:00:00,8.03404081842757,10.448914,3.8121948,40.94800526703909,53.114548,32.911423,1.7797297793738207,3.0217957,0.90583307
2013-01-13 09:00:00,7.614152800090324,10.115936,4.1061707,20.907817578031448,35.786854,13.625366,1.6799920501955807,2.7769542,0.68796796
2013-01-14 09:00:00,7.531184505470719,10.079132,4.295929,20.19926520241749,35.961075,12.706944,1.721135519099227,2.566249,0.52159697
2013-01-15 09:00:00,7.963059400378597,10.554138,4.956482,20.797325797068233,27.193169,14.310356,1.5249535214730687,2.1362288,0.46088287
2013-01-16 09:00:00,10.535694187164552,12.21817,8.5383,20.30457284226828,22.218637,17.738169,1.3053162321295595,1.9241048,0.20179012
2013-01-17 09:00:00,13.356347811645605,14.803253,11.928253,9.768318541183003,13.252727,8.076945,1.8531279246683652,2.552472,0.44426966
2013-01-18 09:00:00,16.50318427968716,18.380219,15.280609,8.462884810981576,11.606567,6.1104736,1.711891099379997,2.2416813,0.58182806
2013-01-19 09:00:00,16.96962450461905,18.713654,15.11795,6.687923349938557,7.846883,5.3139806,1.8518232687430414,2.4447114,0.58479834
2013-01-20 09:00:00,18.471283187430345,19.997131,16.47174,6.774264380328823,9.9792595,4.7116156,1.7628790174338125,2.492295,0.37894592
2013-01-21 09:00:00,17.542738255867107,19.084229,15.783447,5.799256535043846,7.821148,3.41284,1.9028047296903319,2.6618662,0.42992958
2013-01-22 09:00:00,18.707550953125406,20.70514,16.998108,6.3053508270185015,7.366131,5.439879,1.8104337745900254,2.645179,0.54364794
2013-01-23 09:00:00,17.399092069913763,19.55832,15.157928,11.545127967655795,13.242174,8.309759,1.107767546940848,1.8576761,0.30900207
2013-01-24 09:00:00,14.741725614282643,16.879852,13.348602,29.02814830556173,41.85988,22.684097,0.7526920753901664,1.5799391,0.07318839
2013-01-25 09:00:00,14.503729031886564,15.832703,13.192078,79.93211852724534,89.79965,73.94809,1.4227740503075144,1.8040004,0.8510238
2013-01-26 09:00:00,15.400679803125627,17.822083,12.215637,76.90757380389788,81.1679,72.964775,1.2465028402180403,1.7618008,0.4839819
2013-01-27 09:00:00,13.591119307566316,14.953827,11.110077,45.38644857757981,79.70406,15.318572,2.9416013734753514,5.4218936,1.1783171
2013-01-28 09:00:00,10.603124262195422,11.727936,7.7084045,46.11325197344655,71.616974,28.550665,2.9854390348253736,4.7958655,1.7767111
2013-01-29 09:00:00,11.237907723030673,12.501617,7.9631653,43.083102795466615,61.931347,34.594833,2.1112274052695974,3.7151606,0.83118683
2013-01-30 09:00:00,12.710109183596728,14.726593,10.015991,32.34519356482313,35.979984,28.468266,1.7409342955205407,2.5527208,0.3755838
2013-01-31 09:00:00,15.694394861881051,16.909454,13.171173,24.967346537280413,29.274315,16.219627,0.9277296773039562,1.3338776,0.20110759
2013-02-01 09:00:00,17.310292383027615,18.960876,15.20697,10.983609974762393,14.983412,7.924818,1.1444385519891982,1.659254,0.100314245
2013-02-02 09:00:00,16.21494253103691,19.205109,12.636749,17.618806276001514,31.140732,11.117585,0.7600768299341687,1.7002596,0.101677254
2013-02-03 09:00:00,14.253457115755452,14.854431,13.161072,24.82000516570407,28.705193,19.099724,1.2618428547613816,2.1375072,0.13003178
2013-02-04 09:00:00,15.553232310837586,17.615692,13.072723,19.487291094143977,28.983524,11.5183525,1.8206636971238659,2.8447318,0.81252706
2013-02-05 09:00:00,16.012524798627794,18.295776,13.209839,19.007318686189308,23.15459,15.213183,1.002333639455522,2.2646377,0.1743175
2013-02-06 09:00:00,13.377097641960347,16.383759,11.6633,13.079472383151241,44.12507,3.3161309,1.991172272378982,3.6474516,1.1645657
2013-02-07 09:00:00,13.092471413152623,14.975739,9.911285,7.937655213241134,13.337907,3.2852716,1.7457047762982065,3.4967265,0.20395556
2013-02-08 09:00:00,10.987600529481256,12.654602,9.316711,45.39274793076347,68.06508,31.785229,2.6548526254976803,3.9336827,1.4186238
2013-02-09 09:00:00,7.650675590032563,9.967316,4.480713,38.49633672930175,69.512146,30.230896,1.773176781519831,3.4439073,0.6544216
2013-02-10 09:00:00,10.72193882345988,12.077972,7.8611755,37.45621274309732,43.861927,29.475208,0.9138851769584246,2.0318613,0.30967835
2013-02-11 09:00:00,11.506412668849805,13.262787,8.909271,47.96070948364072,58.306175,28.98399,0.7033564510740234,1.3354523,0.28759617
2013-02-12 09:00:00,13.111339782546622,14.605133,10.75943,32.37068450479404,39.31658,24.435677,0.5239159809881676,0.83540547,0.037085343
2013-02-13 09:00:00,13.548784420352888,15.373199,12.076324,23.257572410006546,28.014896,17.047634,1.2409327905494592,2.310494,0.5762135
2013-02-14 09:00:00,14.755500872543735,16.590729,11.903229,22.296766315314976,25.602583,15.841558,1.763620424289017,2.257016,0.607341
2013-02-15 09:00:00,17.636223909508374,19.27652,15.294098,20.981882131706303,25.411694,16.6656,1.6918519064173683,2.2775655,0.5342589
2013-02-16 09:00:00,20.650102280405576,22.256653,17.362122,8.812839806664519,11.357091,5.3375597,1.6058531534716565,2.5271413,0.5160978
2013-02-17 09:00:00,19.27418066595942,21.388214,15.708527,16.677573196480825,23.02723,13.660042,1.0328637116923618,2.5522332,0.40552923
2013-02-18 09:00:00,15.94923308930214,18.860687,13.14389,22.991920222503747,33.486458,10.603647,0.9168213728431907,2.3434114,0.17984311
2013-02-19 09:00:00,11.640865756329276,16.060852,10.096008,35.15659887266409,68.566376,10.25025,2.605161817512432,3.381161,1.2330582
2013-02-20 09:00:00,7.7202331089902145,8.998627,6.0279236,51.41938637680934,84.47465,35.864243,2.893977812096212,5.511748,1.4989728
2013-02-21 09:00:00,11.658580443434062,13.659851,6.8000793,45.223157508795715,56.215363,26.546003,2.1443273216425247,3.858378,0.7545498
2013-02-22 09:00:00,12.133204147947026,14.248413,8.600098,29.010978350188218,37.354168,23.99976,1.6828698937842037,2.695109,0.6936981
2013-02-23 09:00:00,13.680562265555693,15.821442,10.629059,34.924863674995855,39.76883,17.023565,1.670806313238329,3.2773468,0.44141564
2013-02-24 09:00:00,13.213189980183586,14.490143,10.183502,22.095088735277933,53.28706,7.224559,3.042528720316009,4.1861835,1.8103489
2013-02-25 09:00:00,13.727825710722186,15.279694,11.353912,17.001801074612317,26.264267,12.202718,1.4863251838064693,2.064513,0.5047351
2013-02-26 09:00:00,15.442876595476775,17.715729,12.803619,6.943624183064334,24.717525,2.2520418,2.3586637663826138,3.4623525,1.4975882
2013-02-27 09:00:00,15.829326070441653,18.281403,13.045074,9.392119231697325,16.13047,7.091407,2.018718426720173,3.1392956,0.6948936
2013-02-28 09:00:00,17.39234683320933,19.672272,14.959381,20.23237702179488,26.581848,15.159973,1.6869355018840448,2.6605666,0.8493071
2013-03-01 09:00:00,17.52106514133868,19.795563,15.102203,22.430143000219452,28.928036,19.304016,2.439963834258371,3.6598256,1.0140582
2013-03-02 09:00:00,21.633923417523704,23.729156,17.41861,17.172398179557472,18.494617,15.215771,1.276809086824378,2.0817666,0.39556164
2013-03-03 09:00:00,19.742343998023102,25.213043,14.541168,18.046127573385288,20.479233,15.479232,1.351929213667499,2.5110545,0.38563472
2013-03-04 09:00:00,16.149974366762876,18.364899,14.015289,60.58124552127115,66.53218,51.329056,2.102952425047373,3.6696615,1.1144371
2013-03-05 09:00:00,16.261421762666885,18.62027,12.778473,39.04650114066943,54.91773,32.496864,1.0314613043957395,1.8350611,0.25572947
2013-03-06 09:00:00,13.143511820279343,18.700348,11.341949,35.16507172566105,61.855797,24.977615,3.950438097907783,4.9161325,1.5049483
2013-03-07 09:00:00,11.441933985987589,13.633453,10.684235,59.99458503385605,83.73005,39.392086,1.8229453884767155,2.6471417,0.6132107
2013-03-08 09:00:00,12.355035757063604,14.27066,11.135895,63.94379006390805,83.38504,40.197536,1.5559299947095258,2.5910773,0.61785734
2013-03-09 09:00:00,10.161292793102177,11.75943,6.9859924,43.27957646327344,80.458046,24.070307,2.99387151489656,5.561573,0.8255181
2013-03-10 09:00:00,13.82368010172172,15.455963,11.96109,14.215402172964357,29.582397,6.7581797,1.8334595817760238,3.4186711,0.51314926
2013-03-11 09:00:00,16.67285427806803,19.038483,14.114655,6.453923028477446,12.864304,2.7197313,1.8886734623826957,2.578499,0.5217872
2013-03-12 09:00:00,18.24164221377856,20.757477,15.089508,13.29270528953326,20.476135,7.8568125,1.4779114081997733,1.922619,0.62150997
2013-03-13 09:00:00,20.630538773197088,22.973541,15.780182,14.269114552049873,17.573948,12.109105,1.258934539671038,1.9392948,0.29763174
2013-03-14 09:00:00,21.91358410461777,25.615143,15.753815,14.04736225082513,26.19668,9.563868,0.825024606361442,1.5432463,0.2077303
2013-03-15 09:00:00,20.97639329241639,25.678131,14.700348,15.602485989672033,35.05651,6.3500433,1.4645676984924567,2.37269,0.80979496
2013-03-16 09:00:00,21.366809449368247,24.26065,16.321198,15.525506552103847,25.895422,6.2573037,2.4974836887494725,3.75388,1.4795357
2013-03-17 09:00:00,19.614790082633192,22.798187,15.698578,22.675808344200235,28.295902,14.7013,2.53855922939344,3.9361112,1.0203999
2013-03-18 09:00:00,18.72400655213238,21.420258,15.207367,11.142804035774105,21.84594,7.672536,2.0165095299895794,3.5266597,1.1448156
2013-03-19 09:00:00,17.91608897061292,20.494293,14.264465,14.922118186148966,20.657036,9.114067,1.2438404118645714,2.455789,0.39826095
2013-03-20 09:00:00,19.46788009003029,23.32315,15.3836975,37.34997184146539,44.356567,29.331253,1.318008992441415,2.2408156,0.5387276
2013-03-21 09:00:00,17.386087572829638,19.095123,14.569977,17.37436038983726,40.066055,-3.8558216,2.148959935423508,3.9459126,1.0219997
2013-03-22 09:00:00,17.295042534924164,19.996002,14.437164,9.156743446112452,41.54956,-1.929801,3.150436021383382,4.3081923,1.5292338
2013-03-23 09:00:00,17.876715486197213,20.347565,14.552643,4.013542417622722,12.15184,0.5893402,3.0686453272822507,4.236087,1.6063021
2013-03-24 09:00:00,17.49298061540867,19.520416,14.6493225,10.850656047088545,18.743683,6.5342436,2.207946225871189,3.4461248,1.2770346
2013-03-25 09:00:00,19.30896732906899,21.814117,14.831696,14.75885943995505,21.123646,7.842395,1.6527339612151857,2.816248,0.9228537
2013-03-26 09:00:00,18.36473564890406,22.325348,13.678864,12.998444963841314,24.724525,8.732338,1.181435484059888,3.0894144,0.11996002
2013-03-27 09:00:00,18.380672249787096,23.074615,13.527496,50.73062211912862,64.0892,35.690765,1.8401033220715264,3.1452549,0.9592195
2013-03-28 09:00:00,17.135342362452093,21.192047,13.748688,51.84051976557051,59.622135,42.181553,1.0281095227092238,1.7734736,0.65980154
2013-03-29 09:00:00,17.550041728632664,19.911285,13.768707,31.76927005988979,42.372334,23.563595,0.7209390710940531,1.467098,0.1454392
2013-03-30 09:00:00,18.115958277318782,24.068024,13.025055,23.81298221982818,35.013577,16.514599,1.6482760154748437,2.6283662,0.54273486
2013-03-31 09:00:00,18.09146651916592,24.88565,14.221588,53.699535206786855,62.07368,32.48199,2.4658811494781965,3.1437066,0.9339571
2013-04-01 09:00:00,15.851198338301856,17.973053,14.18985,64.91344900021475,71.967545,51.426937,2.249166192403256,3.036064,1.0237216
2013-04-02 09:00:00,17.186336854460194,19.896393,14.88858,48.536166025942684,65.54083,34.25121,1.54182023549611,3.0552464,0.9266151
2013-04-03 09:00:00,19.009861960755813,21.399323,14.937408,21.504568736023977,32.538475,11.780663,2.125187100463819,3.2356918,1.2386826
2013-04-04 09:00:00,20.702305856888586,24.542145,15.18277,14.418102369752457,41.48988,7.431286,1.1502888510300475,1.5530832,0.48914778
2013-04-05 09:00:00,17.591051620564258,22.064117,14.460114,53.2223169679935,75.87609,37.641712,2.1680275916845004,3.4063325,1.6137933
2013-04-06 09:00:00,18.166671995296895,21.60904,15.175446,26.37966609341655,57.234295,15.473653,2.557201161947843,4.5016837,1.7353438
2013-04-07 09:00:00,18.769543422137474,21.970367,15.521149,39.659274496100856,50.654198,31.375282,2.926344105485606,4.818365,1.4873148
2013-04-08 09:00:00,19.169406108127987,23.225006,15.131256,41.094912698113916,54.70923,23.01352,4.825142640506092,7.321646,2.4470649
2013-04-09 09:00:00,15.931604303961024,17.40689,12.6979065,18.4350009160439,35.067223,7.3538895,4.146252420251355,5.60991,2.1693802
2013-04-10 09:00:00,19.79887312428832,21.963287,17.298004,13.900464243478618,22.368172,9.4423895,1.8117416532151929,2.4588299,0.739464
2013-04-11 09:00:00,23.05540711596035,26.737457,17.712067,20.746208895755668,27.077127,15.878243,2.0547775794616783,4.330652,0.7397731
2013-04-12 09:00:00,21.26841218092693,25.415436,15.768951,38.89517260980814,47.225754,30.76826,2.664948321897809,3.8700876,1.9086853
2013-04-13 09:00:00,22.349205569837466,26.03653,15.308014,33.07524064465631,41.291893,21.826122,1.334340141651672,3.0751526,0.57929593
2013-04-14 09:00:00,20.957085960789243,26.475494,14.609528,36.1700284789315,49.095924,23.177956,1.5821528165899246,3.986717,0.5006458
2013-04-15 09:00:00,21.310636239412077,25.418121,15.177887,26.967042457657,39.21156,8.871021,3.3218647557553203,5.3786173,2.0847788
2013-04-16 09:00:00,15.722871999450604,20.573883,12.234772,11.094415929308767,35.740276,3.6074638,3.891352359478628,6.1812344,2.3399103
2013-04-17 09:00:00,16.703683273940158,18.449371,14.49234,15.703974134049083,18.876898,10.682465,4.083893754025466,5.0112133,2.5926735
2013-04-18 09:00:00,18.682576061166003,20.436188,16.716217,15.466643654679183,19.39106,11.064654,2.2639169605540297,3.0431063,1.379316
2013-04-19 09:00:00,21.749538384557752,24.013336,17.737457,15.535289393144033,17.8933,13.335797,1.7369379920547783,2.2301016,1.3884672
2013-04-20 09:00:00,23.40339787141744,26.261383,18.278961,14.273145869796542,23.94183,4.3119597,2.882220871884561,3.604788,1.8273929
2013-04-21 09:00:00,24.81107689697592,28.217194,18.312897,9.153054760589495,17.969212,2.98238,1.953676800494649,2.9040618,1.3152206
2013-04-22 09:00:00,25.835765069487024,30.554108,17.075592,16.997935180138057,21.111294,12.127377,1.01617019246604,1.6549286,0.594497
2013-04-23 09:00:00,22.641277307899657,29.564606,15.113434,18.471079170738772,24.459333,13.587793,1.4093256365648663,2.0072298,0.79872453
2013-04-24 09:00:00,22.752654074868246,28.871979,15.059479,22.653667004342484,28.840721,12.6294565,1.5643652941391522,2.067466,0.728635
2013-04-25 09:00:00,18.374166684937165,24.049225,14.859283,36.012330864340385,49.005272,24.114025,1.8902932909648384,3.1880867,0.37000576
2013-04-26 09:00:00,21.162171762654395,25.860016,16.018219,21.182554212783376,37.74833,14.416296,1.4472752344691313,2.6146777,0.627532
2013-04-27 09:00:00,23.745115052792983,28.174713,17.011383,18.024096364769022,25.79929,13.946142,1.6544151112665215,3.2071207,0.3828905
2013-04-28 09:00:00,24.98982942853121,29.457184,17.854645,15.888157584784699,21.34563,9.767506,1.8870231616641706,3.1131349,0.7328475
2013-04-29 09:00:00,25.79092452208829,30.223785,17.999176,14.983872902118673,19.508968,10.6639,1.4094566931692922,2.4646273,0.5498806
2013-04-30 09:00:00,24.528985287997386,31.58194,15.191315,25.234805519306644,29.8722,17.731117,1.73089006784678,2.0411742,1.2328167
2013-05-01 09:00:00,22.08526723167921,29.391022,15.412994,20.726410485876034,26.499525,13.288588,1.410295545696342,2.0101187,0.6809222
2013-05-02 09:00:00,25.996884771380167,31.114166,18.556305,5.73478777757443,9.062668,3.6954803,1.4019781441873411,3.0722864,0.27675873
2013-05-03 09:00:00,28.768937878888323,32.852448,22.486725,11.601610360689351,17.661583,2.9701767,1.3944465787215474,2.2525365,0.6599232
2013-05-04 09:00:00,28.299712404259083,32.578766,22.020172,16.169639038286,18.63422,12.499044,1.9273377627435593,2.5612302,0.97449774
2013-05-05 09:00:00,21.027408453032137,26.912994,15.3680725,11.707274108425807,25.150524,7.4332085,5.141767683028975,6.272675,2.9942296
2013-05-06 09:00:00,16.903070143036814,20.675934,14.893463,70.16621897567308,80.577385,57.320717,5.11251697557798,6.589236,3.0041635
2013-05-07 09:00:00,17.679438074707548,21.280914,14.980133,61.2606868143417,75.35361,38.494286,2.6113831263620875,3.431362,0.3646506
2013-05-08 09:00:00,19.195466500613634,22.357086,15.909821,54.04843368730368,65.29335,42.160095,1.7506842960403448,2.183219,0.5478136
2013-05-09 09:00:00,19.153268293391704,21.941803,15.542145,69.26013954252015,74.01108,63.085396,2.0785996580836845,3.4251606,1.1052816
2013-05-10 09:00:00,22.295689299325545,26.283844,18.003082,47.79992145076562,54.58683,41.481487,1.9429461971520494,3.915442,0.8584805
2013-05-11 09:00:00,25.66079108121494,29.02237,19.644928,26.35014899490442,31.265947,21.996416,1.54003588516531,2.496003,0.6310817
2013-05-12 09:00:00,27.895778475196266,32.671783,20.75235,21.818181866367702,25.219673,17.28608,1.2091612942401473,2.6566658,0.3519265
2013-05-13 09:00:00,29.12323243552413,34.555084,21.101227,16.29654887417864,21.131786,10.95693,1.6648716900771798,3.0140429,0.80218923
2013-05-14 09:00:00,26.289984794704765,32.81241,18.35147,9.766487518942183,18.700474,6.710083,2.5233785941444755,4.102552,0.8515212
2013-05-15 09:00:00,22.59342413189802,27.255524,17.363434,20.563551922305564,30.79855,12.729989,2.413570762535028,4.748625,1.3411586
2013-05-16 09:00:00,23.853081006677087,30.111969,17.456696,17.164562635773297,33.336723,2.4826508,2.720581154745541,4.881976,1.7049506
2013-05-17 09:00:00,21.056600374367406,24.34439,17.041412,52.94468739740096,59.39424,46.31519,2.764125141507367,4.44783,1.8281531
2013-05-18 09:00:00,21.53606827256243,25.981842,17.268951,18.797041986777856,30.834187,7.295124,2.702556695952991,4.4759436,1.7680539
2013-05-19 09:00:00,23.72133165611092,27.271393,18.29654,17.89865373558145,26.04775,11.319247,3.2247610389283166,4.640089,2.4394274
2013-05-20 09:00:00,25.87483041133987,28.759186,20.696442,16.42791491033208,22.718056,9.108682,2.4458131125586164,3.0643938,1.5883158
2013-05-21 09:00:00,28.11406526915198,32.189117,20.72232,19.29622009188717,21.257442,11.869248,1.652811992517804,3.672491,0.96846294
2013-05-22 09:00:00,24.363465060164174,30.026764,17.454498,9.915071730307375,26.802116,0.17952347,3.1293975879621856,5.8259616,1.7414738
2013-05-23 09:00:00,19.930386230637907,23.05606,15.265045,17.95777757784768,26.40306,5.949936,3.3473515126602655,6.21043,1.8268702
2013-05-24 09:00:00,20.592553961787416,23.863678,16.751862,22.400816957315996,32.12745,9.662605,2.1120482420753897,3.8463867,1.0512117
2013-05-25 09:00:00,20.582875671822876,25.504547,15.068268,20.338827253005903,34.094147,5.8936,2.4343923922496744,4.422655,1.5918177
2013-05-26 09:00:00,21.24369808010175,26.020172,16.603668,28.621784572868,35.411243,13.288744,2.5055128562807645,5.347692,1.0312822
2013-05-27 09:00:00,22.640194814108952,26.372467,17.52481,28.502235246551447,44.443993,11.022033,3.0537679994133975,4.971057,1.9927664
2013-05-28 09:00:00,21.838812220300213,24.627594,17.474274,46.257722619267476,58.940536,32.36241,3.516092566150176,5.256291,2.5915616
2013-05-29 09:00:00,23.165861465256228,26.421051,19.17569,22.805688021051857,37.935593,12.92654,3.328486026852062,5.000293,1.7004364
2013-05-30 09:00:00,23.968044457706355,28.202057,18.108551,9.290722601264621,29.286114,-0.27638626,3.212018186468933,5.188077,2.224359
2013-05-31 09:00:00,25.636144941590658,29.240387,19.902252,7.219715352852931,19.06746,2.2763033,2.8998005134948097,4.481404,1.880894
2013-06-01 09:00:00,28.208386534143074,31.548248,21.983795,11.388515425994205,17.392288,7.887374,2.6143601723597736,3.4527159,1.6964257
2013-06-02 09:00:00,29.4676023861324,33.91617,20.119293,16.815492674027148,18.169529,14.204684,1.023593397368486,2.5143998,0.33154175
2013-06-03 09:00:00,22.79034146318031,31.702545,15.622467,18.146431535001003,31.331718,10.346381,2.6331821827425075,4.103244,0.9692391
2013-06-04 09:00:00,22.140938953864406,30.499664,15.716461,31.930091170324868,42.151978,26.077618,1.9985113675520207,3.2398455,1.033355
2013-06-05 09:00:00,23.198530150426734,31.552155,16.62442,37.307010022573145,44.65548,31.897823,1.9307564892518605,2.6473408,1.2719401
2013-06-06 09:00:00,22.769136044771813,31.111725,15.535553,32.74638743639084,40.60261,27.469799,2.2081216182725067,3.5137408,1.331133
2013-06-07 09:00:00,24.85807000388172,33.71695,15.736481,27.503595287161566,32.703045,18.835794,1.7757345213308438,2.9886348,0.87730527
2013-06-08 09:00:00,27.73527343655627,36.537262,16.982574,15.13244801567344,26.178116,9.998428,1.5490258848054093,2.2985454,0.7610535
2013-06-09 09:00:00,24.363900916838134,36.785553,16.506256,19.27601301952121,31.701807,7.791054,2.6306619669658926,4.0044293,0.36477944
2013-06-10 09:00:00,22.25323332026983,32.718903,16.039703,23.848444665996,42.76593,5.6182966,2.3159884244006985,3.9930868,0.7936228
2013-06-11 09:00:00,24.035843549261017,29.457428,17.72696,27.518767495941127,32.07792,24.60526,1.500494567535234,2.661771,0.8387564
2013-06-12 09:00:00,25.04242128527835,32.485504,17.57193,19.422462612319073,30.045427,11.191681,1.5378470672249065,2.1298535,0.84118676
2013-06-13 09:00:00,23.787277040557797,29.842926,18.402496,6.361081463918561,18.787273,1.1059799,1.6377174855500907,3.602933,0.65424955
2013-06-14 09:00:00,25.773874735766185,29.105377,19.77481,6.698729740823857,13.327225,2.6726608,2.3544575373883023,3.3478463,1.5975792
2013-06-15 09:00:00,26.168154505460848,31.725494,17.580963,16.242106710621723,22.481638,4.94598,1.9434186552876773,2.2627432,1.4123831
2013-06-16 09:00:00,24.498650849685532,29.534576,19.119781,8.116182000168209,23.15642,1.8439202,1.5220876230294271,2.5195386,0.64426905
2013-06-17 09:00:00,27.45732687638582,31.975983,21.452545,16.024731860918628,19.988323,13.038559,2.7973325447404607,4.461095,1.8098525
2013-06-18 09:00:00,26.615614298050957,32.35074,18.86856,16.8560648217554,22.73419,11.058446,3.0825094248404508,5.3544636,1.7364186
2013-06-19 09:00:00,23.488498373219272,28.722809,17.675934,16.083359868215744,30.111809,8.700943,3.2052547137901053,5.340283,2.0951438
2013-06-20 09:00:00,23.604098522426057,26.299957,19.180817,14.704780397333012,18.792885,10.878841,3.125870702036597,4.860899,1.8227237
2013-06-21 09:00:00,24.950023728365522,29.309479,18.952057,19.370771697418842,25.151443,14.202225,2.7030043425310204,4.6301517,1.7088702
2013-06-22 09:00:00,26.048158357807893,30.290192,20.068024,19.91200031780455,24.738483,16.084015,2.308464522139687,3.8222127,1.4183686
2013-06-23 09:00:00,27.097516778067018,32.4628,18.964752,19.545886372064782,24.868546,13.255602,2.730354913461796,4.940983,1.7167765
2013-06-24 09:00:00,23.828400673870078,29.223297,16.652985,35.70751728752575,52.504517,16.46936,2.550913790626814,3.164459,2.077062
2013-06-25 09:00:00,23.686134534987787,27.406158,18.384674,44.813237324370995,55.32589,35.09755,1.5617102777521628,2.0660203,1.2720397
2013-06-26 09:00:00,26.76801365034163,31.734283,21.304108,61.41634866699517,72.332016,51.43571,1.638562481519789,3.0514274,0.8343919
2013-06-27 09:00:00,30.04923526186434,33.99356,22.879059,41.34075641690517,46.813362,33.977425,1.563702657343979,2.9367378,0.30657056
2013-06-28 09:00:00,31.763158666283744,37.16397,23.916656,35.592674934285924,40.99983,27.167797,1.3765419547588018,2.2712705,0.2947377
2013-06-29 09:00:00,33.24083281252189,38.119293,26.011871,19.60225239164977,26.289816,16.953419,1.6898186347644875,2.735795,0.836814
2013-06-30 09:00:00,33.94853376188178,39.281403,25.638824,16.436926920208784,18.356276,14.309401,1.9738286943009105,3.5631623,0.8957564
2013-07-01 09:00:00,33.403745085244395,38.73355,23.571442,15.896916354177412,18.029503,12.208691,1.2221929084404504,2.1546128,0.5177254
2013-07-02 09:00:00,29.555730002269343,36.999664,22.555084,19.728729395372454,25.570642,13.070642,1.850301029471821,2.9542117,1.0399153
2013-07-03 09:00:00,28.489784613766005,36.203278,20.589264,24.66972500567394,30.929281,19.503944,1.4499499745633961,2.4565208,0.36402354
2013-07-04 09:00:00,29.029970329977687,38.316315,19.819733,28.580848521369138,31.222496,25.429804,1.3413812137373589,2.2648888,0.46293953
2013-07-05 09:00:00,28.772364153314754,38.400055,19.25357,15.425190045362557,30.547794,7.890543,2.2140310907543586,3.480697,1.1006638
2013-07-06 09:00:00,25.530996649162773,34.573883,17.987946,5.805269150600168,21.72718,2.9146137,2.3550909493788446,3.3659105,0.6711569
2013-07-07 09:00:00,25.46904412792901,33.714508,18.150055,4.617527205282829,15.756559,1.1862469,2.0142323466209873,3.3056746,0.64914286
2013-07-08 09:00:00,26.85758535623779,35.765778,17.84195,6.265067221743503,10.390252,2.8199396,1.7017470129077183,3.0419183,0.6085512
2013-07-09 09:00:00,29.398040230234926,36.66739,20.530914,13.96746277501386,16.541357,9.951513,1.3890264923525013,3.4951537,0.075306036
2013-07-10 09:00:00,29.155813882608015,36.535553,19.384186,13.416875089285703,18.85339,8.923151,1.4309692606855773,3.142852,0.19140626
2013-07-11 09:00:00,26.500437737981542,34.512848,17.655426,14.193955810758634,21.90944,4.12306,1.9327621194708628,3.1197696,0.7767272
2013-07-12 09:00:00,25.05418610525618,32.36148,18.787262,13.386899488378948,43.144993,1.3871813,1.7077276045575196,2.6430373,0.37861574
2013-07-13 09:00:00,26.02126011305245,33.139557,18.502838,8.18482103047986,20.740503,2.2245293,1.7140609511600133,2.713464,0.86122596
2013-07-14 09:00:00,27.68259128012329,33.928864,20.666656,6.015452818715767,10.435082,3.477416,1.5746613958373659,2.839897,0.62638557
2013-07-15 09:00:00,27.145038939349206,34.02066,19.143707,9.07195104571538,14.350491,4.821596,2.3912689663241595,3.8790352,1.4006697
2013-07-16 09:00:00,24.797487958146974,32.756012,17.072418,8.870328026490583,12.368574,5.258442,2.1726655446509517,3.4119349,0.9244414
2013-07-17 09:00:00,25.428343779862814,32.599274,18.28897,11.642666083533294,19.248268,6.873267,1.4813958868878645,3.2416532,0.58045495
2013-07-18 09:00:00,27.100958688495894,32.404938,19.862701,18.33384068013477,28.338087,9.793135,1.7200702373467434,3.7751422,0.31698644
2013-07-19 09:00:00,27.956492242454658,33.880035,19.325348,13.046825028104402,18.651096,6.225315,1.8346801835372724,3.7937157,0.7048856
2013-07-20 09:00:00,27.74454168731262,35.477936,17.386139,13.57483209928869,18.22596,9.809868,1.652359088914546,2.8254085,0.7033985
2013-07-21 09:00:00,25.369715316381246,34.50821,17.946686,20.578173602402284,26.09756,15.406156,1.6604477666912907,2.528107,0.5576992
2013-07-22 09:00:00,25.72734255027467,34.456207,18.702301,34.11237350996258,44.172894,21.696495,1.7706425169110651,3.3384442,0.5224017
2013-07-23 09:00:00,25.487457947172174,33.542145,19.174957,46.78891803348529,50.509663,43.185978,1.3490026633251955,2.3225596,0.80100244
2013-07-24 09:00:00,26.328358734005747,34.720123,18.239899,45.52461303098157,50.38715,36.76215,1.7438999534964723,2.7354176,1.0599266
2013-07-25 09:00:00,26.703540259166573,35.09903,17.591217,28.525104723932106,37.91773,14.573978,1.7551919152932924,2.9600017,1.2698525
2013-07-26 09:00:00,26.307469902653395,35.85611,17.174469,34.16566526289498,39.87467,25.09342,2.104582486225525,3.5793886,1.0668563
2013-07-27 09:00:00,26.169531816198344,35.319977,17.099274,28.33704107870852,39.605392,5.7306595,1.8804511653465523,3.3579879,0.77229166
2013-07-28 09:00:00,25.92246236913809,34.903473,16.487457,24.375014804701756,29.529968,18.804089,1.978171180495422,2.743694,1.287686
2013-07-29 09:00:00,24.687256555362808,33.34659,17.223541,25.013355405452405,30.226322,18.28287,2.0558408800554235,3.3436766,0.9166592
2013-07-30 09:00:00,24.905371051039197,33.462555,18.089508,19.089211216782374,35.800323,8.936488,1.738682725729941,2.7828062,0.9289863
2013-07-31 09:00:00,24.135289621631728,32.201813,17.428375,28.533542826913138,33.593178,23.246822,2.032914029877052,2.874401,1.588529
2013-08-01 09:00:00,25.058443644665033,30.918365,19.75357,16.135677807329685,26.431747,11.9161215,1.8149901929472205,3.1154616,1.0384619
2013-08-02 09:00:00,27.098679726615103,31.721588,19.299713,14.323105940835575,20.609037,10.222319,1.90535832574682,3.719864,0.49268168
2013-08-03 09:00:00,25.641211937246396,31.59903,17.948639,13.56733104062377,24.355787,6.254225,1.8374857011689274,2.9158769,0.7998477
2013-08-04 09:00:00,24.217353373100877,31.81485,16.943756,7.412158357652607,21.684227,3.6490698,1.8892887768661597,2.6354983,0.9889624
2013-08-05 09:00:00,24.489887961098475,32.039215,17.234528,7.753861413637927,19.377079,2.1771307,1.575063508352922,3.1072295,0.5818021
2013-08-06 09:00:00,24.73890847451878,32.624664,16.933258,18.51286588030068,30.133999,5.6925793,1.8346658437574879,3.073366,0.6460651
2013-08-07 09:00:00,22.69782138547572,29.96231,16.870514,16.368769256368765,25.711182,13.37236,2.1331784935316476,3.4023736,1.2106603
2013-08-08 09:00:00,23.926359814379452,29.963287,17.480865,21.91284181737877,42.491848,9.987943,1.9070643673780423,3.9971738,0.83711004
2013-08-09 09:00:00,23.236893878483443,29.515533,16.648346,26.475258844129858,39.661293,13.730098,1.852104620146297,3.1728632,1.2215823
2013-08-10 09:00:00,24.513413472035722,30.073639,18.425201,29.351413868932756,42.25649,16.373676,1.6256867158904131,2.9237065,0.7930222
2013-08-11 09:00:00,24.65815950702961,30.243317,18.34488,33.08188685161164,42.003494,22.77798,1.7950604811254083,3.2854898,0.7396429
2013-08-12 09:00:00,25.55570737764492,31.28775,18.882233,33.89737171905021,38.32718,29.488632,1.6619797398745961,3.2796786,0.8097216
2013-08-13 09:00:00,27.2542623713058,32.70279,20.321442,24.197747539176444,30.724108,14.704798,1.310605205785481,2.516937,0.30243808
2013-08-14 09:00:00,29.052271930560835,34.573395,21.245026,15.951642541451045,22.262932,8.794181,1.0387230512347003,2.3559659,0.102644034
2013-08-15 09:00:00,30.453921289168704,34.969147,20.912506,13.68843558898044,22.043833,6.211801,1.1853243220258969,2.7543657,0.44219348
2013-08-16 09:00:00,31.017022696085974,36.65152,20.184723,12.982931464639478,21.436283,6.734726,1.0881316430622752,1.9830781,0.5514797
2013-08-17 09:00:00,28.911092831705844,34.957672,19.85025,21.585495050187017,26.361992,13.550756,1.3687579942775394,2.7481291,0.43518415
2013-08-18 09:00:00,29.569858196400617,34.598053,19.77774,22.69132597093902,24.443783,20.287863,1.438821808852013,3.5796714,0.15005153
2013-08-19 09:00:00,27.328694627238917,33.600006,18.557281,30.314880088159455,36.498573,22.408728,1.2790044284709374,1.942567,0.40913588
2013-08-20 09:00:00,27.281203044016763,35.579742,18.813873,24.446976622012542,46.121586,13.786784,1.5775689877095689,3.0435262,0.26487812
2013-08-21 09:00:00,25.972254023442872,34.113434,17.533356,14.800161561421755,27.302235,7.5327024,1.6218581157814853,2.4248776,0.7492443
2013-08-22 09:00:00,26.376465778064357,34.648346,19.191315,9.413992223566598,16.554329,5.493248,1.8053947497487182,3.04194,0.8519647
2013-08-23 09:00:00,26.439475666548674,34.61197,19.390045,13.678892492640252,18.598396,10.096051,1.3881948850019137,3.4026673,0.19625627
2013-08-24 09:00:00,27.277177581737078,32.222076,20.478424,25.0127501464393,31.028227,15.199641,1.420832536650142,3.2805247,0.35138667
2013-08-25 09:00:00,28.1504036887668,32.301422,20.959625,26.510754287494223,32.84235,19.595469,1.7811914051952702,3.421031,0.9658392
2013-08-26 09:00:00,26.166056630811283,32.000885,19.748932,28.301211842556093,35.111397,21.100765,1.7432830870548421,3.4626894,0.86341816
2013-08-27 09:00:00,26.810478315135015,31.733063,19.459381,26.889501375102242,41.818043,16.78384,1.0872304115876863,2.819459,0.24652122
2013-08-28 09:00:00,26.55422645128465,32.15103,19.90152,19.47124677013829,35.373238,13.314646,1.210052804331798,2.4644494,0.42917442
2013-08-29 09:00:00,27.345808162980404,33.010895,21.186676,18.464124967229928,29.903915,10.204697,1.4811948111342774,2.8248372,0.6208997
2013-08-30 09:00:00,29.862049227774833,33.41324,23.796051,26.532236404543948,35.304634,10.430203,1.8702866498650492,2.4998548,1.1283823
2013-08-31 09:00:00,31.834914786520244,35.9606,23.038727,33.03885818606644,43.807682,22.304482,1.1781620128304362,1.6390957,0.79922014
2013-09-01 09:00:00,29.230457042095395,35.32852,22.094147,56.76595670577655,72.87669,30.63755,1.6355542320345606,2.3059945,0.85352004
2013-09-02 09:00:00,27.145918983205718,31.701813,21.233307,67.48766747921768,83.60039,56.643353,1.564397858157876,2.6820269,0.8286973
2013-09-03 09:00:00,27.866385959317995,32.813873,22.785065,49.49206434178894,56.588905,40.11625,1.5447725988228223,3.3496416,0.49510166
2013-09-04 09:00:00,28.679130121181174,32.691803,22.287262,39.48669602394302,47.525494,18.416119,1.9597400600408528,3.977159,0.7197213
2013-09-05 09:00:00,29.034361167531472,32.850494,22.284576,24.928719163942528,37.60665,12.61394,1.908327531342886,4.2526646,0.6739856
2013-09-06 09:00:00,29.069611860223517,32.41861,22.800446,24.233551050918045,33.49122,13.968995,1.70397755139108,3.267552,0.59658706
2013-09-07 09:00:00,29.553018866377727,33.698395,21.315582,13.034857578956224,26.872118,7.543993,0.9765461430859159,2.2210548,0.37130806
2013-09-08 09:00:00,28.16748113443367,34.814117,20.343414,14.959787309777035,19.167553,8.991773,1.4969326877596858,2.46,0.8313188
2013-09-09 09:00:00,27.423045039634303,34.506256,19.38565,23.731565400591684,27.074837,20.899271,1.2310907106958064,2.4238005,0.63349193
2013-09-10 09:00:00,26.43509091705272,34.07901,17.967194,21.513745829749354,28.56836,16.365498,1.8821550558917504,2.917753,0.6791852
2013-09-11 09:00:00,23.944517245753104,31.115387,18.019684,23.26096891751601,36.93078,19.161245,1.746513842928177,2.875634,0.622066
2013-09-12 09:00:00,24.64324344774485,30.750397,19.178375,24.499058298204563,36.998978,13.957029,1.2366811098692012,2.6723883,0.21193758
2013-09-13 09:00:00,26.926109456978168,30.917145,20.69815,26.789683962865496,30.956272,16.638758,1.3384945580920433,3.169968,0.055019934
2013-09-14 09:00:00,27.60837329280423,31.103668,21.40445,27.794999209449237,33.811367,17.010313,1.9788978743261478,4.0831065,0.9011096
2013-09-15 09:00:00,28.674649299157693,32.5065,20.85611,26.883112234928358,30.93405,21.531685,1.7458753366065893,4.1102195,0.34570688
2013-09-16 09:00:00,27.79140679305584,32.866608,19.597076,27.871341306073635,35.53715,21.171997,1.3346290653783979,3.3645482,0.1901241
2013-09-17 09:00:00,26.44238650376451,31.676178,19.138824,23.885167893072932,41.38373,11.658011,1.8425927329714789,4.6340284,0.8437431
2013-09-18 09:00:00,24.582375767708186,27.857819,20.275787,16.503448408027875,32.72557,6.916977,2.7764954221689844,4.396041,1.909508
2013-09-19 09:00:00,25.057816783974488,28.285309,20.777496,14.228398683504906,24.3628,8.238487,2.0945801320317536,2.7397015,1.1197225
2013-09-20 09:00:00,27.64258225284061,31.386627,18.747955,21.78673182807004,29.760553,14.19402,1.2980930507562274,1.9289578,0.21802749
2013-09-21 09:00:00,22.609168033812068,26.988678,17.424225,19.54848290076771,38.41198,13.349482,2.288206939883017,3.3656132,1.448022
2013-09-22 09:00:00,19.78878542203131,22.164948,17.636139,46.511858051803856,62.685295,39.579826,2.168270292706411,3.1531436,1.6143848
2013-09-23 09:00:00,22.044008278776857,24.305817,19.587555,24.514640110090724,31.24679,20.38528,3.1319830719618906,4.3599687,1.3935354
2013-09-24 09:00:00,26.172267409700225,28.440826,23.100983,17.578127986065823,25.989258,12.389958,1.7371704550998073,2.252,0.99271894
2013-09-25 09:00:00,26.245223172914336,30.135406,20.301422,23.569220039701882,39.385178,7.1878157,2.6291142987214147,5.6771264,1.1495014
2013-09-26 09:00:00,20.197121622016255,22.051178,17.37735,40.5101269167869,46.973232,29.828941,3.5061466401459573,5.285555,1.9885159
2013-09-27 09:00:00,20.62965589579784,22.802155,17.257233,25.22801998042886,31.44331,20.197216,2.147444486287099,2.8877902,0.7943029
2013-09-28 09:00:00,22.82574158453167,24.768463,20.8544,9.712000716694513,13.390836,5.7256193,2.0094555912358096,2.6788328,1.2496746
2013-09-29 09:00:00,25.812509731573186,27.65738,21.346344,13.497962364185325,17.32185,10.249338,0.91490310046842,1.5769017,0.43342426
2013-09-30 09:00:00,26.350229157919784,28.848297,20.895416,22.56307033379101,26.317974,16.345318,2.086791543193216,3.1314507,1.2942647
2013-10-01 09:00:00,24.39453989286369,27.264801,19.915192,28.31949572327414,45.9144,16.105999,2.050931865193922,3.8303437,1.1371521
2013-10-02 09:00:00,23.132459661584733,25.738434,18.21695,37.741499363582875,53.509026,14.673045,1.481582663314963,3.1619475,0.03451461
2013-10-03 09:00:00,23.23419688901174,26.049713,18.302399,14.625673288933852,31.053246,5.5639896,2.5967420477436307,4.068131,1.902007
2013-10-04 09:00:00,21.315825199191806,22.863678,19.494293,12.225522145554537,16.923082,6.596629,2.6438343249114973,3.495339,1.9427269
2013-10-05 09:00:00,24.841950342958683,26.34903,22.796295,11.122596994912438,13.487069,9.603899,2.560920935906817,3.8287382,1.6339383
2013-10-06 09:00:00,26.943531599662265,28.645416,23.673004,7.559825631204344,8.848762,6.024543,1.7535786431558937,2.8936172,0.67220795
2013-10-07 09:00:00,27.15975042333838,29.789703,21.209625,13.522687336106666,16.702686,10.249561,0.6351164197567799,1.3944825,0.24029037
2013-10-08 09:00:00,22.938842954117263,27.300934,17.125153,12.430836632463576,17.58471,8.315179,1.4821339066471664,1.8681484,0.8770955
2013-10-09 09:00:00,18.775253372362897,23.932526,15.077057,17.38538251104187,27.249691,12.682811,3.599784003847415,4.838462,2.2714653
2013-10-10 09:00:00,15.711406374131911,16.756744,14.487213,43.94738095761653,62.391926,37.415363,1.2275810164455665,1.936419,0.57989156
2013-10-11 09:00:00,18.07994960038718,21.46109,15.080231,35.465268583260226,45.77407,27.393448,0.7658265744494552,1.6777854,0.11462976
2013-10-12 09:00:00,20.154671852564093,23.473785,16.349274,34.42857179692671,38.72116,25.42819,1.0003404505996152,2.193204,0.39643556
2013-10-13 09:00:00,20.541043393932057,23.704498,15.979889,28.899274909767094,37.620296,19.444298,1.6209986734397788,3.8026574,0.8566126
2013-10-14 09:00:00,19.76567142660747,21.3107,17.80484,26.356483604291803,31.06752,23.110489,1.729373908500892,2.5486894,1.175769
2013-10-15 09:00:00,22.643398782520194,24.667389,20.481842,18.607374902196227,21.31043,13.957725,2.0635043952159284,2.8304365,1.0922874
2013-10-16 09:00:00,24.387423555048315,26.183746,22.021637,20.937667995008386,26.701632,14.33835,1.7624346433140683,2.7912102,0.9592462
2013-10-17 09:00:00,24.140063906963576,26.468414,20.068268,21.13112666454702,24.541466,15.115931,0.7573650498252833,1.1219918,0.45756343
2013-10-18 09:00:00,23.65097762550357,26.308746,20.953278,13.232054794204318,15.196715,11.528747,1.42473005535206,1.9888384,0.8658156
2013-10-19 09:00:00,24.31147706755138,26.12442,20.13736,12.496609723492458,14.505371,9.091309,1.0861395184785987,1.5676445,0.4340311
2013-10-20 09:00:00,23.285866333376703,26.07315,18.080963,11.762927776797898,14.162777,9.539244,0.9038381888376702,1.9160649,0.25952652
2013-10-21 09:00:00,22.851659427075333,25.59903,16.831451,10.249247663399313,15.290402,6.853812,0.9248644692743714,1.78525,0.40276748
2013-10-22 09:00:00,22.214550277958097,26.355377,16.523346,13.002361957806237,13.816886,11.384401,0.7503295849585816,1.7198267,0.15616146
2013-10-23 09:00:00,21.386180591248888,25.77066,16.155426,14.8859690877113,18.433895,12.830037,0.92111111897127,2.374298,0.17308018
2013-10-24 09:00:00,20.73074509616447,26.588776,14.903229,14.129062089001902,19.417292,12.551768,1.3106331755912055,2.6224694,0.38570032
2013-10-25 09:00:00,20.64976983277569,24.809967,15.565826,12.78675101979472,16.821962,10.880938,1.3186574149304762,3.0753937,0.2074116
2013-10-26 09:00:00,22.10090605127334,24.56192,17.924469,13.247538768954737,16.125286,11.760387,1.5764624746540963,2.4620318,0.5228805
2013-10-27 09:00:00,22.140164362918142,24.673248,17.59903,18.47354706127147,26.582651,12.078745,1.0366693250595,2.5986774,0.35449144
2013-10-28 09:00:00,17.45935896084677,22.323639,14.184967,25.693437313469044,38.63478,16.63478,4.72679942823114,5.6757045,3.528328
2013-10-29 09:00:00,13.51352812292697,14.848541,11.256012,70.92142779972262,75.72294,64.007866,2.2502838373587033,2.8382387,1.5659126
2013-10-30 09:00:00,15.258577674786295,16.475983,13.634186,51.2143500249055,59.334545,43.104076,1.272629965902089,2.2668009,0.66369677
2013-10-31 09:00:00,17.026017804228786,18.779205,14.615143,19.04948887938538,21.8018,15.809613,2.141837022431503,2.7904172,0.84857184
2013-11-01 09:00:00,19.67729648479593,21.018951,18.412018,14.477767023613268,20.36628,9.382637,1.621307213703077,2.1304066,0.5615348
2013-11-02 09:00:00,22.93560550483153,24.713287,19.137115,20.254349195238532,22.595455,18.358757,1.1976780356118093,1.8369647,0.31307843
2013-11-03 09:00:00,21.015740166263583,23.660309,17.152496,27.207588466882964,35.062958,18.261978,1.3493090544526078,3.3310242,0.56993455
2013-11-04 09:00:00,17.328245580989744,18.992584,14.816803,19.951725326369836,39.794807,3.9762497,2.433353251344082,3.7043061,1.4468337
2013-11-05 09:00:00,16.305400941376888,18.174713,13.297028,18.450332944232354,29.856043,13.574793,2.185379252376886,3.3875961,0.9425433
2013-11-06 09:00:00,17.865928500558482,19.58316,16.122223,12.34271981068347,13.632286,10.702094,1.7171736318158872,2.2949421,0.7017447
2013-11-07 09:00:00,21.557174264283162,23.039703,18.21939,11.525965348416843,15.355586,5.247854,1.1373417533127286,1.7401329,0.24490315
2013-11-08 09:00:00,21.009009068738408,23.171783,18.080475,6.200989850461977,12.051223,3.7568083,1.3204725244846895,1.7926517,0.5195902
2013-11-09 09:00:00,21.227375145107885,23.064362,17.05069,10.843122782795556,16.649796,5.699033,0.6131707125011027,1.07879,0.07680131
2013-11-10 09:00:00,19.406819603542488,24.10025,15.5572815,4.8771488044543005,6.819894,2.7844095,0.5929476215705568,1.0544155,0.25963002
2013-11-11 09:00:00,19.815177313680124,24.380524,16.130524,9.692385598245444,11.275235,7.8925343,0.6542031249491383,1.4532635,0.08826965
2013-11-12 09:00:00,20.31377858708464,23.605927,16.379364,13.750834782344937,18.640244,11.284776,0.8711275139351078,1.9552362,0.120715305
2013-11-13 09:00:00,19.750132682688502,21.086578,18.26236,19.22568144218075,23.23755,14.635988,2.1408698983439782,3.678599,0.877479
2013-11-14 09:00:00,20.04185240031876,21.534088,17.786041,18.147561652285926,21.632347,13.762154,2.1852904698464535,4.1387024,0.7852698
2013-11-15 09:00:00,18.90413147125912,20.052399,17.286774,23.041824063539515,31.92844,15.033909,2.101496260349549,4.735964,0.71312237
2013-11-16 09:00:00,15.518461171678723,17.23941,13.655426,41.51128994337786,54.413406,25.628248,1.5579535249667422,3.829635,0.38293
2013-11-17 09:00:00,15.360910782170208,17.710358,13.629059,54.30652982086407,61.81354,38.701637,1.2189504760793795,2.9305913,0.40643007
2013-11-18 09:00:00,16.404547763117876,18.13272,14.119049,55.54065654770817,67.16572,44.082417,0.6168724609197062,1.3661045,0.07879773
2013-11-19 09:00:00,14.746581984554496,17.72818,13.04068,45.61409349095354,66.349045,28.399612,1.2855590694911023,2.4337726,0.7129975
2013-11-20 09:00:00,15.111077407420908,16.589996,13.609528,57.081687916487475,70.25256,35.59631,0.8237521365923122,1.39329,0.28845504
2013-11-21 09:00:00,14.905377897247547,16.422638,14.115997,85.56752971219532,91.45408,77.46189,1.3376248442341567,2.3272202,0.84192
2013-11-22 09:00:00,12.807177314277567,15.09848,9.469574,61.58470676210134,71.04124,51.984123,1.993150928480725,2.7728984,1.4006436
2013-11-23 09:00:00,14.225746567775673,17.343048,10.755005,57.0548605451428,59.88288,50.074287,1.3591810042052752,1.9878426,0.6964291
2013-11-24 09:00:00,15.482441497005368,17.298706,11.902222,60.094041977720124,65.87523,55.29763,0.6553455194278376,1.1666946,0.14923093
2013-11-25 09:00:00,16.191586335703732,18.052948,13.033417,32.8449485037401,34.945744,30.250431,1.375587321336489,1.9047613,0.3379688
2013-11-26 09:00:00,16.58160663899332,18.711578,13.32486,20.486305042426174,21.792088,18.659498,1.7791459154606446,2.8147926,0.3786359
2013-11-27 09:00:00,17.606574994601146,19.444489,15.243317,24.370408987479795,29.196253,21.994831,1.0059708564424197,1.8135663,0.43397188
2013-11-28 09:00:00,17.788034607368616,20.373444,15.787506,42.55847427570528,48.034622,36.452827,0.9149336395827037,1.8960203,0.32288393
2013-11-29 09:00:00,17.537235033401373,19.353455,15.908142,47.38593387771303,52.103928,43.201584,1.1675362375904925,2.1701055,0.645777
2013-11-30 09:00:00,17.06258681201092,19.322968,13.809296,38.42062664831048,49.188217,33.853283,1.022133376856867,1.6147121,0.24118584
2013-12-01 09:00:00,17.057918873951735,19.023346,14.035065,21.196551749216127,22.784481,18.507137,1.967251574803418,3.2606037,0.40336624
2013-12-02 09:00:00,18.580452649648066,20.483307,15.762604,10.84840448834926,14.899116,7.5438433,1.9911685998985469,3.3251805,0.07152999
2013-12-03 09:00:00,18.324333740230145,19.969635,16.120026,12.533327214138682,17.061333,9.905082,1.7097540503856146,4.1263623,0.42372683
2013-12-04 09:00:00,12.545818627683218,13.28894,11.433472,27.051833025106927,37.970993,19.591225,2.299860599336515,4.5058146,1.4373547
2013-12-05 09:00:00,9.459122644124307,11.99704,5.547821,21.209052310866664,36.19859,13.478547,2.2287754661939028,3.643272,1.0229216
2013-12-06 09:00:00,8.333620129938765,11.368591,4.7963257,11.785835054248203,17.298643,4.981448,1.2427050322495063,2.5998545,0.38166046
2013-12-07 09:00:00,9.421389150169034,12.125427,6.639099,52.727286881437095,76.66571,31.12727,2.5140469507410015,4.5548587,1.2219706
2013-12-08 09:00:00,8.867518055515461,11.106689,6.196533,22.42484587196455,36.551662,8.735255,2.3918509547704616,4.2986274,1.5231975
2013-12-09 09:00:00,6.539109422267757,9.563995,2.7905579,8.193292000987714,15.021238,2.8279133,2.507518645239446,3.7602713,1.000879
2013-12-10 09:00:00,9.678960288147834,13.276245,6.6375732,8.341767349720303,11.275291,6.583885,2.175195419111919,3.0645242,0.6420244
2013-12-11 09:00:00,11.36391384115143,15.235596,8.14798,8.030143880545348,10.7819605,5.8792706,1.9221019625994542,2.7383807,0.4632961
2013-12-12 09:00:00,15.35186738741595,17.58316,13.256989,8.0254740403198,12.622471,4.0128317,1.2001576942571752,1.7375096,0.36163896
2013-12-13 09:00:00,14.593625995866887,17.362762,12.972137,8.16552152579612,12.483633,5.219821,0.9068612689720907,2.7157862,0.24011637
2013-12-14 09:00:00,13.55792428023392,15.613251,10.513641,11.123514512992582,13.00402,9.094916,2.0713606674341887,3.3421385,0.26530465
2013-12-15 09:00:00,16.27373284940421,18.163818,13.741943,10.305458815094354,13.04998,7.7413864,1.9094889129996289,2.849837,0.14616235
2013-12-16 09:00:00,16.833740456492762,18.395111,14.87558,8.964209010091393,13.282265,4.9234056,2.1895606600627624,3.5260012,0.39192334
2013-12-17 09:00:00,20.49038147341878,22.52127,18.767365,12.628166022236982,13.552181,11.778744,1.6907361830124685,2.4305334,0.39147088
2013-12-18 09:00:00,20.384656372205086,23.411896,16.419708,13.835321826400682,17.071968,12.255562,0.8079960727397896,1.5613741,0.10246432
2013-12-19 09:00:00,13.724361738888433,16.792267,11.827423,18.16340044550559,34.583687,9.211338,2.8158338682433053,3.753969,1.4489049
2013-12-20 09:00:00,11.921245575699743,13.889069,8.303131,30.622109345547074,66.25061,14.83703,2.1376461452695397,3.3117132,0.90782994
2013-12-21 09:00:00,12.503105825616899,14.51062,9.903046,19.35820982766276,31.412933,13.162375,1.4434324249018908,2.994233,0.33775264
2013-12-22 09:00:00,14.14715321002916,16.339233,11.932983,28.237127135590327,33.61837,21.079306,0.9293633968564592,1.4844897,0.07172683
2013-12-23 09:00:00,15.611921038806429,17.094574,13.563324,26.000379328902532,32.35738,21.905645,0.9010692798162597,1.3737661,0.29171994
2013-12-24 09:00:00,16.75255927026302,18.753082,15.069489,15.943494424988868,22.348007,11.906601,1.8038269003843808,2.7191894,0.5253714
2013-12-25 09:00:00,18.428709346955145,20.025726,16.281586,12.014899746673212,14.24395,9.240879,2.1207438588342113,3.2120757,0.37048346
2013-12-26 09:00:00,20.287763802893494,21.71054,18.657806,7.947953666594885,9.541069,6.4551315,1.7445163919489017,2.439013,0.3658995
2013-12-27 09:00:00,19.691294056460833,21.692902,18.149933,5.64919431971712,7.663291,4.071746,1.7849452982046867,2.4754586,0.45901605
2013-12-28 09:00:00,18.89903800698596,20.88504,16.844025,5.215505084598396,7.591898,3.1426792,1.509522232809031,2.235088,0.20919602
2013-12-29 09:00:00,16.49379264451568,17.952484,14.641937,8.704731439792884,11.623104,7.044979,2.187690836543857,3.2017567,0.41620734
2013-12-30 09:00:00,19.350933229832435,21.549835,17.293976,9.168041985495954,10.703828,6.615182,0.7507151361923674,1.2160927,0.20268717
2013-12-31 09:00:00,18.139464864784486,20.17453,15.846405,8.71418481089855,10.1217575,7.8827114,0.5047358419920545,1.2064829,0.027632043
2014-01-01 09:00:00,17.103752108353603,19.103241,15.304413,7.056989709802758,8.781267,5.1411643,1.408877263949617,1.9424099,0.10703985
2014-01-02 09:00:00,17.15464959446024,18.482452,15.47464,11.645211124380973,16.293598,9.740332,1.4469670788634212,1.9139094,0.16855963
2014-01-03 09:00:00,18.973974546821296,20.390106,16.216278,13.814865087166044,16.641489,11.327462,1.1655406976828906,1.5503398,0.30723763
2014-01-04 09:00:00,17.445591308216194,18.865753,15.416534,20.935690262625975,26.202286,16.506973,0.9336670552721201,1.3634558,0.07548872
2014-01-05 09:00:00,17.065072340774805,18.544983,14.789124,21.88831537489632,27.748829,12.438967,1.3851162098979255,2.0670254,0.36862457
2014-01-06 09:00:00,18.952983129610175,20.42453,16.276093,13.034545497065986,17.799202,8.728954,0.9445353944708712,1.6118612,0.10056192
2014-01-07 09:00:00,18.031573067104887,19.519318,15.732208,9.655126985215798,11.255901,7.8743134,1.053594639370506,2.152527,0.15617403
2014-01-08 09:00:00,15.755125952856986,16.602661,14.151489,22.49310694471775,35.86232,15.985799,1.2726094082317083,2.4476948,0.30982012
2014-01-09 09:00:00,15.024421052771118,16.533417,12.832245,22.590646310582084,32.77282,12.609725,2.1373742008252767,4.011787,1.0380712
2014-01-10 09:00:00,14.947115294387004,17.191742,11.389008,20.41556978918387,37.200935,14.407966,2.332841187102296,4.017193,0.7073131
2014-01-11 09:00:00,16.346548733728298,18.653961,13.923492,24.26872970203367,30.362438,19.015392,1.93943394108123,3.6867743,0.24430166
2014-01-12 09:00:00,16.80766976830955,18.132233,14.710358,15.703430387432272,30.513958,7.06322,2.4215563701582594,4.456448,1.0401812
2014-01-13 09:00:00,14.086521721051156,17.141022,10.642975,13.188237599905635,15.2181015,11.35482,3.154054187498569,4.7863307,0.9833225
2014-01-14 09:00:00,19.016282097821772,21.034332,16.534332,9.465684000592892,12.9407425,7.9131804,2.3277552028202155,3.6757119,0.49902567
2014-01-15 09:00:00,20.38452009424833,22.759186,18.122467,7.824418276807936,11.333424,5.475643,2.1619351238827993,3.2571046,0.39150313
2014-01-16 09:00:00,22.16147170831789,24.391998,19.815826,10.457264160077552,12.107901,7.865055,1.8496278214974105,2.5203888,0.39070177
2014-01-17 09:00:00,23.059620800197706,25.065338,20.795807,6.867063983116761,8.36603,5.583684,1.8401030116378378,2.7952013,0.59314436
2014-01-18 09:00:00,22.681152018860132,24.743927,18.945099,9.061859737962104,10.801882,8.102663,1.4829763089482126,2.0659368,0.25472403
2014-01-19 09:00:00,21.26985151783049,22.97818,18.517242,8.547139979608994,9.808739,7.687645,1.362222137651435,1.8533931,0.4402083
2014-01-20 09:00:00,19.82433091677717,20.86728,17.07431,9.389896498603733,11.902438,8.453219,0.5669085521703021,1.023654,0.038543686
2014-01-21 09:00:00,20.066235780422858,22.045563,16.258453,9.275079340713189,11.33185,7.08185,1.1165561549350096,1.6794953,0.03137515
2014-01-22 09:00:00,18.456983444956563,20.219635,16.02237,4.433354934371417,7.744293,1.9596806,1.6607241515990747,2.4726348,0.20671771
2014-01-23 09:00:00,18.84670800346015,21.266205,16.217377,3.0876863049016783,5.355684,1.8270874,0.8207118684270456,1.187252,0.3991055
2014-01-24 09:00:00,16.900225226536065,22.123718,13.91864,14.044163955464592,15.743846,11.263377,1.8639950745993719,3.8798313,0.8774724
2014-01-25 09:00:00,17.98635785798473,21.415863,14.785004,18.964698384298607,20.953735,15.840454,0.736187644333966,1.3913496,0.07392363
2014-01-26 09:00:00,20.1495257307148,22.157074,17.127777,21.402646899030838,24.689644,16.935154,0.28577696457154933,0.57602406,0.10449209
2014-01-27 09:00:00,16.4791273375331,19.26361,14.453064,24.756023304235647,27.194004,21.756504,1.0120002074909873,1.8321828,0.29249835
2014-01-28 09:00:00,18.23932863904554,20.756866,15.809601,23.209031270145626,25.089165,21.217594,1.6130527900569875,3.026208,0.56373036
2014-01-29 09:00:00,19.002759917495496,22.358246,15.619965,52.144775109072555,56.602077,45.947105,1.9742391896689357,3.4810581,0.43595365
2014-01-30 09:00:00,19.23219940536501,22.322418,17.078278,35.14517298018502,46.77157,22.896568,1.035460429829578,2.9117153,0.15263759
2014-01-31 09:00:00,13.699695870333073,15.636688,12.011688,63.46805222789332,77.80823,46.90444,2.5434241572489467,3.966398,1.3659897
2014-02-01 09:00:00,14.350526769578437,16.264526,10.184448,36.087973235034305,56.71072,19.997265,2.5462988624776064,3.72284,1.5182543
2014-02-02 09:00:00,13.445564023010945,15.440796,10.038452,25.100998306438385,36.775566,15.218876,1.3078841862725465,2.1195757,0.6229379
2014-02-03 09:00:00,9.845876510477638,11.538513,7.614685,77.95954388310011,93.800835,66.56255,0.9791221044196171,2.248768,0.36684152
2014-02-04 09:00:00,12.221443406253627,14.274078,8.0729065,32.752846933298734,51.2301,14.261348,2.172030753588292,3.8883128,0.8070712
2014-02-05 09:00:00,11.873895473688776,13.23407,9.179382,13.533514489443148,31.516994,6.8451195,1.8924520363906423,3.6584349,0.7973401
2014-02-06 09:00:00,12.986084556956598,14.359436,11.015686,15.858239310807155,29.567131,5.20175,0.7928060983468356,1.1873658,0.23406662
2014-02-07 09:00:00,11.458700314514033,12.943909,9.907166,40.28553030717041,52.19155,27.668114,1.48346290244327,2.294108,0.5981772
2014-02-08 09:00:00,13.12990139793527,14.234436,12.097717,44.2133821614885,66.583015,20.386496,1.7220360782325765,3.0061586,0.26414084
2014-02-09 09:00:00,14.79927461630649,16.64569,13.698425,34.89964898525125,46.566513,19.855576,1.6684411443802607,2.4806955,0.6754836
2014-02-10 09:00:00,16.012849851796943,18.707489,14.533661,49.14337935608702,66.29594,26.84417,1.8678167408977948,3.28841,1.0618769
2014-02-11 09:00:00,16.974607813090017,18.760132,13.791382,10.583314338689432,33.717045,4.7365746,2.3852022063587492,4.228585,1.2194582
2014-02-12 09:00:00,17.37329438990156,19.535614,15.269989,3.538255938357073,18.020903,-3.2447224,2.2160276418465146,3.6166677,0.67560756
2014-02-13 09:00:00,19.63303712934936,21.284393,16.866425,10.323784852769817,22.538591,1.2823558,2.0275024416418512,3.295896,0.6798079
2014-02-14 09:00:00,20.543815362344446,22.943024,16.808258,9.452206480851222,19.82748,0.8516207,1.620425926212623,3.053022,0.6464445
2014-02-15 09:00:00,21.376392559879037,24.225891,16.247375,4.412677508013292,7.0377483,0.692956,0.8657451449612654,2.6215212,0.1276459
2014-02-16 09:00:00,18.19267603724296,23.338104,13.966034,16.17481477451913,19.966347,9.57823,1.094196054136037,3.1324608,0.08346951
2014-02-17 09:00:00,18.779181477224085,21.193024,16.464508,14.379308935348982,21.481655,9.607759,1.8750507566250894,2.7542794,0.7214557
2014-02-18 09:00:00,18.31136027328597,20.843079,15.210266,11.061966005168552,30.59541,3.9860334,2.2763084693706572,3.6204805,1.4600589
2014-02-19 09:00:00,17.77563475270813,20.499664,15.337555,15.98006957503921,29.232899,11.018054,2.5524401642538916,4.2570133,1.1359167
2014-02-20 09:00:00,17.981157872921415,20.623932,15.100494,12.72652321722074,26.947363,5.748392,3.1110223694025674,4.476325,1.3815817
2014-02-21 09:00:00,17.897513585881825,19.856415,16.20993,15.202582844445647,25.143145,10.854082,2.5944702230276544,4.2707615,0.7836994
2014-02-22 09:00:00,19.709347727467957,22.628265,16.546234,24.486421600594614,28.038565,16.569057,2.0905077704803543,3.2768111,0.97645175
2014-02-23 09:00:00,19.291967997889117,21.848236,16.330658,31.690477013260168,38.99412,26.576153,1.491562034161043,2.0307817,0.8016901
2014-02-24 09:00:00,19.41095137530857,22.998688,14.584625,30.587828926569756,34.709328,26.349758,0.3528978642467832,1.0130867,0.022672294
2014-02-25 09:00:00,19.639278008315046,23.747925,14.661987,23.271732038035537,33.78676,18.809706,1.2216981411034173,1.7899271,0.21461053
2014-02-26 09:00:00,16.44582170079235,22.77414,13.202972,27.207628219547637,38.250477,19.787598,2.620921481934345,3.4584951,1.2909602
2014-02-27 09:00:00,15.24441414869949,17.995972,14.337555,70.13909884816225,80.38663,49.052917,3.838448433470272,4.493846,2.388428
2014-02-28 09:00:00,17.51231824855347,19.854156,15.258453,32.47480459359956,50.930344,18.246067,5.011115965646166,7.2293043,2.317896
2014-03-01 09:00:00,12.983451899451211,13.913269,11.130066,84.89122023693936,91.51233,73.141235,5.365177147206474,7.4297338,2.3062353
2014-03-02 09:00:00,12.666149917762198,13.761993,11.186096,86.85873005675506,92.242455,79.11135,3.662399716863565,4.6205697,1.8756913
2014-03-03 09:00:00,13.778215839421591,15.075775,12.702728,50.613401896775976,61.12652,42.437088,0.6765887167188824,1.5890715,0.08532069
2014-03-04 09:00:00,15.883580598506569,17.54007,14.198273,46.46448278242942,66.57624,28.938213,1.4137696832353617,2.8098984,0.6985512
2014-03-05 09:00:00,17.074847740806604,19.311005,14.803192,33.701816529830836,42.56142,24.950006,1.3335914782565956,2.6340234,0.3714817
2014-03-06 09:00:00,18.30192117679843,20.88205,15.81369,34.61289656985394,53.564484,10.6606865,1.299560308726612,2.6419845,0.5573701
2014-03-07 09:00:00,18.964623231710448,22.066498,15.748138,30.61065472029952,55.718246,16.167465,2.787709187728662,4.372945,2.0880995
2014-03-08 09:00:00,18.18179545809187,20.963043,14.935699,14.93894667856245,22.834215,7.9618998,2.3598278582353682,3.5633264,0.6896462
2014-03-09 09:00:00,21.763925497314233,23.901947,18.499603,11.051944146074499,15.076556,7.1312437,0.8897224546942459,1.3073312,0.502704
2014-03-10 09:00:00,21.842841080627295,24.83197,18.41986,10.455833306465387,21.945768,5.0694475,0.8472083624298995,1.5943445,0.10114924
2014-03-11 09:00:00,19.58599857898315,21.402985,17.338531,5.887361245438877,20.254963,2.1221495,2.8207554225447913,3.900148,1.8108417
2014-03-12 09:00:00,19.84747512114228,21.713043,17.8107,15.45924367531617,20.874737,7.503644,2.5614761892527342,3.4995806,1.3493948
2014-03-13 09:00:00,19.877564312844356,21.763031,17.131714,21.527065973643968,23.883968,16.032406,2.042135794243646,2.8100364,0.56716216
2014-03-14 09:00:00,21.56879198906165,24.276276,18.651276,10.585955850002513,15.24269,5.457534,1.5530025479766114,2.9452164,0.28040916
2014-03-15 09:00:00,21.181614921551557,24.501862,17.285065,11.184574545228138,17.31832,6.1620693,2.173331145136653,2.9968927,1.6450492
2014-03-16 09:00:00,23.558032558121965,26.080841,19.729279,5.675321009459842,10.107029,3.0545826,1.9121441080865913,2.5012355,1.0300685
2014-03-17 09:00:00,24.462789370632436,27.321442,19.561676,9.900634446040804,28.046703,4.0438137,2.173755390793305,3.8147166,1.5075308
2014-03-18 09:00:00,19.47421718840701,22.298492,15.691071,16.72641920526507,22.961693,9.61074,2.7184741356310957,3.4653137,1.8101139
2014-03-19 09:00:00,20.072642233171962,22.747467,16.669342,19.86485926097968,28.80047,11.89422,0.7884721575320399,1.2972578,0.15010828
2014-03-20 09:00:00,21.206557707253864,24.632965,16.761871,18.44161473938706,22.465948,10.829447,0.91290089116616,1.6474496,0.5323996
2014-03-21 09:00:00,20.24599542715282,24.970612,14.859283,22.596803942556573,28.259247,14.929771,2.1927569488156817,2.85826,1.1393746
2014-03-22 09:00:00,16.4065502038045,21.386627,12.900299,15.924562177108607,29.713402,8.0063715,1.992935165381508,3.0117493,1.035633
2014-03-23 09:00:00,18.876659847076894,23.634552,13.775177,28.194711874910148,34.007202,21.775036,1.0947602667712204,2.224585,0.47147864
2014-03-24 09:00:00,19.852759957551143,24.808258,14.781891,15.014950380182695,23.537697,8.659594,1.2351567627146156,1.9466689,0.6053246
2014-03-25 09:00:00,22.225031984674104,27.272247,15.28006,15.290646039189728,21.051723,5.889265,1.4483806315416092,2.8447437,0.7292595
2014-03-26 09:00:00,17.681130867791524,21.297363,14.541504,59.38927443262693,74.08657,29.454796,3.8397415776553596,4.8329463,3.1560583
2014-03-27 09:00:00,14.03273067400653,15.042114,11.786255,61.138265267638666,72.2734,54.485878,2.5838884469416046,3.0156362,2.0262551
2014-03-28 09:00:00,16.491423073844658,18.955475,14.9711,57.11535515091246,64.39014,46.382324,1.7981741186233209,3.1995351,1.0255294
2014-03-29 09:00:00,19.275580780520727,22.364166,16.012604,36.22494644490665,41.621323,29.67566,1.6105542507642003,3.5365114,0.24963887
2014-03-30 09:00:00,17.415285094641604,21.407135,14.932526,50.60511894887185,68.68667,34.389816,2.5676050025826855,3.7101047,1.4145161
2014-03-31 09:00:00,15.344886829159009,18.5065,13.535797,39.51878768370201,60.00161,16.564,1.8201383377467582,3.4575844,0.2189468
2014-04-01 09:00:00,12.192881105739502,13.669586,11.23941,65.49169818137032,73.10315,60.474247,3.2926943000358087,4.225103,2.0398297
2014-04-02 09:00:00,12.262067768933377,13.244537,10.416412,75.4301106290376,85.80228,59.561066,3.001008891331591,3.6857119,2.0312684
2014-04-03 09:00:00,14.245783754855324,16.153229,11.576569,36.417219465235526,47.120937,29.730314,1.1936648949661044,2.1242266,0.37334627
2014-04-04 09:00:00,15.04238784404896,18.00943,12.794586,23.5946574998533,57.482124,10.376655,2.1874436249881657,2.6817043,1.2518926
2014-04-05 09:00:00,14.45006033242521,15.832428,12.381256,53.62771999574273,71.30397,40.034435,3.0533563282485336,4.686303,2.0443296
2014-04-06 09:00:00,17.58536328781497,19.920563,14.699371,32.935041930209,38.940605,25.98748,2.568879131883928,3.7860942,1.1593413
2014-04-07 09:00:00,21.991928020689784,24.275543,18.33194,17.49687164268002,20.364548,14.447959,1.8269210423716324,2.625164,1.1530699
2014-04-08 09:00:00,25.782104730669914,30.444,19.09439,15.047241898200273,20.66778,7.9880924,0.6950602900492914,1.1597773,0.21620736
2014-04-09 09:00:00,23.629270776599697,29.493073,17.64151,9.129014471508551,16.35623,5.140424,1.0480347033954416,1.9994485,0.40151632
2014-04-10 09:00:00,23.02245303190068,29.137604,16.739166,9.678022344982521,15.05045,3.9042768,1.1115959446432349,2.0348568,0.31219348
2014-04-11 09:00:00,21.989223914524416,28.24405,15.495514,4.826332104370031,11.70718,1.6929741,1.2551489414084582,1.9541053,0.6168543
2014-04-12 09:00:00,19.95062078866698,25.899078,14.152985,10.082007993949578,11.412165,8.470758,2.5564210783212276,3.5690575,1.5825937
2014-04-13 09:00:00,18.590430852898123,24.371246,13.730621,23.55154238660388,37.932106,9.416273,1.728735735083542,3.2977178,0.9498153
2014-04-14 09:00:00,20.648713097352015,26.420563,14.681061,15.5355331306981,24.894066,9.51516,1.0555594750159956,2.4512475,0.12318179
2014-04-15 09:00:00,23.02769282831656,28.28238,17.218414,19.83175960262794,26.573685,6.8906746,1.5012386170782757,2.41024,0.8804216
2014-04-16 09:00:00,22.939752873300336,27.982574,17.412262,13.630089805713718,22.276745,7.423135,1.6365569244537421,3.2493641,0.60993445
2014-04-17 09:00:00,23.590821329497544,28.332672,17.479156,21.31417247577239,25.818836,15.623525,1.0499076061784554,1.5227191,0.7747726
2014-04-18 09:00:00,19.540481902511942,25.365631,14.400787,37.28973681874928,50.097248,32.33553,1.7567195801161344,2.457123,0.96023923
2014-04-19 09:00:00,19.446857908950278,24.815826,15.00235,52.54144234004102,55.877293,45.860962,1.6149235360535439,2.5855904,0.8349671
2014-04-20 09:00:00,22.873987860636646,27.351715,18.031403,17.32295830170003,24.99585,6.2614746,1.9892569580532453,3.4656541,1.2468915
2014-04-21 09:00:00,24.619112405399676,28.009918,18.506012,18.508556313989914,21.746395,10.608053,1.386533998350678,2.2314682,0.71113646
2014-04-22 09:00:00,22.857894033678917,28.46988,15.971832,6.6746981652234805,13.252693,4.0821424,2.571563464636667,4.168673,1.8137213
2014-04-23 09:00:00,18.61737486273563,21.204254,15.008453,24.593940482021164,36.615757,10.553259,3.4712969974060184,5.2634373,2.4081125
2014-04-24 09:00:00,19.91304596046615,22.686432,17.008698,28.40535571662351,36.45373,17.642666,2.870089177720239,4.4217715,1.8210694
2014-04-25 09:00:00,21.85359984659766,25.804352,16.376617,33.138477876035616,45.138935,19.189716,2.6844067814851282,4.659198,0.6868646
2014-04-26 09:00:00,13.364538760372398,14.538239,11.897614,73.13120930290577,80.065895,45.108864,3.7188018361692823,5.390904,2.9795172
2014-04-27 09:00:00,17.27790544052999,20.42276,14.917389,37.75848765068554,56.937042,7.2104816,2.9674103095069615,4.836094,1.7510339
2014-04-28 09:00:00,19.31215759898879,23.230621,15.830719,23.63631836494777,41.499344,7.7499466,2.389586402847215,3.469745,1.6591525
2014-04-29 09:00:00,23.208756812378056,25.863922,20.189606,20.705325410389463,28.278015,15.967156,3.1353173368383316,4.194836,1.6372988
2014-04-30 09:00:00,28.466263125465275,31.146881,24.165436,11.341765796872245,15.845675,8.173991,1.6627078157056874,3.0291252,0.8318405
2014-05-01 09:00:00,27.662657368209636,30.471588,22.096588,11.413322183226134,15.10632,5.8914766,0.8492903153766148,1.9293373,0.23506862
2014-05-02 09:00:00,30.218946583562,35.387115,24.13321,5.917891924693718,10.153046,3.8417206,1.6962607613455876,2.1398675,1.3124584
2014-05-03 09:00:00,29.27940626861016,33.1232,23.246246,5.9126515516707645,11.251194,0.657444,2.1569552875023676,4.0226617,1.0932316
2014-05-04 09:00:00,23.97428242288254,30.058258,17.892242,4.932547626624745,14.007539,2.011445,1.91242610173349,4.063617,0.66689634
2014-05-05 09:00:00,22.825965659739154,27.557526,16.276276,23.564261139818612,31.146803,12.308739,2.4664042399658204,4.64784,1.125592
2014-05-06 09:00:00,18.7879617639789,22.968658,14.351471,36.15283620837713,51.63955,8.901267,4.299459790063583,6.1611996,2.7105596
2014-05-07 09:00:00,16.579986803273925,18.953766,13.576813,34.9150805000413,52.047943,18.016693,2.961255439367687,5.2972636,1.4089829
2014-05-08 09:00:00,18.985642980592047,21.667633,15.470123,29.327334322791277,41.566307,10.612039,2.7110311075134557,4.521492,1.7685997
2014-05-09 09:00:00,20.853561559321577,24.932281,16.707428,41.11092316622494,49.407257,32.04993,2.4508698674684957,3.9164686,1.6087809
2014-05-10 09:00:00,22.314829815096573,26.602692,16.299713,13.916838245981799,35.70152,3.3030825,3.3772508859818036,5.5542135,2.1531363
2014-05-11 09:00:00,21.14860973415614,23.690582,17.456696,13.542961758172202,22.530308,2.721715,4.092242481719372,5.3721943,3.112409
2014-05-12 09:00:00,24.668574191115226,27.549225,20.713287,13.205838310097194,15.410095,11.259584,2.169932872068674,2.909875,1.3311981
2014-05-13 09:00:00,28.737234627275427,30.929108,23.857819,12.450871229910437,13.987676,11.050176,0.8555266050975235,1.7280257,0.17297308
2014-05-14 09:00:00,30.525196084087895,34.05948,25.94815,10.073029858254174,11.445311,8.413562,0.8411215380240793,1.7848047,0.30594295
2014-05-15 09:00:00,33.2802284138437,36.582428,27.482819,9.547683209669986,10.586359,8.516047,1.9372527301268345,3.012129,1.2225358
2014-05-16 09:00:00,32.553879766682826,36.435944,23.93399,12.547977805223317,14.52249,10.135771,1.4948659263964355,3.327501,0.4250525
2014-05-17 09:00:00,28.19797508756119,33.483307,20.487213,7.800862456430864,10.508347,3.706603,2.3330868643504092,4.6390867,0.7521152
2014-05-18 09:00:00,25.49988710581215,31.412018,17.85611,12.007962879240308,19.321053,4.793995,2.9106691857658076,5.117196,1.7522501
2014-05-19 09:00:00,22.877727346863026,27.885406,16.643219,24.037275666927915,40.97148,9.757598,3.1686413906566893,5.119421,1.9240055
2014-05-20 09:00:00,19.99377899329886,24.203522,15.213287,34.970348357326145,43.288136,27.092623,3.5273040524296944,4.5000396,2.2508156
2014-05-21 09:00:00,18.0746898887719,21.404938,14.674469,55.79148192603651,58.6894,51.736275,2.686378230602783,3.8994446,1.9771022
2014-05-22 09:00:00,18.738061397559022,22.978424,14.751129,49.71888912658919,55.448353,42.168945,1.9160507328811907,3.452534,0.5175185
2014-05-23 09:00:00,21.234242612087087,24.972076,15.741364,44.4603748350213,47.94751,40.491947,1.6549804292633565,2.5804508,0.5731789
2014-05-24 09:00:00,22.66212458965782,28.8544,16.124176,20.291939214053837,30.12124,13.293116,2.321923157356299,2.8929324,1.7360742
2014-05-25 09:00:00,24.554986185320786,30.69693,17.236969,30.921352402991786,35.039604,23.856012,1.6430427192228019,2.5105717,0.8998476
2014-05-26 09:00:00,28.018261758066956,34.553864,19.03775,15.421409461312845,26.5083,3.8380508,1.7058907137769048,2.996262,0.7464417
2014-05-27 09:00:00,30.117229247101307,36.45157,20.565826,12.698745267452331,15.317271,8.113232,1.6600763381143435,3.8517208,0.56485325
2014-05-28 09:00:00,28.113940980596738,34.176178,20.879059,11.277352556574819,14.325718,7.9299936,2.2867810972313,4.41144,1.6206576
2014-05-29 09:00:00,26.52554349395399,29.74112,20.993073,5.326583974907425,10.890359,3.0329514,2.210634155595524,2.8702633,1.5792494
2014-05-30 09:00:00,25.56451686330348,30.498444,18.299225,5.213150268008582,10.442652,0.5051521,1.4686432212301566,2.69469,0.72100407
2014-05-31 09:00:00,24.63841988668105,30.76529,17.360992,3.410341974608392,8.900173,1.3820648,2.0929558113005764,4.0781016,1.1093241
2014-06-01 09:00:00,24.131238572111442,30.132477,16.908844,10.157910660523857,14.384877,5.443471,1.4253772939901028,3.3073025,0.6127486
2014-06-02 09:00:00,23.98389067115363,30.699127,15.933502,5.0534927469070094,12.254239,2.4240532,2.2161693945736727,3.0022151,0.9208651
2014-06-03 09:00:00,21.314259686246885,28.596588,15.737213,5.939153619399288,12.030839,2.8926678,2.1746391623411716,3.4139206,0.9146662
2014-06-04 09:00:00,23.358234204945973,29.862946,16.381012,8.23008418119697,21.636932,1.1799002,1.5636276388751225,3.2844324,0.70052403
2014-06-05 09:00:00,25.82455748658731,33.060944,17.609283,18.36637424971589,22.763336,12.554853,1.7684690326427261,2.8928046,0.6697333
2014-06-06 09:00:00,25.211647560308336,33.22818,16.544586,8.07739463810423,16.406916,3.7952518,2.170134514979547,3.2114995,1.4709015
2014-06-07 09:00:00,24.174970304358624,32.63199,15.442535,7.811840313144204,13.71263,4.001693,1.9286148911718382,2.6754467,1.5032758
2014-06-08 09:00:00,26.986050513971463,34.2565,17.774078,15.496834108524318,20.01398,8.894624,1.5206937234378655,3.0450988,0.5473592
2014-06-09 09:00:00,28.817364720593673,37.758453,18.105133,15.099339157739637,18.54078,8.492602,1.562773757792821,2.2228172,0.66960716
2014-06-10 09:00:00,27.246843519720187,36.963776,17.676666,5.405427986559454,12.375653,1.7975283,2.0053736618002245,3.3732057,0.8722483
2014-06-11 09:00:00,23.504797336037257,32.20816,16.71988,7.908199712062605,15.700062,2.4052076,2.721944771061023,4.1278687,1.2122998
2014-06-12 09:00:00,23.811670281106274,31.996979,16.995026,17.75577808930134,26.078272,10.431277,1.989553938744223,3.0620596,1.0033423
2014-06-13 09:00:00,24.34792206899624,31.625397,17.09024,14.063959161700877,30.05482,6.34414,1.9428093659988601,2.7218704,1.4085839
2014-06-14 09:00:00,25.70507206252205,30.81607,19.490143,12.438166514507806,17.885399,6.1562834,1.553545942981951,2.6883893,0.397943
2014-06-15 09:00:00,26.124397140177564,31.350006,19.014069,10.287976931683973,16.231598,4.606597,2.4078786801676872,4.082722,1.4480788
2014-06-16 09:00:00,20.246812236896915,26.787262,15.388092,13.199015213782758,29.794083,7.42299,3.200053774957844,4.456175,2.395124
2014-06-17 09:00:00,21.180155982312954,25.565094,15.977936,15.320368771933827,31.970592,5.6582355,2.686108257529588,4.160571,2.1208067
2014-06-18 09:00:00,23.703907623022644,27.423004,18.761627,17.133299371882583,25.80935,4.6648173,1.0754842942587577,2.5547276,0.15990262
2014-06-19 09:00:00,26.330981978982095,32.042633,20.068268,15.98932263235692,18.45365,13.539587,1.1838261914671357,2.0222428,0.5630331
2014-06-20 09:00:00,27.266169575596393,32.53775,20.092438,10.245701691401926,13.807899,4.013723,1.4077671809346253,3.0352747,0.6128988
2014-06-21 09:00:00,29.661636625823746,35.087555,21.3461,12.01847264228306,15.364979,7.50951,1.4817732278793916,3.4094443,0.7143113
2014-06-22 09:00:00,27.32245145775113,33.303375,18.742828,8.595014089759257,13.989395,3.6783152,1.770923594981331,3.1873963,0.9707931
2014-06-23 09:00:00,25.89903651183755,32.838287,18.117584,10.932412975991033,16.946056,4.306244,2.2200323438730223,4.2826266,1.1916018
2014-06-24 09:00:00,27.218096948830294,32.86148,20.750885,14.928948700378044,20.133848,10.449315,1.6806533240191652,3.1914783,0.8943751
2014-06-25 09:00:00,28.23048024611336,34.731354,19.259674,22.8796848764615,29.084894,16.872438,2.9081294594893996,5.2794642,1.8343104
2014-06-26 09:00:00,27.58187219560847,33.52188,19.916412,25.747822914847273,31.707905,18.259573,2.4276550989849213,4.5857105,1.2197366
2014-06-27 09:00:00,25.590920729613856,30.1586,20.435944,27.26182558461531,35.663963,15.402245,2.486191098313545,4.5059133,1.4739022
2014-06-28 09:00:00,27.729391823676963,32.215973,21.141754,22.743426378496814,34.024933,9.964397,2.526738270738414,4.460496,1.3628347
2014-06-29 09:00:00,29.112477430843455,34.190094,22.052399,7.312073755796465,12.175382,4.174865,2.183667895666691,3.620701,1.1474631
2014-06-30 09:00:00,29.505606914124996,36.693512,19.213043,14.081791936393886,15.926241,12.160616,1.4180899913091116,2.0388756,0.60013527
2014-07-01 09:00:00,25.72431828237825,35.524567,17.891754,16.149145449284195,21.459732,11.844243,1.9472125346591325,3.0196059,0.986911
2014-07-02 09:00:00,25.85544159480895,35.90445,17.78067,12.158409958393017,21.565094,8.8406,1.9757526629713262,2.9637566,0.98562896
2014-07-03 09:00:00,25.551840979183225,34.599274,17.648102,11.550311994034967,14.477148,9.262766,1.8269495190343898,2.629854,1.0323588
2014-07-04 09:00:00,27.463109266554397,35.312897,19.05899,20.880624430474345,27.541382,14.349728,1.699734545714869,2.422356,0.6814799
2014-07-05 09:00:00,27.10706394286359,34.724762,20.136627,16.01982917118519,28.675724,9.352167,1.6289683681839962,2.7944465,0.80429596
2014-07-06 09:00:00,28.8098802439485,35.96231,20.985992,18.230020467972544,21.489916,12.400072,1.321394530038046,1.7479556,0.95846456
2014-07-07 09:00:00,29.23871237879689,36.16861,20.584625,12.449298403065878,15.57033,7.3494616,1.4297853606081599,2.0707622,0.78881127
2014-07-08 09:00:00,27.891931773377394,36.303375,18.197906,11.029702307731293,15.347,7.782834,1.4225330187699197,2.5282176,0.4644464
2014-07-09 09:00:00,26.444350330953057,35.86319,18.115143,11.162033970570144,15.261503,8.541018,1.9739699589278001,3.3040714,0.941699
2014-07-10 09:00:00,25.760475022849448,34.99893,17.707916,14.264932604543455,19.437546,8.482679,2.19319898099573,3.440252,1.0938668
2014-07-11 09:00:00,24.06664510693645,32.13028,17.81192,30.287968622625183,33.765667,25.035198,2.133689901904114,3.2871945,1.1386822
2014-07-12 09:00:00,26.02335252113329,32.15323,19.765533,31.096706600459026,36.90291,18.472252,1.7880340825577647,3.7060812,0.886465
2014-07-13 09:00:00,29.486019962240903,35.346344,21.981354,25.158513194312107,27.801119,22.855806,1.7866392021971007,3.7700336,0.293137
2014-07-14 09:00:00,31.576508122943494,37.140045,21.614655,20.96203492506921,26.447283,18.690582,1.1531916204840909,2.0047567,0.24016017
2014-07-15 09:00:00,25.142010893398265,32.135162,19.557526,31.62670347955571,38.897736,26.182892,1.6364506295121646,2.6235478,0.105195835
2014-07-16 09:00:00,25.223528002152477,33.709137,19.232574,51.53444711626646,56.055397,43.254505,2.2516669315255577,3.5000255,0.9722232
2014-07-17 09:00:00,24.99636311002655,32.308014,19.30484,55.85203284231384,60.729668,45.361412,2.211025208083892,3.3986607,1.251
2014-07-18 09:00:00,23.609478005248207,29.6857,19.064606,65.11970073625771,70.43568,55.841927,2.124049712351042,3.043104,1.3653848
2014-07-19 09:00:00,24.530401617849122,31.713287,18.580475,47.958181946235364,56.668697,37.850193,1.7535025323760822,2.763473,0.7944985
2014-07-20 09:00:00,24.4686924427117,30.505035,19.122223,41.010977253666155,48.851044,30.305,1.8826313552582874,3.1106274,0.31114206
2014-07-21 09:00:00,25.19648665443458,31.521393,20.16983,44.023891156181435,52.488132,35.89023,2.1751682555969474,3.3226714,0.8530183
2014-07-22 09:00:00,25.080834053148408,31.661285,19.823395,29.138951114942877,40.608498,21.796,2.064374299808166,2.8887136,1.1214089
2014-07-23 09:00:00,26.777175451776884,32.795807,21.22232,19.700810330758053,32.691917,10.840353,2.016297855594697,3.9371428,1.0766077
2014-07-24 09:00:00,28.665297249680975,32.328033,22.29483,18.86592416933813,26.32926,13.563635,2.541018948416066,4.6838236,1.2350049
2014-07-25 09:00:00,29.30367299014239,33.854156,22.096344,19.143235178762033,25.18077,11.458025,1.2988559208322032,3.1480088,0.30632517
2014-07-26 09:00:00,28.19014910929036,35.702057,20.76651,13.467451369431965,26.493738,4.668597,1.4580493617586883,2.2846494,0.44228512
2014-07-27 09:00:00,27.819368009576124,35.614166,20.811432,23.71617833795751,37.28966,15.1234455,1.9371788726326642,3.0362382,0.3982351
2014-07-28 09:00:00,26.873133691079204,34.43106,20.641998,34.57376259421458,56.1209,20.959541,1.7516533421926588,3.2271612,0.86264217
2014-07-29 09:00:00,27.853521179480595,32.27896,21.741852,42.3104608184644,48.86715,36.201214,0.896369283228226,2.4568527,0.06611751
2014-07-30 09:00:00,29.24874747968937,35.47281,21.808746,37.121882580529245,46.596626,29.413034,1.3809345992280373,3.2023187,0.47556087
2014-07-31 09:00:00,28.765673967402677,35.06485,20.045319,28.357118642564256,33.718212,21.282911,1.4377647481023008,3.634341,0.5048628
2014-08-01 09:00:00,29.45916970766143,36.777496,20.726715,15.549248302605033,21.386568,11.644381,1.4638894089946752,2.8069203,0.9038779
2014-08-02 09:00:00,28.465898300406423,37.491364,19.09488,14.802009540561844,19.038696,12.46057,1.4677268512372958,2.547444,0.84811985
2014-08-03 09:00:00,27.000075224334353,34.416656,19.147858,17.489968282696786,25.421532,13.435778,1.6327112217060185,2.4599345,0.9068382
2014-08-04 09:00:00,24.29960669902573,28.610016,19.12564,16.408834191410584,29.14926,12.356907,2.1163337268614666,2.9916677,0.7012611
2014-08-05 09:00:00,24.486466348668728,31.661041,17.995026,12.780471161931363,24.581568,7.109227,1.5685329668006154,2.3489552,0.9395298
2014-08-06 09:00:00,26.13937911423818,32.90616,18.906158,25.562945425829255,36.58802,13.7950535,1.9033047973370085,2.873004,1.4139186
2014-08-07 09:00:00,25.22690245670799,31.090729,19.245026,30.047766924527494,36.40533,25.319393,1.8317097245158676,2.3241928,1.421018
2014-08-08 09:00:00,26.234982804385538,33.630768,19.685455,28.155240589538728,37.30017,19.19835,1.8615887092967258,2.3743713,0.9855265
2014-08-09 09:00:00,26.581920850052086,34.16031,19.36734,21.752640082244355,28.858488,16.506926,1.7928078220585577,2.6129127,0.8614919
2014-08-10 09:00:00,26.265227011889237,33.55948,19.14737,13.96223504037016,20.220177,11.37252,2.0670322566127757,2.8621514,0.8638819
2014-08-11 09:00:00,26.984605775442162,33.32315,20.01065,20.95578903198394,27.912884,15.502854,1.6065820750154598,2.6755073,0.1331584
2014-08-12 09:00:00,26.115660034884968,34.13272,19.74942,25.679045272702556,37.311676,10.961973,1.88540767112627,2.8825827,0.7483421
2014-08-13 09:00:00,26.353806350291904,33.89322,19.815094,24.62010566329653,42.478493,3.4365501,1.9176940763560437,2.9569476,0.454507
2014-08-14 09:00:00,25.902151984953036,32.10147,19.0878,26.867636569687527,36.78253,15.315398,1.6543433966272874,2.7946587,0.62794906
2014-08-15 09:00:00,26.14493423346829,32.632233,19.927399,11.223878430182804,15.251881,7.619068,1.5387888411553923,2.5966187,0.098195225
2014-08-16 09:00:00,26.42729048812606,33.720856,19.777496,9.94001859932936,19.215908,2.714857,1.31539366742519,2.1962137,0.5696655
2014-08-17 09:00:00,28.092647169159818,35.3356,20.380524,9.107085065640161,16.570576,3.2863712,1.4272974193730004,2.8023376,0.6388057
2014-08-18 09:00:00,29.370559712986505,35.44107,20.726227,10.951313362854215,18.13438,4.4944334,1.6096161820275474,3.1970062,0.52644056
2014-08-19 09:00:00,26.937667181941265,34.50357,19.351227,13.456052642542367,18.170486,8.514786,2.387804948700164,3.2395277,1.1281712
2014-08-20 09:00:00,23.329395044085686,29.095367,18.15982,16.520969587475328,36.22303,9.498099,1.8820608513458028,2.967207,0.83684134
2014-08-21 09:00:00,25.115956395577882,31.095612,19.71402,31.189028486206528,43.47873,23.012602,1.3532299773715795,1.8539695,0.75847614
2014-08-22 09:00:00,26.438483754446793,32.245514,20.39981,26.360808131971663,35.4604,20.153702,1.681073050308538,2.0643308,1.2182429
2014-08-23 09:00:00,25.32737987821747,31.567291,19.621979,28.66596171876201,32.750645,24.977207,2.101472228352339,3.3703985,0.8872529
2014-08-24 09:00:00,24.753030321121514,31.197906,18.801422,27.217595938900175,37.608326,14.987185,1.6268029371801411,2.6857975,0.5769313
2014-08-25 09:00:00,24.441526232482488,31.280426,18.90152,8.381821864007502,22.445143,2.0640717,1.8986475643428349,3.0678327,0.48753735
2014-08-26 09:00:00,23.350529701671235,30.809479,18.155182,9.40857536977626,20.117836,3.5670547,1.3976266639401478,2.1489105,0.09255915
2014-08-27 09:00:00,26.485987415379896,31.745758,20.495758,21.92748032227891,27.448938,14.011438,1.0985593519750356,1.7025927,0.56342196
2014-08-28 09:00:00,27.65604297344953,33.606842,21.794342,14.543719522953234,35.56388,1.2943497,1.303592810866304,2.10885,0.8133166
2014-08-29 09:00:00,27.609350502233326,34.36856,20.352936,7.841311228646286,16.664837,3.133586,1.3591153150022952,2.995738,0.40803257
2014-08-30 09:00:00,30.032385547777608,35.601715,22.97232,12.274065971744726,21.08482,8.464987,1.4558556989788638,2.6261804,0.61185
2014-08-31 09:00:00,30.98745121589377,35.43692,24.540436,14.590892515267301,17.414986,11.461885,2.2739831413891918,4.200463,1.4228892
2014-09-01 09:00:00,28.95865367727606,33.681305,22.00357,16.901316278476553,21.14497,12.523877,1.6914520589575057,3.2843213,0.6891789
2014-09-02 09:00:00,27.95737834391923,34.65982,20.12857,23.671382436770692,27.729485,19.011856,1.3422122620163688,1.8782399,0.691728
2014-09-03 09:00:00,26.879926880745586,34.14151,19.8544,15.30225761975411,25.514235,5.971266,1.9687383343151312,2.8926697,0.83160144
2014-09-04 09:00:00,24.767954567586457,32.463287,18.262115,11.774807211402392,26.817684,5.2434664,1.4640019681462477,2.5573435,0.51839304
2014-09-05 09:00:00,24.94502498034126,32.75357,18.325836,15.298158755679522,26.228525,6.0984774,1.393293763081115,2.1636958,0.647301
2014-09-06 09:00:00,25.93679602985179,33.707672,18.777985,10.623612570332504,21.564814,3.8417873,1.4306668252921018,2.5231168,0.3252179
2014-09-07 09:00:00,27.256332769324672,34.23404,19.958649,10.08861439906202,15.366875,6.0861454,1.4049539905993491,3.3128932,0.39812678
2014-09-08 09:00:00,27.971904679256966,34.170074,20.660309,12.795439127127327,21.337337,1.4730139,2.080809775507152,2.971947,0.73357606
2014-09-09 09:00:00,25.52431378229204,31.025055,20.194977,12.157138070908978,35.062595,5.0714607,1.2274896010169773,3.1912687,0.343329
2014-09-10 09:00:00,27.508657151830334,31.40274,20.82071,11.172908799238728,13.49264,9.102015,1.259866197511719,2.6251261,0.2087532
2014-09-11 09:00:00,27.950739137923165,33.45108,20.298737,14.839799256773217,16.635624,11.342655,0.7249785603223162,1.9358581,0.1846108
2014-09-12 09:00:00,28.709615469747916,35.37442,20.558258,17.183552090957868,18.682747,14.390735,0.8645098397256211,2.2269905,0.026648862
2014-09-13 09:00:00,29.37780108390018,35.663727,20.16153,17.071030419721822,18.802334,14.966396,0.9737837845839032,2.6026647,0.23059021
2014-09-14 09:00:00,28.416791135896744,35.12198,20.42569,19.40055350780597,23.858704,16.475136,1.02641981595927,2.6815667,0.26235533
2014-09-15 09:00:00,29.99714776982148,35.644928,22.552887,24.939466271484786,32.05381,20.16103,1.3796216368897725,3.380291,0.55644107
2014-09-16 09:00:00,30.439811431049804,36.474274,23.683258,23.00021409043283,31.382282,17.439438,1.340327809015338,3.5006292,0.3094068
2014-09-17 09:00:00,29.629643014144733,34.1857,23.427887,19.989799421254894,27.023716,15.097735,1.6613138677636377,3.9377763,0.49208388
2014-09-18 09:00:00,27.119185574314542,33.999176,21.040192,29.97468076191113,39.96927,16.979519,1.8477507568247435,3.257255,0.90339994
2014-09-19 09:00:00,24.239499516151,29.317291,20.667633,35.84549460252165,57.907204,18.06736,1.6710639837359123,2.9067757,0.9121337
2014-09-20 09:00:00,25.358223380625702,30.195465,19.77945,49.940088339898956,56.07578,27.952818,1.5554960345949789,2.1013677,0.72842133
2014-09-21 09:00:00,24.822809383590254,30.154205,19.390533,46.507685152821566,49.296825,43.249073,1.8403595254931027,2.5406728,0.69246906
2014-09-22 09:00:00,25.126975743933656,29.876617,20.520905,42.067213998901565,49.175117,37.163944,1.311418889529442,2.827884,0.50900316
2014-09-23 09:00:00,26.30266875444778,31.146881,20.332428,34.756892292179494,45.734314,10.425718,1.037981432984134,2.1964402,0.24005482
2014-09-24 09:00:00,26.220217254901797,31.81363,19.815582,11.561243014242011,25.136211,4.50943,1.2057239593618136,2.5363042,0.39099807
2014-09-25 09:00:00,26.256237642048063,32.249176,19.756989,7.741948076538479,20.892624,4.017574,1.6044661134615408,2.4709775,0.31935838
2014-09-26 09:00:00,23.770313172618614,28.095123,20.18277,38.03633154925731,68.64084,8.71506,2.52332033279692,4.372205,1.5044624
2014-09-27 09:00:00,22.50013018520974,25.252106,19.099762,40.786724745998164,59.74737,26.098934,3.002467199889355,4.717028,1.8421052
2014-09-28 09:00:00,20.97825951467098,23.812164,17.792633,39.54364917666042,55.863514,25.887365,2.3172258204067924,3.9863517,0.63558877
2014-09-29 09:00:00,21.737010306815137,25.390045,19.141998,40.83531324464895,52.93509,16.638216,1.1838047006606602,2.171174,0.46034244
2014-09-30 09:00:00,23.344766838629994,26.247223,20.772614,27.58505742046782,38.05899,19.586336,1.9327439712555716,3.3202574,0.91142255
2014-10-01 09:00:00,25.313540927691008,28.225739,22.017242,21.689786571794897,36.65917,10.470796,1.9243124551072746,2.8399756,1.1939217
2014-10-02 09:00:00,27.81731734223257,30.054108,24.840973,12.315995359430355,18.342491,6.276085,2.0526840502468104,2.9339933,1.4130381
2014-10-03 09:00:00,30.802201062401423,33.358307,27.063873,10.08671731110424,12.089971,6.097974,1.63581118404047,2.8198528,1.2195171
2014-10-04 09:00:00,31.52467521340384,33.997467,25.749176,11.314717785887112,13.579736,9.728006,1.4089342106723677,2.1180282,0.90148455
2014-10-05 09:00:00,30.765373340150745,33.416656,26.963531,7.798627177092968,10.79055,5.442894,1.7550310260270257,2.5312812,0.89687026
2014-10-06 09:00:00,30.994771941653937,34.022858,23.489655,9.006775806338114,13.489864,6.6929893,0.7147285483779668,1.5221354,0.07315466
2014-10-07 09:00:00,28.730431339186396,33.52896,21.845367,12.338528605077677,16.698765,7.7867603,0.5801646021386366,1.1509963,0.19239166
2014-10-08 09:00:00,27.375259016812834,32.385895,21.55777,12.238445171978794,19.115677,8.4172735,0.6381377970344507,1.2699865,0.23796141
2014-10-09 09:00:00,27.336202412626506,30.871246,21.943512,18.907849935569086,20.884506,17.01494,1.5161353439089913,2.6232767,0.79619133
2014-10-10 09:00:00,26.33701327866646,30.857574,20.729889,20.20887832358372,22.129288,18.283663,1.4675877801952957,2.9887252,0.7034283
2014-10-11 09:00:00,24.471036925160547,28.005035,19.7211,24.658238543465075,28.347076,17.350983,1.5386812553190286,2.8602273,0.5945151
2014-10-12 09:00:00,26.217431726400434,28.55069,22.358063,13.238439812007556,20.513592,8.274654,1.7790114334681018,2.4720912,0.7454459
2014-10-13 09:00:00,27.956097705870036,30.359528,22.79898,8.731366632356925,12.4799595,5.1082907,1.1351994927084443,1.8152674,0.26381484
2014-10-14 09:00:00,25.840699840610398,32.101227,19.476227,11.526830936397971,14.071795,9.571795,1.8318172373344515,2.4831433,0.97526145
2014-10-15 09:00:00,21.728623640144633,29.329987,19.17154,25.35105738178934,34.163338,17.112556,2.3212047552771606,3.5479984,0.6352182
2014-10-16 09:00:00,21.744330871336274,24.149078,19.705719,43.994286214280045,52.355553,32.60946,1.2943514535580651,2.7246244,0.56409866
2014-10-17 09:00:00,21.980296469583834,24.91397,19.097565,34.25969082519347,56.53632,22.31354,1.5596315274866357,2.1370819,0.53365827
2014-10-18 09:00:00,21.405146770802617,23.276764,20.365631,33.08953964166195,48.286705,16.282726,1.2257639203624533,2.5964851,0.7693942
2014-10-19 09:00:00,22.945094526016987,25.085602,20.884186,27.284033673273225,32.07582,21.199461,1.28285588241272,2.1158345,0.51511633
2014-10-20 09:00:00,22.847272768825178,26.674225,19.076569,26.158267900193366,33.496704,20.805058,1.496773241820196,3.1120489,0.35642323
2014-10-21 09:00:00,21.82296242374241,24.977692,19.842682,22.439759795445127,51.84165,3.4105244,2.4093167036995697,4.0990796,1.4040203
2014-10-22 09:00:00,20.794616841367258,22.682037,18.066803,13.298814628877613,27.153221,8.109668,2.590715965933136,4.2240477,1.1753769
2014-10-23 09:00:00,22.539205197061676,24.176422,20.57022,18.25017931693426,22.803253,16.251175,2.012440945391073,2.8931296,0.67989737
2014-10-24 09:00:00,23.91566002282258,25.7294,20.754791,16.534126758248032,18.843918,13.1869545,0.8209363490616722,1.6812975,0.098481424
2014-10-25 09:00:00,22.78792254468044,28.25821,18.88736,15.157424389970942,23.06675,11.355361,1.714209715510043,2.8389719,0.65736717
2014-10-26 09:00:00,20.015232559455796,23.211578,18.742828,40.120759655543175,65.83282,26.54548,2.58068745721148,3.7675984,1.836266
2014-10-27 09:00:00,19.611776029947407,21.162018,15.962799,21.653454743810556,46.201023,12.997898,2.9472636221405963,4.5511384,1.588566
2014-10-28 09:00:00,19.60974576759952,21.674469,16.535797,22.377788261371172,26.317768,16.031471,2.2014488917147133,2.9144566,0.9418898
2014-10-29 09:00:00,21.90745186487453,23.296295,19.643951,19.274825998512043,21.11598,15.362499,2.0080982244752885,2.539331,0.6192633
2014-10-30 09:00:00,24.782099539427236,27.071442,19.858551,18.984992759856993,21.954628,16.89088,0.5142197207072039,0.9876097,0.006104243
2014-10-31 09:00:00,20.422062756328387,26.016754,17.298004,27.819790530239693,32.96653,19.450907,2.470176586796612,3.3778894,1.3227911
2014-11-01 09:00:00,17.364063428341694,21.569733,15.100983,71.92907134002247,77.89536,60.305523,3.126155487367277,4.6399684,1.8678299
2014-11-02 09:00:00,14.472649289267963,15.636383,11.900055,65.29788805687599,78.63838,49.410316,1.743323159788871,3.12264,0.92284036
2014-11-03 09:00:00,16.656299014717604,18.522614,12.036285,28.444014934236616,35.678684,22.768349,2.0132770204230357,2.8817792,0.8947113
2014-11-04 09:00:00,17.255562022046547,19.137115,14.52066,15.190510242664011,22.363033,10.561349,1.9768719682612783,2.804574,0.65596056
2014-11-05 09:00:00,19.224534647840755,20.630035,17.161285,12.470849309147185,17.195976,10.188163,2.3281766246900286,3.3966515,0.7043386
2014-11-06 09:00:00,23.40275380838972,25.14444,20.755768,16.689810904475237,20.425121,14.400778,1.2312605329204827,1.7941605,0.28036472
2014-11-07 09:00:00,24.079237557198212,27.065826,20.352936,16.879437636533506,20.389374,14.291718,1.3089479092295864,2.2745786,0.34763557
2014-11-08 09:00:00,21.029218427500894,22.169098,19.440582,8.894297664100508,12.4669695,4.537282,1.7976219894958212,2.5179226,0.3116509
2014-11-09 09:00:00,22.007962475471572,23.927643,18.640533,11.205105907509967,17.763683,5.340988,0.9834677814214994,1.4213626,0.09816426
2014-11-10 09:00:00,20.95048782782311,23.38443,17.437164,12.957137207439741,20.484034,8.419536,0.6364287334379447,1.2381467,0.21278176
2014-11-11 09:00:00,18.733316330093885,23.339111,15.829346,20.851565220355468,44.728424,13.077379,1.7624801331263387,2.47045,0.4011665
2014-11-12 09:00:00,16.857301204410476,19.380524,16.068329,25.741296904194858,44.005863,16.798832,1.4369163631748445,2.9001138,0.7957485
2014-11-13 09:00:00,17.65439739671575,19.361603,15.941681,26.86193507692902,46.52254,17.663836,0.6695639684597336,1.0829926,0.17838666
2014-11-14 09:00:00,17.401783278175117,18.862488,16.514832,41.962157478927374,60.528416,23.973728,1.4942100359619845,2.5524657,1.0078722
2014-11-15 09:00:00,17.596654063206756,18.91513,14.981537,25.859297070698275,47.150608,9.251435,2.0506160488632386,3.555307,0.9819657
2014-11-16 09:00:00,17.206855964924614,18.436798,14.132111,12.641361343549683,25.171421,3.6792336,2.0380533687612594,3.6189547,1.2086438
2014-11-17 09:00:00,17.109686756988594,17.785095,16.339783,4.452074339224594,8.698865,-0.35932446,1.5275095492028083,1.9373146,1.0814482
2014-11-18 09:00:00,18.63916669988447,19.421295,17.563873,7.2423049022429264,10.1119175,1.9100647,1.134986635028273,1.819795,0.6905448
2014-11-19 09:00:00,18.877061819141034,20.68985,17.68399,7.957100050343149,13.161381,2.4973183,1.8942971656400078,3.1136296,0.7119454
2014-11-20 09:00:00,16.72501302944397,19.608795,15.438873,40.76068449664486,49.51821,32.060387,0.9989103558374209,1.5247833,0.22401036
2014-11-21 09:00:00,14.519482964304245,15.710724,13.15213,56.7380107734497,74.20711,43.489796,1.1424263460951822,2.0971608,0.6825264
2014-11-22 09:00:00,15.848714332262489,17.061432,14.248932,30.304973831893314,42.857594,21.79314,1.3576854559667801,3.192239,0.42484745
2014-11-23 09:00:00,17.76258963178782,18.841217,16.011139,6.689011196109301,38.8465,1.4988441,2.575226678877493,3.8892384,1.1002775
2014-11-24 09:00:00,17.098559534892956,18.771149,14.206696,5.847188601786263,18.165688,1.0816822,2.1870358902411864,4.0378504,0.70585823
2014-11-25 09:00:00,17.744441057952542,19.761627,15.42691,10.910765329696613,12.363589,8.160901,2.2129055313654824,3.5319493,0.4255704
2014-11-26 09:00:00,19.96582839388941,21.01944,18.222565,12.1454863305086,14.274338,9.936315,1.5200295158658346,2.2905505,0.20296013
2014-11-27 09:00:00,21.40080548921327,23.348541,19.580963,10.880436621679877,12.900849,8.236787,1.351056936144856,1.8659382,0.35056478
2014-11-28 09:00:00,21.9839080346307,23.65448,19.271667,6.212501364145522,7.629628,4.469222,0.7063689763779563,1.3046018,0.13600235
2014-11-29 09:00:00,19.506851452933006,22.600616,16.901398,4.268765646238113,6.8160343,2.3520508,0.925883205195525,1.5258746,0.22924998
2014-11-30 09:00:00,17.526733017785375,21.365509,15.967072,7.425673900346299,20.458939,3.3559532,2.8659982165833253,4.1892657,1.8982167
2014-12-01 09:00:00,17.14489604346528,18.203217,15.759857,64.64994249338493,70.95471,54.890564,2.076418226472625,3.8428078,1.1785601
2014-12-02 09:00:00,17.861073299059854,19.317719,16.821625,49.84287893978373,56.957485,41.277798,1.904130800219586,3.891875,0.85350513
2014-12-03 09:00:00,16.981840778393405,17.800781,15.724609,69.59540672932762,78.360985,60.54458,4.633693925269531,6.6474714,2.0003371
2014-12-04 09:00:00,17.157399598928976,19.141449,16.243011,74.94194160980042,82.73601,60.4196,2.819023028773172,3.9049883,1.1774521
2014-12-05 09:00:00,17.00081612523485,18.400726,16.072601,74.29093148526943,83.89412,61.114056,1.4589654086861692,2.6233459,0.69651085
2014-12-06 09:00:00,16.56813623654773,17.501434,15.640106,67.83695538410564,75.177895,48.905785,1.212888827211099,2.6977613,0.2824258
2014-12-07 09:00:00,18.705398454722,19.607574,16.443512,42.41670234719055,46.410892,34.399174,0.9278604879931582,1.629751,0.38831037
2014-12-08 09:00:00,16.852328375976015,18.486786,15.775848,27.07459804326838,37.033157,20.7098,1.0220193440725338,1.996082,0.26804742
2014-12-09 09:00:00,18.026735673002577,18.977295,16.551514,21.672199687842998,28.158009,14.51849,1.5730130542337633,2.9232984,0.70611775
2014-12-10 09:00:00,17.31325117916242,18.666656,15.535797,17.02300864006263,24.71384,9.639622,1.3631164727548302,2.11276,0.14802097
2014-12-11 09:00:00,16.642302744032747,18.727203,15.563141,29.580703374397753,39.16735,24.546257,3.4500831045567755,4.307096,1.7000234
2014-12-12 09:00:00,16.76021079837801,18.692535,14.950348,79.7291964680647,86.48507,66.69601,4.860646942103044,6.792655,2.4815667
2014-12-13 09:00:00,12.857427788137443,15.037506,10.787506,63.847874359383084,77.80654,50.809196,1.2634702297726734,2.1361732,0.78648907
2014-12-14 09:00:00,12.807400230614405,15.265533,9.366852,22.037452348623845,30.19239,12.454108,1.5365440190556825,2.0038705,0.54588056
2014-12-15 09:00:00,13.260052320312013,14.808746,11.902496,23.321178722542314,36.31228,12.255378,2.5549951213709594,4.2439604,0.5205489
2014-12-16 09:00:00,12.875837405657592,14.326813,11.451813,60.04129817919864,74.61396,51.869507,2.4888351258414736,4.1204724,1.2696013
2014-12-17 09:00:00,14.396340417778504,15.6586,12.484772,55.78836383441055,77.461464,34.35282,1.3879777274726488,2.026286,0.88470584
2014-12-18 09:00:00,12.589962592134384,14.871429,10.118805,66.64745748565116,73.119835,50.811707,0.7210663258286576,1.2555974,0.45378053
2014-12-19 09:00:00,14.22007708432659,15.421082,11.87616,21.12079643503683,38.600227,3.2479353,0.6568706996877465,0.9957263,0.31556582
2014-12-20 09:00:00,14.35886411239727,15.357391,13.173798,70.45618133818652,75.84833,55.434265,0.6906844499978508,1.8356886,0.19330662
2014-12-21 09:00:00,15.02481828906889,16.458832,12.595551,66.23211094300896,72.53667,60.482082,1.8773660725630748,3.7307374,0.6483404
2014-12-22 09:00:00,16.555280203178313,18.96875,13.386383,16.751666429611088,38.042824,9.722513,2.6226393757053263,5.0903444,0.5520637
2014-12-23 09:00:00,16.269925301841397,19.191986,12.902924,12.17490618047643,26.258091,3.7646656,2.549007343750695,4.8447156,0.5035253
2014-12-24 09:00:00,18.090398627790535,20.400055,15.984039,15.740814564967708,26.587292,12.595103,1.151347307594848,2.0370297,0.13179888
2014-12-25 09:00:00,15.037279987276065,16.52945,14.379059,18.211095970261173,46.416992,9.601945,3.3370022898089835,5.3152857,1.7444044
2014-12-26 09:00:00,12.387516470825574,15.09433,8.178314,19.162961621921706,29.96315,13.690545,2.458267318030462,3.9867516,0.8519943
2014-12-27 09:00:00,11.254508954107564,13.859955,8.763153,11.186667467723298,20.543415,7.468464,1.4836838182129466,2.3446121,0.4773676
2014-12-28 09:00:00,12.652409981810194,14.2621155,10.18985,13.163506998024593,20.930435,8.916691,0.6944693371878394,0.97251874,0.08465958
2014-12-29 09:00:00,13.088261689416356,15.396271,10.206818,8.461628107825675,16.40202,4.675456,1.9261673745247188,3.5199096,0.46591586
2014-12-30 09:00:00,12.585122720916218,13.826202,10.873077,5.614450719136283,15.006722,1.21766,1.9425240485772604,3.8305683,0.7625245
2014-12-31 09:00:00,8.138879611181721,11.477356,3.5457153,23.41445477684563,35.03004,14.645549,3.39881030600482,5.2736664,1.4723506
2015-01-01 09:00:00,9.32459011480006,12.803619,5.4913635,14.680177114044737,22.89059,9.658139,0.914297395307343,1.6196979,0.18909335
2015-01-02 09:00:00,11.48215828789506,12.9513855,9.613495,18.929443382733567,24.490934,9.807341,0.42927085495485495,0.9597577,0.07871084
2015-01-03 09:00:00,11.644869979305042,13.210236,9.567657,18.51689572564906,22.115768,15.732956,1.098567731186399,1.5027086,0.41884103
2015-01-04 09:00:00,12.881280258756021,13.426788,11.944366,17.958950040204737,20.229069,14.755892,0.8951437672906418,1.4118655,0.3557035
2015-01-05 09:00:00,14.636575170172932,16.103607,13.234467,13.114673307285484,16.102123,10.399606,2.126582630944425,3.3905385,0.05114072
2015-01-06 09:00:00,16.76789873547682,19.146332,15.060394,13.832168848269085,16.218704,9.318017,1.9661647747424613,2.960153,0.609623
2015-01-07 09:00:00,19.6669371236556,21.830597,18.377472,14.68787786674299,18.905006,11.795631,1.772865033785898,2.5150952,0.45960972
2015-01-08 09:00:00,19.747270034624876,21.51535,17.986053,19.4699756364548,29.306461,11.04865,1.2001770202189979,1.6950334,0.17555456
2015-01-09 09:00:00,17.947262807799007,19.199066,15.679535,23.008965447431002,34.652214,13.886589,0.3944771084011881,0.8752031,0.04618488
2015-01-10 09:00:00,17.08480890511902,19.089691,14.915863,38.27562721166213,52.236053,24.829802,0.3619917836349613,0.8715953,0.06690888
2015-01-11 09:00:00,14.44250350608479,16.494293,11.009918,61.2830615071065,72.27343,51.48379,0.7824672383133837,1.1901227,0.1624696
2015-01-12 09:00:00,15.789307218112754,17.782867,11.743805,33.78059722311524,43.673992,29.27946,1.3513561625887478,2.12248,0.5947206
2015-01-13 09:00:00,15.414022695240021,17.213684,11.614075,35.023681587207555,52.655884,27.174452,1.913605879013172,3.0567617,0.6499508
2015-01-14 09:00:00,15.707176336128839,18.056122,12.290497,25.387159946235165,33.39292,14.596022,1.3138675794474894,1.9508609,0.15507902
2015-01-15 09:00:00,16.799047933488396,18.206848,13.949036,9.470004772207544,15.024033,4.8795013,1.2961078299817863,1.7800232,0.14273784
2015-01-16 09:00:00,16.28274288610254,17.24701,14.588806,7.02698325668289,15.545551,3.493989,1.2878255509928611,2.3466082,0.3829083
2015-01-17 09:00:00,16.66089041066101,18.637665,13.27243,16.254905224712605,22.23039,10.234297,2.2916930891557894,3.985484,0.6525237
2015-01-18 09:00:00,17.331933715351624,19.051117,15.496429,21.53351132250537,28.464272,14.480739,1.34685769952642,1.8313984,0.07866135
2015-01-19 09:00:00,17.374678437401712,19.04068,14.659821,9.427652004127179,22.741468,3.2773771,2.062840112408197,3.3163648,0.5030492
2015-01-20 09:00:00,15.180483568782279,17.927582,11.704926,14.22643682049079,30.614315,0.48322105,2.1299901312146576,3.7115762,0.3854383
2015-01-21 09:00:00,13.861761573107685,16.4617,9.4617,12.963086694460129,28.637798,3.7910194,2.170876076657744,3.8253012,0.5514275
2015-01-22 09:00:00,14.828837713017094,17.649628,11.5242,11.197924769280128,14.7210455,8.088894,1.8449934409934652,2.5887399,0.25631097
2015-01-23 09:00:00,16.557310683688513,17.780853,14.142181,9.372310238472823,12.207656,7.410781,1.5437355332883766,2.448565,0.2184797
2015-01-24 09:00:00,16.676733909309178,19.121002,13.902252,15.07193328744388,21.670635,12.000525,2.2924899756482944,3.4392788,0.71497446
2015-01-25 09:00:00,19.468404492066213,21.770966,17.2612,10.394938004684017,16.236485,7.0166006,2.211802371911847,3.7826374,0.46121374
2015-01-26 09:00:00,20.266032450669115,23.474976,17.857788,13.670987894977511,26.081299,3.803956,1.5573173609744824,2.1778178,0.3588982
2015-01-27 09:00:00,18.350648384426563,19.644348,16.55841,32.134164019822435,37.227886,26.501324,0.59991455768189,1.9152832,0.1361298
2015-01-28 09:00:00,16.36595846251504,17.74942,13.183014,55.47223928743922,61.364902,44.72037,1.6074971014094475,2.1919775,0.7382748
2015-01-29 09:00:00,15.807425486216232,18.169342,12.460358,34.16423183704514,39.292027,29.147224,2.022925323872878,2.6996362,0.654826
2015-01-30 09:00:00,17.36108209974401,19.084137,14.46109,34.887849651181256,44.323376,27.924938,1.4026462603464807,1.8728706,0.48698616
2015-01-31 09:00:00,16.060571550201416,17.654022,13.503632,49.95418909481147,54.475746,44.484615,1.329520763335264,2.4181411,0.27246538
2015-02-01 09:00:00,18.771273465629577,20.890594,15.302704,17.623681674214527,23.73267,10.563604,1.4321524468043163,1.9517251,0.4541423
2015-02-02 09:00:00,18.57037322277739,20.012634,16.555603,12.438032059360019,21.873386,4.999401,1.2872480178067451,1.8969493,0.37285402
2015-02-03 09:00:00,19.318484221942867,21.329315,17.0383,15.108077197705883,21.430088,10.706925,1.8496483926332274,2.4727166,0.627393
2015-02-04 09:00:00,19.957919231427468,21.330292,18.250214,16.26277354000291,18.37022,12.820191,0.985959822319367,1.6539733,0.11108724
2015-02-05 09:00:00,19.20748974317445,23.550476,14.299896,8.810928174286397,11.333642,6.458642,1.2179038425808641,1.8444701,0.89235824
2015-02-06 09:00:00,17.994923726350123,23.80661,14.228485,8.536744550208521,11.055966,6.2424603,2.882721809072217,3.7442262,1.5303733
2015-02-07 09:00:00,17.195759331842964,20.911163,15.523529,58.743544980211965,85.11743,29.687744,4.105281126889693,5.9259477,2.0698347
2015-02-08 09:00:00,16.86617477861057,17.926605,15.894348,35.37431859619946,38.919064,29.864376,2.493086787933816,3.9321833,1.2162011
2015-02-09 09:00:00,17.893441314440338,21.184967,15.743561,53.19868130802441,60.712963,41.084057,2.115002904937997,3.2035923,0.75236565
2015-02-10 09:00:00,17.378095085802897,18.82846,14.357758,16.549206919961755,49.67451,3.5235186,2.596486395060523,4.4245734,1.2431469
2015-02-11 09:00:00,17.00529409080633,19.081696,13.468658,11.692083298398108,16.39589,2.615997,2.6684036717205166,3.9610772,0.76349646
2015-02-12 09:00:00,20.726349503395056,22.81607,18.85904,9.22663213714347,12.008791,7.352541,2.0857978262498653,2.9432466,0.59860575
2015-02-13 09:00:00,22.943495555087964,24.702911,20.695099,11.885233758299735,14.908741,7.463766,1.588560162444511,2.304973,0.4065974
2015-02-14 09:00:00,22.847853736199852,24.360687,20.397797,15.15059667674048,19.816275,10.533496,1.2349448507806473,1.6851069,0.19994552
2015-02-15 09:00:00,23.221818028434882,25.162537,19.32074,12.897509129725908,20.046434,8.98995,0.7814233016813108,1.4649172,0.30351165
2015-02-16 09:00:00,22.107816373226456,24.208588,18.36679,9.52519621182258,12.686591,4.9756536,1.2442927622157223,2.4029257,0.43209156
2015-02-17 09:00:00,19.033898931522742,23.957245,13.963104,7.515511503716075,18.759914,2.2301445,1.0654945916318437,2.2249331,0.20265208
2015-02-18 09:00:00,17.096521942566653,22.181305,13.980164,7.0273561366240935,21.336948,1.5801649,1.0485370322392897,2.706996,0.19877654
2015-02-19 09:00:00,18.693000153143146,20.852692,15.198395,9.906874523130687,24.03341,6.017784,0.8644788981573416,2.1918926,0.1839223
2015-02-20 09:00:00,18.665546576379086,20.722748,15.394012,11.771591894556217,17.07383,8.347299,1.616527524792518,2.4875693,0.6903083
2015-02-21 09:00:00,18.469894594377763,20.392548,16.412079,13.940119324821435,17.254013,8.873194,0.633099710434369,1.3776715,0.19392115
2015-02-22 09:00:00,16.908732984958874,20.25531,14.261169,30.37675898522886,46.635326,7.72517,1.9343992609442713,2.4579885,0.50503856
2015-02-23 09:00:00,12.733179432480881,14.862396,10.5260315,48.27743689887848,74.242226,22.824257,1.0972291470825213,2.9275758,0.31764942
2015-02-24 09:00:00,13.852140529173994,15.8298645,11.665802,26.567427574670013,38.591278,17.168446,1.3503341567024394,2.3585691,0.32532954
2015-02-25 09:00:00,16.250881614880996,18.25119,12.930878,6.9724435175718975,17.479767,2.031436,1.8170853087505512,3.2646499,0.7352995
2015-02-26 09:00:00,17.629624269099907,20.152435,14.95517,8.674492292866148,14.945746,6.16059,1.7028900157700928,3.5896785,0.4395862
2015-02-27 09:00:00,18.33393426127219,20.8013,14.951691,40.541300917550046,46.159534,32.541004,2.044232761791966,4.665794,0.49695837
2015-02-28 09:00:00,15.471381739919025,16.991364,14.329254,64.84746170283125,75.86295,50.89073,3.3679195697830124,4.2768054,2.0415914
2015-03-01 09:00:00,12.10777991882236,13.299469,10.565094,64.28172296719215,75.96108,53.544792,0.5977470958120675,1.0830206,0.26389873
2015-03-02 09:00:00,12.176467996244469,14.251373,9.450592,69.7641476291219,77.62534,55.687843,0.9388428079421738,1.3095276,0.5122567
2015-03-03 09:00:00,12.139636836339832,13.355316,9.50766,54.60356336207939,71.25131,48.82283,0.4176865698937742,1.4234418,0.0754826
2015-03-04 09:00:00,15.330308130227309,17.694672,11.592316,30.128727543138368,33.801586,23.938305,1.7971251245811122,2.323801,0.9372042
2015-03-05 09:00:00,18.09736898070048,19.69748,15.943573,11.25713512791521,17.658287,8.513756,1.4404941426196365,2.1751773,0.97942054
2015-03-06 09:00:00,20.27319523712538,22.11258,17.399689,8.123124058384686,19.022112,2.0442438,2.232528294277307,3.0765855,1.228686
2015-03-07 09:00:00,21.944172577235292,24.044586,18.968414,5.394104884822283,14.553995,1.2501659,2.3618808951209997,3.7173984,0.803387
2015-03-08 09:00:00,23.221704320876427,25.579498,19.366608,6.570957786421447,14.846052,2.2444897,1.241044281367945,2.5613286,0.5745545
2015-03-09 09:00:00,21.242004727614756,23.812714,17.080292,17.271862125829955,25.5313,6.4109106,1.3667086370716333,2.243083,0.366046
2015-03-10 09:00:00,21.752556601374692,24.258606,17.658997,13.338879830812827,14.938782,11.544118,1.0007286442888566,1.7238185,0.16224247
2015-03-11 09:00:00,19.859650697191967,25.383453,15.209625,11.424548528424783,19.410011,6.8831487,1.2760689340091285,1.7771041,0.6387521
2015-03-12 09:00:00,18.112528409564163,20.516022,16.434235,38.973408987279626,51.795345,25.451595,1.7232371219850489,3.6299095,0.91938514
2015-03-13 09:00:00,22.53686121612776,24.275726,20.056976,20.605644198961333,24.341297,18.376244,2.474062153500127,3.4068956,1.1654584
2015-03-14 09:00:00,23.748196240105642,25.611877,19.084381,15.884801599130567,17.493317,14.446442,1.5764375408555271,2.550856,0.86297137
2015-03-15 09:00:00,26.6007121970776,29.737213,22.268463,18.516988529243456,22.411747,14.767299,0.8696883192104011,1.6107391,0.12623365
2015-03-16 09:00:00,25.104092810705026,28.853668,20.400543,16.163183608676313,21.926752,13.654232,1.1929736825762198,2.4445028,0.32016706
2015-03-17 09:00:00,23.214594148161495,25.675446,19.194977,22.648571126651916,30.517805,17.740461,1.7306232923760525,3.2457392,0.8098913
2015-03-18 09:00:00,18.972322680767434,21.447662,16.305084,35.186222577733,52.41569,20.934124,2.1990898469663493,3.557382,1.270206
2015-03-19 09:00:00,20.17303590430896,22.598572,16.552643,23.787066167988552,34.4399,17.5619,2.072143076641789,3.3237422,1.3829807
2015-03-20 09:00:00,23.854353024842226,26.930817,18.479645,10.144881444647503,15.499267,5.6164546,0.8218101373403552,1.9588919,0.32785192
2015-03-21 09:00:00,21.5187649711894,26.008453,17.268219,12.96850056404827,28.266727,4.661422,1.3994735154533182,2.3955233,0.6683933
2015-03-22 09:00:00,20.65979347752119,24.244965,16.25473,22.942943150207245,28.258017,14.9045725,1.9896114886048024,3.1419983,1.2340411
2015-03-23 09:00:00,18.618968312668585,23.147003,15.918488,25.200962199940644,43.074524,10.900868,2.172099013532962,2.9749763,1.3813261
2015-03-24 09:00:00,18.881129970686743,21.275543,16.15445,39.44048804795495,54.455135,29.894308,3.0138477499744134,4.5087514,1.7763149
2015-03-25 09:00:00,18.77110496058691,20.8461,15.289459,37.491094260978755,45.61946,31.97493,3.109103972902791,4.3549056,1.691914
2015-03-26 09:00:00,22.70279639498932,24.664703,19.195953,20.2834547623097,24.996206,18.320425,2.2307083864776023,2.8016007,1.5042166
2015-03-27 09:00:00,26.74987537968508,29.418365,21.584381,22.17511647606206,27.225769,16.967957,0.9989323977128226,2.317831,0.28536776
2015-03-28 09:00:00,23.74140980700173,27.898102,17.970367,18.901588690746795,28.081896,8.813821,1.3407152224326346,3.3269532,0.41817304
2015-03-29 09:00:00,24.692565448487358,27.516754,20.103912,19.094717114686162,34.09446,10.922583,1.8716039206184487,2.7131305,1.2235435
2015-03-30 09:00:00,25.103376843828016,28.40274,18.795319,17.050176800789806,25.943008,10.798476,1.0278864681084057,1.9594047,0.10644106
2015-03-31 09:00:00,23.14971459462879,27.958893,17.111237,14.86428753830902,23.117542,5.3147335,2.3023926805546244,4.610569,1.2635474
2015-04-01 09:00:00,20.73297310338205,23.071198,17.157135,8.427049457872533,21.168226,1.117445,3.697893945499389,5.195058,2.3971987
2015-04-02 09:00:00,18.485114526687596,20.881012,15.395416,17.67123963765001,27.118511,8.466282,3.171962705765635,4.8699036,2.1873956
2015-04-03 09:00:00,18.930847164008014,21.027496,16.155182,16.29284057067344,24.055656,8.182548,2.958383216142165,3.9391649,1.5378461
2015-04-04 09:00:00,21.49778463155144,23.48648,18.000153,19.52853539523342,23.57118,14.296186,2.007495768556314,3.5752237,1.1073185
2015-04-05 09:00:00,20.713426256359696,23.615204,16.43747,16.150244906432043,23.979332,6.258893,2.663309555103036,4.3752556,1.2870747
2015-04-06 09:00:00,15.640521599562248,18.802643,13.431549,30.699087795322345,43.765335,16.179396,2.505761089987804,3.1458082,1.794264
2015-04-07 09:00:00,14.903383837751733,17.850983,13.00528,41.88641859558274,56.325516,25.809889,2.8524147720015187,3.8643713,1.5385326
2015-04-08 09:00:00,14.032820387806396,15.600739,10.407379,56.08689841933275,66.94549,44.078747,2.80806256338878,3.3363779,1.4761139
2015-04-09 09:00:00,16.016375984709214,18.025055,12.993805,28.647867052259002,34.418076,23.972761,2.149191619865057,2.7487032,1.4026936
2015-04-10 09:00:00,18.667933893541317,21.243073,15.004791,34.2778828682968,43.842377,10.845005,1.3562421967550007,2.4898996,0.6906884
2015-04-11 09:00:00,19.571802706085407,22.850006,16.648346,33.88106080226047,43.669674,17.29823,1.7249885000717469,2.7489295,1.013726
2015-04-12 09:00:00,21.515960742116192,24.10904,18.187164,19.87916713901758,34.51467,8.055219,2.6555950919648277,3.978913,1.659821
2015-04-13 09:00:00,23.692608506543934,27.307526,17.151276,26.643100961521906,36.84017,17.944775,1.1620684026227868,2.065509,0.27063143
2015-04-14 09:00:00,19.81902073486043,25.04068,15.535065,12.634854620051838,25.822779,1.6528502,1.711145584643257,4.043353,0.6086347
2015-04-15 09:00:00,18.131709399975193,19.511871,15.457184,12.138994316400549,18.632303,7.9089794,4.132095839353596,5.568522,2.3608885
2015-04-16 09:00:00,21.380228777946968,23.25235,18.621246,14.09437320804329,18.575865,7.8493023,1.5711419759449836,2.0708797,0.91864645
2015-04-17 09:00:00,22.851348301714438,25.743317,18.929108,18.070477118608462,22.200531,12.501312,0.6270300213531472,1.670639,0.094866924
2015-04-18 09:00:00,23.13450474022943,27.073883,18.073883,21.412457489792647,25.828247,17.113403,1.4851599721287772,2.1982868,0.9395938
2015-04-19 09:00:00,22.363976263588256,27.513336,15.687164,19.96154792937183,23.67997,15.076877,1.730764638188269,2.2492764,1.0043774
2015-04-20 09:00:00,21.066810237013897,27.311676,13.674957,19.674509759337763,25.222298,12.964486,2.0715869991328106,2.8487518,1.1877092
2015-04-21 09:00:00,18.8764104928689,25.203766,13.569,30.883796945722537,40.49518,22.923939,2.5859674640426222,3.7123766,0.8271054
2015-04-22 09:00:00,15.314255991618097,19.062897,13.392975,40.487473174769946,62.521423,23.272923,2.1464854735153738,3.37967,0.86788434
2015-04-23 09:00:00,16.557151384835606,21.143707,13.146149,46.274956562156824,65.15034,24.171394,1.9810866677808088,2.900605,0.7911928
2015-04-24 09:00:00,17.289945160508125,21.664215,14.381744,46.73518770133091,58.83503,16.493896,2.6454773987043536,3.770022,1.4568691
2015-04-25 09:00:00,18.882469548538836,22.998688,14.397125,33.388904093354725,47.054474,15.54607,2.698338645787102,4.419861,1.0403003
2015-04-26 09:00:00,16.943370595826877,19.632477,13.732086,34.46979415820123,56.851532,20.317402,3.015975859140948,5.5876718,1.4412286
2015-04-27 09:00:00,21.862420841864548,24.370514,18.63272,35.27152891467362,40.2087,30.861042,1.965064330459875,3.12947,1.0894799
2015-04-28 09:00:00,24.576734718171622,27.66861,19.051422,27.721497329044492,39.687256,19.281008,0.8670832934425141,2.190721,0.10034644
2015-04-29 09:00:00,25.343956701067725,30.223785,18.893707,21.876915514142013,29.708817,10.7115135,1.3619880109375018,4.1646376,0.098943576
2015-04-30 09:00:00,25.229938563255985,29.399323,18.662262,18.168256689675992,30.784914,8.499758,0.904099045872195,2.313536,0.10026474
2015-05-01 09:00:00,24.480631499199262,30.314117,17.212555,13.074101990778132,20.055878,7.8644714,1.6968457576557547,2.3688169,1.0883162
2015-05-02 09:00:00,22.546969331063906,28.995026,16.106354,9.856174576017052,17.780079,5.9441423,1.7508640621655958,2.4770079,1.1913931
2015-05-03 09:00:00,21.423499114696483,27.71524,14.307037,8.54067804876861,17.266254,4.456542,2.246219997049618,3.284224,1.5530063
2015-05-04 09:00:00,19.64271112295023,26.149323,13.987213,20.012864401363792,29.840572,11.78979,2.1166275084232744,3.1873546,0.8227103
2015-05-05 09:00:00,18.81977436507492,24.329742,14.07193,32.55118418201309,45.685898,16.334953,2.5390451607385565,3.3791776,1.175286
2015-05-06 09:00:00,17.896473878346796,23.23648,13.615387,16.309957319404692,42.01,0.25479317,3.230634824132686,4.651697,1.6636666
2015-05-07 09:00:00,16.102319700820715,19.848053,12.857819,20.602860320634125,42.21868,-3.3078842,3.814804136422751,4.5989285,2.4951866
2015-05-08 09:00:00,12.94250408556752,14.558014,10.677155,62.209963401666634,84.9883,41.53747,2.3003278127065063,3.308678,1.4981911
2015-05-09 09:00:00,16.445824436084933,18.337067,13.770172,69.11672725640354,85.98935,47.137794,1.9225580688527772,2.9879608,1.1879383
2015-05-10 09:00:00,21.088157055769898,25.444489,16.444977,36.64314126433623,46.10142,28.753765,1.5349336352372516,3.2240107,0.81464654
2015-05-11 09:00:00,22.28384252302851,26.836578,16.151031,16.722588719111126,33.79574,6.7343454,2.1213948805406138,4.1936903,1.3707342
2015-05-12 09:00:00,20.356442824872545,25.079742,15.116852,5.702383906552965,18.109873,0.47196674,2.681373138963057,5.4558744,0.96692145
2015-05-13 09:00:00,19.41842910803166,23.574127,14.244049,21.849955039302255,30.4087,10.598722,2.7409877319483904,4.683349,1.1411023
2015-05-14 09:00:00,16.27103663074672,19.970856,13.535309,38.866478868015534,45.615425,25.998236,2.303087761473068,2.9447966,1.3644594
2015-05-15 09:00:00,13.858762437737596,15.360992,11.950104,77.31829727918448,82.48274,69.05696,1.6159545324326678,2.1547387,0.46909106
2015-05-16 09:00:00,17.101804287030006,19.108795,14.837799,33.13117212005997,63.24931,13.909466,2.2807527799832004,4.0547504,0.9329939
2015-05-17 09:00:00,18.92662550869727,23.24112,14.5243225,23.761539624712185,41.447678,11.123458,1.9480997205269825,3.1531916,0.79430723
2015-05-18 09:00:00,18.20404794841852,23.628082,14.624176,40.0437383502498,62.91362,25.060951,2.6505435297004043,4.3998456,1.6987469
2015-05-19 09:00:00,17.97559280096459,22.069,14.684235,45.85326442993774,58.301056,35.03543,2.750201718312153,4.5784745,1.3258779
2015-05-20 09:00:00,18.477403844132937,23.406403,14.338043,43.488780977309894,57.12251,24.623356,2.5025695097455802,3.8665435,1.4171379
2015-05-21 09:00:00,18.526766061970534,23.245758,14.596832,40.978156819975354,58.772427,29.489048,2.7619540173840127,3.8619602,1.1606185
2015-05-22 09:00:00,17.00267515841051,19.011383,15.178619,52.9973958029659,63.440136,41.4553,2.6567288107068743,3.03336,2.1528506
2015-05-23 09:00:00,17.60835554433396,20.2919,15.109528,62.65980081874564,72.83963,48.413593,2.6361572384010414,4.470105,0.9838151
2015-05-24 09:00:00,19.710313013964594,24.121979,15.38443,48.46258320675455,66.94548,22.516602,2.469926915160634,4.5438843,0.93241304
2015-05-25 09:00:00,20.90117203431521,25.77945,15.507965,54.55556423362378,62.8193,39.34582,2.2818774993755198,3.1370966,1.3622949
2015-05-26 09:00:00,20.147565087715577,26.396881,14.9496155,30.871927247327697,45.701195,19.202831,2.3590198137434157,3.146592,1.2162796
2015-05-27 09:00:00,19.722064046030994,26.335846,14.143219,39.84041138556843,56.31214,10.583733,2.2527250779915424,3.4077518,1.2113739
2015-05-28 09:00:00,22.738186302910265,28.836823,15.960114,33.825871100585154,42.405025,16.08862,1.8812634691124697,3.6060052,0.88912696
2015-05-29 09:00:00,24.279380715685534,30.289703,16.201813,24.051274087320476,31.268574,9.789652,1.5323176531308553,3.2741096,0.4957547
2015-05-30 09:00:00,24.16085761794045,31.36148,15.744293,18.917385245408255,26.405727,5.8432264,1.5776016292608834,3.0085406,0.5182677
2015-05-31 09:00:00,24.528435992361892,32.744293,16.316559,10.306325823540687,22.73761,5.223218,2.1764917520978604,2.9830844,0.8111294
2015-06-01 09:00:00,22.073416597065716,30.998688,16.257233,11.152968970403954,19.225533,7.4529486,1.963463760952958,2.9499512,0.85388803
2015-06-02 09:00:00,22.615966572312914,28.37857,17.528961,32.079817204347755,56.335995,19.793026,1.9900808463699386,3.5513961,1.1796523
2015-06-03 09:00:00,23.952857100708286,28.378815,17.480377,24.65317923923238,46.796093,8.680795,2.2634604276156365,4.4540367,1.3548454
2015-06-04 09:00:00,21.562738629203636,27.03482,15.855133,17.49753214924405,31.16486,10.728849,3.6342207396411976,5.4066167,1.7479595
2015-06-05 09:00:00,19.364883899674965,23.84488,14.602692,26.918331318710422,42.647346,15.327888,2.292812922793316,3.1574795,1.5210084
2015-06-06 09:00:00,19.790989347814843,24.53238,14.917145,43.47001407241585,49.522526,30.313652,1.9447942677434602,2.5923686,1.486662
2015-06-07 09:00:00,23.609600895859273,28.908844,16.612946,36.854180657611515,45.87374,26.40823,1.3142845098751335,2.436843,0.6819877
2015-06-08 09:00:00,26.485223002837984,32.291656,17.445953,22.098493198173777,25.32682,17.49479,0.7630531186082451,2.0689452,0.024783785
2015-06-09 09:00:00,27.869420395349835,36.02774,18.928131,21.709353822006804,24.985594,12.501102,1.5035944112701296,3.1932197,0.22188058
2015-06-10 09:00:00,24.60457077285389,26.851715,19.831451,55.05247453282877,59.98195,50.834366,0.7412664060942529,1.6487825,0.13130844
2015-06-11 09:00:00,23.7059890103219,29.247467,18.30606,60.26324607240454,69.56813,45.706318,1.5300969012583001,3.4061143,0.4175348
2015-06-12 09:00:00,24.926926771443675,30.454498,17.53775,50.93822461854514,56.933987,46.671745,1.4428095549008175,2.5740852,0.7101052
2015-06-13 09:00:00,24.145357448613822,31.89029,16.369293,23.41494532768709,42.83914,8.997373,1.884121553578836,2.8440452,0.702588
2015-06-14 09:00:00,23.982004030150392,32.542877,16.8378,10.61372789614733,26.81868,1.8460226,1.9612677663787834,3.0174906,1.3089578
2015-06-15 09:00:00,25.375813485115316,34.69229,16.7294,8.826863548226239,24.724876,2.2444067,1.6764245563948736,3.285839,0.8859166
2015-06-16 09:00:00,26.691498027487683,33.845856,19.274323,8.525512295819095,18.161922,1.3806725,1.3451480513496847,3.2701437,0.46891266
2015-06-17 09:00:00,27.2095914602794,33.3544,18.73526,12.247801121366225,18.615528,5.7288084,1.0560647497324784,2.1679695,0.11995895
2015-06-18 09:00:00,26.57952088708123,33.919098,18.118317,10.915127513585201,20.21952,4.254677,1.4182150287320092,1.9921633,0.8727087
2015-06-19 09:00:00,28.73348471843002,35.072906,21.249176,7.309253246199331,15.56475,0.4590845,1.9260537930092996,3.5897834,1.1006002
2015-06-20 09:00:00,28.911829169711496,33.15616,21.343658,7.159706731583826,9.118802,4.334117,1.8266337187441393,3.465639,0.7759338
2015-06-21 09:00:00,28.27053320570934,35.34146,19.073883,6.657105405344922,12.255708,3.9065018,2.0236383936051614,3.0388026,1.343404
2015-06-22 09:00:00,25.99160071114892,32.83145,18.795319,6.18595832434031,13.066482,2.5068884,1.6975420665028251,3.838953,0.6179381
2015-06-23 09:00:00,26.71242112842242,31.405182,19.494293,12.371576802534415,21.16728,1.8924093,1.7179467710690792,3.8718283,0.47265422
2015-06-24 09:00:00,26.41310277812852,32.65909,19.079987,22.711863301896226,28.719059,18.25967,1.8910308380816037,4.279089,0.6993341
2015-06-25 09:00:00,25.975443829146457,32.9169,18.257965,22.556056293558665,28.12072,15.445263,1.6069974053804186,2.6000903,0.9286607
2015-06-26 09:00:00,26.387894807520695,34.721832,18.167145,13.756951327742508,20.42333,4.712393,1.6089992870309304,2.0979662,0.33415633
2015-06-27 09:00:00,24.96933160103913,36.24234,16.896637,7.372299577493447,16.308306,3.8200245,1.702370438195383,2.7598798,0.6763737
2015-06-28 09:00:00,24.664963762343632,32.990875,17.565582,18.05173716536701,21.523586,15.1837435,1.9289821833860665,3.5397289,0.8282467
2015-06-29 09:00:00,27.829295895525433,34.52652,20.805084,20.041652545265112,35.103947,7.64301,1.3605228761847437,3.5671947,0.14162333
2015-06-30 09:00:00,29.439524509237003,33.22989,20.747711,31.557641211701164,34.162933,26.239317,1.0772322632667972,2.3939717,0.52654165
2015-07-01 09:00:00,28.844542163282313,36.387848,19.610504,26.620330237483092,33.732803,17.53899,1.2218269338867274,2.0523622,0.69910467
2015-07-02 09:00:00,24.90727024796047,31.360748,18.742096,33.22723239197283,42.217087,27.834274,1.6729844309589177,2.5562975,0.6784959
2015-07-03 09:00:00,25.042063419487818,30.707672,18.664703,46.88988187331587,51.49194,41.34218,1.6099797123465027,3.0052133,0.5469921
2015-07-04 09:00:00,25.998222165842208,34.823883,18.179352,35.633166432091286,43.1377,29.965843,2.082011611179572,2.6191943,1.4592439
2015-07-05 09:00:00,25.043811115063306,34.04947,18.096344,35.38030477434432,41.865356,25.30742,2.2650386195236383,3.3733563,0.9764949
2015-07-06 09:00:00,24.442219126471286,32.38565,18.307526,18.349750860726974,36.034023,9.280145,2.2017290465380857,3.0466797,1.4998395
2015-07-07 09:00:00,26.375120943361765,32.270172,19.67276,45.72079063436365,53.00832,37.72804,2.306901262857565,4.0479155,1.1863526
2015-07-08 09:00:00,25.468994990742203,31.224274,19.319977,38.46483875237561,46.74679,26.625698,2.7110451439340526,4.0357256,1.4371185
2015-07-09 09:00:00,23.017686498828198,28.623932,17.957916,35.2690803317336,52.741608,26.34244,2.662595326874236,3.390206,1.3637642
2015-07-10 09:00:00,21.23730109954448,25.639557,17.997467,61.374094459947344,69.094604,55.32302,2.132586173165571,2.652823,1.396588
2015-07-11 09:00:00,23.29693003413354,28.259186,18.742828,62.808395644258155,68.73315,57.520336,1.6072692762839516,2.6595159,0.6155016
2015-07-12 09:00:00,23.986948338295633,29.52774,19.757477,49.40727501955917,58.43683,35.354797,1.8087831816769586,2.4731855,1.1793036
2015-07-13 09:00:00,26.076814433218146,31.81363,19.981354,31.103011335906377,45.007996,16.312683,1.9731652042824284,3.650359,0.82381904
2015-07-14 09:00:00,26.570820878954805,32.01236,19.77359,29.574233457955568,43.504353,16.966333,2.0395107943634496,3.698515,1.0427239
2015-07-15 09:00:00,25.70470127446424,31.488434,18.95523,19.632863219446328,35.659176,10.713864,2.3189592055740182,3.5702848,1.0760912
2015-07-16 09:00:00,24.130712890489463,31.122955,18.230377,14.635131799392976,33.20547,7.2398415,1.851836716146201,2.9064205,0.8654403
2015-07-17 09:00:00,25.339913416315824,32.610016,18.694,22.22785794180307,34.01258,13.114778,1.6107803570447015,2.370428,0.6358574
2015-07-18 09:00:00,25.80561379896875,34.27823,18.54776,11.915697833441243,23.38646,6.627761,1.744529464526998,2.167012,1.2500666
2015-07-19 09:00:00,24.288432537253982,28.568268,20.61734,46.75509955609372,58.353725,35.439663,0.7593375685878035,1.5260767,0.16811511
2015-07-20 09:00:00,27.953894961613287,30.273834,24.392975,67.4261514250332,78.620384,58.405197,0.38770843407165984,0.9798372,0.036093056
2015-07-21 09:00:00,26.01420818604703,31.652496,21.355621,60.351054001278186,67.71013,53.214035,1.554476778557499,2.1312904,0.3727876
2015-07-22 09:00:00,24.953680369159883,31.189606,20.107574,51.91803149601231,56.592026,38.69933,2.4497394821050587,3.3503065,1.112604
2015-07-23 09:00:00,23.2324295049865,28.552155,19.3107,28.34593336283133,57.253784,15.515502,2.299192990434743,3.1200542,1.0384736
2015-07-24 09:00:00,25.964179669235648,31.063873,21.718414,20.871974526463287,30.864088,13.552317,1.183580862120844,2.566569,0.40541026
2015-07-25 09:00:00,27.879342762107854,31.299469,22.59732,32.998529928005425,35.02249,30.897493,1.8829954676552774,3.3845875,0.6622573
2015-07-26 09:00:00,27.317106651411677,31.951324,21.8107,24.48849723079453,34.883507,12.981165,2.1444124075738795,3.8390763,0.7782054
2015-07-27 09:00:00,26.064068344897976,31.976227,20.347809,20.578819141244484,34.991657,10.870563,1.925813311414979,3.739326,1.2245128
2015-07-28 09:00:00,26.890866040826154,31.743317,20.100006,15.865931007868275,18.817692,12.940079,1.0820515003470619,2.0301886,0.26702115
2015-07-29 09:00:00,27.11056299993021,34.182037,19.907135,19.14776814442007,22.629887,12.793948,1.320637806402837,1.965642,0.5228983
2015-07-30 09:00:00,26.72656844542405,35.593414,19.140045,17.322236933312915,29.537107,6.8847637,1.56825226749398,2.4963787,0.103998564
2015-07-31 09:00:00,26.187398330172414,34.008698,19.561432,36.03198081787286,50.27562,25.76564,1.6024360465680074,2.8487084,0.7373652
2015-08-01 09:00:00,26.40313880633437,34.015533,19.649078,38.13794908610192,47.52509,29.196007,1.9366344387881433,3.314723,0.6426856
2015-08-02 09:00:00,27.801233919474384,35.40909,20.871979,35.16625811024808,44.004005,20.105566,2.0964385005685906,3.536872,0.85768884
2015-08-03 09:00:00,26.827700034131055,33.911774,20.354645,30.53607256549887,42.56955,14.955569,2.1661401068480153,4.051225,1.1219308
2015-08-04 09:00:00,25.903195767122554,33.383698,19.958405,13.754595784810236,32.43142,7.680736,2.366676767914722,4.5508685,0.5687365
2015-08-05 09:00:00,25.31291288717273,31.84903,20.33023,8.83966154754377,28.473442,-0.29608864,1.6024185995350653,3.857202,0.23891398
2015-08-06 09:00:00,25.632789617396554,29.610748,19.800201,6.097419549147015,21.008276,1.867292,1.1998658043394068,3.3621957,0.2366436
2015-08-07 09:00:00,24.423577693169364,31.858795,18.75528,7.809160186106874,24.646687,-0.13441104,1.820141390342099,2.437587,0.43816328
2015-08-08 09:00:00,24.1144081455314,29.411041,18.901276,19.25309846848221,34.786674,8.841406,1.7025155526003735,2.2712862,1.3195759
2015-08-09 09:00:00,25.284102431789393,31.638336,19.28482,37.368955872162445,43.898056,27.494831,1.6131938695260024,1.9996628,1.3231088
2015-08-10 09:00:00,25.496274676132202,32.378082,19.327301,35.26135468831509,42.1957,27.207664,2.1601177011270876,3.1424053,0.98872805
2015-08-11 09:00:00,25.293152582918708,30.793121,19.980621,38.4013879736177,45.91803,33.52815,1.800250339898214,2.7400002,1.3575052
2015-08-12 09:00:00,25.124331859153244,30.4628,20.14151,30.78203034897757,42.305748,14.973715,1.5574967335853813,3.1348166,0.6496253
2015-08-13 09:00:00,27.246736230732722,33.120026,21.158112,15.610254153770358,22.841438,8.756178,1.7625070032781927,3.5887334,0.5188558
2015-08-14 09:00:00,28.16661823410078,34.422516,21.690094,16.293072803817598,34.999016,5.936515,1.5704898892320276,3.8011038,0.23298475
2015-08-15 09:00:00,29.72198962718278,32.957672,23.361969,14.44224365601496,22.487907,3.573845,2.05037149613884,3.0299938,1.182877
2015-08-16 09:00:00,31.69987546446947,35.43741,24.70523,12.008434604224552,18.232418,4.344159,1.138464924027308,2.1524973,0.305996
2015-08-17 09:00:00,31.818356667410512,37.801666,23.159088,15.265550029724077,19.493765,5.324625,1.113640113298167,1.9564486,0.661212
2015-08-18 09:00:00,27.70611245280861,35.9899,20.642242,4.952059185857841,11.444997,1.1144991,1.8521392690201555,2.7214553,1.1922678
2015-08-19 09:00:00,27.59450241375356,35.74991,20.314362,5.394237507624909,11.589742,3.155633,1.7127375411753096,2.6319947,1.2917536
2015-08-20 09:00:00,27.040962257260617,35.325836,19.542633,10.077851377037696,19.043247,4.850212,2.127178410235775,4.080462,1.1285857
2015-08-21 09:00:00,25.704090153343316,34.68643,18.719635,10.982350394859973,25.575222,2.8330355,2.0064287158586516,3.3235297,1.0822145
2015-08-22 09:00:00,25.11281042250033,32.6774,19.335602,19.7870700184887,33.183815,8.407816,1.9254858315187815,3.3520641,0.88754773
2015-08-23 09:00:00,25.594915165780435,33.597076,19.355621,19.89537401486415,31.96397,12.729595,1.5505849706299653,2.9307628,0.8433713
2015-08-24 09:00:00,27.633092767150288,33.856842,21.002838,30.867145892549594,34.12394,27.185986,1.3705934233116899,3.3532248,0.31793812
2015-08-25 09:00:00,29.709905748676647,34.2482,22.802887,23.611269358422117,33.440723,12.9032955,1.4303597418051046,3.1712236,0.10781395
2015-08-26 09:00:00,29.561993598902802,35.104645,22.643707,28.077297369902055,33.352592,23.631344,0.8586101521774819,2.1007633,0.11525564
2015-08-27 09:00:00,30.950074727844765,35.140533,25.31778,23.94660995739401,25.387432,21.359362,0.9142304025830906,1.7393675,0.14846238
2015-08-28 09:00:00,32.79572615224379,35.72647,26.585846,23.839279622234784,26.428059,20.896246,1.3788279591265031,2.0858703,0.79173845
2015-08-29 09:00:00,31.60507701396415,37.44986,24.152985,23.423366248522825,27.01913,20.648037,1.7064318635097815,3.027852,0.95252675
2015-08-30 09:00:00,28.486406526713893,32.92569,23.03897,32.45879932286919,46.49882,6.152811,2.3228442667955025,4.3861957,1.2953149
2015-08-31 09:00:00,27.09158438570347,29.95279,21.991852,17.09619567886696,23.334057,12.500121,2.493716093920611,4.255269,1.5197955
2015-09-01 09:00:00,26.508959402571236,31.09903,20.054108,18.40176905461444,25.444324,5.3854756,1.6491127331336484,2.5713634,0.62508804
2015-09-02 09:00:00,24.885574285879215,30.88858,19.582184,30.379811609098073,46.69033,21.330193,1.85411815454235,2.8912663,0.53350174
2015-09-03 09:00:00,24.10645732689966,29.631012,19.629303,33.4275603954066,51.376945,13.227512,1.8875062560973324,2.5219789,0.83415
2015-09-04 09:00:00,24.360541827196187,28.470367,19.712555,36.894933728075834,57.37899,2.6058426,2.1933692083976557,3.4351547,0.7700219
2015-09-05 09:00:00,22.914448421175337,27.453278,19.166168,20.596550289652892,41.881306,2.2975779,1.5810994544608175,3.2638662,0.8285015
2015-09-06 09:00:00,25.4813303794931,27.206207,22.632965,17.871395649894477,23.31443,6.9041424,1.3327231551230099,2.077847,0.7101736
2015-09-07 09:00:00,28.43364743453344,30.839752,23.669098,14.967421681732436,19.84199,8.9044895,0.8806331848151556,1.3882154,0.36382246
2015-09-08 09:00:00,29.771612165631325,33.28531,24.334625,15.188694994979686,17.684738,11.584719,0.6603820388144263,1.1605711,0.2676126
2015-09-09 09:00:00,30.84696658716996,35.039703,24.965485,22.026462265844426,28.668238,18.750269,0.6944671451316962,1.6180799,0.12821478
2015-09-10 09:00:00,31.656246552941468,35.779205,25.576813,24.674907860681685,30.710562,21.769156,0.576174408151583,0.950875,0.06042513
2015-09-11 09:00:00,30.468630738733452,36.59366,24.629547,20.44257765418563,25.611816,18.428223,0.6507091207662137,1.1449705,0.10786434
2015-09-12 09:00:00,30.849967626987336,36.318512,22.96695,23.592979310549936,30.29916,18.750338,0.861658979547084,1.8064928,0.45756963
2015-09-13 09:00:00,27.46188767307774,31.969147,23.034088,24.748419302613726,39.720394,14.525082,1.1927061260983318,1.973814,0.63036966
2015-09-14 09:00:00,25.69121667565838,32.56363,19.956207,35.73611849789687,42.911407,26.555937,2.146865466899609,3.2861266,1.1038878
2015-09-15 09:00:00,22.18879691610664,26.27945,19.71695,50.974394112554265,65.0278,42.667328,1.9937791975668466,2.6518188,0.15442309
2015-09-16 09:00:00,21.206657069335336,24.797272,18.700836,30.48775931962163,77.620735,9.616828,1.8708137035636008,3.461501,1.1244864
2015-09-17 09:00:00,22.48605503974119,24.98648,19.902496,34.95154924485877,48.0965,20.479313,1.6401525624625772,3.4618948,0.82577914
2015-09-18 09:00:00,24.018699294803753,25.848297,21.6315,22.750858704829085,30.517963,16.934822,2.5830381426995985,3.2934036,1.5617077
2015-09-19 09:00:00,27.618962933624175,29.915192,24.729156,17.122526883426296,20.133015,12.60567,2.043819436994322,2.7212384,1.0577382
2015-09-20 09:00:00,30.361587971751135,32.618317,25.93106,18.933912508527815,24.308723,16.030771,1.521898879020627,2.534045,0.7560369
2015-09-21 09:00:00,32.01878067446347,35.15518,25.1044,22.253843657666955,28.640633,19.542976,1.1192895358849462,2.3581688,0.20585181
2015-09-22 09:00:00,30.883635877203176,35.185455,22.011871,26.279770582147744,31.831545,20.098034,2.2282310903448077,2.8351083,0.817039
2015-09-23 09:00:00,25.686118102338526,30.582184,21.35904,15.716974916879645,28.337305,8.522441,0.9367104449863473,2.1504018,0.21232809
2015-09-24 09:00:00,29.40450737387829,31.771881,25.778961,11.469546471367897,16.40469,8.392972,2.02529752212581,2.7567089,1.2900276
2015-09-25 09:00:00,30.991650955420766,33.7731,24.030914,17.864556261622667,21.297554,12.6956005,0.6396045713581378,1.2876749,0.16497746
2015-09-26 09:00:00,29.0311560239291,33.46866,23.308258,17.787267241415762,22.510674,11.521362,0.9408997440977568,2.3660266,0.2915026
2015-09-27 09:00:00,29.14467961700393,32.10025,23.223297,27.49957192903498,28.794912,24.388662,0.8928646457582026,2.4766722,0.07601535
2015-09-28 09:00:00,25.740105053701996,30.750885,20.401276,15.416730428626593,21.071978,10.651427,1.276020992426209,1.8767502,0.68155587
2015-09-29 09:00:00,24.68975557726816,29.907867,20.291656,15.271193420885256,21.89478,11.878005,1.5673916752102282,2.7805371,0.8932596
2015-09-30 09:00:00,25.247817023718824,29.055084,21.805084,23.533817519156756,29.056328,18.469734,1.8122026791823267,4.082797,0.7339011
2015-10-01 09:00:00,24.582387966862825,26.350494,21.745026,41.724435410862505,50.06847,25.19016,1.9728038860970198,3.8948753,0.7534733
2015-10-02 09:00:00,23.320614133078777,25.964752,20.73819,45.078551707121534,55.635685,33.93256,1.6328902762327009,2.4910948,1.0953672
2015-10-03 09:00:00,24.089134174758044,26.929352,21.277008,32.330551646353555,45.183617,26.812523,1.2805654265497517,2.9362414,0.29631025
2015-10-04 09:00:00,22.159876211520327,27.882965,18.275543,15.667280217014616,39.697056,3.55499,1.918953487646885,2.7854538,0.61921674
2015-10-05 09:00:00,20.608763263342837,22.82193,18.322662,49.86094660221532,57.094566,40.76997,0.757897598591148,1.1762643,0.37884226
2015-10-06 09:00:00,21.442907394618373,23.815582,19.93863,55.17400703427967,63.17206,47.145416,1.0532193733635606,1.5996803,0.43586013
2015-10-07 09:00:00,23.902019090562874,25.985016,21.432037,38.539666135348554,41.441696,33.097946,1.1141556018630794,2.6553788,0.085689634
2015-10-08 09:00:00,26.158968188675715,27.89859,22.842926,21.743117038871063,27.90394,17.275034,1.53094352610158,2.5980418,0.63250005
2015-10-09 09:00:00,27.956875408394808,30.321198,24.0336,15.40009092496676,21.02806,10.534317,2.1035859278070794,3.2567258,1.0788518
2015-10-10 09:00:00,29.432369240081755,32.095367,25.181305,17.819402178207415,22.756676,10.721364,1.2496082746578139,2.3249717,0.54565585
2015-10-11 09:00:00,28.87871440805577,33.366608,24.53946,26.200586089623847,30.201874,16.803436,0.7710425916653064,1.6721946,0.14631337
2015-10-12 09:00:00,28.24636908325408,30.790924,23.28897,20.27602198954967,24.575714,18.0864,1.3900699793067772,1.8394791,0.6664144
2015-10-13 09:00:00,29.496168974509885,33.7294,23.774323,26.958806088293443,31.46302,22.78651,0.49188491281994196,0.8613517,0.13506638
2015-10-14 09:00:00,27.09064842183483,32.25406,23.285309,35.57559773553528,43.989536,27.611217,0.9790460565398497,1.7595645,0.3206929
2015-10-15 09:00:00,24.076792536281744,26.36026,21.5419,45.33373649252539,55.426056,36.71512,0.5151116775122551,0.7833861,0.21001409
2015-10-16 09:00:00,22.68541555561677,25.2211,20.641022,67.75444268006387,77.79102,54.08573,0.76145640015992,2.2271845,0.25052226
2015-10-17 09:00:00,22.099853334613613,24.866608,19.991608,61.68206677869941,74.4408,52.88966,1.4199570418570981,2.7156885,0.16263807
2015-10-18 09:00:00,22.630825426219815,25.73526,20.536041,61.166286306919055,82.38584,35.144978,1.89653951801373,4.112473,0.8270875
2015-10-19 09:00:00,20.916697143742397,23.154205,18.527252,56.97024428426936,76.075325,42.544914,2.581588870388454,4.626513,1.2084852
2015-10-20 09:00:00,20.565836569618,22.335602,17.069,47.378868547722725,58.21451,35.96842,2.2816211766737355,3.5880806,1.1587552
2015-10-21 09:00:00,22.560533110596566,24.796295,20.190826,31.030340985500494,35.72816,25.756426,1.521212097671905,2.623897,0.63701254
2015-10-22 09:00:00,23.470051152652786,25.548248,20.321686,30.73667824963082,36.782307,22.564636,0.546721031507996,1.5760273,0.06577264
2015-10-23 09:00:00,21.951238925754183,25.549225,19.601227,26.176708623983156,29.923353,22.375706,0.5117398721214867,1.450775,0.019340206
2015-10-24 09:00:00,23.63435640217199,25.542389,21.709381,20.419537592654212,23.432093,16.603968,1.3224752661386474,1.861075,0.6162569
2015-10-25 09:00:00,24.32488059883201,26.533844,21.363922,15.535305297340011,24.710047,3.936609,1.0751258275681395,1.6251796,0.2871317
2015-10-26 09:00:00,24.151314880272196,26.09488,21.827301,10.484571630213692,14.602071,7.043477,1.3357591706328313,1.7936685,0.46394637
2015-10-27 09:00:00,24.308569160715365,26.829987,20.335846,9.847980498098797,11.549099,7.9985533,0.7036244356421619,1.3451555,0.00876485
2015-10-28 09:00:00,22.957427308353886,24.818756,21.310944,13.673598474541409,16.152773,10.461367,1.5185842757114647,2.6430736,0.69950485
2015-10-29 09:00:00,21.27944540412767,22.933014,18.89981,39.159897718998145,64.57872,28.375889,2.972909616169447,4.0989356,2.1013436
2015-10-30 09:00:00,20.552129655580586,22.317535,18.21695,10.125911242400903,24.593594,5.126837,2.5147411932695616,3.578794,0.7858586
2015-10-31 09:00:00,23.075499448141215,24.68692,21.41275,17.479347710329147,21.975468,10.427744,1.9429578158519167,3.2822104,0.49441472
2015-11-01 09:00:00,24.841306378556453,26.993317,22.424957,11.633876696276257,19.288227,5.2022896,1.261956111050204,2.954994,0.40231252
2015-11-02 09:00:00,23.783365047108077,25.879547,20.240875,25.938767206989453,43.143745,9.51427,2.315042384998641,4.4173627,0.9651132
2015-11-03 09:00:00,13.654729934679153,16.054596,10.413971,59.13266332719364,83.93837,48.231068,2.0991097323376855,4.283584,0.84208673
2015-11-04 09:00:00,15.015375201557333,17.250885,10.495026,52.0646146562377,72.89334,27.618206,2.353078322269138,3.9899452,0.48671186
2015-11-05 09:00:00,15.862402776280248,17.871246,11.548248,19.260917360297725,22.966518,16.701534,1.4123296167710333,1.9040173,0.61323303
2015-11-06 09:00:00,16.160059605014,17.518951,12.821686,23.244252660832327,28.17474,17.100521,2.110761147213129,3.0271363,1.0789101
2015-11-07 09:00:00,17.365772854844636,19.146393,15.01358,14.653636450308296,16.239338,13.44637,2.0574306703149245,2.6744204,0.7123598
2015-11-08 09:00:00,19.656932529071696,21.520905,16.89981,17.75112133828994,25.991951,12.406523,0.808547625961815,1.9129753,0.13215673
2015-11-09 09:00:00,17.58704549620427,20.205963,16.221588,29.62964757073662,64.83067,14.655153,2.5221301880406037,3.4459376,1.3623097
2015-11-10 09:00:00,12.731287457711687,14.052643,11.115387,71.1558650622601,74.273705,68.277115,2.531372592461052,3.7757075,1.5016735
2015-11-11 09:00:00,13.320393423428925,16.086578,9.876373,9.064044948689364,17.327477,5.776696,2.5993920982200875,4.014879,1.143712
2015-11-12 09:00:00,15.15348967440167,17.926422,11.215485,2.8046052603422145,9.290775,0.15530014,2.57296826993674,4.1827984,0.7903205
2015-11-13 09:00:00,16.395114087650484,19.25528,13.196686,11.602370055596785,14.741698,9.925292,2.5372266328335504,3.6751585,0.73201483
2015-11-14 09:00:00,18.320704997688154,20.253082,15.740875,12.375410468183894,15.508395,10.248736,1.258665977229936,1.7112447,0.40061417
2015-11-15 09:00:00,18.862700287598784,21.289703,16.932281,10.839528097715993,16.62381,5.355707,1.9126542087299807,2.828474,1.2140187
2015-11-16 09:00:00,12.381190264421889,14.676666,9.260651,28.71172772826982,67.801155,13.340216,4.589001211277118,7.0799184,3.0202522
2015-11-17 09:00:00,12.867567181538789,15.3714905,10.19693,14.706947424365001,20.375454,9.70606,2.9236638096866066,4.941163,1.2723067
2015-11-18 09:00:00,14.441135141694076,17.469147,10.994049,14.36627833835494,22.585823,6.804573,2.4615331422594706,4.7143555,0.6221458
2015-11-19 09:00:00,16.66161703088727,20.069489,13.450348,12.64850913748276,15.984883,9.20754,2.571645986279517,4.8349013,0.6309331
2015-11-20 09:00:00,17.918933479901966,19.940338,15.401276,12.147345719487504,20.848186,7.1411552,2.6456536402154063,4.844311,0.45922625
2015-11-21 09:00:00,19.74649913577599,22.189392,17.080017,12.826559184389764,21.69738,8.880975,2.345359300273842,3.8077781,0.47095037
2015-11-22 09:00:00,20.93893685250606,22.936432,19.436432,18.25299525886336,20.919172,12.868791,1.6636028999681856,2.1588058,0.59143627
2015-11-23 09:00:00,21.630737446434466,23.268951,18.845123,17.984719460606552,21.478233,13.882213,0.5887061969249966,1.1300308,0.084411405
2015-11-24 09:00:00,17.509726116956017,21.893951,14.756744,17.105573036492494,21.622578,13.735862,1.3847892456654178,2.4869752,0.6258426
2015-11-25 09:00:00,13.741407751737484,15.562225,12.45871,43.04383668660224,68.729195,24.803848,2.6912563124393185,3.951828,1.621216
2015-11-26 09:00:00,11.307600053771807,13.115906,8.838562,61.34078497326709,67.77086,52.360706,1.696346876891162,2.5088062,0.9625271
2015-11-27 09:00:00,11.248416525342464,13.958405,8.052155,50.241012720682214,65.324295,34.09383,2.0101969288063275,2.6140604,1.2066759
2015-11-28 09:00:00,11.67712239806184,13.662018,8.193268,41.39073813589892,46.38162,35.829193,2.070920401782534,2.595544,1.159251
2015-11-29 09:00:00,13.06422254207257,15.059509,10.305603,28.33958130578135,33.839256,21.573631,1.5298244044535505,2.2507677,0.52206236
2015-11-30 09:00:00,13.300302064720654,15.270813,10.479797,9.032116756010492,16.295149,5.0373363,0.9984967734393158,1.4079819,0.057899017
2015-12-01 09:00:00,14.179948920160825,14.827911,12.415802,19.396292874741047,47.65292,7.145108,1.6606278709292375,2.4676719,0.51035166
2015-12-02 09:00:00,15.137181847820102,17.401459,12.596344,16.37157105203083,20.743734,9.124017,1.877142551922011,2.6252618,0.40616536
2015-12-03 09:00:00,16.941810759832777,18.371002,15.523346,14.718831284949733,19.068941,9.969806,1.068947893282353,1.5247098,0.20846955
2015-12-04 09:00:00,15.575116865588711,18.778229,14.662994,38.00602230657181,52.095867,22.931145,1.3532259937657076,2.777803,0.6379516
2015-12-05 09:00:00,15.42715552524021,17.511139,12.390045,5.3642283257258505,8.256576,3.5478067,2.184322006649452,3.172432,0.9668873
2015-12-06 09:00:00,15.674250319712996,17.05606,14.362701,10.391951950536747,12.823924,5.5246553,0.7391642767951746,1.496526,0.20621866
2015-12-07 09:00:00,16.677104530964016,17.794586,15.18277,17.407191574988225,28.447235,10.8012705,1.645372770004718,3.2014728,0.26196525
2015-12-08 09:00:00,17.03031888243129,18.315094,14.998688,32.300023799527395,37.396866,23.873955,2.032603020549791,3.8294315,0.617394
2015-12-09 09:00:00,16.40486880150587,18.514313,13.992828,14.778840706584432,22.860691,7.977557,2.038868435148085,3.7277873,0.4887373
2015-12-10 09:00:00,17.204002769201963,18.767242,14.968414,17.45363100958957,23.509068,11.864537,0.9598509855373364,2.296556,0.1232531
2015-12-11 09:00:00,14.391452585778666,16.183746,13.341949,65.17736771784594,77.79498,56.82321,3.007252857728039,4.1428432,2.122435
2015-12-12 09:00:00,12.188528363214743,14.360016,7.9147034,56.209072870223764,76.93522,48.380527,2.8972433557717583,4.6129947,1.631719
2015-12-13 09:00:00,13.752376680842474,16.247955,10.45108,42.210752014502454,49.97471,35.397614,1.0727635821975756,2.5179358,0.13963366
2015-12-14 09:00:00,11.095919231163805,12.601959,9.769928,48.84345577871651,69.86852,39.263435,3.5858380438015187,6.0299873,2.1420252
2015-12-15 09:00:00,10.463299499712036,13.1979065,5.2897034,20.35147666778992,26.990606,15.391343,2.696161870542682,4.220056,1.1058335
2015-12-16 09:00:00,10.389149831881468,13.783844,6.0397034,15.462556639610591,21.962296,11.11464,1.958435889319495,3.3952076,0.38266376
2015-12-17 09:00:00,11.622627369549662,13.66568,8.218414,19.994654433175313,29.198715,13.901841,1.5769998452765144,2.996706,0.31659716
2015-12-18 09:00:00,13.110798923834068,15.1076355,10.9670105,20.33141885424976,27.101166,15.230073,1.3066607514424997,2.17435,0.42872903
2015-12-19 09:00:00,14.907930601761564,15.970428,13.960663,31.140038082873385,38.656574,26.629568,0.7599634612406356,1.2353245,0.17559889
2015-12-20 09:00:00,10.319817000421324,13.552155,7.7357483,24.939428490165927,42.389465,15.373839,1.8904226867665384,3.5446079,0.5162987
2015-12-21 09:00:00,11.78894249599847,13.918121,9.80069,36.831094986699505,96.476776,13.320528,0.6516142456525836,1.5845457,0.23544793
2015-12-22 09:00:00,14.108891007644445,15.536041,11.629791,90.19653192314794,98.15458,84.876816,3.062329899442161,4.2183366,2.1100292
2015-12-23 09:00:00,14.415903203291919,15.583649,12.605133,42.55291284987237,72.15936,13.244603,3.4007027150265534,5.4335527,1.4464765
2015-12-24 09:00:00,12.366735427038407,14.529205,8.208893,47.69282168253713,59.927643,31.845585,2.2014366163198207,3.8854597,1.100844
2015-12-25 09:00:00,10.100110556843845,12.262024,8.076477,65.84682590302778,78.58274,55.446026,2.408741011061942,4.2921243,1.5483319
2015-12-26 09:00:00,8.778630062277102,11.290619,5.292572,13.097185023846091,33.31945,3.6869745,2.3318470616153575,3.9164972,0.9799397
2015-12-27 09:00:00,9.971234178989391,12.872467,7.2369995,10.267560019221877,17.019787,4.2833967,1.5775056651071089,2.4175832,0.25253272
2015-12-28 09:00:00,10.332269250693685,11.28714,9.404327,6.3494613907571305,15.912548,0.95942307,0.9784250120025292,1.9052529,0.38718984
2015-12-29 09:00:00,8.613260847785966,11.930298,4.532257,39.788609399411456,47.267193,30.067974,2.303953590902193,4.3674297,0.8712668
2015-12-30 09:00:00,10.225514179572485,13.369049,6.2694397,18.734204262408504,24.1971,13.487446,1.682994461740071,3.0608885,0.1545023
2015-12-31 09:00:00,11.626525293596103,14.405151,7.8641357,26.904171689713152,40.57163,18.634129,1.9626973011399995,3.0731359,0.5932118
2016-01-01 09:00:00,11.76303272565724,13.841095,9.458282,30.9829427575281,43.78721,19.174553,0.7889754037190932,1.2880676,0.21406877
2016-01-02 09:00:00,11.103574457443074,12.5578,9.704254,14.64291357162494,17.220257,12.548381,0.7302815935621366,1.2102106,0.2795715
2016-01-03 09:00:00,12.302627785271909,13.495514,11.614655,18.52065648125944,23.092175,13.967174,2.2576059011224467,4.274746,0.8915671
2016-01-04 09:00:00,14.254646812580688,15.810181,13.025024,47.95152363197374,65.55063,40.61365,0.8175082267553008,2.3700314,0.099371366
2016-01-05 09:00:00,13.386633362237262,14.350128,11.930206,66.9291658128788,79.991875,57.78094,2.8717897914254777,3.6323435,1.4902912
2016-01-06 09:00:00,10.795076176995622,13.017151,8.29184,76.69375885381989,85.86428,60.205647,2.651162378594627,3.9291587,1.4053067
2016-01-07 09:00:00,9.072716332303116,11.221344,6.4686584,75.86337041073091,86.32594,69.33514,2.693021130645388,3.5937393,1.7965107
2016-01-08 09:00:00,10.639446414918666,12.646881,7.209381,61.65632391384522,74.21827,49.4878,1.806085282462367,3.1654797,0.90492916
2016-01-09 09:00:00,10.77607117062513,12.966583,7.689789,31.513198891113596,50.248238,22.189644,1.2450512345900426,1.7177433,0.6938605
2016-01-10 09:00:00,11.49840521245335,13.63974,8.938324,66.02605023633284,78.19549,49.27244,1.3345985496368928,2.9064739,0.2397566
2016-01-11 09:00:00,11.511020366222283,12.942352,9.950165,44.71745174836633,59.322456,38.133003,0.8633736254858855,1.1790074,0.17622356
2016-01-12 09:00:00,14.171452854496124,15.382538,11.57785,8.92074012350724,27.313501,4.1260014,1.2679107455447445,2.120303,0.51330596
2016-01-13 09:00:00,15.303403031726418,15.962402,13.89209,18.049017011461455,39.56439,7.669857,1.1504884884266595,1.6645082,0.3532727
2016-01-14 09:00:00,14.249955249212519,15.053864,12.600739,11.73034602153446,28.486176,4.6424255,1.649098860812142,3.3092813,0.8216126
2016-01-15 09:00:00,13.469195741364047,14.451202,12.451202,15.805358323529326,45.876755,3.771284,0.9112000099499082,1.1630324,0.5770876
2016-01-16 09:00:00,14.976060718162046,16.39273,12.5052185,29.93222298181824,36.33573,24.503702,1.0182086941285655,1.6072828,0.31057668
2016-01-17 09:00:00,15.875604444566306,17.462067,14.110504,48.17228341914089,65.40426,25.685513,0.7659148357523702,1.8189377,0.1635029
2016-01-18 09:00:00,15.067433942148512,17.443848,13.813019,57.1940679394242,72.24157,38.707737,1.489057917494577,2.1331272,0.5787511
2016-01-19 09:00:00,15.598328551769612,17.081635,13.399994,46.50269428867228,61.447178,34.814365,1.6597801825330638,2.6412785,0.86807203
2016-01-20 09:00:00,14.34008023785691,15.295502,12.172455,13.441369038105478,34.752884,1.7300301,0.8575392598927798,1.2904545,0.6119525
2016-01-21 09:00:00,15.52250956833791,16.896576,13.709076,12.205672792244565,22.703243,5.221876,1.1314567565956808,1.5645835,0.37838045
2016-01-22 09:00:00,15.749676490029117,17.282898,14.298523,19.296789403563654,28.613564,15.406532,1.7079380393876167,2.9880605,0.7158183
2016-01-23 09:00:00,16.51813655985569,18.804596,14.35733,46.966575401436415,58.84875,32.286865,1.4730889588199394,2.0246708,0.53657216
2016-01-24 09:00:00,13.080515611134217,14.249359,10.534515,51.01430390724319,84.57037,27.654049,2.9215816360988343,4.5414023,1.7362392
2016-01-25 09:00:00,12.459058459243579,14.370514,9.719147,19.798249237649454,33.593853,11.664165,2.2183654239382182,3.9511673,1.1485143
2016-01-26 09:00:00,13.905485206022604,16.246887,10.576965,25.394193925583842,30.201876,16.877657,2.24821762414816,3.629581,0.6547071
2016-01-27 09:00:00,16.185173524432003,18.465668,13.205902,11.685747770555986,17.066164,5.474353,1.4187905727541996,1.8330867,0.27388424
2016-01-28 09:00:00,15.648105323590471,17.142365,13.474396,7.202590480598569,14.145293,3.0927181,1.3827787413555188,2.2783356,0.086548895
2016-01-29 09:00:00,15.848210719585154,17.082672,13.62442,14.598266489320846,27.590946,6.9190702,1.769592950648053,3.323308,0.5973082
2016-01-30 09:00:00,16.586801638526197,18.45462,14.276886,51.29672701878434,58.82325,43.59767,1.9660672692047885,3.9008038,0.7265615
2016-01-31 09:00:00,12.991118051464241,14.284576,11.157623,62.90357354682661,75.959274,54.449078,1.6797104186344827,3.0557032,0.42283309
2016-02-01 09:00:00,9.432982158951575,12.101959,4.621002,21.420034577649528,49.358276,9.905153,5.14524734119142,7.994872,2.4153478
2016-02-02 09:00:00,10.88302164936772,12.916168,6.3927307,15.647834964285341,23.912628,9.482856,1.6005736014457095,3.152145,0.4886983
2016-02-03 09:00:00,9.746019965596304,12.066254,6.917206,19.697192400692522,28.953094,13.441377,1.1171881541827644,1.6523868,0.521595
2016-02-04 09:00:00,12.645826132127354,13.696442,10.786285,33.51379173967806,53.692802,24.785988,1.4230337107902404,2.673,0.32111645
2016-02-05 09:00:00,13.999218026676544,16.73642,11.150482,10.339556150548793,18.640335,4.99093,2.221017351439989,3.349154,0.592162
2016-02-06 09:00:00,16.42591313797959,18.299438,14.18811,14.790186790115278,19.308844,11.617437,1.9861573951522988,2.8680465,0.45860174
2016-02-07 09:00:00,17.633153220756924,20.152374,14.730499,9.806968982640077,18.865143,6.400299,2.6751362978362465,4.263832,0.75348586
2016-02-08 09:00:00,20.404252532762882,22.699371,18.726715,14.2607860292812,17.94196,11.761228,2.0962914337840215,2.8176348,0.9141104
2016-02-09 09:00:00,21.430499492086142,23.798553,19.08371,11.877129749544462,14.574109,9.589098,1.8271076766911136,2.4754877,0.44302964
2016-02-10 09:00:00,23.19451824853917,25.16391,21.048676,8.07548533663256,11.195778,5.9348736,1.473952135464698,2.0714533,0.62032986
2016-02-11 09:00:00,19.903428507321905,21.702484,17.46225,6.27264437071539,7.6256056,5.0162306,1.7211111032939546,2.3137708,0.38512585
2016-02-12 09:00:00,20.84219111838746,22.916962,16.14743,9.346522672038311,13.160474,6.7113695,1.1194733432739836,2.0446706,0.1622072
2016-02-13 09:00:00,19.208776260931074,21.050446,16.773102,11.835834023421546,25.353313,1.0987625,2.0782614350206683,3.1649356,0.6414716
2016-02-14 09:00:00,18.291449071909142,21.208527,15.263214,6.913037910419466,17.413132,3.0140915,2.4382983568444283,4.417553,0.7060617
2016-02-15 09:00:00,19.6972373527106,22.208862,16.860992,19.63927999350799,28.293243,15.42361,2.886322409588473,5.0239053,0.8395023
2016-02-16 09:00:00,22.55069069961928,24.64682,19.877289,12.402350731819137,17.139435,8.432969,2.346900005274345,3.7053564,0.5707993
2016-02-17 09:00:00,24.175330216854263,26.821991,19.251678,19.235427706836244,22.272968,13.355125,2.4522077818768877,3.5464163,1.0964587
2016-02-18 09:00:00,14.300396276105403,15.464996,11.849762,52.73079995170582,63.048435,37.93501,3.74392702549322,4.7359176,1.8142214
2016-02-19 09:00:00,15.141264137598284,16.789032,13.0312195,22.75275337869982,41.946365,15.742788,1.2568075331959243,2.6567278,0.20044078
2016-02-20 09:00:00,15.958785676575928,17.799469,14.6822815,18.785260494979457,30.128376,10.847127,2.0684595750098853,4.0708747,0.96974707
2016-02-21 09:00:00,16.215903434429606,18.179596,14.015533,5.159208814984052,15.296263,-3.0952654,2.151321243921659,3.434498,0.6445542
2016-02-22 09:00:00,17.706810767851437,19.981903,14.862762,10.665922418397388,18.300388,7.6910143,2.856205723783839,4.651852,1.3914806
2016-02-23 09:00:00,19.013653709924597,21.779327,15.5625305,3.454770852090724,10.258278,0.5707779,2.3959474238857617,3.7762637,0.6340737
2016-02-24 09:00:00,20.194687883803795,22.169098,17.327301,7.966738872259327,17.426579,4.1552715,1.0092410854120375,1.4957509,0.3107133
2016-02-25 09:00:00,21.04219681015411,23.890533,17.691315,9.603942680311938,15.561101,4.8313866,0.9763373702243543,1.459878,0.577509
2016-02-26 09:00:00,21.726359974092645,24.108124,18.067108,11.79035699156947,21.850977,6.203395,1.0311692198965214,1.461181,0.23296581
2016-02-27 09:00:00,19.506866193830206,23.326752,15.893158,14.898777812614204,29.241045,6.4207325,1.3838034250481117,3.273345,0.47996083
2016-02-28 09:00:00,19.684531382080195,22.167633,16.825836,12.525166093507075,26.290272,6.591053,2.2114173489547904,3.8167064,1.0827986
2016-02-29 09:00:00,19.943267525390297,22.46341,17.080597,11.11780449467018,23.225878,6.804003,2.559195564366854,4.2547464,1.0300022
2016-03-01 09:00:00,20.90446681239257,23.442047,18.110016,15.220194745026186,22.935917,10.728886,1.8271085419940971,3.2007005,0.71165824
2016-03-02 09:00:00,22.581650230092635,25.944061,18.498749,8.148203467484413,12.541599,5.2270794,0.8570435764948064,2.3790402,0.08265946
2016-03-03 09:00:00,19.45062828881862,24.327057,14.303619,5.4764645506460905,7.1740284,3.0337563,0.9920890424653513,2.598831,0.23782319
2016-03-04 09:00:00,19.23546090478112,22.454437,15.809906,42.46474643308718,61.442173,23.608574,1.0542256945514252,2.4437115,0.53135324
2016-03-05 09:00:00,17.992038890651543,22.094025,15.674103,68.1284718202602,89.85414,54.17062,1.9972130884937873,2.7846556,0.5979667
2016-03-06 09:00:00,15.250918081405473,17.832428,14.461334,77.2255110593778,84.29816,65.69365,3.5198080038362924,4.418184,2.5011587
2016-03-07 09:00:00,14.329549184372468,15.935944,13.238678,60.95952521272456,84.01255,40.016457,3.6690238138444373,5.1543,1.4283404
2016-03-08 09:00:00,12.16534973610112,13.878571,8.710602,52.815129791685976,65.73753,30.436754,2.488459930314508,4.7584143,0.45294738
2016-03-09 09:00:00,15.425872839596082,17.497955,12.9652405,62.15608598210737,80.0549,33.44194,1.6064987039819774,3.3872204,0.80752295
2016-03-10 09:00:00,18.625533669883623,20.223541,16.025543,27.760846993211118,34.94789,18.842422,0.8016000476281988,2.4344876,0.17690822
2016-03-11 09:00:00,20.081520416822457,23.850739,16.610504,10.028621034621269,30.447477,0.46125644,3.198053777609272,3.8712068,2.5554945
2016-03-12 09:00:00,11.998652618948483,13.582916,8.668854,70.5320174341609,80.16651,65.666084,2.9411040881980353,4.345139,1.7484837
2016-03-13 09:00:00,14.241442881268995,15.399078,12.522125,69.69790067940853,82.90285,60.02003,1.5820893094065391,2.0421455,0.6274372
2016-03-14 09:00:00,15.168770631284133,15.818268,13.175201,56.223905025194746,91.82814,17.620644,1.5944366145498892,1.9933131,0.839138
2016-03-15 09:00:00,17.368701069080657,18.743073,15.248932,10.368110900900112,32.596558,1.9559326,2.654873545590214,4.2260637,1.2869308
2016-03-16 09:00:00,17.872453014656116,20.412018,14.422272,15.988311776670667,25.860977,10.139775,3.1536395673381192,5.1438236,1.1079727
2016-03-17 09:00:00,20.794359381615948,22.655426,18.23941,21.606436602786815,28.743633,16.836452,2.0143438892284853,2.4931624,0.59151006
2016-03-18 09:00:00,22.30604084215571,25.835602,18.28482,21.49543478146672,32.595085,9.69665,0.8448194377023641,2.0775654,0.16994734
2016-03-19 09:00:00,20.22378299378505,24.25772,15.634674,25.568244624412067,43.672787,10.357001,1.1226992754918101,2.8863811,0.24108957
2016-03-20 09:00:00,19.683345719310807,23.658844,15.8815,31.123032314846025,45.016342,22.196217,1.3034810334701599,2.595167,0.5230935
2016-03-21 09:00:00,18.59473311742255,22.631012,15.431793,32.12854144494119,49.051132,21.226109,2.139782988548183,3.213367,1.3377662
2016-03-22 09:00:00,16.11857869131927,17.823395,14.766754,56.75933030683678,64.971146,40.507267,3.3219296567498486,4.305917,2.323647
2016-03-23 09:00:00,16.289965753519596,17.75064,13.254547,16.738119940987755,33.396523,5.169961,3.357743812452128,4.6700006,2.4182658
2016-03-24 09:00:00,17.9821162409026,19.831024,15.479462,12.218613388125426,39.59807,5.875414,2.6242156956634286,3.9171295,1.5053719
2016-03-25 09:00:00,20.254478524969386,22.928131,17.043365,15.150572249965983,39.309513,6.615573,2.5090619717966045,4.192117,1.1479367
2016-03-26 09:00:00,19.73830761658155,22.499908,16.884674,26.99741624180397,39.310463,20.945618,2.7376423624612176,4.0539737,1.5401483
2016-03-27 09:00:00,20.852631993602813,23.395416,17.430573,30.748391380942053,40.131798,20.914719,2.1450981902492483,3.588053,1.4290701
2016-03-28 09:00:00,20.05521628574047,24.39273,15.400543,11.127840378165297,43.88672,-1.258749,4.007762509713943,6.594151,2.0941842
2016-03-29 09:00:00,12.770226287143203,14.574371,10.877106,47.817406970543054,61.650925,40.002487,3.3446636510268544,4.732155,2.5061386
2016-03-30 09:00:00,13.679783965336924,14.85733,11.152252,52.774636919588005,59.188385,41.79152,1.6403922341464032,2.0281935,1.2171313
2016-03-31 09:00:00,17.323614214414704,20.803131,14.650787,44.57285543867421,51.865593,32.28959,1.3134517029985535,2.737388,0.49194694
2016-04-01 09:00:00,18.755556494124505,23.335114,14.847076,46.00374448384769,51.202446,38.981995,1.8277940460543327,3.453513,0.9988655
2016-04-02 09:00:00,20.802630650388778,24.19693,16.105133,30.45988492665165,36.717148,24.27574,1.050877863358325,2.2566662,0.33785316
2016-04-03 09:00:00,21.088792038127224,26.12857,15.622711,24.59877546710033,31.879593,17.471975,1.4244407367318002,2.2183247,0.7607537
2016-04-04 09:00:00,20.82284810164026,24.631927,16.534088,22.774067171739155,35.88713,15.910408,1.13640486641061,2.6529067,0.14590696
2016-04-05 09:00:00,23.026737240974,26.312164,18.707184,8.45917081427874,30.779882,2.8257265,2.535858722314808,3.223678,1.7676934
2016-04-06 09:00:00,25.43599314005712,28.737457,21.112457,14.37657646758183,16.97316,9.768174,2.560121752179835,3.6958694,1.6278937
2016-04-07 09:00:00,25.373214637337185,31.704254,16.247223,20.485937572309773,26.702139,14.599409,1.4794118108089749,1.9880229,0.35805193
2016-04-08 09:00:00,18.13514412117229,23.039215,14.660309,57.487055697579194,63.75444,47.856003,1.5399768479597504,2.7508595,0.39134818
2016-04-09 09:00:00,16.35617507821405,17.193024,14.761383,80.13355797623564,85.67779,72.08862,1.242659565580878,1.6922207,0.19611391
2016-04-10 09:00:00,16.936695784505446,18.71939,15.227203,70.4665297019786,81.37029,58.337593,1.4802664392902412,1.783845,1.2283657
2016-04-11 09:00:00,15.946751440867558,18.033112,14.499664,75.10424546914305,80.94858,69.22489,1.810861944565502,2.5046644,0.9550831
2016-04-12 09:00:00,18.106155060595142,21.87857,15.426178,62.11891673844545,72.141785,55.13881,1.7799445578209991,3.434948,0.59117764
2016-04-13 09:00:00,19.444470224603833,23.579498,16.015045,51.35382687845419,74.26007,17.13087,2.0681400591727086,4.033221,0.7614423
2016-04-14 09:00:00,19.911876491009707,23.728668,16.047028,23.285996361268246,54.84723,10.982317,2.9328303025268743,4.601802,1.9433345
2016-04-15 09:00:00,19.04240412412105,21.757233,16.020905,29.668215205913427,57.360313,11.379846,4.664384542094909,6.200147,3.3392026
2016-04-16 09:00:00,20.06670992150481,22.33609,17.474762,10.998523475577544,22.583618,5.2750254,2.533560715781014,3.3069685,0.8579029
2016-04-17 09:00:00,24.513590956884798,27.00943,20.067047,9.657576107918072,16.136127,6.374408,1.106828495641476,2.3030539,0.23057362
2016-04-18 09:00:00,26.235973351758787,31.079254,20.323883,9.407602441113061,20.653452,4.4663587,0.6243007031030469,1.2624036,0.11700847
2016-04-19 09:00:00,27.391519985147625,32.650787,20.990387,15.576581781504885,18.04694,12.710031,1.15219531654756,1.6793436,0.5474746
2016-04-20 09:00:00,23.687638961249093,27.685944,19.170319,13.582065918302545,15.452626,9.885228,1.3135201719725258,1.9463444,0.3871908
2016-04-21 09:00:00,23.345699680932228,27.98233,17.70694,14.463985242766118,32.98238,10.792006,1.4302806056156692,1.9497627,0.6865861
2016-04-22 09:00:00,21.04520051829428,26.513092,16.651764,28.811045957072608,48.07514,11.766549,2.6946332867047524,3.8094912,1.5256809
2016-04-23 09:00:00,16.938415569304425,18.150055,14.964508,47.7356614484874,61.017277,34.185246,2.628967376557599,4.1731796,1.680901
2016-04-24 09:00:00,19.909149226243812,23.035797,16.586578,38.493717829975786,46.112347,25.848272,2.9547748712579325,4.9306164,1.5941856
2016-04-25 09:00:00,18.591740997808472,22.196198,14.901276,19.49318809494948,55.682343,2.955782,4.277609214106369,6.979729,2.0370924
2016-04-26 09:00:00,16.204337527090388,18.577545,12.481842,37.461701799842146,48.26799,28.326584,3.1777770025558647,4.8829355,1.979741
2016-04-27 09:00:00,18.94192780701468,23.319244,15.225494,30.47438275958556,38.76821,16.737864,3.251803819057138,5.4118295,1.5757326
2016-04-28 09:00:00,15.747284077152528,17.714996,14.074371,62.70446073513134,83.22397,29.87738,3.8144167534820275,5.999574,2.9066386
2016-04-29 09:00:00,18.756016291963192,22.22525,14.164703,36.01187048636603,51.99868,14.7408695,2.213163158706013,4.5930276,0.44607577
2016-04-30 09:00:00,19.952003400798503,24.500153,15.756989,16.568171930234957,50.749043,4.0029488,2.8048389413828256,4.876004,1.2228576
2016-05-01 09:00:00,22.21300571417055,25.636383,17.952545,30.674943890677373,35.168144,27.306633,0.6966976712293526,1.4658012,0.040346894
2016-05-02 09:00:00,20.85225094852217,25.233307,15.45401,38.10755651123825,43.462093,29.33551,1.3900673900260487,1.7637612,0.76004595
2016-05-03 09:00:00,21.633360314416393,26.322662,15.431061,34.67537606876826,37.239994,29.41793,0.9592037635862087,2.1716652,0.27522242
2016-05-04 09:00:00,20.680664025845772,27.288239,14.616364,32.49826976790025,36.332832,22.843578,1.9382867757956752,2.67609,0.91742086
2016-05-05 09:00:00,17.60189176445317,24.278473,14.522614,53.31722108354218,64.20569,33.533813,2.7159540300366984,4.0654616,0.6183283
2016-05-06 09:00:00,16.422589762179882,18.215973,14.358551,74.02100515622948,77.63416,67.818245,1.3761309791724308,2.0908468,0.72041094
2016-05-07 09:00:00,16.24188060264504,17.595612,14.679352,55.27776873410919,76.88454,47.863834,1.647883335764548,2.249515,0.84243304
2016-05-08 09:00:00,17.763076283072394,19.850983,15.261139,60.235886467059565,72.20511,48.298862,1.2595705844704022,1.8066285,0.95259345
2016-05-09 09:00:00,19.195572424906004,22.142975,15.775787,69.64258750694641,76.88973,59.756176,1.717254398740297,3.037213,0.6206712
2016-05-10 09:00:00,19.458887554086402,25.025787,14.887848,60.632324596549836,70.979034,46.874043,1.8691258627921001,2.6201096,0.91612196
2016-05-11 09:00:00,20.35672365473897,26.929352,14.765289,48.79434483507936,58.44401,41.06115,1.4813541659471192,2.1136925,0.7838586
2016-05-12 09:00:00,21.876714072471827,29.190338,14.819244,30.731926954223376,44.81244,14.531189,1.7070042000142898,3.0895338,0.4595307
2016-05-13 09:00:00,23.210169856180016,30.636383,15.339508,29.711054796647637,37.106766,24.233147,2.024748218484547,3.492487,0.08603345
2016-05-14 09:00:00,22.28842229032233,28.347809,17.828522,22.441551945977363,41.77074,8.855402,2.1501340347929974,3.7684455,0.94644696
2016-05-15 09:00:00,22.247202807838676,27.79654,17.288483,42.227253828818874,53.630394,31.155704,3.0526899631877207,4.825868,2.0698628
2016-05-16 09:00:00,21.976981039347947,27.090729,16.69815,32.501674523154435,44.8843,20.011972,2.6568767831413598,4.7517114,1.4113675
2016-05-17 09:00:00,23.18984239263858,28.208649,17.599762,39.4496414291664,43.99902,35.654793,2.0809122385369143,3.3384695,1.0757079
2016-05-18 09:00:00,25.152383436846833,30.994537,18.146637,29.081147388747084,35.5271,24.716255,1.388924791675643,1.9177859,0.5666593
2016-05-19 09:00:00,24.2101424615023,30.06607,16.911774,24.701665161873752,30.582481,14.765164,2.5644092800239715,3.2563796,1.8606524
2016-05-20 09:00:00,20.42847931651795,25.710358,14.382233,7.518678306230035,9.514445,4.9206953,4.023986480550118,6.252662,2.7945185
2016-05-21 09:00:00,16.569153903368374,19.622711,14.530914,36.27074927599149,47.48005,24.35505,2.9497021194487503,3.9824803,1.8840722
2016-05-22 09:00:00,17.838205183258708,20.855865,15.733795,49.79458814823168,64.85773,35.18976,2.4786366871865164,3.8837678,1.2203813
2016-05-23 09:00:00,19.01874091978459,23.379791,15.579254,53.01685000245613,65.47172,35.521755,2.762174657195503,4.5919104,1.1150107
2016-05-24 09:00:00,18.296196981297555,21.434235,14.57486,48.86620948177014,59.241608,36.305885,2.7537297415610205,3.508971,1.6308901
2016-05-25 09:00:00,17.65406275484247,19.756989,15.446442,55.62148134975845,65.921585,48.977165,2.6442369803422867,3.7314215,1.3587732
2016-05-26 09:00:00,19.291399352203484,23.457916,15.892242,43.50764527731694,66.496574,28.217983,2.4868180204372976,4.5294566,1.1952299
2016-05-27 09:00:00,21.652517347352784,27.071198,16.397858,49.734712731044084,54.323494,42.750698,1.8686216577268717,3.4101794,0.92548746
2016-05-28 09:00:00,23.54076975363921,29.631744,16.814117,33.93004707513758,38.550755,30.175755,1.4576792576035051,1.8366952,1.0787603
2016-05-29 09:00:00,21.65037029063899,27.849274,15.200836,31.573582755987736,38.640575,24.700134,2.273504197422805,3.3988667,0.9466703
2016-05-30 09:00:00,22.893053934004,29.017242,15.443024,23.461342054564092,31.18241,12.182982,1.7454061281390316,2.2777634,1.3314645
2016-05-31 09:00:00,26.412641532895577,31.695953,18.880035,15.632985914130707,23.483324,4.7255116,1.4901016064947192,2.4264543,0.69316715
2016-06-01 09:00:00,25.45898208778891,33.292877,16.285065,16.245362207878404,24.056469,6.760665,1.609109235261206,1.9820871,1.2773005
2016-06-02 09:00:00,25.338550178896355,34.37271,15.650055,7.378058951488777,14.416432,4.1678467,1.4215888125975575,2.0871212,1.0124931
2016-06-03 09:00:00,29.86418172273295,34.615875,21.956696,8.808090643343919,13.049703,4.051133,0.8877468810594105,1.6653444,0.27321917
2016-06-04 09:00:00,29.469635138692468,36.76602,19.844147,13.894709436899548,16.847622,6.4153748,1.4230111541387425,2.2856734,0.72512585
2016-06-05 09:00:00,26.220799194602478,34.60855,17.942535,14.738911494445158,17.9094,11.303932,1.7224701544205603,2.6014023,1.0502527
2016-06-06 09:00:00,24.788121667713256,33.35196,15.795319,17.79134794566145,21.800323,12.894074,2.028401892887149,2.9571762,1.3696905
2016-06-07 09:00:00,24.905899877084153,34.066315,16.5961,16.990101020019857,21.550694,10.542419,1.9675168218499328,2.8491397,1.3524997
2016-06-08 09:00:00,26.515852009459707,34.988678,18.59439,21.018515890474823,28.22513,0.22187424,1.9007015376792047,3.9247086,0.9114944
2016-06-09 09:00:00,26.733208791908964,33.927643,17.970612,18.366004015023993,28.507156,6.870496,1.97481884407496,4.34058,0.9679848
2016-06-10 09:00:00,24.728156640885004,31.0607,17.83487,25.431986186371823,38.417076,13.148328,1.7289538439755308,2.9527369,1.1178538
2016-06-11 09:00:00,24.594357241450325,29.5878,17.773346,34.443033039482465,40.539818,27.907436,1.39958754098365,2.6215868,0.4503163
2016-06-12 09:00:00,20.93296468446971,26.736237,16.68863,44.07748723794083,58.95616,28.375511,2.5679957552495942,4.121607,1.1084826
2016-06-13 09:00:00,21.735434201697615,26.695953,17.192047,34.66320287812906,53.380646,18.286896,2.1260139710655537,2.940739,1.6019688
2016-06-14 09:00:00,23.25185864909389,29.195953,17.798248,13.354265404979248,31.382854,4.1484795,2.5240542656297613,4.7159386,1.3901864
2016-06-15 09:00:00,23.059619801948315,28.485992,16.605133,18.685642296014656,28.877497,6.7017155,3.346084055015929,5.984559,1.6894412
2016-06-16 09:00:00,20.65269174614724,24.102448,17.937897,41.5473970854738,49.593925,28.413944,2.323423327651664,3.7403584,1.552543
2016-06-17 09:00:00,22.913009159429464,27.364899,18.248688,36.565516665888595,43.838383,29.749367,1.5561961729172908,3.1975036,0.47873455
2016-06-18 09:00:00,24.4282734048885,29.007965,19.182037,36.845419908140805,46.523872,22.17313,1.5350033257572255,3.373158,0.6636763
2016-06-19 09:00:00,26.795335786600845,29.59195,21.6044,16.359714864336922,23.959263,10.478795,2.0678664599916914,3.705906,0.72556376
2016-06-20 09:00:00,29.91129819540339,33.850494,23.680573,9.776776773894822,19.484455,4.7786036,2.43732132232018,3.649374,1.5617056
2016-06-21 09:00:00,32.61720361064107,36.251617,25.105133,12.929396202982947,17.003214,9.7639265,2.5075058924191698,3.665127,1.3919857
2016-06-22 09:00:00,32.01357294605299,37.26065,23.723541,11.663386810155748,14.472732,7.839919,1.4949754070060932,3.1223447,0.9256733
2016-06-23 09:00:00,30.61692889590381,36.591705,23.732819,6.416083219322422,10.659088,4.4754944,1.4998291362445229,3.5554237,0.24017332
2016-06-24 09:00:00,31.582144695181853,36.30484,23.65445,8.601285108024392,12.349187,5.236887,3.0020412595812975,4.6523676,2.1084328
2016-06-25 09:00:00,28.86890115193262,33.50772,22.565582,4.98811270553023,14.980125,1.9803772,2.792942362527748,4.297431,1.9775445
2016-06-26 09:00:00,30.756990050266324,35.140778,23.824127,9.746952440815056,18.148476,4.727626,2.425810830349208,3.605449,1.3605733
2016-06-27 09:00:00,32.16198494184778,36.81314,23.903961,12.007564896131274,15.45374,10.733042,1.9074372426156851,3.3499649,1.0707048
2016-06-28 09:00:00,32.53923934377582,38.356842,21.432526,13.81801711714428,16.30986,11.427049,0.903780254086966,1.6473627,0.2008185
2016-06-29 09:00:00,29.897718662089915,36.98282,20.766266,16.637713825377027,21.827454,7.511506,1.441369744906646,2.181415,0.9176311
2016-06-30 09:00:00,29.729516294007055,37.430817,19.65152,9.936541368588108,21.863182,0.73265934,1.9304812514412837,3.3626118,1.0144022
2016-07-01 09:00:00,25.698083720807972,35.114655,17.110504,7.912063210208042,20.582117,0.82039833,2.0215253044047836,2.9205287,0.5578305
2016-07-02 09:00:00,25.066599984745892,33.68863,17.171295,15.04110195741738,33.401115,5.5143986,2.008737811969318,3.4759142,0.16605175
2016-07-03 09:00:00,24.888644097960594,33.587555,17.56607,17.566351463247948,34.795845,5.1044383,1.997439667957397,3.352365,0.49014747
2016-07-04 09:00:00,24.196541317796573,32.70352,16.922272,25.969883884810013,32.97155,22.009413,2.109073260600935,2.8261058,1.4739928
2016-07-05 09:00:00,24.221560931150293,33.500397,16.37735,22.73832290117442,30.260195,13.420391,2.0385144195714013,2.6377954,1.4666611
2016-07-06 09:00:00,24.093232719878586,32.787018,16.528473,11.470901526793197,23.671581,4.665555,2.151253035131173,2.8280838,1.2831268
2016-07-07 09:00:00,24.47231861126329,31.89859,17.507965,19.007706973421467,27.981903,10.074605,1.9818085224436939,3.5198853,1.1771435
2016-07-08 09:00:00,24.73956680634865,31.721588,17.223785,28.076591799905877,37.030167,17.51454,1.9035581551336327,3.0685244,1.12304
2016-07-09 09:00:00,26.86949318322138,32.128082,21.495026,32.356230166625494,42.753555,21.077774,1.3670614660753067,3.0047667,0.33877662
2016-07-10 09:00:00,27.854220988459986,32.57608,20.917877,26.20666617977524,41.435413,4.382021,2.4271228438100287,4.426583,1.4111911
2016-07-11 09:00:00,25.95128333800585,29.59903,20.77481,11.209835910631009,18.016405,3.977851,2.6756149477987767,4.359399,1.8475217
2016-07-12 09:00:00,26.70196439338872,31.207428,19.49649,20.366039697019573,26.636868,14.341356,1.6773724520578888,3.6128967,0.54002964
2016-07-13 09:00:00,27.206871121367158,32.85611,18.99234,20.16977028358178,26.988354,11.911561,1.3351472831970816,3.07641,0.35635006
2016-07-14 09:00:00,27.080802904837242,34.524323,18.089752,20.913633940027726,24.25686,13.411581,1.359233057339122,1.8029712,0.76963556
2016-07-15 09:00:00,26.822290086775524,35.427887,18.265778,22.211023168950998,27.82524,18.148695,1.8007150126051015,2.4759147,1.0053157
2016-07-16 09:00:00,24.890388124564993,34.05899,16.422272,14.483550671716703,33.590645,4.859495,2.0733698969507346,3.354549,0.9685111
2016-07-17 09:00:00,24.355929909145345,32.91983,17.484283,11.148245436596476,27.11438,5.366267,1.924398950781315,3.184007,0.7748766
2016-07-18 09:00:00,24.508237811092727,31.915192,17.819489,8.677541236924315,23.775522,4.6388035,1.9577241413358109,2.7454073,0.91310966
2016-07-19 09:00:00,26.037993331094356,32.230865,18.822662,15.89011298113476,27.66393,8.114519,1.4710201124434055,2.99996,0.6269489
2016-07-20 09:00:00,27.270422552626485,32.869537,21.097076,17.756608437315784,31.538616,7.4686594,1.189363059444828,2.9956756,0.11776156
2016-07-21 09:00:00,28.746635079252826,34.31143,21.526764,15.598040307290933,22.151558,8.128119,1.3186996785699752,3.175942,0.18884115
2016-07-22 09:00:00,30.125214635767236,34.983795,23.390045,11.044999701424638,18.662495,5.4478235,2.229871027026024,3.7542994,1.1906835
2016-07-23 09:00:00,31.084849460555574,35.010162,23.949615,3.978301062855966,12.163246,2.018052,2.7472319094057003,3.9574897,1.825802
2016-07-24 09:00:00,31.873293123043766,35.78116,24.652252,8.898263395460624,12.117651,4.21653,1.2289197594668115,2.1330965,0.052269537
2016-07-25 09:00:00,26.967310439124674,36.064117,19.52652,10.069905571541755,27.07977,4.278988,1.740132109404625,2.8534355,0.9467383
2016-07-26 09:00:00,28.09623125013252,36.038727,20.54068,11.99752158443986,25.186474,3.9862309,1.1789638933001778,2.138472,0.50250804
2016-07-27 09:00:00,30.229762542188553,37.82315,20.734528,20.310778777794756,30.08408,15.818455,1.3921792497840593,2.0600693,0.91278154
2016-07-28 09:00:00,29.277373727403074,37.88394,19.569489,21.356731867724204,24.417328,17.421234,1.5224428608640315,2.1769788,0.8536687
2016-07-29 09:00:00,29.100946388625914,38.207428,18.486725,24.372841073565624,31.193207,19.942127,1.5064530615410108,2.7972615,0.7567517
2016-07-30 09:00:00,28.925060112517258,38.518463,18.258698,22.51650685601531,30.126926,18.057644,1.6038900972438057,2.1091633,0.75480217
2016-07-31 09:00:00,26.91755753066036,35.823883,19.007477,30.46912867973207,36.30313,24.85256,1.886842398744891,3.1831234,0.6976504
2016-08-01 09:00:00,26.87264315319652,36.120758,18.614899,29.080538532103304,33.710342,18.655657,1.8128647220602092,2.7639754,1.2569501
2016-08-02 09:00:00,26.73669416514315,35.943756,17.873444,21.202658656486957,32.08955,10.527801,1.7746896888870771,2.599472,1.1642891
2016-08-03 09:00:00,26.61983279821942,35.95938,18.084381,15.702513351744578,27.663692,4.9586544,1.7062415963486954,2.1107495,1.3940389
2016-08-04 09:00:00,25.714143643806835,34.14688,17.834381,9.273228812378331,22.885832,0.72176933,1.8489737035220128,2.3647914,1.3336581
2016-08-05 09:00:00,25.06352292886845,33.577545,17.475983,8.863260272252639,23.18411,2.7215862,2.2070301067335687,3.556281,1.06175
2016-08-06 09:00:00,23.84950771861446,32.20108,17.160797,9.264480064398521,31.937931,-0.8443808,1.8206471665087167,3.267158,1.1632544
2016-08-07 09:00:00,25.65011008213844,31.998688,19.510895,15.745480913854218,33.484825,5.9574313,1.7781792490771113,3.8234158,0.87360483
2016-08-08 09:00:00,27.192226591617896,32.025055,19.687164,16.991890462174567,22.098755,6.598401,1.318559546754498,3.165506,0.2576833
2016-08-09 09:00:00,26.293601366931057,33.151764,18.27481,15.285294110814652,26.743958,5.155712,2.0772314460124996,2.9167247,0.7438925
2016-08-10 09:00:00,22.92816696879777,30.68155,16.417877,14.487614878762015,33.536545,7.3799114,1.7993246583842268,2.9752104,0.49465546
2016-08-11 09:00:00,23.979750655733767,31.27945,17.65274,15.04537863779482,32.189083,5.98341,1.587729255883795,2.7587192,0.58383054
2016-08-12 09:00:00,24.874195052357493,33.07071,17.389069,26.010501243215188,34.061825,13.977645,1.4165724528192218,2.2869916,0.70670015
2016-08-13 09:00:00,26.8653763467953,33.43155,19.159332,19.30536704246886,28.450974,7.577566,1.1256842961056917,2.266185,0.4031306
2016-08-14 09:00:00,28.336036304556444,35.60611,19.334625,22.66924705254434,25.659424,18.542236,1.068517758287045,2.197131,0.24569345
2016-08-15 09:00:00,27.54948643975041,36.221832,18.671051,13.090643189108695,23.899672,6.7793436,1.8153147884146044,2.9842255,0.5699988
2016-08-16 09:00:00,25.965841588023636,35.05484,17.39859,6.032402593201869,20.711046,-0.75770384,1.705970850517829,3.2600605,0.75750536
2016-08-17 09:00:00,25.397723198187123,34.460846,16.876862,10.715945203584614,21.411613,3.2358313,1.4435457012709374,2.5311007,0.75565624
2016-08-18 09:00:00,25.788074353419347,34.50699,17.122223,11.090695454645072,17.49381,7.0336876,1.5669849414824832,2.2743647,0.33342165
2016-08-19 09:00:00,25.18872845340735,34.52115,17.52237,18.15291536464252,30.492489,7.650008,1.4621249142806063,2.0603697,1.0150491
2016-08-20 09:00:00,24.575024992630347,33.23819,17.43155,10.930273329771529,17.225578,4.2487726,1.3159174593526708,2.0697098,0.31315446
2016-08-21 09:00:00,24.7184586417348,33.595123,16.750397,23.844088673832193,27.989048,16.07251,1.404194100455356,2.5650244,0.87568665
2016-08-22 09:00:00,24.255177625086446,32.806305,17.13565,29.958134435279625,36.4415,23.129171,1.6667929332328848,3.154863,0.89821655
2016-08-23 09:00:00,24.262015089139652,31.832916,17.608307,32.49138583901496,36.211487,24.665176,1.4683524281681992,3.5428205,0.20316029
2016-08-24 09:00:00,25.409076881288684,33.353424,17.692291,29.58055571365087,34.33009,26.567787,1.914437425354519,3.8689387,1.0011826
2016-08-25 09:00:00,25.28058303275543,32.851715,16.808746,26.088545263768626,33.710403,18.37056,1.6121800458416171,3.355033,0.858353
2016-08-26 09:00:00,24.199212431153455,32.413483,17.276764,29.05865581495318,40.66761,20.890266,1.8325826690641969,2.622281,0.61949146
2016-08-27 09:00:00,22.314376532679944,29.610016,17.74942,21.182870060120948,39.918846,13.42315,1.6620471868059765,2.5140042,1.066022
2016-08-28 09:00:00,24.554266176271653,30.69278,18.747711,22.787502266875272,26.339643,19.269331,1.5960310073593973,3.4733326,0.72224134
2016-08-29 09:00:00,27.55535799962138,32.656403,21.107086,18.054357090844114,21.26386,14.883716,1.7932935363311444,3.9326005,0.43964517
2016-08-30 09:00:00,29.86093515242669,33.921295,23.132477,15.236549266353755,18.615051,11.935338,1.8645127875358771,3.3102016,0.9362884
2016-08-31 09:00:00,29.035489902128177,32.646393,22.630768,20.76679891622764,26.109798,10.671489,2.0396662995689665,3.9657977,1.121967
2016-09-01 09:00:00,27.208958501545453,33.14273,19.86026,25.185040280091982,35.149143,9.654224,1.728542494223383,4.0642343,0.6600066
2016-09-02 09:00:00,25.506625769463483,31.551422,18.779938,23.542781285655785,39.45005,10.08616,1.5771107548150711,2.6505368,0.83285755
2016-09-03 09:00:00,24.566995528080383,30.870514,18.227936,16.688238383224693,40.63485,5.9589233,2.0695792692841137,2.770094,1.0189923
2016-09-04 09:00:00,21.35400548075023,26.667145,16.721832,6.6280467208450204,15.584153,3.797083,3.1117393039770054,5.0084,1.7787704
2016-09-05 09:00:00,21.129249154639126,24.674225,17.616608,27.01728875743495,46.096344,4.7721233,1.9525562017355629,3.8275168,0.8936913
2016-09-06 09:00:00,23.90703000869604,27.396637,19.56363,20.28677104972017,31.841305,13.782711,1.328579595463253,2.3120315,0.51872116
2016-09-07 09:00:00,26.96355015765056,31.490143,20.167633,18.647236929711145,21.57001,16.287346,0.8107755119051376,1.6316322,0.15859932
2016-09-08 09:00:00,25.85929017579366,32.57315,19.57315,16.831692870334503,25.116034,7.0076294,1.5869424630134783,2.4850166,0.26524162
2016-09-09 09:00:00,24.75956788783452,32.64566,18.012848,25.893957304578883,30.00578,19.951092,1.4398311700519408,2.3273685,1.0254836
2016-09-10 09:00:00,24.352338836982085,32.186676,17.140045,25.400339617614975,29.014557,22.48387,1.2445631653934204,2.5967233,0.61254555
2016-09-11 09:00:00,24.541708244695826,32.753326,17.138092,32.10702176409748,35.52381,28.664562,1.803242316409031,2.6931217,0.90682864
2016-09-12 09:00:00,23.116964135545913,30.709381,16.676178,18.387166225327945,28.366812,13.913687,2.2091567263230263,3.229531,1.2885967
2016-09-13 09:00:00,19.737175408589906,27.534088,15.979401,13.114958748214821,39.207127,6.920103,2.782412830186014,3.9371386,0.9827857
2016-09-14 09:00:00,19.304807893007478,22.396393,17.561188,40.74525785705538,53.507065,26.89769,0.9372536034704234,1.6581564,0.33722195
2016-09-15 09:00:00,23.00021956959256,26.174225,20.267242,18.579097525018437,24.34388,14.222785,1.2355110611649038,2.3155951,0.31221485
2016-09-16 09:00:00,24.822008892746396,28.571198,19.832916,22.961559074503576,26.533379,19.105913,1.1355924175112144,2.1718545,0.3734694
2016-09-17 09:00:00,26.261704065610047,30.068756,21.662262,16.986317580674605,18.198126,15.928595,1.1321495103044934,2.0137463,0.12801804
2016-09-18 09:00:00,28.69866925555891,31.359283,23.289215,13.355035688478225,14.989626,11.153688,1.511840916625491,2.5380063,0.7712742
2016-09-19 09:00:00,30.509563565753126,35.501617,22.26358,12.202757014937553,16.16298,8.036802,0.44760983390504583,0.8519497,0.101213075
2016-09-20 09:00:00,26.927235481728815,34.443512,20.75113,30.316596265137058,38.645416,25.58682,1.6688799610139209,3.4359043,0.31749865
2016-09-21 09:00:00,25.768720536353612,31.39737,20.430573,31.378943037520614,43.25974,23.784996,1.3642294053027586,2.0560424,0.5701147
2016-09-22 09:00:00,23.907066055980067,29.50528,19.044342,13.1307902022476,36.010498,1.8219538,2.9855361928997786,5.6706443,1.7434444
2016-09-23 09:00:00,19.45711354476674,21.410553,17.8544,27.3800157910523,43.230217,6.7452383,2.7697150354109206,3.8294332,2.170633
2016-09-24 09:00:00,22.921000441071044,24.580719,21.299469,19.854779488981748,28.21005,15.006927,2.493914031682029,3.6775095,1.3804862
2016-09-25 09:00:00,27.66964198746274,29.917389,23.362701,14.093884438747025,17.303463,9.234914,1.9620529007623109,2.4776464,1.2729537
2016-09-26 09:00:00,31.05811144832944,33.4794,26.690826,14.453911142555034,16.94729,9.63321,1.4232852631336073,2.1852744,0.46386045
2016-09-27 09:00:00,32.708915695543794,35.56778,27.831451,15.41707124446295,17.182354,13.623761,1.6253626586515777,2.3943837,1.0652807
2016-09-28 09:00:00,30.79723971023418,33.76358,25.390533,17.02965399290872,19.397808,14.577497,0.8376566746181671,1.3423392,0.3797048
2016-09-29 09:00:00,24.15777507113586,30.550201,19.407623,20.451991893267703,32.542862,14.91786,1.4315374254984348,2.598909,0.63342524
2016-09-30 09:00:00,24.351042804176814,29.387848,19.585114,21.323653612671585,31.527822,17.803589,1.3729503947306516,2.0324688,0.6580486
2016-10-01 09:00:00,23.93152489859807,29.549469,19.215485,23.853775548532745,29.91639,17.920296,1.7081289406605253,3.7359607,0.6512312
2016-10-02 09:00:00,21.8590445695109,23.509918,19.49234,29.506171268055205,45.01242,18.270176,2.73593553138935,4.6732078,1.7881936
2016-10-03 09:00:00,19.0670899749731,21.822662,16.96109,38.106274607334534,47.488808,26.514542,2.568729380405196,3.9824688,1.7933196
2016-10-04 09:00:00,19.033652854214154,20.27945,17.331207,28.050798045460255,41.820744,12.04268,1.9247853478875765,3.4316044,1.1553149
2016-10-05 09:00:00,19.70382359312248,21.78897,17.5878,15.915108110392143,24.040272,6.3019896,2.4537735393903763,3.9600606,1.1350282
2016-10-06 09:00:00,20.032673277184983,21.833649,17.150055,12.369473523882153,24.761387,4.902011,2.8926645705618887,3.9506009,1.4140148
2016-10-07 09:00:00,22.208984515471172,23.854156,20.341705,11.242431582030434,14.039713,8.353763,2.4101516389508615,3.0630121,0.99578875
2016-10-08 09:00:00,25.86126567354779,27.560211,23.216461,12.953990091325482,14.905519,12.302559,1.4497668485049466,1.9273494,0.8150643
2016-10-09 09:00:00,26.524529502925475,30.095856,21.394196,16.246962025780604,19.123306,12.479665,0.4592004818975558,0.75611395,0.1175743
2016-10-10 09:00:00,23.69633152068093,28.82193,18.919586,21.80350396935518,26.038065,13.806743,1.0963229001553403,2.1042707,0.46130517
2016-10-11 09:00:00,19.42923609450662,25.690826,15.464264,7.7284613818214485,27.613434,1.8649979,1.7670460673576025,2.8920047,0.75713307
2016-10-12 09:00:00,19.44971219678723,25.121246,15.629791,20.10547516781386,42.644657,7.4805946,1.3517828809298476,1.8553882,0.651817
2016-10-13 09:00:00,20.81534969255506,24.342682,17.105865,13.563191486753333,18.48627,8.837834,0.995659133043996,2.1407044,0.048129644
2016-10-14 09:00:00,21.043298531761366,25.17691,17.036285,17.176790073976804,19.86824,13.559646,1.4193566221693612,2.6676502,0.3104771
2016-10-15 09:00:00,20.184868556292884,24.822418,17.404938,42.98524649868405,50.286324,34.04023,1.8541286872425187,2.5503151,0.84992164
2016-10-16 09:00:00,18.919019979623954,22.242584,17.52774,84.34206515185168,92.67638,73.18419,3.3062585891753815,4.7643943,1.1967428
2016-10-17 09:00:00,18.540202814334236,20.460846,17.723297,66.12066415164621,81.90939,46.432457,1.9463898913692887,2.8932128,1.1861122
2016-10-18 09:00:00,19.440200009189653,21.126862,17.187408,24.595403659209175,52.961185,11.898864,2.8324171016514463,4.47071,1.6258078
2016-10-19 09:00:00,19.859549041465357,21.66446,16.592194,8.936591817893403,28.244856,0.56496334,3.3877925118471133,5.8104596,1.3955917
2016-10-20 09:00:00,22.884807399121257,24.939606,21.207428,11.238860724430754,13.642266,9.405725,3.010294512317926,4.24782,1.2782989
2016-10-21 09:00:00,25.022489827526954,26.54776,23.159088,10.212987014290844,11.871469,9.171176,2.2929901446536007,3.1911213,0.75729924
2016-10-22 09:00:00,24.35169761359691,26.180817,20.772125,14.64623824121308,18.935087,10.396801,0.6688216450627126,1.1858385,0.2596492
2016-10-23 09:00:00,21.965273418975073,26.282867,17.544586,12.607355727154278,15.666985,8.835253,1.2101524790354448,2.051233,0.7630951
2016-10-24 09:00:00,19.102142353713532,26.119781,15.749176,23.920086820545837,28.655407,15.850719,3.2556932469061497,4.028501,1.6096524
2016-10-25 09:00:00,18.87569326663305,21.731842,17.095612,38.95453942865697,54.213905,23.869732,1.7152322483158013,2.8826137,0.26174602
2016-10-26 09:00:00,20.86441700122475,23.989899,16.997711,27.70930985727527,32.179085,23.703999,0.37874998552917355,1.0449553,0.059760604
2016-10-27 09:00:00,23.17155116322607,26.956451,19.604889,34.454167914632166,41.735676,29.429876,0.5746331487913108,1.2391596,0.21286587
2016-10-28 09:00:00,20.56488608780967,24.538727,17.345123,55.28645875475705,68.00238,46.20941,0.366899111103684,0.7392195,0.16402908
2016-10-29 09:00:00,17.808390110311393,19.624176,16.87613,50.520472062910606,60.23501,45.62954,1.7073618715437182,2.9240499,0.53317964
2016-10-30 09:00:00,19.714857128817755,22.569244,16.715729,42.982119088826195,54.199776,27.322758,2.7628569393405353,3.3439705,1.400521
2016-10-31 09:00:00,16.21872838303068,18.324127,14.808502,44.44312629357269,55.977146,34.81083,0.8329196777923343,2.0206866,0.16532302
2016-11-01 09:00:00,16.96821318724119,18.800446,15.374664,57.569599674505646,72.535934,41.665176,1.767543558044928,2.9438155,0.69860256
2016-11-02 09:00:00,17.3354805973035,18.710358,14.413483,26.887203894616842,32.948437,21.784374,1.9522938447590943,2.7004774,0.8604226
2016-11-03 09:00:00,19.64612781724577,21.088776,17.586823,11.742597057522232,19.556765,5.5372334,2.137691721236216,3.2182965,0.7614858
2016-11-04 09:00:00,22.001040052652343,23.08023,20.827057,18.52075423203624,23.251625,14.302017,1.6471346144427623,2.3618562,0.40091202
2016-11-05 09:00:00,21.918474953134194,24.092194,19.100006,18.686174183476126,24.360985,11.380515,0.985940457737198,1.6450839,0.41590822
2016-11-06 09:00:00,20.157357500562,23.658356,17.416168,18.68100023276028,34.90984,10.957169,1.1992859672608387,2.5601292,0.49366602
2016-11-07 09:00:00,19.852385007660644,20.825104,17.664948,41.22224796128278,45.624115,28.621103,1.8308157334719222,2.5458486,0.8348872
2016-11-08 09:00:00,21.211588828877098,22.450104,19.93692,23.554218811586104,26.312723,19.012962,1.6678796499406168,2.344095,0.4758496
2016-11-09 09:00:00,22.288904663359858,23.965485,19.41861,24.738174146294405,27.384146,20.59467,1.4954229555755028,1.9535269,0.4997309
2016-11-10 09:00:00,24.040057451477765,26.463043,21.02359,27.185204501745286,29.39956,23.797998,1.556938021862672,2.3021176,0.44194838
2016-11-11 09:00:00,22.999862937069963,25.987701,19.823639,17.38314856319045,20.578732,15.555293,0.6026802088811745,0.9101014,0.28216884
2016-11-12 09:00:00,22.017424292637315,26.625885,18.551666,20.01833101249799,24.524115,17.849543,0.5220974532219044,0.9999027,0.10250569
2016-11-13 09:00:00,23.013525851436782,25.125397,19.463287,21.274320006917993,25.90881,18.207176,1.5618908292294567,2.100467,0.5734189
2016-11-14 09:00:00,21.40386192471641,22.59195,19.515778,10.477193177165383,12.765591,6.816372,1.4680759028732813,2.2202077,0.25505108
2016-11-15 09:00:00,20.107701551133687,22.03189,16.994781,6.715807700328822,9.956144,3.533102,0.9399625192061336,2.5599635,0.30324087
2016-11-16 09:00:00,19.903693714952965,22.529205,16.929596,16.006206930206897,28.456287,6.447444,2.862576435293438,4.7848644,1.5840857
2016-11-17 09:00:00,14.4063760443658,15.572418,10.881012,20.56632888860849,42.52259,7.9858513,3.3528660037654117,5.4429593,1.9410647
2016-11-18 09:00:00,15.922136422836672,16.859772,14.564117,15.607987907459629,22.198467,6.991437,1.893626850580552,2.2561297,0.67953527
2016-11-19 09:00:00,18.57775243477539,21.177643,16.85147,9.706236241207625,15.8181925,5.399235,2.547808405938903,3.8489149,0.46652868
2016-11-20 09:00:00,16.12559086717613,20.04898,14.605621,45.07659558058549,94.88648,11.242576,2.468702830128078,3.7550972,0.85102993
2016-11-21 09:00:00,14.151261963072614,16.400787,12.818756,70.98069349541723,84.1663,43.21801,0.9285813811572907,1.8580787,0.2537984
2016-11-22 09:00:00,14.933978580893836,16.05777,11.948395,29.262652699096996,39.24784,22.700968,1.6834922291513972,2.9177022,0.804932
2016-11-23 09:00:00,14.94093108547304,15.539703,13.295563,24.516579597001783,56.711853,10.667271,1.30168604215483,2.9701219,0.3988928
2016-11-24 09:00:00,14.423587326997676,16.817535,11.066559,8.96179701978055,14.178916,5.5901546,2.8734961215312764,4.5624976,1.2013944
2016-11-25 09:00:00,15.711010301153976,17.618805,14.329742,4.459726525013289,6.8934746,3.1122246,1.2579838426558387,1.9955188,0.58604044
2016-11-26 09:00:00,15.312735226883433,18.632477,13.534821,7.311727274755131,12.185442,3.6226854,2.4797280716291286,2.906382,1.1713558
2016-11-27 09:00:00,11.052592744777598,13.166901,8.045807,74.86121445456885,87.568245,70.599495,2.4656651289069065,3.3976789,1.7937152
2016-11-28 09:00:00,12.731515472870854,14.650299,9.345612,32.07301364777576,39.35968,27.769836,1.6485995411357752,3.3841026,0.64220256
2016-11-29 09:00:00,12.490275273845953,14.579498,9.306061,22.559917854772312,49.415104,10.387761,2.5988368750357163,4.4081454,1.3751594
2016-11-30 09:00:00,13.22409006150832,15.312653,11.275543,18.62397454641605,29.022898,12.386179,1.532194002452607,2.3321064,0.40052342
2016-12-01 09:00:00,13.647918033824055,14.675934,11.531403,44.516216727420876,56.139748,29.088966,1.7621103465295638,3.062679,0.64975804
2016-12-02 09:00:00,12.202399504768437,15.061432,7.86026,39.061766393988975,65.7794,13.533077,2.2209233133563324,3.856674,0.99944276
2016-12-03 09:00:00,12.574778553842918,15.799469,9.4010315,19.1616676334935,33.455845,13.363728,2.0718403058931263,3.9937937,0.44272062
2016-12-04 09:00:00,13.726612436705068,15.851227,10.745758,19.070090369197782,23.701344,17.279469,1.8593518912803977,3.3331637,0.14245157
2016-12-05 09:00:00,15.358772972504255,17.157135,12.9149475,15.786892706972637,25.499756,11.074027,2.026518598353153,3.9371593,0.70053273
2016-12-06 09:00:00,13.276198081145196,14.919067,10.868286,8.500225906051028,21.808914,1.1267614,1.6169953914349697,3.2263587,0.32620987
2016-12-07 09:00:00,11.53773341802588,13.549744,8.573181,5.612155076476923,18.430614,0.6077852,1.9428599897480583,3.2408392,0.7031655
2016-12-08 09:00:00,12.155500030513622,13.244659,11.4888,55.1156079804047,78.547386,14.15299,1.131075111737985,2.092967,0.6961331
2016-12-09 09:00:00,15.182183589079727,16.13498,13.824432,77.45950804193079,90.581375,70.81966,1.3403493761301162,2.4525898,0.5971315
2016-12-10 09:00:00,16.90412187781817,19.08139,14.80014,81.98270116432218,93.1827,62.683002,0.818457812371039,1.610457,0.21605805
2016-12-11 09:00:00,15.590002074370943,16.871521,14.685974,52.10087493854974,71.059845,8.228773,1.050225381677586,1.9598184,0.5638681
2016-12-12 09:00:00,15.505105113984087,16.944183,12.483246,9.299772856092344,31.097704,1.9201078,1.3537385701869027,2.6612723,0.48071736
2016-12-13 09:00:00,14.299533784200037,15.491547,12.915588,25.40066882683049,37.713993,14.542119,0.45255563756346884,1.3379996,0.0139795225
2016-12-14 09:00:00,16.02801328384686,18.008698,14.094635,27.856073856074875,46.310802,13.260021,0.42954216312883947,1.0117049,0.08115981
2016-12-15 09:00:00,15.657112480162084,19.081451,13.761139,35.74048219203941,48.142353,29.128681,1.4105970760806983,2.554323,0.8595834
2016-12-16 09:00:00,13.448752070518026,14.07785,12.448944,67.72391135548084,81.118904,49.02974,3.0682809991553968,4.311182,1.8710747
2016-12-17 09:00:00,9.933248961347658,11.876648,7.755554,22.27691856912826,36.95045,12.391857,2.7383874282515563,4.4696198,1.5469822
2016-12-18 09:00:00,9.261055849740501,12.413513,5.456482,7.1325208058306915,18.470116,3.3530092,2.195598701547728,3.8980792,0.69827324
2016-12-19 09:00:00,10.723857453552057,13.637909,7.8468933,10.69470727707302,13.555983,7.251295,2.510935025558881,3.5723045,1.0398206
2016-12-20 09:00:00,12.703102966146389,15.351654,9.910248,2.993189213665223,4.960516,1.7834358,2.4132863282384633,3.6741157,0.53531647
2016-12-21 09:00:00,14.036992728632583,16.477692,12.27066,3.308320580578189,7.5628643,1.2386456,1.8670239642977942,2.9316034,0.5973256
2016-12-22 09:00:00,15.407567194502178,17.205963,13.412994,26.748413529112025,50.72941,8.361339,1.7507373509685267,2.442669,0.71978486
2016-12-23 09:00:00,14.670872906102204,16.635162,12.076569,10.670121911974608,31.618816,1.8766298,1.6087404329172177,1.8989624,0.84192836
2016-12-24 09:00:00,10.874827073781319,12.302643,9.67569,66.35320425463217,82.334915,55.157745,1.441580637006297,3.8677552,0.71886784
2016-12-25 09:00:00,8.832124647279102,11.320465,5.662262,47.88590532308354,65.66725,36.133858,1.2075568287730005,2.4970205,0.60927707
2016-12-26 09:00:00,9.318276517423442,11.231476,6.888397,30.937075075678354,39.685802,22.957348,1.3193218786418108,2.286296,0.68048644
2016-12-27 09:00:00,11.724806609974621,14.585663,9.003632,17.394956173297174,21.386517,14.292766,2.1766470036600643,3.2643092,0.30140796
2016-12-28 09:00:00,13.314601123971556,15.779327,10.201202,14.17855121714143,18.331022,10.223472,2.5914796424265174,4.414744,0.39217845
2016-12-29 09:00:00,15.208266526663806,17.124084,12.554138,12.081176332659508,16.404682,7.932459,2.287630912085282,3.594486,0.67509264
2016-12-30 09:00:00,16.66446573196282,18.76944,15.085846,18.852442495066292,28.728764,15.362202,0.9665942286807052,1.8416402,0.22613686
2016-12-31 09:00:00,12.894742777470412,13.91745,10.972137,66.60734458652854,81.65649,44.46526,1.4868831467788155,2.1145537,0.653555
2017-01-01 09:00:00,9.234315724342025,10.948059,7.1707153,41.463188213138004,62.186134,30.342384,1.2954534704949776,2.8480105,0.17619982
2017-01-02 09:00:00,10.267129497840642,11.55188,8.772583,44.74963978674391,63.97582,25.020306,1.4386310047774167,2.5069757,0.27010542
2017-01-03 09:00:00,10.58543977136543,12.144592,8.16803,75.66664615402004,92.14508,54.800774,1.7863556540737713,3.315614,0.73927367
2017-01-04 09:00:00,12.369843591052472,13.608063,11.12381,92.31021442840442,99.20744,76.17671,4.629026390698905,6.3649154,1.8446462
2017-01-05 09:00:00,12.594107390734052,13.456177,11.081177,71.13521230907084,77.945854,67.70367,2.2630619488075743,3.4324095,1.5406547
2017-01-06 09:00:00,11.941365588769031,12.891815,11.176971,3.9235354913391984,9.892502,-0.59187317,1.2181525552603207,2.26352,0.27917275
2017-01-07 09:00:00,12.53216790656785,13.47403,11.032837,37.37320049611159,60.845627,10.939379,2.8442714162121847,4.781711,1.1896605
2017-01-08 09:00:00,17.638969107496735,19.016785,15.430847,71.4877607316002,85.77431,46.342636,4.768870805672259,6.992899,2.08396
2017-01-09 09:00:00,16.567242208943583,19.495453,14.7239685,64.22549072583206,78.91647,51.635227,3.881230799838811,4.9658723,2.2266269
2017-01-10 09:00:00,12.65727993185152,13.829193,11.446381,60.855838094013784,71.78155,53.92857,1.890163969409245,2.434003,1.2621677
2017-01-11 09:00:00,13.10716873569396,14.481903,11.571747,58.59977854066945,83.71445,43.212772,4.398608843753736,5.5147862,2.2293198
2017-01-12 09:00:00,12.283577416439812,13.466644,10.474457,68.57660035495272,80.923065,57.849724,2.1364723843124116,3.2283535,1.3782303
2017-01-13 09:00:00,10.353853239322405,11.671356,8.196747,49.87575514980141,62.633472,29.695972,1.4296692216007616,2.8567657,0.69407445
2017-01-14 09:00:00,11.313869502013688,14.085541,8.49884,29.718850757855936,55.280663,14.128318,2.3756266083180617,4.125909,0.66544425
2017-01-15 09:00:00,12.050058569779083,14.87793,8.821289,15.010146663881065,22.373857,10.189307,2.092458854376892,3.4380474,0.5262342
2017-01-16 09:00:00,11.704472300701127,13.970978,8.894806,15.327823619941153,21.248825,9.3862505,1.795660531836227,2.503089,0.55202955
2017-01-17 09:00:00,12.348615483103856,14.127258,9.877258,17.013629644935985,24.080532,12.749868,1.0804557689270202,1.6866344,0.23585588
2017-01-18 09:00:00,13.902964215410066,14.769623,13.027435,15.071415891433888,28.836403,9.406716,1.4625667603285948,2.2485318,0.5230942
2017-01-19 09:00:00,11.076401544492569,12.388092,9.35025,68.81989104626706,76.989784,61.124363,3.4800478375021364,4.4561667,1.8840158
2017-01-20 09:00:00,11.431370411958824,12.965485,8.988922,74.02000547949342,84.561874,67.47547,3.609713189447402,4.4794755,2.1050289
2017-01-21 09:00:00,9.787026697488272,11.5961,7.5899963,74.67042971798622,83.19136,68.93013,3.470586230210747,4.438358,2.5227907
2017-01-22 09:00:00,11.18162714322392,12.499664,9.60318,71.01708043373051,91.824524,56.742493,5.342231952538569,7.6806135,2.499776
2017-01-23 09:00:00,11.04715484695447,12.820221,8.298737,78.8034013916923,92.05568,67.122986,4.344360981650023,5.1241293,2.4801283
2017-01-24 09:00:00,9.22042667093308,11.090729,5.9950256,65.83102852358199,75.65292,53.649124,0.6638705247366457,1.1795452,0.35683826
2017-01-25 09:00:00,9.929603920185173,12.538971,6.167877,28.89785428631974,40.226524,23.222618,1.656973658241523,2.619775,0.48220548
2017-01-26 09:00:00,10.956775256517062,12.556793,7.8927307,13.919027917624506,28.98844,2.97672,1.528996175423361,2.8027675,0.26531854
2017-01-27 09:00:00,11.517163235412795,13.757782,8.1562195,24.698884062428252,35.237434,17.538218,2.0798346264931173,3.3808148,0.8774128
2017-01-28 09:00:00,13.368773327368558,15.017792,10.601776,12.956876386345792,17.926788,8.241197,1.9592179325285526,2.8215919,0.5742755
2017-01-29 09:00:00,15.70469387777149,17.807526,13.7118225,5.953091680940311,8.616911,2.9451628,2.076589076191953,3.43102,0.23895343
2017-01-30 09:00:00,16.39412407470917,18.382965,14.324371,6.339900424147937,13.541957,3.1422148,2.200310680304734,3.388785,0.4726337
2017-01-31 09:00:00,19.037049993847802,21.432526,17.403229,7.519715172893759,13.6326275,4.9631157,1.1114591006030325,1.6297075,0.15298477
2017-02-01 09:00:00,17.650341456239744,19.540497,14.843231,12.522210823398439,19.517397,9.319505,1.5774385582190897,2.3552203,0.75581497
2017-02-02 09:00:00,14.768483135341398,18.137177,12.4496765,11.91146417939172,20.255539,6.489913,3.1429147815236145,5.4096684,1.0550845
2017-02-03 09:00:00,14.699685223727158,16.776123,13.926514,87.22722683289817,92.61392,81.61386,3.598219634688982,5.2547307,1.6467623
2017-02-04 09:00:00,14.158411339455881,15.156769,12.955597,64.02969252003305,75.994286,48.377098,1.4354071175246064,2.4725275,0.32151046
2017-02-05 09:00:00,14.816115293580651,15.889252,12.957611,19.56892300417749,28.356396,14.618114,0.39246098381366307,0.9498751,0.043479547
2017-02-06 09:00:00,13.490688593184359,14.766937,12.0052185,65.6388723686685,81.14963,48.10764,4.866698791072007,6.0479217,2.1552923
2017-02-07 09:00:00,14.86963658619311,15.566254,13.984222,63.82225731557625,86.14302,48.04146,3.427146415774416,4.436898,1.394376
2017-02-08 09:00:00,15.580642704900413,16.61911,14.665009,87.87799015055641,94.36569,81.72947,1.7624924785345781,2.218788,0.9449034
2017-02-09 09:00:00,17.826683564007283,19.410675,15.012238,28.418349886299623,34.2867,24.34913,1.2292261288206532,2.130745,0.54970783
2017-02-10 09:00:00,16.274893925006666,20.204926,14.214691,43.21151078687476,61.841953,29.802216,1.025045081715667,1.5652875,0.23936635
2017-02-11 09:00:00,13.270604505039444,14.222137,11.435028,53.31788040688408,80.93044,25.615353,1.9375847141932008,4.02967,0.57666034
2017-02-12 09:00:00,12.820207302617007,14.203766,11.169098,27.056254992276926,53.809315,16.766346,2.436149410220912,3.7143657,0.9663516
2017-02-13 09:00:00,15.270979787923295,16.977692,12.965973,20.47139703961241,32.30768,9.15761,1.9220832651926056,2.9314997,0.725171
2017-02-14 09:00:00,15.177849616360731,16.582916,13.944244,13.736742437676005,20.774914,7.2810893,1.7465537692807782,2.4264855,0.8591807
2017-02-15 09:00:00,17.627406298109577,19.279938,15.227203,13.450151500345958,22.260902,7.8429346,0.8656530817132921,1.3382825,0.2618481
2017-02-16 09:00:00,18.86744462360525,21.011871,15.631012,15.090640401536298,17.136555,9.816242,1.440581571131213,2.4474065,0.95770544
2017-02-17 09:00:00,13.341951802204278,14.144928,12.123444,55.804769856346596,73.477036,41.945786,4.386148956028046,6.559009,2.4841182
2017-02-18 09:00:00,12.005286964028642,13.099762,10.896637,85.99561844027767,93.60687,81.07324,2.6167047343686023,3.469249,1.6654681
2017-02-19 09:00:00,12.592717500779145,14.046783,10.365143,46.72198801870607,75.57064,27.02951,2.5044940658299475,4.6056027,1.1309435
2017-02-20 09:00:00,12.939886422908955,13.838776,11.436432,95.53163778509965,100.415054,86.15174,4.335754997043337,6.5115805,1.59938
2017-02-21 09:00:00,14.810937690488856,17.077301,14.046173,53.091211186196716,78.85033,33.078854,5.427116673941587,6.362783,2.759864
2017-02-22 09:00:00,14.447470923030608,15.349518,13.07608,50.41945903861113,79.53438,23.03708,2.278526680992079,2.78651,1.3805544
2017-02-23 09:00:00,12.216932848934448,13.2211,9.607819,45.19978788297479,70.19002,27.622793,3.7341684319526354,5.9430857,2.509072
2017-02-24 09:00:00,10.43848509512452,12.030914,6.5523987,18.076681117984563,37.479458,9.815396,2.3591740185654837,4.2491307,1.4708073
2017-02-25 09:00:00,11.322582833790705,13.006256,8.133209,26.452201992169453,50.52564,14.598262,1.6366493017240467,3.021786,0.3511933
2017-02-26 09:00:00,10.901451373666703,12.190582,8.202301,64.48209314591116,85.84392,48.207195,0.5481196667409015,1.2432731,0.14722422
2017-02-27 09:00:00,11.433529868323546,12.91861,9.996735,75.39832943946169,84.9759,63.19465,1.0322101630677492,1.6257259,0.36966762
2017-02-28 09:00:00,11.371248050298277,12.433258,8.866852,27.571865694528054,56.172844,16.954092,2.5594288716325466,4.2030044,1.7599812
2017-03-01 09:00:00,12.3054997781025,14.1041565,8.941559,16.85558792535134,28.003277,10.810372,2.4454165077513044,3.4386122,1.1278572
2017-03-02 09:00:00,15.64299110499178,17.38501,12.890869,15.142363520898833,21.098577,8.8275795,2.1512385176802193,2.9243677,0.7812464
2017-03-03 09:00:00,18.04983310559811,20.01535,15.720337,9.540606254534197,13.399353,7.287718,2.3479994893825005,3.212409,0.78944933
2017-03-04 09:00:00,19.04186292599644,21.143402,16.065277,6.1541310709965895,12.035289,2.7506313,1.4010113734984617,2.6608706,0.7380524
2017-03-05 09:00:00,14.556118103828908,17.655304,13.00882,16.69519915567596,45.771423,3.2335749,3.109040843870879,4.184124,1.6408347
2017-03-06 09:00:00,10.313087012408289,11.197632,8.443726,56.02863805240706,70.51668,41.379593,1.788503672465349,2.9918451,1.069669
2017-03-07 09:00:00,11.606720318014595,13.575836,9.851227,26.084009272819976,31.054708,19.890646,2.2844623334170455,3.9713807,1.0656487
2017-03-08 09:00:00,14.629911413364141,16.435944,12.182037,22.884736319970074,29.74232,18.4198,2.645355354509346,4.500923,0.9850724
2017-03-09 09:00:00,17.954689429996222,20.788239,14.735107,15.266270291268155,25.383255,7.0392866,2.76736369629542,4.556218,1.021997
2017-03-10 09:00:00,20.358134633540203,22.630066,17.86444,13.00050120624128,30.64729,5.648879,2.0882117509582763,3.0701826,0.49181104
2017-03-11 09:00:00,18.528274018524655,20.43155,16.236237,13.714118214258777,32.363182,5.1642733,2.037318996872175,3.5746486,0.7285357
2017-03-12 09:00:00,20.24766792499986,23.407928,16.52121,19.06891644261516,32.74182,13.828772,2.655564506414679,4.5058784,0.8127619
2017-03-13 09:00:00,21.346147636221474,24.095215,18.071777,16.67030561234126,22.406742,13.502189,2.3804569433243192,3.3772573,0.6687354
2017-03-14 09:00:00,24.392135890489953,26.791534,19.443878,18.99454677881104,23.545269,14.457019,0.6467806381108723,1.1894627,0.066360496
2017-03-15 09:00:00,22.620375798831958,27.452301,16.93863,11.110930068776316,28.573406,6.668128,1.1047557911867176,2.234794,0.33153114
2017-03-16 09:00:00,20.19765034648458,25.163727,14.462555,18.13674573334598,31.821323,13.590856,0.9084253528415575,2.4658418,0.21903023
2017-03-17 09:00:00,20.41523365741432,23.445953,16.15689,16.942145317808745,24.218838,11.13396,1.6016131236957154,2.1934261,0.5811625
2017-03-18 09:00:00,21.859423196661396,26.091217,16.921295,15.631110875440337,22.738914,9.813643,1.1444272070391321,1.7330619,0.4654102
2017-03-19 09:00:00,20.402621503230876,24.582184,15.226715,15.06327101794174,21.407728,9.830344,0.7146560984155255,1.5165272,0.13775456
2017-03-20 09:00:00,18.00192240820178,23.385162,13.701569,20.20962800706718,38.952126,14.307592,2.538815345720305,3.4617991,1.0528059
2017-03-21 09:00:00,16.16441162508903,19.982086,14.174713,80.44586791353694,99.82232,53.83219,3.7677624669055803,5.2025146,1.1987326
2017-03-22 09:00:00,16.069970992300853,18.444916,14.530853,62.743625946906505,82.94558,26.113579,1.955356379889289,3.1398172,0.59368294
2017-03-23 09:00:00,13.71871076519733,14.820038,11.435272,59.811318782718416,90.97017,40.490196,3.14838506131501,5.039247,1.657078
2017-03-24 09:00:00,15.724893259602197,17.65152,13.522614,12.270723436937985,20.90328,5.524374,1.0204024481303737,2.4470363,0.23555543
2017-03-25 09:00:00,14.480933599185562,17.544098,13.319489,49.45777594890798,84.865425,30.728672,0.36001080078513037,0.920715,0.055036303
2017-03-26 09:00:00,15.61111297853131,17.294342,12.926422,32.23526991635474,59.96762,16.100433,2.0943136053442055,3.8782604,1.2064115
2017-03-27 09:00:00,16.078111388455284,17.289948,13.934479,57.54566228578911,78.3564,38.17582,2.975055674105169,4.622545,1.712917
2017-03-28 09:00:00,15.930622855942659,17.700104,12.731354,27.208199509915477,40.5158,18.011993,3.5904586552056035,5.161036,1.9838377
2017-03-29 09:00:00,18.358716745539994,19.770416,16.227448,27.046716105171036,36.959873,20.896206,2.7706826193327783,4.6284103,1.1521586
2017-03-30 09:00:00,20.49037250541602,23.510895,17.491364,18.293521236708468,34.799217,-2.0689573,2.741407103000939,4.9701123,1.0589075
2017-03-31 09:00:00,16.01564361198882,18.382233,14.071686,36.17485479246163,45.512474,18.944918,4.165113317581357,6.0374894,2.7438688
2017-04-01 09:00:00,18.142406649789507,19.439606,16.439606,28.16104987327556,35.149693,22.122349,1.7826097184223422,2.6388617,0.64348525
2017-04-02 09:00:00,21.36016670445065,25.0419,16.901276,27.461690204092946,32.6749,21.9642,0.8329710160875964,2.1667583,0.2446078
2017-04-03 09:00:00,20.870858585570545,27.234772,14.977936,21.457011749343756,47.539032,1.2517872,1.3758415690385266,2.3879566,0.57277906
2017-04-04 09:00:00,21.34203559930711,25.347809,15.863434,7.722076603608486,16.162922,2.6277657,1.288865280548141,2.2311552,0.7540451
2017-04-05 09:00:00,20.65299446712237,25.91861,15.76236,13.095777631701203,23.800274,-1.7199135,0.6517557869410344,1.1926934,0.24816354
2017-04-06 09:00:00,21.636585643710532,27.264313,16.822906,8.928735422784557,24.021828,0.19466454,2.3350511022912133,3.4716465,1.446273
2017-04-07 09:00:00,16.74535421029259,20.561432,14.3836975,4.960667388862935,16.818695,-0.6577406,4.34619776572964,5.5408998,2.7985418
2017-04-08 09:00:00,14.71865292885218,19.117828,13.176422,61.22178968805067,86.84435,39.88152,3.0996229070280066,3.9345925,1.6990556
2017-04-09 09:00:00,13.255670173066562,14.88858,12.221588,20.95059181675204,40.632874,7.4676,2.71780543347904,4.5174584,1.704696
2017-04-10 09:00:00,16.413170346293043,18.441803,14.234772,14.180932375212977,30.069832,7.556114,2.620706128205824,4.163306,1.6112589
2017-04-11 09:00:00,18.90662366881554,21.207916,16.42862,17.89470764999455,31.015833,8.081857,1.6337686615889675,2.4596481,0.68052435
2017-04-12 09:00:00,18.885404329896915,22.814362,15.694489,49.841542576690266,64.303085,42.25621,1.8599680807246204,2.7894192,0.7824551
2017-04-13 09:00:00,18.027500903418797,22.780426,15.130035,49.11703745069643,66.0744,19.94159,3.009817777206507,4.8121576,1.8565683
2017-04-14 09:00:00,14.554736831881883,16.565338,13.205963,24.887968298893902,59.1454,5.1063375,3.035915420019396,4.639547,2.3116252
2017-04-15 09:00:00,16.92013109640675,18.664215,14.413727,11.612793644072143,25.277508,6.713794,3.001290296981878,4.0659065,1.3957305
2017-04-16 09:00:00,21.15585279634047,23.53482,16.468414,6.823915334809662,23.879292,1.98034,1.1891285855404878,2.0294387,0.4115628
2017-04-17 09:00:00,16.422869424892895,22.521881,14.461334,40.756441683700835,71.14763,8.599799,2.0699989396374994,2.9585547,0.5361501
2017-04-18 09:00:00,17.635376649038108,21.846832,14.899567,52.78467453184618,64.64359,36.019524,1.4811875636056298,2.1120236,0.7050845
2017-04-19 09:00:00,17.257902320725748,18.741852,16.110992,54.81943066306103,79.31499,27.179897,1.6896784716814164,3.0992186,0.8992426
2017-04-20 09:00:00,18.78711498532357,21.928131,16.115631,44.72379864939522,67.70903,8.311269,2.7707661852475156,4.313794,1.8257071
2017-04-21 09:00:00,19.388200899605522,21.542877,15.671295,7.588881511463809,27.245625,0.38359356,3.477458368593806,5.30316,1.5138314
2017-04-22 09:00:00,22.032533406688174,25.376862,19.05191,16.073140937120804,27.218773,12.281272,2.2801082548049885,3.8363287,0.9506866
2017-04-23 09:00:00,22.33297727768388,27.502594,17.385406,31.96406387720338,45.165943,9.646413,2.6111814890598684,4.877739,1.4097583
2017-04-24 09:00:00,19.87313881374348,24.032867,15.647369,20.451670562264308,37.511116,13.757208,3.163641900974415,5.3987627,1.827191
2017-04-25 09:00:00,18.445365876294034,21.397858,14.706451,33.94363901223176,63.59581,17.431252,4.2860739084729635,6.061697,2.9881334
2017-04-26 09:00:00,19.405485535990465,23.07608,16.778473,49.39156140304443,58.326923,41.4311,2.9254684662827137,5.0280576,1.3475571
2017-04-27 09:00:00,20.48811617712937,24.621735,16.47525,23.474178219589206,63.71884,5.9487867,3.5841849247132624,5.416202,1.4877748
2017-04-28 09:00:00,20.855973848136216,24.191315,17.08194,20.283011437313252,42.075615,2.24247,4.309244544994092,5.946732,2.6678
2017-04-29 09:00:00,20.85572816836543,23.245758,17.887115,11.14016956489452,21.154816,5.412627,2.7736808209495787,3.7649012,1.6443313
2017-04-30 09:00:00,23.65864363321691,26.879303,18.916412,12.76046627136218,18.11393,10.183506,1.6007508405251911,2.2397447,0.83256286
2017-05-01 09:00:00,25.336927333186622,28.975006,18.607574,20.096039344681387,28.396097,16.64135,2.126020005053308,2.979063,1.3200066
2017-05-02 09:00:00,27.537148033641472,31.456207,20.618317,24.574245620682554,34.711338,21.708511,2.0095173021824593,2.8246617,1.394092
2017-05-03 09:00:00,28.256614881657697,32.538483,20.108795,29.68617192468899,31.690937,26.097187,0.9757737813973998,1.5944557,0.51153964
2017-05-04 09:00:00,25.76701313297542,33.536774,17.19107,33.21268659915964,38.477493,23.44001,1.6161119185001356,2.3595593,0.80108696
2017-05-05 09:00:00,23.382408635801596,30.76236,15.567047,13.16673171459678,19.408167,9.619081,2.1857759139875257,2.8929422,0.9709265
2017-05-06 09:00:00,21.25717321391619,26.327057,15.373932,25.245902473744003,39.023758,12.453446,4.1227683645093,7.1213236,1.9112699
2017-05-07 09:00:00,13.753965139808713,16.590973,11.618317,57.61392797167946,76.06201,46.597168,2.0644880018802114,2.7710605,0.96489614
2017-05-08 09:00:00,17.479548505628145,20.892487,14.165924,49.976655213894546,64.6492,25.536373,1.3844144691489928,2.340647,0.34437218
2017-05-09 09:00:00,21.088336816887306,25.368805,16.622467,48.441299170436736,54.888565,37.064346,1.0346160310307255,2.367726,0.48368013
2017-05-10 09:00:00,19.472209609653703,25.300201,14.59903,37.4772577362013,54.35919,25.275808,2.956078201257349,4.485706,1.2513043
2017-05-11 09:00:00,19.019403606886158,24.52066,15.16275,44.14553368144148,62.286877,31.652203,1.5613450213664062,2.597942,0.49576262
2017-05-12 09:00:00,21.43163023279999,27.33487,15.616119,45.16219006318937,66.969315,14.801348,2.162301120929489,4.2110224,1.1433215
2017-05-13 09:00:00,18.69964136931327,21.342194,15.320709,30.359401224358557,47.303513,13.858201,3.9246244134098105,6.0453596,2.2551765
2017-05-14 09:00:00,18.577141996423904,21.500153,14.943512,29.63143398181392,41.59839,23.164795,3.010453955740537,5.469136,1.6883984
2017-05-15 09:00:00,16.177342764527225,20.581451,12.738922,27.764777444829157,53.43123,11.315474,3.3693129507590642,5.102085,2.14211
2017-05-16 09:00:00,16.14009240303676,18.808502,13.667633,48.01957835226354,61.263916,34.25692,2.8924302037351484,4.660583,1.3033705
2017-05-17 09:00:00,19.183615878305147,23.991364,14.227692,40.907943396683415,64.71278,7.1094465,3.3392451085539827,5.311034,2.2866032
2017-05-18 09:00:00,20.574003880796738,23.881989,17.161285,25.51412828187878,32.775997,16.282394,2.6539397126102977,3.9618769,1.5593493
2017-05-19 09:00:00,24.609618582890334,27.220856,19.687653,19.574614690702347,22.857626,15.47872,1.21853243082342,2.3859234,0.5769477
2017-05-20 09:00:00,26.584606689284385,31.576813,20.051422,24.30912933906977,26.600456,20.696907,0.9306217882716283,1.6631964,0.39254475
2017-05-21 09:00:00,27.113818571578804,32.261627,20.10147,22.505998042579925,25.940596,16.678877,1.2489181467563564,1.9591829,0.51450324
2017-05-22 09:00:00,25.741671710908008,31.872711,17.482086,19.83708033340441,27.365265,9.38776,1.4560899501980453,2.2581327,0.9556901
2017-05-23 09:00:00,24.837885886745653,33.034576,15.042389,21.06387956163277,24.220108,11.751486,1.4880429511918636,2.292837,0.8425904
2017-05-24 09:00:00,23.545075131492922,31.978424,14.60733,2.577321322708645,8.52555,0.3585949,2.0329063447936875,3.1352983,1.0445925
2017-05-25 09:00:00,19.86700779191557,29.133698,12.886383,11.476107994646057,14.867292,6.7266674,3.20264143459624,4.7511754,1.493111
2017-05-26 09:00:00,17.26152987336627,24.704742,14.122711,33.20407754776495,68.34819,19.459856,2.683946245073535,4.1009636,0.6326628
2017-05-27 09:00:00,19.042434338691976,22.761627,15.292389,47.02164251135813,63.00365,31.661007,1.5686902539798107,2.4149058,1.2754729
2017-05-28 09:00:00,23.040058155200143,28.105377,17.42984,38.76691973366202,51.415527,31.12075,1.60928658188298,3.5010822,0.5503579
2017-05-29 09:00:00,24.652203937174136,30.944244,17.644684,33.055002898810365,47.852398,22.743023,2.0746111978034407,3.9504902,1.2236456
2017-05-30 09:00:00,24.888166521731875,31.53189,17.63736,31.01255274371513,39.503803,21.312397,2.0965588300557285,4.5101385,0.94446576
2017-05-31 09:00:00,23.84391963462309,30.437897,17.274078,28.542014532152518,36.030785,15.681067,2.1801847345783707,4.6904387,0.8915575
2017-06-01 09:00:00,21.811169354770755,25.393219,18.239899,59.276927858498055,70.173454,48.06808,2.7007278018962273,4.559723,1.4525701
2017-06-02 09:00:00,24.7400955342992,28.94986,19.95987,32.04658774230483,48.611862,16.257189,2.303628287821634,3.8156402,1.3635472
2017-06-03 09:00:00,26.284101589459567,31.775543,18.1315,32.20777964768257,37.776035,27.115929,1.059502966501639,3.0928242,0.05874918
2017-06-04 09:00:00,26.155162861355905,32.349762,18.498444,19.947485204585483,31.176628,10.647248,1.8262300364643829,3.094958,0.96014476
2017-06-05 09:00:00,27.17729248319216,33.400543,18.84024,14.993013067318158,24.465939,2.481615,1.8950996971845988,4.1411223,0.8194305
2017-06-06 09:00:00,25.68776863800258,32.33658,17.04361,12.486857658272225,22.262562,1.3490763,1.702442743873546,2.8428612,0.88606685
2017-06-07 09:00:00,23.081762380253508,31.03067,15.516998,15.884226572334889,31.131153,3.082324,2.030737981631544,2.9266963,1.1216987
2017-06-08 09:00:00,21.54400736014867,29.036285,15.404205,13.71740795533016,29.588835,8.8393,2.191073817425896,3.6485348,1.1639011
2017-06-09 09:00:00,22.275624534317046,28.095123,16.622955,53.636481147798776,68.04439,27.067825,2.1861620950406166,2.6645179,1.8539292
2017-06-10 09:00:00,20.596310615490665,24.916168,17.306305,23.244802601692307,54.020344,12.914874,2.683249070579014,4.7296963,1.5952483
2017-06-11 09:00:00,21.792989115286332,25.619537,16.59024,34.07948149778787,43.38795,16.852795,3.55377831822468,5.853362,1.8391998
2017-06-12 09:00:00,17.973510480782352,21.527496,15.484283,40.172688854027534,52.523655,34.260162,3.3454149690543757,5.1087646,2.3682709
2017-06-13 09:00:00,21.013904844146452,24.257965,17.672028,30.10699144295239,41.51877,16.401583,2.795698015683332,4.5098977,1.7168146
2017-06-14 09:00:00,23.667166084064263,26.582428,20.016022,21.21764918547487,32.20865,14.877449,2.492022410588143,3.9192705,1.4936659
2017-06-15 09:00:00,27.446505014224158,31.13736,20.893219,26.613625247013715,32.00289,14.051765,2.3240863378744705,3.7920792,1.5598737
2017-06-16 09:00:00,29.270253626368174,33.372955,22.062408,20.83973423383747,24.322681,17.68583,2.6555988032024422,3.7607002,1.7332984
2017-06-17 09:00:00,30.549473546860156,35.105133,21.679352,33.001872192955695,34.730755,30.80225,1.6362217001668344,3.0934114,0.88081443
2017-06-18 09:00:00,31.485022252904344,37.60367,20.818512,31.52124727910041,37.541653,27.850246,1.1177962066766978,1.8498574,0.42367455
2017-06-19 09:00:00,30.123567053422732,38.095123,20.983307,20.394302220210914,25.48263,16.430897,1.4578804777515737,2.441537,0.6156351
2017-06-20 09:00:00,28.509241750043657,37.862946,18.20279,15.90826175944196,25.711956,6.6689873,1.7903489021746761,3.0245948,1.2473081
2017-06-21 09:00:00,29.299078159257988,38.466705,18.7128,20.704972261877437,30.63787,11.036309,1.9926082849338542,3.268005,1.1859945
2017-06-22 09:00:00,28.691603765383036,38.05606,17.784576,18.211406809740975,30.617092,7.1429653,1.5246280989586556,2.199679,0.9865219
2017-06-23 09:00:00,26.045882690086557,37.13272,16.925201,27.150744117181187,30.423222,22.852514,1.7999328296998613,2.870887,0.9504997
2017-06-24 09:00:00,26.766167472397,37.694244,16.972565,19.969255398748036,29.067478,6.453046,1.786941640677417,3.3049,0.6640816
2017-06-25 09:00:00,27.77303326035093,36.29654,17.962555,11.309123895849112,25.11156,4.5099993,1.7608476862564846,4.0708866,0.87566525
2017-06-26 09:00:00,29.260538740466018,37.71866,19.665924,6.6813759368996175,9.43756,1.8164663,1.7923904025179758,3.19378,0.8249761
2017-06-27 09:00:00,27.803245498803904,35.660065,19.474518,7.838591974520984,12.517135,4.380416,1.781558748767074,3.3501854,0.8823233
2017-06-28 09:00:00,25.929105501240713,33.335114,18.267975,19.956703540974583,39.041473,7.7090025,1.8783398933928286,3.9143922,0.9307321
2017-06-29 09:00:00,26.06921279938564,31.70816,18.648102,14.236516036163243,28.0054,7.324662,1.8414820100029292,3.6021678,0.8163865
2017-06-30 09:00:00,26.716347309939636,33.355133,18.443268,10.810608969092565,21.845482,5.249735,1.9154361190597373,4.225595,0.7076425
2017-07-01 09:00:00,27.46556970189266,33.677887,19.265778,12.531570482499417,23.257446,4.9669704,2.1461578008881923,4.9575195,0.7943192
2017-07-02 09:00:00,25.461866333799605,33.56949,16.73941,16.085509471375016,33.68133,3.1774254,1.9762849162918175,2.6328757,0.72823936
2017-07-03 09:00:00,24.538319237375163,33.44107,16.737946,24.827007656086604,43.26465,11.870119,1.6036041230095979,2.7500534,0.5499278
2017-07-04 09:00:00,25.876110720965187,34.974518,17.515533,13.632345757951759,36.50007,2.068327,1.3809514885844785,2.1975288,0.7978783
2017-07-05 09:00:00,27.726097662487746,35.765778,19.290924,9.473468327575876,23.186453,3.6281004,1.3529201264218516,3.306583,0.29506576
2017-07-06 09:00:00,29.959150520871617,34.90103,21.751373,23.125047336442616,29.294413,19.579723,1.5004824700262072,2.6943357,0.06277215
2017-07-07 09:00:00,32.13345055543704,36.280914,25.639313,23.48775806125489,26.983524,19.67564,1.5735067301656778,2.6797976,0.7164824
2017-07-08 09:00:00,33.88651270271174,38.015778,26.550201,17.358032942590327,20.857903,14.817573,2.0060305733102815,2.7379134,1.0958763
2017-07-09 09:00:00,34.04753588478934,38.0065,26.799469,16.626875261955377,21.116282,13.696726,1.1567504103848436,2.8357809,0.46200702
2017-07-10 09:00:00,28.20136876003471,36.680817,20.499176,20.03265695251309,34.542137,15.213739,1.5366676772735923,3.0374541,0.673588
2017-07-11 09:00:00,27.785432770147622,34.85025,20.41861,24.343093638855667,41.515224,15.907216,1.9333632992339769,3.1062038,0.8895918
2017-07-12 09:00:00,26.660530872708932,33.971344,19.526031,14.150856054918135,38.237965,8.417256,1.9160386323956007,2.9954896,0.89308965
2017-07-13 09:00:00,26.1383623670784,34.183258,18.882477,9.91947235566859,17.13739,6.043639,1.7776667640780501,2.8776853,1.0300983
2017-07-14 09:00:00,26.26786433315135,34.257965,18.177887,16.16024035052417,28.938698,10.116321,1.6467439845100929,2.4713783,1.1443261
2017-07-15 09:00:00,29.780512484299607,35.579254,23.73819,11.772594053514672,19.610077,5.773411,1.3063920361812884,2.790352,0.18060838
2017-07-16 09:00:00,31.516294213245487,35.3107,23.65445,12.02966966203137,14.918168,10.381163,1.6495623490238707,2.3990047,1.1528149
2017-07-17 09:00:00,32.62483188470304,38.337555,21.532867,12.57138003314727,16.351849,4.569175,1.2848105385706954,2.199851,0.69390815
2017-07-18 09:00:00,29.393133927892052,37.48233,21.011627,16.202361960881262,19.751545,13.2427025,1.4749127724893294,2.5573833,0.7047921
2017-07-19 09:00:00,30.127890041385683,34.689117,21.880524,7.690158205019997,18.407885,2.416975,2.002125004474574,3.7706203,1.3294728
2017-07-20 09:00:00,27.296486006110058,34.57852,19.723053,8.477313720463856,21.162996,3.174715,1.7041060948557136,3.6179833,0.7080472
2017-07-21 09:00:00,27.76857333958077,33.517487,21.076324,19.183855611042443,26.356312,14.088361,1.6575928950353123,3.9641037,0.6322588
2017-07-22 09:00:00,27.573587428924156,33.15689,19.43814,24.97619475805024,28.884792,17.706272,1.4344657641558944,3.1792927,0.3566986
2017-07-23 09:00:00,28.421471710752655,35.413483,19.412994,20.598244536899614,27.981525,8.646113,1.4595070027694543,2.0652122,1.0068277
2017-07-24 09:00:00,27.11266731170042,36.33194,18.527252,7.905323053911201,29.554502,-1.2187262,2.120063762365458,3.35318,0.49399784
2017-07-25 09:00:00,23.862648792609093,32.566803,18.069,12.62231041092547,39.09073,-1.8819256,1.7401579161742824,3.2261393,0.253645
2017-07-26 09:00:00,24.865926807850656,33.881256,18.012115,16.4897615594079,33.463257,7.9285107,1.627445961558921,2.472748,0.7990006
2017-07-27 09:00:00,26.333797143013953,34.11612,18.586823,34.557343184630625,42.651184,20.667862,1.5599306163412991,2.535519,0.9364419
2017-07-28 09:00:00,27.5077926942148,35.199615,19.020905,29.619495454753224,37.42945,24.183357,1.3506625772036966,2.0332375,0.5948793
2017-07-29 09:00:00,26.60578057447907,34.70401,18.471588,20.75822927350244,31.839699,13.50376,1.8165093991879113,2.8509712,1.0702097
2017-07-30 09:00:00,26.848640763658295,35.443512,18.443512,15.030791239071217,26.671528,8.869723,1.6716369956913735,2.59984,0.9846589
2017-07-31 09:00:00,26.4343594491354,35.55606,17.246735,7.894655869067728,14.945256,2.4471483,1.5639790939373128,3.2469895,0.716134
2017-08-01 09:00:00,29.161660163488477,35.734528,20.818512,9.868258876639766,18.190825,0.6667053,1.558480296703429,3.2397978,0.35973594
2017-08-02 09:00:00,29.32163391155592,36.764313,21.362213,21.155721513050306,27.425606,14.620918,1.3377211676588237,2.2890275,0.38792965
2017-08-03 09:00:00,28.093768307668654,33.97989,22.70401,34.02962341326875,40.27158,23.685593,1.2787693625760261,2.1824102,0.58718675
2017-08-04 09:00:00,28.400384572635176,32.581207,21.758453,23.011626273771288,28.0157,18.199293,0.9293795831384168,1.445426,0.30688813
2017-08-05 09:00:00,27.22104117849159,34.74405,19.790924,28.582574105870968,36.43548,20.244072,1.464599734554726,2.7554936,0.5273161
2017-08-06 09:00:00,26.142337131633383,33.925934,18.925934,38.864059689277575,44.933697,30.056602,1.8554896804861718,3.1292071,1.132344
2017-08-07 09:00:00,25.962090328138004,34.565826,18.61856,23.682560729223443,32.868927,19.255646,1.9970815905863892,3.2749517,0.91159385
2017-08-08 09:00:00,25.916124717450373,33.32315,19.092682,34.240157824087454,41.418537,26.844318,1.6372476378611405,3.4033444,0.86567736
2017-08-09 09:00:00,26.6844946487563,33.67032,18.801178,26.941312987405265,36.374825,15.042792,1.9043605834973725,3.152382,1.1010222
2017-08-10 09:00:00,26.048149703662546,33.710846,18.486237,27.811628108046747,38.56295,16.234823,1.55031375199109,2.9480197,0.37274882
2017-08-11 09:00:00,26.44940455481725,33.402985,19.26944,32.016691961309014,42.012344,20.71084,1.5725632645749015,3.262201,0.7537499
2017-08-12 09:00:00,27.9607871985192,33.96646,19.591461,27.17265105478834,31.861195,20.932247,1.3585501300757141,2.719933,0.51716644
2017-08-13 09:00:00,27.540932296861797,34.605133,18.866852,21.759443584330114,33.44937,11.155498,1.6478264763169463,2.234435,1.0215648
2017-08-14 09:00:00,26.735496032364097,34.495758,19.087555,16.66254253989181,21.967896,10.788207,2.14907165126168,3.0955837,1.2173702
2017-08-15 09:00:00,22.27285051152876,28.824615,16.937897,10.58125891058344,31.615505,2.493476,2.7786678908140328,3.9299,1.4136834
2017-08-16 09:00:00,21.83736499984542,28.281647,16.986725,40.96355033891078,50.45739,33.543327,1.9081578739767653,2.6927788,0.91723865
2017-08-17 09:00:00,23.267416984366434,29.994781,17.705475,37.6168940439605,41.361732,31.793484,1.5390788189879447,2.1953406,1.0544089
2017-08-18 09:00:00,25.374784812928908,33.391266,18.191803,42.39772700894166,47.616375,34.4445,1.6572417113087323,2.4139059,0.93680286
2017-08-19 09:00:00,25.275281838263652,34.505768,17.704987,34.29310720048558,43.77429,15.5995455,1.8637325575554768,2.6907904,0.79735
2017-08-20 09:00:00,24.470466688275735,32.80533,18.408844,21.714755104843203,39.284927,10.292279,2.1184574288317273,3.384169,0.49790987
2017-08-21 09:00:00,23.293494052109565,31.039948,18.215729,37.05028429122519,52.82592,25.048162,1.6919396762103887,2.8764842,0.57024086
2017-08-22 09:00:00,25.039271411833738,32.032867,19.26773,30.03721393116204,43.414356,19.496387,1.4951585950458373,2.798092,0.853523
2017-08-23 09:00:00,25.868508495060098,33.208893,18.33194,25.805941630531937,36.12246,19.52871,1.9184381266872563,2.7287009,1.1376839
2017-08-24 09:00:00,24.668198680529827,32.18155,17.896393,28.827175982536236,43.173275,21.360592,1.8425568687525697,2.593455,1.3346161
2017-08-25 09:00:00,28.03196299696208,32.654694,21.529938,28.521504430720757,32.756866,22.557646,1.0779659281475054,2.76016,0.24190854
2017-08-26 09:00:00,27.971049572429706,34.490875,20.310944,26.613603187272357,32.12168,24.328146,0.9552009963722733,1.7655172,0.13544261
2017-08-27 09:00:00,29.17396216202235,36.950836,21.253326,22.16361765950886,23.996168,19.209484,1.0062270405994442,1.6607581,0.51334536
2017-08-28 09:00:00,29.691140770764036,37.347076,19.99356,14.281428993019462,17.037342,11.588122,1.0087998230317268,2.6102133,0.2629235
2017-08-29 09:00:00,29.673342708559346,39.115387,19.692291,16.629699442554617,19.001167,11.98777,1.3970443872532126,2.891774,0.30668482
2017-08-30 09:00:00,31.529932488628674,39.12686,23.399567,16.918481697249458,22.072807,11.819005,1.0713171138161572,2.9605463,0.16165027
2017-08-31 09:00:00,32.51731353677661,36.592926,25.173248,19.448712272481405,22.088861,17.678705,1.7448624949646325,2.788696,0.8248729
2017-09-01 09:00:00,32.3358398318893,36.466217,26.585358,20.273138299121413,22.792099,16.33484,1.5053403595267885,2.2390804,0.96518725
2017-09-02 09:00:00,35.86300126550958,39.75992,29.232574,17.503124537270853,19.571987,14.45336,1.052134426681566,1.6844002,0.42945737
2017-09-03 09:00:00,35.782269951656815,40.3356,28.562653,18.02136565668849,21.477903,15.943003,1.4382503089389571,2.2858436,0.48597708
2017-09-04 09:00:00,29.747820254972396,34.593414,23.636383,43.887556162937514,54.484062,36.02347,2.2352535830341647,2.814318,0.8023403
2017-09-05 09:00:00,25.807724185001575,32.930573,21.00528,54.37529135508349,60.348236,44.14541,2.0272202796997814,2.7588573,0.83556056
2017-09-06 09:00:00,25.95931455049697,32.98111,20.315094,36.37509626144326,47.353275,30.857182,1.3391400846421369,2.1378303,0.629395
2017-09-07 09:00:00,25.53829196909504,32.092438,19.957672,31.260433058619057,38.051407,25.571384,1.864972232903779,3.2653852,0.8665251
2017-09-08 09:00:00,25.724189185345608,31.938873,19.88028,33.22716514607743,52.532356,12.984224,1.5106486581924492,3.5876234,0.39043877
2017-09-09 09:00:00,24.246950120113695,30.165924,19.16153,38.01170856773889,50.152557,12.863497,1.4652259845910136,2.6817057,0.2576218
2017-09-10 09:00:00,26.6428223847073,31.644684,21.386139,39.368391833057586,48.597893,30.868282,0.5569163231969619,1.6594787,0.024232848
2017-09-11 09:00:00,27.69593921458619,33.404205,22.287018,30.544727440637395,34.22686,26.476858,0.49923824266809613,0.9869805,0.026753766
2017-09-12 09:00:00,26.490614313447622,32.81143,20.950104,41.12792558614838,51.18004,34.689835,1.3767402886121072,2.239855,0.14086846
2017-09-13 09:00:00,24.518029766708764,30.394196,19.896149,36.36837297902564,54.370983,8.729061,2.2564743384439923,3.594671,0.7530386
2017-09-14 09:00:00,22.650526800219552,27.87857,19.089508,49.40987081112151,64.61583,35.87606,3.0314174250507073,4.236745,1.7262691
2017-09-15 09:00:00,22.24184599474853,26.146149,19.832184,35.608484155212366,63.385406,20.81173,2.319883542566708,4.099125,1.3611516
2017-09-16 09:00:00,22.457036100011464,26.698639,18.384186,32.61555562734298,38.71692,22.721706,1.637880555626345,3.1077664,1.0765853
2017-09-17 09:00:00,22.98234795639138,28.341705,18.410065,43.596587507935595,53.359062,32.15241,1.4251818207731333,1.8005062,0.8932398
2017-09-18 09:00:00,24.028586017697933,28.815094,19.308746,27.798467536734783,38.852493,15.876073,1.2892953534541973,2.6282582,0.6903907
2017-09-19 09:00:00,24.30223896709805,28.871979,19.930328,26.64248417633755,49.77898,0.87930775,2.547638609593394,4.5618844,1.5949255
2017-09-20 09:00:00,23.397430505364525,25.388336,20.767242,34.95263247707958,42.62203,28.367231,2.392013307828041,3.9524696,1.6590296
2017-09-21 09:00:00,22.869806789835707,26.110016,18.617828,54.3261350000619,64.893936,36.863113,3.350011759865705,4.8074894,1.5419874
2017-09-22 09:00:00,18.15341892161723,20.767487,16.53482,33.61702066569179,56.545418,16.037605,2.6316823921914825,4.0240455,1.379517
2017-09-23 09:00:00,19.75866112162663,21.359283,17.656158,36.6576712474067,48.257824,31.127356,1.877678524674009,3.0308967,0.8277259
2017-09-24 09:00:00,21.837101896985416,23.843658,19.001862,24.781398688052246,31.653137,19.33434,1.7850869746852163,2.5721953,0.9983834
2017-09-25 09:00:00,24.063889856425476,26.371002,21.834137,22.52915002065688,25.529442,19.383934,1.7924355118285709,2.3893669,1.3060495
2017-09-26 09:00:00,25.305338243576045,27.632965,22.621979,19.528523360839852,23.10825,17.196266,1.3487038447435362,1.8161479,0.91400176
2017-09-27 09:00:00,26.7286581121474,29.31607,22.131256,23.603252650493705,26.030449,19.835136,0.4167078749052465,0.8418839,0.0044425423
2017-09-28 09:00:00,27.768784579543876,30.61441,22.212067,19.1055180436516,24.142525,14.408151,0.8205009469575258,1.16852,0.38967678
2017-09-29 09:00:00,26.825120518654728,29.4169,22.705963,20.093158233554885,23.558302,17.095924,0.7458147375669019,2.288219,0.08743481
2017-09-30 09:00:00,25.88372484305745,29.122223,21.079254,20.634009048183025,28.342909,9.116745,2.082788814171048,4.208328,1.0515636
2017-10-01 09:00:00,23.754326625635144,26.49234,20.62735,19.41301932563353,44.480114,8.84461,2.298283989738825,3.172878,1.7002465
2017-10-02 09:00:00,24.433871817947875,27.07608,20.367096,10.246764986657427,17.10099,6.59404,2.4969781356387006,3.07667,1.9971234
2017-10-03 09:00:00,22.33639768034533,24.66568,19.132477,14.445629212559515,23.4909,6.4372835,1.8352179483386994,3.9294782,0.71555007
2017-10-04 09:00:00,20.00255733901031,21.458405,17.710358,16.539767547122132,22.737682,5.6322556,1.3502506332964914,2.8199513,0.489789
2017-10-05 09:00:00,21.82414565302321,24.315582,19.022614,11.878324458249892,21.106081,6.8186255,2.3954737086392264,3.5254893,1.1157261
2017-10-06 09:00:00,23.4702046745918,25.64029,21.741852,5.181041898150446,9.801594,2.9077911,2.4865104500580455,3.3757842,1.0886445
2017-10-07 09:00:00,25.60949232799578,27.529205,22.628815,5.802905080090649,10.963628,2.260624,1.739616982308111,2.3055463,0.63470405
2017-10-08 09:00:00,26.905434326282545,29.527008,22.360992,9.436144442315069,12.419598,5.8760633,1.587543036963627,3.4695325,0.9337559
2017-10-09 09:00:00,24.15748041073965,26.970856,19.040192,12.014892425807325,16.935522,5.518903,1.3152407104203392,2.566659,0.3164217
2017-10-10 09:00:00,23.63914097392518,26.653473,18.662018,12.144784162294187,16.924187,7.8109055,1.200495817533346,2.4439495,0.0885805
2017-10-11 09:00:00,20.971817570580527,27.140045,16.066315,22.18882850083612,27.234499,9.809151,1.1576897435115698,2.0211215,0.20549189
2017-10-12 09:00:00,21.425332469804744,24.039215,18.770905,8.544121465365166,35.221195,-0.5444288,2.14665384732331,2.9954755,1.6114976
2017-10-13 09:00:00,19.733030302204725,21.631989,17.067535,3.976119683588411,12.591058,1.0168394,2.7822214068813813,4.298006,1.1319005
2017-10-14 09:00:00,20.92527109786886,22.99112,18.474518,6.324600339559303,9.013885,3.9367647,2.738988820113731,3.8558242,1.1204251
2017-10-15 09:00:00,24.276089644876777,26.232574,21.593903,5.750521128098245,7.573394,4.370531,1.9515919266333257,2.6662362,0.80385154
2017-10-16 09:00:00,26.547650232540548,28.551178,23.045319,8.368291115800043,12.020103,3.3011208,1.4194332598853228,1.9639581,0.51348156
2017-10-17 09:00:00,26.70471592503253,29.434967,21.741608,3.4896004765069835,14.011056,1.1820087,1.168053550297339,2.3401046,0.63068247
2017-10-18 09:00:00,22.93922708776472,27.750885,18.404205,8.593261118768917,19.751038,1.0525723,1.5542164933836842,3.3076043,0.7736804
2017-10-19 09:00:00,22.0576604535554,25.2919,17.269928,6.662779875836532,15.891962,-1.1003428,1.3621773510588409,3.1832669,0.37145233
2017-10-20 09:00:00,20.362871497205788,24.283844,16.85611,36.14082634464312,60.54049,21.806112,2.8136839790966732,3.8759215,1.6588467
2017-10-21 09:00:00,17.092488440168268,18.102203,14.098297,21.584056202533326,40.693768,15.494935,3.3592354381253116,5.3423285,1.5437112
2017-10-22 09:00:00,19.658952654333802,22.120026,16.799469,20.339417211320704,25.960905,17.566374,3.3388218434048,5.1854625,1.3317297
2017-10-23 09:00:00,23.58116573940515,25.953033,20.956451,8.925887777336747,12.899178,5.4969873,3.1566603938094624,4.980831,0.998486
2017-10-24 09:00:00,27.69880268106141,30.690094,25.285797,10.787797010878958,16.661331,7.8839865,2.626171895093678,4.021203,0.80827993
2017-10-25 09:00:00,29.524210365570696,32.550934,27.103668,13.372165315629916,15.150459,11.622527,1.8471239438235125,2.7188315,0.6126825
2017-10-26 09:00:00,28.846911188356273,31.174957,24.993317,11.47238209332441,15.216072,9.302208,0.761261992673879,1.1348088,0.43071046
2017-10-27 09:00:00,26.632278394528385,30.609283,20.36905,10.851833308489953,13.882271,7.905896,0.8660389431330096,1.3606457,0.36764413
2017-10-28 09:00:00,24.4606691004534,26.924469,18.990875,13.028167029668621,19.694105,8.135505,1.084493399487013,2.1117287,0.10565262
2017-10-29 09:00:00,22.746313403582803,26.777252,16.359283,18.21944713024161,22.526875,14.851092,0.9006371233573757,2.2636867,0.12850563
2017-10-30 09:00:00,19.056349538902907,24.590729,15.049713,20.582316129288944,37.313995,10.3436575,1.6077310219792285,2.2968228,0.64619964
2017-10-31 09:00:00,16.967728162849085,21.555084,14.552887,26.536878788008952,49.159676,10.183113,1.7049247279567594,2.4022386,0.42063546
2017-11-01 09:00:00,17.177170523202847,18.910553,15.791901,72.85735934396614,79.610794,66.16084,0.6099077557375141,1.428338,0.09896958
2017-11-02 09:00:00,18.31594572767648,21.079254,15.55191,76.31213124115679,81.55146,66.27412,1.3421508460449132,1.720533,0.4392623
2017-11-03 09:00:00,16.19924755182626,16.857819,14.600006,73.29882901744928,78.34443,67.40528,2.2876653457984077,3.1030066,0.6497196
2017-11-04 09:00:00,16.566870621413614,18.976715,15.718903,75.1548137612527,77.55825,70.65305,1.2200620794525472,1.654436,0.5205441
2017-11-05 09:00:00,16.569611802494933,19.154236,15.839783,58.95912025405303,81.390114,28.023087,1.755026243674836,2.8517609,1.0157858
2017-11-06 09:00:00,15.348689895431676,17.580963,14.48941,26.90086368041645,48.37541,11.006597,1.2382963798331827,2.5427792,0.51208
2017-11-07 09:00:00,16.66818315670878,17.541595,15.022064,27.792946952270256,57.086163,8.082278,1.0544065371155193,1.5212604,0.46269563
2017-11-08 09:00:00,18.662656553610077,20.311188,16.502594,58.88371539840329,63.99859,52.61187,1.0491556819474055,1.5000778,0.2730455
2017-11-09 09:00:00,17.677624212647686,22.335968,15.748077,65.58442584502544,85.13087,31.498901,2.2348848736289053,3.0808713,0.6704134
2017-11-10 09:00:00,18.135974657667248,20.987976,16.587585,45.321306280199785,77.9315,27.610071,1.467227470869758,2.4045327,0.79929304
2017-11-11 09:00:00,17.370238343019764,18.856049,14.766205,37.43335369423122,51.325626,29.368595,1.7371642380614443,3.3261268,0.9877432
2017-11-12 09:00:00,17.74642490806815,19.037018,16.24405,14.756116335687448,34.426914,2.4503517,1.4361907756556924,2.7761626,0.4592709
2017-11-13 09:00:00,17.484660037117123,19.072906,16.078766,23.955026600043457,35.767654,13.720905,1.1536206735372243,3.0554013,0.27532077
2017-11-14 09:00:00,18.152584325755527,19.551666,15.795807,39.368249913514994,59.73919,27.774345,1.8607884743310774,3.4799554,0.7948608
2017-11-15 09:00:00,18.37954597236154,19.498444,16.90274,5.503174004867962,20.418734,-0.6515789,1.8889604238652367,2.9703674,0.5719554
2017-11-16 09:00:00,20.536735529635735,23.368805,17.169586,49.43949912076244,55.48575,42.435463,1.5018925131976757,1.805169,0.8980275
2017-11-17 09:00:00,17.405152789487715,20.46695,16.1586,61.71120913871532,70.24447,53.800377,1.583123255441845,2.3953686,0.9618378
2017-11-18 09:00:00,16.57705381696377,17.890625,14.197266,10.402310514565563,21.529839,2.6353073,1.9978278105483709,2.3859036,1.0030928
2017-11-19 09:00:00,16.987203921386595,18.21109,15.0104065,2.8740044987054274,6.705165,0.037452698,0.8934094244291981,1.9328312,0.10744883
2017-11-20 09:00:00,17.737088340331354,18.559723,16.625397,10.350558629477288,20.55289,4.558731,1.3868793656094631,2.896081,0.47351256
2017-11-21 09:00:00,19.802034148723465,20.916534,18.16214,23.062151003512977,26.433296,19.654118,1.9233620780640002,2.9900086,0.7296431
2017-11-22 09:00:00,22.661770741801377,24.25708,20.884033,23.440949591271536,25.95185,21.644918,1.6733349266729378,2.1864045,0.31882775
2017-11-23 09:00:00,24.066797042257406,27.451324,20.222809,18.85079571335706,22.963104,11.400603,1.3715374499260402,2.0698893,0.32168803
2017-11-24 09:00:00,23.22003137102149,25.700592,20.583405,19.469103936081638,24.979357,11.667759,2.217484409547545,3.9470248,0.96939695
2017-11-25 09:00:00,21.44365413916063,22.506989,20.229645,12.437328691115138,21.721937,7.350871,1.7567753421826406,2.465833,0.49106225
2017-11-26 09:00:00,22.05733800554782,25.181305,18.155914,21.42180189940893,25.093565,17.095177,1.6387401807733095,2.13263,0.98255175
2017-11-27 09:00:00,17.768159184977378,22.830963,16.000885,47.17555009421169,70.27506,23.424938,2.534788062484329,3.5674667,1.5511372
2017-11-28 09:00:00,14.055112565930983,15.8785095,11.587311,21.176234336328637,25.941685,17.42688,2.7814913872058473,4.2917047,1.3224763
2017-11-29 09:00:00,15.189362077732198,17.173248,12.56778,16.62026746805624,21.20736,12.0862665,2.500461618602134,3.5354345,1.022942
2017-11-30 09:00:00,16.224043240980563,18.262848,13.737457,17.53397780942395,19.736912,14.267455,2.1853512120790324,3.2103398,0.50370646
2017-12-01 09:00:00,16.516324806799503,18.426178,14.066803,14.870635415075723,31.579165,7.9190083,1.8816109907019425,2.922645,0.27018318
2017-12-02 09:00:00,16.75518273483533,17.952301,14.944489,13.25635117184773,20.100029,7.6322603,1.4565076359385103,1.9135201,0.28028592
2017-12-03 09:00:00,17.01444216114237,18.68863,15.659332,17.85998872112613,27.935463,4.6181355,1.8206180217580172,3.1226082,0.96055734
2017-12-04 09:00:00,14.001187579506336,16.36856,10.610748,12.403082203973824,35.00438,2.9244576,3.354418181117716,5.5685134,1.2819394
2017-12-05 09:00:00,13.9630398639203,16.515533,11.595612,15.591918186493286,20.553574,8.109017,3.1547051649618525,4.503851,1.9559261
2017-12-06 09:00:00,15.986562168336832,18.776764,13.145905,8.354776413410166,14.116391,6.375354,1.7027988087726607,3.2144094,0.45827723
2017-12-07 09:00:00,16.888952087406835,18.440826,15.477936,7.558157009909277,11.186364,4.963708,1.7579603095229375,2.449939,0.62643796
2017-12-08 09:00:00,18.084062635999146,20.008453,16.797516,5.982559448788749,10.69888,3.2848177,1.5485984631910634,2.4382877,0.34656522
2017-12-09 09:00:00,17.5305230619922,19.252075,16.228638,8.294594604439917,9.97888,5.3546553,2.0216775963112763,3.027758,0.57712424
2017-12-10 09:00:00,19.93059217706042,22.360962,18.368774,6.332765923371326,9.511865,3.7731428,2.3172496317999878,3.5711148,0.7296944
2017-12-11 09:00:00,17.928669373183652,20.16565,16.237915,7.386466968415263,9.641936,4.9150105,2.0460865266931525,3.2474287,0.42133567
2017-12-12 09:00:00,18.53833351868559,20.833893,16.5878,3.1695282295053437,8.298211,0.57113457,2.0406126426931013,3.2879605,0.30415982
2017-12-13 09:00:00,18.64540729981985,21.11908,16.77533,1.216976344864739,3.2618284,0.011828423,2.365466434910614,4.0020866,0.32314023
2017-12-14 09:00:00,17.200551512778816,19.32904,15.362244,2.447094445815768,5.378956,0.07426834,1.862105658859047,3.0007124,0.44878027
2017-12-15 09:00:00,18.34520749116649,20.830719,16.694,3.9595399689354527,5.491394,2.257019,1.40838114720444,1.961719,0.308045
2017-12-16 09:00:00,17.974903771132688,20.607635,15.713104,10.586271704678431,14.973764,7.8643894,1.24453958762874,3.5111876,0.5617696
2017-12-17 09:00:00,14.84779043876813,17.324432,11.477509,27.183457130215793,32.794685,19.66719,2.5993380862397366,3.7933283,0.89644444
2017-12-18 09:00:00,16.009381653406763,17.826752,14.37558,15.686741373122455,18.380394,11.387931,1.242641995346355,1.8075808,0.37719694
2017-12-19 09:00:00,16.587400536865005,17.512726,15.344757,17.63490554634647,23.191631,13.554051,0.3869231611938505,0.8277164,0.065044224
2017-12-20 09:00:00,15.418742332611146,18.01651,13.397369,18.46133999468457,30.532951,11.634515,1.518173784834692,1.9021473,0.79189104
2017-12-21 09:00:00,10.672268314722828,13.050446,5.7398987,17.870863476865473,36.711437,11.645031,2.751189299895446,4.061109,1.5586343
2017-12-22 09:00:00,11.061886749945131,13.639496,8.395355,11.13762155986154,15.03025,5.9678497,1.7052310824424968,2.2753458,0.8077472
2017-12-23 09:00:00,14.234231418930051,15.078644,13.068878,3.303442691651699,4.600651,2.269105,0.9754492418463049,1.7989658,0.12794726
2017-12-24 09:00:00,14.321158709026975,15.34375,13.265625,2.005932812053638,3.5407486,1.0227995,1.390447769995981,1.8852677,0.5660337
2017-12-25 09:00:00,14.897147402185624,15.822052,13.550568,4.313969604320469,6.874271,2.4434204,1.4885890026061148,2.1469707,0.10822928
2017-12-26 09:00:00,15.976317228237463,17.894073,14.239777,31.458450059709108,35.54098,25.111294,1.6899216603555702,2.5564713,0.30270952
2017-12-27 09:00:00,17.012011514248684,18.701385,15.213104,19.055021798497933,29.888084,12.2774725,2.1161863538567736,3.1500165,0.46418247
2017-12-28 09:00:00,16.765238520188007,18.737335,14.594757,6.7412884469127485,8.6471815,3.2292128,2.36934067149755,3.742473,0.32389292
2017-12-29 09:00:00,18.319144602404606,20.764038,16.269897,6.01238623759883,8.080542,4.2953854,1.8867441990587488,2.5063438,0.5072534
2017-12-30 09:00:00,19.82435181395158,22.646332,17.552582,7.957438761299844,11.433393,5.564994,1.0543455038478144,1.5367891,0.35710642
2017-12-31 09:00:00,15.791985220828849,17.829376,12.565704,10.333173967266159,12.867954,8.352329,0.6860063558679429,0.84962964,0.44124147
2018-01-01 09:00:00,16.013298266498566,19.605011,12.700714,18.96441927528962,20.912361,15.597901,0.5157412388170821,1.2381328,0.11707179
2018-01-02 09:00:00,17.246957519388218,19.149994,14.696869,23.357022881254455,30.611181,10.9119625,1.0314715351738475,1.443711,0.21539813
2018-01-03 09:00:00,17.679376620740697,19.629211,14.748352,14.508956527761821,16.145245,12.728516,1.0193812586994928,1.661368,0.25607145
2018-01-04 09:00:00,15.161370666963933,16.914368,14.019836,60.21881515595401,86.65488,30.486784,1.9234167300607325,3.273802,0.67700994
2018-01-05 09:00:00,17.730146742708655,19.971527,15.494965,68.08359645340887,83.01387,57.092068,1.25935789062602,2.128338,0.45098397
2018-01-06 09:00:00,16.639531020110326,18.45636,14.8723755,52.37747662035635,67.565414,41.98729,0.804914777166218,2.1844935,0.2721358
2018-01-07 09:00:00,16.483518511085265,17.679474,15.1267395,26.826000885888142,41.929485,15.514228,0.90827833725634,2.1342947,0.33417007
2018-01-08 09:00:00,17.32914232140604,18.617523,14.982758,73.27243677654648,81.52074,56.27246,1.062282058935154,1.4201958,0.38941926
2018-01-09 09:00:00,15.460399461279849,16.721405,14.3715515,88.32198578758386,95.69788,77.087006,4.483084014066486,7.655405,2.2855263
2018-01-10 09:00:00,13.139818544008108,14.25528,12.304108,51.62134460399831,79.76845,20.115372,2.955587582329891,5.08248,1.4539676
2018-01-11 09:00:00,13.634968473724427,15.251282,11.632141,19.05470642158417,27.673178,13.872396,2.0142070859954475,3.5849133,0.5841704
2018-01-12 09:00:00,16.18998969177096,18.449371,14.193512,21.300085153393333,32.99076,13.927338,2.2203905860953217,3.4595158,0.6401528
2018-01-13 09:00:00,16.650422869093973,18.77591,14.410675,5.099423153675725,14.549255,-1.4908638,2.554664770980209,4.13785,0.67877245
2018-01-14 09:00:00,19.13311891699186,22.232452,16.753937,13.577782284225929,16.750187,6.649331,1.6405692970944572,2.520946,0.42160955
2018-01-15 09:00:00,18.813746769039767,20.323578,16.378265,15.519992613015189,19.11932,13.552915,0.9213610455696325,1.2036551,0.057236746
2018-01-16 09:00:00,16.659243431026084,17.974457,14.490082,16.05607891312857,24.256622,12.489103,0.7480269931931554,1.7628018,0.11920452
2018-01-17 09:00:00,15.86994570505857,17.06131,14.125763,34.083921520352646,36.879025,29.958345,1.5477978326153747,2.4955287,0.5425351
2018-01-18 09:00:00,15.887191894337889,16.886871,14.256012,29.339121234282622,33.18768,22.820492,1.0030737190626164,2.746386,0.1480068
2018-01-19 09:00:00,16.08296884654959,19.798615,13.931427,33.35824909303586,55.8273,23.945587,1.8237720142571476,3.3439667,0.9829953
2018-01-20 09:00:00,11.960414387225967,13.490265,8.179718,45.732366437936314,77.60593,33.644993,2.695585215701063,4.6843677,1.3239131
2018-01-21 09:00:00,11.870966848434364,13.375214,8.117401,24.97708920120462,33.85813,19.197975,1.8931029497746243,3.354939,0.7886177
2018-01-22 09:00:00,12.647855197364379,14.425507,9.167694,19.1395724579807,23.342901,16.114838,1.300191327625063,2.7725377,0.3285554
2018-01-23 09:00:00,14.25374069611172,15.334595,11.176392,15.583385994868825,22.266087,8.716353,1.6453233316523306,2.8931563,0.7437114
2018-01-24 09:00:00,15.096407553660754,16.933258,13.334717,11.30231320537782,17.085728,7.1161737,0.9072769881750636,1.3073003,0.3693687
2018-01-25 09:00:00,14.046273502907582,17.388641,12.658173,18.600729546019476,35.502293,5.4241686,2.3469822573878667,3.1868327,0.87686723
2018-01-26 09:00:00,11.955809150506752,13.068878,9.02005,40.916671284721716,54.802982,27.883951,2.1163123307310845,3.9097166,1.2078702
2018-01-27 09:00:00,12.620848645035323,14.782257,8.698883,12.905562597233194,31.381752,8.464586,2.5087425445885243,4.3688183,0.97070587
2018-01-28 09:00:00,15.241509873932557,17.732025,12.265045,16.95427557815762,23.471233,13.635297,3.1447777406325192,5.357752,0.85586846
2018-01-29 09:00:00,19.593460379575504,21.869354,17.42575,10.455108944355207,14.49653,5.998623,2.4676125342228032,3.8577898,0.47163308
2018-01-30 09:00:00,19.587667227493,21.896606,17.51184,8.754324510997817,12.589024,4.4439564,1.762218189947497,2.6060107,0.30742353
2018-01-31 09:00:00,20.27519372177511,22.141754,16.962067,5.820660209195954,13.752546,3.0689526,1.6876839852051868,2.5880852,0.38507885
2018-02-01 09:00:00,19.084677634132277,20.730438,16.265594,5.296657835416031,10.861293,2.1635704,2.101745064917352,3.4934678,0.4009816
2018-02-02 09:00:00,20.739286729375692,22.708069,17.23645,15.84852784418691,19.911133,10.005696,1.9858752949913034,3.0645502,0.49191844
2018-02-03 09:00:00,21.72451138498434,23.91867,18.446014,14.890785392348896,19.069723,12.808004,1.424511116663039,2.0054498,0.20512146
2018-02-04 09:00:00,22.557947088448884,25.362122,17.733215,15.170000912245039,17.51451,12.153523,1.1156409725253618,1.5104526,0.24402705
2018-02-05 09:00:00,22.257999554298067,24.726654,17.716888,17.430968723881524,22.62616,13.993154,1.1709526412305207,1.7349315,0.3207462
2018-02-06 09:00:00,21.485024470977407,23.798126,18.368439,14.281319260280695,23.249218,7.911325,1.623606676335421,2.31827,0.70950174
2018-02-07 09:00:00,21.05160573210776,22.919586,17.313263,10.983860191602933,14.899679,7.2317104,1.1933406817489705,1.7809314,0.36451766
2018-02-08 09:00:00,20.84830540759924,23.672577,15.875702,14.70339333351626,18.60524,12.882696,1.237857618385011,1.9920236,0.61315155
2018-02-09 09:00:00,21.388237459232357,23.330872,18.619934,12.032804763181419,14.223175,10.071787,1.8717893148235998,2.9732728,0.521102
2018-02-10 09:00:00,21.641674945793113,23.7518,18.480316,13.352981915665161,18.45559,10.146996,1.3852075419229868,2.2377048,0.42565897
2018-02-11 09:00:00,19.612554292383777,21.80191,17.098785,16.37266440216935,30.561775,1.283,1.5361960612449521,2.6564028,0.98188204
2018-02-12 09:00:00,16.783403689344482,19.561157,14.69397,26.865654138246715,41.472,6.1673136,3.1701228000842616,4.255524,1.9388129
2018-02-13 09:00:00,12.172229079907936,13.413208,9.77063,54.07247541071093,62.75874,45.597797,1.133947927533661,1.8606229,0.8032527
2018-02-14 09:00:00,14.39356944144032,16.197327,12.781311,49.92718647412373,68.62645,41.74551,0.6965146319743666,1.4329733,0.008290864
2018-02-15 09:00:00,17.002556025192007,18.502838,13.745026,35.19831418114548,41.70698,18.284958,2.1658871031131057,3.674598,1.230196
2018-02-16 09:00:00,16.278319767939536,18.033844,13.039703,17.677362224672525,31.373646,6.193959,2.3679387394773515,3.364119,1.2665935
2018-02-17 09:00:00,17.477573998294417,19.269989,15.096161,12.516642300694537,22.748383,6.746337,1.6554437461304428,2.134666,0.5073116
2018-02-18 09:00:00,19.29392307657764,22.159943,15.8298645,21.20774468785848,29.355442,17.620506,1.4970980135788328,2.9109905,0.6336003
2018-02-19 09:00:00,14.613887272572754,16.990265,12.5469055,36.93457809099168,56.586502,12.527599,4.588715120232957,6.542145,3.1838543
2018-02-20 09:00:00,9.70795934967532,10.850128,6.830597,33.37231934258647,38.164577,24.39114,3.004266692398743,4.6792445,2.0135193
2018-02-21 09:00:00,10.23117021830717,11.235443,7.76474,28.05125101191917,33.356674,15.395258,1.8259176851588856,3.3808784,0.18217288
2018-02-22 09:00:00,11.79952029986083,13.269501,9.388641,51.25729947866671,62.031143,37.932835,2.2639762645750285,3.489946,0.47561926
2018-02-23 09:00:00,11.022027863562357,12.134369,8.735931,54.88616470846472,74.29902,39.74433,3.451045622298735,5.392737,2.3004565
2018-02-24 09:00:00,10.193246159399962,11.8697815,6.292145,16.363290258119353,23.282364,12.24229,2.195177681099059,3.5183778,1.0912778
2018-02-25 09:00:00,13.23591797394306,14.7760315,10.41861,28.161978400088326,32.911648,23.540552,2.6906663641128095,4.464041,1.3258007
2018-02-26 09:00:00,14.703415307152852,16.553131,11.930084,17.33119840336694,35.626995,6.549488,1.6673908043515355,3.6050348,0.38259205
2018-02-27 09:00:00,8.777630528192162,10.627838,7.2723694,56.72067622846011,69.24208,46.148335,2.0329629103098057,3.1584022,1.1782451
2018-02-28 09:00:00,10.807436984016078,12.448395,6.9967346,31.33505377032274,49.88571,20.174774,1.3417817529859999,3.0902326,0.5194305
2018-03-01 09:00:00,13.296323394111596,15.378326,11.636139,41.51072939537674,61.66036,22.855669,2.7553058737281795,3.9193342,1.0671408
2018-03-02 09:00:00,11.867367205071275,13.380524,9.57608,85.72242506840722,93.71742,74.86195,5.751344393337138,6.6642914,2.9860957
2018-03-03 09:00:00,10.88004300261889,12.839508,9.896149,72.11852860404282,82.14053,61.007717,3.33431559983452,3.9798489,2.2508156
2018-03-04 09:00:00,9.752953024763542,11.039459,8.484772,54.876183145106495,69.433846,39.052895,1.775163751435602,3.13071,1.0297126
2018-03-05 09:00:00,12.140546682739568,13.647369,9.668854,22.492438597021316,31.330345,15.924094,2.6894811784266057,3.6862414,1.5103005
2018-03-06 09:00:00,15.825907656635025,16.901031,14.228424,9.32188190271245,12.208127,7.4932833,2.0313915541542458,2.7894728,1.1247393
2018-03-07 09:00:00,19.297891446340316,21.396881,16.019928,12.119375207266897,18.112257,5.439597,0.4225007550733037,0.83288974,0.18593054
2018-03-08 09:00:00,18.310033308642176,22.234528,15.308746,7.806842459331719,18.679455,0.8668022,0.5586138056665282,1.2490284,0.15982325
2018-03-09 09:00:00,19.349767411393884,22.263092,15.466217,48.38397652791369,61.548256,35.517006,1.4948452299490624,2.966659,0.7817816
2018-03-10 09:00:00,16.34787747217206,19.852203,13.567047,47.162767046619194,60.121685,35.414654,1.0046931376545594,1.9618013,0.4386681
2018-03-11 09:00:00,13.399585535687436,14.816803,11.76651,71.06292698943328,91.81348,59.813473,1.0135517246334875,1.6891679,0.51513183
2018-03-12 09:00:00,17.965358346407243,20.61612,15.1336975,57.68552150961388,66.85928,44.69522,0.7520689549852556,1.2088956,0.39462268
2018-03-13 09:00:00,17.24155276832147,21.568512,14.939178,75.97644165674441,88.29327,65.5359,2.930882970580231,3.895242,1.2241868
2018-03-14 09:00:00,15.008713937844448,17.84317,13.882233,55.80116163360469,79.47193,35.573498,2.4974411314271627,3.6141055,1.6654215
2018-03-15 09:00:00,12.02880050063385,13.0086975,10.2274475,39.09774944176033,81.807884,7.9070683,2.170671040775888,3.311367,0.8385012
2018-03-16 09:00:00,13.055520321746314,14.564117,11.548492,66.11434660580082,89.68359,42.3496,2.7335976165689386,3.675278,0.81897986
2018-03-17 09:00:00,10.803162625079722,11.798248,8.850983,75.18319136120664,81.326935,69.56683,2.381690711632391,2.9472609,1.4628431
2018-03-18 09:00:00,10.337419348141054,11.76358,8.039673,32.144084341917896,41.036217,20.747152,1.440367410192673,2.8762722,0.9537491
2018-03-19 09:00:00,13.202940338858241,14.6197815,11.514313,27.256591397405533,36.845848,15.147347,1.1803662372967887,1.5895357,0.765509
2018-03-20 09:00:00,16.633237918762916,19.09195,14.666168,19.889618493362924,38.796196,5.327448,0.7973742929216658,1.4422036,0.1657707
2018-03-21 09:00:00,13.388798119628404,13.953766,12.35025,83.1604183168664,92.1264,73.19672,2.798098204548808,4.460003,1.1876572
2018-03-22 09:00:00,15.59695233967011,16.840973,14.298004,88.46295402938907,95.5425,79.64369,5.077496072710105,7.0198236,2.481464
2018-03-23 09:00:00,14.560624666241893,16.701813,13.313141,13.405466048930979,43.804966,0.33261776,1.4824234298781178,3.4048817,0.14661522
2018-03-24 09:00:00,14.403929288735014,15.2430725,12.694244,38.48017674191984,78.56682,11.105883,2.263013792874068,4.1196465,1.1561077
2018-03-25 09:00:00,13.092523894336296,13.932526,11.858307,61.21675830447896,73.17195,52.70718,2.7245890594018203,3.826714,1.6822616
2018-03-26 09:00:00,12.936194017973719,14.203522,9.62735,40.579664036092936,55.71407,30.290634,3.12597121412313,4.6550603,1.9230313
2018-03-27 09:00:00,15.147111762298039,16.279205,13.505768,25.485752681797123,35.141247,17.633678,1.905751491613894,3.346063,0.75415236
2018-03-28 09:00:00,17.833477751144926,20.046783,15.91153,26.94587122756172,31.012531,21.49395,1.361904105881451,2.4551466,0.37718147
2018-03-29 09:00:00,20.954685110096875,23.492828,17.108063,24.74864969764324,30.334988,18.385769,0.8692127676741507,1.388495,0.48133945
2018-03-30 09:00:00,21.87523978627246,25.162506,17.75235,10.592637163607982,16.768694,7.6520367,0.8233480803203681,1.1791742,0.49256232
2018-03-31 09:00:00,21.5569776066734,25.779205,16.074127,26.210135164948603,50.361496,9.689619,0.5359827685357822,1.0100793,0.26517734
2018-04-01 09:00:00,20.52522958848641,25.230865,15.421539,12.121478788649576,21.478828,6.907242,0.8736998244287418,1.986989,0.25648287
2018-04-02 09:00:00,21.621508566790965,25.755768,16.966705,27.15194896421895,42.8419,13.740337,2.2428365095931446,4.4705696,1.2061874
2018-04-03 09:00:00,20.191814051545066,24.602448,15.95108,27.869603414368918,44.69363,13.758543,1.4095130227455328,3.2351131,0.3962843
2018-04-04 09:00:00,19.769341292931472,24.628326,14.68692,31.60364266977483,47.57548,10.486459,1.219720967634224,2.119896,0.9266078
2018-04-05 09:00:00,18.77728902376259,23.27774,14.328522,19.571420989595705,35.38016,7.1848497,1.4348318432321847,3.0458956,0.55964893
2018-04-06 09:00:00,19.257029601297006,23.730133,14.705658,25.805433799021266,39.442207,14.330377,1.475321893714296,3.2976153,0.8329512
2018-04-07 09:00:00,17.68758438411851,20.804993,15.205383,81.88451357827869,96.702095,43.89032,1.5763626467388299,2.2687867,0.8205748
2018-04-08 09:00:00,18.790188445096362,22.487457,15.778473,17.85615492750963,49.217323,7.993432,2.787283786674303,4.7129107,1.6058654
2018-04-09 09:00:00,19.87580686248924,22.35196,17.213287,6.101908275625624,11.897892,3.670199,2.910571155220849,4.2593713,1.45867
2018-04-10 09:00:00,25.20193136781853,27.608551,20.973785,12.405886851376072,22.574623,7.414468,0.8616271562687944,1.4981128,0.3774867
2018-04-11 09:00:00,21.38947105516729,27.926422,16.055328,10.968868193827007,28.774555,3.5510693,2.252605762571105,3.6658452,1.0595279
2018-04-12 09:00:00,15.616771422665181,21.174713,13.14151,18.89087434166464,49.415752,7.6813784,3.8050722257986433,5.4099946,2.807894
2018-04-13 09:00:00,15.75691722770739,17.518219,12.649078,16.096545130002756,34.328842,8.196032,3.9899423303233292,5.53534,2.2524676
2018-04-14 09:00:00,19.23634276980897,21.435211,17.45816,11.657996111647755,15.436022,5.6547713,2.363620859483731,3.2799366,0.9489807
2018-04-15 09:00:00,22.476408706243035,25.78482,17.310211,21.102407543193966,27.625954,13.467346,1.4924698198128405,2.4888551,0.87532884
2018-04-16 09:00:00,18.270075738774153,23.940094,13.735016,21.0213056237772,26.442865,15.692865,3.758227937651865,4.768066,2.3464546
2018-04-17 09:00:00,12.375566943437661,13.599274,9.4711,57.454393172160295,69.66645,32.56098,2.4507078567604625,3.853997,1.697788
2018-04-18 09:00:00,15.4138269492434,17.97647,13.525299,31.11261368741381,36.505424,23.615715,1.7438019418198447,2.9439309,0.7740704
2018-04-19 09:00:00,15.01744472628036,18.24527,12.469879,15.259040259331263,28.370441,4.987629,2.456158036028307,3.4368713,1.7211859
2018-04-20 09:00:00,16.461977049871507,18.190826,14.128326,39.861227644614935,45.228058,36.77482,2.4904179699359563,3.7018442,1.7561303
2018-04-21 09:00:00,21.029249322513806,23.057281,17.567047,23.24689027362538,31.53796,17.004614,1.594988969650772,2.5907836,1.0371231
2018-04-22 09:00:00,24.005182396579016,27.141754,18.329254,27.754347001208437,36.14189,14.262986,0.9555832232709033,1.9495547,0.038892787
2018-04-23 09:00:00,24.527682940025443,29.808258,17.845367,10.516968214130992,28.041355,2.3223915,1.461881650638895,2.1005728,0.9910816
2018-04-24 09:00:00,21.75210220937231,28.631744,14.905182,4.826897782715402,13.297563,1.9210968,1.798199152842722,2.5328805,1.0513194
2018-04-25 09:00:00,20.943422109917094,27.68106,13.923248,10.247886160511232,25.557709,0.7736368,1.8968764722749232,2.785305,0.83299863
2018-04-26 09:00:00,20.061905068324677,27.327301,13.522614,19.022894185438457,36.605347,6.0389423,1.8503680681826022,2.6743102,0.88108003
2018-04-27 09:00:00,19.97193762743592,27.103668,14.839508,11.283025952444676,37.478123,5.1287107,2.222688428487248,3.652815,1.0633302
2018-04-28 09:00:00,19.208316125949352,23.746002,15.318268,35.14299306127439,47.111183,21.111181,3.0448883599383323,4.925142,2.137434
2018-04-29 09:00:00,18.380055980783425,22.615631,14.394196,46.87280313499706,58.93526,19.15401,3.1951260920822886,5.150317,2.0513024
2018-04-30 09:00:00,18.44508417765718,22.573395,14.140778,62.063933431743,68.45255,53.21036,3.0973105685443727,5.043562,2.1364753
2018-05-01 09:00:00,16.220880910599135,20.455719,12.779938,50.05716749487992,66.80101,12.21679,3.424658081554236,5.164057,2.0749555
2018-05-02 09:00:00,15.635022929065201,18.7128,13.531647,56.697177642640575,69.60799,46.27596,1.9907720973240788,3.032013,1.0126133
2018-05-03 09:00:00,17.406429910424947,20.996246,13.763824,49.68742618676247,57.045715,42.72752,1.5256457495789566,2.1167548,0.86647713
2018-05-04 09:00:00,22.946277939368713,25.839996,18.393463,29.92675970477066,38.99736,23.567673,1.3609667227376185,2.485981,0.2737582
2018-05-05 09:00:00,23.634418633663472,28.610992,16.585602,26.76829354166591,31.377716,16.570114,1.2681180260499743,2.5927858,0.4318363
2018-05-06 09:00:00,21.822181252979817,27.966461,16.010162,6.6081515148078305,24.449156,2.3815517,1.5905551568807361,3.372128,0.3736575
2018-05-07 09:00:00,23.426056880619683,27.85147,18.485992,17.030156437684067,28.203485,2.3371515,1.591351985748656,2.9419715,0.60132176
2018-05-08 09:00:00,24.62678400349438,29.172516,18.442047,15.501699857591882,24.162172,7.9012337,1.8259051492327179,3.4992032,0.818017
2018-05-09 09:00:00,25.89325274106892,30.66275,19.145172,14.322429053916615,27.321316,5.1526012,2.303195807161763,4.06069,1.4822875
2018-05-10 09:00:00,24.20330776451874,28.998444,17.043365,24.031666307141617,40.630104,7.0404444,2.915629102758316,5.4967313,1.3336672
2018-05-11 09:00:00,22.72777793925934,28.558746,15.224762,21.296069987727233,34.731846,8.583142,2.329323980902977,4.5023656,1.2967451
2018-05-12 09:00:00,18.846338588271976,24.655426,13.928864,29.664106128798295,44.503242,11.099164,2.7347394451805718,3.7626274,1.3436584
2018-05-13 09:00:00,18.307801885510173,22.405914,14.560211,45.692117172009496,53.641823,39.431835,2.4815614226577414,3.4724874,1.6577884
2018-05-14 09:00:00,17.39625437367198,23.275055,13.544586,45.001431704479934,54.532192,32.749058,1.9548649404679543,2.9556913,1.3800411
2018-05-15 09:00:00,18.321445766577824,24.21402,14.297272,56.449953210818826,66.431854,38.140762,2.327775174752123,2.9773035,1.1770467
2018-05-16 09:00:00,18.4766730322728,23.96817,15.031647,45.73535570152091,70.837685,27.368937,2.5322331300176453,3.1680617,1.2915558
2018-05-17 09:00:00,19.22492026679737,22.878326,15.501373,47.244849508173196,60.515354,22.566706,2.308425065275857,3.9397476,1.6184176
2018-05-18 09:00:00,20.3908321843997,25.708405,15.31192,55.07740564870256,61.020466,49.144608,2.6011600332717046,4.7283506,0.860627
2018-05-19 09:00:00,21.86483140005714,27.500153,16.636627,40.40843008914017,59.981045,27.069275,2.4398369528969597,4.191423,1.5441115
2018-05-20 09:00:00,21.847519775908665,27.612213,15.271149,33.004365672143415,45.208313,16.962116,2.950221055961223,5.533664,1.6002469
2018-05-21 09:00:00,19.21408502688837,24.643951,13.688873,33.65134759550473,52.43122,17.887966,3.1131424364621902,5.115651,1.6149979
2018-05-22 09:00:00,18.790334570381106,23.934479,13.963776,49.69167981925399,52.958225,41.214703,2.2309702103314333,3.1421797,1.2366332
2018-05-23 09:00:00,19.46875953523221,26.108063,13.98941,44.37670924125536,56.98079,34.097164,2.537355642054624,3.4910939,1.2583436
2018-05-24 09:00:00,19.56717956442907,26.220856,14.552887,46.22800212728484,61.56303,35.87146,2.06307954396483,3.3165946,0.44457868
2018-05-25 09:00:00,16.274211686724357,22.79483,13.8402405,64.13100991178304,73.36748,49.7324,3.0564346069725685,4.842456,0.59127307
2018-05-26 09:00:00,17.988848561848044,21.208649,15.486725,71.58410474097116,78.308586,61.524986,2.924300733376094,4.1520543,2.3444242
2018-05-27 09:00:00,20.0698337759344,23.965729,16.534088,61.74450726631263,67.243164,54.52726,2.0739343617830617,4.1927543,1.0639101
2018-05-28 09:00:00,23.341189927279174,27.791168,17.190338,47.612803087502165,52.1393,43.89328,1.2603027311046073,2.1197336,0.7868846
2018-05-29 09:00:00,24.7358756180127,32.322662,16.490631,30.85393193017711,36.492905,24.814735,1.5842620604341544,2.3343627,1.0339075
2018-05-30 09:00:00,23.835838132801427,31.955719,15.717438,20.863188129255192,25.052145,16.96251,2.9095308592636875,4.4232044,1.585703
2018-05-31 09:00:00,19.28902017088751,25.019928,14.297272,11.371979206820537,31.878025,3.6392727,3.235855549643953,5.606388,1.7628465
2018-06-01 09:00:00,20.698176922840105,24.419586,16.44693,21.191496016346548,29.183712,13.636171,2.1198838511937566,4.119839,0.8503399
2018-06-02 09:00:00,25.544028797090732,28.332428,20.277252,15.046244987621543,22.67971,12.355492,1.9667237841203982,2.870784,0.9267094
2018-06-03 09:00:00,28.61485509423045,34.313385,18.883698,15.113816877826025,23.13678,9.001847,0.9112656486669755,1.3849187,0.5103458
2018-06-04 09:00:00,27.187699640596463,35.06143,17.873444,11.260415090070232,16.733582,7.2648315,1.385817185812289,1.9203798,0.6691748
2018-06-05 09:00:00,27.97525016923464,34.18399,18.074615,15.78215641562406,23.115467,9.713275,2.352055480744615,4.6590915,1.3820598
2018-06-06 09:00:00,22.79678954065122,30.231354,15.496979,8.760566978803869,16.299717,6.103902,2.651308416936472,3.9383326,1.054479
2018-06-07 09:00:00,21.609590872920137,26.970367,16.403473,18.899821184338784,30.51931,10.195092,2.4336831645379617,4.7402573,1.1067015
2018-06-08 09:00:00,25.22168394319715,29.778229,19.653473,11.919906266069178,26.1577,5.5014505,2.310852810094188,4.095403,1.3774778
2018-06-09 09:00:00,26.361075037843875,30.873444,19.523834,17.150700283057372,23.127956,13.167019,3.035394861169407,5.1220927,1.8229516
2018-06-10 09:00:00,23.492841724503194,27.625153,17.948883,8.056327766091815,25.039427,1.8334751,3.404836954631993,5.2682724,2.447299
2018-06-11 09:00:00,24.126610659670007,27.191559,19.795074,17.746811375292523,21.10101,13.753352,3.170567649300926,4.937281,1.8199432
2018-06-12 09:00:00,27.152494258581783,31.354645,20.15152,16.94007353637265,20.78429,12.428822,1.7888236929371433,2.624252,0.7856013
2018-06-13 09:00:00,27.282955634057316,33.803375,18.352692,23.954674239053144,29.18909,19.009403,1.4503449383594094,2.2289503,0.99192
2018-06-14 09:00:00,26.453402885813148,34.09488,18.42691,13.740944235886916,20.122517,10.954547,2.252571989513713,3.1906483,1.3163388
2018-06-15 09:00:00,23.59598627292428,31.795563,15.891266,9.224035876522626,19.836567,4.580882,2.2504029565007486,3.6501331,0.9702798
2018-06-16 09:00:00,22.017217573729624,31.131012,15.011871,11.172645215543332,26.12674,3.2165823,2.6932279776441095,3.828403,0.5987064
2018-06-17 09:00:00,18.321532774582977,26.282623,14.56778,33.23633928993441,64.77925,18.460463,3.413845799210702,5.066121,0.4901526
2018-06-18 09:00:00,20.82229287187539,24.249176,16.453766,43.281010149572914,57.984314,25.67006,1.4905954217760935,2.3692298,0.8976997
2018-06-19 09:00:00,24.201817206363216,28.619293,18.618805,33.29368809781226,40.395794,25.942211,1.8066309566707666,3.3655076,0.69826365
2018-06-20 09:00:00,27.029065573741036,31.874176,20.689362,25.374650727085715,30.825573,17.84823,1.6707165130637336,3.6028934,0.35162202
2018-06-21 09:00:00,28.192904055973145,34.31363,19.264313,14.644411416701319,23.41378,8.609821,1.51790904348077,3.7189174,0.06837658
2018-06-22 09:00:00,29.36301760417507,35.300446,20.873932,11.982218360579138,15.36107,7.3884134,1.434246299852562,2.6327004,0.18575338
2018-06-23 09:00:00,29.6714107575728,35.569733,20.169342,12.277126389348023,15.874314,9.096971,1.2237385299031183,2.180816,0.3872243
2018-06-24 09:00:00,25.19500680478984,35.266754,17.215973,20.663314006920615,28.253246,18.370434,2.1641550976875346,3.3267236,0.8252772
2018-06-25 09:00:00,23.358359033912507,33.136383,17.444977,26.89275760259594,39.56175,21.085342,2.178079067545849,3.446818,1.115375
2018-06-26 09:00:00,24.257385696141057,32.909576,16.434967,32.71528934862961,37.97741,19.452349,1.8132930768416122,2.3624394,1.4225309
2018-06-27 09:00:00,24.68344630889851,33.60904,16.775055,10.033012089722492,27.384583,5.3424406,2.070212159797831,2.8162794,1.3254708
2018-06-28 09:00:00,24.545520623880748,32.432037,18.690094,6.360811587973622,7.812413,5.1788597,2.243589806758494,3.6573124,1.1985117
2018-06-29 09:00:00,25.3090722737457,31.666412,17.642975,25.0844999844546,31.989851,18.938889,2.308776508245401,4.2354913,1.4855331
2018-06-30 09:00:00,25.718140094422495,31.88736,18.34439,29.9780041810882,33.26503,25.597088,1.6076957590518324,2.0925608,0.6337385
2018-07-01 09:00:00,24.655202941274467,34.251617,17.39859,28.072563479630443,33.881233,24.740608,2.033837665270903,3.009757,1.3022901
2018-07-02 09:00:00,23.672577786117643,33.040436,17.034576,28.87686452426683,38.07485,23.372295,2.1098505280649476,3.3343613,1.1044585
2018-07-03 09:00:00,24.293919418509745,33.06729,16.42862,27.622347601346917,36.63414,17.45178,2.3521460041592523,3.571587,0.7179724
2018-07-04 09:00:00,21.793228764975936,32.0607,16.341217,17.80500896358836,38.941452,4.7492304,2.472424977059879,3.8982875,0.47194782
2018-07-05 09:00:00,24.403429018502663,31.785553,18.185211,11.062938983115835,29.825115,2.66496,1.1924052317940843,2.0943696,0.34321412
2018-07-06 09:00:00,29.93339902651843,32.887604,24.827301,10.700389193843987,16.82685,3.1844826,2.0270181163290504,3.5529108,1.2317078
2018-07-07 09:00:00,33.04740172292401,36.43692,26.597076,14.745992379700052,17.364614,12.388347,3.012915700526585,4.284853,1.9631613
2018-07-08 09:00:00,34.24939711849419,37.657135,27.100494,18.71878926269915,21.272205,10.475445,2.5521889923373315,3.9136884,1.9267458
2018-07-09 09:00:00,34.51503969087372,38.214264,26.876373,13.899733392795433,16.617422,11.45336,2.2559914206885043,3.6666768,1.5965205
2018-07-10 09:00:00,32.38589126903622,36.164703,24.04361,13.599376084872274,17.521194,9.314998,2.622480604382213,3.8960626,1.8513674
2018-07-11 09:00:00,31.175102130379912,35.76822,22.285797,24.329553182288667,28.004326,19.618038,1.9317929617529233,3.2191787,0.8547945
2018-07-12 09:00:00,26.022247661165636,34.45352,17.766022,26.26860400466817,43.507057,7.48168,2.0685999686948597,3.2408938,0.20176156
2018-07-13 09:00:00,25.969747532292445,34.02945,18.808746,43.81899676864893,54.719536,35.183384,1.4616093916438346,2.377068,0.80202156
2018-07-14 09:00:00,27.54358456046458,35.456696,18.739166,37.51162418133413,42.31865,33.908394,1.9351149925142541,3.2290637,1.3092484
2018-07-15 09:00:00,28.005467649724892,36.52359,18.570465,38.937249023946215,42.783867,34.29949,1.9597334458172495,3.5016952,0.86755913
2018-07-16 09:00:00,26.649008754499334,36.01822,17.516266,36.35397785440102,40.09449,32.58349,1.8680852475738314,3.1168244,1.1790835
2018-07-17 09:00:00,27.283594300011202,36.481842,17.804108,28.214300987550764,34.08188,18.718597,1.8848043675389463,3.1366777,1.1793904
2018-07-18 09:00:00,27.94436617163109,37.140778,17.902496,29.199300495265838,33.31115,26.363792,1.7860204587889232,2.5933301,0.91355693
2018-07-19 09:00:00,26.747650990705893,35.599518,19.051178,35.07060260168049,44.804096,25.085346,1.751866709243204,2.4765334,0.27119473
2018-07-20 09:00:00,26.29749090961832,35.97061,18.737213,35.36037740160223,49.780468,25.168945,2.2485980259098834,3.2077773,0.52417713
2018-07-21 09:00:00,25.785406729018632,33.669586,19.060211,51.11415659849288,54.476658,46.549862,1.779394056112015,2.8162413,1.0480003
2018-07-22 09:00:00,26.200405858046565,34.27774,18.291412,37.80227736083999,44.735588,30.321526,1.7664863196192497,2.6200194,1.1583948
2018-07-23 09:00:00,28.700897768162463,35.293365,21.510162,37.22148422522118,46.851734,20.078297,1.7277806707334329,3.638694,0.7572832
2018-07-24 09:00:00,30.205924284430637,34.867584,23.48111,30.221183599619888,38.041782,14.639479,1.863558471967627,3.8202984,0.4565468
2018-07-25 09:00:00,33.26744963165339,37.69034,25.114166,17.52873054268932,22.367012,14.878436,2.1134752020835634,3.5620136,1.3681251
2018-07-26 09:00:00,32.82682960185679,36.763092,24.784576,11.71348433376954,16.321678,7.725563,1.8619685194931086,3.6252356,0.7731032
2018-07-27 09:00:00,30.99704743022346,37.95279,21.332184,13.300555470855025,18.96185,8.746278,1.5744169346445804,3.046915,0.45102003
2018-07-28 09:00:00,31.64290119204213,37.554596,21.722565,9.272342295064679,16.85715,6.414611,1.1729734066945812,3.3011918,0.14821026
2018-07-29 09:00:00,28.682077076774362,37.319733,19.515045,11.065721021843139,20.370378,5.1643314,1.5222131599755162,2.0302596,0.98268497
2018-07-30 09:00:00,28.740148580547498,36.852448,19.918854,17.569415109848787,25.472446,10.359113,1.3657851918980168,1.9990267,0.5694506
2018-07-31 09:00:00,28.73513773237312,36.600006,19.635162,17.148458657807222,22.58603,10.123232,1.5118259879657816,2.078656,0.90195733
2018-08-01 09:00:00,28.713488710990816,36.90396,20.042633,21.761548115183206,29.549377,13.123975,1.5760909756341177,2.2697022,0.57143974
2018-08-02 09:00:00,29.269091284784167,37.335114,20.512848,22.133427769756107,29.520359,14.231296,1.562973513415932,2.3054307,0.85513246
2018-08-03 09:00:00,29.105614989795413,37.01529,19.991852,17.64083756138269,22.20221,7.28424,1.5736631365556673,2.595918,0.88428044
2018-08-04 09:00:00,30.064893629405333,36.139557,21.643707,10.946745363062245,14.347751,7.5530863,1.218514004856461,2.3523448,0.26470262
2018-08-05 09:00:00,31.967136367313515,35.891266,23.556305,9.989119670817278,16.734873,5.4787426,1.9534190295206484,3.88744,1.2792953
2018-08-06 09:00:00,29.706863559922567,33.287018,23.611237,7.005496550777624,18.85864,3.7297344,2.5338872333942732,3.6322312,1.7836531
2018-08-07 09:00:00,30.91852875647953,33.695465,26.439606,6.800200689561502,18.893566,2.6005974,2.762083718210526,4.0317607,1.5391499
2018-08-08 09:00:00,30.55997503422958,34.376373,23.696686,14.506222284771855,20.220484,6.486109,1.0288496282648238,2.1613436,0.10569089
2018-08-09 09:00:00,29.212329672741475,35.991364,21.140778,12.360032596722535,27.237509,6.3117275,0.8989993203615956,1.5428318,0.29953295
2018-08-10 09:00:00,29.937359689152174,37.477448,21.491364,12.573953118653382,27.765312,4.2692175,1.2941057227855526,1.8556592,0.6683838
2018-08-11 09:00:00,27.68714593923329,34.96646,20.626862,14.561921953780379,27.1638,8.694194,1.7174038787198533,2.8780258,0.86697817
2018-08-12 09:00:00,27.851745885424407,35.165924,20.468658,20.489206144513858,28.32174,12.177207,1.6809132129979296,2.1355166,1.2448083
2018-08-13 09:00:00,26.83853732551711,34.462067,19.762848,21.169653274850532,38.26583,12.82831,1.8329457504213094,2.8565972,0.6979519
2018-08-14 09:00:00,25.650961524203524,33.44937,18.877106,17.58492293987146,23.416817,12.374944,1.8526524389911365,2.4672308,1.1184518
2018-08-15 09:00:00,26.303384319651627,33.98697,19.045563,25.450264070320287,32.943203,16.806484,1.7525282510698825,3.2664144,0.9661125
2018-08-16 09:00:00,27.20545084332082,34.517242,20.255524,29.869798731216378,41.075855,24.571695,1.560092267209507,2.555792,0.8901389
2018-08-17 09:00:00,27.853149726044023,35.18985,20.367584,34.11484735824442,41.88214,28.452452,1.4556563121622015,2.3034573,0.9216178
2018-08-18 09:00:00,27.66060210858012,35.422516,19.334625,37.22002445120712,45.776257,27.771648,1.5287701499721031,2.3766108,0.9801813
2018-08-19 09:00:00,28.078100577753162,35.73575,19.979889,22.77322370893624,27.996994,16.554531,1.7060292757184237,2.9468613,0.8076838
2018-08-20 09:00:00,28.750286338479953,36.7919,19.750885,11.424543125971756,22.15892,6.7710876,1.9647031010398135,3.1664588,0.6243103
2018-08-21 09:00:00,24.96281929268895,33.69986,17.828766,8.609915205740622,17.772442,6.254833,2.006918546169994,2.9556665,0.76086545
2018-08-22 09:00:00,24.586086854280154,32.160797,18.51236,12.489046862430156,36.759037,5.868412,1.7067185272119683,2.9658947,0.33533543
2018-08-23 09:00:00,24.70059795526106,32.84195,18.386871,10.78216428810458,29.925045,4.288809,1.703280021951695,3.2540433,0.6086362
2018-08-24 09:00:00,24.57666307226708,32.069977,18.28482,14.64359166275868,31.610382,5.052949,1.8647640963274585,3.6588576,1.0052878
2018-08-25 09:00:00,24.07843448970675,31.5961,18.428131,19.359143903943124,36.647797,4.9233923,1.6342220845127327,2.7856114,0.8039419
2018-08-26 09:00:00,24.450841461409482,32.084625,18.236969,9.507757620532304,34.642685,3.1861887,1.7861881450974992,2.8029702,0.8714745
2018-08-27 09:00:00,23.788188590787115,32.525787,17.7211,4.720739009409317,10.19103,2.636612,2.2973927556043456,3.2042253,0.99497163
2018-08-28 09:00:00,22.75612439450464,30.920807,17.932526,28.694438071100546,38.527008,20.898102,2.276599696351668,3.2201922,1.0814512
2018-08-29 09:00:00,23.468691658028945,30.037506,18.69571,13.310427508011896,46.80621,1.7239435,2.2449694515443004,3.7935479,1.061962
2018-08-30 09:00:00,23.949726734110925,31.255035,18.581207,4.250988857286785,25.675325,-3.1769886,1.8796714765171654,3.614466,0.9031909
2018-08-31 09:00:00,24.991982932208487,29.782867,20.030426,26.483698285436713,34.919712,17.032993,1.915064891233399,4.2237415,0.47460505
2018-09-01 09:00:00,25.98407317658331,28.768463,21.496979,17.450110640428502,25.110878,7.41006,2.3743065523709936,4.0789795,1.4530057
2018-09-02 09:00:00,25.812642321266196,30.392975,18.93985,29.63707412180311,36.307774,19.332596,1.5319748981106331,2.7676911,0.6253305
2018-09-03 09:00:00,23.771397638857025,31.517487,17.902252,32.67108957627518,40.63736,28.341679,1.6752712205643596,2.5690272,0.86320525
2018-09-04 09:00:00,24.818749261182916,32.719147,17.982819,32.49659245189462,40.741253,28.027737,1.5820924351929282,2.5635824,1.0575637
2018-09-05 09:00:00,24.314029157139657,32.58194,17.743317,30.723093642234268,34.729584,28.130156,1.7428604984406695,2.8510778,0.8819451
2018-09-06 09:00:00,23.77724835808249,31.403473,17.628082,30.273814948099577,37.86721,25.726933,1.4558740767490548,2.3145812,0.8017863
2018-09-07 09:00:00,27.447519769199516,33.31778,21.217194,22.982337781299808,28.324575,14.176138,1.2095998924321094,2.2086308,0.11266642
2018-09-08 09:00:00,29.343101496374913,33.661285,23.464264,22.98782799375321,27.720375,13.970374,1.0656762078935682,2.4475617,0.20250224
2018-09-09 09:00:00,30.843486069602193,34.794098,23.821442,17.744483183156447,22.28395,2.475357,1.8685671629954566,3.5734353,1.0674176
2018-09-10 09:00:00,27.73163057016899,33.42984,19.754059,12.557645225447446,23.759193,3.33996,0.9487956645255986,2.3903496,0.17376067
2018-09-11 09:00:00,27.487743337931704,32.690582,20.016754,8.309850223829867,12.689929,3.3768964,1.112786426984248,2.5757895,0.22797361
2018-09-12 09:00:00,27.214430800858906,32.70694,19.26773,15.323685721934773,23.895697,7.341954,1.3494463465146034,3.2790146,0.657419
2018-09-13 09:00:00,24.944317783200063,30.072662,19.53238,7.044855511590852,19.767118,2.5757122,1.7209292936029126,3.6464882,0.65793693
2018-09-14 09:00:00,24.168308717672858,27.977692,19.833649,12.577309531827737,20.945415,1.5071421,1.4831327836713812,3.2774696,0.42794752
2018-09-15 09:00:00,24.513063457214002,29.604645,18.269684,15.690382428978431,26.285557,9.963841,1.8362900619435114,4.0589128,0.82836646
2018-09-16 09:00:00,24.406435138733116,27.98526,19.973541,24.76641819665515,30.951881,16.700401,1.8637979553639945,3.6263554,1.0348158
2018-09-17 09:00:00,24.88606822974498,27.766998,19.409576,16.66586340264847,26.52322,5.2029076,1.4571106096040518,3.4737756,0.26596987
2018-09-18 09:00:00,23.980089361440946,29.338776,17.94107,18.851071219129445,31.090204,5.9378605,1.7957356796556876,3.7558522,0.674822
2018-09-19 09:00:00,23.920199347270454,28.481354,18.539215,23.956345326673503,33.151062,12.998718,1.6465024084450113,3.5357351,0.20899202
2018-09-20 09:00:00,25.04615961208492,27.477692,20.800446,8.659452936532835,19.141401,3.9582767,1.9306190875509168,2.736498,1.1610332
2018-09-21 09:00:00,26.80612604747455,30.927155,19.136139,19.850407697193575,28.046623,9.01928,1.1928964213584592,1.621882,0.5304478
2018-09-22 09:00:00,24.423826592546675,31.589996,17.771637,13.123471627236526,22.801617,2.3019686,1.1319473657093049,2.1342824,0.09043755
2018-09-23 09:00:00,24.601459428120677,31.602692,18.486237,16.073470259304564,26.288502,6.3041267,1.0735942888919925,1.9429847,0.5309696
2018-09-24 09:00:00,25.022154152691144,31.280182,18.657135,11.785352674653216,19.378283,6.29877,1.4248145912077057,1.975507,0.89586276
2018-09-25 09:00:00,22.828228026233205,30.21109,16.547028,11.671039444799124,18.772135,7.130125,1.0211988766397764,1.6021869,0.5589434
2018-09-26 09:00:00,24.176865811693688,31.327057,16.458893,19.412200208505244,22.331799,16.281025,0.9378003790913549,2.2829845,0.14202012
2018-09-27 09:00:00,25.64153857891671,32.798004,16.704254,19.255605345036585,22.314384,17.22472,0.8199144415939711,2.2225366,0.17792341
2018-09-28 09:00:00,25.10639398303846,32.980865,17.240631,22.535626580025244,24.739605,18.341167,1.4411829766191895,2.3352048,0.19492455
2018-09-29 09:00:00,22.930188454866993,31.407135,17.275055,18.264206291632874,31.32264,7.0378857,1.9276712801895481,3.2617784,1.0643843
2018-09-30 09:00:00,21.275944190075904,25.965973,18.383942,28.32743571234239,39.03007,22.60894,1.0191037507794087,2.1574311,0.2047985
2018-10-01 09:00:00,22.78222472412949,27.17569,18.560455,20.276327914608647,37.342583,11.194147,0.8482814406621181,1.3180513,0.30054957
2018-10-02 09:00:00,24.38346486289373,29.39151,19.153229,32.66551731970519,45.17052,21.83849,1.0760860989758576,1.5965499,0.2640717
2018-10-03 09:00:00,22.37569093958524,28.63443,18.970367,58.64829726153568,70.31676,48.05781,2.72255344579195,4.2298245,1.1829665
2018-10-04 09:00:00,19.988152776971162,21.897614,18.229645,74.88509800255268,80.16318,66.46085,1.4638135444172928,2.1096468,0.65741175
2018-10-05 09:00:00,20.790302982845958,24.082672,18.94986,61.301268237367516,70.74157,48.645325,1.5712799511829165,2.772678,0.90162057
2018-10-06 09:00:00,21.710864775709297,24.124908,19.0878,47.766338881819976,58.365078,34.38186,2.387314570875286,3.7910967,1.5227802
2018-10-07 09:00:00,21.485622038265717,24.13443,19.476227,26.292592904510375,49.31413,7.0957737,2.328528318760269,3.9140956,1.2971498
2018-10-08 09:00:00,23.074376745454515,25.390533,20.05655,28.846867983724387,32.73822,23.853502,0.6586837629770371,1.0414228,0.38529357
2018-10-09 09:00:00,21.51456889166792,25.422516,18.211578,34.20878335125128,52.38053,23.279808,1.5150441330532576,2.2406251,0.64423287
2018-10-10 09:00:00,20.506265968459218,25.288483,17.31778,39.56967826040859,46.449715,30.684685,2.0687994445799167,3.029781,0.61587
2018-10-11 09:00:00,17.603676888998905,21.7836,16.084381,59.142483527128114,79.39461,43.693436,2.093035810468563,2.981225,0.17754333
2018-10-12 09:00:00,21.013929197126117,21.983795,19.511139,51.031376171792665,59.68957,46.043655,1.4253789718311312,1.9831386,0.9643565
2018-10-13 09:00:00,23.688638669951786,26.631256,20.480377,26.481986424318634,30.656868,21.95599,0.6064383377826064,1.0772843,0.21096654
2018-10-14 09:00:00,21.700003177962003,25.259918,18.86734,32.46084688405203,38.709393,24.453861,1.4415744032520166,2.008392,0.5348875
2018-10-15 09:00:00,22.442914715654695,26.341461,19.093414,19.11390872169055,25.877876,5.854438,1.2268709716948474,2.6499176,0.12190963
2018-10-16 09:00:00,23.5817859043122,25.420074,20.7482,11.610950507354316,14.171788,8.617514,1.252081080385571,2.047668,0.5471557
2018-10-17 09:00:00,22.6197402983006,24.766754,19.637848,17.33865686079158,22.211338,12.293997,0.7641508287792583,1.9750923,0.23481153
2018-10-18 09:00:00,22.53486688764042,26.108063,19.272125,17.168911681920136,21.632645,13.902177,0.6503444435318273,1.7108879,0.14633334
2018-10-19 09:00:00,23.821880197686312,25.638336,21.271637,17.694026047922264,19.707958,15.368114,1.4096650251347704,2.2175395,0.36756647
2018-10-20 09:00:00,24.724108025982957,26.25528,22.729889,18.521663195822434,21.171394,15.347803,1.8653986721957772,2.9639084,1.1879472
2018-10-21 09:00:00,25.34227095583134,27.139557,22.551666,19.402958646534746,22.171062,16.570358,1.316710757582737,2.5225382,0.53199166
2018-10-22 09:00:00,23.049810897826035,26.142242,18.124664,21.97835144098191,24.231304,19.432209,1.0747372695301007,2.7013674,0.10450396
2018-10-23 09:00:00,22.130519003531276,25.427399,18.07779,25.54721604189195,28.582832,23.440447,1.2207516805297032,3.168697,0.087229766
2018-10-24 09:00:00,21.62835716229364,23.160553,19.078522,15.280355226382222,28.235912,8.55232,1.7672450308477132,2.992566,1.0527931
2018-10-25 09:00:00,22.79461600861032,24.410797,20.067047,11.996920954470834,18.48219,4.0146074,1.685437168608858,2.5819547,0.9873604
2018-10-26 09:00:00,22.677920416737663,24.705963,20.486969,19.968884682999384,24.528854,15.915572,1.8033538494596448,2.5139244,0.71110475
2018-10-27 09:00:00,24.050220301698346,25.92862,21.069244,21.146369540562794,24.819098,16.779076,1.2596462110939912,1.7299616,0.5342225
2018-10-28 09:00:00,24.75476920121565,26.88028,20.927155,24.40476961179484,30.172657,20.56187,1.4269468657321474,2.4046888,0.79447997
2018-10-29 09:00:00,23.588316238132734,25.496002,20.83194,29.918443713950328,39.156754,20.598162,2.762835214341481,4.084893,1.5943246
2018-10-30 09:00:00,18.91114522611059,20.048004,16.553864,12.337009335144106,34.076996,2.3919764,3.1623109320986194,4.878758,1.5671312
2018-10-31 09:00:00,18.910838674568424,20.725494,16.703766,9.383058564613671,20.355545,2.8303156,2.2141891056840186,3.3583982,0.7681275
2018-11-01 09:00:00,20.82828077472658,22.051178,19.310944,15.834533825717452,25.203522,9.016023,2.0182307009220986,2.7987266,1.0314437
2018-11-02 09:00:00,22.510532854971416,24.371002,20.761627,16.927108796347913,20.94833,13.912167,1.6996115217491983,2.5296946,0.61397064
2018-11-03 09:00:00,22.59093496295958,24.299225,20.607819,8.28914768643314,20.604347,2.51412,2.170832785582005,3.4261034,1.1515704
2018-11-04 09:00:00,22.282681811649127,23.7482,20.757965,13.128268547341449,17.70182,9.637788,1.7403454599189252,2.9375613,0.6293621
2018-11-05 09:00:00,22.769027045499968,25.000153,20.089996,11.98700007931274,16.521229,7.9704466,1.648062016257223,2.4189515,0.82304996
2018-11-06 09:00:00,21.176555602415817,22.537262,19.638824,6.10525843648933,17.010578,2.7789736,1.56509601110834,2.2684162,0.8977708
2018-11-07 09:00:00,21.167164035112535,22.709381,18.656647,1.7679599187138326,6.910813,0.69492334,1.1611448913582878,1.7321411,0.31034455
2018-11-08 09:00:00,20.979882053960523,22.764313,19.402985,5.24709937621381,8.567281,2.9910583,1.8388496729027235,2.4399729,1.0341566
2018-11-09 09:00:00,20.091975245626486,21.686188,19.020172,6.818539431478534,9.939051,4.052602,2.3971557470246108,3.2501106,1.7174939
2018-11-10 09:00:00,20.210413060835435,22.031708,18.85788,4.807852747784601,7.8160887,2.6322184,1.6706925463152007,2.5422971,0.41937882
2018-11-11 09:00:00,17.64443986850057,19.268219,16.3815,3.359214150581677,8.757322,0.44972515,1.1723625171395369,1.6366557,0.6780286
2018-11-12 09:00:00,19.56163174660776,20.828705,18.439606,7.6623720879708745,9.515838,4.049984,1.366140385891412,2.0492432,1.0270454
2018-11-13 09:00:00,19.548127430842783,20.763885,18.293182,8.354998946739887,10.106237,5.983885,1.264871870762636,1.7976955,0.8826998
2018-11-14 09:00:00,17.99128310061343,19.47464,16.330109,7.799198741853085,10.1645155,6.253808,1.9161602940130955,2.409823,0.90397686
2018-11-15 09:00:00,19.17104339172772,21.096283,17.69394,11.208274002373367,13.718637,6.586706,1.7166719564057125,2.3948033,0.4376687
2018-11-16 09:00:00,18.731520625430335,20.511566,17.19516,13.9572139210156,16.404457,8.945824,0.9963550622321007,1.4027282,0.2000216
2018-11-17 09:00:00,19.1936246647071,21.816315,17.136627,9.526966855135667,12.232364,6.8674517,0.5868087677970095,0.90026516,0.216691
2018-11-18 09:00:00,16.959491458847936,21.012115,14.812897,10.582210156539858,19.174387,4.6442394,0.357900810725549,0.60029584,0.12147877
2018-11-19 09:00:00,17.738876780198098,20.829132,15.237335,12.00790924953031,20.628979,2.9055777,0.7469818643603096,1.4049106,0.49364784
2018-11-20 09:00:00,17.182196267023755,19.033966,16.104004,22.968516947568837,28.010452,13.7304735,0.7455806408077877,1.2523625,0.4267489
2018-11-21 09:00:00,17.651234070152896,21.077118,16.450165,41.25428708220853,52.360176,20.746897,2.3317426757936386,3.6158867,0.8073852
2018-11-22 09:00:00,16.728863151563587,20.122528,15.811981,65.44576885407048,74.358574,50.29636,2.4781861508259024,3.1808243,1.2581527
2018-11-23 09:00:00,16.2622112705331,17.661224,14.9444275,42.861581643846606,58.4477,29.010202,1.6293349002082202,3.1617057,0.6080559
2018-11-24 09:00:00,15.538625051182407,16.989899,12.794342,80.03810327424348,95.753685,68.87442,2.38860786174175,4.4679236,0.77336043
2018-11-25 09:00:00,16.77949824119537,18.120026,13.504791,33.292436590883625,59.11533,15.389768,1.7905600662348038,2.8351445,0.8936161
2018-11-26 09:00:00,17.349287618264896,19.042267,15.530548,29.85575746388636,42.95989,19.420841,1.6488205823857636,2.062148,0.76241153
2018-11-27 09:00:00,18.491134043107934,19.626007,17.200226,21.725627860175774,24.488964,18.922558,0.8190820657558668,1.9129149,0.10723076
2018-11-28 09:00:00,16.88903671512668,19.452301,16.200348,26.91693053291487,49.96821,12.090816,1.1088733023847193,2.0257945,0.34013864
2018-11-29 09:00:00,14.357408760141254,15.7565,13.004547,74.66334733040729,93.25792,64.62914,4.4080427566902465,5.753029,2.4663649
2018-11-30 09:00:00,12.85223912789371,15.061432,9.938385,47.57754655722971,79.97425,34.653942,3.8616801232401885,6.2511134,1.7086114
2018-12-01 09:00:00,13.876521225040733,15.763824,11.093903,54.24474940560871,68.20989,39.63869,2.4887311076325287,4.335643,1.184261
2018-12-02 09:00:00,11.960935513950062,14.152008,9.532867,51.65869384431467,82.80208,31.043846,2.447614222675603,4.1000357,1.383882
2018-12-03 09:00:00,12.016756157496445,14.626373,9.386322,5.01748410365501,8.528391,1.2082453,1.55697365807999,2.0447583,0.53414774
2018-12-04 09:00:00,13.74496418049523,15.171295,12.495514,14.704170118247486,26.123238,5.8061724,1.2830695837914274,2.493532,0.63604134
2018-12-05 09:00:00,13.484021429178938,15.291962,11.93515,42.08702746875415,52.47743,27.696178,2.4763567747796444,4.32506,1.6719179
2018-12-06 09:00:00,12.91110631867997,14.718079,11.64386,84.40871546630211,88.66795,79.81639,1.9765368130062329,3.0635521,1.4299467
2018-12-07 09:00:00,12.816674286285263,15.749115,10.589264,63.44242848384014,69.61279,58.74951,1.6713192300759363,2.1753874,0.8485892
2018-12-08 09:00:00,14.677868784341626,16.971405,12.061249,21.09812274955061,26.620327,14.862514,1.6687357169910235,2.6526303,0.19282226
2018-12-09 09:00:00,15.186214474921655,16.926544,13.432404,12.76426356573805,20.16589,6.6980124,1.0013652932592287,1.3536991,0.26545253
2018-12-10 09:00:00,14.73962974368817,15.387054,13.726898,21.8512290340889,29.289146,5.3711767,1.4798183087658472,2.3349297,0.39152157
2018-12-11 09:00:00,12.888862832749794,15.887726,9.981476,25.005496768037716,37.1499,14.980235,2.42289283262315,4.4350495,1.0001557
2018-12-12 09:00:00,13.936149894823188,16.948029,11.022247,18.358425668637583,25.819437,11.963967,2.2603332732091364,4.235893,0.74101806
2018-12-13 09:00:00,14.62104695456651,17.04303,11.830139,1.8206608331463536,4.901391,-0.7233639,2.065976482026687,3.282615,0.43686834
2018-12-14 09:00:00,16.95780160598224,18.208466,15.427216,6.313173794640392,11.3755455,4.1450768,1.4772132657602908,2.2420573,0.34209985
2018-12-15 09:00:00,13.924578192601132,15.225006,12.551178,15.626200086497201,25.457344,5.113595,0.8562664364129078,1.5532438,0.29510263
2018-12-16 09:00:00,15.540537260484427,16.327057,14.498932,19.37770691177651,40.226906,13.703468,0.7398352252826966,1.2862778,0.22258446
2018-12-17 09:00:00,14.570997463457616,17.396637,13.629059,34.347554079368486,51.84039,17.90289,1.6606914572273557,2.5269036,1.0205786
2018-12-18 09:00:00,13.915061306780729,14.998199,12.099762,16.33066866032827,40.691444,3.3014145,1.5773635654805505,3.0311298,0.9745873
2018-12-19 09:00:00,14.812256835556639,16.75821,12.164459,14.226499721222863,22.9118,10.392269,2.349343785100218,4.188014,0.91566575
2018-12-20 09:00:00,16.281715545120903,18.088287,14.312897,10.712620058956224,12.233091,9.314681,1.4860133830024296,1.859067,0.5169469
2018-12-21 09:00:00,15.619025635979881,17.043854,14.112946,18.39445294649031,21.47641,15.198054,1.2011387812123977,2.5867517,0.3868444
2018-12-22 09:00:00,15.14664437072912,16.099762,13.705231,29.88101843846394,38.072292,24.707386,1.8297889108536698,2.9920125,0.4855123
2018-12-23 09:00:00,15.089362935351573,16.723297,12.871735,17.39126846985541,32.76413,8.773042,1.8650858721511492,2.4476304,0.46509287
2018-12-24 09:00:00,14.471111088774649,16.808014,11.808014,29.719878248671574,46.228943,15.432068,1.5837295573549672,3.292796,0.40659967
2018-12-25 09:00:00,14.371412447295143,15.185699,12.910309,68.9973070028326,89.2507,47.14235,3.234017037920513,5.124524,1.9383279
2018-12-26 09:00:00,12.89411602955488,15.027679,8.806427,14.542838464087366,29.01516,8.776878,2.052976492377475,3.759612,0.93137664
2018-12-27 09:00:00,12.727528881666217,15.374176,9.33316,20.183235080434383,24.526283,14.102626,1.97455071612967,3.855481,0.60692525
2018-12-28 09:00:00,11.993114307172561,14.789764,6.904999,21.815765128838393,32.438076,12.080606,2.674315531658621,3.761111,0.68820107
2018-12-29 09:00:00,10.816477209250309,14.014587,6.9071655,14.048860492894336,27.224232,10.157555,1.7709632894181992,2.6844862,0.49586654
2018-12-30 09:00:00,12.447157159655262,14.555481,10.013153,19.885698709946585,25.677904,15.961707,1.4678568208016058,2.9556196,0.031698525
2018-12-31 09:00:00,13.142719765918685,15.306519,10.269409,25.603861162389062,41.003735,7.9476824,1.9415723067871382,4.0366144,0.59262955
2019-01-01 09:00:00,10.805018147006194,13.93222,6.797455,24.602975785384814,33.723286,17.727192,1.990198115754535,3.344406,0.95219904
2019-01-02 09:00:00,11.434227092176457,13.964752,8.007721,16.365257141313396,25.193943,12.384473,1.5547277089005298,2.4645941,0.6977539
2019-01-03 09:00:00,12.382620662530769,13.879669,10.389435,20.886407717476473,27.182076,14.709925,1.0114825899003717,1.4424931,0.38262343
2019-01-04 09:00:00,14.34203613227146,15.338226,12.846039,18.695861138777182,22.976236,15.398111,0.558260299246484,0.95134324,0.07635059
2019-01-05 09:00:00,13.655703334845043,15.955719,12.258453,14.995189210615402,19.437073,9.325694,3.055144483215568,4.6876493,1.1399705
2019-01-06 09:00:00,10.373444813664264,12.306061,8.233795,61.95459257570507,74.579544,55.251415,2.3487727720854603,2.857708,1.1343427
2019-01-07 09:00:00,12.691577946974917,14.167145,11.438629,43.52537331227287,81.46434,17.549122,4.041907282102396,4.7632823,2.3293664
2019-01-08 09:00:00,15.278681269919502,17.3284,14.224884,33.452904571188824,44.296326,24.69867,1.6705918499225516,3.0824459,0.4878033
2019-01-09 09:00:00,14.615525553472992,16.902222,13.114716,64.70659588245167,82.669655,54.130592,3.2613549481016273,5.050912,1.031625
2019-01-10 09:00:00,12.680154059841868,13.747589,11.415558,39.85494261374925,52.407333,29.731552,0.554559507243703,1.3042308,0.14688934
2019-01-11 09:00:00,13.723899757240474,14.767548,12.417938,10.35368204516493,29.46595,2.8513918,1.6808799450958576,2.6028512,0.39058506
2019-01-12 09:00:00,14.753322616494984,16.75357,12.589508,70.10866829965762,93.288086,45.65504,2.8050153933252058,5.0185175,1.339903
2019-01-13 09:00:00,12.743876677692697,13.666351,10.547211,60.13115730546613,64.042595,52.48992,1.5298559484236736,2.8665125,0.6359394
2019-01-14 09:00:00,13.114126871897497,14.196503,11.870331,58.72008753975046,65.663826,44.85914,3.1651275188060635,5.6705427,2.216344
2019-01-15 09:00:00,11.629348716894754,13.162689,9.547455,78.57330477880443,90.75276,67.90441,4.38743806062742,6.758925,2.4697058
2019-01-16 09:00:00,13.914152516325032,15.140717,12.113373,73.40696433235333,87.14285,57.720974,4.422803072684582,6.403638,2.022485
2019-01-17 09:00:00,14.840136206940599,16.116943,13.503998,84.41654772183955,93.27208,75.5263,4.263479967503869,5.279867,2.0612772
2019-01-18 09:00:00,13.392228275089394,14.535675,11.529816,41.690996648955334,54.669365,30.574165,0.5821799800767389,1.342888,0.075776435
2019-01-19 09:00:00,15.71407292518768,17.446198,13.3836975,39.51395056781346,64.18284,26.67112,1.645315019490607,3.3331776,0.36417586
2019-01-20 09:00:00,17.52674134295387,19.245972,15.015503,36.65280855002549,52.541054,24.275429,1.065506710057003,2.4709828,0.2673379
2019-01-21 09:00:00,14.80435510761697,16.981781,13.9583435,61.19917784283987,70.18266,52.47893,3.572610950238361,4.900368,2.186983
2019-01-22 09:00:00,12.12622546280079,14.122101,8.245148,12.537819756403724,32.18336,2.3747663,2.5333673829867074,4.296672,1.148416
2019-01-23 09:00:00,13.22641390341363,15.845123,10.991608,7.638136379955304,15.752842,1.5215206,1.8998244585862407,2.8822455,0.32690334
2019-01-24 09:00:00,15.064780573609482,17.076569,12.812897,13.879989147826493,19.810123,8.386026,2.1199912540623056,4.1730237,0.3419015
2019-01-25 09:00:00,16.281096795892893,18.390778,14.123199,9.676019687078837,11.8805065,7.043003,1.7654487125239327,2.659988,0.23644596
2019-01-26 09:00:00,17.031291619253523,18.914978,15.370056,7.2238651402825855,12.362672,4.342717,1.6831169763611178,2.7103088,0.21455301
2019-01-27 09:00:00,19.17395455949014,21.64389,17.520844,9.536966056628428,15.7727785,6.902131,1.3216416217509286,1.9448828,0.16017747
2019-01-28 09:00:00,18.740133361506253,20.39975,17.120453,9.300852616595217,15.543223,6.633067,1.3992214214042396,1.8905966,0.22014292
2019-01-29 09:00:00,17.56790746759924,19.006073,15.72287,16.22852736751743,30.958536,8.200071,0.9311124415845629,1.8707851,0.14833845
2019-01-30 09:00:00,15.307022780003308,17.076263,13.466888,39.68749121196,42.691174,34.85259,1.0684345626241438,2.1755857,0.42278093
2019-01-31 09:00:00,16.368108236227556,18.899963,14.228088,52.8571147434737,57.02536,48.58122,1.6296659526119346,1.9413584,0.9738059
2019-02-01 09:00:00,13.625984710167188,14.957733,11.377655,65.29993826871404,76.676636,54.62195,1.6753259847757993,2.4112806,0.9638141
2019-02-02 09:00:00,12.64905416884119,14.631226,11.510956,71.32668778685105,83.295135,60.779507,5.595338866520651,8.2914095,1.9937432
2019-02-03 09:00:00,11.961760821137432,13.243408,9.639893,78.80185431097942,93.65459,69.143715,5.754607010754575,7.0977244,3.262908
2019-02-04 09:00:00,11.610052346841826,12.982117,10.316101,80.24676996214077,93.458084,72.906166,4.8687462768772685,5.6645427,3.2023957
2019-02-05 09:00:00,9.370177038591066,10.552277,7.7514954,65.35833143212658,83.47808,53.47583,4.764355545594745,6.080415,2.7770553
2019-02-06 09:00:00,7.950435180323666,9.691071,5.091461,33.21826922743103,65.30327,17.179134,1.7569016365673868,2.933703,1.265941
2019-02-07 09:00:00,10.233625310486275,12.795197,5.883087,24.802355634068356,33.269592,20.394592,1.3518941788335326,2.0850687,0.3977325
2019-02-08 09:00:00,11.236322244480561,11.886139,9.809967,49.53904602054916,63.89601,32.24585,0.9027832061043354,1.3272418,0.13952033
2019-02-09 09:00:00,10.586656483120635,12.703888,9.815216,63.06819646729013,81.05287,54.19943,2.964426127902673,3.9391382,1.6318471
2019-02-10 09:00:00,10.894338602563323,12.2152405,8.8402405,79.29396427838702,89.54421,56.458275,3.8997235851523215,5.651273,1.6659802
2019-02-11 09:00:00,9.31941484920992,11.132294,6.218231,16.67521818614996,28.514818,8.995287,2.0312105689000703,3.717637,0.89005923
2019-02-12 09:00:00,10.614766697847301,12.531342,8.66806,2.462587096324576,4.2321997,0.6272116,1.342464717426193,1.9334674,0.3200439
2019-02-13 09:00:00,13.380260237764674,14.270416,12.022369,5.417468177950858,10.637384,0.24123478,4.0983158278080305,7.0582166,1.3087605
2019-02-14 09:00:00,15.147818897039372,16.547302,12.730896,85.54893850669019,91.77689,76.99564,6.515762897240775,8.708251,3.5921621
2019-02-15 09:00:00,11.849832229488243,13.03833,9.790283,82.07396581481568,87.0089,71.24754,3.3680562628156148,4.35436,2.641549
2019-02-16 09:00:00,10.192359227815643,12.082245,7.742401,70.93022534643279,84.81404,64.370674,2.6307061990557976,4.331279,1.7783078
2019-02-17 09:00:00,10.67362007573206,12.088837,8.510712,62.813228626503594,80.2106,47.799446,3.5734829498926506,5.6256056,1.9856938
2019-02-18 09:00:00,9.672625735912618,11.658539,6.111664,59.938039783315375,93.33425,35.83425,2.6077390337626096,4.3910656,1.6776103
2019-02-19 09:00:00,10.086266326453256,12.738556,5.4944153,35.98773195123287,59.798546,25.509054,1.9142408085167295,2.7572255,1.0564015
2019-02-20 09:00:00,10.65800059012247,12.859161,6.7478333,33.4888681392195,46.70397,27.457878,1.807188250694577,3.995977,0.848356
2019-02-21 09:00:00,9.551941956796554,11.305267,7.0611267,74.78975800374835,87.64185,65.5442,2.929421332081079,5.140157,1.4492817
2019-02-22 09:00:00,8.502242004004074,11.746124,4.4454346,20.174150022983643,42.229294,13.514448,1.8769402198615825,3.1830335,0.8505784
2019-02-23 09:00:00,10.923278245155416,12.586548,7.5533447,9.77540774324193,17.54224,3.2453818,1.0241324284517992,1.8440013,0.24074842
2019-02-24 09:00:00,12.155244991202153,13.013031,10.4739685,26.01713849668117,34.255863,18.533207,0.8645448653188716,1.8022671,0.32946518
2019-02-25 09:00:00,14.56182297410055,15.664734,12.9401245,13.090346105618831,17.496136,8.400973,0.944942124533328,2.5404108,0.22286582
2019-02-26 09:00:00,14.35921027886667,18.021881,12.426178,26.333802365869104,42.583546,21.771046,2.229619300585254,3.4061022,1.0330325
2019-02-27 09:00:00,13.99654335041373,17.480621,12.431793,36.0047086071959,66.17142,21.295517,3.8682706651098524,5.9129324,1.3549981
2019-02-28 09:00:00,13.996995175610834,15.328705,12.424408,71.90826814837335,84.566475,59.94538,1.9981725193048447,2.3974319,1.1418543
2019-03-01 09:00:00,15.155580175207092,16.848999,12.979858,43.02479174168585,60.76316,30.805187,1.2304951225573024,2.584602,0.26330012
2019-03-02 09:00:00,13.233349855075915,14.271698,12.235931,71.17520471284624,76.2962,67.12042,2.593371280683218,4.235733,1.0265918
2019-03-03 09:00:00,14.757636606550477,16.15274,13.4183655,81.67074845817247,91.60782,65.99454,3.257840858832495,4.0995173,1.7198226
2019-03-04 09:00:00,13.413592138298156,15.122711,12.523102,33.80709714710504,57.65027,14.375468,1.9476932302840981,3.2259738,1.1205447
2019-03-05 09:00:00,14.300402792760792,15.288391,13.3567505,16.300895842283442,26.10454,8.104436,1.1619590727431652,2.0683715,0.70328254
2019-03-06 09:00:00,13.042980012402154,14.051361,11.705292,69.49902497076067,90.37988,59.536133,4.841388696997382,6.5601563,2.2602086
2019-03-07 09:00:00,12.858045176481653,14.100311,11.67453,73.74582830088215,85.45424,63.9071,2.6617434081846865,3.4748876,1.4864902
2019-03-08 09:00:00,11.405267655750265,12.396637,10.173981,70.17844539710842,78.14339,63.780106,2.793552775539425,3.7549074,1.7400187
2019-03-09 09:00:00,11.269115463161654,12.53653,8.772858,61.3990246874744,81.33036,46.706436,1.6531342783528193,2.7519588,0.6969265
2019-03-10 09:00:00,10.512409471690773,12.472229,9.42926,59.94116450811047,68.49379,47.56274,1.7017797326959738,2.4366624,0.28997645
2019-03-11 09:00:00,12.307230977943618,13.51358,10.20694,41.02408156742888,63.62886,30.690086,1.246834266357349,2.2144172,0.42913735
2019-03-12 09:00:00,15.729548929549594,17.437164,12.553375,27.369819138993552,52.986847,17.696331,2.6004671810119855,4.0245514,1.4691547
2019-03-13 09:00:00,15.067319009952541,17.215973,12.688629,14.777351714607558,47.590645,4.5710783,3.55073234872751,5.524462,2.3950446
2019-03-14 09:00:00,14.439392245652755,15.819244,11.814117,14.379657238356513,26.908913,7.135476,2.2710434703425846,3.2239828,1.3243341
2019-03-15 09:00:00,16.200502960278868,17.2128,14.671783,18.85154669640059,25.284966,13.933404,1.09777643533452,1.7304357,0.75888664
2019-03-16 09:00:00,17.586136668053257,19.290192,14.799957,20.303104881796624,26.087896,16.323494,1.7527181052911085,3.0278554,0.6089515
2019-03-17 09:00:00,19.164001287298333,20.996979,16.877838,21.280729632020158,26.854395,10.663758,1.8907709983365213,2.8301024,0.7497115
2019-03-18 09:00:00,21.272802434555956,23.1857,17.865387,29.98263374163676,36.43718,20.865574,0.6482012320258317,1.2005455,0.07729477
2019-03-19 09:00:00,19.345384193561415,22.831696,15.310211,36.19593072864073,40.731335,29.70351,1.339418645746786,2.0732927,0.65584975
2019-03-20 09:00:00,16.871535566239686,21.658112,14.072174,37.52885517535218,42.919914,33.208977,3.0022368443472454,3.8460438,1.17195
2019-03-21 09:00:00,12.754491427177982,13.986969,9.969391,70.23528306736503,80.82856,64.516464,1.8242186172450483,2.2299755,1.4191989
2019-03-22 09:00:00,14.291502225676368,16.473785,12.715973,59.31967672984635,73.37735,40.978184,1.3501217866797193,1.6352313,1.077803
2019-03-23 09:00:00,15.264357233345322,17.598297,13.955719,64.94017973640257,77.05378,51.114296,1.1312862455209993,1.5296899,0.7851589
2019-03-24 09:00:00,14.873978379998789,16.342194,12.8089905,10.74383972301241,22.208546,5.7515154,1.6832220380988745,2.9639435,1.0762143
2019-03-25 09:00:00,17.58394592589667,19.949127,14.736237,7.181322961914697,29.91367,-2.4338694,1.1175475851022196,1.8000863,0.44362742
2019-03-26 09:00:00,18.28902586523799,21.755707,15.436432,29.529333423382173,54.69879,17.20784,0.9299836429039705,1.4962422,0.46319053
2019-03-27 09:00:00,18.12838094562551,21.059479,14.830963,49.93240922163751,67.27258,38.483887,2.4656122231803725,3.2321615,0.58928084
2019-03-28 09:00:00,15.329767554168257,17.05899,14.455475,55.07987943245166,72.98412,42.58178,1.9633386524112033,2.9937243,1.1019571
2019-03-29 09:00:00,15.44477375700285,17.990143,14.070221,38.002014631384654,55.723602,16.09026,2.1371008499450608,3.1421013,1.3495477
2019-03-30 09:00:00,16.534731121913126,19.057281,13.85025,17.13205727981117,39.635147,7.31874,2.91597989449245,4.153372,1.7439233
2019-03-31 09:00:00,18.751092204218367,20.777008,16.245758,11.441946892637095,29.887333,4.3584833,2.65433036775504,3.9259915,1.2246968
2019-04-01 09:00:00,21.411899223157945,23.51944,18.372955,20.156433280142963,28.478662,15.482569,1.642894164456608,2.1010883,0.90931445
2019-04-02 09:00:00,20.40528464767482,24.46524,16.762115,27.213213933295822,41.22773,18.34101,2.112990551845425,3.1455958,1.2795808
2019-04-03 09:00:00,14.847312782200902,17.118073,13.4964905,53.42468279670671,64.54742,39.707573,2.104959290099042,2.61636,1.5003815
2019-04-04 09:00:00,16.417277890476953,20.815826,13.640045,58.205197012260356,71.85944,48.55085,1.700140926625205,2.5999722,0.36518225
2019-04-05 09:00:00,14.967376117064646,18.153961,13.392242,64.78063508183362,86.01428,50.071934,1.8267317697911043,2.5625188,0.8185356
2019-04-06 09:00:00,16.097890325094,17.639069,14.529694,26.891175863954203,39.5228,13.107397,0.7382992125408501,1.3725066,0.19073449
2019-04-07 09:00:00,19.476206626320504,23.032135,15.825104,31.899024797360326,46.700317,20.639107,1.435551138288916,2.6877346,0.7299077
2019-04-08 09:00:00,21.973170376390954,25.092682,17.827057,31.098912514160542,34.762074,27.298061,1.9438766629725057,3.564759,0.85850716
2019-04-09 09:00:00,22.215670119848653,26.557526,17.940338,38.07912680978043,61.07154,13.022054,3.7659246339896355,5.6591306,2.1167881
2019-04-10 09:00:00,17.14798270500296,19.655914,14.741852,18.070268702840227,42.850636,4.030324,4.402650973398672,5.947841,3.5819592
2019-04-11 09:00:00,18.482910433727795,21.781647,15.818756,16.043722588581687,23.200884,8.255571,2.6068316273560397,4.102527,1.649885
2019-04-12 09:00:00,16.444408513347014,18.65689,14.340485,50.465084631625146,64.522354,23.780167,3.8492593306297747,5.5836444,2.7359831
2019-04-13 09:00:00,19.18129962333512,21.468414,16.309479,35.71161592413272,43.02768,29.737213,1.362912139880809,2.3023522,0.8169412
2019-04-14 09:00:00,21.179897927263198,25.622711,16.48404,37.24463109567171,51.100197,26.531246,1.3152597838009947,1.9026376,0.76465297
2019-04-15 09:00:00,19.3937127160641,24.456451,14.653717,30.914733771872807,42.2791,17.514362,1.791468194232114,2.4079626,1.3444935
2019-04-16 09:00:00,16.88462814066196,21.541656,13.402985,49.9253846309082,69.244934,33.299625,2.4948249227185113,3.450712,1.9728422
2019-04-17 09:00:00,17.71864276734226,19.802399,15.331451,24.850587857819324,39.412727,18.803354,2.255462088031444,3.8545387,1.4371105
2019-04-18 09:00:00,21.755149555581852,24.176178,17.49234,15.305654895792172,21.826164,10.685538,1.4050911478421269,2.0280924,0.71212304
2019-04-19 09:00:00,24.37791905156155,30.478668,17.521637,27.017717586951186,34.538486,19.496372,0.8201913767012837,1.6579823,0.28839222
2019-04-20 09:00:00,19.51707238417123,25.689606,13.935699,13.436136713704135,32.391705,7.0948305,2.4700277140349454,3.8003707,1.596475
2019-04-21 09:00:00,17.63486170916468,21.189117,14.294586,20.522294482554603,53.52274,-0.25823116,2.923997087070709,5.004735,1.7260026
2019-04-22 09:00:00,19.616160926704367,23.600983,15.56192,33.02977085873257,52.524467,23.98851,2.424070733323742,4.1736116,1.1571176
2019-04-23 09:00:00,23.686276368671713,26.192047,20.48819,21.19121754106756,24.757841,13.134358,1.2631921115455282,2.1658635,0.7671788
2019-04-24 09:00:00,25.21740233684835,31.478668,18.114899,21.610178315033696,24.77186,18.174019,0.8690249785810975,1.2034087,0.5124731
2019-04-25 09:00:00,23.620195754226017,30.889313,16.215485,28.20171655863882,34.751106,21.485483,1.44179908593043,2.115679,0.90400314
2019-04-26 09:00:00,21.68228150707904,29.457428,14.865631,33.8719677981505,38.490883,30.768713,1.592826423188903,2.2095296,1.0441792
2019-04-27 09:00:00,20.64557666812715,28.332184,14.039215,18.469414971683932,36.85276,10.02073,1.9117855726785056,2.8986557,1.359663
2019-04-28 09:00:00,19.90752873172903,27.493073,13.9305725,12.998793077704647,31.92429,2.9163256,2.060969871816339,2.637047,1.325836
2019-04-29 09:00:00,17.990624838524127,25.203033,13.374908,22.21856783724983,52.16533,6.6980076,2.2592487088794497,3.9630878,0.79250085
2019-04-30 09:00:00,16.509941658939454,19.941559,13.941071,37.42201211761344,63.297565,30.461628,3.1917619507037194,4.513065,1.5921739
2019-05-01 09:00:00,17.21211771894707,19.736237,14.754059,59.22275922606396,67.63459,41.790844,1.3486674981794338,1.9131718,0.8703764
2019-05-02 09:00:00,20.81945495403147,24.950592,18.027008,41.50948471916776,48.39379,33.37426,1.1037708275659894,1.8609434,0.4874075
2019-05-03 09:00:00,21.90100599850888,27.255524,16.92398,21.0821421396798,28.083641,8.760323,1.2287784727917535,2.1760528,0.58951926
2019-05-04 09:00:00,21.628869372850886,27.33023,15.896637,20.176275966227195,26.601452,9.480359,1.7015158203049434,2.4090047,1.1251168
2019-05-05 09:00:00,19.739910995764262,26.164948,14.395416,5.484292381626439,30.41766,1.0253695,2.3671645771975247,3.4419904,1.1840045
2019-05-06 09:00:00,16.075161154196678,20.462555,13.769196,52.35354680542775,67.667755,37.08572,2.370727205740618,3.3380466,1.5300397
2019-05-07 09:00:00,17.047342028293713,20.584381,14.740631,54.443009015784305,69.68965,45.26277,1.8694617408843406,2.6670592,1.2072966
2019-05-08 09:00:00,17.81471086116227,22.321442,14.511627,49.60218739538107,68.92003,33.574368,2.0701317019298666,3.3182502,1.152391
2019-05-09 09:00:00,18.761731091636875,24.910065,13.767487,51.95659907201976,67.644745,40.079937,1.9923721184799175,2.9435139,0.7283491
2019-05-10 09:00:00,17.51046372429147,22.673737,14.290924,69.03775517624729,81.67701,61.411385,2.1005794693749693,3.2525487,0.48427308
2019-05-11 09:00:00,20.3652020745576,22.600739,17.862457,54.8157268622231,72.561325,46.511322,0.6607963664638773,1.2043487,0.11345013
2019-05-12 09:00:00,22.502005009037305,26.486969,17.72525,36.672555623065996,49.15048,18.344643,1.6970475541300383,3.6125278,0.06871623
2019-05-13 09:00:00,22.3075458227907,27.424225,16.831451,29.696416120745518,52.68333,14.467239,1.5746429612953414,2.5214884,0.7502941
2019-05-14 09:00:00,22.038653925157746,27.52652,16.321442,37.38711701948927,47.132713,27.26162,1.6812191858868826,2.835112,0.82475823
2019-05-15 09:00:00,20.066540341617497,25.65689,15.154938,33.547813537710354,61.358032,25.218006,1.881354447294468,2.8244822,0.67284775
2019-05-16 09:00:00,15.50355887817392,20.034332,14.157379,58.88027910268336,69.88882,38.979504,3.361691255471247,4.5446205,1.8313271
2019-05-17 09:00:00,14.878672713623303,15.990143,12.488678,70.83753508305006,79.44714,59.93942,3.556899017434711,5.2699013,2.667268
2019-05-18 09:00:00,18.084382398018136,21.422028,15.262604,31.938109493185486,43.313484,23.506035,1.4858712926064142,3.7511632,0.4836575
2019-05-19 09:00:00,13.396739004244012,15.645172,11.785553,68.36001363998822,84.31866,47.96319,2.6042949114294047,3.4562364,1.6936653
2019-05-20 09:00:00,14.512694343621263,15.85025,11.690094,76.63146150144787,84.563934,69.93112,2.5846429304387337,3.4998825,1.9187549
2019-05-21 09:00:00,17.401840955021783,21.720612,14.45108,58.332573080694125,69.60863,34.018898,3.434957129302022,5.0746775,1.8321472
2019-05-22 09:00:00,16.00563679140862,17.828278,14.322418,81.28991616616416,87.89338,74.76851,3.8876257188606256,6.013438,2.5919027
2019-05-23 09:00:00,17.007100293704525,19.248932,14.510651,54.92149129977284,68.148155,45.85631,2.1128688960263107,3.507791,0.5700023
2019-05-24 09:00:00,17.80028990064841,19.607086,15.97818,52.012899042784156,72.53404,39.618584,1.2428089419466073,2.0078464,0.27929762
2019-05-25 09:00:00,21.145834001586024,26.051178,15.562897,50.62053166314364,57.887722,37.17845,1.8947431065758507,2.7216854,1.0328661
2019-05-26 09:00:00,17.330435394802976,22.457428,14.1683655,17.702203840288114,55.186543,7.6982613,3.5440218253905473,4.7950497,2.1783063
2019-05-27 09:00:00,14.881101645140973,16.572174,12.285065,72.73746231409335,84.041985,55.170776,2.3424222804335013,3.4580698,1.4925101
2019-05-28 09:00:00,18.239096117492238,21.078033,16.127106,66.87268805783754,74.40153,52.65543,2.4918587418786275,4.2975836,1.2914035
2019-05-29 09:00:00,20.670398968092,24.49234,16.761871,59.68812768318507,64.899536,47.740166,1.7210665942482513,3.814593,0.44686598
2019-05-30 09:00:00,21.846560104184732,26.917633,15.792633,50.9902560430708,56.217545,36.47352,1.7112569532208795,3.0564065,0.7345988
2019-05-31 09:00:00,20.926952195742444,27.446442,14.749908,28.129885974119787,41.235188,19.101967,1.795814266258998,2.8702383,0.88721824
2019-06-01 09:00:00,20.973041205682932,26.161041,14.8993225,40.51976635082848,46.375866,29.703327,1.5555843811193548,2.053674,1.0979999
2019-06-02 09:00:00,20.13324357782551,25.575348,14.58316,37.7300918639804,45.899254,31.86195,2.1098806779916917,3.1387563,0.93400306
2019-06-03 09:00:00,21.661643766238,26.062164,15.640289,48.15411063765511,55.947,39.647446,1.39356250340586,1.9919139,0.7948713
2019-06-04 09:00:00,24.265925032077348,31.078766,16.070953,41.4196939170122,46.183773,37.79693,1.4392295982328764,2.4210646,0.9354557
2019-06-05 09:00:00,25.84051842445001,34.389313,16.455719,36.159981022085105,39.646317,30.698212,1.3901374327653286,1.7794843,1.0662405
2019-06-06 09:00:00,24.584394430838586,33.10733,16.78482,13.270296151273481,24.99736,9.84111,1.9566026090371254,3.304821,1.1191055
2019-06-07 09:00:00,24.972133001852512,30.88321,17.218658,18.35906162911269,28.113628,2.4785662,2.5161781441791944,4.8413715,1.6194159
2019-06-08 09:00:00,24.359911552739902,27.213287,20.112946,9.550075671834664,19.123646,3.7017078,2.6864369646596753,3.313163,2.1587658
2019-06-09 09:00:00,27.49631398158084,30.604156,21.131989,19.73863547497272,23.37085,17.570068,1.5083116665146243,2.4197292,0.36357892
2019-06-10 09:00:00,29.682340507120102,35.32779,20.862213,16.132004315941714,17.145653,14.93627,1.1151399937646886,1.9016538,0.647555
2019-06-11 09:00:00,30.93466257233308,37.233307,22.196198,20.483914910671157,22.298779,16.423779,0.4498416451451879,0.8288699,0.14317812
2019-06-12 09:00:00,30.470142702598935,37.333893,21.798737,23.42518538660088,29.372532,18.734592,1.389652139844375,2.560665,0.54308677
2019-06-13 09:00:00,25.69567204573724,32.527496,17.509918,7.4371245757353455,23.283539,0.5386486,2.2452406444577298,3.3636556,1.2702882
2019-06-14 09:00:00,23.327482675167914,30.889557,16.086823,21.006313721980728,23.490345,18.214273,2.5941515194749014,3.053903,2.0513926
2019-06-15 09:00:00,23.135721965659172,30.087555,16.271881,28.26109129517973,35.331284,12.4855385,2.1890954455188947,3.1391912,1.1378695
2019-06-16 09:00:00,23.77195321040017,32.32364,16.466217,19.707310707593933,39.57556,3.6084719,2.175769338845924,3.7995493,1.2208459
2019-06-17 09:00:00,22.46566567580777,30.75357,15.351227,23.052349226828447,37.39575,15.872827,1.9919328720424263,2.766381,1.0920519
2019-06-18 09:00:00,24.42093695959113,32.07852,16.630524,27.819853864756592,36.91105,22.458393,1.7012001639880576,2.4621658,1.1266342
2019-06-19 09:00:00,23.659938736954643,33.516266,16.020172,29.35757778235433,37.36331,25.101717,1.9695058521491433,2.9417236,1.4209124
2019-06-20 09:00:00,23.710520594788136,33.818024,15.507477,18.55130470246694,37.214775,9.12493,2.64374157601457,4.0046167,1.3363185
2019-06-21 09:00:00,20.15473436876613,29.655426,15.155426,23.896934081915067,34.656326,12.988359,2.500821916627044,3.6660483,1.5624868
2019-06-22 09:00:00,22.156294006128633,27.4711,16.26236,27.152195115990704,40.641876,19.634064,1.6917072576633057,2.1729655,1.0365217
2019-06-23 09:00:00,24.57889834991164,31.19278,17.967438,27.21576188670373,31.49382,22.310644,1.3203739299181672,1.7273911,0.8180603
2019-06-24 09:00:00,24.719739118128587,31.978424,17.152252,13.68086202289577,22.656662,5.9925985,1.7927670429576552,2.7512946,1.2201296
2019-06-25 09:00:00,22.592969750666498,30.507233,15.515045,19.579452845784186,29.136314,7.5372715,2.0542812376509088,3.1527998,1.277728
2019-06-26 09:00:00,22.69398749082012,29.100739,17.371735,16.318073689304196,26.88001,10.212042,1.8805790907052287,2.4667454,1.1644677
2019-06-27 09:00:00,24.031966010565725,29.304108,18.966217,22.58083045594477,42.17394,11.602615,1.7958144403904197,3.8507555,0.67066175
2019-06-28 09:00:00,24.5630034581543,28.804108,19.16861,28.99895156175386,36.77774,17.159176,1.65557815757204,3.311479,0.5679601
2019-06-29 09:00:00,25.295013518142923,29.392487,20.335846,22.819238424647626,32.321037,8.279923,1.3185933655762587,3.0249476,0.15024568
2019-06-30 09:00:00,25.465477004457114,30.890533,18.281158,14.700152875549305,33.974167,2.2107372,1.734586879510658,2.6026793,1.1513292
2019-07-01 09:00:00,25.620382577935857,31.27066,19.71988,15.404445715643465,32.83618,2.1347647,1.948204334265578,4.030488,0.862707
2019-07-02 09:00:00,25.96293930384752,31.264801,19.640778,18.477744569313625,24.793036,7.4766293,2.2568352347947744,4.4590435,1.2967017
2019-07-03 09:00:00,25.390320003646025,31.524323,18.106354,14.728985889300198,25.549974,8.217698,2.588543469156339,4.895057,1.2460775
2019-07-04 09:00:00,24.11359162578549,30.718658,16.992096,18.35574053752919,32.11816,5.8916893,2.2647575611481265,4.365064,1.2737405
2019-07-05 09:00:00,24.5657849524664,31.312897,17.369781,23.920153622001752,31.965382,11.04017,1.7808267702883627,3.1748693,0.81665987
2019-07-06 09:00:00,25.331236062971527,32.727203,17.576324,25.16204477146977,35.831097,10.6145525,1.7544985309778138,2.4168108,1.0804753
2019-07-07 09:00:00,25.572635983313546,33.134186,17.559967,13.093135917495914,19.442398,8.150327,2.2961901115080514,3.3334038,1.4104897
2019-07-08 09:00:00,22.41209850577252,29.216461,16.462555,22.09608961045868,28.479877,16.978888,2.327775846857912,3.1769676,1.5052234
2019-07-09 09:00:00,22.177192290970368,29.177643,16.036041,30.335452401137186,37.461636,23.313417,1.794762006121665,2.5369465,1.095886
2019-07-10 09:00:00,25.370258993970253,30.991364,18.93692,34.74744093123513,41.616737,25.85502,1.4277853543093049,2.4514914,0.7075796
2019-07-11 09:00:00,27.48090603948458,32.362946,21.389313,32.47906640836228,38.024223,23.101799,1.3231616709894636,2.623556,0.33286372
2019-07-12 09:00:00,29.210122876204196,34.82144,21.449127,32.71223495015541,37.71683,29.686523,1.50508190953853,3.560762,0.14007658
2019-07-13 09:00:00,29.46792613874635,35.34903,20.085358,24.25193046377608,29.318142,21.007488,1.2656563785622936,3.0075579,0.07475532
2019-07-14 09:00:00,28.673332230879396,36.139557,19.34439,26.49543884210422,32.742027,19.060177,1.5785518306946882,2.3656194,0.97107655
2019-07-15 09:00:00,30.03232848438745,35.870514,24.234283,17.11934554110313,25.552544,10.501491,1.3710422136013474,3.2454474,0.5775826
2019-07-16 09:00:00,29.754221927258072,34.948883,21.91568,20.483754995991838,27.388088,11.013988,2.794990405315434,4.7621818,1.6220974
2019-07-17 09:00:00,28.87354094723304,34.19864,20.397858,30.800394995962904,38.60552,16.046925,2.1043895939796373,3.5949616,0.855127
2019-07-18 09:00:00,23.849850619408244,31.891998,16.809967,22.949733824955374,39.48588,10.212986,1.8144501315732948,3.0056522,0.18657914
2019-07-19 09:00:00,24.12364635299474,32.752594,17.15689,29.560856633759368,50.0801,12.298172,1.9387622342365636,3.4057026,1.047763
2019-07-20 09:00:00,23.12951638538243,30.284332,17.419098,22.064556133224382,45.535866,11.204548,1.9839830016997262,3.1663852,0.919403
2019-07-21 09:00:00,23.998020978181614,31.891998,17.41153,31.230881965727406,44.15651,21.886976,1.5538594928072138,2.3953538,0.67540777
2019-07-22 09:00:00,25.65155425553047,34.463287,17.369537,15.328471226280612,29.310837,5.924057,1.5060795445591133,2.4187155,0.62437654
2019-07-23 09:00:00,27.4922235940698,35.25894,19.474762,21.25977213411713,31.898935,14.473154,1.2322029900604001,2.2636375,0.12772079
2019-07-24 09:00:00,29.008643964615942,34.189606,22.328033,35.1591434698954,41.589252,29.691635,0.7817793608887929,1.9328737,0.23429358
2019-07-25 09:00:00,30.19350780422559,36.309723,21.040192,30.683169132467206,39.674973,26.387949,1.5163360688690588,2.2431056,0.766502
2019-07-26 09:00:00,26.633705658985548,33.48819,19.279205,26.804172713975795,32.912586,22.396961,1.5712654640194315,2.7831452,0.41721287
2019-07-27 09:00:00,27.73304304238195,35.650543,19.045807,19.338925559314664,28.666576,7.924819,1.4336611726238886,3.1089149,0.66652083
2019-07-28 09:00:00,29.670192719481292,37.53482,20.798492,6.096210830216726,17.807587,3.000183,1.4335143051675534,2.235507,0.53642166
2019-07-29 09:00:00,27.513429833521116,36.200836,19.019196,5.337059249835036,8.184136,3.426324,1.843619441508547,2.695524,1.126875
2019-07-30 09:00:00,28.09996020489723,35.482574,19.8815,17.126187503184244,32.091125,5.1036625,1.9488108003478153,4.4597216,0.9541465
2019-07-31 09:00:00,26.731522323061256,34.22061,18.406158,8.831473989752578,19.886139,4.8245497,1.9596576561965589,3.1478426,0.6772267
2019-08-01 09:00:00,24.21858491979441,32.60196,17.074615,8.086556439666154,18.826809,3.1772003,1.7348736427761786,2.7122262,0.66941607
2019-08-02 09:00:00,26.31850207233822,32.609283,20.61026,15.792533705903683,21.7804,11.112893,1.395848773643381,3.726599,0.25543252
2019-08-03 09:00:00,28.54768203268668,32.410553,21.684479,29.670412411137555,35.251957,22.122862,1.2444660895255755,2.7766945,0.20782897
2019-08-04 09:00:00,28.66256228483536,34.608795,19.038483,23.886785030703457,34.068737,5.8338337,1.2654847863734033,2.0699291,0.7141288
2019-08-05 09:00:00,28.0050751443772,35.612946,19.22232,13.4091157005968,29.615273,3.1430073,1.4975891672942316,2.679951,0.8803041
2019-08-06 09:00:00,26.111990737559097,34.738922,18.078766,12.787738207612868,24.108044,4.9014244,1.3541984469746673,2.8064375,0.50490814
2019-08-07 09:00:00,24.982665906310842,35.41104,16.352448,11.84234336044853,16.878586,7.9677525,1.6577860696251254,2.812393,0.77120805
2019-08-08 09:00:00,24.827797537292838,33.274567,17.771149,7.6880029635336316,18.60426,-1.2668343,1.852864760441629,3.0846663,0.7861334
2019-08-09 09:00:00,26.04092650950639,32.60269,19.757233,16.409247155485073,29.484556,10.218931,1.580209923314766,3.635489,0.4292982
2019-08-10 09:00:00,25.988987033570936,31.3107,19.52237,27.888892474703656,35.58095,20.053608,1.9914060692455777,3.1261852,1.4111081
2019-08-11 09:00:00,25.440194728483334,30.391998,20.55606,38.37254264365289,59.58762,15.173637,2.0337212781071927,3.5355926,1.1267097
2019-08-12 09:00:00,26.590020957351555,29.852692,20.694977,29.223884033294343,36.296673,22.07011,1.4712611354744802,2.5352924,0.61690587
2019-08-13 09:00:00,27.724453662887527,32.20523,19.483307,25.523715083146627,32.46116,21.176004,0.9487423248920149,1.6459373,0.45184734
2019-08-14 09:00:00,27.95142894929893,34.113678,20.023834,22.795492619469552,25.022053,17.0456,0.8869356697400581,1.2781712,0.48322207
2019-08-15 09:00:00,28.880416700766375,36.117096,20.190826,18.932785211786427,22.195358,15.441451,0.9252476987132608,1.3753744,0.4694005
2019-08-16 09:00:00,28.742273860097214,36.832428,19.812897,7.2523487712515475,16.921598,2.320036,1.6171279504444305,2.7453463,0.83673406
2019-08-17 09:00:00,25.61608484652362,34.298737,18.355377,10.723404329159756,13.765985,7.2347345,2.2339200408738544,3.6296773,1.2184793
2019-08-18 09:00:00,23.759972838669967,32.73233,17.724518,13.805614561157501,34.649246,8.591556,1.9937620005119634,3.39026,0.5806197
2019-08-19 09:00:00,23.9662533190579,31.894684,18.041168,16.336663615705266,34.968628,8.958968,1.8606434506206664,2.8465743,0.8778805
2019-08-20 09:00:00,24.4510995778474,31.370026,18.487213,22.41970951959569,44.34274,5.233365,1.8354694852959825,3.5614197,1.11446
2019-08-21 09:00:00,27.639406062659248,32.532135,22.378326,14.460593126798566,27.530022,7.0192757,1.7662929872084268,3.5722678,0.50778043
2019-08-22 09:00:00,29.20730662014779,32.531403,22.974762,21.77967630327798,27.722464,14.16387,2.0606437504159425,3.8887012,1.177016
2019-08-23 09:00:00,27.319767534596508,32.753815,19.296783,40.08929915972849,48.93438,29.344534,1.7892293906225574,2.446405,0.50038856
2019-08-24 09:00:00,25.254035758627538,33.106842,19.071686,33.009356811975024,42.19237,8.052303,1.3156147636994218,2.3834217,0.22564857
2019-08-25 09:00:00,26.782134414344455,35.26773,19.03897,31.41939097379143,40.978268,16.64295,1.1110834202910467,1.7442255,0.5188695
2019-08-26 09:00:00,28.302707296761582,35.45816,20.616852,17.340460141087124,32.069492,5.878086,1.5875802187210664,2.4598124,0.7618764
2019-08-27 09:00:00,27.62514387101868,34.60196,19.379303,29.669088049747,34.20727,17.77356,1.28254051585141,2.032349,0.72222275
2019-08-28 09:00:00,26.58622294040697,35.779938,18.541656,29.50602895222725,32.99867,24.62443,1.746817502810746,2.7239242,0.7446683
2019-08-29 09:00:00,25.824299969748438,33.98062,19.401031,35.79278428578945,43.933273,26.217026,1.6225764934053335,2.7555118,0.6697123
2019-08-30 09:00:00,27.87149127482877,33.845123,21.6315,20.066158143595846,34.21681,6.1080494,1.4268578597564276,3.442006,0.25257045
2019-08-31 09:00:00,28.313412674824633,33.470123,20.9628,17.75997251955392,34.817177,5.7249804,1.2651873452960263,3.212513,0.07309848
2019-09-01 09:00:00,30.1273108261816,34.90103,22.17862,14.99860878625038,24.497889,5.241399,0.785146125932009,1.5125065,0.15075015
2019-09-02 09:00:00,30.994744340250122,36.84073,22.335846,27.21790607915218,30.647413,21.466717,0.8190132933274099,1.6391525,0.24477822
2019-09-03 09:00:00,28.710869839929614,35.2648,22.581207,24.85372192099979,33.681305,19.614899,1.1792086062466751,2.2636886,0.6047771
2019-09-04 09:00:00,29.554002794998894,35.25943,21.519684,28.823073106183816,33.93789,23.65321,0.8209183722336874,1.8860404,0.104771905
2019-09-05 09:00:00,28.534438142581166,35.288727,20.718903,28.318084327275937,33.055096,23.12259,1.4916618160744535,2.3473701,0.26753563
2019-09-06 09:00:00,28.187971467694922,34.437164,21.14029,28.714721112808018,31.068075,23.982138,1.2617030349973484,1.9556464,0.63233674
2019-09-07 09:00:00,27.29975973219689,33.150787,20.68985,13.953110359250926,34.059925,7.900752,2.3576137013191802,3.7441723,1.2310878
2019-09-08 09:00:00,24.634771662041487,31.105621,19.232086,9.76040535016585,18.089405,6.3159676,3.0202518816474755,5.034751,1.4294529
2019-09-09 09:00:00,24.256808848904882,27.349762,19.96109,23.25106614290432,31.933582,10.739145,2.4040880202298283,4.2599874,1.4922242
2019-09-10 09:00:00,24.707294715229068,28.193756,19.312897,29.673781031564403,44.605404,11.593877,2.9723363286677946,5.1822367,1.4410979
2019-09-11 09:00:00,23.277820088634314,26.361237,19.879303,19.63818558353616,41.74963,10.750894,1.8264538651550235,3.0594592,0.99665815
2019-09-12 09:00:00,25.900500545222997,28.060211,22.190582,21.6287763538452,26.610386,13.152268,2.004004132943491,2.7838712,1.3518467
2019-09-13 09:00:00,30.345827163829426,33.228912,23.950836,18.622498273298024,20.259075,17.251263,1.1956800235553793,1.8732342,0.6070215
2019-09-14 09:00:00,32.21069906680839,35.13687,25.025543,17.75171402856783,19.696175,14.853131,0.98109231161878,1.5088699,0.5481354
2019-09-15 09:00:00,30.252278435745154,34.842438,21.947906,16.909993214469097,22.759401,7.3380156,1.5577574278609494,1.996527,0.62533253
2019-09-16 09:00:00,25.113224194202473,30.952057,19.102448,10.231731519957723,14.814824,8.053105,2.1973421971627025,3.1829593,1.3150611
2019-09-17 09:00:00,22.87346585738618,26.853668,19.83609,21.180577737508926,47.07148,10.122912,1.914676999704605,2.9911351,1.4254305
2019-09-18 09:00:00,23.60163498089173,25.746735,20.295807,21.31734047879504,27.038456,13.881605,1.9300503577247559,3.429027,1.1205583
2019-09-19 09:00:00,24.348654095198015,27.8732,19.597809,36.08056723252811,48.35504,23.738905,2.4977632898389417,3.951498,1.6740444
2019-09-20 09:00:00,22.487224761042967,24.17984,20.423737,30.695290063513173,42.667843,18.851437,1.965331715024197,2.9849162,1.1535797
2019-09-21 09:00:00,24.869833358941264,27.319977,22.595367,15.413824760072785,22.848673,11.165079,1.981152062276088,2.8487415,1.2967719
2019-09-22 09:00:00,27.269701265238382,29.663727,22.819,23.046851507133912,25.163721,20.6833,1.3869510519231893,1.8552178,1.0585082
2019-09-23 09:00:00,26.931031731801113,30.36905,21.097565,23.038722399830167,29.406155,19.055603,1.397854245375405,2.9597661,0.7546378
2019-09-24 09:00:00,26.54110672500684,28.561188,23.955719,18.142860959648633,26.215082,15.250238,1.1602032237525497,1.9683552,0.41016868
2019-09-25 09:00:00,29.31450696764921,31.608307,25.1669,11.8779589842456,14.62785,10.756585,1.3643808935221318,2.351651,0.57050943
2019-09-26 09:00:00,27.57008688530442,34.703033,21.058502,11.618477440734068,18.851019,8.8156395,2.193530024883542,3.020552,0.51924366
2019-09-27 09:00:00,22.64176331104136,29.047272,18.68985,21.804329035088287,43.024025,15.285144,1.8115649632529407,3.0544777,0.9958837
2019-09-28 09:00:00,22.19634836600801,27.679596,18.218658,12.104974840333764,59.023254,4.269348,2.8277071257342765,3.683768,1.5782661
2019-09-29 09:00:00,18.39458055499773,21.50235,16.234772,11.687484299710116,17.211071,6.371228,3.1358407729835114,5.416158,1.3987309
2019-09-30 09:00:00,18.411156065759144,20.114166,16.721832,42.108767752026864,49.850037,33.27191,2.4991019001064276,4.0530896,1.3146756
2019-10-01 09:00:00,18.3461658436554,19.852448,16.129791,35.788449222043425,45.76777,20.681831,2.5270655337860317,4.015497,1.7374338
2019-10-02 09:00:00,18.862179429312732,20.529694,16.47696,16.35422459686468,24.741152,12.131777,2.065875490449798,2.719343,1.229148
2019-10-03 09:00:00,21.75586523262774,23.401276,18.7919,24.275255155608555,27.800524,17.445366,1.2548228525990015,2.2643623,0.700764
2019-10-04 09:00:00,21.95828943765025,24.603424,18.746002,11.470970090445244,26.224836,4.5724926,1.767401891087053,3.8524985,0.75730246
2019-10-05 09:00:00,21.416806747002227,23.074371,19.402496,3.0974619881846785,10.952497,0.37007236,2.2948006785905393,3.0055597,1.1112806
2019-10-06 09:00:00,24.273581989250488,26.098785,20.862457,5.512967322756625,12.775561,2.4685116,1.2866271872657096,1.8472016,0.6910086
2019-10-07 09:00:00,26.433996013509045,30.500153,21.550201,8.746916487390715,14.0004225,3.2269855,0.617957819590186,1.3385152,0.12886457
2019-10-08 09:00:00,26.1128706477175,30.690338,19.14151,15.29247726286775,19.606482,5.151382,0.5714719645004891,1.3963972,0.19177726
2019-10-09 09:00:00,23.70067833424457,28.630768,17.773346,13.480169402013273,22.901901,3.6319332,1.392672040324705,2.4216952,0.8988276
2019-10-10 09:00:00,21.59338762741561,25.544342,17.648834,11.578351687066286,22.031109,0.7183552,1.357364061994523,1.9461038,0.6498382
2019-10-11 09:00:00,22.55480708419782,23.839508,19.99527,4.011603493899748,6.62885,1.9026003,1.9630322993018652,3.0487251,0.81272143
2019-10-12 09:00:00,23.81372652501625,25.279205,21.116364,7.917240674726018,10.828059,5.606024,1.636917707795355,2.4509232,1.2036067
2019-10-13 09:00:00,23.740939032279016,25.65738,18.891754,12.533755594403717,15.565322,7.714637,0.49463058616184935,1.2284017,0.052339997
2019-10-14 09:00:00,20.501037853539287,24.875153,16.400543,11.657876123862689,16.020283,7.370099,1.2358010367947303,2.1847079,0.60882735
2019-10-15 09:00:00,20.94444343702321,24.330719,16.707428,13.52081345093161,14.441266,12.304547,1.2436970533305065,2.2585351,0.09980559
2019-10-16 09:00:00,22.63656654962955,25.178375,17.62564,17.603435714463604,19.217953,15.530998,1.1209370172122624,2.0810447,0.14578336
2019-10-17 09:00:00,21.738946926350366,25.880524,17.434479,23.37476067235309,28.25061,14.150868,1.8946729470934967,3.9096718,0.89086825
2019-10-18 09:00:00,18.855191361887023,20.366852,17.056305,21.685900426409372,27.32317,15.514577,2.9245357185145693,4.380808,1.730887
2019-10-19 09:00:00,19.128111671706677,21.109772,16.910553,11.43008100039641,19.340591,4.680434,2.31135747218714,3.9208505,1.1343015
2019-10-20 09:00:00,20.055583038082773,22.171051,17.09488,26.072827956877028,36.616566,20.200586,2.8799883739201535,4.1757965,1.3993871
2019-10-21 09:00:00,21.56999456488529,23.991852,19.589752,29.68418974656363,34.84566,24.033552,2.779795995982423,4.4896536,1.0380658
2019-10-22 09:00:00,24.033152331929216,26.089996,21.909576,19.078921044448723,22.540073,14.583041,2.5877899965746107,3.9088435,0.9546406
2019-10-23 09:00:00,25.801752263080914,27.931305,21.958649,10.452788625902423,14.954477,5.5052586,2.111491546764605,3.3969378,0.7963207
2019-10-24 09:00:00,25.923540644378136,28.572174,23.386627,9.451392287049284,13.888595,7.0760946,2.08735593594628,2.9814348,1.0695875
2019-10-25 09:00:00,28.457152607837884,30.511627,24.629303,8.513354323144691,10.211166,7.36351,1.9831810686365863,3.0460167,1.2244425
2019-10-26 09:00:00,27.506871927150996,29.584625,23.397125,11.319303540191015,13.546174,10.01883,1.4352026004657754,2.1228063,0.7047053
2019-10-27 09:00:00,24.4701012572678,26.842682,20.004791,8.554215945555015,22.760124,2.150176,1.1010064107969324,2.1031163,0.20464556
2019-10-28 09:00:00,19.274169378834983,21.61676,17.36795,12.41872230507769,16.023159,6.6872206,1.4412651583474279,1.8369805,1.0600438
2019-10-29 09:00:00,19.38341071321787,20.360931,17.39804,8.194926742597742,13.843767,5.5039234,0.9763497601066646,2.1030858,0.31293297
2019-10-30 09:00:00,18.705430622477138,20.326874,16.971466,12.364979745625554,20.198975,6.070504,1.8088689458408704,3.0539923,1.0760881
2019-10-31 09:00:00,18.672467663208295,20.059113,17.199738,3.279992171344295,5.111187,2.4654198,1.8966909902699394,3.2142966,1.0978391
2019-11-01 09:00:00,19.004298970878324,20.368073,17.205963,3.165013273800733,3.7040968,2.3915968,1.6453913622323904,2.39373,0.40903717
2019-11-02 09:00:00,20.34068586627609,21.728912,18.517975,2.8207125048637773,4.095193,2.0038834,1.5951838564861216,2.3429747,0.40791303
2019-11-03 09:00:00,22.249474512484426,24.11441,19.48404,4.705621741133762,8.124908,2.2303772,1.3973689472612538,1.9654213,0.45222482
2019-11-04 09:00:00,22.521586778982964,24.312897,18.924225,5.437873141924325,8.716689,3.8605719,0.7486310588892632,1.1707412,0.24747838
2019-11-05 09:00:00,21.396202121012095,24.100739,17.717682,10.731426882617916,13.87138,8.463576,0.7948188470821348,1.5921705,0.17088144
2019-11-06 09:00:00,21.4208679071524,24.634918,17.535309,12.923982484034237,15.26313,11.355448,0.8448105686383856,2.0721354,0.24807073
2019-11-07 09:00:00,19.99352730707352,23.64914,15.920624,15.381501719005028,16.62051,13.965506,0.5592515870110499,1.5144235,0.13129647
2019-11-08 09:00:00,20.09686017767956,24.92691,15.690582,14.970677658108638,15.719641,14.123388,0.9101664541462892,2.1529193,0.13743919
2019-11-09 09:00:00,21.370105322851998,23.673248,17.567047,12.418894193723455,16.93686,10.53095,1.4561557659069861,2.402624,0.6653899
2019-11-10 09:00:00,21.0265874112564,22.417633,19.025055,12.192437640578596,14.723275,9.466449,1.5355452297896777,2.8286376,0.38540974
2019-11-11 09:00:00,20.07370925561679,21.602814,17.626251,11.765505754085131,14.768002,10.268002,0.9599272983256305,1.5126811,0.36661676
2019-11-12 09:00:00,20.90974649815621,23.36502,16.982208,11.246697495164927,15.207199,8.60173,0.5850951635680745,1.0765637,0.14773121
2019-11-13 09:00:00,19.800141404844737,24.233429,15.952179,9.010616517429877,13.128216,7.68522,0.38346510558206276,1.1495035,0.11784788
2019-11-14 09:00:00,17.505665753923267,23.399017,13.867828,12.92623127978051,18.218273,11.021896,1.3469930981906482,1.9076021,0.80684847
2019-11-15 09:00:00,16.746289524781105,21.713287,15.032135,36.65390826960715,45.353195,28.435226,1.346231653390169,2.7388303,0.8714515
2019-11-16 09:00:00,17.395198711620992,18.6044,15.149567,19.162164193743692,30.035065,13.699127,2.5451666023108523,3.887421,0.9707965
2019-11-17 09:00:00,20.120858939921447,21.393219,18.494781,14.379922588647844,16.174885,9.650637,2.2571165257501087,3.6505687,0.54102
2019-11-18 09:00:00,22.09315194139731,24.455719,20.240875,10.818307798406789,13.823531,7.6209173,1.5284994321408885,2.0410342,0.2091344
2019-11-19 09:00:00,22.905167817456288,25.08731,19.49942,12.09193149089373,13.516523,10.637871,0.8511974932229387,2.3939848,0.19846201
2019-11-20 09:00:00,17.2367347501401,21.326813,14.742828,24.50644404504366,59.437614,2.179802,2.437513604580689,4.6818795,1.2719584
2019-11-21 09:00:00,13.803682774627305,15.435211,11.293121,60.75958794217823,81.60129,46.29881,1.264103334210203,1.6083837,0.47179687
2019-11-22 09:00:00,14.879513465941557,16.496887,12.778137,65.71941578518894,81.07554,48.01965,0.5183756892420521,1.1200972,0.14175797
2019-11-23 09:00:00,16.554573651844237,17.803131,14.726959,47.09597716288936,55.968388,34.843388,1.7560553152783627,2.3917565,1.1864057
2019-11-24 09:00:00,17.851796834575282,19.757965,14.496246,25.307423595598124,30.882713,21.117088,2.2882615190957556,3.3862278,0.9157265
2019-11-25 09:00:00,18.053526977988042,19.565338,15.551666,13.018214075521605,16.804773,10.303928,1.9235699545973328,3.0588245,0.50677
2019-11-26 09:00:00,14.921123896494237,16.41861,11.6510315,10.83741588322337,17.649567,2.5452938,2.9261820942246697,4.4446635,1.7272902
2019-11-27 09:00:00,11.91670262592038,12.788239,10.544098,20.479126313577968,28.562279,15.406029,3.483124797074007,4.276504,1.7758113
2019-11-28 09:00:00,8.424299605021531,10.916565,6.4419556,60.27873613193637,72.72728,50.636883,1.6614968197352453,2.1336114,1.1892917
2019-11-29 09:00:00,7.835904881099509,9.846283,5.443939,70.80650359885135,80.62184,60.96708,1.4713930344813488,2.6375642,0.83651835
2019-11-30 09:00:00,9.397816898139354,11.700043,7.145355,73.61521973392851,79.821014,68.93122,1.7243226567898424,2.817095,0.97934073
2019-12-01 09:00:00,12.114985797973304,14.00528,9.837311,86.25432742042922,98.75983,51.12417,4.059579643960555,7.162634,0.7994546
2019-12-02 09:00:00,15.03246382451681,15.880768,13.796783,63.84035315359184,82.69264,28.752579,3.301022202619173,5.8388186,0.72108173
2019-12-03 09:00:00,15.450550876980458,16.547058,14.576355,45.994236797390606,75.04705,31.170944,0.695894294993743,1.8774427,0.11795506
2019-12-04 09:00:00,14.106476476974763,16.11441,12.39566,42.248683542957984,71.564095,25.697742,1.7877121712694537,3.75223,0.51135427
2019-12-05 09:00:00,13.48577412396537,14.958649,12.427399,76.94057895108253,82.78569,72.12759,2.087645279488777,3.543063,0.48743886
2019-12-06 09:00:00,14.99778322237239,16.000397,13.954254,67.54175223077564,79.07628,51.74355,1.816298397870535,3.5235047,0.56049436
2019-12-07 09:00:00,16.021040720595238,17.526154,14.647247,70.2548198121822,78.212685,64.83378,3.7030296744092874,5.8757033,1.6757877
2019-12-08 09:00:00,15.017523443909965,17.02066,13.917145,76.0995855793634,85.30385,65.827286,2.7675727109352732,3.721356,1.4545603
2019-12-09 09:00:00,12.554956779012343,13.86731,10.283813,40.80229472482402,53.84743,28.98415,1.4068342009602193,2.9790647,0.38072398
2019-12-10 09:00:00,13.358887807309543,15.583588,10.558197,12.79868150482604,16.803078,9.962733,1.5225020925511767,2.8071644,0.3873079
2019-12-11 09:00:00,14.396021740590356,15.071381,12.811615,14.38910487348617,26.94946,4.0183887,0.5588667580336993,1.2597015,0.25307056
2019-12-12 09:00:00,15.732737614020039,16.532837,14.650024,54.98860962082512,63.837357,46.903763,0.7537601705338359,2.0697892,0.08205195
2019-12-13 09:00:00,17.713925810394414,18.9794,15.973541,27.55910153448029,53.402424,15.226221,1.4657683071593985,2.8492088,0.38434312
2019-12-14 09:00:00,17.0293832202413,18.290558,14.989777,49.55588012393635,74.00205,30.19405,1.9239007676329027,3.4231403,0.98800635
2019-12-15 09:00:00,13.055545000029383,14.340973,11.024567,39.27148207761191,52.72544,29.952003,3.24945253387274,5.635757,1.9764643
2019-12-16 09:00:00,12.114151126212107,14.308807,7.8302917,13.255064241812473,28.736801,3.4711761,2.228000486504729,4.048878,0.97630674
2019-12-17 09:00:00,12.916626517853558,16.14853,10.789581,6.40040301877806,8.281996,3.4556208,1.9372825829055176,2.436161,1.4882692
2019-12-18 09:00:00,13.849671810323798,15.137848,12.883942,10.260555539600219,16.088852,6.104478,1.8140976370048174,2.8038645,0.37372765
2019-12-19 09:00:00,12.36230626960031,13.486969,10.674469,55.24333787019272,62.60691,48.196754,0.7178413780801877,1.84107,0.22179712
2019-12-20 09:00:00,14.190786175363428,15.809174,12.032623,21.5679330899693,25.035227,17.179758,1.746326650863833,2.3656726,0.58680236
2019-12-21 09:00:00,16.26052467280931,17.592682,15.012604,15.728997181905203,18.461672,13.266359,1.4593731330415933,2.1892822,0.2991292
2019-12-22 09:00:00,15.294399182337202,17.996613,13.525909,14.957369069273481,16.433561,13.027311,4.382127139132983,6.6786685,2.7063994
2019-12-23 09:00:00,12.039587613467859,13.423981,10.283356,83.76799756168342,94.406296,72.87545,0.5404579044469724,1.0550954,0.1270935
2019-12-24 09:00:00,11.078134474197213,13.2135315,8.516266,65.40694222222726,78.97451,45.837254,1.1738189680366435,2.4904468,0.43230698
2019-12-25 09:00:00,10.08154597765946,12.190582,6.985504,71.30449580039469,83.39317,59.394188,1.1911828924556938,1.8078765,0.48338696
2019-12-26 09:00:00,10.419029435274183,12.011444,8.169647,72.15758934742665,77.582466,60.238426,1.7643843433309716,2.4706447,0.55468965
2019-12-27 09:00:00,11.042576519889735,13.641754,5.318817,33.64374053425517,56.04227,17.940987,1.4939110662102613,2.8751655,0.28063828
2019-12-28 09:00:00,11.54212084521322,14.701447,8.037445,12.869734031438785,24.777721,7.7817936,1.3830088310394602,3.0400505,0.08739491
2019-12-29 09:00:00,12.676147304532492,14.97348,9.811371,26.479926887919103,31.512568,17.688349,0.6364876675255214,0.91017914,0.38065872
2019-12-30 09:00:00,11.748078015655437,13.128906,10.515625,57.86395531826095,66.233025,44.910046,0.6556803584942896,1.2663271,0.11362595
2019-12-31 09:00:00,13.003297826795631,15.471466,10.018341,32.79447958038491,46.397903,27.796339,2.0478271665416474,3.6371922,0.65707844
2020-01-01 09:00:00,14.727021230319565,16.263153,13.144012,18.04849189274778,26.161018,11.699393,1.7073557976092824,2.889071,0.21851286
2020-01-02 09:00:00,14.694496912413626,16.207184,12.36734,19.29392221806998,36.589737,12.30458,2.320866772710354,4.376346,1.0337784
2020-01-03 09:00:00,14.388605540553272,16.785553,11.568756,17.05596110012002,23.176626,10.240516,1.5552170389513924,2.26723,0.17890362
2020-01-04 09:00:00,17.466837025263942,18.513092,15.737701,14.281011629258087,24.3245,7.679968,0.7168583852746455,1.1251656,0.2986789
2020-01-05 09:00:00,15.46287370316196,16.30655,14.392487,7.635970471211991,15.295975,0.1832695,2.1563729779244007,4.2214766,0.6664583
2020-01-06 09:00:00,13.200353330732696,16.10196,9.170319,12.733944554260237,19.155981,9.074497,3.291928145378247,6.1825547,1.2472169
2020-01-07 09:00:00,14.227770119529907,17.068573,11.617401,8.271834153411692,12.202,5.4949684,2.1727579795195844,3.370276,0.6669524
2020-01-08 09:00:00,13.972678291112913,14.686584,13.417053,12.786187187026822,17.380611,7.423579,1.795587001289414,4.0253215,0.88930553
2020-01-09 09:00:00,11.235047967366995,13.382416,6.7691345,55.44573047587832,78.96637,34.921608,1.2678443058729545,3.7324474,0.24851349
2020-01-10 09:00:00,11.321861256601892,13.991119,7.3094788,15.246999023830307,21.979029,13.104029,2.2617543124771307,4.025513,0.86116415
2020-01-11 09:00:00,12.668109096440958,14.9565735,10.071808,24.049841964972728,32.02308,14.466431,1.3692620147449048,3.285658,0.043766934
2020-01-12 09:00:00,11.946239829995761,14.0034485,8.296417,18.675083040540738,32.52264,12.056856,2.2536400242096053,4.157199,0.82772046
2020-01-13 09:00:00,11.726859848019501,13.462006,8.8038025,22.163075624077734,36.378014,8.842856,2.175222074043586,4.054126,0.9625121
2020-01-14 09:00:00,11.580929620805705,13.485504,8.397614,32.251008059800434,55.465534,19.031853,1.5737855702824899,3.5728204,0.44425443
2020-01-15 09:00:00,11.472682971931135,13.362579,8.565704,9.60397027746539,20.828833,3.5854788,2.2925548078717526,3.5907242,0.8365273
2020-01-16 09:00:00,13.161808031738246,13.768402,11.842621,11.410554821286146,30.313251,7.3927946,2.916433414391834,3.5266328,1.7707139
2020-01-17 09:00:00,8.750845689069081,11.061188,7.080719,18.382491939230626,33.224953,7.670265,0.8591999591272832,1.8283123,0.072111614
2020-01-18 09:00:00,11.016019019797398,13.152191,8.439301,7.725316584265064,12.047633,3.1168456,1.9894540619300376,2.9585252,0.36212945
2020-01-19 09:00:00,12.144219723427796,14.611694,9.728882,5.838308147131849,10.082873,0.5945921,2.131224257902092,2.9318435,0.49911267
2020-01-20 09:00:00,12.801822389620384,14.956696,11.169586,15.157348826073209,18.52499,12.638271,0.8668424943614395,1.3662429,0.33982694
2020-01-21 09:00:00,11.125654888556824,13.2447815,9.9166565,40.8670107565087,74.409225,20.854538,1.088397342108068,1.6564709,0.3819089
2020-01-22 09:00:00,13.406443703295622,14.774933,12.790558,56.681341378978736,70.88418,44.187813,0.9937385410932424,1.9789399,0.24171564
2020-01-23 09:00:00,14.569653090939937,16.250397,12.098053,31.371579961942242,37.960766,22.44514,1.8158120903504817,2.8022258,0.40834838
2020-01-24 09:00:00,15.939655576400753,17.610504,13.329254,31.083751653737437,43.38162,17.267035,1.6004122314893678,2.893058,0.17389642
2020-01-25 09:00:00,15.443813923383573,17.351288,12.683319,17.572410853601507,37.35227,6.801487,2.1709111240291006,3.9222047,0.79221255
2020-01-26 09:00:00,15.8911589925994,17.291656,13.297516,48.458643856057876,56.586052,40.75258,1.4114453305964436,3.5649478,0.4160336
2020-01-27 09:00:00,14.67988679087614,16.14444,11.203033,21.335292534612876,43.668396,11.097194,2.1703686841303402,3.5268288,0.9880618
2020-01-28 09:00:00,15.058192134650085,17.218414,11.220367,8.078101379771464,14.6567955,4.8494234,1.9757013274703952,3.4643078,0.54872423
2020-01-29 09:00:00,14.707453774234125,16.751465,10.390137,17.202264400139207,47.896286,9.590818,2.929136315512397,4.468027,1.3943014
2020-01-30 09:00:00,14.683571418555061,16.948395,11.705231,24.30739646679162,31.22126,17.311054,1.6545324074660808,3.1886113,0.1851662
2020-01-31 09:00:00,14.843535493724744,16.847748,11.724701,28.606642540225543,32.091526,20.481075,2.1661724818404022,3.3900967,0.2946475
2020-02-01 09:00:00,18.15175257018393,20.19461,16.232086,9.032170331217031,13.857701,3.577076,1.5380256784995767,2.1069613,0.22470386
2020-02-02 09:00:00,19.51481995172543,21.51651,16.20401,7.763549018716452,16.649137,4.1491365,1.5260454445398686,3.0703573,0.3116833
2020-02-03 09:00:00,13.45513884404295,15.471344,11.4322815,16.340993264277074,52.904705,-0.74524117,4.434001718101815,6.8123217,3.0209794
2020-02-04 09:00:00,10.594009728133813,12.270233,6.014374,14.666573855353933,23.50812,7.3195686,2.7678352948776657,4.033407,1.4088491
2020-02-05 09:00:00,10.659602295038155,12.62381,7.533966,11.444254695079392,19.450493,7.214739,1.836406299913617,2.8105843,0.49208724
2020-02-06 09:00:00,13.01812221127932,15.519745,10.111542,36.47045503481571,39.84301,28.933056,1.2413627390324105,2.1115448,0.07917783
2020-02-07 09:00:00,16.007635333624705,18.025177,14.034943,16.344922433638473,24.606289,11.016445,1.1422905799660625,1.7645476,0.42088962
2020-02-08 09:00:00,16.99617327045263,19.713043,14.832184,11.163438019701697,19.130932,8.925352,1.2525627405023512,2.1053421,0.2661624
2020-02-09 09:00:00,17.634872638083436,20.442993,15.013306,22.563134145045122,36.425182,6.6177597,1.8003651786357444,3.885432,0.80889076
2020-02-10 09:00:00,13.898330384471137,15.908447,10.004303,26.653039812940097,38.95296,21.19685,2.846924030144966,3.3433354,1.6358382
2020-02-11 09:00:00,16.464038819148072,18.860992,13.136902,16.86156559485463,21.996996,9.832544,1.2186839505678995,2.0007977,0.63982266
2020-02-12 09:00:00,17.796159408183257,19.206696,15.778961,17.84277628049933,24.459423,11.469053,0.3523274145424502,0.68007535,0.04812455
2020-02-13 09:00:00,15.775600413583447,19.408173,13.539032,33.38679069371537,43.93241,26.508797,1.0115428805870494,1.9468293,0.29510835
2020-02-14 09:00:00,15.761188295916838,19.23471,12.601898,40.78170127578855,51.70375,26.664688,0.6967407006246442,1.6110232,0.13326417
2020-02-15 09:00:00,16.208356767041437,19.014313,13.246735,27.467435211888333,35.978207,19.34734,0.9458556346886287,2.261008,0.19709086
2020-02-16 09:00:00,17.77404257503548,20.150848,14.9653015,21.563433065372205,30.358124,15.604217,1.4466988534783503,2.6538484,0.6639249
2020-02-17 09:00:00,18.06459500202004,20.210663,15.585663,25.868000335658902,31.471466,17.979279,2.253936707788233,3.6336815,1.0727671
2020-02-18 09:00:00,17.619974004489677,19.909454,14.747345,21.50645939992719,32.158318,6.8905354,2.006356871425701,2.865153,0.74852896
2020-02-19 09:00:00,17.994655865671234,20.297913,15.2276,12.40696306156289,23.013865,3.388011,0.913567853094165,2.3210216,0.078087755
2020-02-20 09:00:00,17.283506456865155,19.566162,14.421631,14.434767955686173,20.042557,5.4765615,0.9862073766749597,1.6015465,0.54610157
2020-02-21 09:00:00,18.85768492376343,21.794647,15.527069,26.845823361577942,32.76418,22.100788,0.857649854622074,1.5695888,0.33510685
2020-02-22 09:00:00,19.13195220605178,20.697418,16.443512,33.0098590322423,38.495323,26.022667,0.5036199638354396,0.96019137,0.15497832
2020-02-23 09:00:00,13.566467061690219,14.707672,12.711578,32.09230810849527,41.993984,23.29086,2.468290518738099,4.0415015,1.1010101
2020-02-24 09:00:00,16.553402469644936,19.008453,14.361969,7.703939219885456,37.50229,-3.0557585,2.283585451108872,3.9201193,0.9395037
2020-02-25 09:00:00,17.656008536747265,20.543121,15.27359,13.592493537297253,20.227146,3.9109774,2.241495567741809,3.5236626,0.96290326
2020-02-26 09:00:00,21.397682708692116,22.832184,17.812653,14.261916981796245,15.829,12.618063,1.0130134446197137,1.5790988,0.32543564
2020-02-27 09:00:00,21.651620713121247,24.639801,17.83902,15.296539874842976,16.80674,11.154396,1.3686783597375056,1.8867524,0.9446154
2020-02-28 09:00:00,21.965637980669953,24.140045,17.083405,11.360584556619086,12.9780655,9.048378,0.7982284299056783,1.2078387,0.22475436
2020-02-29 09:00:00,21.092264287404475,24.864655,16.081451,10.747112304486219,16.787542,8.443351,1.3968106831547968,2.1089008,0.34071052
2020-03-01 09:00:00,16.160238076097983,19.391083,13.301239,14.635557512192682,18.15104,10.772134,3.659332847229973,5.551858,2.2320385
2020-03-02 09:00:00,11.649807153127199,13.012604,8.721588,27.28301522426488,52.629257,13.599124,1.9207991794608033,2.9595046,1.1377167
2020-03-03 09:00:00,16.195391855048967,17.697174,14.496002,19.243016406829515,23.394257,12.7364025,1.7455940431915145,3.0390623,0.60536444
2020-03-04 09:00:00,19.329519627977618,21.478424,15.968658,19.19020700664198,21.772074,16.614695,0.5075571322134421,1.245872,0.19964157
2020-03-05 09:00:00,19.197500167947396,24.58316,14.792145,17.452545098124528,19.583714,15.005588,1.4541170651768394,2.2833781,0.29106677
2020-03-06 09:00:00,18.24588407850871,24.923004,12.940582,10.593877460777557,23.425697,5.9286547,1.379754468832299,2.3657553,0.6466463
2020-03-07 09:00:00,15.922371612138306,22.91568,11.783325,17.58596493354176,33.92154,12.214359,3.055807274941601,4.627473,1.1783901
2020-03-08 09:00:00,12.446778087385326,15.152496,11.310699,68.13212743983797,78.24547,43.090313,1.8928238256226655,2.4481394,0.47797322
2020-03-09 09:00:00,13.124676089019715,16.212494,12.032806,46.7729173393987,56.976727,34.270317,1.7769144347523964,2.9250395,0.87181705
2020-03-10 09:00:00,15.538619893034024,16.84439,13.2604065,55.416771768990195,67.00391,42.704697,1.8180481487887568,2.8476624,1.3016013
2020-03-11 09:00:00,14.003736345313257,14.627594,12.889313,64.4307400670327,70.52903,58.064186,1.2399507721854262,1.657023,1.0162454
2020-03-12 09:00:00,17.408431931361633,20.045074,14.463043,50.0307935062968,67.33978,37.894466,1.4491560140923185,2.2099216,0.57994163
2020-03-13 09:00:00,16.681303577958204,19.412994,12.500885,51.211942108017006,71.093254,36.970737,2.9929099920045474,4.331318,1.6766009
2020-03-14 09:00:00,14.051507666967154,16.584564,12.862061,65.21718187199023,86.57521,45.68128,4.320209331541011,5.3551736,1.903673
2020-03-15 09:00:00,12.775664934553959,14.426666,11.606354,75.0316181820837,90.27206,61.100433,4.905747649570407,5.7775893,2.9289112
2020-03-16 09:00:00,11.39900366244592,12.6475525,9.5381775,81.35544058006052,88.34135,67.0502,3.944590138663126,4.8549604,2.5290873
2020-03-17 09:00:00,8.81188851264028,10.930817,6.1178284,69.45567295031412,81.505714,54.30165,1.939955025359711,2.4239924,1.0714616
2020-03-18 09:00:00,10.435786542390929,11.792633,8.396149,60.17310298884529,74.35025,49.099857,1.1645908940832599,2.1872861,0.25757042
2020-03-19 09:00:00,12.195585809103818,13.695953,10.465485,68.78174360639757,77.62846,60.077682,2.3341874962389375,3.4008498,1.0819173
2020-03-20 09:00:00,12.38179448576824,13.475739,10.179108,75.44893504156032,88.216866,66.158226,1.098409585460277,1.5294085,0.4770835
2020-03-21 09:00:00,13.587879195156745,15.041382,12.033569,67.3986802857793,80.818504,49.0646,0.5475240157135669,0.9088413,0.1649646
2020-03-22 09:00:00,14.917137572200488,16.211517,13.451752,66.60667538208719,78.06163,51.963978,1.4726380064756213,2.7474172,0.62105274
2020-03-23 09:00:00,14.239120770778413,16.536163,13.303741,67.59237824162189,79.13321,59.52362,1.5141410358841674,2.8186955,0.57597
2020-03-24 09:00:00,14.046252920814936,15.565094,13.10611,78.40228179254242,88.17122,69.63216,2.748436105945306,3.726393,1.2377366
2020-03-25 09:00:00,12.209905116803554,13.286285,10.837067,74.47581283942039,83.836235,61.298702,2.2641285154950794,2.826481,1.1896967
2020-03-26 09:00:00,11.13729509969096,11.945221,9.517487,57.96835497432371,70.21657,48.20485,2.6695537474319995,3.7442443,1.5767051
2020-03-27 09:00:00,10.693699424852753,12.073395,8.038239,58.372647760356955,75.581024,38.486126,2.8307841876690634,4.4885173,0.99836016
2020-03-28 09:00:00,13.588162931387615,15.241364,11.202301,58.37778009084831,63.524025,46.446327,1.8741781818832297,3.6775053,0.4696065
2020-03-29 09:00:00,13.983754179722155,15.517975,12.260162,73.41183699653777,81.1571,67.02853,2.07105332770949,3.551857,1.122533
2020-03-30 09:00:00,14.482891008814079,15.565094,12.489899,33.68364448162358,45.85558,25.379017,1.4204405767795163,3.2075417,0.5797919
2020-03-31 09:00:00,17.46072971128683,19.019684,15.207184,34.47881149085284,40.266617,29.092203,2.666821080605169,4.2424154,1.4766241
2020-04-01 09:00:00,19.106168519177686,21.695465,15.797028,24.3135403889056,51.32115,3.3038092,2.517586925047997,4.070427,1.0234996
2020-04-02 09:00:00,17.765576302036152,20.643097,14.729034,20.169758280443098,40.84333,-0.680315,2.5734455957072457,4.5202546,1.6550918
2020-04-03 09:00:00,16.48674605722465,18.417145,13.827301,10.502658790340018,17.219278,8.223185,2.4138936193218714,4.1817293,1.059343
2020-04-04 09:00:00,16.39200452823229,19.317291,13.834869,32.67976723902869,41.52618,22.43393,2.3072173762284782,4.6429715,0.8843315
2020-04-05 09:00:00,15.536068548398362,18.404694,13.125397,67.47243000957496,84.074425,49.339497,3.709735329812211,4.510726,1.5880615
2020-04-06 09:00:00,11.496700778435013,13.408356,10.373199,76.16141537071896,91.966934,68.58133,3.5596641979160175,4.337019,2.2651947
2020-04-07 09:00:00,11.890894028282219,13.230621,10.697418,56.28973888816186,71.96119,45.832283,1.0122594707818973,1.5185194,0.6047692
2020-04-08 09:00:00,12.574861851432559,15.510651,10.004791,75.72205121562585,80.14217,63.228115,0.9988771853785028,1.658447,0.23697548
2020-04-09 09:00:00,10.689158747450278,12.354401,8.4461975,83.99733847317971,90.60559,71.17354,2.473409135799819,3.1662374,0.6590738
2020-04-10 09:00:00,13.074497707028797,14.785553,9.707428,57.229850049361474,76.035675,48.463326,0.8432846003655076,1.8089819,0.28363928
2020-04-11 09:00:00,15.849177926373898,18.006989,13.565826,55.15882120756708,64.380486,45.4457,1.7813084949300686,3.8660393,0.18662207
2020-04-12 09:00:00,17.19503106480539,21.158844,13.846344,52.75355425446553,75.83765,33.549698,2.079160742785297,3.5338984,0.6967359
2020-04-13 09:00:00,15.664114609216426,18.21939,13.225494,44.74028666461043,72.35544,24.340721,2.1511499767014555,3.228535,1.3989425
2020-04-14 09:00:00,18.094742122869206,21.271393,14.855621,24.85538158484342,56.733757,4.754306,1.1351298527081153,2.7224374,0.43723947
2020-04-15 09:00:00,20.646646647753244,23.030426,18.11856,14.93789318624609,28.994354,6.3309965,1.2667639853015122,1.8488053,0.52413654
2020-04-16 09:00:00,22.136647823144983,25.628815,18.240143,27.390719831645914,33.113358,21.975147,1.6272158179641836,2.677862,0.5176252
2020-04-17 09:00:00,17.152238184881128,21.509674,13.462799,28.054282713874436,56.08828,17.443747,2.258016222637299,3.2548158,0.8227056
2020-04-18 09:00:00,14.154435795404368,16.05655,12.986237,58.33699931904077,84.36271,45.841564,2.0930755970335104,2.6531277,1.0065379
2020-04-19 09:00:00,16.26994418047758,19.819977,13.873688,70.17250443014456,80.16668,60.448807,1.6891323462257462,2.9405787,0.79996353
2020-04-20 09:00:00,17.76760969805548,22.38028,14.222076,55.342193842698165,66.841644,37.900238,2.2353759563383844,3.8420508,0.69226915
2020-04-21 09:00:00,16.32678874416075,18.118317,14.657379,73.9589183754375,91.148285,59.046234,2.256608878251507,4.1305747,1.4152408
2020-04-22 09:00:00,19.486266593704784,21.627594,16.171783,28.427516281577457,46.06058,18.876987,2.337928032274351,4.1211295,1.0334579
2020-04-23 09:00:00,22.78233485909294,26.262848,19.17691,35.689219703585145,45.012455,26.922611,2.924429966398409,4.314677,1.2154053
2020-04-24 09:00:00,23.788401566097946,27.292145,19.971832,23.498354795330638,40.904335,17.903992,3.153165688825098,4.5623183,1.2888018
2020-04-25 09:00:00,25.404186581272995,28.763336,20.360992,20.523053003262596,27.79594,16.546303,2.4583263001741233,3.694745,0.8497591
2020-04-26 09:00:00,27.69526992097218,31.444244,21.811432,27.073826149334316,34.413174,12.376144,2.0592960946066703,3.8107274,1.0478834
2020-04-27 09:00:00,24.347430586626672,29.153961,18.751617,22.426952654647977,38.670822,12.289941,2.588693452023671,4.467773,1.0439214
2020-04-28 09:00:00,24.785252650433904,28.519684,19.088043,24.43937681026875,29.078676,17.517828,2.613173725503825,3.8045225,1.2891265
2020-04-29 09:00:00,26.21361007663637,30.190582,19.159332,28.735987751833598,36.672382,19.004414,0.8725931678191505,2.861671,0.13110763
2020-04-30 09:00:00,23.920902182212444,28.899567,18.93399,23.41555598379673,36.703495,14.96153,2.1609706241784132,4.1694007,1.1934639
2020-05-01 09:00:00,24.16725827218903,28.131989,18.62613,22.379706675102074,24.874355,19.85817,3.134954905154879,4.3005147,2.4847713
2020-05-02 09:00:00,22.722919900571526,26.80655,17.432526,23.03655915047097,28.728905,19.299217,2.546907012056301,4.404103,1.4089442
2020-05-03 09:00:00,21.492388805867677,26.494537,16.303864,30.322309282837615,43.539948,14.5045,2.267713405760452,3.9404302,1.2677672
2020-05-04 09:00:00,21.650262833861973,25.369293,17.433258,8.547024439273496,24.03248,3.5090427,2.490596069275178,3.6533318,1.8553647
2020-05-05 09:00:00,23.585176042493742,26.875397,18.834381,8.941616821853025,17.253775,3.9626312,2.660189229427437,4.1602163,1.4093206
2020-05-06 09:00:00,25.260260900500157,28.80899,19.711334,10.685440457097886,17.216034,3.8194027,3.1338061070130423,4.808859,1.8503814
2020-05-07 09:00:00,25.270544550707314,28.471832,20.868317,5.987425110550016,20.179428,0.9074173,3.082403705818886,4.346584,1.4440446
2020-05-08 09:00:00,27.92158565375786,31.61319,21.384674,17.95895019946728,24.89308,14.507546,1.1232441323456799,1.8526247,0.5304914
2020-05-09 09:00:00,26.002190663424926,31.861237,18.296783,18.30651808223445,28.546165,10.630702,1.7813765977129743,2.7503498,0.7899052
2020-05-10 09:00:00,22.3688141274244,29.37027,15.27652,9.253867715789065,25.79529,4.3070087,2.220880036047029,3.789384,1.2475564
2020-05-11 09:00:00,20.9408232872658,28.341461,15.132477,9.400694830477363,20.422087,5.151148,2.2983811123895,3.5911825,1.4419013
2020-05-12 09:00:00,20.27215985514556,24.971588,15.721588,21.957278009467835,33.001842,14.060435,2.566145122268457,3.9819093,1.5005285
2020-05-13 09:00:00,18.470170197466302,21.41568,15.883209,43.575053765043194,56.902428,31.260033,2.5603500373169905,3.6566648,1.6187608
2020-05-14 09:00:00,19.952575795809935,23.479156,17.10025,44.09249202184297,61.04806,33.990734,2.812501167902201,4.1583614,1.9042403
2020-05-15 09:00:00,20.94652006511683,24.856354,17.069244,38.53882055643006,57.87839,21.33743,3.2386928424256425,4.9319043,2.4340932
2020-05-16 09:00:00,22.624729091446,25.39737,18.699371,28.501867791628023,42.17381,19.744492,2.962239955850757,4.728077,1.823542
2020-05-17 09:00:00,23.69392542619181,29.131744,17.532135,15.238311581963805,29.56621,10.304491,2.2128716949577965,2.9551284,1.1245446
2020-05-18 09:00:00,19.931314798120923,24.606354,16.455963,71.98771722995788,84.52339,50.466972,3.082834108579992,4.87535,1.8267831
2020-05-19 09:00:00,17.49075741624017,19.91861,15.6822815,60.05888631871329,65.58089,47.14339,3.112547797998946,3.6289275,2.218225
2020-05-20 09:00:00,18.26004428774411,20.867584,16.379303,47.93074827354814,68.87757,30.205254,2.5413707225665405,4.457631,1.2788371
2020-05-21 09:00:00,21.194505755662135,23.885895,18.403961,34.46373834959313,46.334938,20.424824,2.4743760416515683,4.0864625,1.5911971
2020-05-22 09:00:00,23.141098407147126,27.25772,17.812408,33.00173424195355,42.423477,17.173477,2.6245585354328687,4.7878423,1.4175243
2020-05-23 09:00:00,22.186476071697314,27.216705,17.069489,18.79423293440166,27.674978,2.5343533,2.093279443517412,3.9329422,0.9034689
2020-05-24 09:00:00,23.810049855475427,27.39737,18.947418,19.10114217945098,22.65046,14.131234,1.846182696383676,2.9403503,1.1587473
2020-05-25 09:00:00,26.927802205433068,30.634918,20.718658,23.883921890750567,27.404242,21.48011,0.9004671927905381,1.6278827,0.17109445
2020-05-26 09:00:00,28.387806192705114,34.7399,20.190338,24.79554102033568,26.51009,22.872099,0.9669260258964395,1.4952546,0.57113135
2020-05-27 09:00:00,28.603715429799706,35.244293,19.761871,25.975854643680705,29.619667,22.01295,1.3609609385604968,1.9273334,0.92746776
2020-05-28 09:00:00,27.01422169488734,35.993317,17.260895,24.349293222802537,31.840027,18.109558,1.6503635426789471,2.3371015,1.0799373
2020-05-29 09:00:00,24.346888327135446,34.645905,15.302155,23.858164854570145,28.640423,20.201626,2.3509799369916085,3.6867485,0.8145274
2020-05-30 09:00:00,20.463382445284935,31.317535,16.148834,28.50303714038449,41.142235,21.263329,4.0284773643402065,4.9312835,1.7768787
2020-05-31 09:00:00,19.570893716827925,24.084381,16.191803,36.49049063044671,51.193825,19.98978,1.586393352746583,2.395702,0.85170823
2020-06-01 09:00:00,21.635630933432253,25.466461,16.91861,35.50392998221405,59.902306,22.761683,1.7695216277008314,3.5504918,0.83623046
2020-06-02 09:00:00,24.134067488910944,26.975494,19.708405,39.9568810860021,44.572952,32.079494,1.2076729302480638,2.9692347,0.33943018
2020-06-03 09:00:00,27.767461541836553,32.37027,21.00943,18.823704631650283,22.237751,13.241656,0.7652034069202014,1.636223,0.18538915
2020-06-04 09:00:00,30.844282198763096,35.341705,24.324127,16.68243159846173,20.439499,12.009003,0.8925977744442515,1.448763,0.32201985
2020-06-05 09:00:00,24.812538609790863,35.555573,16.631744,21.28842241198727,32.771393,15.138581,2.8811606398032006,4.4778576,0.8368959
2020-06-06 09:00:00,19.38786453466355,21.808258,17.146637,43.36966505719016,51.973442,31.113136,3.2782909177026722,4.504139,2.2849796
2020-06-07 09:00:00,20.397652291356792,24.159576,17.050934,16.29535393714964,44.68991,7.5125628,3.720276696843372,5.8318806,2.5982466
2020-06-08 09:00:00,20.571032764373,22.083893,18.566315,20.328310679579108,25.4925,9.836288,3.8416746863900606,5.0876875,2.912686
2020-06-09 09:00:00,24.6024543862128,26.533356,21.132965,14.154635843475555,17.02941,9.427848,2.6558314433607926,3.5074313,1.7137666
2020-06-10 09:00:00,28.326523393352602,30.79776,23.51651,17.863854599937294,21.284882,14.178977,1.9247408291888284,2.482998,1.4458355
2020-06-11 09:00:00,29.927133549540088,33.705475,22.810944,18.565050388610075,23.975382,13.404423,1.0013754919862001,2.5060122,0.14152506
2020-06-12 09:00:00,26.2470665333513,32.95987,18.2919,17.606305792195077,20.93924,14.604059,2.4821668027725865,3.68225,1.621132
2020-06-13 09:00:00,21.1740821649625,25.065582,17.200348,22.249125821909704,35.99449,14.235574,2.840575490970515,4.6117992,1.6392691
2020-06-14 09:00:00,21.99897433639802,25.027985,18.117828,40.84309759352645,46.327072,34.373947,2.93245968802462,4.7466445,2.0510535
2020-06-15 09:00:00,24.589751658889554,27.257965,20.45694,23.50399370907571,35.517376,15.915033,2.5691386566097734,3.8424962,1.6614002
2020-06-16 09:00:00,26.430140986004574,30.795563,19.549469,26.007427780196544,35.91077,12.273651,3.1239658748436274,5.3663244,2.0115435
2020-06-17 09:00:00,24.63947895029395,28.30899,19.651764,21.249864317872266,34.801956,10.668468,2.0876153983552257,3.4666333,1.0007457
2020-06-18 09:00:00,25.75554999983632,30.542389,17.78653,15.018643063208577,20.503315,12.832062,1.2606861641524711,1.910375,0.9952714
2020-06-19 09:00:00,24.693905399704704,31.476227,16.63443,18.2841901579361,26.834103,10.720916,1.72193932643868,2.2471635,1.0842198
2020-06-20 09:00:00,23.553342821617605,32.499176,15.30191,22.589130673224577,31.508728,16.696228,2.0388726616249957,2.7290325,1.3684702
2020-06-21 09:00:00,25.77087691901579,33.240875,17.0961,21.382066664349665,31.062834,12.16049,1.8510682101036955,2.4326227,1.3100948
2020-06-22 09:00:00,26.81975975377128,33.820953,16.692047,29.35587948737361,40.496544,17.28075,2.0020344841235334,3.4624462,1.0924852
2020-06-23 09:00:00,24.018366172116657,33.64151,15.3524475,32.07219255852784,43.99005,17.78302,1.9004180332777052,2.723226,0.88082767
2020-06-24 09:00:00,25.201861254172115,34.741608,16.403717,33.250761072134644,40.374077,21.116266,1.8846465019867475,2.7411768,1.4215925
2020-06-25 09:00:00,25.27808924359482,35.015778,16.162262,24.538508758241868,34.61569,18.417934,2.112976064966123,3.3627791,1.0534343
2020-06-26 09:00:00,23.7135280898608,32.74234,15.789215,20.60945749221475,32.716858,12.863377,1.957287280425011,3.033451,1.1657548
2020-06-27 09:00:00,25.655070699443343,35.76602,16.547272,32.88482916271871,36.282055,28.711742,1.913188989599386,2.6057644,1.140902
2020-06-28 09:00:00,25.355203484724427,36.145416,16.598541,6.7107877680620645,25.43866,2.5421019,3.096007238190225,4.468128,2.085754
2020-06-29 09:00:00,20.648995182760586,26.599762,15.80484,9.849323055837262,14.454401,5.7058277,2.371215448732622,3.341613,1.8087984
2020-06-30 09:00:00,23.548693349325788,29.058014,17.111969,30.021360968501497,32.635326,22.261349,1.3335989670255928,2.2582474,0.80863863
2020-07-01 09:00:00,24.69835980881078,30.419342,17.735748,12.266301977008247,27.243683,5.216339,2.2207906463268516,2.9600556,1.0607309
2020-07-02 09:00:00,21.37138183047756,29.86856,15.550201,11.241771044698837,38.088295,5.0053377,2.4461989418373085,3.9376884,0.7299927
2020-07-03 09:00:00,22.84832119783829,31.037262,17.009918,11.319552155576378,36.59654,2.2946901,1.5289208895952748,2.8769987,0.52732986
2020-07-04 09:00:00,27.240693093060827,31.64444,21.972809,21.22938883156853,31.872963,6.793688,1.0686199569505572,2.0534525,0.30803657
2020-07-05 09:00:00,29.6778781847064,33.862946,23.25235,15.718678669966797,20.269989,10.765948,1.6454862656096834,2.995226,0.8009704
2020-07-06 09:00:00,30.269037707757548,35.322662,22.453522,9.016289916990345,17.058002,5.859974,2.2931440797106686,4.931739,1.1761415
2020-07-07 09:00:00,28.775622906493766,34.612946,20.788727,10.721722121964264,16.670862,5.4403934,2.62780047843642,5.123322,1.3541391
2020-07-08 09:00:00,26.316404643187127,31.693024,18.511383,17.649526028943693,24.99046,10.631084,1.7361714483527144,3.6452734,0.8202885
2020-07-09 09:00:00,25.830753622731493,32.72232,17.94986,17.10282658517604,28.766592,8.325186,1.7386049022267756,2.2164755,1.102718
2020-07-10 09:00:00,27.25383682600932,34.256744,19.46939,16.709533318301464,26.120144,4.2742586,1.0394117855851246,1.6561899,0.27201355
2020-07-11 09:00:00,28.87344003900597,35.62393,20.85904,17.677022643144266,20.510414,5.0721493,0.9653707177492036,1.5319082,0.44532132
2020-07-12 09:00:00,30.42506249537405,37.583405,21.665924,14.822710354672694,21.70706,6.271899,1.2864793834175383,2.0756526,0.5365061
2020-07-13 09:00:00,29.358128169197073,37.80948,20.375885,9.278191876656619,18.383755,3.7548485,2.2016294377184673,3.0288217,1.2892522
2020-07-14 09:00:00,23.93131049308397,32.73282,16.375397,8.763798194808698,13.818541,6.520196,2.6846391533849228,3.644467,1.6091195
2020-07-15 09:00:00,22.98842576399511,32.098785,16.053864,18.491787357409343,22.05555,15.625003,2.0914771574351674,3.124991,0.8904051
2020-07-16 09:00:00,23.495741841704216,32.44034,16.274323,23.098669083072163,33.37124,16.746655,1.7632351233261663,2.7613916,0.9021092
2020-07-17 09:00:00,24.806421887607826,33.48941,17.75113,33.15713660519234,43.586746,23.333183,1.8411516379118866,2.852615,1.1078951
2020-07-18 09:00:00,25.026863583558168,33.684235,17.819,26.112255610100586,38.159523,11.124369,1.6211954128767623,2.5232868,0.8169664
2020-07-19 09:00:00,26.148520503572,35.504547,17.955719,17.043016534768576,34.270973,8.052224,1.6509972454833852,2.4894423,1.029492
2020-07-20 09:00:00,24.977567614204816,34.27408,16.832672,12.069365075648806,19.060404,7.6463413,2.1121016119675846,3.769697,1.3712877
2020-07-21 09:00:00,26.304829621269903,34.088043,17.681793,19.192073991351997,35.52144,5.706506,2.043005738577545,3.9413693,1.0645491
2020-07-22 09:00:00,24.451087259116832,33.078766,16.53189,9.475370114373847,25.848747,5.600705,2.2322856148963877,3.1355004,1.0058833
2020-07-23 09:00:00,22.778111467820395,31.207672,17.264313,15.15405418755869,22.31048,10.953024,2.1886258167837886,3.3493118,0.85093826
2020-07-24 09:00:00,23.423970909387776,30.659088,17.08487,29.24853717765549,40.16171,20.74374,1.8854369760724639,2.6268034,1.0936568
2020-07-25 09:00:00,23.77304131275872,31.332916,17.051666,33.07769062942433,38.824745,28.549335,2.0332709679993055,2.702399,1.3082405
2020-07-26 09:00:00,24.814045612214727,32.755524,17.644196,32.226059926179566,44.904243,23.75511,1.7936932656860503,2.6524563,0.9564004
2020-07-27 09:00:00,25.112016132522626,33.649323,17.231354,22.895124392791146,29.273846,13.246781,1.943743158038717,2.8718908,0.75322765
2020-07-28 09:00:00,25.08701754111445,33.843903,16.925934,24.07720377239165,29.238773,11.156864,1.9163972724137224,3.0259883,1.2222694
2020-07-29 09:00:00,26.086674986987703,35.2482,17.254059,27.14177293285378,32.608692,25.003223,1.7540729390051373,2.8299446,1.2138008
2020-07-30 09:00:00,25.88568768452933,35.38394,17.085114,22.062876796274622,28.59822,5.63525,1.7389894615852062,3.1087475,0.92030305
2020-07-31 09:00:00,27.31432037910156,36.16812,18.217926,12.402349072728136,26.72213,0.6244726,1.4333177108986277,3.6162906,0.51282597
2020-08-01 09:00:00,30.640742779487255,36.72159,22.674713,16.271755464427326,28.111221,5.9393167,1.6806531779343783,3.7016642,0.3883467
2020-08-02 09:00:00,31.054009928459152,34.69156,23.939606,10.498034111597015,16.671642,3.745637,1.655286403013526,3.858647,0.36412355
2020-08-03 09:00:00,31.218521655078007,35.48575,24.041168,8.477802192046422,16.762154,4.856722,1.7611893266440377,3.5334444,0.98629755
2020-08-04 09:00:00,31.51010849665039,35.99698,23.930573,12.061760224099354,19.099045,7.7418823,2.5233177588771047,4.692248,1.5998577
2020-08-05 09:00:00,25.711139184544948,33.74771,17.751617,19.643084806882733,32.683674,13.953584,2.5321256095144444,4.670088,1.6990764
2020-08-06 09:00:00,24.305290368844794,31.176178,17.144928,21.529063865098973,37.471,13.375326,2.7507085369216715,4.5862103,1.505604
2020-08-07 09:00:00,23.317274958229575,29.70401,17.136139,31.26153917764735,45.463615,18.635721,1.900413390472556,3.4174373,1.2166808
2020-08-08 09:00:00,24.1159407035521,31.153717,17.309967,35.39937547549794,47.38705,27.317188,1.7175625456023382,2.383494,0.9151799
2020-08-09 09:00:00,25.54448611495701,33.585114,17.942291,37.06816127893011,42.603485,34.47458,1.5262015409635843,2.078704,1.1403012
2020-08-10 09:00:00,25.978513987051087,34.87491,17.812408,29.059007344955575,40.032516,24.380604,1.7214784407703494,2.4633172,1.1288966
2020-08-11 09:00:00,25.021305147403325,34.355377,17.39444,23.88032352307848,36.6398,13.135895,1.7384332620191325,2.767801,0.96546084
2020-08-12 09:00:00,25.80661212555873,34.715485,17.701813,23.878371655633345,32.38923,10.752508,1.3268438312548458,2.5459435,0.5393501
2020-08-13 09:00:00,28.137093612628973,35.667145,19.713776,13.911897104854967,23.980371,3.671442,0.873780407245916,1.786489,0.46584326
2020-08-14 09:00:00,31.0769376129673,33.99893,25.176422,29.672794367631802,31.619324,27.65448,1.1738306474854088,1.8429488,0.5771091
2020-08-15 09:00:00,32.752672746378835,39.281647,24.763336,25.231650839230856,27.560442,22.753822,0.5464770134454645,1.1954614,0.18406737
2020-08-16 09:00:00,34.14697497970582,38.57071,24.836334,23.348263819613884,25.804455,19.695236,1.0379090411522733,1.5827243,0.5173119
2020-08-17 09:00:00,33.45395250248106,40.73477,21.775787,26.84149664697282,28.692657,24.70676,0.9418558275829566,1.6147091,0.61313033
2020-08-18 09:00:00,33.819251187908435,39.19742,26.773102,25.592559431719152,28.59188,23.238224,1.3192706228782982,1.89895,0.72505194
2020-08-19 09:00:00,34.30830154274241,37.862213,25.620026,25.947699721224996,29.468864,21.48449,1.7915080447691225,3.0265787,0.84102833
2020-08-20 09:00:00,33.790354072572484,36.937653,27.388824,16.755935313618856,19.597088,14.237714,2.4149907120624636,3.5901525,1.713815
2020-08-21 09:00:00,33.71645873655086,37.379303,26.717194,20.76333540211944,26.962555,17.482086,2.151658582129883,3.407365,1.5429806
2020-08-22 09:00:00,31.295337756880485,35.70645,22.782623,20.99712850079312,24.79104,13.391661,0.7580981399920904,1.4608029,0.23445643
2020-08-23 09:00:00,28.799546872584813,35.834625,21.947906,25.292143089171013,41.94612,16.48597,1.5552434214224686,2.365629,0.66590697
2020-08-24 09:00:00,27.15388879964462,34.355377,20.41397,43.82971838523629,51.207527,35.660652,1.2896299635203352,1.8848861,0.55168384
2020-08-25 09:00:00,26.371562664107614,34.789215,19.568512,39.065025853825276,49.18724,32.465515,1.8867028752801507,2.9497824,0.25886488
2020-08-26 09:00:00,25.734192914528137,33.20816,19.136871,42.292315380419694,50.14306,34.158936,1.6321007306520758,3.2149856,0.71347225
2020-08-27 09:00:00,27.417798000627954,32.870514,20.382233,24.72426831154929,40.699936,15.250717,1.9588108074803852,4.1776414,0.7921006
2020-08-28 09:00:00,25.41661463636177,33.773834,17.801178,10.942314178755083,23.375134,6.1407595,1.5631974816974998,3.304464,0.2192381
2020-08-29 09:00:00,24.95765202359695,33.432037,16.887115,15.974076286461184,31.032932,6.893587,1.4902022713472507,2.1918378,0.45899528
2020-08-30 09:00:00,24.833967669468336,33.66812,17.777496,28.854509858716877,36.628716,19.105026,1.538760382505922,2.262811,0.86946636
2020-08-31 09:00:00,25.24052935058819,33.42813,17.381744,29.548415258921658,36.110535,24.426792,1.453384074605436,2.0559182,0.7764096
2020-09-01 09:00:00,25.12577610440411,33.831207,17.42691,31.724674253804118,38.50051,23.61379,1.6090303640035928,2.360031,0.9902036
2020-09-02 09:00:00,24.74351277271319,33.42325,17.597076,25.022099404975112,33.09792,16.896042,1.4833797538841735,2.5380206,0.97604465
2020-09-03 09:00:00,27.30456554570793,33.38321,20.460358,21.12771378186165,25.70203,14.887933,1.5346994978489552,3.5823867,0.1910598
2020-09-04 09:00:00,29.26741517858494,33.261627,22.177155,19.286320328066846,23.792099,16.090656,1.83280308109583,3.6664555,0.2908085
2020-09-05 09:00:00,31.69920315949804,35.177155,24.40982,16.97439413315955,22.070034,15.06566,1.3011670694746797,2.0785363,0.08820945
2020-09-06 09:00:00,35.29282745828999,40.476227,26.585846,15.361524399235304,16.939236,14.118924,1.221156057556316,2.0099506,0.5724549
2020-09-07 09:00:00,36.2410040191092,39.56607,29.797272,12.975630600995506,14.956244,11.516827,1.8805674005781117,2.6266396,0.9968355
2020-09-08 09:00:00,35.196701252676405,38.828033,24.76358,12.940051745579044,17.502556,11.235849,1.2469871793625664,2.8445868,0.7880818
2020-09-09 09:00:00,27.266214257384945,34.916656,18.942047,19.507481952099116,27.291351,10.397576,1.414176829752305,1.9984329,0.35631138
2020-09-10 09:00:00,22.71703179998832,29.430573,17.80069,20.455218028974187,24.220364,11.667433,1.0400952984830802,1.7364587,0.03579309
2020-09-11 09:00:00,22.132618563202584,27.933502,16.87735,16.04813654382974,20.595736,12.372492,0.700002017616846,1.8222718,0.066010036
2020-09-12 09:00:00,23.097846171526157,28.328033,17.623932,15.3160220309129,17.688253,12.502538,0.9488002633800818,1.8530515,0.2258107
2020-09-13 09:00:00,24.242505583427373,30.378815,17.673737,17.985124679953348,19.842525,15.919531,0.9002849023071188,2.0881624,0.16982512
2020-09-14 09:00:00,24.092065759615537,32.453278,17.33023,16.404220393748805,23.353775,10.19362,1.1266093855950698,2.3866994,0.08146646
2020-09-15 09:00:00,25.14768630264905,32.490387,18.869293,16.82905518380124,29.503078,7.485195,0.9367639158851617,1.8992889,0.13800393
2020-09-16 09:00:00,25.674522099359024,32.338043,19.784576,9.482774245609194,18.308262,2.3890457,0.6698326822432396,1.9472018,0.0694892
2020-09-17 09:00:00,27.051150101504106,32.818268,20.339752,9.206778033657242,19.310612,0.0690611,0.6983639297894871,1.8842055,0.07271454
2020-09-18 09:00:00,26.01400823237509,31.737946,21.54776,12.528250121295754,25.262205,4.24658,1.2776822290504484,3.199441,0.17425092
2020-09-19 09:00:00,25.82104352034264,30.631744,20.539948,22.77668426549255,46.038254,6.4960814,1.6824189721419454,3.4762576,0.6859109
2020-09-20 09:00:00,25.358787753036154,27.912506,21.37149,20.075483716461324,27.699875,15.352219,1.8397985545992739,2.7622747,1.1457886
2020-09-21 09:00:00,25.532942870769148,29.6232,19.156403,21.676223109425305,33.719276,10.795024,0.9597564663390824,1.5339526,0.55758804
2020-09-22 09:00:00,24.463251289306754,30.858307,18.71817,16.644653705930768,34.156143,4.7789965,1.1299825953823908,1.7158532,0.69141763
2020-09-23 09:00:00,26.546631408409212,31.798004,21.086334,19.636842285724864,27.951996,8.977394,0.7171575026097706,1.4902557,0.12412515
2020-09-24 09:00:00,28.29219111444553,31.00357,23.520416,20.91252033786396,23.71169,17.602316,1.950759526810251,3.002298,0.96575665
2020-09-25 09:00:00,27.19379296783319,30.049957,22.419098,25.09433128053158,35.797504,4.4420347,2.3467263835980066,4.037113,1.4222959
2020-09-26 09:00:00,26.056027415121832,28.32193,22.084625,8.328219441987036,18.811886,4.8392305,2.3453966857072728,3.3896837,1.6363702
2020-09-27 09:00:00,27.09391819902089,30.519196,22.726227,29.171487348427082,34.997868,25.272423,1.9250246773662396,2.742527,1.0968903
2020-09-28 09:00:00,27.419839786261264,32.067535,19.374176,20.738641070332793,24.54816,17.399723,1.0210343538287525,2.060044,0.19242953
2020-09-29 09:00:00,27.760076529420076,34.1503,18.613434,15.150836381609833,17.841139,11.263014,0.7995007107143791,1.7306201,0.1614955
2020-09-30 09:00:00,29.14038539562307,33.961334,22.933746,19.33400252444207,21.409029,14.8057785,1.211406897278491,2.4410298,0.3896761
2020-10-01 09:00:00,31.861672109316373,34.798492,27.13443,13.35384172771757,18.30351,10.620168,1.9448056930513087,3.0829759,0.97147036
2020-10-02 09:00:00,31.02574904748684,33.759674,26.261627,11.556171115514644,15.674446,9.131477,1.8473762035777208,3.2560687,0.7452361
2020-10-03 09:00:00,30.459149289179265,32.54947,26.899078,10.334389804239978,14.438189,7.7716618,2.144577453246001,3.3917527,0.989535
2020-10-04 09:00:00,30.268559870883905,32.601715,26.381012,12.167560478173513,17.467077,9.088171,1.4782717900590068,2.4142666,0.99149173
2020-10-05 09:00:00,28.504280761418784,32.4523,21.321442,18.316138621402686,22.261002,12.245378,0.40402415130635777,0.82979614,0.06218471
2020-10-06 09:00:00,26.00230373726339,31.216461,19.679352,15.46346469769419,20.443031,12.681312,0.613570389451893,1.463257,0.078620434
2020-10-07 09:00:00,25.007081880564158,30.266754,18.579254,17.41158531395685,21.425697,13.136634,0.9776360899867742,2.1230087,0.4863852
2020-10-08 09:00:00,22.972081008202053,28.959137,16.935211,24.753121497098554,33.67846,18.507381,1.4868835982538322,2.499974,0.7406347
2020-10-09 09:00:00,21.046349159493275,27.081696,17.01065,29.143178143485706,42.451374,17.01778,1.6245895438807418,3.181628,1.0295459
2020-10-10 09:00:00,22.265125352360542,25.862213,18.167145,37.9504302298465,49.527817,29.361721,1.2519857655062703,2.5961583,0.634654
2020-10-11 09:00:00,22.48956013775137,25.92984,19.645416,43.8037713143912,59.26071,34.15915,1.6177092147852257,2.9454818,0.74944663
2020-10-12 09:00:00,23.779435168835846,25.86612,21.310455,19.84966237217211,27.159725,14.162955,2.83408604488817,4.119493,1.3370743
2020-10-13 09:00:00,27.037435963827875,28.732574,24.7482,11.336349570107224,18.885603,7.791853,2.1908121569962624,3.2991407,0.8321119
2020-10-14 09:00:00,27.530489060743264,29.167633,24.607086,14.193396496470662,18.075596,9.43497,2.5914848734062996,4.2598243,1.0206641
2020-10-15 09:00:00,27.412342137781025,29.516754,24.147614,12.052241716615008,13.551085,9.518093,2.0309238575199116,2.6973405,0.70238423
2020-10-16 09:00:00,28.937419141457497,31.504303,24.594147,11.495448980209881,16.859287,8.171788,1.2287305675004923,1.8565462,0.6487117
2020-10-17 09:00:00,28.79638564218584,31.903473,23.80777,10.447216834133123,14.669065,6.868284,0.793076728857258,1.3137548,0.5068132
2020-10-18 09:00:00,28.30251883410847,32.800934,21.226715,14.065513770041962,21.178066,5.9931765,0.8030071269591266,1.2899289,0.4280517
2020-10-19 09:00:00,25.082240938806706,30.227448,18.696198,16.219722021118567,21.122211,8.753104,0.8429294038878568,2.341813,0.017625248
2020-10-20 09:00:00,24.437398635385705,29.118805,18.79068,16.306214751927605,21.134506,8.883261,1.057915101644365,2.4866931,0.3305461
2020-10-21 09:00:00,23.996411595605025,27.611237,18.686188,17.972997931810195,21.895546,12.9441,0.707154254315249,1.4998956,0.07960233
2020-10-22 09:00:00,23.13846932687187,27.484772,17.629303,19.314445174641083,23.436848,14.069846,1.1001475321944354,1.4505941,0.46246254
2020-10-23 09:00:00,21.112127399091662,26.713043,16.324371,36.46813520277572,41.040176,30.627678,1.134047318499521,1.8484249,0.20332508
2020-10-24 09:00:00,20.551172694371417,23.58902,17.013336,40.24070377396558,58.55015,27.05543,1.1222628313806464,1.4849015,0.47546667
2020-10-25 09:00:00,19.22733217404567,22.807037,16.885162,50.207113996431076,79.370316,26.878124,1.918200044267953,2.3618987,1.1844873
2020-10-26 09:00:00,18.05177941045929,19.390808,16.715027,48.07689752667181,61.24353,25.884155,1.2344588606323843,2.1998105,0.52842677
2020-10-27 09:00:00,18.992120155168834,20.003052,16.621246,9.760264660580388,15.117557,7.812869,1.116645883795681,1.7027757,0.5718126
2020-10-28 09:00:00,20.32884134919169,21.612701,18.862701,13.589248776521792,18.227737,10.358313,0.6625535468581955,1.0246259,0.35386485
2020-10-29 09:00:00,22.721801882199998,25.52066,19.551422,14.278635396181226,16.729828,10.612028,0.8515912125017007,1.335551,0.3047859
2020-10-30 09:00:00,22.863698995578375,26.371002,18.839752,14.105277037264788,15.545018,11.819717,1.089368647255632,1.7938253,0.50364685
2020-10-31 09:00:00,22.172553461444352,24.204742,19.386383,6.954895293072109,8.553446,5.647196,1.4425169111857747,1.9792132,0.49486753
2020-11-01 09:00:00,23.526072893918297,26.052155,20.90152,7.83004895649093,9.8677435,6.1841497,1.584525659383136,2.2311428,0.56391984
2020-11-02 09:00:00,23.83851251239389,26.311432,20.572174,14.758121906214154,17.371868,11.109312,0.9863411208417044,1.4641199,0.3969289
2020-11-03 09:00:00,23.40893568552235,26.235748,18.464264,12.834740573122861,18.53703,8.990154,0.5547167252426518,1.2575858,0.2598753
2020-11-04 09:00:00,22.208848466560426,24.299957,19.108551,14.527446750209728,18.46381,11.99714,1.5600360280223562,2.4810731,0.7739646
2020-11-05 09:00:00,22.129147734767685,23.365875,20.549469,14.085838379076678,18.820896,10.988865,2.5158554633269463,4.0496244,0.9408064
2020-11-06 09:00:00,22.599801446528147,24.612213,21.375885,14.491074378472527,17.069393,12.424862,1.5307191706123666,3.8816535,0.387611
2020-11-07 09:00:00,14.815592757669663,18.252838,13.784088,54.98903655957292,79.58112,22.745182,3.0735623807007584,5.125104,1.5668459
2020-11-08 09:00:00,12.092575144406396,14.351959,8.265045,66.31620694529138,81.781845,53.62278,4.449840037324143,6.725114,2.8641224
2020-11-09 09:00:00,10.042476635323453,11.997223,7.3019104,37.5984102347947,57.67778,24.587936,2.247993340951159,3.8447766,1.0547321
2020-11-10 09:00:00,11.448733163415909,13.829681,7.714752,21.536291679342494,26.28159,16.101902,2.092943992543478,3.2922072,0.886337
2020-11-11 09:00:00,13.225213973811094,15.4947815,10.690582,8.419100432293286,13.722911,3.7111921,1.7816848006093522,3.261092,0.475286
2020-11-12 09:00:00,14.013474075464558,15.302399,12.422028,7.111278907395471,11.277408,5.000064,1.2764086513006128,1.9821115,0.2559357
2020-11-13 09:00:00,15.745029673761564,17.478668,13.537262,37.84910157677999,43.233624,32.588486,0.7839434412592944,2.0755336,0.21959278
2020-11-14 09:00:00,15.98826413292602,18.217926,14.924957,5.331828099616608,27.590452,-0.55745983,1.3803055036755358,2.9024348,0.5995215
2020-11-15 09:00:00,15.811611036114982,17.184479,13.813385,8.562490736684866,17.275467,6.044997,2.1367054120291056,3.8098576,0.7007195
2020-11-16 09:00:00,18.321562615925075,20.035797,16.846344,10.12808564054336,12.863656,8.199594,2.480788982350552,3.9880724,0.6772923
2020-11-17 09:00:00,22.515665135661663,24.648346,18.902252,12.994341496426777,14.364713,11.778775,2.0161481614820183,3.0963585,0.74899566
2020-11-18 09:00:00,16.68963228365328,22.462067,14.126129,21.7280802119244,24.713835,18.495085,2.2266241952417265,2.8816206,1.2278289
2020-11-19 09:00:00,16.34780455778923,17.554596,15.009674,32.353352225329246,46.98834,15.867245,1.3539142377605518,2.3183057,0.9455349
2020-11-20 09:00:00,15.98972315467239,17.823883,12.741852,7.38410574329385,23.79826,2.8373232,2.7242482043582683,4.3656683,0.9020972
2020-11-21 09:00:00,15.05183631315947,16.804352,12.650055,8.278216815926886,13.861974,3.1053247,2.2465847843211044,3.4331934,0.41985422
2020-11-22 09:00:00,17.30020630318552,18.89273,16.105621,6.98586230471659,13.440433,2.5028696,1.611203663710921,2.2530177,0.03226223
2020-11-23 09:00:00,16.45987776150622,17.448395,15.204254,9.56846728430713,24.693214,4.001807,1.798340013312048,3.2962818,0.8793987
2020-11-24 09:00:00,14.122988308953836,15.408356,11.313141,28.604911160866298,33.706654,23.26134,1.8247796219241281,2.743532,0.8040873
2020-11-25 09:00:00,16.26999636486795,18.126068,14.473724,29.90003594502996,38.123047,22.41135,1.3508739935290972,2.5133653,0.48512158
2020-11-26 09:00:00,14.141490737961306,15.223541,11.8993225,17.616904184745625,43.73829,6.476572,2.781195573906902,4.2896256,1.4100624
2020-11-27 09:00:00,14.280243529051916,16.034088,12.036041,19.76052623507731,27.938011,14.648949,2.1100366168262297,2.9095514,1.0342093
2020-11-28 09:00:00,15.784347354752583,17.228424,14.376862,14.985636850385312,17.011282,11.97594,1.2735700852886114,1.7352684,0.27112344
2020-11-29 09:00:00,16.363230169201472,17.740631,15.494537,10.61137728206837,13.196581,7.908065,1.561751406257184,2.1252878,0.30363467
2020-11-30 09:00:00,16.7167446665203,18.124664,15.091461,8.495007509818786,10.684516,6.902936,1.4009704354163839,2.1083312,0.1843614
2020-12-01 09:00:00,16.090551217751624,17.628815,14.165924,9.445858940169732,12.011722,7.1397448,2.1894541265038816,4.0252976,0.46086782
2020-12-02 09:00:00,16.454365730029735,17.886139,14.993561,11.384023133733507,13.266117,9.059483,1.7029372076291647,2.43524,0.3840142
2020-12-03 09:00:00,16.93929566652787,19.293365,14.524811,11.092628109428427,16.313004,5.3481607,1.0963484413451643,1.9472039,0.32410467
2020-12-04 09:00:00,16.886829996010306,18.153229,15.166901,7.951654064399566,14.237672,5.6910105,1.2783835910142276,1.813221,0.33531737
2020-12-05 09:00:00,17.895166244648635,19.714996,15.879059,11.630121684193238,15.643826,5.8006077,0.9656978249405066,1.3765498,0.3286234
2020-12-06 09:00:00,16.033052799912866,18.732819,13.764069,18.887975137953802,23.952938,11.183408,0.8685923877998408,1.7176355,0.24955225
2020-12-07 09:00:00,14.786922037396778,16.036774,13.515289,18.27371183281337,22.094193,14.945755,2.4264854811251992,3.8005762,1.0327178
2020-12-08 09:00:00,18.255082371000526,21.07022,14.189362,9.684598664478477,13.737733,7.6205454,3.1716632778609557,6.548003,0.5244719
2020-12-09 09:00:00,18.357690867463702,20.686676,16.42691,8.852321013623083,11.555357,7.376602,1.8934121518742824,2.8006992,0.3313767
2020-12-10 09:00:00,17.977690036383024,19.893951,15.34317,12.047743684510067,14.143674,9.620236,0.7430835532964872,1.7303865,0.12741187
2020-12-11 09:00:00,15.279915354362913,16.760895,13.65152,5.725812024868852,14.818467,-1.1502829,1.161535180664558,3.1191072,0.08037158
2020-12-12 09:00:00,13.492404580373261,14.246735,12.031891,17.705269342488116,47.10808,6.342456,2.0153960610354393,4.0321074,0.9758265
2020-12-13 09:00:00,13.682059453723014,14.729919,12.163513,39.603704949398875,44.662666,29.303291,0.6767244525107161,1.4789319,0.19574878
2020-12-14 09:00:00,13.069412105193408,15.632294,11.921356,37.20784375774848,69.683105,18.055252,1.8141802752624574,2.9483676,1.1642215
2020-12-15 09:00:00,11.920548490675458,13.824493,8.285248,21.058734074561766,34.510555,13.959773,2.3336486041807802,3.9071784,1.2150087
2020-12-16 09:00:00,12.794813165197297,14.636017,10.030548,21.959325874441966,33.85467,17.749203,1.9985274873926324,3.4979484,0.47772613
2020-12-17 09:00:00,14.200312990019029,15.885773,12.69632,23.259376628317092,33.023773,17.801117,1.338779462361212,2.6919484,0.37536758
2020-12-18 09:00:00,12.658719389054,13.787994,10.080963,27.1731841127486,44.95864,15.087545,2.4852147548311314,4.1574507,1.6186303
2020-12-19 09:00:00,12.760262432987986,15.0642395,10.105255,13.952852517250749,22.02029,9.571442,2.0887229786649018,3.0460405,0.38400427
2020-12-20 09:00:00,15.170638030741713,17.04483,13.449127,5.937002336682698,11.082642,4.3669167,2.3698284487141454,3.9799445,0.4656771
2020-12-21 09:00:00,16.197624296609263,18.284576,13.614655,6.999494750831147,9.778573,3.6184168,2.285638103502912,3.5918334,0.30181026
2020-12-22 09:00:00,17.338574032458553,20.549469,15.340485,6.53530520670608,8.928415,4.2646255,1.4260629509473206,2.3593154,0.20320116
2020-12-23 09:00:00,13.231596787947808,14.805328,11.53775,4.848844132406844,14.290149,-0.8568163,2.2555948377706505,3.1278162,0.8437146
2020-12-24 09:00:00,13.80637004387279,15.699432,12.0295105,4.112679994184513,7.94353,1.3419676,1.9829072564334043,2.485462,1.449299
2020-12-25 09:00:00,14.09468125472273,15.588959,12.996277,24.346986814029076,39.573532,17.639938,0.8999548976077394,1.5145929,0.5481417
2020-12-26 09:00:00,15.954667096624064,18.792694,13.726288,31.04762598940838,42.507324,23.960447,0.8875671361796392,1.6266168,0.3488785
2020-12-27 09:00:00,13.459762974869648,14.557312,9.988953,17.54514335712082,43.04446,5.241889,1.578805624791114,2.5167766,0.5211128
2020-12-28 09:00:00,12.607172804617107,15.5364685,11.403656,43.7976990074854,57.192642,32.71608,3.1498434193297493,4.566152,1.6917206
2020-12-29 09:00:00,9.70942117633092,12.4522705,5.9700623,65.14291268992535,85.14264,51.65233,1.6916631664134962,2.8944435,0.61017954
2020-12-30 09:00:00,12.818194755426362,15.255707,8.941711,2.8501881951847476,8.134182,1.349124,1.820941211997786,3.1893194,0.6833086
2020-12-31 09:00:00,12.78935318939881,14.393463,9.952057,2.6427935904580897,5.2170925,1.55303,2.091487908955322,4.3468685,0.62873626
2021-01-01 09:00:00,12.606093317583657,14.527008,9.316559,24.32061345882082,29.094368,18.637337,1.6356559433940436,2.9473052,0.21764956
2021-01-02 09:00:00,13.608241933392549,14.863983,11.653046,19.08519219184491,30.852058,14.5863285,0.6081917045372925,1.3858658,0.19857574
2021-01-03 09:00:00,13.66760398940977,15.036285,12.633942,29.4409131451508,50.700027,17.590652,0.42008908178418053,1.515169,0.06718137
2021-01-04 09:00:00,13.619944493555124,14.627594,12.053375,30.14375333764441,35.055447,24.277943,0.5863611350367962,1.216165,0.19106139
2021-01-05 09:00:00,13.379805082712153,15.253082,12.493317,7.331034682483112,25.80952,-0.31938648,0.9015926485397033,2.3197153,0.21829115
2021-01-06 09:00:00,13.666928953348133,15.713043,11.000153,5.879777940729708,16.238178,1.468648,1.7605907039162825,2.615054,0.43375543
2021-01-07 09:00:00,14.894721247798259,15.874664,12.107086,7.028568574110287,24.835098,2.8900738,1.9221558662288944,3.5377355,0.4673152
2021-01-08 09:00:00,13.374424832553188,15.580902,10.34848,3.6393090607098,9.059011,1.0029068,1.7648081468729322,3.237684,0.41139778
2021-01-09 09:00:00,14.732805863051794,16.592194,11.223053,5.926545875847727,21.00864,-3.0968275,2.0621458195965436,3.637051,0.59456974
2021-01-10 09:00:00,13.759600962616503,15.959137,10.732574,9.242440380706787,15.738113,6.1287384,1.8434454082830967,3.6555226,0.12614618
2021-01-11 09:00:00,15.223559082532859,16.60904,12.485992,11.537273574839505,19.905468,5.042551,1.7386436496082986,2.696393,0.34904402
2021-01-12 09:00:00,14.989588692195923,16.459137,13.347809,9.906229623269047,14.410164,6.9192333,0.7925044952101918,1.1307003,0.31939855
2021-01-13 09:00:00,14.380776674699234,15.597809,13.066559,18.16697602698501,26.430597,13.466979,1.3269945675214985,2.5016382,0.44586942
2021-01-14 09:00:00,16.939990993022946,18.886871,14.617584,10.152145224120726,20.340706,7.0035973,2.7339787723309743,4.7625036,0.601338
2021-01-15 09:00:00,18.513469258038924,20.771149,16.136627,11.648850492545561,14.278214,10.180702,2.296152893356887,3.9323862,0.39165488
2021-01-16 09:00:00,19.68564477554338,21.847565,16.958893,7.874383578184181,11.933236,3.3251219,2.420457609668465,4.4496164,0.63384914
2021-01-17 09:00:00,20.003778032957086,22.222076,17.085358,22.60250743690397,25.230362,18.120811,2.3256322082217267,3.9320931,0.6328242
2021-01-18 09:00:00,20.922472384146772,23.197083,18.68927,22.01267182453334,25.012802,16.735458,1.7768767578430726,2.7107627,0.325191
2021-01-19 09:00:00,20.46980711931684,22.14447,17.30072,17.035764458614402,26.415945,6.537017,3.0903802407253758,4.3202868,1.2060883
2021-01-20 09:00:00,17.15166339650233,18.522797,13.710297,25.597139952953736,28.956478,23.065853,3.2188352097737996,5.5268254,2.151731
2021-01-21 09:00:00,17.960189362721735,19.466705,15.162018,21.258061353563583,27.211342,18.414635,1.7728180317875122,2.8071911,0.5108463
2021-01-22 09:00:00,16.090195274265795,18.287018,13.658112,12.323386072805688,16.00746,9.847303,2.307511310008816,3.0794995,1.0773032
2021-01-23 09:00:00,9.713248071579528,11.042999,7.490265,77.21599301855424,79.98489,72.27786,2.2445335729749654,3.3042383,1.4670703
2021-01-24 09:00:00,10.117949513592748,12.415924,6.1913147,67.78759284100163,75.96867,58.435593,1.4906373129078057,3.2561226,0.2292265
2021-01-25 09:00:00,9.624422656787203,10.757294,7.7553406,47.82029763177999,72.73215,33.462616,4.396655250379834,6.7852545,2.8403623
2021-01-26 09:00:00,8.63594725397678,10.841339,5.0952454,46.51399435527105,77.185074,29.423351,3.1136213058621025,5.567685,1.7218109
2021-01-27 09:00:00,9.574069669666926,11.0416565,7.671295,55.320329988545154,73.95717,34.949356,5.863976110081372,8.520609,2.87089
2021-01-28 09:00:00,10.490881237659607,12.195831,8.4263,91.8745770938092,99.22037,76.85318,7.104795075852812,9.43223,4.640623
2021-01-29 09:00:00,9.287667726856341,10.698883,7.993805,80.4192640730316,87.643,73.87744,2.344639400404399,3.1378665,1.1230701
2021-01-30 09:00:00,10.451023671343705,11.45105,7.988159,34.83783174666133,47.757824,26.648449,0.38415477302299567,0.7866043,0.15827616
2021-01-31 09:00:00,12.776442352587765,13.968231,11.921356,27.491175839269797,34.055405,21.26973,0.5910278378563028,0.9494346,0.17321
2021-02-01 09:00:00,15.245552456393057,16.126434,13.911591,25.789070205830363,28.797745,23.602432,0.960140952998583,1.258744,0.34220198
2021-02-02 09:00:00,15.994894341782128,19.994873,13.422607,37.7159825070735,52.22309,33.40278,1.1761634011228423,2.2412858,0.37519774
2021-02-03 09:00:00,15.412758389211831,18.069,13.852203,24.367746064087584,61.72938,13.299693,1.5416137188104289,2.6909518,0.55634207
2021-02-04 09:00:00,12.834228677048486,14.709991,9.708038,8.774401479293402,30.677475,1.9113092,2.588926237496373,4.0456,1.4435716
2021-02-05 09:00:00,13.314490853747543,15.057648,10.924835,19.705143962198274,25.971153,13.710011,2.0070505161571015,2.819553,0.56314474
2021-02-06 09:00:00,15.698369389418872,17.930817,13.221832,5.6283676484536285,15.2137785,1.6975899,1.9148601634636369,3.3489056,0.36606753
2021-02-07 09:00:00,17.068057433286356,18.668549,15.141205,8.561870959003977,16.06071,5.221401,1.4423044323154304,2.377033,0.13785937
2021-02-08 09:00:00,17.402825668307912,19.108063,15.414703,4.3593969070171,12.404699,-3.8843632,0.6765739728494716,1.1543195,0.12398798
2021-02-09 09:00:00,14.552900395437007,17.885681,11.913025,7.138018432297404,28.949175,-0.46486092,1.0115472383447661,1.5408155,0.1169393
2021-02-10 09:00:00,14.463609576429008,16.690155,12.97348,31.515191777111504,60.12236,16.919514,1.0400439932593764,2.393422,0.16496567
2021-02-11 09:00:00,15.995291690172905,17.96872,13.787079,38.86157589634997,49.222218,27.796436,1.559061007791972,2.9229434,0.7794129
2021-02-12 09:00:00,14.819089899010578,17.029816,13.068878,49.93616673342738,71.391174,36.313393,2.8489864693387577,4.802571,1.426864
2021-02-13 09:00:00,13.362359721050439,14.96521,9.549194,32.73407618816694,41.55949,22.082928,2.1962457016062826,4.534804,0.23038906
2021-02-14 09:00:00,13.57460130990819,15.352203,11.069,23.9871267577702,53.32363,13.350973,3.1831022208796544,4.9643345,2.2507038
2021-02-15 09:00:00,13.660651350175556,15.208038,9.65921,59.83405058802249,68.512764,49.411747,2.3389722525179377,4.224768,1.2196567
2021-02-16 09:00:00,14.55613171772984,17.391144,12.916534,14.47198597953854,51.892025,-1.1024227,2.7263817344756767,5.1393495,1.7066112
2021-02-17 09:00:00,13.840529752866018,15.906525,9.867462,20.558121784098326,56.672615,7.633552,2.9117310915847865,4.498938,1.6257824
2021-02-18 09:00:00,14.330016697733186,16.023682,10.825714,6.978813324648575,19.16003,4.046749,1.7958394322598434,2.51392,1.0016441
2021-02-19 09:00:00,16.012134496531928,18.206207,13.575623,14.615673733659344,21.791317,7.6272545,0.7881428127820865,1.7862246,0.27317378
2021-02-20 09:00:00,16.82143949689072,19.752655,14.592499,35.632313558402686,56.32737,13.518012,3.218432665942136,5.136836,1.7147152
2021-02-21 09:00:00,13.315644224695916,14.250397,10.109772,17.701488217499683,32.980892,8.170909,3.0196547738576314,4.6157975,1.4998482
2021-02-22 09:00:00,15.037212685656812,16.60904,12.700836,18.330473676462095,21.558876,16.344032,2.452838776169117,3.0215333,1.0790864
2021-02-23 09:00:00,18.76384110150417,20.311432,16.227448,19.59856721516253,25.903454,15.778454,1.9511029719624413,2.575039,0.7932361
2021-02-24 09:00:00,19.312980254880358,20.881989,17.169098,9.919939498847555,26.555456,1.5007687,2.3604549306425224,3.7565572,1.3190835
2021-02-25 09:00:00,17.476907127124548,19.230377,14.589752,5.741909700787892,16.422894,-0.026553571,2.657318981774313,3.4539227,1.4671724
2021-02-26 09:00:00,16.357482177309123,17.746613,13.996613,7.344052703657823,12.796052,3.0679862,2.0629253400733067,3.3176754,0.6752623
2021-02-27 09:00:00,16.48815827231124,18.50595,14.04306,20.638736381726616,26.66971,11.936208,3.055540535902517,4.519351,1.7287444
2021-02-28 09:00:00,14.798820751848893,16.159332,12.30191,16.87713811575185,24.187607,9.529346,2.393045639268608,2.8495467,1.5336536
2021-03-01 09:00:00,16.922258405118953,19.426422,14.936188,13.601577449464925,15.688231,12.114013,0.8863741028922888,1.3145349,0.23669995
2021-03-02 09:00:00,18.05121581621296,22.629242,15.037445,10.903532756009573,13.278089,9.001356,1.006589332429686,1.9972984,0.22437604
2021-03-03 09:00:00,15.713128684206652,21.051483,11.574921,17.680468246735494,24.406448,7.9945135,1.1506340971065387,2.3502192,0.17908324
2021-03-04 09:00:00,13.220546947649666,14.7083435,12.108093,35.7916977480577,41.450924,31.032955,0.9733036719604238,2.0019698,0.36367103
2021-03-05 09:00:00,16.344718204656317,20.486053,12.769257,18.876758802610794,21.792507,14.237819,0.49214440071055643,1.3129008,0.15736727
2021-03-06 09:00:00,16.807183177541162,21.83429,12.763977,26.596074406647613,32.124657,21.422054,1.519495564093741,2.2103565,0.8842107
2021-03-07 09:00:00,15.129890508126778,16.771667,13.439636,26.75430949986676,36.121597,18.395035,2.3225118084881897,3.8018508,1.6290953
2021-03-08 09:00:00,15.560568132325102,18.049835,12.932648,23.016562788368827,41.93003,9.558939,2.1449945128000087,3.3293974,1.4595729
2021-03-09 09:00:00,13.038078475660427,15.8836975,11.70401,42.98186115440931,50.26599,35.43358,2.223591652840668,2.6672971,1.8838605
2021-03-10 09:00:00,11.762246991709958,12.695953,9.904938,65.98693244410231,86.41794,48.707005,3.41520569278041,4.365858,1.9725463
2021-03-11 09:00:00,8.984288545470804,10.474518,6.527252,75.51985951091547,84.82446,65.69542,1.8023890360049237,2.498233,1.0568839
2021-03-12 09:00:00,9.313287839596796,11.430084,6.3197327,71.23406466357447,78.039505,62.96296,1.3682129131748135,2.6969059,0.687816
2021-03-13 09:00:00,12.410663823821153,14.412506,10.912994,26.205259899675564,54.170837,15.784121,2.0449210375956897,3.640288,0.8086769
2021-03-14 09:00:00,14.788765886776218,18.758698,11.709869,9.010721116721305,28.541592,0.8619051,1.9980646578158376,3.9990554,0.8923326
2021-03-15 09:00:00,12.345800901600512,15.42569,11.333893,34.88366670505452,58.072323,10.345759,2.877846564858153,3.7937827,1.2908804
2021-03-16 09:00:00,9.574475271974507,10.832184,6.9337463,54.062778828265515,69.21177,40.00991,2.9082143355091463,4.948374,1.2222733
2021-03-17 09:00:00,12.3953737071825,14.700806,10.728149,37.41089032432865,49.458004,27.071285,0.9347316142072822,2.1009135,0.22663814
2021-03-18 09:00:00,13.787074707138345,17.240631,10.956207,20.976393505809497,42.143265,11.918285,1.0342407057896108,1.8071449,0.20970508
2021-03-19 09:00:00,15.281797745398308,19.764801,12.624176,72.11824254406085,89.86286,51.716843,1.286552494658071,2.1120038,0.52910954
2021-03-20 09:00:00,13.24554414714737,15.962311,12.337311,47.852877556592375,75.58262,35.973145,2.161155508639554,3.488442,1.3153504
2021-03-21 09:00:00,13.585366657418547,15.389801,10.696442,40.6458113051829,58.472942,30.598213,3.052956376556689,4.5596232,1.8425155
2021-03-22 09:00:00,14.633063721520841,16.635162,11.424469,20.00811713175836,32.788055,13.057585,2.402504121844465,4.466919,0.91027135
2021-03-23 09:00:00,15.697811633993524,19.14273,12.851715,34.350734133287354,46.21204,24.64026,3.65536729326324,6.087391,1.8245877
2021-03-24 09:00:00,15.877552410741316,17.328278,13.517242,21.64202324315154,28.81346,14.935466,2.3320594716971748,3.145845,1.3220191
2021-03-25 09:00:00,16.55150268313963,19.437653,14.113434,23.593020583402684,34.600933,8.969003,3.2336530678567095,4.7897263,2.2199523
2021-03-26 09:00:00,12.60489515678563,14.75528,10.263092,59.40240485324186,73.73077,32.390335,2.0656198013481335,3.8923945,1.108804
2021-03-27 09:00:00,17.098960908762535,19.297028,14.107819,23.742896045872076,27.55514,18.689302,1.132915978087447,1.7756987,0.56545347
2021-03-28 09:00:00,20.51311251075606,23.511871,16.64273,16.95678161762917,19.67234,12.602029,1.1889266342903193,1.7689282,0.75989205
2021-03-29 09:00:00,22.68741377854832,26.317535,17.503082,19.72509154207369,27.652458,9.192291,1.4572181484051347,3.2038395,0.38690236
2021-03-30 09:00:00,20.31482970435792,24.58023,15.394196,10.437334572203024,21.931606,5.677699,1.5797982537383388,3.1690154,0.75118685
2021-03-31 09:00:00,21.880114508385248,23.653229,17.785797,7.973609324651832,12.303388,5.8658876,2.0979617437966023,3.21272,0.7521531
2021-04-01 09:00:00,24.165392036666617,27.570953,19.389313,7.943485821788138,10.165638,5.763294,1.1982079483221926,2.341838,0.4856904
2021-04-02 09:00:00,24.2925781621189,28.986725,18.088287,8.298059967613074,13.244889,4.1120768,1.3566468558996636,2.0974224,0.74685174
2021-04-03 09:00:00,19.412558415061994,26.015533,13.212799,4.320225141665778,11.783284,1.8418846,1.9235258129737198,2.9610438,0.86962
2021-04-04 09:00:00,19.031563037264277,26.233795,13.510162,8.126058158910958,11.48671,5.795599,1.200321612643807,3.4616325,0.17876354
2021-04-05 09:00:00,19.05364206007829,23.803131,13.531647,18.330264732523823,28.353085,13.859764,2.061725342330243,4.2377276,1.1784849
2021-04-06 09:00:00,17.79261590379582,22.667877,12.871002,20.89431707872307,37.6011,13.003445,1.7740924483055989,4.153274,0.6985633
2021-04-07 09:00:00,19.646692211994434,24.09439,14.193512,12.740376263207944,21.368937,8.165599,1.3628444160842543,3.104566,0.2105399
2021-04-08 09:00:00,20.240336097112106,25.309967,15.449127,10.521432904625641,25.643837,5.7141504,2.088296974252554,4.3081417,0.86589456
2021-04-09 09:00:00,19.420332479350122,22.740143,15.181793,12.052095450605627,18.80042,9.062536,2.7799831105014414,4.4461036,1.530153
2021-04-10 09:00:00,19.539872104329618,24.879303,14.006256,11.400329351581961,22.203808,5.2774096,2.6817273270157846,5.207711,1.3467329
2021-04-11 09:00:00,20.360270123923556,23.514557,16.688385,14.365061036400727,19.759733,7.307064,2.27722356127183,4.0487976,0.7560855
2021-04-12 09:00:00,20.737117795789914,25.556305,14.726227,23.892902509073878,30.340803,14.665373,1.802078635756613,4.2411275,0.6012117
2021-04-13 09:00:00,18.006186145533945,24.682526,12.412994,17.831624459296542,38.5819,10.3006525,2.6307889976767314,3.5216122,1.4567921
2021-04-14 09:00:00,16.29353049356365,20.655182,11.971588,2.873290188187304,8.26742,0.38070154,3.5571289337769625,4.383687,2.4880433
2021-04-15 09:00:00,16.196718738875347,19.103912,13.289459,42.80905587196442,53.033413,27.767788,1.3866046237907357,2.2653074,0.7168166
2021-04-16 09:00:00,18.24988484641699,22.12857,14.388336,32.79638722456242,38.65033,27.82389,1.6019450119361707,3.1911688,0.5127075
2021-04-17 09:00:00,19.240548473562455,24.085358,13.973053,34.43496226463248,38.857975,28.22203,1.8461556885929933,3.6923528,0.6430771
2021-04-18 09:00:00,21.647601541457618,24.658844,18.71817,22.93925242034192,25.53947,18.473064,1.4617012968681782,2.749039,0.58028084
2021-04-19 09:00:00,23.137533362558315,27.921783,17.328033,14.570456482524477,18.535534,9.742566,1.7363013525653324,3.2839115,0.68321294
2021-04-20 09:00:00,22.266684255581083,28.49649,15.082428,16.767770346943927,24.737839,4.2920437,2.354809815929987,5.313266,0.6625214
2021-04-21 09:00:00,18.21824567040079,24.274323,12.950104,11.038801083833903,14.832899,5.891264,3.5128963316108726,5.2061195,2.223299
2021-04-22 09:00:00,15.848507829596656,22.019684,11.510162,42.86986338785642,62.091194,27.66811,2.4034641525845655,3.5334258,1.4781917
2021-04-23 09:00:00,16.527692209986583,22.220367,11.898102,17.138376849414076,42.527466,8.954003,2.5957335357663953,3.6179283,1.7028614
2021-04-24 09:00:00,16.767195088273013,23.13736,12.408844,26.163807040422867,36.933464,17.514263,2.3994353113259344,3.1345894,1.6769173
2021-04-25 09:00:00,16.337591979381898,21.489166,12.620026,22.2147141208619,31.71492,15.179764,2.022585268421539,2.9111695,1.4480383
2021-04-26 09:00:00,13.20521077194519,14.301422,11.467438,75.13939413574269,80.95572,59.58463,2.1062445262938683,2.7170725,1.6157346
2021-04-27 09:00:00,15.509059002789343,18.987946,13.370758,50.80691658843405,68.63528,28.834492,2.6789734746835485,4.5222497,1.13093
2021-04-28 09:00:00,19.590925876725578,21.629059,15.989899,17.29625503127979,29.458944,10.376913,1.949030644850886,2.9594436,1.1584291
2021-04-29 09:00:00,23.818404389679017,27.283112,17.927887,12.27292832716993,17.46037,8.007244,1.5620963264394165,2.4525344,0.967791
2021-04-30 09:00:00,25.371422060408236,30.102936,18.136139,11.984004303564738,17.943928,5.342366,1.0740419274423434,2.7676046,0.04892426
2021-05-01 09:00:00,24.72339399704373,31.333405,17.003326,8.076668426063659,20.484917,-1.2356205,2.1629157441240783,4.6278696,1.0922583
2021-05-02 09:00:00,22.242679418099897,27.533356,16.088043,7.765861301149684,19.837753,2.2837095,3.203178576812368,5.8614063,1.8031546
2021-05-03 09:00:00,21.966965390009136,26.761139,16.288483,24.72574475192029,34.750977,16.504885,2.4103178234641924,4.1460543,1.4784101
2021-05-04 09:00:00,24.390734794351147,28.338531,17.922028,19.47712074171008,23.339525,16.44687,1.2637654991971987,2.6357148,0.7105433
2021-05-05 09:00:00,25.02405427124546,31.20694,17.696686,26.484039410581758,31.501682,21.076694,1.0458459282842456,1.6530893,0.57507634
2021-05-06 09:00:00,22.98111349191106,30.22232,16.210602,14.128033658751445,19.078735,10.641235,1.7863286032579029,3.052971,0.9639334
2021-05-07 09:00:00,21.846762777864285,28.111969,15.73111,15.705817151917726,25.7094,1.6463299,2.0836512026503273,4.0391297,1.1570908
2021-05-08 09:00:00,22.54580011056123,26.798492,18.163727,17.982679050834797,27.172825,5.7746077,2.1996531645081374,3.5152209,1.2094513
2021-05-09 09:00:00,24.813959695157564,28.401764,18.628326,15.921891700547107,20.820381,12.343819,2.1278488146575882,3.2887692,1.4052112
2021-05-10 09:00:00,23.71638638967272,29.220856,15.935699,27.216219257803733,35.176918,22.156452,1.8301936211302006,3.19574,1.3926134
2021-05-11 09:00:00,22.306241157167506,29.044098,15.040436,20.893376072321246,29.3362,16.249884,1.433295900817233,1.8110236,1.0330054
2021-05-12 09:00:00,22.624780995819094,30.605133,14.396149,19.26929099246776,25.765167,13.08548,1.6688395897553687,2.5605073,1.1624933
2021-05-13 09:00:00,22.105617729254163,30.672028,13.871246,13.56315707402297,17.419472,9.359172,1.9194119240230105,2.9377043,1.4702798
2021-05-14 09:00:00,21.001531125680913,29.993317,12.975739,14.336013524153271,26.714191,8.663411,2.186514095841797,3.013417,1.3620986
2021-05-15 09:00:00,19.71464166398647,28.102448,13.306305,13.87661551456619,21.835003,11.049848,3.2629664998269696,4.3719635,1.915103
2021-05-16 09:00:00,16.278157303361525,22.906647,12.481354,48.937181066416116,55.029366,41.791084,2.894473424285193,3.81999,1.8863235
2021-05-17 09:00:00,17.845452309487882,22.896881,13.167389,33.8139590855957,58.530487,18.889862,2.357378485758272,3.333039,1.470593
2021-05-18 09:00:00,21.391262013499443,26.698395,16.349762,20.990225001079374,37.801586,10.187587,2.3723533441437907,4.3894663,1.2126582
2021-05-19 09:00:00,23.930099821538988,28.80606,17.927155,18.405326444163506,27.15197,10.253436,3.180645825770569,5.4851227,1.8791367
2021-05-20 09:00:00,20.70527274698742,26.959137,15.043121,6.1926990626238565,23.776688,0.77712727,3.5263320416727644,6.1897388,2.107513
2021-05-21 09:00:00,17.670194089448614,20.605377,13.855377,28.37560297628679,37.513412,17.579819,3.7396995294688318,5.7039957,2.7490776
2021-05-22 09:00:00,15.478564262657812,18.474518,12.984283,30.982155257169186,41.35527,18.491991,2.3478712975004834,3.847762,1.5606408
2021-05-23 09:00:00,17.8623185374052,21.037506,14.404205,32.25870245953862,39.132484,27.062174,2.2094340898837475,3.2941327,1.5717196
2021-05-24 09:00:00,21.558890354372068,24.918121,17.717926,26.406526167047208,31.578466,21.828466,1.8393891394318473,3.4731376,0.7179795
2021-05-25 09:00:00,25.217472284279268,28.806793,19.266266,28.82664568895504,32.497868,23.665836,2.2850226377355893,4.0011215,1.4221938
2021-05-26 09:00:00,22.827642247093706,28.321442,16.587067,21.246842120958558,35.02264,7.6320167,2.14998096204655,4.2604756,0.99971336
2021-05-27 09:00:00,23.008810411377908,29.054596,16.357086,28.468447821007125,35.391685,10.104147,1.9005168007131177,3.3781648,1.0124582
2021-05-28 09:00:00,23.785980686465848,29.961823,15.98111,14.73654828366925,20.298498,6.542514,2.4002041759209214,4.7001824,1.2009254
2021-05-29 09:00:00,21.87330850620782,28.921295,14.56778,30.655195151109364,42.684715,9.247854,2.715093922751159,4.9258122,1.0487508
2021-05-30 09:00:00,22.78612624517865,28.639801,15.876129,29.192762608037285,41.007004,22.883257,2.0882965663104183,4.1004844,0.79978985
2021-05-31 09:00:00,26.34158386904045,33.160797,16.700104,20.711184228188202,25.39606,16.47649,1.5456122818345686,2.087818,1.0686617
2021-06-01 09:00:00,23.892686752749682,33.94571,15.775787,18.401473432090757,23.859009,12.956665,1.7010183425196632,2.74319,1.1150146
2021-06-02 09:00:00,24.81380961204377,34.57071,14.775299,13.519194660426278,24.037615,7.9877424,1.7358702775176467,2.594893,1.1760814
2021-06-03 09:00:00,26.06612588021079,36.59903,15.893951,8.978972443211685,13.144279,4.8654404,1.9280813396414567,2.818005,1.2800297
2021-06-04 09:00:00,23.848930186638995,34.277496,14.746735,12.31651311609725,17.744959,8.98324,1.7868045931849457,2.9227057,1.0758913
2021-06-05 09:00:00,25.006399162305513,33.76651,15.944244,20.92008837443225,27.227688,8.91831,2.0855304428042687,3.0515902,1.5336615
2021-06-06 09:00:00,23.0057026464749,30.95108,15.484283,8.517889279214907,15.462706,4.2271643,2.5165448668465578,3.7662065,1.3525798
2021-06-07 09:00:00,20.10178050291313,29.469635,13.936432,7.455987536633481,23.98973,1.6896143,2.656294967428608,3.9166152,1.4170451
2021-06-08 09:00:00,20.067205744607747,24.948639,15.320709,17.17257874169211,27.8102,2.322753,2.6447257324510165,4.6423554,1.7560915
2021-06-09 09:00:00,19.54481669036261,24.617096,15.167145,38.813971132277295,52.73984,19.809074,2.4724678499666033,4.178013,1.364831
2021-06-10 09:00:00,18.205019933570043,20.832184,15.778717,17.356650299165178,33.765774,6.2774935,2.6356728834229837,4.2930136,1.7178886
2021-06-11 09:00:00,21.276428824163247,24.342926,17.636627,12.686667339942137,19.948425,6.8473644,2.8391976664323897,4.6605225,1.8833909
2021-06-12 09:00:00,24.46140062117047,27.928131,20.254303,16.63794412841,22.52924,14.560491,2.6369705025810135,4.2371283,1.6591312
2021-06-13 09:00:00,26.84728971650361,31.76236,19.68106,36.95538899876324,46.230175,23.585644,2.0222806411158314,3.8844752,0.7716548
2021-06-14 09:00:00,25.69926687300699,32.106598,19.757233,34.93540306763716,46.969803,15.579675,1.97958089217997,3.5685587,0.98421335
2021-06-15 09:00:00,26.90353807095994,32.039703,21.119293,26.429824114597373,39.14389,12.845824,2.5094570992478515,4.251806,1.5105385
2021-06-16 09:00:00,28.840121683896257,31.823639,23.996002,9.047117883617728,14.460144,5.3775425,3.256333596150415,4.389317,1.6509538
2021-06-17 09:00:00,32.61190343448919,35.8356,25.204742,8.318330825548365,14.515229,4.061467,1.938389828183105,3.0657713,0.73398656
2021-06-18 09:00:00,30.09247527001895,39.22696,19.585602,11.991630891711802,14.360738,10.591207,1.48564556710551,1.8779861,1.0205022
2021-06-19 09:00:00,29.235478151902328,39.193024,19.308258,14.821557392499168,17.501307,11.067712,1.7959571205360012,2.9991252,0.98099786
2021-06-20 09:00:00,28.22184108022725,38.56729,17.608307,11.550023066850239,14.906275,5.025561,1.832565489213309,2.7525952,1.3558393
2021-06-21 09:00:00,26.30469866091346,36.863678,16.369537,9.098872869918956,13.786552,4.336563,2.1821331389856113,3.23206,1.258248
2021-06-22 09:00:00,23.45100152988175,35.10904,16.396393,11.9111684411007,17.82256,9.66631,2.135372276988915,3.2951968,1.2036843
2021-06-23 09:00:00,22.97506180999278,32.464996,16.912262,24.603929182893413,27.637589,19.87754,1.9801544509079558,3.1802845,0.8290192
2021-06-24 09:00:00,23.01467329700307,31.399323,17.424713,21.211840770590726,30.426928,17.817684,2.02009576527014,3.2856507,0.4568226
2021-06-25 09:00:00,24.13681105700192,30.432037,17.969147,21.89754634580003,38.676437,12.349123,1.7417947666255769,3.5480616,1.0517569
2021-06-26 09:00:00,27.569884299356943,31.797516,21.293365,21.1080973152698,32.319195,10.390834,1.6390480752904588,3.7831395,0.29719672
2021-06-27 09:00:00,31.619661710094988,38.368073,22.662506,19.550120071470477,26.491014,15.382262,1.766314981471668,4.030112,0.25000978
2021-06-28 09:00:00,31.96872784121939,39.9606,22.048492,21.472501962159054,24.567194,16.086725,1.8730980259565178,4.3190165,0.20769927
2021-06-29 09:00:00,31.423758810280276,38.47232,20.931305,22.317847306090545,25.658222,18.615253,1.393041085487384,3.1132643,0.49344355
2021-06-30 09:00:00,27.80862601331387,36.47867,18.121246,24.79062184073406,32.76057,18.87534,2.0822585204552726,3.3294816,0.44750434
2021-07-01 09:00:00,25.176529476809776,35.206207,17.84488,19.47955051806031,32.977077,12.235784,2.058100969240561,3.4059045,0.5268746
2021-07-02 09:00:00,24.98775912424844,33.202545,17.075592,16.234176146091993,30.916252,11.21206,1.9950812794133732,2.8797731,1.0772619
2021-07-03 09:00:00,25.044178325551854,33.959625,16.402985,13.133260153165082,25.801111,6.160486,1.953087010864805,3.2180958,0.6607348
2021-07-04 09:00:00,25.07031003457388,34.56656,16.634918,7.763701508833004,18.39735,4.044487,2.1748473256401932,3.4287453,0.92962277
2021-07-05 09:00:00,24.644558206389092,34.552643,16.617096,7.9249446506509456,17.530905,5.052699,2.0668417159671133,3.226111,0.9610608
2021-07-06 09:00:00,26.381541821264648,34.406647,18.238434,9.448054671652121,20.85167,2.6445732,1.7718374384727802,3.5148444,0.9329442
2021-07-07 09:00:00,28.848510646745183,35.528473,21.004791,12.956602966543747,24.555176,9.28955,2.1347333808015634,4.355083,0.7952284
2021-07-08 09:00:00,29.17330557328387,36.247223,19.74234,16.786421163238067,22.893692,9.820396,1.3519019951168714,2.5904775,0.30518484
2021-07-09 09:00:00,29.699645054048972,37.808746,21.714508,23.772149428986662,32.360336,15.992109,1.5552231339689966,2.3260827,0.9261216
2021-07-10 09:00:00,30.731037412582907,39.903473,21.38443,25.089821306284946,28.80404,18.939821,1.5229301534891813,1.9478054,1.0194951
2021-07-11 09:00:00,31.221067583304944,39.92154,20.08023,23.243495063870135,27.18437,19.045462,1.7074778300614701,2.2676423,1.2186943
2021-07-12 09:00:00,30.86126820868469,40.12784,19.942047,9.630024455965021,15.197023,7.4587417,1.8835309462521843,2.9662015,1.3519574
2021-07-13 09:00:00,27.75084022812598,38.67398,17.740387,9.407347701497663,15.195321,5.663702,2.17218547649164,2.9676242,0.7227357
2021-07-14 09:00:00,25.449012730918014,35.8295,17.128326,12.455649833421013,30.429924,2.0552616,2.0971564471261437,3.3216577,0.5635115
2021-07-15 09:00:00,24.570164946856778,35.298737,17.739166,12.343814975186866,36.569195,2.5424938,1.9740830294592535,3.2649262,0.32811964
2021-07-16 09:00:00,25.42392777675525,33.84439,18.236969,10.991644820128718,38.330715,0.24679852,1.9254667487195012,2.776358,1.1336286
2021-07-17 09:00:00,24.55982205900648,32.98648,16.994293,11.91192571204869,34.72642,3.239233,1.70986491639467,2.6476266,0.884323
2021-07-18 09:00:00,26.54668713517225,35.04727,18.844147,12.14968906163858,25.882374,3.0502806,1.4268913018000344,2.2890208,0.6268638
2021-07-19 09:00:00,26.875030340858245,33.886383,19.347076,31.08431098779816,38.943638,23.80692,1.6252111997798184,2.790619,1.0119464
2021-07-20 09:00:00,27.040109410395758,33.0856,19.739899,35.56364595589724,39.934837,26.231712,1.8038577667980753,2.6281567,1.2726271
2021-07-21 09:00:00,28.66914363127364,35.49649,22.056305,26.493686977670563,31.76619,11.076742,1.5862879080609957,3.7950253,0.38393053
2021-07-22 09:00:00,28.926877166404495,35.36685,20.527008,19.3890527574404,26.698296,10.592827,1.8215705269666325,3.6148736,0.9107078
2021-07-23 09:00:00,25.690545030616647,33.886627,17.718658,16.65523069330384,23.829735,11.196528,1.9486144699070218,2.820116,0.7963464
2021-07-24 09:00:00,25.35802859632446,33.866608,17.450592,15.031883801015823,22.383717,10.683455,1.7206195073300459,2.8012652,1.0525295
2021-07-25 09:00:00,24.98109060844979,33.870514,17.171295,18.684472834834114,24.408178,12.037967,1.764520690594187,2.8032038,1.0298842
2021-07-26 09:00:00,24.495470903459648,34.23111,17.121735,24.483952550341243,29.092205,18.615318,1.7393774424416633,2.9565344,0.9988293
2021-07-27 09:00:00,23.944495346201677,29.436676,18.88565,38.072534880204174,47.38643,15.425703,1.1675050298269758,1.9237939,0.7013169
2021-07-28 09:00:00,25.347895664629277,34.3898,17.554596,26.23446338649441,31.354767,12.629486,1.5195737519953931,2.4786863,0.5359218
2021-07-29 09:00:00,25.979697035413665,35.134186,17.570465,26.212024551359374,33.099945,14.215547,1.7228029879596167,3.2324946,0.7110388
2021-07-30 09:00:00,26.49888529260079,35.962555,17.53482,31.758365487965857,34.22468,28.49333,1.7815961819357231,2.7737586,0.9908718
2021-07-31 09:00:00,24.990939252354508,34.32242,16.832184,12.530561076308512,15.509796,6.900421,1.9113930152574246,3.038015,1.3194714
2021-08-01 09:00:00,26.196331432294357,35.76944,17.571686,13.095586987339404,16.618332,9.755051,1.77184942490022,2.625251,0.9013045
2021-08-02 09:00:00,26.3481141047277,36.167633,18.308258,7.829637182000308,18.183739,4.1413555,1.6269784919405084,3.2138245,0.37368658
2021-08-03 09:00:00,27.990016723367035,35.973785,19.897614,10.652169757451347,22.495064,3.8623905,1.581303747015195,3.4715512,0.50323266
2021-08-04 09:00:00,28.71723195259159,37.077545,19.62735,15.819536250130989,21.913713,4.2980776,1.7311218266919124,3.648077,0.89108306
2021-08-05 09:00:00,27.704068436612715,36.96109,19.702057,10.875231354870532,24.611164,1.1502179,1.9962842893618848,4.16621,0.8464329
2021-08-06 09:00:00,28.192578554215288,34.33853,20.64566,9.654666651549022,16.66835,3.1040983,1.6119781408596048,3.481583,0.21076831
2021-08-07 09:00:00,28.87303191797622,33.60196,20.55899,14.336756315172108,17.913311,9.999248,1.2156012274872148,2.044955,0.43731138
2021-08-08 09:00:00,25.23748140880059,34.80484,17.451324,14.513815011857034,24.077942,9.274136,1.6528256700740351,2.6608698,0.8269232
2021-08-09 09:00:00,25.504279962298995,35.035797,17.793365,17.287973948332883,25.133781,14.340812,1.6504764634826776,2.7522397,0.7160772
2021-08-10 09:00:00,25.468687036322592,34.589752,18.060455,13.883967219947372,21.492874,10.598343,1.3521467756664038,2.096259,0.6872452
2021-08-11 09:00:00,27.318013300823793,36.214752,19.324127,21.792525272677207,27.061127,17.777714,1.3704567558427847,2.3073888,0.7984903
2021-08-12 09:00:00,27.82048084439964,36.09561,19.338043,23.027397362833216,27.24421,20.20166,1.5916502576685545,2.4182327,1.1144978
2021-08-13 09:00:00,28.014330514832864,37.209137,19.107574,28.66432855711476,33.004593,25.851938,1.6505084124458844,2.2740164,1.1907989
2021-08-14 09:00:00,26.988567878898607,35.74478,18.070953,28.193528493965307,32.41771,24.757978,1.5896921491661047,2.2307851,1.1910588
2021-08-15 09:00:00,28.024929567363642,35.65396,19.84317,22.875929583674292,31.507294,19.14558,1.5447105399524401,2.8958914,0.77634037
2021-08-16 09:00:00,30.520013029520612,38.49893,20.317291,19.23708655497015,25.799747,14.488764,1.3200417724339941,2.451091,0.5495416
2021-08-17 09:00:00,27.978665864099412,37.325836,19.630524,19.24846606279188,30.823105,12.326792,2.0811039443155006,3.0951734,1.2313964
2021-08-18 09:00:00,24.391727409923078,32.777496,18.252106,7.8465332909424585,23.863935,3.52333,2.9135681846204897,4.248849,1.7002503
2021-08-19 09:00:00,21.910870663611888,28.43106,18.017487,24.49900163867604,42.57491,14.163994,1.5739302096610641,2.8052092,0.6460419
2021-08-20 09:00:00,24.19582687171129,30.352448,18.2919,37.243932261948736,43.28448,33.68774,1.4680356494614697,1.7900786,0.90160644
2021-08-21 09:00:00,22.98138534584291,30.07193,17.245758,38.979399310794,51.320023,30.526947,1.939941824031457,3.0992267,0.8877621
2021-08-22 09:00:00,22.975301286815863,29.628326,18.376373,33.506391519520065,47.98016,18.394222,1.8696152155040124,2.7563696,1.2192192
2021-08-23 09:00:00,23.424950024128748,30.333405,17.665436,49.684445401362694,56.113846,40.81667,1.7399034133272024,2.438537,0.9573043
2021-08-24 09:00:00,23.401572576259525,30.847076,17.63272,31.62029946778242,43.243904,11.060982,1.6868739741472656,2.6632187,0.70972794
2021-08-25 09:00:00,23.774453744610923,31.6857,17.791168,10.155963800216835,27.97871,2.0390816,1.4470634526563608,2.520815,0.35054356
2021-08-26 09:00:00,26.844171630932294,33.004547,21.034088,10.476556454197619,23.526749,1.9740276,1.1899511812077388,2.8802135,0.14756234
2021-08-27 09:00:00,28.310699044648914,32.54019,21.546051,14.921703412631164,21.122036,8.930629,1.4927366252710734,2.6295075,0.37135193
2021-08-28 09:00:00,29.674779143048966,34.9711,20.842194,15.525549532277214,19.192795,9.04216,0.722916293041636,1.725199,0.08665495
2021-08-29 09:00:00,28.88101246706674,37.271637,20.603668,15.544594351786296,22.612482,8.967951,1.143261928605824,1.7984684,0.51297355
2021-08-30 09:00:00,29.262949336775023,39.025543,20.152496,16.464395287593167,23.41524,9.68265,1.3916057049575237,2.3029222,0.7444218
2021-08-31 09:00:00,27.04530868812043,36.702057,18.567291,16.650346223791,25.964195,6.9549923,1.992367618461863,3.255317,0.945484
2021-09-01 09:00:00,23.912257444024192,31.975983,18.042389,7.2845880154435,30.953136,0.7345934,2.24070543826341,3.6941545,1.1776321
2021-09-02 09:00:00,22.957356354453395,30.103424,18.009674,6.575137680417115,26.454483,2.1214237,1.8156045090977682,2.6902096,0.7999791
2021-09-03 09:00:00,22.640647620832794,29.991852,16.896149,6.347169722820134,21.537025,0.7520857,1.2623059799526974,2.4971185,0.66576976
2021-09-04 09:00:00,24.87439067673597,32.061676,18.419098,7.64334296465329,16.300951,1.578723,0.91633857361571,2.5912068,0.106272414
2021-09-05 09:00:00,26.683948710417553,32.90738,20.40738,12.733993709116003,17.27234,5.892481,1.1100351592653255,2.5314846,0.18394756
2021-09-06 09:00:00,29.9326142780738,35.97867,21.75235,12.269917717829436,17.676085,1.855772,0.7743177116512842,2.039196,0.15086982
2021-09-07 09:00:00,30.736099103095,37.407867,20.458649,23.275863201134158,26.859268,18.683487,1.129131061966871,1.8100004,0.64032394
2021-09-08 09:00:00,28.089636078843625,37.03409,19.61026,17.716932014714974,20.037548,15.769465,1.0443403576901853,1.7532308,0.4754436
2021-09-09 09:00:00,27.1841993875168,36.625397,19.355377,17.45607220331443,20.852795,14.391858,0.9897990002220219,1.6547683,0.4282476
2021-09-10 09:00:00,27.075070902574566,35.515533,20.612946,33.65590112530772,39.048695,23.980694,1.2995369311279223,2.269638,0.5254588
2021-09-11 09:00:00,26.832474828797046,33.236725,19.986725,28.009887287582533,44.778824,9.282728,1.168710539181244,2.868018,0.54165614
2021-09-12 09:00:00,26.03555655275386,32.60611,19.010406,13.126176665609002,29.755354,3.7026863,1.0963598945428314,2.5091052,0.3932156
2021-09-13 09:00:00,26.093568742495393,32.3815,19.169098,23.693027021196162,31.668797,9.99095,0.930163752368799,1.7251616,0.27772588
2021-09-14 09:00:00,27.032918976502458,33.734528,19.4357,18.395217424827734,27.09901,8.603004,1.4114817831451236,1.8187964,0.7789823
2021-09-15 09:00:00,24.15362395822035,32.583405,17.261139,17.31210966394912,27.047087,11.633993,1.5396594849956295,2.410367,0.78398335
2021-09-16 09:00:00,22.91624743596492,31.32022,16.142487,21.83393946966316,33.54915,12.733296,1.7493918871255072,2.6818168,0.8533635
2021-09-17 09:00:00,21.543280219533415,29.407135,15.64151,17.351385932988673,44.08009,10.603528,1.4480767888351684,2.5463362,0.7200724
2021-09-18 09:00:00,21.284008227315155,28.90982,16.291168,18.67084814849108,38.437195,3.4222383,1.517453208597008,2.740489,0.15453564
2021-09-19 09:00:00,22.883101366854874,28.152496,20.018707,18.298198528226017,39.316387,4.4498634,1.8487831419890128,3.1744342,0.928263
2021-09-20 09:00:00,24.191626560864336,26.12442,21.103424,21.75343938631231,37.638092,9.890529,2.2179071872506637,2.8087528,1.5978328
2021-09-21 09:00:00,27.081699129874153,30.002594,20.174713,21.591419545911883,26.74348,18.355839,1.1901650223023943,2.3150127,0.02809795
2021-09-22 09:00:00,27.134001199068905,34.848297,18.988922,23.48112463606544,27.603994,17.65087,0.7515784521251496,1.5032045,0.118242376
2021-09-23 09:00:00,24.788016078199917,32.53482,18.13272,27.080734466254647,39.216866,14.727129,1.0075939774417264,2.6639712,0.2665582
2021-09-24 09:00:00,24.576245376528846,30.621979,16.793121,21.421643072519473,26.768314,15.870258,0.9597525048351688,1.6789432,0.36623448
2021-09-25 09:00:00,23.39813729282912,31.627594,16.517487,23.19130689147432,26.813517,17.981485,1.1147278820448439,1.6543082,0.52845126
2021-09-26 09:00:00,21.88564848646439,30.444733,16.046295,31.06657728627675,35.24947,25.557707,1.4450032343395531,2.1535833,0.8616775
2021-09-27 09:00:00,22.046670946311906,29.13443,16.638336,26.98544571567087,31.622143,23.678333,1.4770977123578533,2.4695039,0.9592135
2021-09-28 09:00:00,22.578786846596984,27.188385,18.434235,28.520410380182337,40.329082,20.889702,2.2545021127771023,3.997919,1.3158097
2021-09-29 09:00:00,20.436586541151257,22.131256,17.904205,13.48906077015755,35.468002,2.5148783,2.697277981496309,3.96209,1.3911676
2021-09-30 09:00:00,23.2090681169272,24.525787,21.162018,8.073743173312577,14.2397785,4.328597,2.1182002253890375,2.8015094,1.3890543
2021-10-01 09:00:00,26.16957977496304,28.617828,21.588043,13.755531902618923,17.169937,8.259782,0.974768095420409,1.6146568,0.38718772
2021-10-02 09:00:00,25.520183356363134,30.000885,19.471832,11.36436754559827,15.042242,8.239346,0.36201094790428295,0.95937127,0.016263235
2021-10-03 09:00:00,26.659617332284313,30.76651,21.801666,12.737842648652236,14.540074,9.3799715,0.7994506145250787,1.2478154,0.274516
2021-10-04 09:00:00,27.02117005275136,31.162018,20.378815,16.976199324386634,19.248098,15.732718,0.3864653187058742,0.7087012,0.10952114
2021-10-05 09:00:00,23.46797730867769,28.692535,18.975983,30.52097178480965,40.08422,20.627304,1.2728389173382524,2.552325,0.13943017
2021-10-06 09:00:00,22.060231653800656,27.332916,17.180573,36.497961342922196,43.22295,32.340137,1.637388514946429,2.084016,0.7452801
2021-10-07 09:00:00,21.079536271297002,26.417633,16.79068,44.25862758266884,52.233498,38.362404,1.5005304439178584,2.2360058,0.56691235
2021-10-08 09:00:00,18.036279337344865,21.951324,15.580231,30.845164939034834,74.72585,4.772727,2.378881467389421,3.5721588,0.7541113
2021-10-09 09:00:00,17.71713935192963,20.264313,15.883453,27.074422263516695,40.554344,16.036205,2.089959015484821,3.8458579,1.0851153
2021-10-10 09:00:00,19.622222968787298,21.27237,17.15738,17.85053646980395,20.820692,13.691786,2.17441413647489,3.0495722,1.100212
2021-10-11 09:00:00,22.00151631570691,23.792633,19.708649,16.67170387875457,32.331097,7.2967587,2.8087923993104873,4.971859,1.7424767
2021-10-12 09:00:00,15.687134635192422,16.621735,13.883453,22.174008709609513,33.207848,9.1042595,4.746257848536719,6.1764383,4.021087
2021-10-13 09:00:00,16.7699617560981,18.230865,14.362457,15.164797977804081,17.905228,12.053649,1.9313955178569528,2.8728123,0.9639769
2021-10-14 09:00:00,19.115135049534842,20.971344,17.506256,24.240676208506304,31.495098,14.833358,1.8908704350065926,2.8915825,1.13115
2021-10-15 09:00:00,21.25662857287432,22.764069,19.95694,13.831589181565658,16.964497,10.850013,2.3047173591544867,3.0407863,0.94062316
2021-10-16 09:00:00,24.84706563350062,26.552155,21.622467,11.003291679126203,12.796742,8.940752,1.9037230822026427,2.9153175,1.1947942
2021-10-17 09:00:00,25.599122691225205,28.99527,20.702301,13.706313378331755,15.846423,11.447986,1.3450694236392968,1.8833984,0.6949979
2021-10-18 09:00:00,18.528400232389004,23.069733,15.640045,40.61072340223385,57.128925,28.316425,2.229061602895955,3.0597188,1.0103012
2021-10-19 09:00:00,15.98570194269729,16.858063,14.667877,33.7895907863564,39.685356,29.267385,1.2793443364852068,1.8835375,0.69659853
2021-10-20 09:00:00,17.897564204413868,20.650787,15.779449,13.720836858373113,27.93707,4.7620144,1.1631142111698936,1.8539816,0.38254064
2021-10-21 09:00:00,19.8133509524269,23.335602,17.041168,35.43716429347445,45.776237,22.119806,0.7899230138162591,1.4967351,0.58345914
2021-10-22 09:00:00,20.70709352003928,25.539948,16.518463,25.7165978062267,31.528963,15.191071,1.6739645740700881,2.3338966,0.72881764
2021-10-23 09:00:00,17.59409636747921,21.489899,16.05191,42.01816008134006,73.568634,25.021757,2.0585834033772605,3.2632663,1.5296087
2021-10-24 09:00:00,18.31711842929826,20.417877,16.453033,55.79133032096612,62.70687,47.92509,1.4437779278321137,2.2031825,0.29795936
2021-10-25 09:00:00,16.938044869879604,21.132233,15.684967,87.09284194600862,93.502106,74.207466,5.253983402026587,6.160013,2.568777
2021-10-26 09:00:00,14.91357118104105,16.218414,12.027008,42.1976665315966,51.483734,29.722013,1.9972238916655516,3.3697238,1.14847
2021-10-27 09:00:00,17.422715579160695,19.006256,15.033356,54.31587220662537,62.916107,44.152233,2.3568552660152156,3.8586955,1.0112361
2021-10-28 09:00:00,20.676159277837712,23.181793,18.314606,28.132489376152343,30.859777,26.246496,2.7065756369856553,4.419356,0.75700635
2021-10-29 09:00:00,22.88505317613931,24.715973,20.590973,25.012213168336032,27.851866,21.10852,1.5745576866551698,2.151566,0.228861
2021-10-30 09:00:00,23.11361588590944,25.624908,18.216705,29.048759581370085,40.458607,22.93468,0.7590980777499607,1.6468569,0.23019576
2021-10-31 09:00:00,17.81731941321675,21.930573,15.289215,27.948863793283657,47.963737,10.02612,1.3645899993935524,2.4836545,0.63245535
2021-11-01 09:00:00,16.54393813224067,19.183014,14.743561,35.02613020561723,47.48465,19.727936,1.348461570598489,2.0249832,0.5561586
2021-11-02 09:00:00,17.070144306617067,18.569489,16.060944,55.24556487789731,68.31857,48.04225,0.5253579385979358,1.028672,0.18360828
2021-11-03 09:00:00,19.49587079885032,22.199127,17.173737,22.252758569001852,35.010464,9.436927,1.7110195707156608,2.5997093,0.8752526
2021-11-04 09:00:00,20.778347452068488,23.317535,18.27066,31.82338009878207,45.25626,16.62582,1.651562183402625,3.4087667,0.429277
2021-11-05 09:00:00,19.753308483732155,22.204987,16.777252,4.530061061427963,20.442719,-6.8625555,2.4384089111435303,3.6802168,1.0579388
2021-11-06 09:00:00,20.138076332807486,21.891266,18.295563,4.252524771632807,21.00782,-0.95456314,1.404628887864066,2.357826,0.35581422
2021-11-07 09:00:00,18.653567076261822,20.626373,16.018951,37.5456838513515,53.683212,15.054307,2.426226349333081,3.4916632,1.3307154
2021-11-08 09:00:00,15.856706258838642,17.444,12.3697815,7.354285848392342,22.809544,0.5829811,2.345822534758951,3.065012,1.140284
2021-11-09 09:00:00,16.890631242359007,19.403229,14.268463,7.721375425054092,30.806717,1.7066488,1.9264696000915458,3.0303383,0.85420203
2021-11-10 09:00:00,16.598355453440035,18.378082,15.948395,23.61521925634045,51.362465,15.73897,1.718073669171944,3.0768843,1.0577482
2021-11-11 09:00:00,18.082306716250287,20.56485,14.994293,25.564572118925128,33.426807,19.12212,2.8181089681840525,5.374119,0.9674129
2021-11-12 09:00:00,19.77927525415373,22.26358,16.99405,16.74859657388457,22.131845,14.30372,2.7064332497914,4.5302286,0.72467124
2021-11-13 09:00:00,21.687823319123027,23.272125,19.795563,13.508958517390276,17.978485,9.831199,2.567071339113116,3.9462266,0.7771669
2021-11-14 09:00:00,21.32000242033297,23.061676,20.077301,9.901830946397071,13.757937,4.8891325,2.1248929453569434,3.3212247,0.19120206
2021-11-15 09:00:00,22.133011493670665,24.091461,19.388336,10.423387226688357,15.98522,5.4218254,0.9945953509822136,1.3163642,0.19976066
2021-11-16 09:00:00,18.197931172349627,21.264313,15.54068,12.386397833954277,23.671032,9.120252,1.0054422234491687,1.8621054,0.4560137
2021-11-17 09:00:00,16.48097923550523,17.564117,14.669586,17.661245601988586,24.41422,10.479741,1.199729564557811,1.7492325,0.46532354
2021-11-18 09:00:00,17.48563868555823,19.04483,14.628815,20.978025484105046,27.045391,12.710023,0.45247365689073565,0.8930357,0.08943593
2021-11-19 09:00:00,16.64442140324877,19.684723,14.298004,16.231370020561332,34.148045,8.277191,0.6844790309561254,1.7825847,0.16449958
2021-11-20 09:00:00,16.84369641359234,17.960602,14.671539,21.948717130163434,39.467697,8.254839,1.8517264470432688,3.0317848,0.6621596
2021-11-21 09:00:00,16.920622877035726,18.888336,14.270172,12.786881546426114,23.325012,4.6141253,2.757685971534721,4.0014772,1.067874
2021-11-22 09:00:00,20.650673425916295,22.38443,18.841461,9.386376624366116,12.590981,7.0753555,2.3481463502541158,3.3827584,0.5428783
2021-11-23 09:00:00,18.88020993065959,20.787262,17.275543,15.305215830028084,19.709377,11.426939,1.3377904080766414,2.2915065,0.08658989
2021-11-24 09:00:00,16.958551033526987,17.732086,15.128571,12.499044528527866,26.595646,4.2128334,2.2131871101427634,3.1759727,1.1905141
2021-11-25 09:00:00,17.043178127164822,18.688202,15.090546,6.737387057796586,10.573093,3.2176247,2.0001479538282028,2.805735,0.80262226
2021-11-26 09:00:00,17.698745955487823,19.049957,16.255035,4.271570301487011,7.049984,2.404438,1.8212634963149403,2.754957,0.4444181
2021-11-27 09:00:00,17.281334185243963,18.681,15.009125,3.388503690948456,6.754979,1.8916979,1.8728539278815444,2.9616308,0.22503698
2021-11-28 09:00:00,19.671551222834523,20.892609,17.8555,11.105977698482603,22.175438,5.93441,1.3090838807627967,1.6943495,0.20188679
2021-11-29 09:00:00,20.697782049763646,22.886383,17.556305,10.845248824932414,16.454285,7.7773333,1.4095468407576495,1.8561454,0.06683952
2021-11-30 09:00:00,19.832529871124336,21.634918,18.496246,14.565434325693579,16.925835,11.833092,1.9143613669095536,2.8778818,0.36262205
2021-12-01 09:00:00,20.37253865971371,21.795807,18.973541,12.575192687186604,14.404158,10.083845,1.944011139606582,2.6838853,0.40310025
2021-12-02 09:00:00,20.90986152865497,23.246979,17.870026,13.18970584094981,16.182358,9.830796,0.35882215614738083,0.84712714,0.018612843
2021-12-03 09:00:00,16.427498965784764,20.941803,13.3461,18.370113102103538,20.63088,15.462912,0.49477262865477317,0.9559373,0.24070555
2021-12-04 09:00:00,15.534281656688734,18.957947,12.838806,22.710642557686864,25.391794,20.579294,0.5884248405836829,1.6703202,0.0681084
2021-12-05 09:00:00,14.959152159084283,15.644592,13.564514,13.607592619253849,27.760635,7.783593,1.9014386669791692,3.5880349,0.5986168
2021-12-06 09:00:00,14.112080205453935,16.59256,11.084747,11.346263513190387,16.107838,8.404693,2.0933571712989347,3.8658152,0.39273462
2021-12-07 09:00:00,14.40182068863379,15.547516,12.78775,18.12734909395954,26.070282,8.542937,0.9714084325895797,1.7306803,0.24850552
2021-12-08 09:00:00,14.799331647925726,15.95932,12.414398,51.10989792168318,69.78062,33.90162,0.7321235617932641,1.1055558,0.2221609
2021-12-09 09:00:00,14.500541278186688,16.855255,13.591583,71.8709895655014,80.46264,63.059566,2.3919176708518353,3.844925,1.498468
2021-12-10 09:00:00,11.662371599173923,13.2760315,8.785797,27.93614066373009,57.43705,12.929238,2.0625226516252364,3.6627097,1.2719669
2021-12-11 09:00:00,12.417895129570809,15.092682,9.541901,14.884575900871715,23.661013,7.470214,1.5523634234909458,2.0812254,0.19706483
2021-12-12 09:00:00,13.911054122048029,14.791412,12.5902405,18.05592028891745,29.553574,8.854495,0.5274218229598338,0.9671172,0.16145004
2021-12-13 09:00:00,13.400105081251695,16.60318,12.29068,29.175260104008945,66.161316,15.226982,3.3574389277811214,5.206911,1.4805862
2021-12-14 09:00:00,11.801366008125456,13.809723,9.728668,93.07750451192113,99.020164,79.5436,4.804753293120852,5.8262463,3.6125932
2021-12-15 09:00:00,7.812551110728521,10.691315,4.279175,54.98880235030231,63.68416,47.71541,1.4590395241473282,2.752965,0.55273026
2021-12-16 09:00:00,10.80796826885171,13.544586,7.7184143,73.7085884710398,92.58864,47.436295,1.632795187557374,2.4288962,0.70299757
2021-12-17 09:00:00,11.618742952834225,13.791168,9.308746,22.9721080139745,51.83481,10.000275,1.8357406033411987,2.8379078,0.9613037
2021-12-18 09:00:00,11.456453425961854,14.052216,8.382294,6.224584766786477,10.050176,1.2864552,2.0031156886314947,3.1030836,0.28176853
2021-12-19 09:00:00,12.84055160419814,14.743042,10.590698,2.461650298659186,6.5860243,0.8669462,0.7372854760433785,1.0965822,0.15551044
2021-12-20 09:00:00,11.085668114021985,13.810333,9.691193,2.5742409355677345,4.791068,1.0850252,1.0046972801128364,2.1200974,0.46662617
2021-12-21 09:00:00,10.327930484870478,11.908356,9.195465,4.5781708475951985,8.2800045,1.850317,0.9782219495311415,1.8215667,0.26658437
2021-12-22 09:00:00,12.642899454566418,13.596222,11.850128,17.684268674818984,34.98649,12.720305,1.2664910308973605,2.3126273,0.4534691
2021-12-23 09:00:00,13.27623111512446,14.228119,12.546051,92.64414974756,97.77345,83.69685,3.8909864689308113,6.040442,1.6090595
2021-12-24 09:00:00,12.566345980404662,14.159668,10.13623,76.40428853080547,86.6762,66.209045,2.3718136753817207,3.2647266,1.306304
2021-12-25 09:00:00,11.759857117995864,12.900482,10.373138,46.6257239696585,85.75604,31.743208,1.552721601974118,2.0891638,1.0576072
2021-12-26 09:00:00,9.58694929897274,11.563202,7.7253113,61.187959832873084,74.50507,54.512188,2.7382297224884984,3.2361355,1.8073088
2021-12-27 09:00:00,9.984562964020029,11.696411,7.633911,70.12625257208025,83.260925,56.364883,2.4826216627532296,3.5946789,1.3127924
2021-12-28 09:00:00,9.295684136565797,11.572418,6.443512,77.32204189075686,85.619675,70.34413,2.1475114460896205,3.6880798,1.2849749
2021-12-29 09:00:00,9.064700057911466,11.07782,5.889862,83.31929201486619,95.68337,71.86739,1.8954874834292004,3.3527863,1.1284233
2021-12-30 09:00:00,10.084081969342378,12.174561,7.6765137,87.19578862211229,93.6533,78.91111,1.2865720263047318,2.3240125,0.22722933
2021-12-31 09:00:00,12.256312772074864,14.598907,9.061798,69.29482865609914,79.77582,43.749992,1.591253871199654,3.176418,0.36104217
2022-01-01 09:00:00,10.428124365104509,12.565216,7.0124817,11.164570715001261,32.572258,3.6386662,2.5683924754249827,4.359392,0.908918
2022-01-02 09:00:00,10.932280727360762,13.427826,8.894623,13.381538024302,23.209957,3.3896456,1.2673164331729583,1.6930366,0.4143651
2022-01-03 09:00:00,13.170724237913191,13.734528,12.209137,10.821477952616208,14.948976,8.121481,0.35391442941317053,0.8004924,0.08604159
2022-01-04 09:00:00,11.880562492428737,12.939911,11.154755,41.24575634983263,51.15783,29.056267,1.2456447626622145,2.8189757,0.15881914
2022-01-05 09:00:00,14.16838622853544,15.749695,11.810242,25.703006321417295,37.8211,14.125785,1.9661991641300445,3.9129841,0.631188
2022-01-06 09:00:00,14.75779077755925,18.162567,11.717255,26.729292696361945,35.53527,20.05612,2.259377922704002,4.4305396,0.38034153
2022-01-07 09:00:00,14.595622574919389,16.515228,12.599213,9.3590319388433,21.396564,4.07052,1.065316150273233,2.8137512,0.050369468
2022-01-08 09:00:00,12.330937042893709,13.533722,10.518707,26.380636795494112,53.805073,15.133977,1.4914747495005853,3.1877909,0.82840955
2022-01-09 09:00:00,13.038736308652574,15.332245,10.310333,12.070843657015866,18.748737,7.788455,2.0846422899750423,2.8496077,0.78097516
2022-01-10 09:00:00,15.863203365833272,17.243195,14.456085,16.241911088429696,23.070433,9.799467,1.3134233898521193,2.0108526,0.691281
2022-01-11 09:00:00,16.39015584215383,18.394745,13.9045105,10.941288999486302,15.287166,7.8821793,2.2038438017810034,3.944522,0.6011762
2022-01-12 09:00:00,16.63666728733216,18.463318,14.725037,6.862639579241684,8.890813,5.253644,1.967962691588964,2.9984865,0.48065856
2022-01-13 09:00:00,17.53953240961522,19.581512,16.185028,8.13892124763296,11.903673,4.8366346,1.103289940097814,1.578816,0.30323538
2022-01-14 09:00:00,16.54404643473123,18.067535,14.58316,6.136524646097802,14.27457,3.5545168,1.6816475368174537,2.2237968,0.08860254
2022-01-15 09:00:00,16.092499189885245,18.549164,14.564789,13.340927661617402,18.885006,9.357661,1.9479436812831499,2.5526323,0.91006094
2022-01-16 09:00:00,14.468143927995072,15.196442,13.883759,33.678082827702085,42.853886,25.959354,1.4574852493434745,2.2273083,0.32981622
2022-01-17 09:00:00,16.976891702605712,18.20282,14.732117,62.89301583799118,77.6264,40.072098,0.7460530682811263,1.090566,0.044312265
2022-01-18 09:00:00,15.10312752133109,16.983429,13.709991,67.8378309044076,77.2368,58.143047,0.962117733338404,1.5876751,0.2902012
2022-01-19 09:00:00,15.397442100969556,17.202667,12.61087,40.0722053511694,47.854446,32.401974,1.4073653480909536,2.486867,0.4303245
2022-01-20 09:00:00,15.84671001057984,17.99057,13.267914,18.026328275202605,25.034283,13.818784,1.8209416129983547,2.5184968,0.45212668
2022-01-21 09:00:00,17.50634936451104,19.387238,15.447784,13.434605165528888,20.166462,6.3539724,1.3804857425189494,2.1801965,0.17538534
2022-01-22 09:00:00,15.722283696914758,18.328094,12.626923,11.961481814493215,19.883526,7.0264378,2.177159093500362,3.8376956,1.1473156
2022-01-23 09:00:00,17.14907972278138,18.413635,15.204651,14.410251721267077,18.19102,10.557154,1.4104029436074745,2.2006934,0.65071225
2022-01-24 09:00:00,17.375364171940532,18.625,14.732422,8.254966539006862,9.52123,7.5524797,1.4161211080407197,2.729122,0.24256872
2022-01-25 09:00:00,16.444277631804198,17.862183,13.842651,8.486896456404612,14.386477,6.491946,1.6670042150457314,2.9910758,0.4818317
2022-01-26 09:00:00,15.994227342654199,17.165192,14.641754,19.285061361161414,24.751976,12.259788,1.1734379083704491,1.8712695,0.53234524
2022-01-27 09:00:00,16.34328863010336,18.310394,14.001801,14.017182801626792,18.051064,8.039346,1.1353273705785607,1.8335409,0.43031105
2022-01-28 09:00:00,17.186154072102056,18.941132,14.960663,7.909638931554453,9.963536,5.502599,1.929695660769165,2.9825988,1.3639547
2022-01-29 09:00:00,17.926334664250362,19.45871,15.872772,9.503398291133967,12.080224,7.218855,1.4634560032544117,2.459231,0.8643663
2022-01-30 09:00:00,15.553483925373769,17.201904,11.281982,8.872581418501246,10.883876,6.477626,1.6407397611510424,2.5062819,0.5257127
2022-01-31 09:00:00,16.430699344678317,17.582947,14.461853,7.715450874720492,11.065301,5.7020197,1.4443463456389736,2.8134742,0.22448003
2022-02-01 09:00:00,13.834549922904898,15.229614,11.376099,12.525554894832403,29.01327,1.1775675,2.067776806285208,3.4980974,1.3439968
2022-02-02 09:00:00,13.333230593594863,15.234222,9.261566,8.445706977454199,27.29877,2.3267813,2.698710705614997,4.1505256,1.1885563
2022-02-03 09:00:00,14.292272314654554,16.024414,11.766602,15.830774452105146,25.349798,9.26987,1.9898543510429987,3.2369637,0.45671412
2022-02-04 09:00:00,15.023046343044086,16.01651,13.348541,21.630973491970686,27.529177,14.298707,1.1048591644024675,1.819864,0.73546326
2022-02-05 09:00:00,16.46638301834406,17.83725,13.735687,18.492079484654088,22.294655,13.243873,1.9408660022829207,2.9690163,0.99447465
2022-02-06 09:00:00,16.965421567788553,18.298859,14.667999,9.27563537948979,12.284473,6.730295,2.0650294581986413,2.9639575,0.62095475
2022-02-07 09:00:00,18.80640061614031,20.626862,15.806549,7.351197902840209,9.640322,5.378603,1.1384819019722874,1.85992,0.6070387
2022-02-08 09:00:00,19.155177303425035,21.603607,15.211029,10.608966139216074,16.022863,5.789809,1.3454733360519473,1.9392667,0.43314558
2022-02-09 09:00:00,20.259289786441457,21.624664,18.241852,12.617181088754064,15.92902,10.723865,2.2452245306014054,3.1731472,0.62241226
2022-02-10 09:00:00,21.93943275081608,23.487946,18.786774,8.307669813146415,10.7861,5.3943624,1.968739590904912,3.2818186,0.48695776
2022-02-11 09:00:00,23.000501466627668,25.163239,18.190582,9.06371044770765,11.147776,7.3469944,1.226530387005929,1.7903416,0.15214771
2022-02-12 09:00:00,22.46879203821061,24.020844,19.4935,9.790160626070595,12.15477,8.124548,1.7115023725351592,2.5729418,0.65641934
2022-02-13 09:00:00,24.420693659841675,27.408112,20.749908,14.8995161644821,19.579704,10.423453,0.6603527931855959,1.3839312,0.1686593
2022-02-14 09:00:00,22.894976071311987,26.242523,16.918304,13.148862761272513,17.117043,9.040364,0.8292921708337571,2.1404567,0.19799504
2022-02-15 09:00:00,17.531697881225796,22.608795,13.745514,11.586478830316489,24.018631,5.1998224,3.1828101366175434,5.5387015,1.8241717
2022-02-16 09:00:00,12.183841726088929,14.081879,9.866669,21.939147498380553,30.399866,18.017054,2.2886735368331466,3.9607422,0.8032569
2022-02-17 09:00:00,15.628229621155072,17.745514,13.768951,32.02398245327212,37.14827,22.504612,0.7877651501988796,1.2688832,0.40853658
2022-02-18 09:00:00,16.970067014186668,18.941742,15.170258,27.395882331693553,34.932358,18.080048,0.9801643534129375,1.5222987,0.7232865
2022-02-19 09:00:00,17.395659261934725,19.49582,14.450897,19.748882870283744,22.43077,16.55317,0.6778363554293854,1.1825979,0.2368106
2022-02-20 09:00:00,17.71844834367704,21.55893,13.698059,21.719546384129856,27.164219,17.007969,0.8044717203530588,1.5738939,0.3096674
2022-02-21 09:00:00,16.2644600292075,19.727692,13.296051,15.715373978310813,28.061527,7.059106,2.669423219113468,4.8488827,1.0080138
2022-02-22 09:00:00,13.343264239094822,15.123871,11.877777,47.58152964135901,60.766296,31.191498,2.9964943609223678,5.3275104,1.6413281
2022-02-23 09:00:00,8.369120538650463,9.936066,5.5571594,60.23500704396094,78.45627,42.346893,3.1002678885878088,4.1530356,2.5643454
2022-02-24 09:00:00,9.960641433120884,11.586517,5.5240173,26.924456830383832,31.874285,22.011806,1.56950555580109,2.522002,0.60437346
2022-02-25 09:00:00,11.768769884776873,13.1996765,9.186005,19.746855399513937,24.41296,12.581187,1.8031364154463665,2.9688718,1.0221391
2022-02-26 09:00:00,13.911077997304062,15.656891,11.6197815,17.821975219987877,21.620167,12.6318865,1.7085995830725094,2.3590353,0.9943357
2022-02-27 09:00:00,15.432310005171814,16.652985,14.110016,9.266821360475964,12.881614,6.8612146,1.5098067570905676,2.0738585,0.74025977
2022-02-28 09:00:00,18.750195202786585,21.37149,15.494537,13.764403317186238,21.015923,9.107823,2.3710959569554797,4.030455,0.8613222
2022-03-01 09:00:00,21.10518745602934,24.14795,18.220215,7.931445168307856,13.725189,3.3853455,2.480328341682534,4.3357778,0.9255872
2022-03-02 09:00:00,21.410917931635936,24.11081,17.7612,7.833991143241737,22.291319,1.609498,1.84101982772718,2.6553936,0.6189421
2022-03-03 09:00:00,22.306970690655646,25.83902,17.325348,14.890568290130341,27.116386,8.577392,1.4677649967484114,2.3966336,0.6582428
2022-03-04 09:00:00,15.502984470581794,20.415833,12.747467,25.856844733661653,41.202206,17.143612,1.857455917616362,2.7984738,0.7129837
2022-03-05 09:00:00,12.214852936137447,14.174957,11.02652,19.04128737049044,50.2316,6.958164,4.488663287456695,6.633293,2.2167783
2022-03-06 09:00:00,10.141337671459155,11.619049,6.9842834,68.15208071186149,83.94256,56.04809,2.2190584666936513,4.016551,1.0010078
2022-03-07 09:00:00,13.604091285403285,16.048737,9.615143,34.43374774702295,49.338684,17.858215,2.071854358280585,3.0386586,1.1002862
2022-03-08 09:00:00,15.59598767965798,17.799469,12.684235,24.45960357707567,30.892653,17.932384,1.4626808406326686,2.0802372,0.71242625
2022-03-09 09:00:00,17.979023062390525,20.64981,14.675201,28.153216257432074,33.597534,25.111599,1.0443127942103274,1.9015671,0.57421076
2022-03-10 09:00:00,17.99031354850041,21.493591,14.458435,30.197410480889136,38.734413,11.075818,2.4861021404916888,4.693722,1.0455779
2022-03-11 09:00:00,16.85779258641685,19.140228,13.957794,13.282424587738605,21.217903,8.534308,1.5266383453774899,2.0128298,0.88686424
2022-03-12 09:00:00,19.35608827901831,22.51883,15.719635,14.874163268767447,21.715158,10.031565,0.5489997948427923,1.12234,0.12619825
2022-03-13 09:00:00,19.26025110674567,23.478912,14.609772,13.95490770928223,25.171528,1.6572187,2.235136661253368,3.7376375,1.1506871
2022-03-14 09:00:00,18.43457647357468,21.65683,14.998627,14.394939697099991,23.540092,6.20191,1.97713417378741,3.2986789,1.2518826
2022-03-15 09:00:00,20.192416856776447,23.088776,16.131744,16.281824459096686,31.316502,2.8633757,2.001551471102204,3.7479944,0.7406
2022-03-16 09:00:00,18.497485946483835,20.358002,15.397064,19.052464984527756,48.436447,5.456359,2.8404357421988355,3.8843918,1.5770952
2022-03-17 09:00:00,19.16212287158106,22.196442,15.23941,16.289399355658556,28.78593,11.961713,1.9508544411142543,3.0052226,0.9089109
2022-03-18 09:00:00,19.168489472104625,21.875885,15.42276,23.287407874211127,31.226889,9.722982,1.5710935915151114,2.7464068,1.0086689
2022-03-19 09:00:00,20.777883034603462,24.067291,16.026276,26.751627634031586,34.59331,20.745655,1.664536333067706,2.6483133,0.89935374
2022-03-20 09:00:00,14.042560890894208,16.497955,12.298737,48.523294312891544,82.2522,22.885162,2.856148394003637,3.9338746,2.2751281
2022-03-21 09:00:00,17.222567756093497,20.04898,12.751373,18.921988024980948,29.454895,12.478332,2.7840303930270753,3.8923025,1.272347
2022-03-22 09:00:00,20.755559012283072,23.162994,18.330963,27.784831278526482,30.485006,25.738913,2.013912379868854,2.6851783,0.7366396
2022-03-23 09:00:00,24.30287915436611,27.366364,19.085114,28.406358674610573,31.665699,25.53481,0.5962255408645802,1.4604295,0.06512981
2022-03-24 09:00:00,23.436589365407656,28.549713,16.782135,31.834810873393508,35.226227,28.365486,0.9204280442184277,1.5440749,0.35243946
2022-03-25 09:00:00,22.581264182029088,29.141998,15.423248,31.190381394613297,37.59819,19.30706,1.1539150026626745,2.3265526,0.39077762
2022-03-26 09:00:00,21.32555244771413,27.2565,14.3697815,12.513293799307851,24.82658,4.3168936,1.1821747010657622,1.7872701,0.39552838
2022-03-27 09:00:00,20.39631635830102,26.536285,14.579254,7.800287214297681,16.790771,5.371911,2.707544596148037,3.4521248,1.5767787
2022-03-28 09:00:00,16.500786545655274,24.635284,12.777863,26.944198224121884,58.653507,10.012883,4.814201584689016,6.8163824,2.6528494
2022-03-29 09:00:00,13.334329083008868,14.603424,11.439362,65.46873181008037,88.57037,51.49616,1.238763698437857,2.2374346,0.7025635
2022-03-30 09:00:00,16.63671742999935,19.042877,14.089264,38.21839495429967,58.05151,22.946041,1.9425148646022135,4.5008,0.41396916
2022-03-31 09:00:00,17.696254911509982,21.300934,14.3815,41.72925769985931,67.1517,7.6423683,2.4352410645272604,4.9847956,1.3450648
2022-04-01 09:00:00,17.33651830303944,20.051422,14.252594,35.65644959895388,56.070618,26.014248,1.8339878556348135,3.3441026,0.9599494
2022-04-02 09:00:00,19.762620041449168,23.142975,15.359772,42.887632208045815,51.485973,33.891693,0.7622841320561496,1.8004965,0.33530155
2022-04-03 09:00:00,18.65180204352106,23.654205,13.976715,17.465876603232296,38.724903,7.9788094,1.5305010663510181,2.2022185,1.1138878
2022-04-04 09:00:00,21.00034454927345,26.011627,16.091217,9.642519415801948,19.222656,3.6980705,2.5742983171537244,4.7075934,1.6996064
2022-04-05 09:00:00,20.217167232493352,22.958893,16.978424,32.85539377527603,37.643814,28.44539,3.3125822721951375,4.750465,1.4492779
2022-04-06 09:00:00,21.50810172509017,23.73111,18.879547,13.120394811668154,26.721605,5.057543,3.430285445106089,5.0592403,1.6837838
2022-04-07 09:00:00,26.538043168199295,27.978668,23.502106,11.156420080728036,16.509623,5.12681,2.111952291914186,2.7495666,0.7627399
2022-04-08 09:00:00,29.38553193740188,33.611237,21.724518,14.36539396269174,17.070312,10.621311,1.401171600393805,2.1859508,0.8397136
2022-04-09 09:00:00,27.87404396129267,32.133698,20.924713,12.274424860057994,23.754387,2.9393997,2.660300560280589,4.7612205,1.608304
2022-04-10 09:00:00,23.0079063850157,25.731842,18.058014,4.103405353232379,9.458016,1.0673914,2.8341226809232962,3.7475975,2.1788254
2022-04-11 09:00:00,19.303847629841357,22.885406,15.145172,21.278559436178263,28.71656,15.281555,3.616614706425034,5.7827873,2.3255763
2022-04-12 09:00:00,12.988476397810587,15.105621,10.951324,33.113218816904066,47.050865,15.01571,4.309857406662038,5.9199595,3.4894602
2022-04-13 09:00:00,14.287933891742853,16.429108,11.966217,15.778525223211373,26.483435,8.850622,3.13756616758299,4.896793,2.2504296
2022-04-14 09:00:00,15.732538220876961,18.22818,13.357574,29.730268214963537,45.173725,17.00032,2.414928201913083,4.3057404,1.3077343
2022-04-15 09:00:00,17.40745892211197,20.815582,14.297028,61.36844001649462,73.44679,44.434464,2.186886029142884,3.397004,1.5515581
2022-04-16 09:00:00,17.88243051503065,23.490387,13.206696,54.64845889253131,61.51983,43.086235,2.9049814792832143,3.8318722,1.7155604
2022-04-17 09:00:00,16.712885024255513,18.284088,14.448151,14.16571162591706,28.261427,4.978324,1.1803748280339168,2.632922,0.45553514
2022-04-18 09:00:00,20.525941472080206,25.195465,14.578278,7.669786307100865,22.441513,-1.4114695,1.7783149511487124,4.15156,0.13955386
2022-04-19 09:00:00,19.432390701833754,25.092438,15.125153,19.95837403277097,35.52346,12.859396,2.553713565126268,3.1905348,1.6224921
2022-04-20 09:00:00,17.88825486614917,20.680817,14.240875,40.60243522545104,62.407135,17.848541,2.2840176641357153,3.381308,1.3989348
2022-04-21 09:00:00,17.974398909876868,22.675934,13.77359,34.43589699525847,42.70579,23.213795,2.756688844848516,4.098889,1.4841082
2022-04-22 09:00:00,14.3914586647428,16.739655,12.761139,75.55003362938078,82.56888,67.9941,2.664089980340912,3.4064353,2.082579
2022-04-23 09:00:00,16.41873596737196,18.75528,13.620514,31.013497414683638,55.686127,11.136981,2.7927558183229797,4.082516,1.7620599
2022-04-24 09:00:00,19.975784767835535,22.657135,16.9086,27.212880817158165,39.645203,18.414732,2.5991219687943787,3.558245,1.4350039
2022-04-25 09:00:00,23.197863972989296,26.066803,18.107819,16.27864485055453,21.888178,12.496105,1.7042119671419358,2.4226596,0.9718259
2022-04-26 09:00:00,23.39238069778088,28.345856,17.64444,13.034121575498604,24.716665,8.85729,2.0695325310665815,4.6273475,0.56047773
2022-04-27 09:00:00,19.595979764904314,25.070953,14.393219,22.9436500095653,35.533257,5.0527897,2.6329047642330785,5.125025,0.826
2022-04-28 09:00:00,19.844645699508476,25.522125,13.851715,10.305805126423463,25.213509,3.1158533,2.8693580227981843,5.661791,1.0855879
2022-04-29 09:00:00,18.723785059690783,21.631744,15.210358,13.748268058187168,23.418276,6.699929,3.196702489909783,5.014169,2.28244
2022-04-30 09:00:00,21.915447599413596,25.49356,17.401764,11.433919168040982,22.75076,4.9148207,2.640927821313231,4.2560983,1.25957
2022-05-01 09:00:00,23.178855256746544,27.568024,17.485992,16.652280357065653,25.418728,10.285915,3.0732430841339555,5.561277,1.7629079
2022-05-02 09:00:00,22.21946977679596,25.830475,16.509918,20.374877897248496,30.831022,13.265135,2.1177439478016096,4.4259596,0.952023
2022-05-03 09:00:00,22.103736232067263,27.112701,16.854889,18.520803858880036,29.857952,7.832244,2.47830893577644,4.211115,1.414275
2022-05-04 09:00:00,22.90374974248607,26.339752,17.673737,16.098823061941886,20.548279,9.956438,1.5817859875562164,2.2529438,0.7804759
2022-05-05 09:00:00,23.576588992070185,29.425446,15.871002,13.70135766848859,22.590183,2.9124308,1.7784909424928055,2.5175974,1.0492712
2022-05-06 09:00:00,23.43621140678613,29.424225,17.488434,20.599939070365245,28.430847,14.884089,1.738899877453749,3.4708261,0.79296184
2022-05-07 09:00:00,24.129298051338196,30.225739,17.206207,34.08203694435366,52.1578,4.684593,2.7866089611199865,4.8836837,1.5269918
2022-05-08 09:00:00,20.62790287308195,25.59439,14.695953,17.695921669791378,33.086857,4.6284456,4.075239391504533,6.646952,2.6518664
2022-05-09 09:00:00,15.775991284941426,19.680817,12.684723,22.1660073018159,39.285725,4.2907696,4.021711328398465,5.879728,3.0090942
2022-05-10 09:00:00,14.876694091759646,17.864166,12.57486,29.3782283994042,39.414227,20.695477,2.8218513087407624,4.347997,1.5127145
2022-05-11 09:00:00,15.513202546349191,18.274567,13.1197815,25.707801019090713,34.184113,16.542639,3.4938556922138804,5.109909,2.381563
2022-05-12 09:00:00,18.131663979520965,20.493073,15.51358,22.09412941455986,30.181572,7.8964148,2.9533274266545875,4.318022,2.210029
2022-05-13 09:00:00,21.576410866037918,23.799469,17.926422,24.48263583148761,28.288324,19.546137,3.1054782831207772,4.3858194,1.9604135
2022-05-14 09:00:00,24.10818008330233,27.494537,19.25821,22.014698885121696,29.835873,15.485217,2.988008370620466,4.1910124,1.6772305
2022-05-15 09:00:00,27.73856305160308,31.884918,20.822418,24.409664586521643,28.08012,21.48637,1.9552985457071859,3.8779554,0.857635
2022-05-16 09:00:00,25.683501442664863,32.45157,17.306793,21.596149469989882,29.903587,11.317651,2.833868084172805,5.4706054,1.4424019
2022-05-17 09:00:00,23.273542920684463,29.078522,15.737946,11.311860584526606,25.40501,5.0802965,2.818050962845242,5.2694387,1.358421
2022-05-18 09:00:00,24.990615648833284,30.10318,18.089996,16.885628198078575,23.686913,6.2836246,2.2875277269557337,4.2153525,1.2885009
2022-05-19 09:00:00,28.754283978009028,33.335114,20.249176,16.708802816592176,18.132397,14.456616,2.3336261048723226,3.9334705,1.2533683
2022-05-20 09:00:00,27.689645256083054,33.368073,17.836823,20.43578229192658,28.716965,12.896651,2.1216557783952155,4.6141872,1.4915133
2022-05-21 09:00:00,22.500285020900662,27.673004,16.401276,23.43359929087944,30.099087,14.91909,1.507414022920963,1.929162,1.0986711
2022-05-22 09:00:00,22.11538333026033,27.200348,15.866119,17.462284728682963,22.32605,12.355297,1.6905045404780792,2.1751008,1.1261746
2022-05-23 09:00:00,25.276297975707564,29.663483,19.24649,18.158653443284265,20.297873,15.585076,1.769867363087055,3.5017104,0.5414105
2022-05-24 09:00:00,26.447423598302862,31.32901,18.868073,23.43084199116892,25.458714,20.50597,1.8771165614273866,2.7771769,0.9444965
2022-05-25 09:00:00,27.71153866035047,34.877594,17.64444,18.903887532534856,21.58069,16.338503,1.2371952131948107,1.6556922,0.55250275
2022-05-26 09:00:00,24.900999991453887,33.756744,16.137604,18.078888182007475,23.810463,13.681556,2.1083350532321647,3.728413,0.8589514
2022-05-27 09:00:00,21.25382178168593,31.49942,14.579498,16.83562942717419,36.170395,10.69025,2.0999655913439517,3.6912434,0.38786882
2022-05-28 09:00:00,22.07897879587631,27.942291,16.612457,29.945033921968115,47.24639,15.648735,2.281397470040776,3.1327844,1.6387202
2022-05-29 09:00:00,21.911044832388825,26.747955,17.213287,33.845505619035826,59.63491,9.496083,3.056846543627288,4.704246,2.1789796
2022-05-30 09:00:00,22.400339885874757,25.622223,17.215973,17.179017820271895,23.50129,11.321602,2.981385640852775,5.0326624,1.7767274
2022-05-31 09:00:00,22.154049460698104,26.467682,16.703033,21.443723961521147,28.299541,14.978768,2.594752132134351,4.32546,1.5245571
2022-06-01 09:00:00,24.960033851973662,27.573883,20.181305,19.220465231609733,21.627844,14.073281,2.1698744769349707,3.0801125,1.4037274
2022-06-02 09:00:00,27.253430794015685,31.934479,19.210358,19.532131722867295,20.789614,17.134552,1.355400191617739,3.0937505,0.55588406
2022-06-03 09:00:00,26.341375820786936,31.592682,18.861725,27.50598062410496,29.902863,22.308998,2.2191511413754137,4.2411785,1.2499342
2022-06-04 09:00:00,22.88016311248299,29.295563,16.10025,20.731092756051726,44.385944,6.962386,2.3512623395277505,3.5387747,1.7422998
2022-06-05 09:00:00,24.054412134319648,29.227936,18.44815,44.64974825320605,49.170105,36.945705,2.147067119032999,3.2419932,1.4146678
2022-06-06 09:00:00,24.949172153259838,30.32022,19.512115,40.73328451129462,60.7718,9.490772,2.4650960908420334,4.1393785,1.6665006
2022-06-07 09:00:00,26.62861646891895,31.477936,20.040924,5.570183934269034,19.546097,1.362504,2.487516431451189,4.0993023,1.4497379
2022-06-08 09:00:00,28.20630843357867,33.98233,21.138092,9.851348409053228,15.085247,4.8272305,2.405802708934825,4.3579574,1.297129
2022-06-09 09:00:00,28.44448292577198,33.611237,21.001862,29.83091894900156,43.191742,14.135035,2.2944039379607277,4.030145,1.3655841
2022-06-10 09:00:00,30.4730847077725,34.91153,21.364655,28.00363985599355,33.545536,24.27981,2.08540050889408,3.0945604,1.1982944
2022-06-11 09:00:00,31.783604781912175,38.090485,21.317291,21.824664329984095,28.64481,16.205345,1.314937145761708,1.9216403,0.45958212
2022-06-12 09:00:00,32.401625167907866,38.5795,20.87442,16.679611178142284,20.896942,9.389129,2.107150325784244,4.0131664,1.4084324
2022-06-13 09:00:00,26.15584180010751,32.049713,19.509186,24.031317401181585,47.00857,3.3212156,2.7488096349012925,4.6890855,1.652695
2022-06-14 09:00:00,25.19642322340985,28.123688,20.64151,8.705548129538935,16.890388,2.7295666,3.1382563480580172,4.631891,1.9247499
2022-06-15 09:00:00,27.559936691405085,30.537506,22.463043,11.820097025879305,14.32438,9.965005,2.7548897061335813,3.574805,1.4772561
2022-06-16 09:00:00,29.13630681627035,34.328766,20.346344,15.388186006636014,19.928259,11.600765,1.8530921249864987,4.1805058,0.84167373
2022-06-17 09:00:00,25.687215232488597,32.759674,17.42569,4.018710413410879,18.24403,0.05653,3.027805730794007,5.4663677,1.4116836
2022-06-18 09:00:00,19.919159443584988,23.487946,16.51065,30.39210990305928,54.538994,2.4473696,2.6510674694748126,4.4137225,1.5197616
2022-06-19 09:00:00,21.996056550471167,25.565094,18.096588,32.273149385071726,40.41695,12.229426,2.5242518351598675,4.4425735,1.4793314
2022-06-20 09:00:00,24.523593264408532,27.555328,20.234528,25.923573297784213,32.53785,15.829417,2.7570254106358347,3.898294,1.7764932
2022-06-21 09:00:00,28.61909513938639,31.48648,21.944244,19.148379932959102,24.016636,15.673677,1.560174783330619,2.288919,0.8399411
2022-06-22 09:00:00,27.932569886125066,34.577545,19.923248,15.402176634700286,20.554926,7.2591076,1.3055661687207971,1.8530619,0.17948185
2022-06-23 09:00:00,25.779724788391604,29.571686,18.917389,23.977612115393526,34.05242,17.103203,1.138904836624058,1.7247373,0.18866618
2022-06-24 09:00:00,26.96063247789175,33.60855,18.575348,21.21109535554604,27.57571,12.341334,1.6960523970780046,2.294304,1.0519538
2022-06-25 09:00:00,26.947475664965907,34.693268,17.484283,21.859009657958204,26.522182,17.869839,1.680442174806174,2.1737354,1.1989639
2022-06-26 09:00:00,28.121489072992517,36.23477,18.467194,18.641556945197465,22.499893,13.172671,1.7773469238076902,2.5734923,1.0347605
2022-06-27 09:00:00,29.173184375588676,36.94742,18.894684,18.0038196769983,20.31451,14.3352165,1.310797979926416,2.4240496,0.5656434
2022-06-28 09:00:00,31.539454526921645,38.65152,21.662262,14.063077343901194,18.581413,7.9154663,1.0651059622291463,2.7055564,0.2289919
2022-06-29 09:00:00,30.766801532333204,37.593903,20.000153,14.976291876375699,19.56594,9.744452,1.8150433343817383,2.6504743,0.93323624
2022-06-30 09:00:00,26.560392495395035,33.937164,18.761383,5.481080857407321,17.40098,2.80723,2.3309926740782707,3.2394843,1.3254201
2022-07-01 09:00:00,24.801050557678593,32.52896,17.4357,5.969646739797176,10.752947,1.8349781,2.004887891060482,3.461916,1.1655926
2022-07-02 09:00:00,24.884690531685862,32.772858,17.257233,11.406618810250935,25.212734,4.1423206,2.500379710842351,4.1060133,1.7213801
2022-07-03 09:00:00,23.63563788501631,30.83194,17.045563,12.498811579122297,17.72685,8.3206005,2.6620189865947324,4.9691086,1.4815133
2022-07-04 09:00:00,23.990522606254444,29.145416,19.078278,30.550539684954536,46.05851,17.253822,2.229295940905485,3.9885638,1.3562812
2022-07-05 09:00:00,24.45669279848596,30.52237,18.108551,44.78473542460687,53.982567,35.07155,2.30222064371855,3.3193743,1.0220187
2022-07-06 09:00:00,24.041422604802392,30.955475,17.824615,44.805734878814214,58.151176,34.19361,2.3693710056402213,3.6564786,1.1038071
2022-07-07 09:00:00,24.73261067726048,30.722076,18.790192,36.518576639543845,54.304886,23.222855,1.7775897642272078,3.487768,1.0569541
2022-07-08 09:00:00,26.309836924482624,32.15152,18.783112,39.54058847997483,50.43751,15.82742,1.4227874986058386,2.2766333,0.9234528
2022-07-09 09:00:00,26.166234652600338,32.778473,18.969147,20.151737431019438,35.365902,7.7213717,1.801333471287875,3.5591078,0.956041
2022-07-10 09:00:00,27.456558049645537,33.50406,19.88272,23.86595647941739,34.47937,10.748901,1.8051803837068512,3.85887,0.6070669
2022-07-11 09:00:00,27.557032053528815,34.957672,18.22525,20.9539404357206,25.731918,13.753332,1.544163640717824,2.5313036,0.78466487
2022-07-12 09:00:00,26.412351251449536,35.827545,17.434967,19.04206028252871,30.330036,7.466755,1.9803058668184201,3.0981295,0.9494705
2022-07-13 09:00:00,24.70839516986564,34.310455,16.783112,9.248598129628864,33.89049,1.0802784,1.8195915131032736,3.220595,0.62678576
2022-07-14 09:00:00,26.903003771307,34.339264,18.34903,11.573932261089151,26.682995,1.5649586,1.490716591478276,2.5993001,0.7875786
2022-07-15 09:00:00,28.506025438220604,35.70645,19.461578,22.86262083418231,30.59065,12.859447,1.6220251094426634,3.0237331,1.0263
2022-07-16 09:00:00,29.231200072825004,37.11075,19.585358,21.2224716059176,26.115746,15.310822,1.4609336480817499,2.645172,0.6079662
2022-07-17 09:00:00,30.129339715207152,38.68033,20.490387,11.938699408712734,18.255154,4.6637497,1.6660206458041504,2.2423565,0.974947
2022-07-18 09:00:00,29.267276495649696,38.541412,19.519196,23.766448153001775,27.808182,20.1189,1.838024596385173,3.3242373,0.646619
2022-07-19 09:00:00,28.480512888727276,35.706207,20.497467,23.516306410973677,34.579124,13.388667,1.433502436141756,1.9394951,0.90379435
2022-07-20 09:00:00,28.235425704640022,35.927155,19.511139,19.40593268233362,21.287289,16.879742,1.5978318901590303,2.2406533,0.95502836
2022-07-21 09:00:00,28.395212642603383,36.800446,19.339996,18.92203705954546,21.548063,15.764037,1.5927728922819,2.7265098,0.7355374
2022-07-22 09:00:00,30.682824688778908,36.766266,22.992096,7.948145137592399,11.350954,6.800173,1.5512564402178197,3.1998727,0.311489
2022-07-23 09:00:00,31.57720298970071,38.093414,22.032867,8.606000870662331,9.97689,7.158677,1.97747990619756,4.0720787,0.8388689
2022-07-24 09:00:00,27.92510589778317,36.22989,18.614655,4.77109598722028,10.43439,1.4461088,2.1043111170733284,3.4418,0.8254447
2022-07-25 09:00:00,24.936731456338975,35.301666,16.457916,3.6235593819417544,14.924583,-0.042092323,2.1008599436926882,3.030373,0.83946055
2022-07-26 09:00:00,24.90826722391398,34.402496,16.603668,11.38580522140071,28.11576,5.874408,1.747247518123801,2.7393377,0.78149635
2022-07-27 09:00:00,24.736746154765342,34.24991,16.85733,16.071286647780994,27.558708,9.299919,1.8751883916518324,2.887785,1.3005592
2022-07-28 09:00:00,26.9010255349433,35.894928,17.7211,20.135631338697717,22.977573,14.787993,1.7241145488828942,3.2929382,1.1104586
2022-07-29 09:00:00,27.657332309329945,36.676178,18.543365,12.296268019627563,25.178797,5.270482,1.629306940819595,2.1583033,0.9580065
2022-07-30 09:00:00,26.477879029051508,36.64981,17.454498,15.24195290899982,22.209473,7.8670874,1.8854956684612312,2.8093357,0.51105434
2022-07-31 09:00:00,26.951653929559882,35.912506,19.55777,22.406903845370348,36.392487,15.355411,1.794809804818005,3.197571,0.104397506
2022-08-01 09:00:00,27.133924940805457,34.981842,19.71939,31.599711673125007,39.685528,26.806057,1.3733413676803312,2.354648,0.5733579
2022-08-02 09:00:00,27.884893777045022,35.03897,20.04483,35.601808881633985,43.544025,28.598713,1.5681578185297138,2.1863296,1.0226848
2022-08-03 09:00:00,28.01234207443082,34.89981,20.339752,39.130570606584826,42.97173,36.4468,1.4427498110549808,2.5002275,0.7101305
2022-08-04 09:00:00,28.57463988395517,36.40396,18.811188,39.169042952609495,41.7128,35.509674,1.8930461824341978,2.8105485,1.2668829
2022-08-05 09:00:00,25.572003039557046,34.764557,17.52237,36.50255393145263,41.856163,28.106163,1.918314268182709,2.9669113,0.3214734
2022-08-06 09:00:00,24.42641792362349,31.683014,18.455963,13.908713334071516,31.621176,6.72694,1.9624426799829098,3.299146,1.1566622
2022-08-07 09:00:00,27.001645214660698,34.217926,20.415192,10.45822564530251,24.1731,3.071538,1.743460688395509,3.868057,0.7335838
2022-08-08 09:00:00,28.543353217983565,34.863922,20.5065,21.690690159649474,32.209312,9.717124,1.895624451421001,3.5408437,1.0828713
2022-08-09 09:00:00,28.283067596643377,34.57657,19.969147,20.930108479312583,40.35622,10.35794,1.7893337966496767,3.0903509,0.6632883
2022-08-10 09:00:00,27.113225975802038,34.07852,20.355621,14.904645905449291,28.480453,7.2304525,1.5392103229395322,2.9597416,0.7559886
2022-08-11 09:00:00,27.71851232846177,33.582428,20.24649,20.63039532595148,33.119446,7.7424393,1.4465494080754409,2.948271,0.8269206
2022-08-12 09:00:00,28.152300092603923,34.232086,21.374908,20.003792593454136,33.220577,4.5071564,1.6125932839135866,3.3748083,0.47939816
2022-08-13 09:00:00,30.106744712640193,35.622223,23.44571,16.51182405888987,24.228613,5.5667143,1.6082365443162716,3.7067425,0.22057098
2022-08-14 09:00:00,29.87595282945938,35.2836,22.234772,15.095266698092741,20.10852,6.7103205,1.684100842479101,3.853636,0.33849567
2022-08-15 09:00:00,29.21999641196112,35.76236,20.090485,15.901798411976456,18.310871,10.123548,1.3463717842940108,3.1408863,0.49571547
2022-08-16 09:00:00,29.160667215238675,36.563873,19.401764,16.001675058812964,18.688936,13.370388,1.201051628166808,1.8197395,0.5367733
2022-08-17 09:00:00,29.490118740247567,38.171295,19.606842,14.069386037841861,17.223408,10.805439,1.3184632100431861,1.8934526,0.72141606
2022-08-18 09:00:00,27.774440092244276,36.709625,18.588531,19.15919241022712,24.414204,14.984503,1.6094457322273765,2.437696,1.0865127
2022-08-19 09:00:00,29.08555652538729,36.682037,20.917633,21.024813224330256,22.498766,19.209703,1.439105487502056,2.758098,0.5891724
2022-08-20 09:00:00,29.844196977922422,36.512848,20.325348,12.25703114452903,17.80551,6.1453533,1.6867575282241902,2.184534,0.9162404
2022-08-21 09:00:00,26.482379251806492,36.721832,17.856598,7.750876147353372,19.009497,5.001684,1.8197036023860182,3.169899,0.62917805
2022-08-22 09:00:00,27.25522384804799,35.792633,19.483551,10.140268663876423,13.624016,6.7241955,1.3953389668368346,2.3210685,0.7321771
2022-08-23 09:00:00,29.889462371873776,36.28189,22.027252,12.775268606865206,17.836735,10.055484,2.04527715496677,3.881665,1.281257
2022-08-24 09:00:00,29.499737312805564,36.965973,19.30191,16.151354445672666,26.187878,4.8323107,1.3580060572253358,2.274091,0.5257525
2022-08-25 09:00:00,26.392502394970393,36.141266,18.024078,14.332435359811164,32.236744,5.12737,1.5663102019630375,2.7611334,0.44026887
2022-08-26 09:00:00,26.491646266247244,35.822174,18.384674,9.358974140854096,31.677551,4.8533325,1.521125312720785,2.3132765,0.6161649
2022-08-27 09:00:00,26.523841872163985,36.023834,17.748444,15.199786630157208,25.814274,7.9077597,1.7401440626318958,2.6284502,0.4684089
2022-08-28 09:00:00,24.98759308536694,34.263092,16.866608,15.344931497201843,37.95662,4.791394,2.1064876192127993,3.3094604,0.7091167
2022-08-29 09:00:00,23.996235634843345,32.068512,17.046295,21.744420177052415,36.41752,16.276741,1.6759120845299376,2.6138256,0.42320576
2022-08-30 09:00:00,25.144408222174775,33.216217,17.620514,9.32240127139273,27.001461,3.624198,1.3322273253941996,2.3657994,0.37276447
2022-08-31 09:00:00,28.402222972700656,35.99356,20.271881,10.467821644072641,23.067749,1.1293459,1.2865970447863475,3.138111,0.15523495
2022-09-01 09:00:00,31.451793390408,36.566803,23.83902,13.305380316379827,17.590633,9.59454,1.4604079533083103,2.6209583,0.41986278
2022-09-02 09:00:00,33.48286157273054,38.470123,25.434967,13.674344948898055,17.031761,10.464212,1.141001609505271,2.875434,0.04404365
2022-09-03 09:00:00,33.75471074285241,39.53604,25.468414,18.675915170519016,21.34377,16.266333,1.7993267504994488,3.2032838,1.102136
2022-09-04 09:00:00,34.405205750113566,38.995026,26.267487,15.168790617605689,17.095078,13.650474,1.0980318387336485,2.2963462,0.25546473
2022-09-05 09:00:00,34.520949418834505,40.38492,25.282623,17.80461017022604,25.62513,13.179816,0.9273894025583014,1.6192547,0.2597557
2022-09-06 09:00:00,34.219559935623806,42.067535,25.223785,18.0963051606085,21.237926,14.605114,0.8514101610924413,1.5458448,0.23478352
2022-09-07 09:00:00,32.10852345494567,39.997223,24.275543,16.426416557117403,19.091232,12.974044,1.1411853241912848,2.3871002,0.3878757
2022-09-08 09:00:00,32.75352267908977,40.169098,23.52237,21.994791515366558,26.10294,20.046434,0.8670267061323591,1.2192099,0.32607207
2022-09-09 09:00:00,31.44670131981627,36.98575,25.494293,20.936494510884792,24.57122,17.964443,0.5956398431881629,1.1710906,0.12096649
2022-09-10 09:00:00,30.12898982188426,36.545563,24.108063,31.752862893190095,39.41464,21.820889,1.852911296201379,3.4510353,0.56501716
2022-09-11 09:00:00,26.09433746139888,28.885895,23.639801,62.08854362950898,70.40386,54.24202,1.045210110488854,1.2609751,0.85825217
2022-09-12 09:00:00,27.91745913757893,33.51773,22.318512,49.67022427298601,59.84737,41.693096,1.2508905058092568,2.1527064,0.33723122
2022-09-13 09:00:00,26.275825296769597,31.940338,20.608307,26.820117693778542,47.56726,9.746949,1.9449620993450978,3.709107,0.83270466
2022-09-14 09:00:00,25.023910824631912,30.793121,19.3732,20.243632027048537,31.019115,17.79646,2.1909635190771763,3.9688692,0.68466955
2022-09-15 09:00:00,23.212931024112436,27.61905,19.23526,39.84022216690072,53.25979,22.595825,2.0610876643863336,3.8000362,1.025779
2022-09-16 09:00:00,23.44928782579035,27.400543,19.634918,35.480630032656805,45.02981,16.49075,2.033645050609045,4.17721,0.7606571
2022-09-17 09:00:00,24.30291211412242,28.70401,18.778229,28.870779938969363,44.322983,16.570889,2.032285641822904,4.3206997,0.49570584
2022-09-18 09:00:00,21.963484566971715,26.747223,18.350983,19.37974017388127,37.227028,15.472495,2.714146154358893,3.95199,1.1616355
2022-09-19 09:00:00,19.612702110014425,24.624176,18.02066,71.61781706870678,86.13351,35.531944,3.2511948619304394,4.6319537,1.449773
2022-09-20 09:00:00,19.828241496674877,24.50772,17.640778,59.68801341678294,77.339966,48.613403,1.6199588815927453,2.4450817,0.8211353
2022-09-21 09:00:00,21.51145877014642,25.584137,19.090485,52.35078828319578,57.30271,43.665993,1.4616330553891008,2.1908941,0.56588745
2022-09-22 09:00:00,22.859631152391387,25.069733,21.574127,36.177009675114746,49.04052,27.341301,1.75296624227707,2.747978,1.2452638
2022-09-23 09:00:00,24.652093174839308,26.309967,22.497955,19.845380501899893,25.432774,11.525539,2.1005574614442617,2.7343266,1.3316169
2022-09-24 09:00:00,27.285805973425,30.901764,21.860748,17.436454555489018,28.402937,5.9266253,0.6723268451596891,1.5668396,0.3171708
2022-09-25 09:00:00,25.337203945306783,31.508453,19.279938,20.980894826248917,30.860565,6.5735083,1.3049290724153013,2.6409278,0.5879175
2022-09-26 09:00:00,25.57784107121779,33.387115,18.861725,33.75391438238083,38.498787,26.114069,1.3956004888208198,3.2645879,0.49937668
2022-09-27 09:00:00,26.712194103031493,34.38858,20.035797,9.788352361419458,23.319038,0.29888153,1.2206182180790572,3.4700453,0.14345935
2022-09-28 09:00:00,27.80997414169019,32.88492,21.284332,17.556474105312546,21.097197,13.901884,1.5663012958980824,2.9443257,0.15427844
2022-09-29 09:00:00,27.945166223300987,32.988434,20.953278,16.182142523323673,23.030087,11.81612,1.2285897551620535,3.3497653,0.20834154
2022-09-30 09:00:00,25.084239414398667,30.90274,18.787506,21.715460178208126,34.067837,9.239909,0.8547981407519518,1.734497,0.42508742
2022-10-01 09:00:00,23.20499545532192,30.148102,16.997955,31.822057335616876,39.10157,22.359447,1.3892686680534807,2.1980772,0.6058842
2022-10-02 09:00:00,21.664744142697828,28.751617,17.2836,29.218809837979602,45.150387,17.513668,1.6237628014953034,2.382489,0.7113445
2022-10-03 09:00:00,23.777329974776478,28.7836,19.086334,29.510093211257093,43.00978,11.35795,1.2068215154538122,2.5920043,0.09535067
2022-10-04 09:00:00,25.544188780454988,30.21231,20.302155,14.34112324739752,23.062075,8.538637,1.8282651479710785,3.1832201,0.6299224
2022-10-05 09:00:00,25.710809638544333,29.620514,19.356842,15.124189092188642,17.481756,12.864533,1.008868116325074,1.6368856,0.2912089
2022-10-06 09:00:00,25.741289972839297,31.142975,18.500397,18.207170986507844,24.592705,13.055822,0.7388832906534663,1.74752,0.18444929
2022-10-07 09:00:00,25.791697446999308,31.160065,19.755768,19.535437452609195,23.490326,16.714571,1.3350093282865927,2.6477656,0.53328574
2022-10-08 09:00:00,26.320699505729067,31.747711,19.351227,20.92445032169934,23.836735,17.72743,1.003996176158816,2.1073544,0.22176611
2022-10-09 09:00:00,23.979692541727275,31.264313,16.48111,20.996357380017965,24.386953,18.320547,1.1646085728216198,2.2613258,0.24882378
2022-10-10 09:00:00,23.28438769695822,30.63028,15.946686,18.79376679565575,21.71651,16.100311,1.2510367539438543,2.547678,0.1973218
2022-10-11 09:00:00,23.100071821441475,30.386139,16.222076,20.930518342738267,28.45275,17.494144,1.21253333629135,1.7909114,0.47547442
2022-10-12 09:00:00,22.26088498729939,29.472076,16.74527,20.36180513559962,28.079704,16.653923,1.2045814759526747,1.8712535,0.41787818
2022-10-13 09:00:00,22.801055627897426,28.73233,17.65445,23.741134482526782,28.279247,16.881084,0.8884332032592869,2.2110856,0.15149175
2022-10-14 09:00:00,23.254886377162848,29.046051,16.700348,18.591910671192018,22.765472,14.867034,0.9031241570555004,2.0383394,0.15083328
2022-10-15 09:00:00,21.7333689225606,29.032623,15.944733,20.62760910144645,31.504116,14.6681795,1.4950528698293064,2.1663651,0.38636371
2022-10-16 09:00:00,19.766085746291083,24.941315,17.270416,24.788110863965436,42.05178,10.094748,1.520547392960298,2.1134305,0.7339757
2022-10-17 09:00:00,21.825223179661748,25.846588,18.246979,16.378126139960106,36.488266,6.5702972,1.1964616248600257,2.8041708,0.1343597
2022-10-18 09:00:00,23.558382537767955,26.500153,20.27066,15.438428307548861,35.161655,7.8097763,1.4104310042481967,1.8358864,0.6946508
2022-10-19 09:00:00,26.308746516683527,28.192535,23.44522,23.388191850508907,28.42631,18.861176,1.9001627674759793,2.616574,1.1904862
2022-10-20 09:00:00,28.125277433210556,30.656647,22.186432,17.647322573077385,21.766628,14.801785,1.192030705733538,2.1252687,0.60635895
2022-10-21 09:00:00,25.70539128026934,30.01944,20.267487,17.682581785700503,23.153103,13.649767,0.8164389541376014,1.239407,0.117945276
2022-10-22 09:00:00,20.87630900270443,27.891998,16.74942,16.10014422518046,24.774498,12.270592,2.052574297828335,3.0807436,1.3274794
2022-10-23 09:00:00,17.830678850064317,20.305084,16.303131,29.05823926143524,46.46259,2.9917707,2.2936998060330027,4.5994606,1.1516227
2022-10-24 09:00:00,17.684072667847545,18.735748,15.539215,16.851504216796954,25.497744,13.224306,2.1641126883355244,2.775046,1.3183485
2022-10-25 09:00:00,20.175578650310683,21.224762,18.266266,15.440618655585357,18.904015,10.481824,1.2251516794617612,2.0150056,0.73749304
2022-10-26 09:00:00,19.921107609565922,22.628815,17.246002,12.569346066250935,29.082958,2.8876467,1.8160043659458684,3.684358,0.80421543
2022-10-27 09:00:00,18.4208316911583,20.115143,16.45694,15.196109234357197,23.145844,8.758125,2.01821258653639,2.5704794,1.2718539
2022-10-28 09:00:00,18.95384859710839,21.333893,15.677643,23.139270670778362,35.45687,11.261559,0.651477725353032,1.7204441,0.07973188
2022-10-29 09:00:00,18.44826767091672,21.819244,16.680328,30.468322740264316,37.21387,21.833254,1.2756912910432958,2.4970796,0.5565996
2022-10-30 09:00:00,19.072092694656476,20.752594,16.63736,19.25930195336855,25.074787,16.402912,2.334466012700178,3.9482958,0.89230037
2022-10-31 09:00:00,19.774468180908286,21.497955,17.781158,13.077211149836089,18.753212,6.206336,1.5878263308431138,2.5983925,0.2951552
2022-11-01 09:00:00,17.742450417525788,20.955719,14.7604065,6.325651589137985,23.0393,1.1018009,1.602641411906853,2.3013463,0.98314047
2022-11-02 09:00:00,14.517767544674882,18.419342,13.31778,47.44352072816481,68.77865,28.686703,2.185479323477292,3.3932593,1.2206185
2022-11-03 09:00:00,12.610421778483897,13.79776,10.700104,58.95849910761283,79.62224,42.539062,3.042386515716571,4.2659006,2.2536159
2022-11-04 09:00:00,12.96079598346654,14.458405,10.7604065,22.742711029906797,29.478146,12.829709,2.0312778618736957,3.1480112,0.70601475
2022-11-05 09:00:00,15.332003316491807,17.71988,13.077057,24.235587938804,30.87516,17.004066,1.8650876526040654,3.457582,0.5948406
2022-11-06 09:00:00,17.06674241575587,18.960114,15.885895,34.745512256617836,61.274345,13.750908,1.140476262149255,3.002694,0.098171756
2022-11-07 09:00:00,16.551872732358788,19.665192,14.522614,75.84328096661513,81.96749,56.934868,2.2495263554527436,3.4239542,1.1229649
2022-11-08 09:00:00,13.064579128770902,14.434753,11.553253,54.35146815076432,80.64294,44.77002,3.4008882069480406,3.8309715,2.326759
2022-11-09 09:00:00,10.810696119316617,13.081665,7.6767273,74.29531921140442,86.758766,65.008766,2.4741824099798517,3.362532,1.3222535
2022-11-10 09:00:00,12.537138782522788,14.586395,9.037567,29.59401002427607,44.684246,14.619368,2.489104798628044,3.6684752,1.1687083
2022-11-11 09:00:00,13.51664780735888,15.966156,10.639496,14.090324367554768,19.145842,8.982442,2.1792689459686585,3.1478965,0.6880653
2022-11-12 09:00:00,14.97876061058821,15.828033,13.445221,14.516971046682729,31.198177,8.741145,1.0911576304237274,1.8123367,0.1593561
2022-11-13 09:00:00,14.675668690677014,16.098877,13.188721,47.3542770991858,66.63193,25.65543,2.2300430379910994,3.3468773,1.5161765
2022-11-14 09:00:00,13.77358719464928,15.380768,11.575531,6.484669877197396,15.392686,2.799611,1.4470622458353937,2.1207197,0.3298843
2022-11-15 09:00:00,14.677640215140002,16.100983,13.263092,13.848514134880812,29.443062,7.10007,0.8068738966153632,1.1310622,0.3059763
2022-11-16 09:00:00,15.68099921345032,17.421234,13.688995,13.599109407030026,17.426222,10.363722,2.3906022155356648,3.7069857,1.1731658
2022-11-17 09:00:00,17.18254906099139,18.383453,15.065094,8.24253993130531,10.576607,6.9261417,1.6171938752788837,2.2790127,0.5233515
2022-11-18 09:00:00,16.2607566609517,18.131744,14.471588,7.305944377199924,10.420484,5.744752,1.635721166042723,2.7518857,0.30644277
2022-11-19 09:00:00,15.306364005095247,16.790314,12.936798,13.608305041500005,17.453266,9.885195,2.307441353914758,3.37145,1.0644644
2022-11-20 09:00:00,16.701363313865045,18.102875,14.700531,9.95097363175529,12.035593,8.172291,1.9012467358547482,2.4444394,0.5185841
2022-11-21 09:00:00,16.676764252486976,17.963806,14.852478,7.91742437079386,9.885669,5.707531,1.758147450289837,2.469126,0.27564004
2022-11-22 09:00:00,15.875756543289356,17.63858,14.41983,4.485940803804519,6.9620504,2.4013205,1.6718820656953461,2.3254185,0.24851155
2022-11-23 09:00:00,15.802247171327338,16.80484,14.031403,6.339003749541355,9.11664,2.0775774,1.9986079487807238,3.6128373,0.36128095
2022-11-24 09:00:00,16.526816897390006,17.413239,14.944489,7.07730290443588,11.633571,3.8331127,2.1290523441129134,2.951792,0.9061405
2022-11-25 09:00:00,19.90011325133787,21.86856,16.354889,8.33433829759363,10.462438,6.7472353,0.9287772583747795,1.5792977,0.33699313
2022-11-26 09:00:00,18.988560001208555,21.348785,16.971832,8.730263345042339,10.775872,6.843997,0.9659540896783029,1.8122498,0.11732724
2022-11-27 09:00:00,16.859754249766638,18.130524,15.364899,12.969758690699768,15.672333,11.1684265,1.3712186720937372,2.0378091,0.19763005
2022-11-28 09:00:00,15.771908015786778,17.079987,14.372955,18.020456630458032,25.256365,14.472801,1.0164446252775334,2.4013968,0.46436632
2022-11-29 09:00:00,14.17097435565438,15.310394,12.878754,17.661538516489447,31.046463,9.2105255,2.3493885643626267,4.195725,1.3352228
2022-11-30 09:00:00,13.015789496583238,14.073975,11.773193,23.494931455662837,48.716927,11.611457,0.8498881358540876,1.401429,0.07267755
2022-12-01 09:00:00,12.872426403135137,15.584595,11.514282,72.88868300673896,89.59925,33.95129,2.015568502596068,2.692158,0.5412793
2022-12-02 09:00:00,11.132305685584583,12.710724,9.813538,62.98803896533471,89.70152,12.099964,1.1584190644007317,2.1566434,0.34853745
2022-12-03 09:00:00,13.056668355176498,14.183014,12.206451,77.39042805567455,86.43236,65.397446,1.9395614374612384,2.8661056,0.59680885
2022-12-04 09:00:00,13.859180776114215,15.595367,12.940704,69.35782461401969,81.04009,52.193596,3.2068694784426133,3.969707,1.5211527
2022-12-05 09:00:00,13.841551560174082,14.913727,12.402008,59.17287760630179,83.5412,42.84076,1.6696600038496632,2.3426828,0.95394593
2022-12-06 09:00:00,13.021635298202227,14.186554,11.057648,41.09656162146951,57.21351,27.713509,1.0841602771317354,1.5057349,0.24867146
2022-12-07 09:00:00,10.767623770163766,12.675018,10.092987,63.8024957630807,73.89155,53.89545,0.5053386389572636,1.0081209,0.14347135
2022-12-08 09:00:00,11.879559392136514,13.086273,9.189789,49.692810614573574,63.760067,38.853817,0.5170030552832157,1.2144921,0.1013305
2022-12-09 09:00:00,11.646467933741178,12.667145,10.102753,39.001088731909725,49.685455,26.947174,0.35067440142538114,1.029927,0.045287825
2022-12-10 09:00:00,13.35523604623063,14.370972,11.07605,67.36750427680423,85.97091,40.02637,2.6439236133282127,3.9937031,1.2682476
2022-12-11 09:00:00,13.576244553402603,14.929993,11.698212,62.90874081879774,70.53137,52.879032,5.878874888784223,6.6417146,4.267602
2022-12-12 09:00:00,9.422490309241596,11.371429,6.799164,68.7871876764983,79.145615,63.046402,1.6003110354242103,2.3940208,0.80473185
2022-12-13 09:00:00,10.060284867652001,12.793488,6.6040344,45.80900486207551,57.949974,35.14138,1.6092797983925489,2.6736643,0.92561555
2022-12-14 09:00:00,10.46132448304229,13.251251,7.4719543,22.690551478100332,30.944513,18.538015,1.5463225452365508,2.504687,0.33105403
2022-12-15 09:00:00,11.747438425748612,13.903717,9.423248,16.9359691322364,23.95006,12.663766,1.1889923382776566,1.6609687,0.24114048
2022-12-16 09:00:00,11.970846217786743,13.53537,10.343964,22.450089609768096,25.3097,18.192513,1.2020372253573066,1.5658504,0.4644146
2022-12-17 09:00:00,13.904241133527819,15.80957,12.319336,19.063598574679972,24.3471,11.067822,1.4062469575812209,1.7871515,0.21716963
2022-12-18 09:00:00,12.083915445989817,14.271759,9.834259,16.24655825087865,24.148342,13.370999,1.270514742536524,1.7765034,0.120994344
2022-12-19 09:00:00,11.123360881718838,13.03479,8.862915,9.340944301160475,15.781397,2.347803,1.1799625167674692,1.5669535,0.41825747
2022-12-20 09:00:00,11.26591237627838,12.00882,10.168976,22.5836116436735,29.54794,6.986033,0.9174325017858311,1.485681,0.22748499
2022-12-21 09:00:00,12.580114647025027,14.502045,10.638763,25.965701406718946,32.244877,15.6031,1.9666900900932227,3.5548341,0.44853455
2022-12-22 09:00:00,12.223336755076616,15.102783,9.862549,34.734899537769415,43.143524,27.11282,2.163385540714146,3.9582438,0.52312255
2022-12-23 09:00:00,13.145624163641514,14.786896,11.466583,42.52516549868953,50.397507,31.98735,1.2434675936056947,2.3032994,0.13239577
2022-12-24 09:00:00,13.476735190353452,14.897736,11.458282,13.736086739452514,21.666374,9.756219,1.9617360606092589,3.5202637,0.2739372
2022-12-25 09:00:00,14.940688786071235,17.087585,12.034851,12.140186592342328,16.483397,9.01074,2.596709090214754,4.357609,0.42362648
2022-12-26 09:00:00,15.37759475367045,17.560913,13.639038,15.804542142808957,19.040554,12.493678,1.6429221171277397,2.5225987,0.549108
2022-12-27 09:00:00,15.31168401449969,16.751862,12.947174,12.324110251293781,21.167702,7.5327215,1.1585927704280496,1.6614879,0.28447706
2022-12-28 09:00:00,12.1069150691078,13.419525,10.345306,16.972947884653884,41.999332,6.3899584,0.729545861830043,1.6707486,0.25475654
2022-12-29 09:00:00,12.415608332459612,13.906891,10.240875,14.12792859853581,35.11495,4.7438536,0.8785361851716578,1.420333,0.4012884
2022-12-30 09:00:00,13.571676409744384,14.293121,12.097809,87.08413416549061,94.15994,80.17383,1.329339130289321,2.0301027,0.7938026
2022-12-31 09:00:00,14.345142115417957,15.572418,13.406403,89.54955156701483,96.32504,76.8848,2.7722073590744682,3.5125082,1.2804264
2023-01-01 09:00:00,12.596236205358196,13.819,11.377594,63.05670409514641,87.84602,46.40021,3.3954515238710634,4.0448804,2.3748155
2023-01-02 09:00:00,12.629763499029139,13.798004,10.178864,16.993641038914,23.409534,12.347576,1.0793746930693466,2.5022292,0.20542954
2023-01-03 09:00:00,10.80395175669031,12.549042,8.789276,19.593058199987862,25.96502,13.201252,2.494677533394343,4.7323327,0.76972115
2023-01-04 09:00:00,13.45452405994962,14.677887,12.132965,16.699688068595744,29.022438,10.981443,2.740951905749747,4.46022,1.6286964
2023-01-05 09:00:00,13.935264246685335,15.243195,12.991241,81.42038863989949,94.65941,62.41881,6.385142636218148,8.154996,3.779691
2023-01-06 09:00:00,10.928049453962615,12.792847,9.074097,38.44581424580396,48.19469,27.25719,0.9099128209144167,1.8620926,0.34299085
2023-01-07 09:00:00,13.193765215003566,14.8828125,11.091797,15.26103257822202,26.204992,9.991504,1.366081044843345,2.3783228,0.18413496
2023-01-08 09:00:00,13.441522464050138,15.360962,12.489868,45.12280476264828,69.7234,15.496591,4.609406861513814,6.468025,2.3354485
2023-01-09 09:00:00,14.479037112099832,15.141754,12.894928,78.49402472898691,88.53699,71.62446,5.87153252607708,8.27689,2.9189923
2023-01-10 09:00:00,13.555184936662727,14.578827,12.459686,80.06875045175842,92.39112,70.55011,5.913076160463728,7.214792,4.014635
2023-01-11 09:00:00,11.642657743203586,13.438019,8.947784,70.08196380918527,78.48093,63.444847,2.110452677543539,2.6207147,1.5985485
2023-01-12 09:00:00,13.597957290914394,14.467102,12.156891,56.06952704096695,65.25847,41.301437,1.7641105126807186,3.2310536,0.42153397
2023-01-13 09:00:00,16.309765346017116,18.229218,14.381561,36.67392874554951,47.10736,28.701439,2.3986151782404654,3.7350469,0.77058357
2023-01-14 09:00:00,14.298360867794258,16.108734,13.509125,70.05656754176479,86.62413,53.077255,3.5598149774319605,4.9124,1.5056068
2023-01-15 09:00:00,12.941767943530579,14.523041,11.007416,57.90584141603618,76.31813,38.436897,2.5687671620565253,3.5454912,1.9074388
2023-01-16 09:00:00,10.32849249990403,11.725494,9.038086,77.2863912647299,88.529305,50.91352,3.404297970243923,4.22032,2.3269112
2023-01-17 09:00:00,9.20956207640063,10.720001,7.10672,72.18446734818765,89.1601,61.789307,2.4772673186113696,4.263273,1.4997559
2023-01-18 09:00:00,11.018692250810034,13.106842,7.052582,24.586274234097363,29.968647,20.738178,1.3741311249771715,2.4712353,0.32941684
2023-01-19 09:00:00,11.98222651430234,13.026764,9.360748,28.556013135415544,36.834053,18.416084,1.192809894012529,2.6345384,0.4703437
2023-01-20 09:00:00,10.545971572409599,12.550201,6.9408264,19.288183310549105,33.708252,9.442628,2.209076587282583,3.6301632,1.1499202
2023-01-21 09:00:00,11.244861480954626,13.49585,8.611084,14.232667376747132,21.629696,8.528675,1.7624583912581242,2.484873,0.38161469
2023-01-22 09:00:00,12.364112497052247,14.3836975,9.561432,12.395139134070325,18.447437,8.494313,1.8766196732586289,3.6803815,0.38297135
2023-01-23 09:00:00,11.677276542814809,14.774078,7.087982,25.116568544141582,38.24238,16.597847,2.34838763537347,3.5632856,0.8573018
2023-01-24 09:00:00,12.435509520167045,14.608795,10.37442,12.871905528685193,17.1453,8.817188,1.8523469732623508,2.8416312,0.16780925
2023-01-25 09:00:00,15.000444698717956,16.489166,12.651276,10.265778431025135,13.878315,8.30019,1.4058267929128254,1.9038441,0.21157268
2023-01-26 09:00:00,15.344457534749665,17.224243,13.099243,18.67527793095883,22.084782,14.256658,1.7431105061980248,2.732413,0.42171618
2023-01-27 09:00:00,15.875916357074743,17.562653,13.736481,10.54227347116754,16.771103,8.021102,1.4468952585330994,2.5356252,0.106142126
2023-01-28 09:00:00,15.266845124568363,16.916016,12.933594,13.725142973995483,18.746166,9.308667,1.4150712953377158,2.4717457,0.44733262
2023-01-29 09:00:00,14.081694639748662,15.223907,12.065704,26.66843577834721,60.74371,14.821399,2.3103141159930063,3.9911394,0.9032981
2023-01-30 09:00:00,8.683271291861445,10.505341,6.638153,73.38331342981877,81.60575,67.28086,0.679273931257739,1.7789191,0.14581935
2023-01-31 09:00:00,10.776818194062287,13.212921,7.4986267,23.02188161933465,38.321953,14.27117,2.1615561822195595,3.5023043,0.98381716
2023-02-01 09:00:00,13.545353509755614,15.354706,11.280487,11.18009232897917,21.24535,7.2593756,1.3479720730602422,2.0927153,0.4538421
2023-02-02 09:00:00,14.55355644372952,15.751068,13.270599,12.491904816609265,19.801458,5.5498905,0.6400790095382072,1.097845,0.103268504
2023-02-03 09:00:00,14.924459828326121,16.654907,13.090454,15.977797862968123,22.383373,11.520647,1.4564852578430612,2.565741,0.6313029
2023-02-04 09:00:00,15.251882078939786,16.858215,13.596497,37.4477234450088,68.32186,24.110922,0.3782169841322773,1.1154174,0.053826608
2023-02-05 09:00:00,15.643162925086926,18.163239,13.674957,47.99254589573021,75.90069,31.319887,2.2939182140559695,3.124661,1.4645844
2023-02-06 09:00:00,11.890367599822412,12.764069,10.2836,35.66659859878808,57.636242,22.218273,2.6886137064620073,4.36467,1.8334291
2023-02-07 09:00:00,12.379775155045934,14.26767,9.375092,18.082691811878966,23.678486,14.364755,2.0931415546183088,3.4716446,0.57379913
2023-02-08 09:00:00,13.901581324490792,15.163727,11.349274,14.747344264207916,18.267782,8.714661,1.8025780374988132,2.7304235,0.445448
2023-02-09 09:00:00,16.607198131577718,18.700287,14.182709,10.977762631726849,16.666412,4.3183794,2.0373081792474346,3.33388,0.4162837
2023-02-10 09:00:00,18.385076013603225,20.113983,15.795624,18.159383186735525,23.126781,12.196825,1.0544308472694315,1.5034969,0.3537151
2023-02-11 09:00:00,15.634898413036865,18.961334,13.1839905,21.24812098579166,37.57147,15.793007,2.312599745335811,4.1303005,0.55211955
2023-02-12 09:00:00,9.83135153994607,10.964264,8.483673,41.6565000178116,69.5235,31.027401,0.7322298250644356,1.3820163,0.09204474
2023-02-13 09:00:00,14.588824015694911,17.092926,11.98111,25.128554256285053,31.13979,13.964007,0.8016112987296136,2.1576,0.13818207
2023-02-14 09:00:00,13.431922107604862,15.539215,11.71109,19.320683334472587,55.80996,2.067771,2.7018340589825813,5.467506,1.205789
2023-02-15 09:00:00,9.731553315280053,10.845612,7.5663147,15.548914893628954,31.83711,9.114454,3.1702499216380717,4.7970486,2.3846996
2023-02-16 09:00:00,10.866041281920957,12.334045,7.5098267,8.861725049747086,14.851992,4.4536066,1.0682099515631631,1.7476821,0.5349535
2023-02-17 09:00:00,12.915891982412745,14.530853,10.233978,14.011362265816956,15.657688,11.440894,0.49205216866602863,1.1158663,0.21425971
2023-02-18 09:00:00,13.406861117719984,15.162018,10.251862,15.152276383326736,19.21865,12.722558,2.085852310976782,2.9596243,0.8482689
2023-02-19 09:00:00,15.504067902346208,17.13736,12.0885315,14.798471896501798,26.699795,6.875017,1.5003738156182516,2.1323812,0.49081993
2023-02-20 09:00:00,16.790014258150165,18.465729,13.996979,19.490339332265282,24.965862,12.119675,1.035900702340354,1.5717204,0.2940415
2023-02-21 09:00:00,17.558902694380663,20.093475,14.525787,19.488333543906336,20.879217,17.778362,0.8055120400958707,2.3180125,0.071681924
2023-02-22 09:00:00,13.15813583504854,16.132538,10.511444,22.74204917765801,67.65152,2.7195723,6.246038401857549,8.838826,4.4432926
2023-02-23 09:00:00,7.453806265600974,8.990143,4.443268,57.38768080562671,74.8143,43.81862,2.8237912646175025,3.5792408,2.1976924
2023-02-24 09:00:00,8.689786794946372,10.223999,6.6224365,73.42734115005968,92.70786,59.082863,5.128392076908762,7.127451,2.9847903
2023-02-25 09:00:00,6.712878596894143,9.033051,3.929535,86.12938090072879,92.32883,79.07492,0.8324460443685402,1.487744,0.34454575
2023-02-26 09:00:00,7.1300590702531395,9.605133,2.6637268,61.679877915357984,77.11589,44.25138,1.1621464981895906,1.4854358,0.89232534
2023-02-27 09:00:00,9.111438858047677,11.351837,5.4760437,79.00503770288586,88.62781,66.25098,3.853953979919435,4.989632,1.5217099
2023-02-28 09:00:00,8.858590830281003,10.280609,6.947418,70.47241791131114,80.25337,61.800247,2.916766868616955,3.726434,1.861324
2023-03-01 09:00:00,9.232759041946622,10.813629,6.9405823,61.510154342334225,86.9671,42.252262,3.432872473462198,4.6050453,1.9761761
2023-03-02 09:00:00,9.360977800151772,10.726959,7.037506,16.056284765860333,23.459717,9.780029,2.6231336076785063,4.2945347,1.3077389
2023-03-03 09:00:00,12.667488046030542,14.537842,10.549561,27.646133113408993,45.290623,16.331282,1.5016717089111744,3.103074,0.34204313
2023-03-04 09:00:00,13.155797336220019,14.816498,11.345795,22.43650345103588,34.332417,11.062886,1.8851540420358999,3.5448134,0.625929
2023-03-05 09:00:00,9.678570241945238,10.777985,8.259186,68.6306917979997,82.34064,58.894817,3.271847020939408,3.9150825,1.8269861
2023-03-06 09:00:00,9.879579096228895,11.324371,7.802887,67.33899055020653,78.77511,56.911797,1.4400073419030597,2.2182345,0.5130025
2023-03-07 09:00:00,11.049379577143554,11.91217,9.681702,53.21221920685138,68.44159,38.975945,1.7090367402011868,2.9999092,0.5920995
2023-03-08 09:00:00,11.519498024799873,12.91153,9.511139,50.88044733388978,62.48298,41.179714,2.0887336105589425,3.621926,1.1085693
2023-03-09 09:00:00,12.154822881058635,12.712982,11.423981,19.185096430755816,28.35527,8.442866,0.5737257179425012,1.3401104,0.109631024
2023-03-10 09:00:00,13.149478785808355,16.282623,12.136871,81.42215417563045,100.03344,45.302967,5.220922308673803,6.6147385,2.8045812
2023-03-11 09:00:00,13.558491215649838,15.578796,12.944031,79.70552206275622,95.527504,70.12907,2.935954334114383,4.033145,1.8149743
2023-03-12 09:00:00,16.084753402270678,18.909088,14.090729,44.08664401837598,53.763573,32.564354,2.144277861117883,2.6324077,1.1700324
2023-03-13 09:00:00,15.994685878237647,18.399323,13.936432,51.951645997066485,67.59667,42.134842,1.285444484206544,2.002484,0.73516124
2023-03-14 09:00:00,16.567294974278866,19.57779,14.29068,44.54227957185329,67.49656,38.887184,3.4045705046275287,4.850736,1.6410421
2023-03-15 09:00:00,13.658731913087479,15.167389,12.434967,68.58064505674353,93.60181,16.825615,2.161267265580496,3.1044853,1.2021731
2023-03-16 09:00:00,14.145641666375639,16.357086,11.948883,22.245802235288494,47.609665,6.852769,1.389238905920779,2.9119189,0.49081486
2023-03-17 09:00:00,14.755168066218289,16.747711,12.306305,45.61864463294279,67.96916,12.633128,0.5364090765752167,1.5035727,0.15026511
2023-03-18 09:00:00,17.059320627638783,18.6044,15.046539,28.02648913099665,35.817863,21.118643,1.1188161462979678,2.0812252,0.57415
2023-03-19 09:00:00,16.695038560497494,19.49527,14.813629,31.779521978834786,36.332596,29.75447,2.6496541628833046,4.5746155,1.2062669
2023-03-20 09:00:00,14.137057011370871,16.578766,13.422516,56.916250613063006,78.0275,28.800938,2.3216269835664067,3.3291938,0.9224699
2023-03-21 09:00:00,12.887388837281549,14.931793,11.810699,54.038846767083314,83.21245,28.431648,3.867835696303405,4.8187613,2.0477169
2023-03-22 09:00:00,10.42721937247245,11.804108,8.052155,86.18769915092463,93.78612,78.2412,4.0621534641094135,4.8355327,2.6861434
2023-03-23 09:00:00,11.251054309409255,12.236725,8.725739,84.7230694514609,87.84263,80.47544,2.6855946487740825,4.055815,1.4386488
2023-03-24 09:00:00,12.001459975659088,13.155426,9.799957,39.11500427534855,87.48974,14.448973,3.5104438111136065,5.592802,1.792975
2023-03-25 09:00:00,12.262256576697212,13.751129,8.231598,39.78799719173631,58.327576,22.005241,3.4155883225498487,5.0322146,2.0673525
2023-03-26 09:00:00,12.284692187234157,13.92984,8.078278,35.58220923482406,54.59872,13.933706,3.0122034484927336,4.5640764,1.8662193
2023-03-27 09:00:00,12.749542393176569,13.823395,10.423737,14.293445993386726,20.637474,5.316558,2.150096040122799,2.835913,1.3764787
2023-03-28 09:00:00,15.283858287387204,17.371979,13.041901,18.849939897773968,29.57779,2.1295338,1.6528326066217323,2.411123,0.9547049
2023-03-29 09:00:00,12.43650757479071,16.912262,10.449371,60.85774568666368,75.90027,29.07286,3.5157947024198903,4.6753874,2.2461402
2023-03-30 09:00:00,9.894573642938838,11.037262,8.515778,69.8850471649967,82.47528,62.52216,1.430363144114825,2.167295,0.92602533
2023-03-31 09:00:00,12.302887947659485,13.535065,9.771393,32.08820133097548,45.86856,22.03653,1.2977729864413277,2.68525,0.6354909
2023-04-01 09:00:00,14.700277250291833,16.568512,12.82486,21.234989905398372,32.868443,10.376254,1.7190674560788997,3.3542516,0.8765699
2023-04-02 09:00:00,16.486752532248943,18.576569,14.2621155,41.87720372111914,71.11073,15.578462,1.949802425050143,4.2035255,0.7700749
2023-04-03 09:00:00,15.587577585359895,19.414703,12.6041565,43.05187457163315,71.98848,17.152546,4.082294595858755,6.305657,2.56019
2023-04-04 09:00:00,11.455796760922794,12.941071,9.985992,37.51379476575491,45.32471,27.3138,4.050661550276561,6.0240645,3.2012799
2023-04-05 09:00:00,13.176449740626822,15.741852,9.991852,26.179092080896236,40.257107,18.230844,2.346555511312933,3.4406707,1.3032774
2023-04-06 09:00:00,14.818848005394102,16.199615,12.638092,17.662471694982184,26.433544,7.428876,1.861886501875113,2.5750854,1.0306773
2023-04-07 09:00:00,16.684100789284912,20.300201,13.292389,19.02806370889961,40.086197,10.0985155,1.6140097434421938,2.406623,0.72919923
2023-04-08 09:00:00,16.10587640270637,19.737946,13.379547,22.005194989580858,72.915054,0.067147255,0.8994325042155595,1.5258147,0.43489146
2023-04-09 09:00:00,18.830936431217765,22.394684,15.488434,21.454653225767697,38.296062,1.2880182,1.5831314052752479,2.3665166,0.8846142
2023-04-10 09:00:00,22.50111145633508,25.9794,16.89151,28.91301189319262,31.50866,23.594597,0.9566180010325218,1.5172448,0.3565779
2023-04-11 09:00:00,20.674661532111145,27.212067,14.624176,25.885428254089938,41.835922,14.549372,1.487409238627224,3.4570508,0.3857441
2023-04-12 09:00:00,19.77673902628254,24.377838,15.0243225,41.71771035955969,59.59501,17.156551,2.8019952958420906,5.281935,1.6148567
2023-04-13 09:00:00,16.282389011789633,21.10733,12.740631,43.081547944289404,54.931953,19.576056,2.4862491707526213,4.860929,1.2773796
2023-04-14 09:00:00,15.651291310115653,19.18692,13.181061,28.1699576968699,34.232307,20.649372,2.154088925226618,4.2514706,0.80651146
2023-04-15 09:00:00,17.11408284816281,21.574371,13.451324,20.169035591032866,29.331665,14.06598,0.985765255963557,2.4369595,0.07175368
2023-04-16 09:00:00,18.40250394908952,23.885406,13.250641,29.603697069673192,44.090496,9.701237,1.688064489510603,2.952271,0.8849079
2023-04-17 09:00:00,18.71539208410735,24.043854,14.188385,35.538919018885785,59.42713,10.204475,2.12772983920067,3.9734077,1.0267544
2023-04-18 09:00:00,17.133609012037596,21.649323,13.031891,19.179441864678292,49.21067,2.3555365,2.6444024040570784,4.365584,1.8349783
2023-04-19 09:00:00,15.289316939999992,17.834625,13.013824,39.90322814438178,51.020027,23.028193,2.8444453582507268,4.530784,2.1269445
2023-04-20 09:00:00,16.355733277453737,18.056305,14.054352,7.5948867181394055,23.502995,3.0091243,3.14827343482597,4.4625444,1.8526996
2023-04-21 09:00:00,20.39152155866708,22.423004,17.683014,22.660984641221162,29.675224,17.745537,3.099339559956585,4.539727,1.5993903
2023-04-22 09:00:00,22.680397864514816,25.572906,18.393219,27.67734616097481,36.61499,15.723579,2.718807553812489,3.934747,1.587153
2023-04-23 09:00:00,22.67830622684056,27.288483,16.833405,36.75365172718662,41.04073,26.893917,2.6254079031407076,4.4327726,1.6922381
2023-04-24 09:00:00,21.329615849786535,26.637848,15.473785,14.688180742597831,35.62598,3.8798866,2.5582484980909217,4.351623,1.6842508
2023-04-25 09:00:00,21.84409198447031,27.065826,15.864655,9.801071209760135,28.44358,2.4300928,2.190328912547988,3.853057,1.3682698
2023-04-26 09:00:00,22.409247017207633,27.754303,15.359772,18.523768908426398,22.839275,14.253503,0.928137411052139,1.7212893,0.19571824
2023-04-27 09:00:00,22.468841034394245,28.568024,14.91275,23.701325874638798,34.958664,14.603521,0.760903131035639,1.3747561,0.17948045
2023-04-28 09:00:00,22.98159113473497,30.395416,14.713776,21.638710074278432,27.394806,16.78615,1.102110226578019,1.6743904,0.7368508
2023-04-29 09:00:00,22.25352342689149,30.978668,13.545074,22.929949183892536,35.65131,12.68256,1.4277758602339965,2.2735522,0.8174087
2023-04-30 09:00:00,21.45226212638272,30.278473,14.39566,12.18671889932024,20.96606,9.157467,1.658135830393988,2.543341,1.150135
2023-05-01 09:00:00,19.524630574889784,25.700104,13.6493225,12.548313961223245,25.194489,3.6163645,3.704385318915742,6.1126223,1.879422
2023-05-02 09:00:00,13.865565784477951,16.942535,11.74527,64.46813028573271,79.59502,53.652775,2.924773133412776,4.0344276,1.8257841
2023-05-03 09:00:00,12.311472100602032,14.393707,11.320221,66.94421976764997,85.64888,51.03544,3.143773007846166,4.053704,1.7295302
2023-05-04 09:00:00,12.94371605552874,15.412506,11.768707,71.87732928115838,79.45005,55.56333,2.721501771614132,4.6675687,0.7116224
2023-05-05 09:00:00,14.029102520788626,16.285797,13.1354065,59.53762392540607,72.0579,53.545265,1.6956276239431762,2.5979438,0.07740072
2023-05-06 09:00:00,15.042167650301451,17.77359,13.351715,52.45513442334195,69.652794,43.27278,2.0262369278887076,2.6748755,1.5144347
2023-05-07 09:00:00,16.522367000640543,19.21231,14.411041,53.96645752491073,69.08894,38.74041,1.5319203973240334,2.578699,1.1298382
2023-05-08 09:00:00,18.508112298331298,22.625153,15.240387,43.81223477125013,63.56706,24.371574,2.3451596725124815,3.9546862,0.98084027
2023-05-09 09:00:00,18.456562883987885,22.99649,14.717194,45.13876972974428,61.367073,21.550493,2.319294433656446,4.231565,0.94065535
2023-05-10 09:00:00,15.875409918850494,18.04483,14.027252,41.72514920941692,77.75455,16.373257,2.798532036663495,4.186322,1.2567314
2023-05-11 09:00:00,18.375060122238892,22.830719,14.649567,36.13634064723602,50.227177,14.668847,1.8453800507472389,3.983299,0.6063298
2023-05-12 09:00:00,20.658667084345552,25.291412,16.127106,26.64442912464781,42.652866,20.520056,2.0461919073359764,3.703466,0.9157788
2023-05-13 09:00:00,23.607982598858598,27.848785,16.825592,21.890195975066433,37.158443,15.567605,1.6354567608885544,2.48156,0.96408695
2023-05-14 09:00:00,25.688863107108432,32.377594,16.434235,18.775593211987164,23.440556,15.06812,1.4872650253982864,2.1564817,0.2563866
2023-05-15 09:00:00,22.827696038266026,31.674713,15.709869,18.73377904994916,23.709644,16.505054,1.4365185759609986,2.5080428,0.84858465
2023-05-16 09:00:00,23.188477475634954,31.12149,14.715973,19.508841654941474,29.748653,13.001854,1.1694678699113454,2.3784134,0.57948864
2023-05-17 09:00:00,23.80997823783565,31.675201,15.176666,25.22495029901095,35.28076,21.218597,0.9348819288394206,2.0415583,0.234295
2023-05-18 09:00:00,25.708622713314696,32.8107,18.05191,21.54072643313925,25.227985,17.251423,1.1507878543461496,2.6113906,0.269854
2023-05-19 09:00:00,25.54445886210044,33.022125,15.451813,20.726837018144288,27.802235,9.700672,1.5021776075373572,2.6757839,0.9823046
2023-05-20 09:00:00,22.48007210668402,29.937408,14.995758,28.896877721092256,36.65774,13.354809,1.561277994641243,2.7935092,0.8370639
2023-05-21 09:00:00,23.441355850136063,30.41861,15.951813,30.900239644063568,39.236076,20.541386,1.6794882647088816,3.31716,0.6784971
2023-05-22 09:00:00,23.812390722226155,31.727203,15.190094,32.15008411954992,41.40764,7.0102234,1.730661285651714,2.5084562,1.0363326
2023-05-23 09:00:00,21.5945369563633,30.31485,14.273834,8.319573485376143,37.090427,-2.8255653,2.635424731869475,4.105186,1.2548599
2023-05-24 09:00:00,17.181976924161177,25.630768,12.592194,12.325855550356088,42.047554,5.7134447,2.5820061347258934,4.134572,0.637712
2023-05-25 09:00:00,16.994982768844068,23.900787,12.898834,19.39921965944482,69.227554,2.1811047,2.1037807098837287,3.2809713,0.9008987
2023-05-26 09:00:00,17.386687059107828,23.169586,13.784821,37.808168171222995,55.745476,22.296255,2.198985150943325,3.2364028,1.2594885
2023-05-27 09:00:00,19.63137969236317,25.008942,14.794098,58.447917002075506,65.83308,42.64795,2.0385097071522464,3.1267684,0.9778661
2023-05-28 09:00:00,21.183239932005165,27.50772,14.783112,39.27607404731174,55.38378,24.836905,2.189913483039203,2.8888876,1.3609362
2023-05-29 09:00:00,18.751951188845055,24.914948,14.1493225,26.17376735763686,45.40001,14.472896,2.5473794720727305,3.7096364,1.1345654
2023-05-30 09:00:00,17.12343381010345,23.366364,14.226471,41.86968148960815,71.69841,16.690598,2.067127008934094,3.282272,1.0294397
2023-05-31 09:00:00,18.205838717081576,21.72696,15.228912,58.66383360557365,81.83066,40.076756,2.186276267190692,3.0362484,1.442707
2023-06-01 09:00:00,20.079247747649447,26.204498,14.544342,28.60906120756255,65.71379,3.2062788,2.5236699141308523,3.6252558,1.2145358
2023-06-02 09:00:00,19.582181421950793,24.268951,14.885651,13.20817422634968,31.545975,0.9657068,2.2916510665508416,3.3973446,1.0814425
2023-06-03 09:00:00,22.329674033170534,28.042145,16.03946,26.17909896222441,31.29417,17.223858,1.4710494383906838,2.646398,0.74536234
2023-06-04 09:00:00,23.389199002629198,30.114655,15.934967,25.04288259927767,35.89835,12.470517,1.6657581443474911,2.1896052,1.2122266
2023-06-05 09:00:00,22.40468421812045,31.034088,15.143463,24.811468407502108,37.754066,13.613442,2.453837623723569,3.9469824,1.0622586
2023-06-06 09:00:00,16.024014517897115,21.212067,13.665192,45.67548027149362,66.75868,32.94252,2.6340973547551974,4.267915,0.45984247
2023-06-07 09:00:00,16.529051798462035,18.614166,15.063385,74.39775812594154,86.19206,66.391815,1.809489720845555,2.8915355,0.88169336
2023-06-08 09:00:00,19.085562111331797,21.504303,16.376862,78.42937484794683,87.0204,67.60344,1.212040537732731,1.6048971,0.7731009
2023-06-09 09:00:00,20.28379271336081,24.262604,15.995026,75.57845901592151,80.47656,62.035446,1.6102508321431663,2.3717957,0.93405575
2023-06-10 09:00:00,19.794657830002677,25.970856,15.775543,60.10956552427295,68.9318,50.68574,2.0903958705333765,3.0395849,1.494298
2023-06-11 09:00:00,18.154314020393997,22.716461,14.72818,46.97389614554378,64.42457,35.96169,2.2288870733063257,2.895508,0.91670084
2023-06-12 09:00:00,17.63492395765593,21.289948,14.537994,39.68196295942116,54.291622,30.93341,2.458423751577778,3.702167,1.3717612
2023-06-13 09:00:00,18.625793700558347,22.031647,15.128815,42.90892011129353,65.54624,29.682003,1.6590635269830463,2.7201784,0.8639984
2023-06-14 09:00:00,20.58143448200508,25.982819,16.135162,59.48136527029516,65.65873,56.43451,1.9495645128835641,2.57432,1.1106602
2023-06-15 09:00:00,20.304368217279944,26.72525,15.027985,50.937871153547064,60.951977,28.456955,2.411959548567031,3.4526474,1.0849113
2023-06-16 09:00:00,20.364547817806056,27.094147,15.372223,48.98853655750319,64.90497,27.314407,1.8326627738870191,2.7642553,1.1550529
2023-06-17 09:00:00,23.110474020912307,30.389557,16.780182,39.95882267141576,52.936657,20.564182,1.7502607766723364,2.7632937,1.1146353
2023-06-18 09:00:00,24.28109264004729,31.839996,16.858307,20.9529419790125,35.110493,15.864398,2.1449513212956837,3.2582846,1.5100201
2023-06-19 09:00:00,22.741994057751015,28.07193,17.144196,10.671006199793514,41.607765,4.008066,2.620511544721334,5.073636,1.730326
2023-06-20 09:00:00,22.008799778831985,25.802887,17.588043,15.354257963841691,33.929947,3.6760402,2.671987337913109,4.470504,1.739494
2023-06-21 09:00:00,22.294777016596925,25.621246,17.953278,21.096017318446595,26.83604,14.172701,2.449701225012137,4.2742214,1.3982074
2023-06-22 09:00:00,21.595132699446594,26.9982,16.183746,19.64673296188333,29.057995,7.8298516,2.6092128045726892,4.0038514,0.75264156
2023-06-23 09:00:00,17.992312970675357,22.51529,15.536774,25.19054324396949,40.985584,13.912501,2.568305530202771,3.1008592,1.7617599
2023-06-24 09:00:00,19.982680860924404,25.174713,15.386871,35.80298671326688,47.12121,18.55371,1.8757317740344512,3.4218178,1.1599257
2023-06-25 09:00:00,21.89721832163167,27.653717,15.788483,37.54560983168774,56.9707,17.952381,2.4107816434384173,3.8537812,1.2403092
2023-06-26 09:00:00,21.870775397954276,27.610748,16.563873,40.32682018477889,49.66135,23.850836,2.3911987588132226,4.2973394,1.1183453
2023-06-27 09:00:00,22.332444610364234,28.094635,16.498932,36.666625744724804,43.50647,27.359562,2.200049633704446,4.412401,1.1228287
2023-06-28 09:00:00,22.466750838752944,29.143707,15.585114,36.421159271228156,44.48058,25.459692,2.162498650178137,3.6558204,0.910491
2023-06-29 09:00:00,24.23157103134247,29.204498,17.89029,33.85326740478393,38.095425,28.768711,1.5602110458601692,2.8412957,0.75646865
2023-06-30 09:00:00,26.673393014143187,33.485504,17.727692,21.664298964702265,28.99224,15.613336,0.9939145546452395,2.0774984,0.13948987
2023-07-01 09:00:00,28.83945930998067,37.026276,19.207916,15.567422593399169,21.808594,10.901742,0.8880902080437865,1.6656908,0.3710708
2023-07-02 09:00:00,30.30544084876948,39.817535,18.897614,19.885330128186038,23.82209,16.97107,1.353262387664809,1.8898562,0.70374584
2023-07-03 09:00:00,26.907474609172596,37.340973,16.965973,18.558684512581852,25.232319,9.030787,1.7803425682228569,2.734694,1.1460036
2023-07-04 09:00:00,25.35615853432148,34.474518,15.691315,7.971279966918994,11.406142,5.3895626,2.1484663164714255,3.0794344,1.4279503
2023-07-05 09:00:00,24.19758262406816,33.84195,15.408356,9.190189543092604,13.18577,5.576395,2.0392538314158175,2.9002926,1.3605126
2023-07-06 09:00:00,23.325638849922655,32.905426,15.546051,13.412010659847514,26.777922,4.8060265,2.124529164661894,2.9343956,1.4043492
2023-07-07 09:00:00,22.999069420163664,31.463043,16.335358,12.746125794903456,22.86789,5.473936,2.1655122287033204,3.5870862,1.4542615
2023-07-08 09:00:00,24.796104407942437,31.61905,18.348053,17.13113755703341,32.825714,11.376881,2.2918577141853773,4.670768,1.1853765
2023-07-09 09:00:00,25.589308626089235,32.4711,17.107819,17.000451583278238,31.11289,7.5219097,2.4595204617942086,4.923964,1.0921355
2023-07-10 09:00:00,24.28754366676327,30.124908,18.195953,17.103590464832433,30.25504,7.823374,1.355080768685825,3.3873312,0.13998052
2023-07-11 09:00:00,25.79360014135699,31.948883,17.636383,23.337951678210274,28.496944,13.219601,1.0286813986878842,1.759765,0.23305544
2023-07-12 09:00:00,25.657208156123033,33.24942,17.950104,14.08956118180708,23.477013,7.3384514,1.448517762615505,2.1585793,0.6220134
2023-07-13 09:00:00,28.221558863116456,34.350983,20.726715,11.768738811427184,20.624893,1.4569244,1.0906008931482487,2.0899632,0.25893056
2023-07-14 09:00:00,30.58065417835246,36.675934,23.000885,14.203632291607558,18.24094,5.8112526,1.5332600415913131,3.1304324,0.5383973
2023-07-15 09:00:00,30.94770808509014,37.849274,21.41275,13.663900541384198,17.597157,9.3281975,1.62741415043978,2.7690914,0.18551482
2023-07-16 09:00:00,32.09369570237311,41.017975,20.072662,16.7115440257408,22.302795,10.3736925,1.335063154673649,1.7347097,0.95016426
2023-07-17 09:00:00,28.79963964034414,38.829987,18.915924,18.094342857158132,26.674238,6.0443707,1.7199163922592895,3.0878975,1.0744557
2023-07-18 09:00:00,27.285929759718954,36.809967,19.02481,17.843010873896,36.253407,9.502784,1.90204043366641,3.5200672,0.7413595
2023-07-19 09:00:00,26.615478303594898,35.271393,18.865143,19.576560863511112,25.008661,6.9813175,1.8471704737216506,2.6699586,1.1360816
2023-07-20 09:00:00,28.328280272512302,36.772614,20.03946,10.988228762133197,20.051357,3.7935438,1.3212175848661267,2.723328,0.39014605
2023-07-21 09:00:00,30.58859661972315,37.76114,21.26773,9.944658527796985,17.782043,3.923314,1.030885683865652,2.0796402,0.21126051
2023-07-22 09:00:00,30.092211832779356,37.511383,19.985504,13.609393116220538,18.06145,9.855594,1.026995433075471,1.4709127,0.49387097
2023-07-23 09:00:00,29.65866778285084,38.863922,19.85025,12.549786700161558,21.235157,6.8797903,1.5663577834061813,2.591272,0.9905962
2023-07-24 09:00:00,26.508574309210587,35.3815,19.589752,8.52239248938395,22.56995,2.601201,1.2804853546011994,2.2993312,0.52759546
2023-07-25 09:00:00,30.452093000964794,36.85025,21.95108,15.474469624461197,21.007355,4.353441,1.1922662449299979,2.7396545,0.36369294
2023-07-26 09:00:00,31.543440243657983,37.69034,21.799713,14.604139491756914,18.74852,7.0807266,1.3273456431053494,3.4795394,0.14919044
2023-07-27 09:00:00,29.061446311243003,36.423004,22.370514,10.25459340424959,14.993116,6.1648664,1.5276939758941623,3.2270296,0.67249316
2023-07-28 09:00:00,30.533771469207807,37.14859,23.121246,14.296022900393458,20.292225,9.36858,1.7115223216800497,3.7580936,0.7261435
2023-07-29 09:00:00,30.357593901689484,35.790436,23.026031,15.070007832958002,18.059353,8.757869,1.4181262370900483,3.2480989,0.3282927
2023-07-30 09:00:00,30.86984391239406,36.049713,24.208405,16.820551211687395,21.236609,10.661628,1.9913438033442283,3.5062747,0.777064
2023-07-31 09:00:00,30.964373718355716,36.18936,23.285065,12.625427362139357,16.664131,8.877976,1.5604123604522135,3.5037227,0.4977698
2023-08-01 09:00:00,28.078101441687068,35.540436,20.571686,7.551826759084123,10.622611,3.513236,2.152905649280662,3.190827,1.0939912
2023-08-02 09:00:00,24.473118441443717,32.765045,17.796783,6.134656743995728,12.665776,3.2103815,2.369585631677384,3.652453,1.1238844
2023-08-03 09:00:00,24.053503875137665,31.56192,18.702545,9.967741775865303,17.967337,5.115774,2.082273927167854,4.515378,0.88871825
2023-08-04 09:00:00,25.44455769113864,30.617828,20.156403,14.327043809269943,28.134403,8.6539345,2.155671188383612,4.156823,0.8825638
2023-08-05 09:00:00,27.28555871184119,31.548004,21.560944,11.146742937781257,27.912691,4.996357,2.212164956207884,4.0128226,0.9747327
2023-08-06 09:00:00,29.916415230427845,33.68033,23.304596,17.236624166194975,23.080061,9.9823885,2.147713973169151,3.2292104,1.2672796
2023-08-07 09:00:00,30.55639302973293,34.786285,22.346832,25.2351727364196,28.984303,21.40002,0.9223531380529775,1.550388,0.15258892
2023-08-08 09:00:00,25.443315528720404,32.794586,18.747711,13.163592854953885,32.560352,9.728322,1.9737899845386375,3.4452715,0.7617954
2023-08-09 09:00:00,24.65356974546404,32.426178,17.318756,11.253727675329358,34.817028,3.859743,1.5746800174888815,2.865213,0.28248242
2023-08-10 09:00:00,24.084693730799643,31.432526,17.15567,14.182906881846902,40.113155,1.6873732,1.7685350392589516,3.04573,0.33002022
2023-08-11 09:00:00,23.137551698531297,25.68814,19.104156,56.39581329651983,74.68565,32.940063,1.4432392140820804,2.196757,0.57673573
2023-08-12 09:00:00,25.26985460962794,31.051666,19.284088,46.46860870296374,56.892212,25.626186,1.4876063653121228,2.4968286,0.9962555
2023-08-13 09:00:00,26.192238000551697,32.774323,19.234528,41.184230162529936,45.64456,34.87941,1.2242160558686621,2.178467,0.5736686
2023-08-14 09:00:00,26.721637697769665,34.953278,19.353668,28.440704636505448,32.416977,20.466536,1.4412618544227247,1.9610779,0.5525619
2023-08-15 09:00:00,27.143730725685714,35.799957,19.315582,22.514330041184046,27.444206,19.311928,1.2921208039860237,2.1310186,0.065648235
2023-08-16 09:00:00,28.567758699526053,36.96768,19.844635,21.53805483710232,26.649902,19.185059,1.1644434887018535,2.0404084,0.50656873
2023-08-17 09:00:00,27.977653173509225,36.299713,19.475494,19.43368140408868,21.943745,15.80312,1.357269431731328,2.2477255,0.10720379
2023-08-18 09:00:00,25.902831567488306,36.13394,18.680817,10.878847925767188,21.023327,6.7646446,1.7171983921138525,3.0348105,1.0205414
2023-08-19 09:00:00,26.058063103464974,34.52408,18.574127,22.861606097793146,26.044014,18.622139,1.6197802660085616,2.5905976,0.5142861
2023-08-20 09:00:00,25.604325575333462,30.86026,21.577545,38.97146285420012,62.316864,26.352018,0.8379592274315625,1.6405361,0.19507581
2023-08-21 09:00:00,24.517090340784023,28.768951,22.317047,53.08979844857381,61.1196,39.325966,1.926616098240432,2.6943963,1.0281212
2023-08-22 09:00:00,23.94720772663885,25.323883,21.37857,68.00504741602988,76.64871,54.165634,0.8769001028243748,1.4509102,0.6263815
2023-08-23 09:00:00,26.210470013091197,30.08194,21.935944,51.68673140085169,65.865715,24.522884,0.8934309753569559,2.2202015,0.29340962
2023-08-24 09:00:00,27.105028377946724,32.900787,20.680084,18.80890257354897,38.438957,7.3998938,1.7161558862982143,2.1598654,0.4761078
2023-08-25 09:00:00,25.654713000805714,30.947906,20.513824,15.08267875526196,38.100014,4.53771,1.4206800668760342,2.2527514,0.4952559
2023-08-26 09:00:00,26.814958936416986,32.25821,20.91446,20.65829189469523,35.108696,5.819832,1.2739492750738555,3.1863132,0.2854389
2023-08-27 09:00:00,28.131235776857864,32.71646,23.626617,17.884613058672603,24.902634,10.890916,1.110466984506033,2.5264423,0.2472487
2023-08-28 09:00:00,30.585978118451692,33.87271,25.392242,12.702171237645912,20.45999,8.567481,2.3920139181986793,3.3168957,0.94179547
2023-08-29 09:00:00,31.24007269221204,35.0065,25.371735,15.021860571092622,27.390816,8.797929,2.387489077434766,3.9111059,1.0258198
2023-08-30 09:00:00,31.332265273055384,34.927643,25.923737,9.419349277873337,15.963361,5.201642,2.277384126425693,3.1914709,1.061673
2023-08-31 09:00:00,31.360106299989752,35.062897,23.176178,9.39526164219291,22.340717,3.43056,1.42835190006257,2.0938044,0.49255824
2023-09-01 09:00:00,25.49467907554947,32.81314,19.223297,8.978333541794642,26.204609,0.90869236,2.196280410707832,3.7815406,1.030473
2023-09-02 09:00:00,23.523358342600375,29.598785,18.721832,32.532164590385136,50.054417,11.566117,1.8246910268940313,2.76915,0.872845
2023-09-03 09:00:00,21.643639948991222,28.61734,18.670074,67.21757937372375,77.935585,46.53673,2.161670458902147,3.2486556,0.38217664
2023-09-04 09:00:00,22.476821798313154,24.528961,20.263824,57.67925351999499,70.6219,42.268295,1.758478074897178,2.9425619,0.9859626
2023-09-05 09:00:00,24.24427343056601,27.07022,19.859283,39.58960355246799,46.978306,32.01438,1.1942794808130528,2.3491788,0.08174897
2023-09-06 09:00:00,23.383587470212206,28.900787,18.339752,34.72841273567371,53.12355,21.5923,1.8612331322027063,2.8410616,0.46601197
2023-09-07 09:00:00,23.871514926338364,30.142975,18.453522,34.1709533986303,45.244934,12.350404,1.3532701578901287,2.1826844,0.5708064
2023-09-08 09:00:00,25.56099841596307,31.380035,20.085114,13.604840313344987,21.838247,4.6100245,0.9670781035937336,1.5832579,0.47652197
2023-09-09 09:00:00,27.82863465727837,33.281403,22.881012,30.464754199309315,41.22508,21.953325,0.7580305029869382,1.8733852,0.10116996
2023-09-10 09:00:00,28.865241993633106,33.620514,22.866608,26.570226328018446,44.39747,13.821748,1.1498848468369602,2.5578637,0.3434472
2023-09-11 09:00:00,28.403831103311006,33.124176,21.923004,34.56952882728737,46.62524,20.231636,1.4228031634272873,3.1603642,0.40491873
2023-09-12 09:00:00,25.794295449044682,30.865143,19.367096,29.999917085692168,40.684418,11.820537,1.57462326103021,3.8762364,0.34952313
2023-09-13 09:00:00,24.390746455075885,30.432526,18.52237,26.71065190146798,33.68867,18.71656,1.5555093325314489,2.4366,0.7369922
2023-09-14 09:00:00,22.694160410432005,29.5961,17.773834,30.20603935938104,39.582394,21.754177,1.591174408767604,2.2650409,0.6889952
2023-09-15 09:00:00,23.204228956932013,30.630524,17.63443,35.51441331311619,44.568436,30.936234,1.5136804720185015,2.2871318,0.75960875
2023-09-16 09:00:00,23.865400949762716,31.646881,18.135162,37.40608655859073,43.82764,32.31098,1.9071626464090488,2.7503242,0.49454376
2023-09-17 09:00:00,22.462226619390606,29.24942,17.96817,41.2047897840489,52.647724,28.499168,2.1257276931107647,3.225501,0.5607037
2023-09-18 09:00:00,22.362292350377118,27.828522,18.821442,49.78486182261783,68.73614,23.766249,1.8971890928657076,2.8234286,0.9483799
2023-09-19 09:00:00,23.002118055231506,27.231842,19.467682,58.154483434358276,70.99826,42.193577,1.1968525940569517,2.0200818,0.64984804
2023-09-20 09:00:00,23.858823421306965,28.063873,18.604889,57.01635211217258,65.00913,39.584904,1.794362596652409,2.8446317,0.46113688
2023-09-21 09:00:00,20.54986263031566,26.553864,17.034332,17.403061268624448,56.014034,5.256222,2.363256996471355,3.6751206,0.8323489
2023-09-22 09:00:00,19.799694405125592,25.153229,17.05899,17.59085990606961,33.54753,9.000656,1.05134581830668,2.2338767,0.13954437
2023-09-23 09:00:00,21.5027791640735,26.298248,17.294098,21.738762716388678,47.43843,5.5078,1.4907783414808955,2.1446152,0.7012464
2023-09-24 09:00:00,22.347222596477025,27.571686,18.076324,15.18759935967566,35.11345,0.93506813,1.1182497289079565,1.7418786,0.4872805
2023-09-25 09:00:00,23.03188776223459,28.856598,18.179108,6.248290113991796,24.686222,-0.9018955,1.2719144397534243,2.1326485,0.18722445
2023-09-26 09:00:00,23.77129885885512,28.569489,20.711823,13.81509930692211,25.18563,7.178549,1.6866805554695419,3.323007,1.0305958
2023-09-27 09:00:00,23.94973281299002,26.347809,20.835358,16.836562935272845,21.655039,9.901393,2.6086233967530936,4.320741,1.4826316
2023-09-28 09:00:00,24.98749635190302,27.687897,22.267975,21.009759269275527,33.93471,6.5167437,2.426147653853892,4.323991,1.1330081
2023-09-29 09:00:00,24.559700163902846,27.330719,19.486969,32.377435186776296,38.726685,20.813328,1.0629568663770683,3.050952,0.28053346
2023-09-30 09:00:00,20.886012530132405,25.378082,16.83316,41.815415387123146,55.18237,26.477787,3.3031006992915004,4.33987,1.7356529
2023-10-01 09:00:00,17.051337925774078,18.987457,15.89444,53.73197647826592,74.0023,36.591633,1.788198310649168,2.1723971,1.4577198
2023-10-02 09:00:00,19.083861319224525,21.464752,17.308502,68.48046240965273,74.85592,56.926826,0.9333467798122532,1.5807732,0.05312845
2023-10-03 09:00:00,22.248299477116745,23.76651,20.294098,38.33485255135914,41.785053,34.468647,1.6557306059984056,2.331644,0.81157905
2023-10-04 09:00:00,24.398542961735984,25.839508,21.983063,37.16488047062913,38.00685,35.608414,1.2653972199205106,2.004079,0.4893417
2023-10-05 09:00:00,28.103362265390217,29.64859,25.655914,30.487819143666766,32.523125,28.472345,1.7567188511481895,2.9569688,1.052947
2023-10-06 09:00:00,29.36850566829429,31.790924,25.429596,24.15077350266707,27.78006,21.069115,1.7539156180500868,2.7952101,1.0842656
2023-10-07 09:00:00,30.33622325678914,32.498688,24.35025,21.677112924039537,24.95631,19.339123,1.4460375193545096,2.4082863,0.6047126
2023-10-08 09:00:00,28.984428617591902,33.79019,22.30191,22.197999240744313,25.480705,15.274638,0.9432443765480572,1.5877653,0.27485085
2023-10-09 09:00:00,24.734156045990176,31.46109,18.820465,11.505947212882898,22.217339,6.4305334,1.8060879440078028,2.518014,0.796067
2023-10-10 09:00:00,21.75943768500605,27.074615,18.19522,12.97035025446865,29.01987,7.9808083,1.6250587643588639,2.6947906,0.9035104
2023-10-11 09:00:00,21.67821593268627,24.937653,18.293121,42.27124952590691,70.05633,9.556331,3.364104226322128,5.0870023,1.9754729
2023-10-12 09:00:00,19.997378227086244,21.289215,17.93277,18.376965565894903,31.359272,6.845154,2.906556517104836,3.8686347,1.6377566
2023-10-13 09:00:00,22.52425162390483,24.488922,19.21402,16.97254755839932,25.094082,9.668301,1.1231049731563802,1.7938286,0.48617944
2023-10-14 09:00:00,22.29193957673243,26.818756,18.097809,8.536882187133928,27.11186,1.3194323,0.8134241274728525,1.5556217,0.12941162
2023-10-15 09:00:00,23.692996979979966,26.868317,20.067535,16.077657884017043,21.168228,9.727841,1.025770323143845,2.0411134,0.39709562
2023-10-16 09:00:00,25.244512996377296,28.735504,20.516754,15.479025949673028,19.734226,11.296727,1.3240342274024406,2.8121083,0.60081303
2023-10-17 09:00:00,25.141720088513694,27.472565,21.18155,13.619632795679806,22.395658,7.7198772,2.2231948408528703,3.636248,1.1429617
2023-10-18 09:00:00,24.33120945014838,26.60733,21.167877,14.3925411537919,15.983472,12.96656,1.9289340238342463,2.6111238,0.78345346
2023-10-19 09:00:00,26.231988828479302,28.974518,20.56314,18.48488654441703,22.636044,15.730051,0.9052500125754213,1.8292444,0.37559378
2023-10-20 09:00:00,25.862570823917906,31.434967,18.735748,11.379646357883482,20.811153,7.843401,0.7495944318123134,1.7865576,0.096603446
2023-10-21 09:00:00,23.77984070023598,30.562408,17.863678,26.696353955994923,38.56911,17.36208,1.5947984181027317,2.8598952,0.48590335
2023-10-22 09:00:00,21.25120024206865,27.261627,17.555084,28.356031186048455,57.90753,7.8137827,1.9274947694731526,2.661102,1.2185392
2023-10-23 09:00:00,19.353148329731084,21.981354,18.092926,57.52734331152273,64.883095,44.894817,2.0382147731497673,3.0682242,1.4523963
2023-10-24 09:00:00,19.550509604071465,21.799713,17.08609,38.19060174048723,46.70835,24.927101,1.7727754301475869,3.215699,1.0251411
2023-10-25 09:00:00,21.43837154747888,23.725739,16.81363,14.195683224911312,46.123543,5.158989,1.1719698805674241,1.9504764,0.42592824
2023-10-26 09:00:00,19.02108439741346,22.265045,17.650055,29.650047244753406,51.34945,5.431658,0.9827215548437354,2.8487177,0.14886169
2023-10-27 09:00:00,17.65091750589852,19.054352,15.57193,8.180208146963498,31.279388,-2.2245178,1.9929474573418766,3.4383748,0.938793
2023-10-28 09:00:00,17.907213492123674,19.798004,14.717926,12.613992971220625,22.67434,3.0415277,2.0208936429715214,3.5987642,1.0387489
2023-10-29 09:00:00,17.706958409819038,19.149078,16.144684,11.741746677665809,18.691723,4.351879,2.3192141605232037,3.0463152,1.2668657
2023-10-30 09:00:00,20.39399060741721,21.749908,18.560455,6.966381718992206,9.516375,3.7417183,1.8004262237879503,2.6460662,1.0198147
2023-10-31 09:00:00,21.193601264869926,22.680328,19.266266,5.728925151554369,7.413554,4.5154257,1.871017082029852,2.8122976,0.8081059
2023-11-01 09:00:00,22.856202110715344,25.079498,19.937897,5.374712785737784,8.384803,3.6048183,1.6173130530636577,2.3919058,0.48228952
2023-11-02 09:00:00,23.22715189074836,25.039703,20.28482,4.8127019945248435,8.830319,3.2510042,1.3687823368530763,1.867146,0.3355246
2023-11-03 09:00:00,23.696776413367218,25.286774,21.00235,11.307798884822967,18.283833,5.9400816,1.5961416383739448,2.2078054,0.6046662
2023-11-04 09:00:00,23.539292425724682,25.355621,19.955963,16.54088286782079,20.696602,13.178302,1.1000742004789335,1.5146695,0.3727141
2023-11-05 09:00:00,23.251947811944888,25.304352,18.773102,12.858022256236223,20.430494,2.2558174,0.9814526583597435,2.4502127,0.22407524
2023-11-06 09:00:00,22.372665918929783,25.167145,18.173004,19.241667527062766,39.53441,-0.6458807,1.2903656757896118,2.2951956,0.70790154
2023-11-07 09:00:00,19.72953762536241,22.722565,16.984283,51.374165814935,66.40604,27.042759,2.4544697860794384,3.640359,1.7499535
2023-11-08 09:00:00,16.880389906435596,17.833405,14.66153,25.673933859885715,42.920242,15.064773,2.4229719716752482,3.9689167,1.4478656
2023-11-09 09:00:00,17.45127234758513,18.869293,14.834381,9.437476453163608,15.534558,3.7884645,2.121650129256889,3.2027998,0.8384164
2023-11-10 09:00:00,17.519895791737042,18.712555,14.747711,4.569495077320066,8.428883,2.5265388,1.9162360716309976,2.9285095,0.5015707
2023-11-11 09:00:00,18.44639281209743,20.16861,15.444,4.798742693614403,10.921063,1.0209341,1.9156242053091774,2.791148,0.5373433
2023-11-12 09:00:00,19.914297365397374,21.512115,18.523834,10.985073983376587,12.618677,8.872583,1.6715691807694382,2.2105207,0.5665733
2023-11-13 09:00:00,20.34852026438722,23.69815,18.106354,14.228563313292756,16.465368,12.790746,0.9460948917771477,1.7170732,0.18438694
2023-11-14 09:00:00,17.77156650682565,22.922516,15.654938,14.104478003851664,20.413967,9.988606,1.8499337494926156,2.8681014,1.2701226
2023-11-15 09:00:00,19.532579886290478,23.342438,16.893463,7.349331059306928,22.179613,2.7600212,1.5925090333332268,2.765366,0.33529064
2023-11-16 09:00:00,17.86435452236981,18.749176,16.65738,78.81918723545506,84.76659,66.782974,3.191267484806534,6.169218,1.3543602
2023-11-17 09:00:00,17.839962364234225,20.73648,16.375153,63.98211664077918,73.95214,56.723682,1.4717979247880575,3.2494783,0.3957242
2023-11-18 09:00:00,17.526878485406826,21.184235,15.947662,67.777227441938,81.31473,53.256134,4.004634193689029,6.03866,2.0529618
2023-11-19 09:00:00,15.977225330894669,17.584625,14.973297,12.675592028181967,26.945513,0.95953655,1.9800353149150594,3.2656128,1.12474
2023-11-20 09:00:00,15.859230394184522,17.329254,13.434723,9.945094699262953,19.295214,5.27108,2.842659762974985,4.4116826,1.3072313
2023-11-21 09:00:00,18.592783228184373,20.05655,17.646393,9.879489609709257,12.804173,6.2946444,1.5968380721022775,2.3276844,0.83994496
2023-11-22 09:00:00,19.649902289435374,20.855865,18.701569,9.519794786902754,13.380975,7.9395685,1.7563861345886949,2.601642,0.30554327
2023-11-23 09:00:00,19.005248753261185,20.796051,17.83902,8.143295689196643,11.689788,6.0608816,1.5331235244948433,2.7428832,0.6617478
2023-11-24 09:00:00,17.730791210970267,19.68399,15.976959,27.489711872909265,36.845722,16.208939,1.3019545939000012,2.1045468,0.7265381
2023-11-25 09:00:00,15.431367155234625,16.396637,12.964996,18.861897143280878,35.792953,10.425673,1.4722156545979426,1.9938991,1.0541985
2023-11-26 09:00:00,15.532624973845827,17.165436,13.694733,23.853497240500985,31.772793,17.739235,1.5608740599566948,2.1115403,1.1247995
2023-11-27 09:00:00,15.63573553938869,17.654938,13.533844,21.523347194755043,26.97168,17.547678,1.7781191991658196,2.3305032,0.93147737
2023-11-28 09:00:00,17.057309540034964,18.308502,15.648346,24.592374164391018,32.066223,18.4256,0.6826003984577257,1.1492548,0.19784454
2023-11-29 09:00:00,15.932440197552125,18.181305,15.054352,50.26084127842177,74.13451,27.751694,0.9744657820824206,1.9119933,0.21530451
2023-11-30 09:00:00,14.818857518128823,15.897369,13.1180725,82.03147262120525,89.275154,76.70613,0.9795408942681815,1.5792805,0.41655725
2023-12-01 09:00:00,14.293313036437155,15.611725,11.791412,46.32001488371462,65.68113,29.646276,3.129552184564322,5.3129287,1.206071
2023-12-02 09:00:00,13.70100521623084,15.289215,10.814117,40.28057211654377,47.44008,34.432266,1.8542764586884573,3.5141869,0.526991
2023-12-03 09:00:00,14.8714639736354,15.950592,11.864899,42.50510467043434,53.07932,22.058456,1.6390530930392082,3.140597,0.85019547
2023-12-04 09:00:00,15.25002974537199,16.333649,13.960602,19.407577864036817,29.625994,7.493597,2.2247933717758044,3.8027515,0.8000896
2023-12-05 09:00:00,17.189564629863412,18.760162,14.775787,22.16683965743376,27.089802,17.679646,2.343385013112137,3.5240617,0.54306996
2023-12-06 09:00:00,18.854269283047017,20.514893,17.581299,26.05570489473989,27.924957,22.913567,0.8557663879900872,1.2178594,0.38422602
2023-12-07 09:00:00,15.762081955832855,20.52536,14.308563,24.85131428216442,39.00271,8.900172,1.6638241760420844,2.8302286,0.934153
2023-12-08 09:00:00,14.458500375216204,15.999908,11.621002,19.040949151274315,43.647,8.764955,2.6901968582632585,4.7523494,1.4960467
2023-12-09 09:00:00,13.01786814383803,15.845886,9.271515,6.5577814204326765,19.02171,1.7985792,3.2881603857665933,5.424793,1.3077985
2023-12-10 09:00:00,15.535086266147744,17.403229,14.006744,12.814923249088912,16.099304,9.142274,2.197477326133256,3.2279677,0.60241663
2023-12-11 09:00:00,15.853161317428658,17.416412,14.555084,8.652221636011255,13.018052,3.0623894,2.0133538652889436,3.169029,0.36374584
2023-12-12 09:00:00,15.568771086467052,16.963776,13.870026,20.49792563170999,28.43006,16.547247,2.033798769023996,3.3016326,0.7465416
2023-12-13 09:00:00,15.65978413246529,17.611969,13.404938,18.144294092583817,24.775997,11.455684,1.5641089891013475,2.0880373,0.6280086
2023-12-14 09:00:00,15.919493576848481,16.67221,15.217438,15.896934263509216,21.18363,10.562536,0.9494858652921947,1.4523436,0.40367067
2023-12-15 09:00:00,17.172644882809493,18.464996,15.560699,9.843166047521555,10.957699,8.910824,1.0035878922389525,1.6041883,0.43351975
2023-12-16 09:00:00,18.923407512196263,20.799713,16.58487,11.777671150401314,12.680736,10.794017,1.1864114350542418,1.6244974,0.30562368
2023-12-17 09:00:00,18.97001285325814,20.787506,16.980865,9.563943026300802,12.388084,5.431053,0.8071675317147545,1.1997019,0.054112393
2023-12-18 09:00:00,18.12075830056324,19.516022,16.394928,12.959047977576672,26.09378,6.42257,1.2778814659153077,2.110873,0.54396605
2023-12-19 09:00:00,15.741717882082241,17.406647,14.969147,78.59361033107406,90.22692,68.898796,3.1242132292501226,4.623315,1.4938729
2023-12-20 09:00:00,15.095812352274947,17.318268,14.253815,88.14523746586957,93.03235,81.4313,3.4615201931807595,5.039884,1.5216779
2023-12-21 09:00:00,13.060417212102948,14.426636,11.987183,80.89941246181768,92.509384,72.89393,1.7146450164805127,2.684432,1.0106716
2023-12-22 09:00:00,13.863682315749088,15.7152405,12.615631,59.94800155608494,85.05336,45.609573,1.9006220847471824,2.8001652,1.0214198
2023-12-23 09:00:00,15.75270694755693,16.80484,12.191559,41.158848237055246,55.452686,15.07378,1.129563118222741,2.6364691,0.01958455
2023-12-24 09:00:00,14.881722741545559,16.080719,12.842438,14.532441980858508,32.999344,6.6275215,1.2566971915442557,1.9038872,0.47066358
2023-12-25 09:00:00,14.102180274971488,15.177277,12.583527,9.911597000692868,18.17622,4.7816887,1.4711974517140363,2.4731417,0.14036253
2023-12-26 09:00:00,15.426993943424463,16.517975,14.523834,7.705434277850023,17.014908,4.643814,1.1004426220119357,1.6738137,0.36955327
2023-12-27 09:00:00,15.360275868883832,16.72818,13.675446,5.951400234099048,10.822209,2.2170763,1.3459488375288697,1.8288949,0.8431017
2023-12-28 09:00:00,14.788662343461738,16.553864,13.67691,29.945324872594068,75.70919,11.369345,0.9538144494327269,2.1918917,0.32247406
2023-12-29 09:00:00,17.780502807689345,19.66153,16.171295,34.36270864073143,82.13664,19.349678,1.5583892078263129,2.289174,0.6464037
2023-12-30 09:00:00,15.89121609786082,18.157135,14.787994,61.06621687536526,79.43692,36.21586,2.591754309930908,3.8238556,1.0728503
2023-12-31 09:00:00,13.874081683538748,15.232086,11.437164,65.02306936395837,81.01379,42.619255,0.6647875715818582,1.9615304,0.06507819
