time,t2m_mean_C,t2m_max_C,t2m_min_C,rh_mean,rh_max,rh_min,wind_mean,wind_max,wind_min
2013-01-01 09:00:00,10.947364415550226,12.884247,8.327606,34.42781732062382,45.748634,24.874554,0.7163673016053138,1.4703729,0.12972718
2013-01-02 09:00:00,11.794779837462102,13.933563,8.662811,17.55568488476706,27.228996,12.691127,2.120844796767738,3.9075942,0.20365375
2013-01-03 09:00:00,13.314268957673562,15.196991,10.542694,13.967025855747613,16.833843,9.815811,1.1208828487495044,2.5481105,0.2679584
2013-01-04 09:00:00,14.220755414264943,16.701874,10.619843,11.438505780886988,16.059074,4.5545893,1.5016543578843122,2.8881843,0.16017896
2013-01-05 09:00:00,13.366478286422307,15.372406,9.6770935,10.569753520819907,16.117455,6.7398243,0.9661988555388618,1.851323,0.04114462
2013-01-06 09:00:00,13.654789363899965,15.134644,10.9198,15.488076220843599,18.43791,12.351973,0.860177124427952,1.8734158,0.30724767
2013-01-07 09:00:00,10.981031737074773,13.429169,8.183075,40.97373225278426,51.937817,30.63313,1.259840881783446,2.5271785,0.5034615
2013-01-08 09:00:00,15.608838551193571,17.697296,14.576202,14.236110239992678,16.69009,12.029524,0.8225983704163348,1.7293096,0.338709
2013-01-09 09:00:00,18.15035597715695,21.818024,15.730133,22.045142384950257,24.554241,19.269085,0.5977943169089901,1.6381391,0.024866302
2013-01-10 09:00:00,16.299819007194515,19.307037,14.500397,28.97648298207508,34.648712,23.074493,2.54027298563262,3.771395,1.3734562
2013-01-11 09:00:00,8.284318995169883,12.010895,4.3792114,25.70784000408542,39.53094,12.237973,3.571808078168827,6.1100845,2.1589928
2013-01-12 09:00:00,7.742813468905638,11.107117,3.5778198,32.88509154031141,43.57939,25.72392,0.5913357162043673,1.1833173,0.028176457
2013-01-13 09:00:00,7.798100064561595,10.927032,4.3971863,29.87766982239838,46.032753,20.23825,0.9943456624768109,1.7514238,0.40355462
2013-01-14 09:00:00,7.947326242876102,11.381866,4.5986633,30.34483792168409,45.586075,12.75823,1.1311828255679817,1.8175917,0.60420465
2013-01-15 09:00:00,7.714511138215187,11.089294,3.520935,17.58952691677893,21.109127,13.941159,1.415263606353562,3.215614,0.32358897
2013-01-16 09:00:00,11.385696022635557,13.735565,8.614471,27.072967308351704,31.917244,21.819588,1.664015249303307,4.020923,0.28739572
2013-01-17 09:00:00,15.972244680286735,18.228485,13.751923,19.064895116196272,28.423754,14.35119,2.3236671719290865,4.7450843,0.26627126
2013-01-18 09:00:00,18.231503666194385,21.423187,14.8072815,18.508002452454303,24.742498,14.314693,2.0114992344966756,3.8002658,0.17557044
2013-01-19 09:00:00,18.208853272770796,20.86795,15.444092,15.77126105732898,20.36052,13.010945,1.6408388321164982,3.2779381,0.10823852
2013-01-20 09:00:00,20.129513332961267,23.112366,17.419006,13.50982866307518,16.687244,10.056804,1.2394580601797898,2.6218684,0.14074238
2013-01-21 09:00:00,20.244356551096814,22.779541,17.865479,7.967791376826029,11.426617,5.9227104,1.2106694251559975,2.5328112,0.17179008
2013-01-22 09:00:00,20.789793801815847,23.32428,18.248108,7.662207721560829,9.389568,6.246109,1.2204106399783423,2.636231,0.09038413
2013-01-23 09:00:00,21.313350280779616,23.269257,19.009491,12.089034264938473,14.966009,9.522276,1.298253711074821,1.9944712,0.13848908
2013-01-24 09:00:00,20.18641076463956,22.120087,18.74704,29.152934399532757,33.50023,23.555191,0.3553140971209514,0.6190164,0.13165283
2013-01-25 09:00:00,18.464384138718913,20.283875,16.127625,61.55810656533583,73.68636,48.607506,1.2457357678571606,2.168462,0.54731405
2013-01-26 09:00:00,14.836477040229738,16.94513,11.9422,81.23329058696523,90.54922,66.621025,0.41483951982924616,0.7782821,0.19623408
2013-01-27 09:00:00,13.362603005166989,15.387421,10.656952,64.10730809148693,98.57448,14.243125,2.527171525356145,3.8744142,0.85430765
2013-01-28 09:00:00,10.725418821923768,14.579498,7.0521545,48.07830979730063,74.77091,14.089628,2.7486985932527648,5.852472,1.4721427
2013-01-29 09:00:00,10.472509917264006,12.97879,7.2619934,40.29466996380732,48.685238,31.497177,1.180760445401351,2.762229,0.18533926
2013-01-30 09:00:00,13.665744782361514,15.4844055,10.750366,35.30207226586041,43.104984,26.69672,0.5196521286052035,1.1748947,0.1598313
2013-01-31 09:00:00,16.403503326490693,17.528595,14.284454,29.07189956187554,33.579594,21.28994,1.0895619240902379,2.6094348,0.46645474
2013-02-01 09:00:00,17.914286351119586,19.966736,15.3836975,19.66433825963001,27.909193,11.506849,0.984618090745091,2.3596106,0.51565737
2013-02-02 09:00:00,19.931235505883535,21.410187,17.856842,17.101833267538858,21.567902,12.925889,0.8696036929530576,1.7279006,0.17365353
2013-02-03 09:00:00,20.05895642897076,22.049744,17.157166,21.68137910840307,27.717548,15.959098,0.5730676993062188,2.0226316,0.09373355
2013-02-04 09:00:00,17.289224492756887,20.957489,15.4028015,37.68218997002918,44.171127,31.383633,0.5820318560165189,1.8452512,0.14323294
2013-02-05 09:00:00,16.885561467969126,21.715698,14.0321045,25.6029942434458,32.136223,18.271778,0.8764789586608585,1.4758369,0.56407094
2013-02-06 09:00:00,15.274975694076204,21.5654,12.8508,25.04123840235345,33.94593,16.690447,1.5509359233626803,2.4087422,0.87109566
2013-02-07 09:00:00,16.23462579869681,22.514801,14.33902,23.43115743527967,35.736343,17.74907,1.0125942819761886,1.7282039,0.61493534
2013-02-08 09:00:00,14.536762960557496,20.513977,12.324524,30.240777282891475,52.58461,9.213517,3.4555457969654815,5.372011,1.9056575
2013-02-09 09:00:00,8.164164759098696,11.3342285,4.4709473,61.3802986787634,78.57855,41.43402,2.3370223442497,5.6662703,1.2795727
2013-02-10 09:00:00,9.53341377543336,13.095551,5.6805725,45.201999989641386,54.635365,32.68224,1.5231060814222201,2.9913354,0.7141924
2013-02-11 09:00:00,10.246791435098487,14.149506,7.0270386,53.923823909812654,67.84337,27.651958,0.7627254112377515,1.5748516,0.109873325
2013-02-12 09:00:00,11.506955266274645,13.82193,8.878571,19.96736471683453,28.343925,13.017708,1.0058644293369299,2.2343276,0.31518874
2013-02-13 09:00:00,13.50896666535101,15.593903,12.011383,20.196381701692285,25.721928,14.9155655,0.9632132041423589,2.7435145,0.29676208
2013-02-14 09:00:00,15.705656700479096,18.555573,13.811432,24.740573696858135,28.502537,22.759527,0.7119972913900012,2.2704525,0.21757668
2013-02-15 09:00:00,18.763967357458228,21.090973,15.671051,18.200257788988228,24.981308,12.204787,1.7964016578997144,3.867793,0.60306257
2013-02-16 09:00:00,20.561905461481388,23.180481,16.67398,9.659612498871727,16.29433,4.3372993,2.5329265324108654,4.665588,0.6229963
2013-02-17 09:00:00,20.62051036191565,22.42337,18.511261,13.03869413116283,17.009216,8.253373,0.9030063443541879,1.5899647,0.44582766
2013-02-18 09:00:00,15.54597450146457,21.966156,13.698578,16.17802189668852,20.009897,13.365366,1.7622968207404757,2.6613107,0.8213751
2013-02-19 09:00:00,14.820298818264689,20.494446,12.812805,18.959479343117753,31.320562,6.644497,2.514798314232486,3.5406082,1.4083626
2013-02-20 09:00:00,8.854623250122813,12.68222,4.4029236,63.43627678994546,88.57909,42.758774,4.3724691149602855,7.100018,2.9568944
2013-02-21 09:00:00,10.23245755952729,13.339539,6.63797,49.32045279083923,60.28958,42.495224,1.9613564161092334,3.616573,0.95280075
2013-02-22 09:00:00,11.512468573427782,13.129395,9.080566,24.66176394863901,39.586754,18.4987,0.4169788983838831,1.0152229,0.08811311
2013-02-23 09:00:00,13.972095581181804,16.915192,11.64566,27.11863111964526,34.73896,17.387396,0.8586449990543974,1.4392115,0.3956805
2013-02-24 09:00:00,13.976907415506105,20.501862,10.874908,15.219073802484536,27.095654,7.697215,0.6573120497789434,1.2297443,0.08087591
2013-02-25 09:00:00,14.390314967899883,16.88321,11.039459,11.355703576877033,17.330673,9.127547,1.1536499372227527,2.6885822,0.39407432
2013-02-26 09:00:00,15.549634178228644,17.383698,14.425934,11.990329708451203,15.072354,9.464454,0.6744687177406574,1.9669086,0.22693346
2013-02-27 09:00:00,16.350613249756407,18.569489,12.675934,15.365088521877457,18.982346,12.609208,1.790678005373956,3.7112432,0.5986655
2013-02-28 09:00:00,17.36754459568556,20.230621,14.146637,11.136655124947973,13.589979,9.164316,1.5329657980127074,3.3400652,0.37206057
2013-03-01 09:00:00,20.58874810088895,23.771149,17.364899,13.692435206754888,15.705056,11.474587,1.982381438011905,4.1660876,0.24867868
2013-03-02 09:00:00,23.051689500275074,26.176422,19.995636,13.667682628412697,17.392637,9.24071,1.4934082775433448,2.9269526,0.21447411
2013-03-03 09:00:00,24.026585664281924,26.21109,20.464996,11.44687349793979,14.162826,8.846419,1.1553988876966195,2.637264,0.3442168
2013-03-04 09:00:00,18.580437180685408,25.22232,15.903961,22.242900083818643,29.801714,18.051714,2.264283514758408,4.2789745,1.2655689
2013-03-05 09:00:00,18.172429428749638,23.503082,15.536285,31.61874669636127,39.55155,25.05732,0.9214123147608724,1.7360834,0.37378594
2013-03-06 09:00:00,16.478699456841014,23.00113,13.893707,37.17508766993257,58.247147,19.383139,2.2978872614113954,3.1001482,1.3371158
2013-03-07 09:00:00,15.670480941611913,22.235016,12.832672,58.02571418215292,77.07719,37.38578,2.005856674435997,4.14029,0.94446623
2013-03-08 09:00:00,12.328821325143736,16.350739,8.452301,61.440401991222316,83.2952,29.326443,2.860245811171898,5.15068,1.759192
2013-03-09 09:00:00,10.548203626342115,13.072418,7.068512,77.78802828325856,89.06424,59.070305,2.5669857222684134,5.7061915,1.3361012
2013-03-10 09:00:00,16.168312502181152,18.834137,14.627106,25.693850052920148,32.086304,12.594117,0.8053763424697723,1.6481783,0.30462286
2013-03-11 09:00:00,19.474537421582852,23.575592,16.981598,12.961277577724472,15.969731,9.062418,0.8761767904357854,2.3059552,0.16483243
2013-03-12 09:00:00,20.150180551216863,23.630524,15.839264,13.466750660826978,16.669884,7.6380625,0.7742587313791158,2.7041824,0.107214466
2013-03-13 09:00:00,23.12470971535663,27.555573,17.60733,15.122927703058469,15.863328,13.585668,1.069400797841304,2.4047763,0.29489425
2013-03-14 09:00:00,23.832483806490927,28.755768,17.3378,15.187150219483977,18.50918,11.115786,0.9470545796750071,2.245466,0.12710895
2013-03-15 09:00:00,22.812805979334826,29.59024,15.367584,16.078634262331704,19.205513,12.971137,0.6534427280048155,2.0070395,0.10170659
2013-03-16 09:00:00,21.97443665407212,30.387604,15.8524475,10.781536814193663,14.379797,6.8602657,1.610406869768582,2.9982214,0.560417
2013-03-17 09:00:00,19.257160649125012,29.595062,13.907562,15.326731349255963,26.931768,8.479497,1.6129234150619867,3.0964687,0.7680695
2013-03-18 09:00:00,19.039503358998616,28.103851,14.765961,14.275636599293756,21.68969,7.0688963,1.5862527986527595,2.3450553,0.8343511
2013-03-19 09:00:00,18.52193466424012,25.914215,15.059723,22.3164397870695,36.42741,5.3250046,1.5890699061258948,3.4600112,0.7798188
2013-03-20 09:00:00,20.3215330211043,26.623932,16.525879,26.448671208936585,29.328987,21.616776,1.6883187500240964,2.7536209,0.8754542
2013-03-21 09:00:00,18.52896996225462,25.56778,15.735992,23.468873779688874,34.24222,14.679335,2.094680240350274,3.6852932,1.1107702
2013-03-22 09:00:00,19.300173538519232,27.648346,16.290924,24.617625319222913,40.29676,14.123777,1.5950785291348484,2.025952,1.2430775
2013-03-23 09:00:00,19.44705454740921,26.728424,15.574127,14.462367444907093,21.341293,7.255357,0.794435133537917,1.9632454,0.07280369
2013-03-24 09:00:00,19.463519244232657,22.371979,16.524567,20.381271800522022,30.106417,13.079621,0.8341269712273035,1.5790325,0.043409944
2013-03-25 09:00:00,21.595937567521958,24.69693,17.669098,17.647494419950878,23.15099,9.627622,0.8149582570785706,1.9956782,0.27764332
2013-03-26 09:00:00,21.474927459816854,26.848785,16.778473,13.319023346391125,18.52406,6.9381227,1.3667125202526333,2.1404347,0.38601482
2013-03-27 09:00:00,19.53726743070672,27.504303,16.084381,16.210687463639644,26.590965,6.464203,2.0500745904196718,4.0905013,1.0903332
2013-03-28 09:00:00,20.342330695799717,25.666656,17.151031,33.64557354281796,39.98151,24.872421,1.8546098220470006,3.1691618,0.90735835
2013-03-29 09:00:00,20.967060012659886,25.204254,16.780426,30.165552987114058,34.235615,26.493427,1.288747040153126,2.6761718,0.5245781
2013-03-30 09:00:00,20.688118792643422,25.948883,17.102448,25.240507879898352,30.901318,16.160576,1.2457845566498853,1.6113122,0.5862236
2013-03-31 09:00:00,19.812098245008542,27.987213,17.076569,40.636058586989826,49.771053,26.661678,2.2856748698718463,4.271317,1.4984825
2013-04-01 09:00:00,17.94822537319419,24.129303,14.984772,49.83902906030691,65.42626,24.234854,3.2164487461380755,5.1502504,2.2642078
2013-04-02 09:00:00,18.79413405620818,23.161041,16.222565,32.936875853773074,44.235584,24.368397,2.79560224974066,4.174989,2.1685789
2013-04-03 09:00:00,21.30907697987027,26.106354,16.233063,20.767865434098983,28.280663,13.762296,1.0635183770371022,2.8831863,0.31778103
2013-04-04 09:00:00,21.517169017267975,28.204254,16.645172,18.20397918367817,21.837536,12.271983,1.2193503876136353,2.4157736,0.45732823
2013-04-05 09:00:00,20.384583066055825,27.919586,16.966461,36.89357855300551,50.24718,19.453476,2.4235821284690133,4.2177973,1.4729571
2013-04-06 09:00:00,18.505147957503766,25.394196,16.848053,37.79398973322624,56.57131,21.449402,2.3918754755689293,4.275666,1.5786031
2013-04-07 09:00:00,19.755485264944696,27.44693,16.962555,29.576812639126775,36.97982,22.83529,1.8825803758280093,3.1107388,1.1636152
2013-04-08 09:00:00,20.317192980825894,27.531647,17.273834,29.748159835780186,50.88852,16.298676,4.186457344292211,5.986637,2.8612514
2013-04-09 09:00:00,16.474680127411432,19.446686,14.140045,36.96401758760204,52.349983,18.182014,2.316612678955003,4.1048784,1.3409063
2013-04-10 09:00:00,19.850978555984113,23.146881,16.46988,18.755971262674194,23.418953,15.181846,1.1686506916550845,1.8383845,0.7475147
2013-04-11 09:00:00,22.298613231612876,26.628082,19.48941,13.735549122200508,15.913065,8.1634,1.5664653872496435,2.6321197,0.6674542
2013-04-12 09:00:00,21.075286085347614,28.438873,16.790436,25.03170811236078,31.14326,18.561691,1.571046688881788,2.7408624,0.61083025
2013-04-13 09:00:00,21.90760105814843,28.39981,16.259186,20.73303155205547,26.221582,15.044872,1.347817288278195,2.4049873,0.6844242
2013-04-14 09:00:00,18.682597141144527,27.877838,14.754059,23.936264744918468,42.40061,9.634986,3.1017359182745263,5.071814,1.9556001
2013-04-15 09:00:00,15.994977683191735,25.382965,12.756012,58.6551135523513,84.2389,23.488903,3.727649551689898,6.542794,2.514307
2013-04-16 09:00:00,13.93125038305135,19.980133,10.600006,59.56647427825623,95.25321,19.177776,3.673835843493311,6.8558474,2.605139
2013-04-17 09:00:00,16.873294716853536,18.89273,14.225006,31.215325511249635,36.824783,19.637281,1.87450067245811,3.0989819,1.1904106
2013-04-18 09:00:00,20.04041103739746,22.765045,16.834625,13.545065912643558,15.502974,11.539498,1.8820526294572755,3.1771364,0.86823344
2013-04-19 09:00:00,22.498991034562607,25.444489,19.45816,10.91073736989936,12.452985,7.847516,1.7881038589441376,3.4155092,0.6180709
2013-04-20 09:00:00,25.238222804131453,27.161774,21.302399,9.734815374682446,11.476854,8.316829,0.7502102661559719,1.9198551,0.108300924
2013-04-21 09:00:00,26.595063016567906,31.369537,20.19571,12.581911782760342,14.376911,10.983608,1.016618474892151,2.0023954,0.39079773
2013-04-22 09:00:00,24.286092502591202,31.708405,17.766998,10.125129530228389,12.638638,7.970532,1.5903202638493341,2.37437,0.60775346
2013-04-23 09:00:00,21.915841563162417,31.808746,15.577057,20.093926479420258,27.129044,12.074355,1.38430587473468,2.288977,0.55351645
2013-04-24 09:00:00,22.88994931632169,29.321198,16.342682,21.313958774900527,27.473206,13.942285,1.3297793701229552,2.8170116,0.31875327
2013-04-25 09:00:00,18.332340066559823,26.30899,14.453033,52.00274002313246,82.7709,7.457775,2.5226909635383294,4.6298285,1.507618
2013-04-26 09:00:00,22.64596131896974,26.910797,18.758453,20.920267553261738,29.502234,13.5178585,1.7323581400526082,2.7884037,1.0234152
2013-04-27 09:00:00,24.335983298721203,30.310211,17.924713,12.553788441946228,18.701633,7.9958115,1.3604665671270548,3.8251767,0.10603074
2013-04-28 09:00:00,25.04565828424785,33.47867,17.71695,9.810650312586384,17.939968,4.024205,1.3025719921817192,2.746798,0.41252863
2013-04-29 09:00:00,24.760726383239103,34.110504,17.456207,9.877689036449997,13.269369,5.0904436,1.6060969286795896,2.3982167,0.9144354
2013-04-30 09:00:00,24.10264551308427,34.83194,16.214752,11.947132313600122,17.180336,7.6762743,2.249351560804085,4.3188386,1.1836019
2013-05-01 09:00:00,23.184895041710035,31.859772,18.059479,28.83401606964069,38.78344,13.492041,1.902422100866705,3.4614463,0.52270144
2013-05-02 09:00:00,26.52955890776809,31.692291,19.925446,4.02424948902708,5.754074,2.6642303,2.270566360000565,4.12161,0.15621574
2013-05-03 09:00:00,27.898278717877588,30.764069,24.639557,5.36631077292989,8.221214,2.672083,1.5394634491713288,2.9611492,0.2514629
2013-05-04 09:00:00,27.793826422468726,31.611969,22.195953,7.829664178404876,9.214253,5.6279507,1.7963367040588636,3.1879392,0.6394087
2013-05-05 09:00:00,21.079678409366466,29.030182,17.688385,18.619618684233064,30.599743,10.476177,3.6636831228397737,5.5080543,2.08328
2013-05-06 09:00:00,16.92032858703709,22.068512,13.621246,68.7908626046405,84.551186,44.73478,3.8765547580468023,5.676881,2.7328675
2013-05-07 09:00:00,16.814016011298747,21.235992,13.114899,76.81966965028174,91.45126,63.633114,3.11213257465435,5.721058,2.0896733
2013-05-08 09:00:00,18.07133499637905,22.505524,15.460846,56.38389701434614,67.45741,41.88319,2.0989294498179683,3.5060844,1.3643866
2013-05-09 09:00:00,19.332899540398955,24.61441,17.290192,56.82603119154977,74.28061,36.54978,2.2631398942665015,2.8912368,1.1022282
2013-05-10 09:00:00,22.87655865106393,27.887848,18.694489,36.05763838340658,42.504925,32.47758,1.4122859450644316,2.3606508,0.34495547
2013-05-11 09:00:00,26.063039699965827,31.758698,19.725006,20.197785628602244,23.230791,13.524582,1.0165893260205552,2.3035877,0.27608523
2013-05-12 09:00:00,29.748675406923837,34.1503,22.967194,16.102931094518524,19.563896,11.432467,1.178552050258858,2.408478,0.20321721
2013-05-13 09:00:00,32.73078819709957,36.103912,25.948883,14.45265570779872,20.26943,9.342551,1.185354412701319,3.0534618,0.47527936
2013-05-14 09:00:00,30.945161087328074,36.986237,24.292877,8.536762299534383,12.6726265,4.2698517,1.8505552304634267,4.5248575,0.553181
2013-05-15 09:00:00,25.181116957969266,35.175446,18.864899,10.455681052648158,18.294254,5.098942,2.568195665544039,4.8795443,1.5151565
2013-05-16 09:00:00,23.457079398360463,33.233063,17.830719,20.56886376216596,29.563286,7.5774126,2.5602918423181946,4.916868,1.4130771
2013-05-17 09:00:00,22.388825089097907,32.465485,18.463287,24.425053599453143,42.640335,7.530032,2.703661295078461,4.719951,1.8021097
2013-05-18 09:00:00,21.531732140493716,27.290436,18.959137,51.1342233500337,68.08418,33.165768,2.700319382069585,4.272875,1.8443426
2013-05-19 09:00:00,23.571025214902022,30.70108,19.439117,21.46541670987299,32.784092,10.721591,1.7980070594492215,2.6990173,1.0286131
2013-05-20 09:00:00,26.17684009139805,32.99356,19.253326,20.376633581291138,26.811806,12.71158,0.9388693861125322,2.4465685,0.04804835
2013-05-21 09:00:00,25.86384056271436,32.175446,19.532867,18.965228647480863,24.990341,12.48791,1.183550525043338,2.0225904,0.14579608
2013-05-22 09:00:00,25.675085290444315,34.470123,19.610748,18.884757186148786,28.65604,11.191196,2.3350298481241656,4.195433,1.2426076
2013-05-23 09:00:00,22.052343415185476,31.227936,18.214264,15.03350696534193,33.76272,0.8718269,3.226364730602504,5.36488,2.0454898
2013-05-24 09:00:00,21.472858662024976,29.107819,18.350006,12.758245445104494,28.767242,0.6721876,2.462137045244396,4.2411113,1.7529603
2013-05-25 09:00:00,21.838887793801348,30.611969,17.603424,7.314719663425136,16.87407,-0.39420414,2.1869308771590084,4.032925,1.3913152
2013-05-26 09:00:00,22.09214983649548,31.09439,17.893219,11.683745049788167,22.098743,2.054369,2.399107397920266,4.361089,1.5463479
2013-05-27 09:00:00,22.324629262787084,30.190826,18.403717,25.978967212391744,35.064808,15.623402,1.9988390765867918,4.142139,1.0836864
2013-05-28 09:00:00,22.338246082433614,31.735016,18.550446,31.854736314785296,44.96682,19.650412,2.6552169654537625,4.793907,1.8735933
2013-05-29 09:00:00,24.25510049226483,29.860504,19.51944,24.64499340214948,30.580124,16.911184,2.0503869153967855,3.6661623,1.2258252
2013-05-30 09:00:00,26.057604054416174,34.219635,20.17862,19.98128385432876,27.261387,13.896005,1.8656184943778875,2.8744636,0.82334816
2013-05-31 09:00:00,26.75443942114316,34.27359,20.136871,16.97301298978671,22.434902,9.38223,1.5349112653520778,3.0039716,0.479605
2013-06-01 09:00:00,28.174151988904782,34.739655,19.261139,20.818284156607856,26.06807,16.445969,1.1122984069969868,2.360834,0.21928164
2013-06-02 09:00:00,27.48903795359007,36.693512,18.621246,17.36575420058443,23.45758,10.2085905,1.329988263106704,2.6682258,0.3506504
2013-06-03 09:00:00,26.08455498948973,37.427155,19.05484,14.784191672168438,24.760445,7.1012487,2.2052319395840216,3.7002451,1.1110983
2013-06-04 09:00:00,24.81840739771326,35.419586,18.202057,9.69266017447657,15.812134,4.0528955,2.0753789385410952,3.1134994,1.1682092
2013-06-05 09:00:00,25.33700822582341,35.683014,18.852936,7.450258609881239,13.544209,1.0071546,2.145332703148779,3.4608889,1.1023196
2013-06-06 09:00:00,26.14594696892908,37.02774,18.47696,8.489860332683158,11.630828,2.0620108,2.186636436422233,4.291699,1.1316016
2013-06-07 09:00:00,26.44590263035201,38.650543,18.170074,7.227663167371438,10.472575,3.1483564,2.058225204757766,3.6710165,0.9628733
2013-06-08 09:00:00,27.259989218581495,38.94742,18.011871,13.542827008772958,28.596775,1.8265533,1.552603893231321,2.5626326,0.785403
2013-06-09 09:00:00,25.8166703829026,36.82852,17.47232,7.487385406841559,15.7340355,0.648098,1.5648856453088573,2.5893774,0.8246037
2013-06-10 09:00:00,25.854010833599943,35.765778,18.987701,6.720561012452511,16.738586,-2.6981096,1.7202859750025326,2.804469,0.99639815
2013-06-11 09:00:00,29.885176988195894,35.47647,21.2128,10.523319204758868,13.947616,5.87138,1.9021339560933757,3.6872706,0.8706013
2013-06-12 09:00:00,26.805642716560953,36.856598,19.366364,12.380318276824037,16.554962,5.318901,1.6812685273744117,2.841751,0.6993317
2013-06-13 09:00:00,25.765355408041387,36.948395,18.076324,13.562881885698099,20.129417,6.3419485,1.959613666363211,3.6541827,1.0353174
2013-06-14 09:00:00,26.926177323742422,37.521393,18.906158,8.280288546641513,11.576268,4.072362,1.688138870382087,2.5583045,0.8668506
2013-06-15 09:00:00,25.953365076040654,36.37393,18.289948,4.8432285537003095,10.879574,-0.2937534,1.9360599250317228,3.3126135,1.1287031
2013-06-16 09:00:00,25.821460687652973,36.321686,18.797516,3.7105854269108405,8.095881,-0.51455975,1.9490707191210492,3.715896,1.0112014
2013-06-17 09:00:00,27.33425585105698,36.825592,20.920563,8.72964885159381,12.729383,1.4330902,1.6669530283436325,2.8171468,0.9065378
2013-06-18 09:00:00,27.158769040555455,36.874176,20.362457,9.237543667849371,13.566258,4.671727,1.8967214684994833,3.455088,0.9820215
2013-06-19 09:00:00,26.099929210364337,36.58609,19.683746,10.597540884354002,14.904852,4.872818,2.262141064686469,4.1277122,1.4698917
2013-06-20 09:00:00,26.784782952401372,35.987457,21.396393,7.8571561096850315,18.081966,1.4608536,1.8949387474686765,3.4654934,1.0376371
2013-06-21 09:00:00,27.21146481333284,35.887604,21.403473,8.026992790516232,12.717427,4.123329,1.9671423459800985,3.3143282,1.0189347
2013-06-22 09:00:00,26.476866553080527,35.840973,20.575348,13.784052301257008,19.521515,9.00589,2.084874402350838,3.669366,1.1270676
2013-06-23 09:00:00,26.453306723369394,35.992096,19.44522,19.62375890971527,27.71654,12.134879,2.4044480036781897,4.124631,1.5126206
2013-06-24 09:00:00,24.184619492089894,34.43814,19.28482,28.11344724619706,35.498703,15.373702,2.6411306208161798,5.106998,1.6469783
2013-06-25 09:00:00,24.821376319576814,31.501862,21.072174,48.03293147901083,56.542862,37.76339,2.2689738104642325,4.0547876,1.4007711
2013-06-26 09:00:00,29.210529321285094,35.28311,21.585358,41.1341695776372,48.932137,35.342453,1.5632097306037331,3.8564434,0.47077602
2013-06-27 09:00:00,31.195260722941214,37.897858,23.24234,30.905486733656254,36.762535,24.41883,1.1699914303759462,2.0960405,0.25363243
2013-06-28 09:00:00,32.30455707198428,40.00064,23.40689,11.777866772259465,18.556717,8.267654,1.6051688897287275,2.6428182,0.7599224
2013-06-29 09:00:00,34.00965245826427,44.250153,23.58609,10.217158693366486,14.5551405,5.7390347,1.9631973263414277,3.2432206,1.1858835
2013-06-30 09:00:00,34.315966172929905,44.86148,23.58609,12.655367956630585,14.54234,7.8341417,0.8310203757384222,1.7882539,0.3156739
2013-07-01 09:00:00,30.887234418467415,39.999176,23.68814,14.169123331635172,17.478222,10.799034,1.2193254779500953,2.1066484,0.29754633
2013-07-02 09:00:00,31.608089380685954,39.5231,24.052399,26.30424177835126,30.40658,18.626173,1.8321113129145175,3.1480153,0.942542
2013-07-03 09:00:00,29.25464243006587,39.40445,21.808014,22.94699298814043,29.581787,18.30835,1.897809403101337,3.8897321,0.5375282
2013-07-04 09:00:00,30.436172337505752,41.310455,21.490143,20.997738470070114,25.679768,15.796991,2.012146411149174,3.3134649,1.1418276
2013-07-05 09:00:00,29.69218875193775,40.706696,20.82193,18.2037329277299,22.723576,14.793887,1.674404904992324,2.9109695,0.9404618
2013-07-06 09:00:00,28.427090537512413,39.144196,20.981354,21.086767384317174,26.367805,16.691957,1.5109992562887367,2.6003947,0.8039711
2013-07-07 09:00:00,28.607636072561945,37.042633,21.601227,18.56893107822544,27.8904,10.81671,1.8240191354212127,3.0204635,0.84115344
2013-07-08 09:00:00,31.11301128144237,40.513824,22.094147,12.364605974421915,16.054668,9.696512,1.7313180383194646,4.180073,0.8485059
2013-07-09 09:00:00,31.887820350577442,41.2045,22.241608,12.71789873613106,15.467138,10.039123,1.5907378444493911,4.121889,0.20440502
2013-07-10 09:00:00,30.979919955090736,39.557037,22.803131,16.041338200206077,21.856745,9.98655,1.407819952142323,2.449474,0.038908064
2013-07-11 09:00:00,27.871446685128888,35.960114,22.738678,30.91575096166975,36.83522,22.32613,1.4320861793456936,2.8885465,0.7412141
2013-07-12 09:00:00,28.123473243159083,33.593903,22.722809,46.05235432534445,50.76753,36.914524,1.416317625330052,2.3536081,0.43106988
2013-07-13 09:00:00,28.539901456156485,35.30948,22.338287,25.321194021580972,39.791283,6.7520914,1.4792542274851173,2.6001909,0.5095254
2013-07-14 09:00:00,29.719584284847713,37.41324,22.809235,21.765596122675927,32.001488,9.751464,1.4037555582096621,2.8833418,0.46016797
2013-07-15 09:00:00,30.055236624737063,38.690582,23.278717,21.445791413059847,25.024721,16.121677,1.7262142348083112,2.5626662,0.5245553
2013-07-16 09:00:00,29.243837981287015,38.132965,22.64273,10.995212267006774,19.200605,-0.89097786,2.5877864301061315,4.447325,1.250114
2013-07-17 09:00:00,30.755014825230376,38.280914,23.179596,7.413425674734625,13.280029,2.228736,1.9211814273184238,4.140122,0.9869997
2013-07-18 09:00:00,30.214340112605782,38.738922,22.785797,4.845455764366455,8.693556,2.4123058,1.8390288553256442,4.2220764,0.6817794
2013-07-19 09:00:00,30.11997507356614,40.06363,21.434723,3.95901748313605,7.1005354,-1.6424103,1.545286081848152,4.0638113,0.24289219
2013-07-20 09:00:00,28.657417906093997,36.977936,19.950592,14.089701514017074,26.175179,4.1337614,1.2146767703908827,2.7726126,0.46823865
2013-07-21 09:00:00,25.609506291323555,32.867584,19.276764,53.156582402981215,61.136623,37.949123,0.9895494255711879,2.0625749,0.11535801
2013-07-22 09:00:00,26.54409078942041,31.470612,22.308502,71.02193180745383,78.92035,64.77877,1.0232211859421563,2.4407024,0.09979959
2013-07-23 09:00:00,26.127680517315866,33.053864,22.163239,62.78579161983731,67.38391,52.44641,1.5591314953890583,2.7074757,0.5061925
2013-07-24 09:00:00,27.43550217464042,34.962555,21.884186,48.545197883758156,53.209995,39.328556,2.038816935242213,4.0181656,1.1107209
2013-07-25 09:00:00,27.906227650923086,38.220123,21.02481,21.802607657898136,30.568476,14.767694,1.8135521473200251,4.2229567,0.83457845
2013-07-26 09:00:00,27.39073694369705,37.309235,20.28775,26.146025295066103,36.429356,9.073888,1.387170856341056,3.2663946,0.6018759
2013-07-27 09:00:00,27.559234756118315,35.00357,21.025055,36.48177621312896,46.777077,29.50383,1.5025460566394118,3.5884066,0.49991047
2013-07-28 09:00:00,27.53775489692788,37.567535,20.256989,13.738982936949599,25.901062,3.354188,2.100919403736869,4.0421042,1.0224975
2013-07-29 09:00:00,25.97321079164402,37.256744,18.952057,8.746998278839897,12.976321,5.0145397,2.132235409037733,3.9273918,1.0516394
2013-07-30 09:00:00,27.60588324952829,37.962555,20.29654,24.1445415517508,35.339386,13.198207,1.6476188339808695,3.034905,0.43344706
2013-07-31 09:00:00,26.93784641219702,36.604156,19.774078,8.929646101903716,21.70776,1.3483858,1.740735505300726,3.5432427,0.37233892
2013-08-01 09:00:00,26.64202831544327,38.166412,18.926178,3.044205875137093,5.0380373,-1.6870747,1.8054332025222388,3.197504,0.918243
2013-08-02 09:00:00,27.626443832144446,39.18448,20.223541,5.708148156196096,14.494984,-2.6800156,1.8029408062198609,3.1697073,1.0235208
2013-08-03 09:00:00,27.18622186015631,37.671295,20.134186,7.250476678142723,12.3985,2.2932873,1.641389399000128,2.8844194,0.9729655
2013-08-04 09:00:00,27.08590697152647,37.025787,20.19571,6.050472428525218,10.917987,-1.7181177,1.6219340625447884,3.1187642,0.77261037
2013-08-05 09:00:00,28.1560788306075,38.54312,20.220856,6.6193096988955356,10.826297,0.8099432,1.6551134087560437,3.4662902,0.70414764
2013-08-06 09:00:00,27.84440914098377,37.00357,20.527008,6.220867525984891,10.361328,1.0363293,1.746847030203824,2.9315646,0.6314175
2013-08-07 09:00:00,26.733868270462096,36.864655,19.927155,7.963932183930802,12.446579,4.514533,1.98214881615702,3.4955864,0.990474
2013-08-08 09:00:00,27.572190392061145,37.113678,20.598053,12.44904138420878,14.991695,8.050443,2.217275586957474,4.245772,1.0462098
2013-08-09 09:00:00,26.69778327532066,36.50772,19.980377,11.891637754843641,14.993323,8.09098,2.1629341060763623,3.9346638,1.0707554
2013-08-10 09:00:00,25.705781794291056,35.341217,19.53067,10.783900939291629,15.1488695,5.469182,1.7903920454057167,3.1645243,1.0151224
2013-08-11 09:00:00,26.690744786700975,35.59488,20.15738,11.267434481428953,13.529746,5.4928236,1.515905340964619,2.7631793,0.58551735
2013-08-12 09:00:00,27.31829213441756,35.81314,20.442047,14.204363939609825,17.341358,11.042024,1.5490860071598094,3.0108628,0.52943254
2013-08-13 09:00:00,28.435886613597688,37.243805,20.218414,11.545429472942045,16.560045,9.598467,1.2692472674352033,2.7751644,0.43285233
2013-08-14 09:00:00,29.292096912443014,37.061676,20.360504,14.899637263694652,19.450417,6.0988684,1.0357346488285488,2.5562434,0.042815886
2013-08-15 09:00:00,29.61223285474125,36.535553,21.09488,14.83549327817295,21.127214,6.282568,1.0308895644857938,2.5979586,0.13573135
2013-08-16 09:00:00,30.200089070589627,37.893707,22.042633,24.985419643042917,27.488632,19.64722,1.2457977615358946,2.111003,0.3097132
2013-08-17 09:00:00,30.708636784853184,40.04361,22.16275,30.21176531595121,33.530556,26.437475,1.5031043796646049,3.202009,0.68979305
2013-08-18 09:00:00,30.78423409420384,40.14688,21.844147,23.880900908422053,27.377377,18.15505,1.368537682970741,3.8528376,0.22980073
2013-08-19 09:00:00,28.398641935330488,37.818756,20.430084,29.823204192889452,39.774834,15.504719,1.0323253074407328,2.6906104,0.18648255
2013-08-20 09:00:00,28.626201649654718,36.3356,21.083405,15.107479665812493,20.517254,6.599284,1.4928302248637122,3.5555887,0.25888878
2013-08-21 09:00:00,30.710215448352358,38.57437,22.18863,15.208018613469314,18.798662,11.013443,1.5909854182055463,4.518282,0.69058913
2013-08-22 09:00:00,31.45149470747191,38.652252,22.540924,19.426393604213253,24.812141,16.026985,1.3616580255217952,4.393786,0.048636653
2013-08-23 09:00:00,31.10964992634308,39.26822,22.575592,24.971990147260662,27.371834,20.920269,1.3834636949334433,3.888674,0.294955
2013-08-24 09:00:00,28.949414895987616,34.020905,21.99942,17.38137307179805,47.164486,6.303279,0.9649890227636461,3.2341394,0.124925785
2013-08-25 09:00:00,27.09144170080225,29.808502,23.296783,39.96484945669009,67.12576,7.407013,1.2920353684146237,2.246357,0.17297003
2013-08-26 09:00:00,25.023275732227034,28.14737,21.39151,63.633407735291364,76.77961,53.47077,1.362977154162585,2.8863258,0.33849743
2013-08-27 09:00:00,27.904345691803258,29.875397,24.191803,68.17475146482595,72.802414,61.506325,1.2531113078222509,3.5890057,0.23028386
2013-08-28 09:00:00,30.099892736313336,33.856598,24.753082,53.74535332564003,60.783394,42.57072,1.390691183165531,3.9143803,0.4182996
2013-08-29 09:00:00,30.317103022346203,35.235504,25.369781,47.50149071028297,54.157654,38.99376,1.1174595195696537,3.47989,0.2299877
2013-08-30 09:00:00,30.009879483094096,33.122223,26.704254,70.596419143516,83.53958,59.617702,1.408198600656883,2.6956704,0.49529114
2013-08-31 09:00:00,29.241998985505063,33.048492,27.180817,72.56082491340342,84.061584,64.70903,0.9339345314942326,1.8019571,0.5873599
2013-09-01 09:00:00,29.499238190488313,35.318756,26.498444,52.088523110745854,68.92511,36.48543,1.8519851805284546,3.3658524,1.294422
2013-09-02 09:00:00,29.14938761664439,36.53189,24.455719,39.14200720200844,47.820084,34.364822,1.7096534297217834,4.039469,0.8827301
2013-09-03 09:00:00,30.117613445281506,34.94864,24.95108,43.49072761258305,49.858437,36.802948,1.173277661770206,3.4894488,0.34655595
2013-09-04 09:00:00,31.4903500901259,36.293365,26.226715,40.32171510091197,51.9788,32.297142,1.2449395983852638,3.558958,0.32005367
2013-09-05 09:00:00,31.49988105087533,35.341217,25.796295,41.51605180070276,44.98311,36.52439,1.1087166218084044,3.5376735,0.13484551
2013-09-06 09:00:00,32.02826719773134,36.76236,26.480133,33.459924555940034,41.674812,27.60497,1.199423907572394,3.7901187,0.21942215
2013-09-07 09:00:00,31.129771465335182,36.266754,26.198395,46.616588538415144,61.16535,33.202213,1.4155694879717355,3.64503,0.18706638
2013-09-08 09:00:00,28.84855318727722,30.82193,25.872711,33.276494497099854,55.23004,20.855042,0.999494109558829,3.5589726,0.109913416
2013-09-09 09:00:00,27.925411470290783,31.69571,23.420319,27.611923359322844,39.993317,21.844584,1.5026400137195997,4.367927,0.34763786
2013-09-10 09:00:00,26.451315073784997,33.950104,21.707916,28.1073294768354,35.65233,22.361328,1.196869671008651,2.4054935,0.14911851
2013-09-11 09:00:00,25.67054296816758,32.263824,20.959137,25.472397903499598,29.267418,16.407167,1.4430364859864517,2.745324,0.65542036
2013-09-12 09:00:00,27.596375038235408,34.055084,21.817047,12.394431421265162,30.346634,-2.312502,1.276800177952732,3.5457475,0.21116056
2013-09-13 09:00:00,29.18011676433946,34.872223,22.76651,12.071265694813414,14.156969,9.002039,1.3415980677315646,3.372413,0.5254355
2013-09-14 09:00:00,30.048240654543008,36.67984,23.072418,14.75859209306882,18.240782,10.123594,0.8368140849725592,2.2278783,0.1336875
2013-09-15 09:00:00,30.716342080349364,37.283844,23.04361,19.109089558238647,22.059029,16.199654,1.1163919389783892,2.7776735,0.261555
2013-09-16 09:00:00,31.07637963837709,37.522858,23.832672,20.412071621300534,23.952652,15.328247,1.174995353334174,3.4547315,0.24474522
2013-09-17 09:00:00,29.18431816584831,37.473053,22.707428,14.788396322796638,18.767387,8.642386,1.6984136271078918,3.6037061,0.51308286
2013-09-18 09:00:00,26.13480047890141,36.08438,20.719147,6.832312330613376,12.760936,1.1002674,2.0018882798947417,3.7467558,0.9556417
2013-09-19 09:00:00,26.275342019204004,34.365387,20.632965,14.818311710824698,18.839363,5.1115627,0.9732567567406082,2.1655362,0.35274476
2013-09-20 09:00:00,25.886804673621782,34.11319,19.89444,21.402217723053383,35.514458,11.471364,1.2469640994370939,2.2809627,0.4644788
2013-09-21 09:00:00,25.140997447349037,33.744537,20.108307,9.773686106199282,17.273901,3.1137447,1.8731637440729276,2.9922779,1.1483706
2013-09-22 09:00:00,23.158537824968334,32.137604,20.833405,31.138308709288296,43.145283,17.867939,2.6504922868862213,4.4488506,1.842077
2013-09-23 09:00:00,27.29146314398372,29.930817,24.243805,18.46526025984394,24.838406,14.502945,0.9110345916643123,2.1031122,0.19417751
2013-09-24 09:00:00,28.73641171367484,32.897858,24.128815,18.552138395875534,22.62207,15.195799,0.8331778346290937,1.8694237,0.014389704
2013-09-25 09:00:00,27.22913390729758,33.26236,23.651031,19.786832172641823,23.375317,15.275804,2.4027577072096604,3.685172,1.357864
2013-09-26 09:00:00,21.96308673977603,28.978912,19.568756,20.287474567036867,39.38653,6.312312,3.5403512226154334,5.6614823,2.4359765
2013-09-27 09:00:00,22.326746549334132,24.735748,19.611969,18.526544893083738,21.528572,12.955028,0.9327112267967351,1.6529511,0.4361308
2013-09-28 09:00:00,25.456574100059015,28.135162,22.525787,12.333386774513562,16.96896,7.4482756,1.5577424830266657,3.0926955,0.5260082
2013-09-29 09:00:00,26.873295547568034,28.305817,23.971832,9.523435860086991,13.516375,6.649187,0.8041584585519878,2.2427847,0.11215861
2013-09-30 09:00:00,27.276395136289068,30.858063,22.957672,10.453041353817213,13.550593,8.612315,1.0507716069766655,2.2355063,0.13521622
2013-10-01 09:00:00,27.03684261924309,32.28824,22.686676,11.2638210473119,14.316626,8.289592,1.2528257034514445,2.2394454,0.37061173
2013-10-02 09:00:00,24.473069058135593,30.9357,19.312653,8.278100427315248,11.992524,3.3644924,1.840689298839117,3.138182,0.64263695
2013-10-03 09:00:00,22.8716325652818,30.530182,19.20987,26.003237046821795,37.490746,13.125068,2.198348214623088,3.6152198,1.5464655
2013-10-04 09:00:00,23.73352957239092,29.037506,19.845856,14.773282799813419,20.762926,11.399645,0.9006507029599164,1.6610507,0.12491378
2013-10-05 09:00:00,25.222969519830485,29.3378,20.89444,8.165640579954426,13.514413,3.6344986,2.6200044687094834,5.411596,0.53256434
2013-10-06 09:00:00,26.72715562387293,29.368317,23.571442,10.561090289583193,14.156551,8.062801,2.01297066493189,4.5958123,0.63634235
2013-10-07 09:00:00,28.006502606315507,30.084625,25.328766,8.753870818199735,11.978089,6.2004557,0.8579818024404285,2.7177982,0.13066556
2013-10-08 09:00:00,25.043218434812445,29.322418,21.83609,11.218513948657586,14.373773,7.1511164,1.842843692528897,3.407293,1.0823199
2013-10-09 09:00:00,19.672738925985357,27.534088,16.9794,39.51231136691891,71.9289,13.077817,4.249786651529543,6.7958035,2.983041
2013-10-10 09:00:00,15.33836109085945,17.73233,12.569244,69.33885044539747,78.15365,54.942707,2.5837350392316103,5.213224,1.4158318
2013-10-11 09:00:00,19.33321460971962,20.89859,17.970856,38.64962265531404,42.840477,34.231102,0.8750279165227244,2.12794,0.29746163
2013-10-12 09:00:00,20.724073349850187,24.33316,18.839508,35.11154132795448,44.678192,28.211323,0.9738322565300627,2.6755588,0.085352115
2013-10-13 09:00:00,21.075425341014295,26.114655,18.991608,27.58197151760341,37.08504,15.967811,1.5028834695864184,2.093212,0.76631427
2013-10-14 09:00:00,21.921799900214012,26.27359,19.25772,17.567570902868194,29.585358,9.22989,0.8562643608623794,1.8182703,0.33726254
2013-10-15 09:00:00,24.143387879602642,26.216217,21.675201,19.646634974524947,24.652006,14.308477,1.286709690873085,2.6657395,0.25064135
2013-10-16 09:00:00,25.03321531828834,27.097809,22.859528,16.503180643880963,22.18947,11.936518,1.0404459694861683,2.2031124,0.35657167
2013-10-17 09:00:00,24.79227053702067,26.57193,22.993805,16.388751620961518,18.342493,13.436273,0.5717352224840683,1.1220719,0.09702043
2013-10-18 09:00:00,24.336652247377174,26.525543,22.019684,12.358107324378393,13.923278,10.454528,0.7315380187959626,2.2194579,0.08393994
2013-10-19 09:00:00,25.293083461580125,27.757233,21.96939,10.955137737552088,12.380371,9.157715,0.941349429045878,2.3903642,0.15478516
2013-10-20 09:00:00,24.8693822134901,29.112213,20.532135,6.511049165251877,8.514339,5.0392437,0.8280288263531439,2.1755931,0.29356664
2013-10-21 09:00:00,23.811423593821075,28.794342,19.054108,5.107918858440196,9.1475725,2.499135,0.8353530235592426,2.375076,0.34610614
2013-10-22 09:00:00,23.549295790028566,28.208893,17.910065,10.316814414570016,12.105817,9.11487,1.3351223561057979,2.8909528,0.1935124
2013-10-23 09:00:00,22.850691875719235,28.192535,17.954254,12.930882320560931,15.660691,11.242683,1.2651600611851423,2.761644,0.07495415
2013-10-24 09:00:00,20.362441566820053,27.6044,16.731354,21.302083764526945,29.872524,10.492076,1.286568343694851,2.4541292,0.4237246
2013-10-25 09:00:00,22.60786061716101,27.77481,18.06778,14.0423182888302,18.161806,8.745446,1.184934572067116,3.118412,0.4324552
2013-10-26 09:00:00,24.14975950870189,28.331451,18.272125,13.854710905024012,18.725925,10.941693,1.0324990014946105,2.5072892,0.08339441
2013-10-27 09:00:00,23.4020625647301,28.237701,18.317047,17.263039019786493,19.474575,15.216763,0.5951133345066959,2.16126,0.1002704
2013-10-28 09:00:00,20.75962885333871,28.298248,17.882233,23.879912977125425,29.33405,18.3028,3.5402915634562113,5.83841,2.1005275
2013-10-29 09:00:00,14.840350089620188,18.819244,11.004791,76.00094663942357,88.26177,58.24615,2.542478422271987,4.9037094,1.2582978
2013-10-30 09:00:00,16.7051076415716,20.048248,14.891266,46.90413326027829,53.982983,38.99318,1.1928913556089538,1.7121997,0.7667313
2013-10-31 09:00:00,20.101075649404038,22.280182,17.440338,17.10025828912796,23.22021,10.0010195,1.142334472905124,2.2550786,0.21771406
2013-11-01 09:00:00,22.317753641753313,24.033112,20.376862,17.49741112557523,20.792793,13.933418,1.2876772623074886,2.8957975,0.07349852
2013-11-02 09:00:00,23.67320395652098,26.25235,21.043365,15.869640891777083,20.323593,12.0111,1.0718030647729069,2.1267056,0.1341407
2013-11-03 09:00:00,19.76555233180187,24.3732,17.21695,21.987685470590417,28.86354,16.266083,1.9370320301807455,3.003418,1.0949326
2013-11-04 09:00:00,17.614587590676877,23.967194,14.797272,24.597598190466925,36.179375,14.302622,2.297649485862668,3.7014577,0.869701
2013-11-05 09:00:00,18.23996192874131,21.325104,15.267731,25.758815118464394,31.574793,21.81698,0.6312998795789767,1.4680123,0.15682217
2013-11-06 09:00:00,20.438251935550966,23.542389,16.669342,5.9207180370708254,9.355651,2.9884634,1.7208582060710307,3.7750084,0.4556625
2013-11-07 09:00:00,23.373769225573653,25.890778,20.519684,7.473145637312068,9.828778,6.32043,1.9332952733497926,3.7465463,0.26111916
2013-11-08 09:00:00,23.64224362472129,25.927643,21.50235,8.496435379010306,9.255107,7.364482,0.4390149557451051,1.0924505,0.18982789
2013-11-09 09:00:00,22.093460096252386,24.728424,19.38858,7.589745311538438,10.643028,4.2747965,0.469336036715027,1.1546336,0.111417994
2013-11-10 09:00:00,21.802139722161826,24.016266,19.118317,9.402619966719856,13.91755,2.7533484,0.42164262969892674,0.89559174,0.10397045
2013-11-11 09:00:00,22.95967554778275,25.206696,20.679352,11.281554825351174,13.853472,9.017534,0.7729608001277098,1.5924193,0.12633283
2013-11-12 09:00:00,23.490597925269356,27.736786,19.215302,21.464316845255308,24.6754,18.73595,1.0032985997373585,1.8903965,0.3141726
2013-11-13 09:00:00,25.73574943170604,28.566559,21.959625,17.61621306387186,19.60041,16.137138,1.2632061802349959,2.4054115,0.15207651
2013-11-14 09:00:00,25.928806689082705,28.684479,23.291168,22.73367953192843,32.661674,16.735895,1.1312199962567493,2.2797403,0.3536994
2013-11-15 09:00:00,24.770397627058003,26.716461,22.101227,26.352447498707456,31.231224,20.7156,2.5381899783218067,3.7499845,1.3805059
2013-11-16 09:00:00,15.452953710430052,21.538239,11.906403,75.3736393573331,90.550026,50.23374,2.9056179413917897,4.498338,1.9514008
2013-11-17 09:00:00,16.47201743427746,19.532623,14.812653,68.99147514490812,80.63972,47.766666,1.6060413549077355,2.5504668,0.8231719
2013-11-18 09:00:00,16.885570133953138,19.01358,15.650299,60.10131115559774,65.3246,53.122414,0.6698817536153503,1.1014117,0.1306164
2013-11-19 09:00:00,17.279786571145962,21.021149,15.245758,54.13145413184275,67.98576,32.20466,1.7420718525486454,2.1268868,0.96042746
2013-11-20 09:00:00,16.46849646668346,21.64859,13.592712,59.52889735940293,74.99475,43.697266,1.9954464458696546,2.9652214,1.3629317
2013-11-21 09:00:00,15.972728038628532,21.25467,12.403107,80.100035288011,93.71368,66.51055,2.3541206124241207,3.8636942,1.3779534
2013-11-22 09:00:00,14.019897805206426,18.172699,10.170746,76.15609305046426,87.72874,65.9514,0.5618708662120118,0.94734883,0.17482056
2013-11-23 09:00:00,13.209692881568458,16.383911,9.33313,79.61171768075202,87.521576,72.807304,1.2830292909885266,1.7048459,0.8245846
2013-11-24 09:00:00,13.74209817517152,16.581543,10.341309,73.835939487447,80.63357,61.716408,0.74303311394424,1.4463964,0.3259423
2013-11-25 09:00:00,15.665117295316577,18.041656,12.893219,42.60667829846674,54.1059,33.332462,0.9953687647547248,1.9061767,0.29645422
2013-11-26 09:00:00,18.051569753717047,20.391754,15.4947815,26.2251159733709,32.11653,19.745436,1.275967253458418,2.86405,0.085286535
2013-11-27 09:00:00,17.612856051867652,20.915192,13.42691,32.025455725205575,44.15108,20.954065,1.8785193502695219,3.80629,0.13204104
2013-11-28 09:00:00,17.38297770849647,19.424225,14.196686,40.14926329210389,47.316643,32.831734,1.4701437958688057,2.4809885,0.5882056
2013-11-29 09:00:00,16.63106862447512,19.089783,14.697205,51.32924836169071,63.705307,28.547201,1.0595814722402281,2.7060575,0.39692643
2013-11-30 09:00:00,17.499451938674326,19.342499,15.013336,48.3874298538708,57.51344,41.142345,1.0060478155445083,1.7752488,0.31831953
2013-12-01 09:00:00,19.24127587795323,21.132233,16.856842,27.821508158211653,34.44073,24.01495,1.0416894430650463,1.97736,0.21535774
2013-12-02 09:00:00,20.426805710307292,22.57315,17.548492,11.019866458982893,12.934468,7.219042,0.8523414432747677,1.913305,0.1548827
2013-12-03 09:00:00,19.871424423801784,21.842682,17.836823,13.13192940419179,15.893363,10.186332,1.5496190785451205,2.7297125,0.840864
2013-12-04 09:00:00,15.029178262142295,21.855347,11.595581,56.280737692123736,84.7249,35.222275,3.4276124028075348,6.507046,1.4202911
2013-12-05 09:00:00,11.882826539118298,14.649384,8.346649,57.483749895336494,75.561874,34.057964,1.3356658302585256,2.1379843,0.090780675
2013-12-06 09:00:00,10.308477590620612,14.222107,6.876404,70.50369157991223,85.07129,61.666428,1.2422910741609858,2.6077764,0.18121095
2013-12-07 09:00:00,10.459292967572878,14.145355,6.8969116,66.1088990341892,82.20697,35.949154,2.282964974913216,3.1352847,1.0477792
2013-12-08 09:00:00,9.81317680410308,13.721924,5.7874756,72.5936874718011,89.83291,35.32015,3.0157341952961496,5.2810802,1.1210561
2013-12-09 09:00:00,9.967047353921373,13.165314,6.120636,11.756566336250202,19.630613,4.923582,1.254903825460086,2.306475,0.5983375
2013-12-10 09:00:00,11.384545560009428,14.229401,7.7157288,6.316161421233142,12.222712,3.339899,2.5158532408836805,4.852431,0.3844312
2013-12-11 09:00:00,14.68459338174381,17.765167,11.376495,7.012478647479944,10.640989,5.3323956,1.6985750709994152,3.2194948,0.04106939
2013-12-12 09:00:00,15.87279808394976,18.413239,14.156342,12.106864996790325,16.89291,7.3714333,0.686860176798842,1.4913869,0.10732528
2013-12-13 09:00:00,15.196233648079385,17.612762,12.632294,19.029221731268443,25.051266,15.867672,0.695082776167528,1.4624233,0.09375229
2013-12-14 09:00:00,16.56007470154651,18.282257,13.947235,13.789255108707716,16.063667,10.075385,1.167109983811195,2.5746982,0.15263943
2013-12-15 09:00:00,18.115616742728434,20.796234,14.860687,9.13793846869118,14.413261,5.6788864,2.3575332280737396,4.8317733,0.17117122
2013-12-16 09:00:00,21.476367897607474,24.196747,18.907684,11.93731707612672,14.9881935,9.601475,1.9688745576251983,3.9066377,0.28772166
2013-12-17 09:00:00,22.632721896027363,26.388458,19.747833,10.410806488759677,13.113486,8.562705,1.425206662284492,3.2599974,0.25634533
2013-12-18 09:00:00,22.311694148383594,24.085724,18.591583,10.497556212879665,12.035258,8.93756,0.6837172732314281,1.5919136,0.1750994
2013-12-19 09:00:00,17.457232436552772,20.50711,15.583282,17.434646711506343,25.945713,10.359776,3.1565580719780004,4.662782,1.0544404
2013-12-20 09:00:00,10.916877322190771,14.34671,8.151398,59.073063095397714,68.21203,43.08703,0.944770725545165,2.653448,0.10501442
2013-12-21 09:00:00,13.258416443566318,18.221558,9.682495,41.03128006072945,52.755184,24.596527,1.7730741088506154,3.3844903,0.60387206
2013-12-22 09:00:00,14.226973319589092,17.692749,12.607574,35.4193301983432,42.823875,31.426962,0.4091772458305432,0.75516456,0.08460271
2013-12-23 09:00:00,16.611462900114475,18.241425,14.209808,27.771175594143745,35.733772,20.612677,1.5027462736496562,3.0656486,0.08562814
2013-12-24 09:00:00,18.92302940630003,20.755402,16.659698,18.000330164868725,24.337912,13.608934,1.7256434969323502,3.34927,0.2669974
2013-12-25 09:00:00,21.059967042205187,22.535492,18.799591,8.625381377569692,18.748692,2.256504,1.7550556584748236,3.7537067,0.1988988
2013-12-26 09:00:00,20.014809195869702,23.739838,16.089447,8.452695200200612,13.657502,5.059846,2.092144382247737,4.1332493,0.21567523
2013-12-27 09:00:00,19.837828731692525,23.415558,16.237457,7.941681388111693,11.351861,5.3503284,1.7226999918300676,3.548151,0.3310445
2013-12-28 09:00:00,21.16165128351747,23.277618,18.781525,8.411865712231556,11.979559,6.179017,0.6172179168121757,1.3084334,0.008109688
2013-12-29 09:00:00,18.20742316221566,19.339203,16.880219,9.434248125473317,13.099667,4.8498554,0.5958933001085782,1.258997,0.15415876
2013-12-30 09:00:00,18.646197744693666,21.907257,15.139679,5.497681347172651,7.807293,4.0136194,1.3310218787443813,2.9419594,0.2952726
2013-12-31 09:00:00,19.21234809556796,20.789764,17.057343,6.0494959317334285,8.536564,4.149845,0.6380097680954138,1.8380892,0.05944882
2014-01-01 09:00:00,18.58188858276975,19.49582,16.68332,9.277308071276755,11.156267,8.378722,0.7810687798895339,1.8141304,0.12644511
2014-01-02 09:00:00,20.088337337620885,21.923859,18.19342,12.465436598642718,16.985004,9.977193,1.2460149932250104,2.831722,0.19333254
2014-01-03 09:00:00,20.130609931885203,22.177216,17.47995,17.468919566449483,20.721699,15.153208,0.36052846384913184,0.87829494,0.11087581
2014-01-04 09:00:00,18.745914554423678,20.340363,16.652863,17.568039193628117,21.057755,13.202041,0.8650142600745585,1.7362101,0.35715473
2014-01-05 09:00:00,18.420125238412652,20.056152,16.207092,17.902243199474075,22.885548,13.376467,1.1991266989265736,2.3590171,0.257802
2014-01-06 09:00:00,19.103107123356324,21.783905,15.707733,8.899696543083133,12.178173,6.233596,1.8767175766667117,3.8039849,0.041901574
2014-01-07 09:00:00,18.40877789631338,21.388458,14.697052,7.577798810935976,8.626152,6.9987087,0.7057934991838958,1.7919456,0.1457759
2014-01-08 09:00:00,17.84170932228369,18.590942,16.723755,12.055540682837172,13.631852,10.815446,0.8929170157635322,1.7459285,0.5160165
2014-01-09 09:00:00,17.008036058574078,18.390839,15.494354,20.598774277043287,29.182976,13.175162,0.6418084165162535,1.7529726,0.17062299
2014-01-10 09:00:00,17.37563565733666,19.104889,15.583405,17.86086164732014,19.525154,15.256671,0.6364345493649101,1.9473344,0.029575607
2014-01-11 09:00:00,20.221643518161613,21.773102,17.064117,16.740280123826278,19.09338,15.214475,0.39240407101005575,0.8504158,0.17251785
2014-01-12 09:00:00,20.052918701098633,21.794342,17.081451,12.916863836004676,18.435482,7.580014,1.0238818464096686,2.0592976,0.3738969
2014-01-13 09:00:00,19.392491547961697,21.794342,16.330475,12.074735738754786,17.768139,8.194664,1.988193300350769,4.121436,0.21460962
2014-01-14 09:00:00,21.48499544409242,24.581207,18.179413,11.135890800676892,15.358493,8.905586,1.7437906108063077,3.9211147,0.3164413
2014-01-15 09:00:00,22.82923620174364,26.382233,19.096375,9.94013240621176,14.752987,5.498584,2.2700862061403426,4.465036,0.25852326
2014-01-16 09:00:00,23.17108260106494,26.518951,19.44278,9.446108375787327,11.862073,6.8728676,1.6230299237034684,3.2320762,0.2883944
2014-01-17 09:00:00,23.463456025163225,26.243073,19.88565,7.754749102748279,9.058654,6.4352465,1.4918135076208279,3.1784163,0.14576958
2014-01-18 09:00:00,23.218750612647057,25.384552,20.454865,7.769875309752777,9.210973,6.6562853,0.7919240409173322,2.5277016,0.27416456
2014-01-19 09:00:00,22.34902269316416,24.624664,18.638336,8.76918635298521,11.415021,6.790021,0.8577686436082014,2.0919104,0.030178221
2014-01-20 09:00:00,20.506775984498063,21.921967,18.009857,9.7006003631157,12.203937,7.2115335,0.5515067796070733,1.4113959,0.2513002
2014-01-21 09:00:00,21.699598321383576,24.027985,18.990875,7.736816549521547,9.945131,5.986867,1.221491833533231,2.5800474,0.08192933
2014-01-22 09:00:00,21.56298303014836,23.405182,18.44815,8.302272407962876,11.154993,6.3078146,0.3852453564726515,0.65970415,0.07727866
2014-01-23 09:00:00,20.02346489044413,23.324799,16.916595,8.125852073629254,12.143494,6.2020874,0.7793683521941018,2.481887,0.1919511
2014-01-24 09:00:00,18.309778474616508,20.641296,16.014343,16.676593825710214,22.147026,12.314158,1.7084211590536291,3.5652876,0.34249073
2014-01-25 09:00:00,18.57065340154992,20.673126,15.792267,22.595312279329804,25.803326,19.408794,1.1646447131744246,3.0258586,0.09581616
2014-01-26 09:00:00,20.09925277960116,21.961761,18.690277,47.26967813846235,77.26722,31.884956,0.6459320929492599,1.1800263,0.12727258
2014-01-27 09:00:00,16.821404079379306,20.912048,14.027283,58.75357415302656,86.233025,36.730812,1.0242276662172407,2.3807297,0.19658542
2014-01-28 09:00:00,19.35751822216656,23.424835,17.586945,14.160904139071178,18.470825,10.841918,0.7802905373713428,2.1217725,0.17347597
2014-01-29 09:00:00,20.09979716213985,23.244965,16.391449,12.265146266293414,16.906416,7.9809837,0.5900167595588208,1.8728349,0.18528177
2014-01-30 09:00:00,21.564067396115547,24.302887,17.894684,20.933656500502135,34.449814,13.136786,1.8061108428706134,2.6368206,1.0937003
2014-01-31 09:00:00,15.523419480915607,21.96872,12.71286,58.19728043364352,77.073006,41.510506,3.3078867952338826,6.4282236,2.0842247
2014-02-01 09:00:00,12.333217833889705,15.914917,9.008606,37.67882975642434,60.437283,22.038845,1.498322765890871,2.8942614,0.50181645
2014-02-02 09:00:00,13.420056838795404,16.14978,10.319702,21.755291686052622,30.631462,13.088492,0.2881692871096125,0.5839402,0.06232321
2014-02-03 09:00:00,13.076345226448609,15.923279,9.470154,42.307279974569276,60.480526,29.69537,1.7210029678290404,2.9095466,0.59182185
2014-02-04 09:00:00,12.430089240597965,15.5729065,8.471344,64.70561686212557,79.02254,42.023067,1.5149921480142432,2.6503274,0.8647859
2014-02-05 09:00:00,13.013709054127844,16.034851,9.833679,48.25877763605336,71.828384,19.18303,1.077103274121071,1.5781374,0.08938974
2014-02-06 09:00:00,14.459220479659507,17.416077,12.181702,49.84077792785702,62.31894,28.468157,1.228163150293168,1.8216474,0.62034684
2014-02-07 09:00:00,12.835078634535932,16.037659,9.471619,74.0266644558458,92.82196,42.093895,2.3798212329736814,4.8585844,1.4615186
2014-02-08 09:00:00,15.69513397906411,19.472717,14.120941,32.78342157686925,48.661232,20.394308,1.5676850088586982,3.2046487,0.6016317
2014-02-09 09:00:00,17.563848760268115,22.005066,15.608582,19.498791059877615,37.097763,5.7735443,1.8286824859039041,3.5018482,0.9430146
2014-02-10 09:00:00,17.665883661740907,24.965302,15.191864,22.66396942481965,40.74229,9.96917,1.7881625488406347,4.0149903,0.51704264
2014-02-11 09:00:00,19.063844268966363,24.951538,16.457397,28.092739557642876,39.131107,17.45923,0.5571321838203389,1.4633926,0.15311441
2014-02-12 09:00:00,21.50550251208574,23.812958,19.169006,18.680739467492955,26.766996,13.32559,0.692007091320613,2.2697601,0.15379308
2014-02-13 09:00:00,23.84180169833786,26.190643,19.909393,15.66322996397877,18.815374,12.6456375,0.7897504575021445,1.751231,0.24066931
2014-02-14 09:00:00,25.456006805601703,29.179352,20.54068,8.744540682060792,12.764818,6.1289644,0.8561543609710444,1.7021486,0.13381231
2014-02-15 09:00:00,25.369869956427692,28.761047,20.21222,7.534713743887745,10.760088,5.4596233,0.7756357011465286,1.6140652,0.11143647
2014-02-16 09:00:00,24.999373996228655,29.152557,19.990448,10.15229475614008,11.485996,8.6149025,1.249567107585905,2.4395835,0.14509165
2014-02-17 09:00:00,22.585707619254833,27.394196,18.954742,17.142608796726744,20.924166,13.755164,1.2739651053998304,2.3945324,0.18050034
2014-02-18 09:00:00,18.7983611409652,25.860657,14.92511,8.582090088954306,14.196115,4.5329084,1.6038374264151787,2.8926842,0.8629628
2014-02-19 09:00:00,18.635044243118386,24.694977,14.767242,9.13173657426878,13.435422,2.5063353,1.0446852227572603,1.8442653,0.19328223
2014-02-20 09:00:00,20.760303690520573,26.871979,17.64737,10.133085541702389,19.205423,3.7444859,0.8218514830700762,1.8569709,0.1021205
2014-02-21 09:00:00,21.655882701714347,25.5654,17.307587,13.678804359197951,16.162676,11.404863,0.6204264206065481,1.5629756,0.035926573
2014-02-22 09:00:00,22.039674570010845,23.554047,18.81186,13.076647459502722,20.044106,5.5846825,0.7430667088317343,1.3670433,0.32925737
2014-02-23 09:00:00,20.294364913670563,23.041595,17.555267,16.81099342944228,19.168522,13.875554,0.6865277754868367,1.1205021,0.26644644
2014-02-24 09:00:00,20.840209258957543,24.217438,17.897125,18.511636049799424,22.236671,13.474954,0.6359938133414863,1.4642498,0.22934599
2014-02-25 09:00:00,19.981968809746206,23.781128,16.734253,22.96760392465653,27.548477,20.144123,1.0194706462577863,1.5635558,0.47247428
2014-02-26 09:00:00,18.921320231355423,24.459686,16.54477,30.09033631689469,43.805164,18.123535,1.955788271218534,2.7813053,1.0290908
2014-02-27 09:00:00,17.157243233725126,22.876831,14.011597,69.26168641846144,84.540146,52.661236,2.336535127543249,4.836853,1.2256787
2014-02-28 09:00:00,18.338703337344384,24.526031,15.404938,27.052579562175982,56.42185,0.9648161,2.9574619348965907,5.753047,1.093965
2014-03-01 09:00:00,14.800987300981603,18.875305,11.008118,83.8294440472483,97.45764,65.46788,4.395638251882495,6.9827433,1.8181665
2014-03-02 09:00:00,13.290894140892021,16.574493,10.184143,76.97537507780505,90.2051,62.48244,2.0768363989516367,3.515984,1.0322552
2014-03-03 09:00:00,15.974729103302309,18.267914,14.613617,50.020160689767756,66.32964,39.02693,0.6598861896279999,2.1625981,0.016998608
2014-03-04 09:00:00,17.663942349078297,21.819366,15.934601,38.893653722587004,43.84316,33.697334,1.4853986139562627,2.6270323,1.0696434
2014-03-05 09:00:00,19.8020842304889,24.432098,16.738739,33.41231267884573,38.40517,28.491108,0.8801461432428294,2.2823427,0.2985751
2014-03-06 09:00:00,21.11699612930522,26.649628,16.885956,20.23818257506942,25.684124,12.215577,0.8431700192430935,2.1647472,0.328895
2014-03-07 09:00:00,19.738111819850246,27.888763,17.269623,36.59752976277668,56.57762,20.80969,1.482940484063055,2.5100238,0.8428279
2014-03-08 09:00:00,22.489925017586074,25.511871,20.181793,17.515081376481202,21.503674,14.48656,1.8943202680927234,3.9043999,0.70256877
2014-03-09 09:00:00,23.744115020302445,26.485931,20.927338,14.481877395758278,17.576405,11.717031,2.5540608799718423,4.6203322,1.1321357
2014-03-10 09:00:00,24.118834928463684,26.93158,21.009674,15.182114190381382,23.69054,8.445836,0.6891343884126733,1.4466368,0.26145816
2014-03-11 09:00:00,22.238219421282736,27.526031,20.315826,16.880362320306883,20.223642,12.360361,0.7455765620493303,1.3171842,0.43495524
2014-03-12 09:00:00,20.956064111739238,24.08023,18.384918,18.2231705512692,22.999174,14.710918,1.5732285510261368,3.185158,0.35861215
2014-03-13 09:00:00,18.991785913420927,22.333344,17.378265,16.293956306082332,27.999445,7.4659996,1.5022783490810716,3.6385725,0.2913707
2014-03-14 09:00:00,19.640250318372637,23.291656,17.41861,18.632531377206288,34.39113,8.761393,1.144123752790699,2.0394182,0.53084904
2014-03-15 09:00:00,22.599949504786196,27.22647,18.628387,9.816736068016821,13.911525,4.627002,0.7905506770610596,2.1185753,0.3562329
2014-03-16 09:00:00,25.782419695481224,28.448029,23.551544,8.907073427996263,10.836457,6.4927073,1.4799850497497793,3.2027721,0.43041772
2014-03-17 09:00:00,26.090697821768174,28.12027,23.735504,11.095641325006735,13.73811,9.570141,1.3623431617971176,2.7183416,0.40805516
2014-03-18 09:00:00,20.142992144411494,27.179352,17.886383,17.802999464917676,28.043724,8.31364,1.2759283020230408,2.1158185,0.22597843
2014-03-19 09:00:00,19.400538303619157,21.460358,17.513092,12.576754555267947,16.659845,10.05047,1.2026979573598002,2.7411075,0.16854139
2014-03-20 09:00:00,20.397376721898127,23.879059,17.754059,11.585071461408752,14.715948,7.5868273,0.6920206255049867,1.5079225,0.09177457
2014-03-21 09:00:00,19.699639020464133,24.503815,17.285065,13.966744764620227,23.032684,9.453209,1.6504410045708644,2.2228627,0.9582093
2014-03-22 09:00:00,18.65439921659697,26.214752,16.122955,26.366225613493548,47.120308,11.932153,2.367313795032156,3.65532,1.7394781
2014-03-23 09:00:00,18.642634240315147,24.77713,16.05252,32.22588912132081,37.29066,28.997692,1.4347991882710185,2.1681628,0.72669363
2014-03-24 09:00:00,19.925504485064835,26.216461,16.655914,26.336022150569804,34.347103,14.395154,1.0782164832203789,2.5885956,0.08193518
2014-03-25 09:00:00,19.98057532353505,27.61795,16.3367,24.627490711876778,37.826767,15.2079735,1.3601072132189183,2.1602492,0.5779535
2014-03-26 09:00:00,18.16788481059075,26.930176,15.447754,44.189207213871356,64.86495,24.883446,4.235673349364409,6.665782,3.1497593
2014-03-27 09:00:00,14.183918384978938,17.924927,10.176178,70.93127837473327,88.42205,55.38012,4.276366454112893,7.478251,2.9389513
2014-03-28 09:00:00,17.45871316617081,19.68399,16.35611,35.93213691571665,46.159668,26.905762,1.8064174995439244,3.27919,1.059077
2014-03-29 09:00:00,21.62609592812936,23.76065,18.03897,21.387690620823843,28.222885,16.563833,0.99106251802027,3.107325,0.2037171
2014-03-30 09:00:00,21.069154828529463,27.057526,17.520416,26.53135406085057,39.21869,12.747039,2.7902501733740492,4.291983,1.747404
2014-03-31 09:00:00,18.024024269020686,24.795563,15.076813,11.042124241023053,24.661495,1.6343117,2.219763439369025,4.093429,1.2541856
2014-04-01 09:00:00,16.082127003549658,22.655914,12.796539,37.743362098471714,67.112465,3.9718428,3.421559779687324,6.3588686,2.1356218
2014-04-02 09:00:00,13.649105157173437,17.514069,9.709381,58.75076081600597,72.03372,46.205597,3.8963142887769573,6.1400957,2.1890917
2014-04-03 09:00:00,15.485304075219688,17.748444,14.2836,25.78160694858797,31.417814,20.913908,1.7054012779828631,2.4407768,1.2097331
2014-04-04 09:00:00,17.379352453600745,21.398102,15.005524,18.461749631597726,25.368843,8.197421,1.534903812745896,3.2062657,0.5090954
2014-04-05 09:00:00,15.253413483640713,21.932037,11.943756,26.912485785762623,53.535416,2.4416637,2.321889405815895,4.8228626,1.2033185
2014-04-06 09:00:00,20.996571026262643,23.443512,18.422028,19.627314632352153,24.721855,14.553885,1.0618488887927633,1.5819379,0.47602248
2014-04-07 09:00:00,24.938022479671872,27.947418,22.11905,14.590152328922,17.112022,10.106833,1.0408040338673579,2.6597462,0.16642311
2014-04-08 09:00:00,27.082843389419395,29.836578,22.873932,13.043620663960716,15.687311,9.38653,0.9399976067550022,2.9252493,0.1656772
2014-04-09 09:00:00,29.199205419979876,32.293854,23.924713,3.046504660733883,6.4490175,1.1918249,1.115661315132235,3.4189126,0.2199448
2014-04-10 09:00:00,27.80796676276185,33.2294,21.520416,2.490774755715707,3.2714643,1.2870893,1.4551706337970018,2.974456,0.6831178
2014-04-11 09:00:00,25.59772160362479,32.74991,19.679596,5.993435313437525,7.217639,5.1382866,1.5806845852724503,3.0081053,0.816015
2014-04-12 09:00:00,23.62641896910469,31.694,18.897125,9.800553626874196,17.87838,3.7949772,2.808430658311636,5.072833,1.8921251
2014-04-13 09:00:00,17.892834182390118,25.67984,15.574371,27.736912121450022,49.3657,15.185804,3.0178663560628207,5.2853794,2.133497
2014-04-14 09:00:00,22.5844483066777,28.139313,18.929108,14.537541530607166,17.119307,12.26516,1.1814413872037615,3.1728911,0.32769454
2014-04-15 09:00:00,24.47800470658234,27.424957,19.073395,12.904546392813536,17.970425,9.67134,0.9143986660189741,3.1449966,0.16120139
2014-04-16 09:00:00,23.367001751798796,29.574371,18.293121,15.20265015685844,19.612385,10.737385,1.7049498913461687,2.5171556,0.93484294
2014-04-17 09:00:00,22.989661216827074,31.44986,16.752594,16.730720267573396,24.285227,12.006337,1.5284750804273741,3.223279,0.5608421
2014-04-18 09:00:00,21.35050622501376,28.267975,17.892487,30.009612405607243,41.620697,21.69101,1.8059454273139015,3.8330889,0.62437594
2014-04-19 09:00:00,21.674877434843154,27.472076,18.285553,39.753572290497466,49.755455,26.368774,1.0834693056186164,1.7218821,0.40698722
2014-04-20 09:00:00,23.781621474547762,28.718903,18.668121,29.72760941378514,33.419773,25.710693,1.205277703626034,2.1786973,0.4670229
2014-04-21 09:00:00,25.3086408812959,31.15445,19.173737,27.92313179344715,33.45571,20.338522,1.0580889639077664,1.9546951,0.385064
2014-04-22 09:00:00,24.615244244383234,32.366364,18.680817,21.71159945655775,30.757923,12.580818,2.0787117239404562,3.8876622,1.1843873
2014-04-23 09:00:00,19.578823064769836,25.96402,17.654938,17.945364771222096,33.69117,6.295108,2.3233969632042446,4.1172814,1.4391541
2014-04-24 09:00:00,22.6535929062926,27.4169,19.198883,27.93298871433256,41.302822,12.020137,0.9475865849298865,1.5414147,0.06879825
2014-04-25 09:00:00,22.917006339488466,28.886383,19.552399,21.026803721038405,28.99831,12.235591,2.3813491799656132,3.5259433,1.3430793
2014-04-26 09:00:00,16.918714711629946,23.768707,13.671051,50.951279333710524,79.24224,22.523487,5.470099833777195,8.43855,3.994984
2014-04-27 09:00:00,16.16878868720795,19.352936,14.013092,55.28671735125396,74.93164,40.089386,2.52255026725196,4.445284,1.8295808
2014-04-28 09:00:00,21.041055564158967,25.168121,18.561188,24.218664114464772,29.718094,20.452469,1.5930584819279074,2.4862695,0.88065076
2014-04-29 09:00:00,26.75917412565832,29.451324,23.408844,16.77959233234012,18.735046,14.059266,2.51054821222932,4.518615,1.2516255
2014-04-30 09:00:00,26.726702571300905,30.369537,22.21524,7.9577775601791325,9.028076,6.5331755,4.201337220537429,6.7576866,2.517264
2014-05-01 09:00:00,26.355293802359085,30.20987,22.08487,8.441492487219056,10.068342,7.318342,3.4643049944141846,5.633929,1.967609
2014-05-02 09:00:00,29.801854615076195,32.385895,26.21524,7.382345196914063,8.258151,6.53327,1.1292788488748664,2.6917932,0.050822485
2014-05-03 09:00:00,30.75792470572719,35.047028,24.566559,7.60640826143396,8.541413,6.357417,1.1574146737263415,1.5776179,0.46267018
2014-05-04 09:00:00,29.76749008058323,36.474274,23.35904,4.350413552580451,5.9527693,2.5283165,2.0095462134831847,3.2254417,1.1683285
2014-05-05 09:00:00,25.925713647541386,34.582916,20.020416,5.101394557728844,10.756962,-0.1344471,2.704422865907155,4.858133,1.6827359
2014-05-06 09:00:00,19.678289046534076,28.04483,17.011627,23.84805399603687,41.174706,12.147361,4.3218415736287525,7.41652,3.1917887
2014-05-07 09:00:00,16.711423503066555,20.303864,13.68277,60.557399380052175,85.00427,45.31023,3.607326575378676,5.8947444,2.5769486
2014-05-08 09:00:00,17.987598092965584,22.57193,16.546295,38.618466719790874,53.245983,23.41348,2.3058681659821882,3.1049476,1.8205677
2014-05-09 09:00:00,21.072271402783315,26.194,17.992584,27.30135702358278,37.743195,16.796024,1.8639554682327522,2.5451689,0.80944234
2014-05-10 09:00:00,20.926121072454976,29.48941,18.219635,34.09991713106994,52.63304,18.722883,2.813080716221844,5.0564575,1.8608458
2014-05-11 09:00:00,21.49046289888912,27.352692,18.857086,22.945852076136827,34.522495,8.545934,1.751118230565033,3.2170098,0.057337202
2014-05-12 09:00:00,25.878971769841826,29.453033,22.43399,10.855449652486158,14.509366,7.1502094,2.0157122975691686,3.4317756,0.99297076
2014-05-13 09:00:00,28.662585163677022,31.150787,25.546295,10.542479661390548,12.484932,8.297608,2.64664561798851,4.5675387,1.4576733
2014-05-14 09:00:00,28.827054358759597,33.870758,24.20279,7.954559320306639,10.304686,6.2226543,3.043821399788043,5.038637,1.2597777
2014-05-15 09:00:00,32.13117593403297,35.937164,28.767242,7.900754826887483,9.374877,6.238703,1.7377446375511252,3.5158062,0.49132863
2014-05-16 09:00:00,33.97694778186201,36.199615,27.955475,7.081149698869234,8.035231,5.664137,1.1574022122024905,2.0225317,0.5736182
2014-05-17 09:00:00,31.48852727172897,38.37979,25.52237,8.225047894819022,10.142616,6.4263153,2.4387735307564795,4.492272,1.4149086
2014-05-18 09:00:00,26.69853068859885,36.29483,20.48233,6.229089743484725,11.189723,2.5398026,2.6603051872003545,4.865519,1.4703455
2014-05-19 09:00:00,23.85584174736067,32.879547,19.6315,11.885259976459498,27.90784,2.6109657,3.147523287430258,5.586838,2.2072494
2014-05-20 09:00:00,20.063633776127972,28.117584,17.674225,34.09209107188237,54.16684,9.319386,3.4688684516821873,6.115352,2.6656077
2014-05-21 09:00:00,18.715440384563294,23.371735,16.412506,50.84097890938747,76.19111,26.958931,2.9242145466115024,4.4646893,2.0894966
2014-05-22 09:00:00,19.848249448389822,25.75772,17.093658,59.43082531389851,73.80773,44.74707,2.422686345817573,3.3391614,1.4004669
2014-05-23 09:00:00,20.04159643654981,25.005035,18.153473,49.2564209482535,66.07007,29.308353,2.0200258333472787,2.7290802,1.6805682
2014-05-24 09:00:00,21.023125394642136,27.92862,18.631744,38.60877165556512,59.17166,24.963415,2.237294643927685,3.0206974,1.6629729
2014-05-25 09:00:00,24.75042874939163,29.986969,18.914703,28.766079129702813,37.090996,21.3858,1.5725421751582875,2.362615,0.8979997
2014-05-26 09:00:00,27.273778203291613,34.241364,19.895172,22.668382676321627,27.479576,18.03727,1.4986153043106636,2.5711362,0.6926857
2014-05-27 09:00:00,28.71437065558888,37.45157,20.52481,21.757716180200607,26.18745,12.215709,1.58560588869203,2.8423684,0.5560062
2014-05-28 09:00:00,27.42331995021084,37.029694,20.164215,18.85381194953092,22.293556,15.668275,1.763227561923172,2.4694214,0.7386219
2014-05-29 09:00:00,26.177376564861675,35.164948,19.714752,18.069581085128725,24.915535,13.540675,1.8478696383525952,2.8018177,0.85363644
2014-05-30 09:00:00,27.812179081737668,35.21524,20.74649,11.546604306906204,15.661402,5.911402,1.5203571438824228,2.6853135,0.5115568
2014-05-31 09:00:00,27.675617769242308,36.485992,20.44107,6.079461118553528,10.7348995,1.7823582,1.8751781192955135,3.0044496,0.99394196
2014-06-01 09:00:00,27.597028079443533,36.355133,20.661774,4.978791703424157,6.860305,2.255971,2.0228848788101392,3.472578,1.0164758
2014-06-02 09:00:00,27.741405510121467,35.853424,20.80069,4.524208772834123,6.4300203,2.2061024,1.876289738482109,3.54712,0.7897709
2014-06-03 09:00:00,27.956099270512254,34.61612,21.145416,4.325967009949247,6.2950115,2.1153183,2.1187712814999387,3.9150853,1.0352242
2014-06-04 09:00:00,28.319080491324883,36.161774,21.044586,5.111286901887795,7.8908377,3.4465818,2.326808340345045,4.2797856,1.0773574
2014-06-05 09:00:00,28.0991934315511,37.182037,20.949615,4.3636091303693,9.022376,0.3996153,2.2405736559026432,4.036756,1.1515927
2014-06-06 09:00:00,27.323710190973827,37.386383,19.800446,7.092505242009417,13.508478,0.33385944,2.2983881771026273,4.123795,1.3218087
2014-06-07 09:00:00,25.495866569653174,36.440582,18.631989,9.163917958722909,17.078594,3.2739077,2.255023920881626,4.4772935,1.1531874
2014-06-08 09:00:00,28.197807429200793,36.68814,19.295563,16.242620179206952,19.258192,11.7969675,1.6592872244042154,3.0439188,0.7483484
2014-06-09 09:00:00,29.14181548888257,37.488922,19.25064,11.99067760982089,16.693123,6.954914,1.315589914996435,2.8658319,0.10496035
2014-06-10 09:00:00,27.90437981916068,37.313385,19.040924,21.987902256425194,33.82578,10.813153,1.4287439775642543,2.4744222,0.6486616
2014-06-11 09:00:00,26.98436129326649,35.442535,19.836334,14.52065994979124,20.72789,8.274746,2.3997039121935675,4.652531,1.4535872
2014-06-12 09:00:00,27.32065805043885,36.40323,19.973541,7.1707881573202,13.054834,1.8592224,2.3994264820739386,4.4533978,1.2901932
2014-06-13 09:00:00,26.551449270993146,37.611725,19.437897,6.651163070864533,10.557123,0.62660885,2.435855709033551,4.6975975,1.1911136
2014-06-14 09:00:00,25.738706755350222,35.26529,19.759674,7.262905496100219,12.247171,1.2930021,2.219113516555891,4.4204416,1.1046162
2014-06-15 09:00:00,25.866696963722063,35.43985,19.928131,10.49273280571464,18.050583,4.5409174,2.2280024800041054,4.7111154,1.2844571
2014-06-16 09:00:00,25.30650213605179,33.420074,19.65567,8.145879009898453,16.665562,3.8608735,2.755338465666722,5.3911705,1.629315
2014-06-17 09:00:00,24.757928423947135,33.051422,19.825592,15.593484220131543,24.704967,9.532818,2.913307594879618,5.641733,1.7081593
2014-06-18 09:00:00,23.921994680862042,30.852692,19.965973,19.745147982045474,34.069393,3.4450483,2.565536977438918,4.6185374,1.5764551
2014-06-19 09:00:00,26.39138755678499,32.470367,19.953033,14.36944819447105,23.934118,5.636442,1.2982828958020958,2.5446246,0.4684328
2014-06-20 09:00:00,28.802047472470576,35.354156,21.04361,14.869187254599513,18.73368,9.901388,1.2523340931312634,2.8078465,0.20746927
2014-06-21 09:00:00,28.36962130913645,36.530914,21.269196,9.088990494766696,12.383964,6.028495,1.6439360292383902,2.5464072,0.39462748
2014-06-22 09:00:00,27.99830812591142,37.83072,21.128326,7.786080039093456,10.16127,4.301895,2.2060607129169405,4.362953,1.1791899
2014-06-23 09:00:00,26.771051183802115,37.043365,19.791412,7.681083252993471,11.801525,3.3140564,2.1949323426870877,3.987218,1.1464822
2014-06-24 09:00:00,27.032342139458876,36.85562,19.776276,9.427913141973926,14.160253,4.614317,1.9319921588520625,3.0190165,1.0138657
2014-06-25 09:00:00,27.537918602798186,37.299713,20.389557,17.80704044922903,23.450563,11.643488,1.8699759911005658,3.1834002,0.8743903
2014-06-26 09:00:00,27.601991327144447,37.004303,20.736725,19.84288949770456,26.591604,14.6267605,2.2070975524814136,4.1023035,1.3215554
2014-06-27 09:00:00,26.29261326444322,35.312897,21.260162,34.985942969670354,45.499435,22.757248,2.8240915689086385,4.8209696,1.9127564
2014-06-28 09:00:00,26.93224268297996,36.62027,20.87613,29.642246835009754,34.485016,22.274078,1.9524833824935433,3.2410293,1.1761992
2014-06-29 09:00:00,29.039675130904016,36.641266,20.613922,20.81950429822022,24.495693,15.144132,1.4296097228170561,2.8432484,0.42751077
2014-06-30 09:00:00,28.65790053614853,37.101715,19.988434,22.57381889700382,29.055122,13.414498,1.4204481831455749,2.7053764,0.2736556
2014-07-01 09:00:00,29.29657854291412,38.38199,20.56363,14.65539891789762,16.922783,10.721451,1.5717917236079992,2.5930176,0.6488528
2014-07-02 09:00:00,29.728981389967885,39.683746,20.855621,15.499443633416433,21.062525,9.427016,1.433694054326853,2.714666,0.580821
2014-07-03 09:00:00,30.87155549251122,38.556305,21.687164,16.31959018315371,22.418554,11.860682,1.323622767876442,2.7480574,0.38412762
2014-07-04 09:00:00,31.259628109903815,39.301178,23.559967,24.985346662567668,33.9906,17.818478,1.7542927013178033,2.8465133,0.5009251
2014-07-05 09:00:00,30.157459449280452,34.89273,25.26358,46.70287257201312,50.281853,38.075844,0.9195987082724014,1.6193486,0.21527687
2014-07-06 09:00:00,30.025771931953216,36.370514,25.054352,38.87055810859018,48.196945,23.650072,1.6717688918660853,2.4570034,0.7193168
2014-07-07 09:00:00,31.12896441049503,39.190094,25.336578,28.59019259214443,32.427586,23.501804,1.9700625534824094,3.0224984,1.4000664
2014-07-08 09:00:00,30.51438026817334,40.326813,23.152985,19.775767367489696,25.554031,12.608719,1.779832563433879,3.1170802,0.96195185
2014-07-09 09:00:00,30.263775283576763,39.68155,22.147858,16.04338939057339,22.635818,10.974611,1.3573143646086399,2.2396877,0.3534787
2014-07-10 09:00:00,29.28580320893127,37.881744,21.983307,17.973541378188578,21.230133,14.412367,1.9273753795193391,2.9167373,0.7445401
2014-07-11 09:00:00,28.345528465107463,36.94278,22.612701,24.995525465954604,30.13919,17.154816,2.2090335238313155,3.8213363,1.3175602
2014-07-12 09:00:00,27.62187344046322,35.370026,22.065338,31.335158027282112,37.905846,23.858189,2.093011942689498,3.879405,1.0938046
2014-07-13 09:00:00,30.285927772063644,37.129547,21.703766,20.723650351042906,28.051119,8.69984,1.285246169181106,3.5261118,0.21494125
2014-07-14 09:00:00,30.097310479734915,38.325592,22.03067,34.44852601183882,41.57671,25.178272,1.3539045191291739,3.1741204,0.42780283
2014-07-15 09:00:00,26.777726707673878,33.916412,21.142975,43.9038591929567,69.06414,18.743828,1.3664864463804036,2.4263651,0.24160935
2014-07-16 09:00:00,26.73263450094464,34.908356,21.4169,22.60087521742772,37.93167,10.169953,1.9785378998238274,3.1284852,1.2672709
2014-07-17 09:00:00,26.833923470336913,37.376373,21.972076,13.872310566064563,20.366386,5.159354,2.5888669039587895,4.826144,1.7077736
2014-07-18 09:00:00,26.35830181289606,36.912262,22.152496,20.71517953828848,32.377487,10.131392,2.3641053570691946,4.145743,1.49558
2014-07-19 09:00:00,27.482379319330335,36.57852,22.344147,32.085092147512945,42.42441,18.989958,1.5529493481025531,2.9250314,0.4309361
2014-07-20 09:00:00,26.3605003755481,34.473785,22.34195,41.03586234801398,54.46667,24.429192,1.80816682500755,2.3856533,0.45651236
2014-07-21 09:00:00,27.56627846265212,35.617096,22.76944,21.82592066176846,30.900545,14.445164,1.908249328223469,3.2934465,0.73243964
2014-07-22 09:00:00,29.35298987228265,36.903473,22.693268,12.09621653069283,17.063105,9.031855,1.8514710518121669,4.1726847,0.5108741
2014-07-23 09:00:00,31.188955106608034,38.557526,23.538727,8.235537393204732,11.250509,2.8864536,2.020197767595117,4.3622336,1.0283513
2014-07-24 09:00:00,33.14057916476469,41.82022,24.281158,9.269808489076322,15.786633,2.481945,1.5593648154470463,3.9666102,0.4243888
2014-07-25 09:00:00,33.50736384892059,41.72525,25.190094,11.63158329850115,18.458115,2.404189,1.5507407249873186,2.5353878,0.56315655
2014-07-26 09:00:00,30.08554651102338,38.69815,23.258698,20.75418006074818,31.85702,4.759363,1.2712017662201565,1.934753,0.57155025
2014-07-27 09:00:00,29.572436330691858,38.069244,23.2753,27.51907723738163,34.011642,21.533602,1.336183951963714,2.3698096,0.7862688
2014-07-28 09:00:00,29.81938301024718,35.864655,25.135406,48.785613245045475,57.307198,33.329388,1.199451253584479,1.9233781,0.66502804
2014-07-29 09:00:00,31.329944346789773,36.169586,26.622711,36.392737349099995,41.366684,31.226059,1.510215818960676,2.4383821,0.86873806
2014-07-30 09:00:00,31.723385861207646,38.644684,25.007965,32.00054451541984,39.846626,26.32445,1.9278504185847407,3.2838635,0.87341005
2014-07-31 09:00:00,31.85126815663972,40.537506,24.803131,29.058986544250644,35.73434,22.189161,1.5924839846840364,2.7580662,0.9173994
2014-08-01 09:00:00,32.04006675504934,40.04312,24.414215,20.6020076232366,23.007662,17.287094,1.4560306981201423,3.2241318,0.5254406
2014-08-02 09:00:00,30.50600627516394,37.34488,23.31363,29.31929230022602,42.237915,20.640259,0.831961712200577,1.8064694,0.09347445
2014-08-03 09:00:00,25.325609163316187,29.44986,23.452545,53.93831662518881,63.23265,46.36937,0.838033219243906,1.6557969,0.32476243
2014-08-04 09:00:00,26.931314232019076,29.795563,25.184235,65.8857172673237,78.7327,55.590668,1.1758804201949533,1.7343125,0.16679683
2014-08-05 09:00:00,28.536955468085864,34.614166,25.07901,5.878532207530536,8.609227,3.4139147,1.7092240574645767,3.2501557,0.8527886
2014-08-06 09:00:00,28.025368162934967,36.76358,23.105377,8.757648236819623,13.649145,6.0096903,1.9718915435079913,3.4971461,1.0740854
2014-08-07 09:00:00,27.170861825911857,36.694244,22.502838,7.2300109092249345,13.978499,1.9053297,1.8090936509530484,2.843383,1.0130485
2014-08-08 09:00:00,27.172918668915486,35.03116,21.917877,18.741839106188745,31.419275,1.5941648,1.2233114059286108,2.4936552,0.24688761
2014-08-09 09:00:00,28.355125395394225,34.89273,22.68277,19.5641315128044,29.08691,10.016082,1.1418850057067533,2.441143,0.16741201
2014-08-10 09:00:00,29.206802534996143,35.92276,23.38443,20.607919596296227,26.762291,13.957533,1.2264186940541122,2.5865257,0.3092363
2014-08-11 09:00:00,29.595291084888288,36.012604,24.180817,26.026642424150527,30.15129,16.715038,1.3091362359102392,2.6860232,0.22377379
2014-08-12 09:00:00,28.66425119485484,35.628815,23.359283,37.949701233609005,44.117207,29.569077,1.6571167559547186,3.6057413,0.11515914
2014-08-13 09:00:00,27.625617014561215,34.14908,22.430328,46.259268036074715,52.29983,39.40818,1.6778048925534517,3.0993083,0.34155917
2014-08-14 09:00:00,29.535164755783455,34.554596,22.903961,28.254396492292134,52.34806,13.40753,1.5342214358262878,3.6802049,0.593405
2014-08-15 09:00:00,30.83065191690821,37.30606,24.845367,31.02633011166473,40.569244,22.623934,1.5347556010753864,3.3084254,0.4626823
2014-08-16 09:00:00,31.233465881488485,36.797028,25.269684,39.596731118884826,42.232437,34.337906,1.7206304898067075,3.7671719,0.39833686
2014-08-17 09:00:00,31.616708071344704,38.8024,24.91568,22.156375184005704,25.886982,17.136612,1.7151271562620742,4.018446,0.3880488
2014-08-18 09:00:00,31.677650359438587,39.669586,24.519196,20.614081127808777,24.037403,17.002247,1.225780890850403,3.5011783,0.27014983
2014-08-19 09:00:00,28.139948501440983,33.88443,23.25943,17.81909408898365,25.26223,10.645043,1.9247886147330284,3.2484977,0.709853
2014-08-20 09:00:00,26.12417410935916,34.8649,21.936676,25.49468595394332,34.56678,16.06678,1.8334658663110963,2.7138505,1.0832605
2014-08-21 09:00:00,25.78158734171143,32.171783,22.899567,42.185247280178274,51.258698,34.39519,0.7925732729950018,1.8924869,0.013451906
2014-08-22 09:00:00,25.99976031784979,31.290436,23.186432,46.03096495294105,55.499462,28.91743,0.8722066364267723,2.3569286,0.05211247
2014-08-23 09:00:00,26.99658704896507,32.774323,23.384186,18.994372056088654,36.602207,1.1412706,1.8317082172426846,3.1503954,1.0022244
2014-08-24 09:00:00,27.437828885477415,35.145172,22.62564,9.316684323931213,14.433913,2.952076,1.7098692275344465,2.9091032,0.7479233
2014-08-25 09:00:00,28.01184472473733,35.747223,23.187408,15.86154701059108,20.661493,9.723993,1.5994592254169082,2.638743,0.62058085
2014-08-26 09:00:00,28.957660636136325,34.901276,24.859772,27.775393532177578,38.22085,19.591946,1.8709566748635642,3.869203,0.6176151
2014-08-27 09:00:00,31.055288421084356,35.00357,27.030914,27.357597573654967,37.70675,19.768864,1.3948561525780063,2.3392673,0.5478483
2014-08-28 09:00:00,32.44909380584306,36.897858,27.37027,22.007750639369412,27.614662,16.23185,1.5756997999600455,3.3932278,0.41398412
2014-08-29 09:00:00,31.956405242639562,38.526764,26.225983,14.359150759278053,18.70574,6.9814053,1.5614953605976898,3.8468869,0.4322504
2014-08-30 09:00:00,30.991356589704026,39.396637,23.599762,11.727625628403494,14.257956,9.367331,1.4294486634701338,3.0086942,0.36447844
2014-08-31 09:00:00,32.32417527000865,40.21817,25.815338,9.845542708527757,13.485297,6.8485785,1.4998197038481098,2.3956594,0.5372422
2014-09-01 09:00:00,30.23501649241348,38.97818,24.569977,11.770938182960679,17.211567,6.481328,1.995046539640782,3.179485,1.066963
2014-09-02 09:00:00,29.95049057272888,37.868805,22.89444,9.401764648940564,13.45716,4.3321686,1.273006160691291,2.3328831,0.5456568
2014-09-03 09:00:00,29.69767618601452,37.801666,22.795807,13.901856269335806,17.757624,8.721266,1.53050406678788,2.6105103,0.66845834
2014-09-04 09:00:00,28.168256098478423,36.9711,22.494537,14.951414269888181,21.974504,9.987213,1.6564292539869854,3.0204995,0.6105395
2014-09-05 09:00:00,29.411739662732373,36.235992,22.568512,10.503403211761105,20.665655,5.849249,1.2169960163477438,3.8207245,0.23749195
2014-09-06 09:00:00,30.11259375721818,34.377594,24.260406,33.00130590555518,41.236195,17.611319,1.7598487289277358,3.8854136,0.32569602
2014-09-07 09:00:00,31.3455799253216,35.1481,26.588531,43.2527568869786,49.47603,30.827812,1.479980717196825,3.3236694,0.28688064
2014-09-08 09:00:00,28.020531228774473,31.131012,24.896637,64.93627517432297,77.72494,54.434994,1.245908403824449,2.2876592,0.8029698
2014-09-09 09:00:00,27.271963007464876,29.626373,24.43106,74.97663286828738,82.94646,63.122242,1.5331274918664224,1.9573511,0.44965562
2014-09-10 09:00:00,28.59686226041839,31.588287,26.029694,47.800897387102616,62.210968,35.945763,0.9386326722430087,2.441531,0.12457512
2014-09-11 09:00:00,29.71443777519579,33.583893,25.83609,36.4450027475341,48.19031,29.223614,1.0938708342609944,2.817017,0.16435613
2014-09-12 09:00:00,31.140905212177472,36.013092,25.841461,26.579231929684095,31.31556,21.081432,1.2076843766713787,3.4691987,0.14547512
2014-09-13 09:00:00,32.019995473378515,36.706696,25.772858,23.761371240126756,26.984825,18.226849,1.298566233812059,4.4783654,0.14099568
2014-09-14 09:00:00,33.37050770764256,36.96768,27.216705,25.684760059219442,30.530579,19.705605,1.2716236706848543,3.797638,0.31304657
2014-09-15 09:00:00,33.59338360399681,37.45938,27.714996,29.034908720609124,34.426655,18.531353,1.1925976846489703,3.0441725,0.19721524
2014-09-16 09:00:00,34.21163519379451,38.54068,28.256256,30.25014021094985,35.957275,22.715088,1.394683406121983,3.432716,0.11574175
2014-09-17 09:00:00,31.798580952880002,34.9982,27.9982,51.39782348943546,62.453205,45.8243,1.60141076564424,3.5945086,0.23183021
2014-09-18 09:00:00,29.83227714494683,33.83316,26.128082,27.46706947377112,40.321747,15.95309,2.003954354173813,3.8477147,0.5642293
2014-09-19 09:00:00,26.3327359692164,33.73526,24.096588,43.244543195507866,63.537464,28.477516,2.367750101239202,3.8382583,1.6114335
2014-09-20 09:00:00,25.992139708629225,32.13687,23.015778,40.045060772389235,55.849854,31.502197,1.3566531632440362,2.228277,0.27644134
2014-09-21 09:00:00,25.799025274849726,32.80655,22.654205,14.962060646207886,21.61324,10.198293,1.583974739367941,2.4214082,0.7147392
2014-09-22 09:00:00,27.457483843517537,32.786774,22.808258,18.593691030964088,24.85878,12.289745,1.3001775538572893,3.497763,0.24701916
2014-09-23 09:00:00,28.80508346904554,33.549225,22.836334,18.01882447100472,28.069174,7.2996426,1.1523534247035727,3.329362,0.12416279
2014-09-24 09:00:00,30.933563516348386,35.260895,24.90445,36.033331586261546,43.881046,24.627142,1.302880456720549,4.131452,0.15682086
2014-09-25 09:00:00,31.563903849091105,36.80777,26.252594,40.995045466922676,48.732468,31.869186,1.1650265819939027,3.63683,0.15396953
2014-09-26 09:00:00,29.73125928195759,36.18106,24.972076,43.342473951145784,56.081547,34.206238,1.7918384463269397,3.8396327,0.499307
2014-09-27 09:00:00,24.701948631513915,32.19742,22.324371,23.173082586040987,37.13681,12.253561,2.9123977078251984,5.451494,1.9277552
2014-09-28 09:00:00,21.489288433473746,27.16568,18.610992,38.58397181932525,51.9187,22.058826,2.5477280049950366,4.390205,1.6702083
2014-09-29 09:00:00,23.282052529065766,27.62442,21.925201,37.0008445837903,46.183147,17.770443,1.1266010919480949,1.8452039,0.3299963
2014-09-30 09:00:00,26.63415772401123,28.934723,23.440094,31.222570777484126,39.60977,25.109774,1.130611085791144,2.8729944,0.2115562
2014-10-01 09:00:00,26.92019015269136,31.003082,23.837067,24.755004714393777,28.357513,21.50152,1.0850278118134233,1.9869916,0.16974518
2014-10-02 09:00:00,29.46095600203506,31.65567,27.005035,16.497573128797878,22.459679,11.811241,1.698344249256757,3.9112713,0.30975893
2014-10-03 09:00:00,30.427622396417178,33.03067,27.727936,5.824587908842517,10.047002,2.425908,1.4061000904796115,3.1469302,0.3257695
2014-10-04 09:00:00,31.975291038710395,34.538483,27.81192,7.196596420045898,9.860986,5.2828608,1.1691218071267708,2.662361,0.21846563
2014-10-05 09:00:00,32.09737188433246,36.197906,26.810455,10.437500500438203,11.683159,8.300346,0.6634416360807911,1.4096187,0.12283594
2014-10-06 09:00:00,30.81521958320178,35.350983,26.262848,13.493308217170599,15.386872,10.543122,0.6212093297896639,1.0264957,0.11690352
2014-10-07 09:00:00,29.942533939956206,33.32193,27.772125,15.289833861674229,17.136993,12.59972,0.7702440241082807,2.0020108,0.107370324
2014-10-08 09:00:00,26.681795635242054,30.415192,22.760895,27.92053755741153,56.323524,6.6572847,1.0754338447517464,2.0491488,0.11060792
2014-10-09 09:00:00,25.52962956482105,26.894684,22.839996,22.625115071086164,28.362597,17.68449,1.4035962880136048,2.8809292,0.3540168
2014-10-10 09:00:00,25.911957249671218,30.08609,22.143951,18.937843718648317,24.603975,11.621474,1.1386499615007104,1.8729668,0.4411709
2014-10-11 09:00:00,26.15800667340858,30.235504,22.37027,16.81511255893096,30.12491,11.163482,0.8468486845567099,2.5483782,0.06464308
2014-10-12 09:00:00,26.372206670764626,31.26944,21.904938,18.517362894985027,23.32153,15.78703,0.8475237402128394,1.774685,0.40688214
2014-10-13 09:00:00,26.976057602703634,33.24234,21.701324,10.24436896115044,12.712152,8.0580845,1.1581810941870263,2.4232495,0.37706944
2014-10-14 09:00:00,26.06018721227332,29.304352,21.372711,9.933526528266702,20.061554,6.2007017,0.9102306034446838,1.8149711,0.119961224
2014-10-15 09:00:00,24.85713683764169,30.060455,21.726227,18.65908550796791,25.735466,12.079217,1.6157435838276235,2.2434182,0.9382317
2014-10-16 09:00:00,23.19793125048352,29.29361,21.07901,22.457293239007875,38.956253,11.437582,1.4157427523952955,2.5790145,0.81775755
2014-10-17 09:00:00,22.994130252357422,27.265533,21.196198,25.340415723218218,33.478054,14.302766,1.349366763801151,2.2664793,0.69844186
2014-10-18 09:00:00,22.525059022196388,28.020905,20.748444,21.959619475035826,38.89605,10.310141,1.8281132120497845,2.8821943,1.1665181
2014-10-19 09:00:00,23.643730865900523,28.737946,21.548492,34.6276550266085,48.302383,23.777008,1.0672055198595305,1.5089185,0.49204174
2014-10-20 09:00:00,23.873832234874442,29.816803,21.242584,39.2666548422801,49.414433,28.72779,1.2562192652489825,2.4082255,0.5550603
2014-10-21 09:00:00,24.178806784841356,28.77652,21.340729,30.882869734008995,37.67224,20.879274,1.1943324489858704,1.9894516,0.5771882
2014-10-22 09:00:00,26.219505833676067,29.691803,22.678375,6.101473213014254,12.286033,2.8649912,0.6577589365828738,1.5119479,0.2747821
2014-10-23 09:00:00,27.39240900065289,30.385406,23.32608,10.186967685156691,20.899355,6.0790424,0.6288667544153378,1.862334,0.030169703
2014-10-24 09:00:00,28.617265861002465,30.563385,25.48233,22.795407897206648,27.319767,14.347824,0.4818601887560184,0.9671031,0.12759775
2014-10-25 09:00:00,27.55367685930088,30.803131,24.9086,30.240326692191513,33.562393,24.87294,1.0061003155982067,1.6875476,0.53690976
2014-10-26 09:00:00,24.181684411699678,29.85611,21.395172,42.86996697603515,49.28376,33.03594,1.528517864235708,2.4862201,0.86651486
2014-10-27 09:00:00,22.037294851123818,27.54483,20.8378,22.147559481121256,32.74065,10.851889,1.1124242407108162,2.0886433,0.5944666
2014-10-28 09:00:00,23.71215643571344,26.713531,20.925201,24.864602232555573,30.752764,15.641987,0.7836686550862387,1.7942039,0.13491714
2014-10-29 09:00:00,25.193338447998826,27.30606,22.34903,20.761170939033086,28.25703,17.354687,0.8729374552412008,1.9358789,0.13764703
2014-10-30 09:00:00,25.216937241416304,28.253082,21.95816,16.490813321545122,23.705244,13.738537,0.7950502780240526,1.8488505,0.077653
2014-10-31 09:00:00,22.467490795028993,27.358551,20.70816,29.08619488348555,38.695595,20.726845,1.5012876888635875,1.9531003,0.8443376
2014-11-01 09:00:00,19.630973922049918,25.511139,16.00528,69.83353882901908,86.02691,55.524273,3.80117866780948,6.2089686,1.8016891
2014-11-02 09:00:00,15.362398466646141,18.87857,11.925446,70.29682553888432,86.48844,54.890785,2.270104592880291,4.236861,1.3088692
2014-11-03 09:00:00,18.50771519470294,20.360504,15.633942,33.9949830834794,43.75681,19.49509,0.9022033139393764,1.9123509,0.52052844
2014-11-04 09:00:00,20.3581059294973,22.686676,17.330475,13.584915939289504,16.466125,10.890376,1.642719194819137,3.3444495,0.8818995
2014-11-05 09:00:00,23.70209042106677,26.385406,21.102203,8.92527867813444,14.704224,4.9164715,2.182906366201037,4.5294404,1.0133177
2014-11-06 09:00:00,25.796956953032236,29.193512,22.136871,6.673390070171721,8.229151,4.7210903,1.880501701675647,3.613236,0.3066474
2014-11-07 09:00:00,26.453766818766496,28.892487,23.157623,12.0824531909205,16.519045,8.548486,1.5463511183719096,2.8235986,0.21490219
2014-11-08 09:00:00,26.56196808899847,29.06363,24.038239,13.224353992807396,15.990388,10.986501,0.8599435796824333,1.8620663,0.12683728
2014-11-09 09:00:00,27.10892679261724,29.45108,23.49405,14.30971236373589,16.569038,12.790207,0.6132828092369947,1.5583913,0.13055454
2014-11-10 09:00:00,23.249741471292225,26.20279,20.35318,15.428659582719424,17.835304,12.370752,1.412439028742683,1.9878827,0.70990026
2014-11-11 09:00:00,19.658437530223296,26.41919,16.94458,20.953725222328092,34.091705,12.866442,2.200534195166626,3.4794626,1.4801269
2014-11-12 09:00:00,18.43128768565998,23.903961,15.171539,46.18083810458813,61.98788,31.84335,1.9872934250734713,3.5353427,1.4304364
2014-11-13 09:00:00,18.529514235045554,23.72293,15.675507,45.79284663504694,57.780354,34.32723,1.7419865402297892,2.6361332,0.9735175
2014-11-14 09:00:00,18.349046447320404,22.55194,15.284363,48.75153695158396,73.92856,15.844822,1.7551497304315304,3.3938706,1.1080928
2014-11-15 09:00:00,19.018842424229433,23.024506,16.88034,32.52987743041803,51.59592,18.04831,1.6542609452297585,2.5802844,1.0543387
2014-11-16 09:00:00,18.79963740102363,23.446564,14.622345,32.85455177278367,42.042515,24.941442,0.6200457331992809,1.4243506,0.14414583
2014-11-17 09:00:00,18.889061520876737,21.86267,14.856812,6.931954288703657,10.285207,3.9883318,1.9546373005045168,4.023003,0.4203202
2014-11-18 09:00:00,19.69146158688352,22.567047,16.246735,8.56295318508089,13.210958,5.902364,1.7998530753340372,3.7094152,0.13579342
2014-11-19 09:00:00,19.71918350163378,21.885162,16.877838,9.52568269182763,11.406867,7.2885437,0.6610372177708996,1.440987,0.02664874
2014-11-20 09:00:00,18.618223466117797,19.766998,16.376373,17.682440982092263,22.95806,9.161948,0.8340254532921342,1.2831713,0.40759102
2014-11-21 09:00:00,17.050925892839587,19.37674,13.993927,57.96233378127364,69.89421,45.88042,1.9580976406821042,3.1149826,0.82989854
2014-11-22 09:00:00,18.227195317385792,20.964874,15.909088,29.919926236323096,35.8562,24.719484,0.7066198216818609,1.0076697,0.33907276
2014-11-23 09:00:00,19.62400732877802,22.977936,17.312164,25.021987978786367,34.86603,16.57697,0.679803751484164,1.7203217,0.24572572
2014-11-24 09:00:00,19.509785772142777,23.177399,15.198883,5.2827675723905845,7.3964996,1.8574371,1.8672460395749897,3.97148,0.303476
2014-11-25 09:00:00,20.252285147499492,23.411285,15.980377,4.980774386624604,7.8987455,3.4612455,2.132842987335377,4.197997,0.20257987
2014-11-26 09:00:00,21.98812057695801,24.796844,19.097626,7.015907820395361,8.807408,4.487096,1.4758524918699327,2.9280064,0.33035362
2014-11-27 09:00:00,25.08525193621591,27.90921,21.967804,7.96162283365351,10.961428,6.2270527,1.7216219346818982,3.2509394,0.26944283
2014-11-28 09:00:00,25.144750016573255,27.744324,22.164246,8.646243981597992,10.461659,6.622575,0.3803683281928195,0.8681561,0.05590081
2014-11-29 09:00:00,23.43303389257551,24.676788,21.22171,9.701999976219518,12.040912,7.5838804,0.966595709920219,1.6350627,0.45907182
2014-11-30 09:00:00,19.732136518250286,22.334259,18.04129,12.130879999046513,16.427689,7.184078,2.741220496258104,5.4103556,1.1833314
2014-12-01 09:00:00,17.73143317677443,20.104523,15.144623,51.77373243870255,72.27477,32.554626,0.8041248092470306,1.4724853,0.17009486
2014-12-02 09:00:00,18.018795476375033,20.21225,14.266937,29.408483628737226,37.176235,19.387173,1.2352176434630726,2.0614989,0.16866346
2014-12-03 09:00:00,16.728503710057907,18.886719,13.85672,89.57803372952478,97.14399,80.42133,1.18996065717016,2.997658,0.15344681
2014-12-04 09:00:00,16.217718028874458,18.590668,13.860687,74.2945273979365,85.371025,58.167904,1.167782028138995,2.0326958,0.3111462
2014-12-05 09:00:00,17.268209013815067,18.988617,14.377289,65.91690913771733,87.79498,50.05037,0.41176647836792984,0.90485257,0.11492797
2014-12-06 09:00:00,16.742471505191588,18.653778,13.957672,43.23151162488414,82.62356,25.689613,0.6072165984048102,1.653166,0.14744548
2014-12-07 09:00:00,19.490901368953985,21.235962,17.025543,42.049820764090484,53.8523,29.233484,1.1633749859501907,2.138055,0.097081825
2014-12-08 09:00:00,19.50221438411171,21.109833,17.15213,32.13885931404216,36.48324,25.263628,0.9865730246246543,1.9181224,0.27741626
2014-12-09 09:00:00,20.4631646369225,21.858154,18.35904,27.206456715624228,33.587696,22.980217,0.6853422809390611,1.2449552,0.33387694
2014-12-10 09:00:00,20.64098927522116,22.78775,19.014313,26.54039946610677,33.800476,18.49553,0.6675356061872633,1.40162,0.15929066
2014-12-11 09:00:00,18.59860705508089,21.227203,16.994781,25.861247007277605,29.018261,21.120674,0.8225517688777553,2.6114624,0.08481533
2014-12-12 09:00:00,17.434910547125867,18.965973,15.774567,32.02049214195022,51.28679,15.410852,2.1512751664720353,5.507634,0.60537577
2014-12-13 09:00:00,12.487010578859554,15.810944,8.694489,64.89416388344179,82.38076,51.77404,1.4973191964341386,3.3564777,0.60545635
2014-12-14 09:00:00,13.78841506504017,16.560455,10.423492,38.22156099894115,52.472874,26.558811,0.5036239731107849,1.1925645,0.050157342
2014-12-15 09:00:00,14.54270965118019,16.306793,11.664215,33.78057665197262,45.273216,22.571785,0.9624529775092101,1.8997896,0.24188246
2014-12-16 09:00:00,13.742383838861144,16.041656,10.209625,50.23783626515169,59.23591,39.871773,1.1213968935554093,3.3404148,0.078965
2014-12-17 09:00:00,12.232585332392887,16.393463,8.611725,66.26122412801188,83.86897,47.192665,1.4525115160232347,2.952695,0.3890139
2014-12-18 09:00:00,12.807062623470415,16.447601,9.253571,51.149781512590046,62.4089,38.19015,1.1048448365852004,2.247936,0.49834213
2014-12-19 09:00:00,13.98229015319356,16.567566,10.749207,65.09566809463841,76.56507,54.166634,0.44400666904060565,1.3484205,0.12843816
2014-12-20 09:00:00,14.597669255067956,16.787079,12.0312195,40.04383395060955,52.590862,26.238953,0.8502591885026498,2.1900058,0.35913506
2014-12-21 09:00:00,15.071330649640288,16.179535,13.98526,37.38633107230079,40.50552,33.16177,0.422573486575911,0.9368876,0.119229235
2014-12-22 09:00:00,19.288946594260494,20.806305,17.239899,17.913512730623875,20.894388,15.480326,0.5605578245315177,1.5381129,0.17037432
2014-12-23 09:00:00,21.270477455136188,24.652924,19.342926,16.245946864816492,23.992466,9.465242,1.0120359294900114,2.322898,0.20873488
2014-12-24 09:00:00,20.112500100832108,24.167633,15.788727,18.51962939752008,28.250048,12.519579,1.9854195547081523,3.6013951,0.5039551
2014-12-25 09:00:00,18.218614555964848,19.662262,15.920074,32.55028921045705,39.475586,27.083197,1.9284329532043472,3.4615042,0.47626135
2014-12-26 09:00:00,13.86658053238125,17.420502,9.05722,29.22666327740875,39.960075,14.1428385,1.1457151349114072,1.9235958,0.30323198
2014-12-27 09:00:00,12.25368461269909,15.74472,8.149017,20.137422878690778,28.15987,11.980916,1.6565211829161253,3.2237604,0.24656491
2014-12-28 09:00:00,11.628784644841062,14.660553,7.443756,12.515573203676741,18.801918,6.9069967,1.0534021803246854,2.1964347,0.13905211
2014-12-29 09:00:00,12.623787224415707,14.919708,9.646271,17.351311690325833,24.945911,9.8278,0.36290253114344834,0.75621724,0.096320644
2014-12-30 09:00:00,13.665615601096135,15.1562805,11.75589,18.74775947623409,41.439003,4.733285,1.6539907801075369,2.3865092,1.0296924
2014-12-31 09:00:00,9.30415702414598,13.147278,5.028137,56.87722102886219,80.81742,35.2393,0.9948838567038668,2.093474,0.14727145
2015-01-01 09:00:00,6.85468075657451,11.385651,1.7003479,28.388039722641828,38.667934,14.939737,0.7838797532026698,1.8592091,0.40911755
2015-01-02 09:00:00,9.021714833340695,12.8732605,4.9338074,18.281058791866958,21.940693,11.830778,0.7369309147749832,1.4596269,0.17220564
2015-01-03 09:00:00,10.78194680112449,13.393829,7.8753967,22.565685450108035,28.818893,13.656347,0.40705086520062306,0.9892982,0.1198764
2015-01-04 09:00:00,13.367135996115223,15.171356,11.03421,15.874451744067004,20.438177,12.606146,0.9882673999318295,2.0627317,0.16714565
2015-01-05 09:00:00,17.658131411080547,21.514557,14.719635,10.617236684803288,15.477123,7.4106503,2.016243281462626,3.4594793,0.23142476
2015-01-06 09:00:00,21.636699426557186,25.079803,19.488007,12.709428084775954,17.15814,8.519485,2.2172209947562322,3.903793,0.23168492
2015-01-07 09:00:00,21.60402107198678,24.850128,18.743439,9.490278133317492,13.388241,5.3126516,1.4543569850202802,2.9857607,0.31872153
2015-01-08 09:00:00,20.175679396310784,23.064178,18.644257,20.709570780380425,24.279118,16.052555,0.4964893068813533,0.9631173,0.27102
2015-01-09 09:00:00,18.095892174515427,21.081879,16.265472,32.910144115660884,40.791664,23.232235,0.4803030922291751,1.0113258,0.15090933
2015-01-10 09:00:00,17.98885521926354,20.646332,16.605316,36.15336733254384,47.497772,26.708708,0.43190454447641957,1.5539353,0.04494279
2015-01-11 09:00:00,16.615117218733474,18.209137,14.709137,49.925067310194926,58.999992,41.640617,0.4973671652007154,1.2082727,0.14211176
2015-01-12 09:00:00,14.125236506452381,15.841888,11.988007,87.48937117570749,92.08415,79.85759,0.32169411040061585,0.5684579,0.056439117
2015-01-13 09:00:00,15.958462912045263,17.426575,13.982666,65.70341911854044,87.50009,43.44008,0.722091689489518,1.2327703,0.29172236
2015-01-14 09:00:00,16.663940720423852,18.278778,13.612762,35.26249615537248,40.047695,30.262539,1.3334004098391279,2.7867916,0.09896939
2015-01-15 09:00:00,17.24248596604889,19.449371,14.254059,25.002744429735696,38.309433,17.371689,1.5229626185263647,3.1867592,0.1245809
2015-01-16 09:00:00,18.04780162843781,20.524353,14.354431,10.39397706203745,19.580708,3.74477,1.6037976225123318,3.1322114,0.041895416
2015-01-17 09:00:00,19.302634740664985,20.463837,17.469696,8.919551823804898,14.428907,4.4328136,0.8010518514873899,1.8818573,0.16198084
2015-01-18 09:00:00,20.498999810528517,23.281586,18.230804,12.015306492771625,20.135191,5.6838636,0.8444433068854476,2.1217673,0.25366214
2015-01-19 09:00:00,20.782591229533125,22.48404,18.247711,7.764544313204322,11.895233,4.648471,0.5937491464476782,2.160649,0.030919151
2015-01-20 09:00:00,19.884692011031177,22.790863,17.2518,11.584341592844316,15.7158785,7.2368226,0.4264668577707997,1.4959241,0.031551022
2015-01-21 09:00:00,17.20813398087347,19.637482,14.99881,25.968117982656068,31.8418,22.431644,0.6447092160717858,1.1985451,0.26796636
2015-01-22 09:00:00,18.957795305201614,21.81955,17.776154,7.592432605231837,15.054441,3.651394,1.4305915023865605,3.314733,0.4071702
2015-01-23 09:00:00,17.151911857335392,20.478119,12.692963,5.084210382063479,8.281875,2.2935934,1.9689151251586614,3.7819922,0.20809308
2015-01-24 09:00:00,19.082335569474424,21.999725,15.894257,9.276194790790182,12.80117,7.41673,1.992634445541795,4.2344327,0.10566606
2015-01-25 09:00:00,20.85411051211429,24.226044,17.22763,13.075684840861056,16.585321,10.261103,2.223734372043219,5.007985,0.7028669
2015-01-26 09:00:00,20.855526099363885,23.599976,16.81482,16.77490462464058,20.587873,13.533186,2.090020129508237,3.683616,0.8013148
2015-01-27 09:00:00,16.08663755463232,19.208344,12.227875,65.48453214196333,72.01759,54.728527,1.6049339900057698,2.6650617,0.33259943
2015-01-28 09:00:00,17.923982739103565,20.012665,15.477936,32.76951535376475,58.742985,15.532871,1.0064290908660118,2.039254,0.18434414
2015-01-29 09:00:00,18.570516607885622,20.280914,15.78067,31.024290953344895,44.706474,22.698662,1.0638362343784862,2.2221808,0.24235322
2015-01-30 09:00:00,17.29699593565158,19.77359,15.006012,62.128895604503775,76.27259,46.64369,0.8196865249227239,1.2414342,0.48886552
2015-01-31 09:00:00,14.602230255910285,16.675507,11.361481,76.84085687611304,85.53969,69.41594,0.6885827132893825,1.4006597,0.24957593
2015-02-01 09:00:00,16.681506316628315,18.449188,14.070648,36.55675199228467,46.3147,27.92017,1.2468473142527245,2.900426,0.39647597
2015-02-02 09:00:00,20.31339550016213,22.149353,18.42279,11.805152848565415,14.709324,7.3147926,0.9359632209060174,1.9637083,0.4078207
2015-02-03 09:00:00,21.840519897070237,23.546112,18.516815,10.520202824988798,14.599113,8.474113,0.5987075523843272,1.8251451,0.09454226
2015-02-04 09:00:00,20.89986639211321,23.576385,17.107635,14.049994257586773,19.660034,9.768657,0.4701014809045158,1.1678668,0.09321273
2015-02-05 09:00:00,21.63649235344849,23.841492,16.960632,14.404404135018952,20.521141,10.243581,0.6382851531958045,1.9147515,0.09406799
2015-02-06 09:00:00,22.491913619331285,24.605438,18.117157,10.140174145190459,14.095029,6.813779,0.6013644833393276,1.5107467,0.18863776
2015-02-07 09:00:00,21.643440793661455,24.829132,18.417023,11.783041324669457,18.321972,9.535399,1.303752656416212,2.683749,0.109978735
2015-02-08 09:00:00,21.42616230754652,25.815277,19.156067,33.08763010575709,45.46923,25.402824,1.882869482864151,3.7444007,1.1401283
2015-02-09 09:00:00,22.711391004526945,25.507233,19.071686,33.541387274002766,39.74214,28.568129,2.030034972151553,4.526193,0.95465446
2015-02-10 09:00:00,21.87227500326128,27.445648,18.262054,3.528632077533542,8.865911,-1.0833006,0.9916347214617686,2.975724,0.23585974
2015-02-11 09:00:00,24.01843478688727,25.896393,21.907867,12.005631617126083,17.416779,5.5574036,1.569478280270446,3.2251208,0.48093864
2015-02-12 09:00:00,24.089762403736017,27.181305,20.001617,9.176800620335571,17.027012,3.605136,3.130170121291367,5.5779214,1.2670174
2015-02-13 09:00:00,23.386866519752004,27.247833,19.35965,14.93212593846392,22.829956,9.650269,1.9532104040961198,4.454851,0.4251112
2015-02-14 09:00:00,24.269258088609377,27.30014,20.838348,20.82056441087507,27.348228,15.109946,1.423954991781762,2.947031,0.27099183
2015-02-15 09:00:00,25.003028078355214,26.918396,22.228943,20.44429002335972,25.643723,17.382004,0.5606407109109774,1.1055378,0.06599164
2015-02-16 09:00:00,22.759117779721123,25.376556,19.530853,17.08900116241947,19.008415,14.923681,0.8396938842449478,2.1584518,0.05681434
2015-02-17 09:00:00,20.64638056657907,25.71701,16.890839,15.178026507381459,17.504211,13.077801,0.9468867036701242,1.9586695,0.37275046
2015-02-18 09:00:00,20.76948712848167,23.419586,16.60318,15.871089255617267,26.701103,6.9971056,0.7308447005329104,2.4328725,0.085963994
2015-02-19 09:00:00,21.10197742324948,24.090973,16.827301,7.649997722105792,14.36544,4.158409,0.6083397820405237,1.891297,0.20742062
2015-02-20 09:00:00,20.9507685133172,25.26767,16.685638,9.351678980908202,12.538673,5.6246424,1.1740085494536465,1.8145306,0.6476992
2015-02-21 09:00:00,19.505590458381505,24.648407,16.546844,9.268196341887966,14.183701,0.7521,1.7504873246220072,2.7359169,0.96326095
2015-02-22 09:00:00,17.34640405486732,24.26117,14.241638,46.95240255257648,71.037674,21.994701,3.4525037658529847,5.6902013,1.758756
2015-02-23 09:00:00,13.433612375181156,17.294037,9.469818,74.30395892842303,91.460976,63.39457,3.4443612252256357,5.738295,1.8977851
2015-02-24 09:00:00,14.469312072482467,17.767365,11.32019,40.46848323795769,52.4536,21.387196,1.3342642467077384,2.0733657,0.8481013
2015-02-25 09:00:00,17.986615032115537,20.762909,15.87619,13.751273413228812,18.42675,7.332999,0.722845820806569,1.2724723,0.15206465
2015-02-26 09:00:00,19.447873861105506,24.000092,17.5372,13.932181933622742,20.215427,5.660739,0.889743449325672,1.7648189,0.32967946
2015-02-27 09:00:00,17.910752359170772,23.348175,15.600128,32.764840144627165,47.48766,19.267567,2.039512116462721,3.0768504,1.177082
2015-02-28 09:00:00,15.293485217743182,20.358551,11.840973,77.56110124207288,91.48405,56.615395,4.467676758477526,7.469948,3.0952284
2015-03-01 09:00:00,13.562721604961837,17.66275,9.76236,80.24054588389959,88.3769,67.70495,1.472710367378312,2.2075305,0.4522464
2015-03-02 09:00:00,11.168008719812462,14.198639,7.5643616,74.73431383381349,81.96519,62.807533,1.8460614296840254,3.285738,0.6701927
2015-03-03 09:00:00,12.832739854509953,14.855682,10.207245,65.39730099333454,74.09236,56.596268,1.0658199985724055,1.8171109,0.26814076
2015-03-04 09:00:00,14.965553773637907,17.049347,12.216156,40.85922997013149,46.79976,35.426586,0.8635569838876744,1.5702524,0.3092762
2015-03-05 09:00:00,17.57593721741881,19.779388,14.840057,19.26104946723042,27.93203,12.119225,1.3068628420057908,3.059585,0.48968098
2015-03-06 09:00:00,20.175906935594583,23.001617,17.048492,6.158627908343681,14.180081,2.176175,2.0342270915124145,3.821911,0.6159946
2015-03-07 09:00:00,22.657682172165437,26.023102,18.993073,10.699640660789953,16.340805,7.8798676,1.4779267459542564,3.0029044,0.42943498
2015-03-08 09:00:00,24.144444372576572,27.202545,21.96817,11.582539396417705,14.359714,9.978865,0.6116655608571383,1.2245436,0.117174074
2015-03-09 09:00:00,21.8105925479731,27.402557,19.207245,5.2135556138133525,11.704333,2.1523943,0.9453630177722642,1.763914,0.43356213
2015-03-10 09:00:00,22.68179846050367,27.330872,17.78946,11.326503903704358,13.20818,8.773679,0.9887969760293686,1.8706537,0.3463186
2015-03-11 09:00:00,23.809247939138118,27.84439,19.422272,14.446767907479703,19.499592,8.67173,0.5903573796767378,1.5551149,0.2942013
2015-03-12 09:00:00,23.01223651862483,25.56485,20.598297,17.176502363312647,22.693953,13.424421,1.2046795423628747,2.40956,0.84812367
2015-03-13 09:00:00,26.304447875071048,28.670319,23.517914,24.942644291715578,26.216087,23.337181,2.5046920258043284,4.231103,1.3813059
2015-03-14 09:00:00,27.010311133125356,30.010315,22.736877,20.920213629261767,25.165003,18.351086,2.364978879082938,4.0470176,1.0323019
2015-03-15 09:00:00,27.66702481763349,31.368073,23.467682,20.906603024653553,24.911457,18.802082,2.025798647558525,3.7540693,0.64372283
2015-03-16 09:00:00,27.165463799242332,30.275543,23.588043,16.973645516524662,18.571283,15.571569,1.0824397997022246,2.3610055,0.17366596
2015-03-17 09:00:00,26.060205917541566,28.898102,23.911774,17.03507829480554,18.017805,14.9355,1.126306719901453,1.9366466,0.49342668
2015-03-18 09:00:00,22.704586308656815,28.365631,20.07071,21.991400653111064,26.431774,17.716473,2.3398094825419418,3.3813796,0.98207
2015-03-19 09:00:00,19.866369677940895,24.592712,17.372955,37.865185735049806,42.33661,30.979542,0.8734600213905889,1.5862052,0.33034503
2015-03-20 09:00:00,21.41187083491701,23.559723,19.103912,32.142365863279636,42.068695,12.838227,0.8937413769742533,2.2352533,0.18545893
2015-03-21 09:00:00,22.994345620065758,26.904938,19.338531,15.538928328095993,20.234776,11.1244545,0.9546323939879805,1.9809932,0.18764858
2015-03-22 09:00:00,22.874053305182088,30.22348,19.194183,7.954017719928625,14.113485,2.9201972,2.000523502861354,3.9422576,0.94563067
2015-03-23 09:00:00,20.211983810919207,27.600128,17.711823,16.918435964246438,27.81294,6.2465477,2.327178301279265,4.2344,1.3019154
2015-03-24 09:00:00,20.26306589859496,27.068512,18.195465,29.444228576542884,42.46853,18.41002,2.015449365772476,3.8473785,1.0337285
2015-03-25 09:00:00,22.860524500911083,27.375397,19.875397,28.12721967927664,34.58821,22.993763,0.6611523705845432,1.0168889,0.45221704
2015-03-26 09:00:00,26.27492260701058,28.567047,23.503326,18.208988885774776,20.136831,16.15436,1.5274594871933178,2.876839,0.5350357
2015-03-27 09:00:00,28.612335033549982,30.967194,24.654694,14.194933549562672,16.655457,12.776549,0.9206754855773613,1.9423585,0.1631077
2015-03-28 09:00:00,26.898728703912923,30.777008,22.388336,10.845923174211304,12.702635,8.651854,1.4068050360265814,2.9651163,0.44921318
2015-03-29 09:00:00,25.531084455581436,31.604645,20.70816,10.189690575937304,11.41477,8.383947,1.1927643508299763,2.6014686,0.4912133
2015-03-30 09:00:00,25.538021530876335,32.07071,20.021881,9.033584182413223,13.751601,6.053499,0.9928161216500928,1.9886931,0.16003816
2015-03-31 09:00:00,24.675308709375656,31.134674,19.390533,7.791777698298114,11.975373,4.769886,1.3117022583928342,2.1476097,0.63266176
2015-04-01 09:00:00,21.173395702652897,29.364166,18.155182,15.472780162010615,25.672745,5.6057262,2.2801545784693174,4.189847,1.4375851
2015-04-02 09:00:00,22.246742184568177,29.677887,19.496246,15.017460678850108,35.048313,1.5213413,2.0951567898764827,3.267971,1.3570817
2015-04-03 09:00:00,24.203128040840966,26.705963,20.433746,10.988453382073017,15.327079,1.750968,1.3393928953591259,2.3372967,0.39181763
2015-04-04 09:00:00,24.897359204806094,27.470856,22.232574,11.40520382518179,15.055554,9.567273,0.7203994716945378,1.5843523,0.11518544
2015-04-05 09:00:00,22.903099043226405,27.115204,20.105438,13.57575095554362,25.258894,0.6828909,2.505003312716277,3.638803,1.3357103
2015-04-06 09:00:00,18.091947900229627,24.595612,15.23233,20.109904697167885,46.695427,1.9298,3.1261885814755885,5.0513744,2.3704472
2015-04-07 09:00:00,15.739585227674525,20.96817,12.464264,47.217494597972134,72.17708,9.3656,3.048235194922264,5.1924257,2.3353045
2015-04-08 09:00:00,16.064178661454605,20.352692,13.388336,29.89156184329369,49.619743,10.975214,3.2377050207398623,4.904784,1.839182
2015-04-09 09:00:00,19.818270423839465,22.964508,17.938385,18.484835827776152,25.60948,12.148542,0.8968230202841919,2.015632,0.22102061
2015-04-10 09:00:00,19.324488496639333,24.063385,16.971588,11.274331135102669,18.046436,3.1714363,1.332701848304214,1.8214043,0.44364324
2015-04-11 09:00:00,20.089773688446712,24.62735,17.486237,6.444862674855589,18.025595,-1.5845833,1.5795080690149157,2.1009526,0.4110524
2015-04-12 09:00:00,21.581544178062643,26.47232,18.403961,17.54687509848107,29.707561,8.053732,1.3850116562140535,2.2724624,0.62660635
2015-04-13 09:00:00,23.451302813741904,29.182526,18.920807,20.637487911727423,26.849056,10.425244,1.163134213473067,1.9483037,0.5636706
2015-04-14 09:00:00,23.037934726906258,30.255524,18.155914,17.82012734631372,24.582539,9.262225,2.031917866544831,3.0228128,1.1458458
2015-04-15 09:00:00,23.216841218344427,30.031403,19.852936,16.046281530919142,25.60496,8.983198,0.9227351727304598,2.0145714,0.11574213
2015-04-16 09:00:00,22.471780355916394,24.472809,20.379303,8.933434862985797,13.91043,6.2538633,1.3498274942075563,3.2956867,0.10663436
2015-04-17 09:00:00,23.574590906676008,25.602936,21.425201,11.587554299573986,13.720062,8.420752,0.8351906725466173,1.8204925,0.056518003
2015-04-18 09:00:00,24.147583132148043,27.267242,21.34732,13.50925247985058,15.148373,11.755836,1.6501797660779645,3.0676186,0.5335276
2015-04-19 09:00:00,24.554272925119733,31.032867,20.798492,11.296692080497525,13.407463,9.380119,1.6151758192402992,2.928081,0.69116545
2015-04-20 09:00:00,22.762805767993996,29.854645,18.385895,13.060310922497454,21.300423,5.851656,1.8585845563428738,2.9219017,0.67298687
2015-04-21 09:00:00,20.81356998778068,28.84439,17.145172,25.937283158327293,39.69335,11.268966,2.440621471902513,3.4788342,1.5196052
2015-04-22 09:00:00,18.27982655027313,25.25235,15.076569,62.42010408507207,83.581894,35.10556,2.3313631928539538,4.0260773,1.6427866
2015-04-23 09:00:00,17.941890451779557,23.65738,14.277252,64.18171599936191,80.892525,30.917488,2.1886725995138154,3.1805644,0.9196494
2015-04-24 09:00:00,15.933061124641256,21.418121,11.978668,82.42425717757807,95.84675,56.24675,2.938371082461088,4.792373,1.9284261
2015-04-25 09:00:00,15.76153866226747,21.69986,12.125641,75.55546585752231,94.76932,52.863846,3.4772566811851044,5.6096654,2.6738782
2015-04-26 09:00:00,17.665396616000237,22.043854,15.483307,58.52378683803105,78.31059,42.21872,3.278629952803718,4.838814,2.1702445
2015-04-27 09:00:00,23.561417215166273,27.651764,20.029205,23.8098228260361,33.293816,16.899282,1.0442975052218126,1.5333703,0.43889257
2015-04-28 09:00:00,27.04043848710927,29.14444,24.021393,14.172789623566707,17.898195,9.930781,1.3648366606951694,2.9864836,0.28099093
2015-04-29 09:00:00,28.043313384072235,30.821442,22.610504,18.72828156368022,20.413145,16.453003,1.2539330732960965,3.537898,0.19602944
2015-04-30 09:00:00,28.787274723489702,33.219635,23.7294,20.29817119567144,23.282122,17.57808,1.3493929183476778,3.6078088,0.2410706
2015-05-01 09:00:00,28.59807942945531,34.349274,23.257477,18.36873267477262,20.730865,17.086334,1.7898518308366727,3.634713,0.47802576
2015-05-02 09:00:00,26.879951342481377,33.026276,22.067291,17.6644014068942,23.10199,10.934008,1.8129525373323956,3.658837,0.5431039
2015-05-03 09:00:00,23.188920326091647,31.521881,19.053131,26.91624581378074,32.065918,16.11391,2.0667328112863563,3.0211933,1.1622494
2015-05-04 09:00:00,21.10932003913524,28.996979,17.437408,36.0632735183307,60.514427,18.545675,2.331803417205342,3.1257071,1.2300544
2015-05-05 09:00:00,19.653661824721212,25.866852,17.232086,40.98150875964221,69.50683,11.0888605,2.6488107769140856,3.6716778,1.6608151
2015-05-06 09:00:00,18.359775259147682,26.632965,15.728668,34.005291431768214,56.56078,5.377185,2.596213671282885,4.6618757,1.7822278
2015-05-07 09:00:00,16.950139002640185,24.859772,13.732819,77.66534629051576,96.80149,37.807365,3.6957817332297838,5.8590884,2.4877188
2015-05-08 09:00:00,14.176511502371227,19.182526,10.405182,72.81603277707765,85.099976,49.947952,3.558460537147824,6.1115975,2.1635604
2015-05-09 09:00:00,15.852301176809533,19.059723,12.706207,76.95177370575715,88.751076,53.886677,1.9717464767667128,3.6781213,1.0067656
2015-05-10 09:00:00,21.286598811956765,25.673492,17.480133,33.36991689011862,39.253765,25.585796,1.550039624352223,3.7817292,0.70108795
2015-05-11 09:00:00,23.263242598615932,30.205719,18.19986,22.812198310175138,27.704079,16.823082,1.113744543897377,2.6845589,0.15238915
2015-05-12 09:00:00,22.785739259606657,30.318024,19.087555,25.943584875390165,32.651653,18.693176,2.068598682981484,3.483854,0.9971913
2015-05-13 09:00:00,20.132332792523982,28.546783,17.281158,8.750854647317961,17.596813,1.7198162,2.6969973937616905,4.206077,1.5416111
2015-05-14 09:00:00,18.83302676457322,26.92398,15.923981,25.76308601649657,43.326363,8.978704,3.2043937083450533,5.261488,2.3481743
2015-05-15 09:00:00,12.864552649074824,17.270416,9.161041,84.98254282138743,98.101616,68.113335,1.6175173142314074,3.319661,0.6262108
2015-05-16 09:00:00,15.677791948245215,18.05069,12.929596,68.17153230422784,84.03818,53.166195,1.8641395691624634,2.9810307,0.85399187
2015-05-17 09:00:00,19.128155429868514,22.225739,17.600739,39.205866495968884,54.247787,25.396225,1.4413071823469539,1.9238802,0.63291377
2015-05-18 09:00:00,19.240763860585957,25.17691,16.309723,33.75117043743581,47.764595,17.194283,2.2669966703074214,3.1730301,1.3371516
2015-05-19 09:00:00,18.52534724327961,24.240875,16.661285,52.509116583873954,77.40361,26.531525,2.604367968384851,4.2683015,1.8482597
2015-05-20 09:00:00,19.215396002374746,26.49234,17.310211,29.45899103016542,43.556103,17.07954,1.853242362839095,2.9982522,1.1440172
2015-05-21 09:00:00,18.91340203705903,27.314117,15.362946,36.39461589736758,57.567173,20.485142,2.778133653116604,4.7739034,1.8508486
2015-05-22 09:00:00,16.192918890077237,22.413727,12.622711,73.90893850113943,90.476906,34.54982,3.46246652147689,6.4372005,2.3024848
2015-05-23 09:00:00,15.995197337615934,20.109528,12.000153,80.28313111900655,96.04418,55.847443,2.8149885971699846,4.5483084,1.9425668
2015-05-24 09:00:00,17.59540419899224,24.500885,14.176666,73.78234596251762,86.039764,54.579487,2.369107319557583,3.8816433,1.5836202
2015-05-25 09:00:00,19.958717300792102,27.619293,17.509918,44.2181937043116,58.3053,30.262333,1.656250167241817,2.3760006,0.92216027
2015-05-26 09:00:00,21.063054319052355,28.867584,17.781647,34.15632192837766,43.878613,24.311888,1.5697731343978134,2.3137999,0.6393135
2015-05-27 09:00:00,21.44306989848144,29.578033,17.656158,25.027177512173573,35.59724,16.491772,1.7853209608456213,2.6483696,0.6414161
2015-05-28 09:00:00,23.257950228598418,31.487213,17.86612,14.233160540705622,28.22835,9.0721,1.4790975306230119,3.1062636,0.66280437
2015-05-29 09:00:00,25.580462611624,33.608063,18.135406,11.04448794214518,18.569912,6.850484,1.1413199101737463,2.8420007,0.31662217
2015-05-30 09:00:00,26.063220271619343,34.994293,18.525543,19.525361878416824,22.658798,13.050258,0.9239970627299149,2.216807,0.20933041
2015-05-31 09:00:00,26.72809020628739,35.556793,18.869293,20.032474510531543,31.200397,7.2661867,1.2552355465681906,2.5914688,0.1362011
2015-06-01 09:00:00,25.23755912844274,35.71939,18.657623,16.133956022113928,22.285173,11.199236,2.040486825738657,4.1543207,0.9561955
2015-06-02 09:00:00,24.24269427502287,33.3981,19.28653,13.792240560857007,21.055721,7.938533,2.459769004844505,4.917878,1.2734454
2015-06-03 09:00:00,23.400293392204333,32.974518,18.697174,14.79454479253657,24.694061,5.7292185,2.7115521417945416,5.3186255,1.6581192
2015-06-04 09:00:00,21.867159486413698,30.610992,18.497711,18.88150808264683,38.27814,4.2859545,2.866239810258518,5.168492,1.9192003
2015-06-05 09:00:00,20.775026502464982,29.637848,18.085846,17.077800581613317,27.557503,7.3621893,2.4870202867365747,4.5888805,1.7660912
2015-06-06 09:00:00,21.65299558235887,27.633942,18.875153,32.111827481727516,50.67487,19.595667,2.1266112035169815,3.443228,1.5110489
2015-06-07 09:00:00,26.23417609139983,30.877594,19.462555,20.436486705691976,25.651388,15.86526,1.2703509514107674,4.060391,0.08010888
2015-06-08 09:00:00,29.822279986949866,33.895172,21.94107,17.7088171597103,24.10807,11.965702,1.3316283325127962,2.9636774,0.150998
2015-06-09 09:00:00,30.51669924952813,36.51407,23.098297,30.479577937628015,43.78626,24.30579,1.2411460419113816,2.7989364,0.118927345
2015-06-10 09:00:00,24.429555215574055,29.007965,20.859528,65.26873784142298,72.185074,59.213135,2.015214790635243,3.727446,0.5515581
2015-06-11 09:00:00,23.23440938357726,32.09317,19.491608,46.335554290331416,60.96848,34.152073,2.1773799059650782,3.4573753,1.4186417
2015-06-12 09:00:00,24.751403562373127,34.1127,19.565826,36.8673945414688,50.641018,21.234715,1.799705786172544,2.5161238,1.1210643
2015-06-13 09:00:00,24.377293256335406,34.568024,18.489899,36.669842040288316,45.55696,14.709015,2.1131922048353218,2.8046057,1.3082457
2015-06-14 09:00:00,26.506430800083308,35.81241,19.122955,26.203419294107224,31.146805,18.96385,1.8144268904190508,2.6763184,0.9241471
2015-06-15 09:00:00,28.424951556659437,38.049713,19.465729,16.753562982880563,22.347633,7.780142,1.5355973397841947,2.958168,0.69320405
2015-06-16 09:00:00,29.291224139401777,39.531403,19.76065,8.088494700788349,11.966927,4.7706375,1.569370712064001,2.8617027,0.5549303
2015-06-17 09:00:00,29.267358263303663,39.31534,19.593414,9.392452113891324,13.510635,3.220996,1.3526530773407799,2.229563,0.57245505
2015-06-18 09:00:00,30.654593375111745,40.93277,21.878082,9.463957946108652,14.201379,2.9279413,1.7635055178560153,3.2672126,0.6009522
2015-06-19 09:00:00,30.896522987412766,41.514313,22.640045,5.633141964056772,10.351106,3.0190744,1.97448374946135,4.312189,0.7622412
2015-06-20 09:00:00,31.588421838162162,41.91397,22.949127,3.8734087516850466,6.771146,-0.23388195,1.7203328576665298,3.023685,0.6971635
2015-06-21 09:00:00,30.188786584795764,40.568024,21.599274,5.365041229842127,9.209327,-0.16381073,1.7342330257405663,2.7544005,0.8026347
2015-06-22 09:00:00,30.00625104184593,39.41739,21.928131,8.063013357802546,9.84515,5.0873375,1.9483879187110613,3.01083,0.9239763
2015-06-23 09:00:00,29.78019181093981,39.895416,21.857574,4.3596545168039516,7.585249,2.944624,2.018079294735281,3.5087159,1.1763638
2015-06-24 09:00:00,30.33566707578234,40.26651,22.20987,6.088212348848362,11.686826,1.5657325,1.8561703136981678,3.1316502,1.0150198
2015-06-25 09:00:00,30.3127656485064,40.49893,21.153229,7.482612187394181,11.752742,2.6210442,1.633721209194392,3.0339646,0.76015407
2015-06-26 09:00:00,30.448384036538357,39.604645,21.12564,8.488798531236442,12.854906,3.9914484,1.5465668904689593,2.9286854,0.6049973
2015-06-27 09:00:00,29.749424709645723,40.170074,21.09195,15.835651226618271,20.49973,5.99973,1.8375602772620026,4.2503405,0.7647158
2015-06-28 09:00:00,30.502713730603773,38.89908,22.780426,26.816557545317195,32.9137,22.04999,1.5898135880854263,4.3418155,0.6471526
2015-06-29 09:00:00,29.682724079863306,37.128082,22.392975,29.31736741791278,32.502384,26.084415,1.3387068790091436,3.6097007,0.16312411
2015-06-30 09:00:00,30.37288096439073,37.347076,23.497711,41.89423180173527,50.255444,29.638275,1.1806020038732417,2.0752473,0.1917001
2015-07-01 09:00:00,28.611586887808187,36.05777,23.064362,39.699657460916555,48.27968,32.70696,1.3066588247386317,2.0596912,0.743127
2015-07-02 09:00:00,26.49217947738839,32.671783,22.464264,54.031080607996905,61.353233,42.954796,1.3654299277340372,2.3123229,0.810083
2015-07-03 09:00:00,28.976778954139604,38.641266,22.78775,35.17043813966783,46.08046,18.15803,2.1014101013884816,3.6356242,1.3800652
2015-07-04 09:00:00,28.480501737354757,37.876617,21.636383,23.616465420984866,29.10645,10.692407,1.9328083787563402,3.5848892,0.7555548
2015-07-05 09:00:00,27.09564006050192,37.733063,20.414703,22.201494040235282,31.818483,10.76622,2.1772695019820616,3.4264228,1.3438216
2015-07-06 09:00:00,26.007638423536775,35.981354,20.26651,29.632895277749167,34.830376,18.452019,2.060078314890598,3.21573,1.0441434
2015-07-07 09:00:00,25.82309058806709,35.871735,20.149078,18.68605649415535,22.867416,7.535386,1.92197246382811,3.160258,1.2564573
2015-07-08 09:00:00,26.62519336271231,37.92154,20.542877,17.2724932403743,33.970425,5.7790956,2.4104437949234776,4.1484118,1.6252362
2015-07-09 09:00:00,23.640221173453938,33.557526,20.731842,49.447141492264045,67.678375,29.198637,2.950564744697819,5.476175,2.024059
2015-07-10 09:00:00,22.289915300665484,29.0419,19.180573,53.53662661636192,70.95974,22.98318,2.5933530789251455,4.5294504,1.9524887
2015-07-11 09:00:00,24.654115254286523,32.02481,21.782623,37.57223227704287,46.080803,26.421331,1.7125746011769944,2.7085488,0.8560346
2015-07-12 09:00:00,26.299327227236176,32.225006,21.94571,18.937716398133464,28.194641,13.03839,1.4895857524101934,2.6148384,0.5188847
2015-07-13 09:00:00,28.27622794087233,34.94229,22.362213,10.179274616304827,14.300964,5.426113,1.6148208728130202,3.1690958,0.42810696
2015-07-14 09:00:00,28.380920993398888,37.633453,22.254547,10.041693770380215,16.286646,3.8947916,1.9906981429863957,3.2947438,0.9320884
2015-07-15 09:00:00,27.38696758957377,38.01187,20.933746,13.8261610951488,18.57586,9.624021,1.9562440173844788,3.2155166,1.1440959
2015-07-16 09:00:00,28.275098424825387,36.648346,21.28897,13.69993552278812,18.625317,10.09531,1.5727371094295155,2.4899166,0.54562306
2015-07-17 09:00:00,29.832521131945384,37.32486,21.769196,16.66491844078362,23.327461,10.12259,1.4798664162716908,3.4128857,0.5826624
2015-07-18 09:00:00,29.137803323210278,36.713776,24.076569,38.10701782976523,49.897293,24.331772,1.059658470370129,1.8795056,0.308256
2015-07-19 09:00:00,28.3108772985575,29.662262,25.761871,60.19211148441518,65.104324,54.694168,1.145355832017365,1.6046104,0.68369555
2015-07-20 09:00:00,25.96072714979715,30.058502,24.1586,69.48372702283436,74.63229,61.89348,0.7317342923835578,1.3820456,0.23693965
2015-07-21 09:00:00,26.636324032514494,33.470856,24.015778,67.25276592935009,78.246895,47.577316,1.530939124634344,1.9729391,0.8777656
2015-07-22 09:00:00,26.914069320138594,35.382965,24.097809,43.70992330008953,60.72484,22.11002,1.9433365519170616,2.9400938,1.3680478
2015-07-23 09:00:00,26.815675931347585,34.356842,24.21817,48.104301104971825,74.20159,23.456852,1.78377369284227,3.1048417,1.1415933
2015-07-24 09:00:00,28.20843101654026,35.903717,23.790436,18.612487980045824,45.660965,13.020338,1.4243353472044011,2.4105537,0.6232807
2015-07-25 09:00:00,29.5836102196011,37.29947,24.264313,14.970687845581196,30.760117,9.952181,1.688909527000589,3.1974294,0.87948406
2015-07-26 09:00:00,30.08136359027958,38.724762,25.15445,15.487017985319637,26.141321,5.510642,2.3817342452968426,4.6151876,1.2556083
2015-07-27 09:00:00,27.088482991260832,37.17935,22.439117,9.71152296582623,16.408054,2.8377419,2.2635699982738178,4.315433,1.1685996
2015-07-28 09:00:00,28.27827722476144,37.024567,22.006256,8.868078578760455,12.863764,4.426264,1.3720072368443814,2.3317418,0.61492765
2015-07-29 09:00:00,29.76127678614597,37.273834,22.131256,15.300751595395596,30.280453,2.112483,1.231850630594746,2.6925797,0.17239265
2015-07-30 09:00:00,29.52174572389481,34.64029,23.523346,49.57427950904128,55.428024,40.03711,1.662956368499232,2.8643472,0.21996954
2015-07-31 09:00:00,28.663944565594818,35.983307,23.395416,45.33089189328524,64.060776,31.68968,1.184306728979435,2.2256894,0.32706583
2015-08-01 09:00:00,29.78694245058466,38.333893,23.355377,18.894969502242393,24.385988,12.627344,1.6413401134979373,3.072081,0.2781175
2015-08-02 09:00:00,28.964215110147677,38.450104,22.63565,16.336242021124928,26.3778,9.683691,1.5162327282680332,3.2431211,0.5650184
2015-08-03 09:00:00,29.159734862229584,38.724274,22.50357,7.968427187625202,15.040948,1.1051855,1.6041151987926847,3.1484725,0.7983478
2015-08-04 09:00:00,30.817641441551928,39.819244,23.901764,7.475884727710853,12.904313,-0.71678066,1.4621841243296636,3.1060927,0.5680892
2015-08-05 09:00:00,32.27483213639414,40.595123,24.584137,16.513217939989286,22.34648,10.662886,1.677145106659054,3.7332318,0.7509022
2015-08-06 09:00:00,32.51621777971786,41.241608,24.391998,15.293111045899495,22.733047,12.64073,1.6619495077972346,4.170877,0.45253178
2015-08-07 09:00:00,29.389942189494946,38.49942,22.815826,19.742842209231387,33.578056,5.523019,2.071621604559823,3.2745972,1.364971
2015-08-08 09:00:00,26.639886525518932,37.194244,21.043854,11.793104433968509,25.153906,2.2406855,2.151456109069247,3.5209348,1.3762987
2015-08-09 09:00:00,26.943813830677016,35.329742,21.841461,7.816358099330922,10.873738,3.726183,1.6811588307135565,2.8838077,0.6749948
2015-08-10 09:00:00,27.03273035648118,36.065582,21.15738,7.986257685342511,16.223045,1.4146967,1.8492163652804212,2.8288028,0.63864994
2015-08-11 09:00:00,27.663208769761695,35.95523,21.668121,12.356432025670705,22.745804,2.0281487,1.5734617867021534,3.1127944,0.46078417
2015-08-12 09:00:00,29.383728984858976,36.085846,22.186432,17.693156988378593,33.961998,5.316061,1.2605693762908983,3.6452003,0.067160845
2015-08-13 09:00:00,32.49788241280652,37.62393,24.72647,28.190298952333706,36.80696,18.467115,1.482273798829325,3.9886,0.35075086
2015-08-14 09:00:00,33.78385378249084,39.199615,25.85196,23.624505180974,26.589802,22.035114,1.467785271205701,3.9013064,0.2113858
2015-08-15 09:00:00,34.99352860760371,41.516266,26.79068,20.906907320674673,22.784782,16.476189,1.3993222508422625,3.8063955,0.24739932
2015-08-16 09:00:00,35.650065677836835,42.29483,26.74234,18.46286920617321,21.931637,14.818356,1.4470327385427972,3.3516145,0.46579626
2015-08-17 09:00:00,34.76495852620229,42.65909,26.315338,16.852880569375188,21.888378,12.111034,2.0115201159926923,3.0273807,0.61745363
2015-08-18 09:00:00,29.87236393155422,40.626617,23.987701,15.452051874540102,19.019783,9.824471,2.3519169573342924,4.2052736,1.2841548
2015-08-19 09:00:00,29.06121299022493,39.298737,23.16983,16.286198355530477,18.456928,13.831479,2.4693041440588614,4.5633254,1.5027189
2015-08-20 09:00:00,28.39758493057053,38.919586,22.03482,21.261936065260656,26.98552,16.184738,2.124153020789439,3.6713333,1.2786409
2015-08-21 09:00:00,28.429839986992647,37.17862,22.112213,18.03130148748659,29.907549,5.1692677,1.9563838535002807,3.028972,0.846846
2015-08-22 09:00:00,28.733889090578202,38.10904,22.161041,13.13360116033304,20.108253,5.7906284,1.8228236056599452,2.8270285,0.78351563
2015-08-23 09:00:00,29.569624747283967,37.66153,22.22403,12.779739166894084,17.646202,4.010845,1.3666649802596627,2.8662536,0.29645383
2015-08-24 09:00:00,30.318690170461593,37.272858,23.08487,17.67722701714004,28.450567,11.506752,1.2373866177745656,2.6926157,0.019858029
2015-08-25 09:00:00,31.160061825568675,38.17984,24.007965,19.468080878908346,33.47588,9.054273,1.5875472641797754,2.7836566,0.6635967
2015-08-26 09:00:00,30.239029126832804,34.210114,25.378082,41.98630799924115,52.059673,37.309673,0.9475566454464858,2.3542898,0.076630436
2015-08-27 09:00:00,32.352024473863594,38.078033,26.173248,33.97879384815043,43.421097,24.56712,1.082379712807683,2.3349986,0.5512573
2015-08-28 09:00:00,33.85903188296578,39.09366,28.172028,26.188006707275274,32.663353,17.716106,1.1069781100951874,2.1191325,0.41232744
2015-08-29 09:00:00,33.55305253779568,40.03775,27.479156,22.470637465763414,25.693886,19.663662,1.5394204122656736,2.6834102,0.649562
2015-08-30 09:00:00,32.90635516518188,40.773346,26.70694,25.231654077146395,31.946201,20.317295,2.191421269216581,3.586993,1.3067724
2015-08-31 09:00:00,29.217230956504125,38.275055,24.239899,12.069244572527225,19.570435,4.4766836,2.2010621528160548,3.5284824,1.4495887
2015-09-01 09:00:00,28.143005807823556,36.671295,22.415436,7.234629033405321,11.29198,0.98703814,1.6711590625004689,3.0688674,0.58824027
2015-09-02 09:00:00,26.79828596607473,33.47647,21.812653,8.37255807897169,15.823144,-0.72373104,1.5192800233116757,2.3578212,0.6120938
2015-09-03 09:00:00,26.370369402518406,34.670074,21.9357,9.063158408037483,18.034578,1.1269464,1.834670973946144,2.638666,0.7939185
2015-09-04 09:00:00,26.332021816780014,35.173492,21.739899,23.30594030985305,40.625084,8.180061,2.103098461889508,3.6725705,1.2622772
2015-09-05 09:00:00,26.429740146769234,33.982574,22.132965,20.58462222133109,38.213337,9.479082,1.67302538911505,2.559398,1.0552123
2015-09-06 09:00:00,29.46672617042043,33.73355,24.652496,31.139643597197633,44.141514,10.548674,1.016402338173845,2.577692,0.20001298
2015-09-07 09:00:00,31.42062917834039,34.356598,26.99527,47.168580556627816,52.067062,35.25906,1.0497538529624573,2.5796885,0.080747664
2015-09-08 09:00:00,33.08486107720228,35.820953,28.029938,49.58738383631393,57.51871,43.3234,1.05246094356899,3.0235937,0.21147048
2015-09-09 09:00:00,32.652883723810874,35.967438,29.336578,52.84664489172198,59.67702,41.904156,0.965759385028578,2.1717086,0.24337238
2015-09-10 09:00:00,30.70492921900035,33.974518,27.51236,50.873265774481446,58.746265,42.189312,0.8176947915498862,1.5526416,0.11767286
2015-09-11 09:00:00,31.011484380760237,32.621735,28.57486,50.97671771780843,57.7267,44.636856,1.0987039194610868,1.9501256,0.37278712
2015-09-12 09:00:00,29.9615389335504,35.377106,27.400543,49.55743150995377,55.250336,36.93588,0.8989257113816982,1.518169,0.0066615515
2015-09-13 09:00:00,30.73885281050849,35.324615,27.355865,44.996612098617454,55.01727,31.253693,1.3241569108628999,2.0880468,0.33016476
2015-09-14 09:00:00,29.39455250637019,35.911285,26.659332,43.81915624662894,54.7825,30.168901,1.973839738574865,3.2212808,0.86913306
2015-09-15 09:00:00,26.004001068493153,31.931793,22.70523,66.7485035981349,82.264984,43.87436,2.9168969348827742,4.6614623,1.9397752
2015-09-16 09:00:00,22.8888363586056,27.232819,19.689117,66.88410333093809,94.370735,33.097298,2.5000975927343454,4.323181,1.391319
2015-09-17 09:00:00,24.92572456977399,30.041168,23.245758,22.07064177639211,36.922062,10.209782,1.6424486174626711,2.9905992,1.0538381
2015-09-18 09:00:00,27.68259262027317,31.848297,24.16275,19.579528994548095,29.479788,13.861712,0.8178683539078958,2.5317857,0.03874783
2015-09-19 09:00:00,29.761545912957672,34.272614,25.03189,19.61233126683472,23.854153,13.877591,0.9785223601207355,2.0979695,0.021468326
2015-09-20 09:00:00,32.428449650300024,35.737457,28.669342,35.126990360398366,42.991997,24.752502,0.8649268487206088,1.9526787,0.23772277
2015-09-21 09:00:00,33.389368554299836,36.57315,27.739166,33.657191321684095,37.78907,29.256754,0.9446226314420709,2.4346416,0.38547722
2015-09-22 09:00:00,25.944039859373618,30.80655,23.707184,36.973466207902476,54.74647,22.79414,1.3772487078090143,2.128135,0.7896914
2015-09-23 09:00:00,28.42499147248276,32.14859,24.505524,29.185294152634867,34.61619,21.766811,1.0214517113327586,2.4839551,0.24252431
2015-09-24 09:00:00,30.826833037791403,34.712555,25.458649,25.99162332452798,35.306103,15.141898,1.1062599776531308,2.8922522,0.10440521
2015-09-25 09:00:00,31.762129425628416,37.568024,26.110992,30.909708482771293,39.547165,21.120483,1.0564443392146956,2.2729752,0.29474005
2015-09-26 09:00:00,32.21260653313044,37.93936,26.652252,28.728853796344445,33.9625,21.13339,1.165785728112672,2.9113953,0.17870018
2015-09-27 09:00:00,31.34827235099823,37.07486,25.873688,21.941231619814513,30.390266,9.054328,1.121089533164882,2.3852744,0.23034705
2015-09-28 09:00:00,30.54670762423234,36.395416,25.781403,10.143837648945402,14.674629,3.5137115,1.110646194915448,2.1574562,0.52000415
2015-09-29 09:00:00,30.007857475626224,36.71646,25.403961,14.17893040998126,18.760191,10.756285,1.561853078937786,3.2261732,0.7586406
2015-09-30 09:00:00,30.13708004799207,35.881256,24.648834,11.038763064159253,20.185234,6.3850107,1.075961266161402,2.9055328,0.3046625
2015-10-01 09:00:00,30.34356804385493,35.95987,25.420807,18.218708243908623,25.287817,12.1081295,1.4873012716176022,2.4237478,0.6004524
2015-10-02 09:00:00,26.184504752405815,32.93936,23.810455,29.11997167534026,36.38178,21.996363,1.8727951577271194,3.2920475,1.1341343
2015-10-03 09:00:00,25.91983495108923,30.87857,23.652008,32.138639227349024,42.433617,11.257352,1.1864252013751786,1.9373157,0.3875294
2015-10-04 09:00:00,24.784843022214318,31.02359,22.207184,42.319291137503825,57.82452,27.771925,2.8969335989894107,4.455246,1.4774753
2015-10-05 09:00:00,19.29491793932027,24.150055,16.478912,77.84429478891612,86.76051,53.92622,2.250597100311956,3.6811876,1.5980607
2015-10-06 09:00:00,21.43615560201482,23.545563,19.672516,63.592881400054516,69.54706,58.03534,0.7287497860066952,1.4747207,0.20140788
2015-10-07 09:00:00,24.705066217321132,27.10196,23.021881,44.02793106684136,47.871384,41.461227,1.1587985576424,2.1735275,0.54966164
2015-10-08 09:00:00,27.93701756634107,30.690582,24.18277,28.165350809880927,31.957209,26.25799,1.27187920133785,2.7169926,0.63138753
2015-10-09 09:00:00,31.68524580873617,34.93448,27.617584,21.546165278886868,24.711933,19.330471,1.5867773554822735,2.8715746,0.4871824
2015-10-10 09:00:00,32.75030409334596,34.7106,29.698883,27.235714533202252,34.354176,22.908863,2.2489038922227675,4.185788,0.75912195
2015-10-11 09:00:00,31.42654949336412,33.751373,28.376373,33.036911280110644,34.87886,31.339798,1.206978251329102,2.772914,0.36194757
2015-10-12 09:00:00,30.04405620495652,33.0878,27.016998,38.85612023552044,43.689205,34.064205,1.018088754307147,2.2784486,0.31287816
2015-10-13 09:00:00,31.03010793023202,33.844635,28.36026,43.646511748104516,49.36073,39.497448,1.0585660492405373,2.224821,0.1585272
2015-10-14 09:00:00,28.94367409462376,32.425934,25.829254,52.00536512373835,57.71241,42.76356,0.9883055840169135,2.210787,0.12772512
2015-10-15 09:00:00,27.118789031993856,32.407135,24.786041,55.53661590215329,68.840836,32.71193,1.923064928122713,2.825453,1.129651
2015-10-16 09:00:00,24.74041278861546,29.129303,22.941803,65.0528539718408,70.61895,57.267387,1.6411218714573865,3.7366028,0.32959044
2015-10-17 09:00:00,23.613325178172772,26.620514,21.479889,71.35185371516,84.89002,50.012825,1.3424889943785847,2.9409516,0.28337026
2015-10-18 09:00:00,23.929982774023472,27.723541,21.489166,77.30021481877752,88.731476,54.91318,1.5564170559972503,2.8862183,0.7068538
2015-10-19 09:00:00,22.341714608851305,28.60733,19.410065,58.00651210601314,72.489525,39.801888,2.3633437770184775,3.689818,1.5615312
2015-10-20 09:00:00,21.238071337007398,25.331696,19.172516,53.378878094866465,79.166046,26.435577,1.2621076734062295,2.4341903,0.81050736
2015-10-21 09:00:00,22.981197100789473,27.134186,20.614655,42.25349951518086,50.778942,34.9391,0.6695250762171988,1.1643659,0.24795768
2015-10-22 09:00:00,23.37114194278979,27.22403,20.847565,39.0742005311335,48.173283,32.895588,0.8158374383507176,1.3561853,0.34474832
2015-10-23 09:00:00,23.79155315442563,26.99649,22.364899,29.160716665822488,35.935074,22.082611,0.796575905559215,1.9881774,0.41645557
2015-10-24 09:00:00,26.824979871928974,29.24649,24.112701,26.688818541024187,32.340466,18.709436,1.451602609361553,2.9142704,0.577833
2015-10-25 09:00:00,27.05728275061108,29.569,24.635406,24.439960657561045,30.543365,19.757963,0.8241522505356337,1.8221917,0.26770505
2015-10-26 09:00:00,26.115472771680572,27.819733,24.235748,22.129629716218894,27.410664,17.180195,0.44442214261582924,1.0314704,0.12406218
2015-10-27 09:00:00,27.420118718984668,30.005768,24.304596,15.091018365531346,20.073673,11.303241,0.5318850232395752,1.6216409,0.031749807
2015-10-28 09:00:00,26.000702374153263,28.699615,23.705475,11.335478815624242,16.143925,7.790571,0.4822278953792135,1.0085475,0.05555739
2015-10-29 09:00:00,22.845218393664766,26.544342,19.691803,36.262253074689994,47.79747,28.645128,1.3277902982856118,1.9194363,0.5065795
2015-10-30 09:00:00,23.585098899598336,26.173004,19.913239,25.490004206994886,31.72528,19.874844,1.3240190438532717,2.2796001,0.6554741
2015-10-31 09:00:00,25.91787327841223,28.035797,23.79361,11.229072505174123,13.183604,9.7343855,0.946736921260739,2.243002,0.4589737
2015-11-01 09:00:00,27.255180510390346,29.983551,24.717926,13.768576258664405,15.874165,11.967915,0.5282422355123498,0.89266866,0.105229326
2015-11-02 09:00:00,26.420726343766262,29.963531,23.996735,12.26989925799851,14.764839,9.917183,1.4991617221517304,2.4506822,0.7464963
2015-11-03 09:00:00,20.020346606522708,26.767487,16.781158,45.10479960968074,65.55201,30.317633,3.7923568129578844,6.4298835,2.077629
2015-11-04 09:00:00,14.589739426946608,18.413239,10.145416,65.26664924128556,88.94995,47.86368,2.8445031788351574,5.685578,1.4087545
2015-11-05 09:00:00,16.385764984517323,18.731842,12.774811,32.762978495450675,40.73669,23.849972,0.5594209612237238,1.5064822,0.015755305
2015-11-06 09:00:00,18.601089402204423,21.110992,15.337555,15.662677663036023,20.155483,12.194547,1.4599569119861229,2.7533956,0.49507272
2015-11-07 09:00:00,20.54726117808093,23.031158,17.093658,13.951578400322381,18.401249,9.9246855,1.625549945624324,3.5643651,0.25300264
2015-11-08 09:00:00,20.529709713499244,22.30606,17.288483,17.306020228265613,20.576717,12.978442,0.4338447486647098,1.0715407,0.0771283
2015-11-09 09:00:00,20.253949368314068,22.024323,18.420807,18.56351247566036,24.970493,13.822056,1.4920427245104864,2.04959,0.9870204
2015-11-10 09:00:00,16.061369040631348,20.750153,12.191559,65.6013377844156,81.94167,46.761982,3.867200770195787,5.714573,2.2845814
2015-11-11 09:00:00,16.40048389096978,19.24356,12.433014,17.01983300479872,25.706383,8.733727,1.2417438284086961,2.436823,0.49136582
2015-11-12 09:00:00,18.33894844943677,20.804596,14.939362,6.6679709812636485,12.639675,3.8951387,1.638647848887077,3.463169,0.15323208
2015-11-13 09:00:00,20.17847404388192,22.229889,17.403717,6.572744619226008,10.862713,4.382244,1.3345391767052157,2.9263668,0.048574094
2015-11-14 09:00:00,21.223772556436643,23.005035,18.815094,10.75106368723052,13.217486,9.084334,0.6534263981415236,1.834691,0.25454208
2015-11-15 09:00:00,20.744956784192993,22.379547,19.35611,14.918186856677176,19.79295,6.359355,1.1943048763749984,2.073648,0.36135942
2015-11-16 09:00:00,14.82370918089282,18.375885,10.987213,58.086796629442375,69.19569,38.18006,5.4890730144660385,8.748407,3.3147824
2015-11-17 09:00:00,15.947931159697305,18.056305,13.609039,8.511547176255691,9.720566,7.2440033,0.8992705450336785,1.7838473,0.48301628
2015-11-18 09:00:00,19.838120069316233,20.997955,18.818268,13.538754679014119,16.065628,10.432816,0.598252920639289,1.5891645,0.10087307
2015-11-19 09:00:00,22.553416238129046,24.690338,20.030182,11.206969710311775,14.45748,9.765718,1.059793417211456,2.3557212,0.20713535
2015-11-20 09:00:00,23.821420827558484,25.809479,21.442291,11.001037093537459,12.310621,8.945843,0.8193396147069071,2.0229952,0.38308743
2015-11-21 09:00:00,24.784447005655352,26.73529,22.546814,14.734698280592982,19.07238,11.912225,1.7238029957692702,3.4712574,0.3466816
2015-11-22 09:00:00,23.548314637865133,27.118073,19.248932,18.267210951778516,24.517227,15.598181,1.9411797039040797,3.4499283,0.44813108
2015-11-23 09:00:00,23.535197966112435,26.503326,19.934479,15.290737405599396,17.550823,13.656291,0.5194200218021767,1.1704322,0.16674073
2015-11-24 09:00:00,21.52460807948688,23.427155,19.585358,18.3916792183465,22.313988,14.685086,1.4171697521851199,2.649998,0.89952713
2015-11-25 09:00:00,16.314213445984933,21.861053,13.210663,38.301911381781295,65.877495,15.346247,3.6059319277210626,6.089108,1.868411
2015-11-26 09:00:00,12.317733670401537,15.735046,8.399109,60.82404376287593,77.561844,30.688168,2.5558755064860676,4.2234516,1.3610023
2015-11-27 09:00:00,12.092881791431239,15.114655,8.302155,67.3183703395742,77.53885,54.847607,1.2036498960067523,1.8515927,0.4376685
2015-11-28 09:00:00,11.446618363565733,15.203186,7.2578735,63.575480208665525,77.88283,46.372467,0.9643386975105209,1.6284926,0.46215284
2015-11-29 09:00:00,13.050559978822207,16.293884,8.930603,41.313811701497436,53.171288,31.503319,1.0891034420627685,1.8173044,0.43879035
2015-11-30 09:00:00,13.984158713158308,16.581757,10.304016,14.230326085589608,19.388899,9.56468,1.2275058718263676,2.1644232,0.1733315
2015-12-01 09:00:00,14.855611226840551,17.042755,11.3558655,12.093303715788725,16.203995,6.5750885,0.9731389915328342,2.7526753,0.28460202
2015-12-02 09:00:00,17.981305312904,20.752594,14.596344,10.584858694262786,12.147454,8.065423,1.3907513721205744,2.7921476,0.2790345
2015-12-03 09:00:00,19.702841728899898,22.658112,15.896149,8.826404944611067,9.7566595,7.628045,1.6536737965416197,3.3018112,0.14994848
2015-12-04 09:00:00,19.133088149800358,20.282135,17.737213,11.00082472665935,13.759269,8.978679,0.7326711600954665,1.5878217,0.1059557
2015-12-05 09:00:00,17.779025578126266,19.804596,14.90567,10.66865782748797,22.118118,4.3932943,0.9847787303576476,1.7678224,0.33653024
2015-12-06 09:00:00,19.619702820805003,21.923248,15.968658,9.600870261736043,10.858879,7.6848116,1.537798819266953,2.8202553,0.089379035
2015-12-07 09:00:00,20.54811123773186,22.93277,18.423004,7.803833140481125,9.176186,6.356293,0.9904720579524556,1.8342882,0.3195569
2015-12-08 09:00:00,21.35780942211693,23.19986,19.305328,9.400185806119282,11.05702,8.080985,0.7875510461868406,1.6760174,0.19567738
2015-12-09 09:00:00,22.109595496781083,23.830719,20.160797,12.018427674290196,13.65494,10.709627,0.44440628516243985,1.0562559,0.039098427
2015-12-10 09:00:00,21.04559871394099,22.462555,19.35318,13.65186562609299,17.418743,11.797124,1.1359296612788738,2.1105132,0.18419379
2015-12-11 09:00:00,17.63600642800617,22.097809,15.330231,32.32201904089818,39.845764,26.04889,3.5451422402187562,5.742243,1.7721483
2015-12-12 09:00:00,11.860842824765996,15.6041565,8.143219,27.190930618169844,40.185215,17.614902,2.3412002602748903,4.348545,0.84641916
2015-12-13 09:00:00,14.10389680668618,17.421783,10.670563,21.766247419838614,24.616295,16.772545,1.0262338407540885,1.7080281,0.39999375
2015-12-14 09:00:00,14.073345986888796,17.736725,10.1058655,57.426806181041584,77.357185,31.362534,4.554630579638063,7.433792,1.984674
2015-12-15 09:00:00,10.521987774341198,14.346344,6.471588,27.514231538500965,34.742905,21.211655,1.026584340209459,1.9222646,0.24368419
2015-12-16 09:00:00,11.237415746443787,14.2565,7.740143,28.942855106627114,34.12301,21.94824,1.0233229018715786,1.7869784,0.33917877
2015-12-17 09:00:00,12.000494922910832,14.761383,9.278961,18.128578654655414,22.645027,11.585488,0.7125150720867819,2.0408401,0.20333375
2015-12-18 09:00:00,14.501235698899848,17.260101,10.994476,16.165237251047675,19.301197,12.902759,1.5485714302996103,2.6826575,0.18088172
2015-12-19 09:00:00,16.029123627203035,18.657928,12.74234,20.559862346767545,24.726887,17.86835,0.5185440332948128,0.8688095,0.114824675
2015-12-20 09:00:00,13.228439936408677,16.09317,9.546295,60.079320312627054,85.1629,21.849781,2.7725071550635874,4.529223,1.0269154
2015-12-21 09:00:00,12.55824888719917,15.455231,10.277252,43.4389516081428,53.53023,14.265841,0.6053045392074249,1.3342247,0.23440997
2015-12-22 09:00:00,13.383509634444124,16.108307,9.971588,72.2332397209863,79.24151,59.835255,2.732633833273176,4.849927,0.9359768
2015-12-23 09:00:00,13.499001374039835,16.985992,10.011383,74.7545842923762,101.16065,40.370296,3.9312285427462634,6.8537035,1.6267695
2015-12-24 09:00:00,13.22181015772702,17.47647,9.42807,60.78878724449684,88.32608,31.875702,1.8075612132357521,3.0857847,0.95451474
2015-12-25 09:00:00,12.735496423407028,17.125305,8.894836,46.48315345761695,77.533585,21.892963,3.637988685297083,6.0677924,1.4381859
2015-12-26 09:00:00,10.648436246689982,14.489838,6.2808533,22.60180999295933,34.788536,11.269006,2.3702528357561996,5.7842865,1.020359
2015-12-27 09:00:00,11.22346730532206,15.606842,6.979889,11.307042091335648,14.599803,8.549956,2.307332744155423,4.296302,1.4219123
2015-12-28 09:00:00,11.163975937810733,14.1094055,8.146515,19.82760839211184,26.212444,8.876508,0.6415139206151271,1.5372609,0.23195338
2015-12-29 09:00:00,9.52842283037495,13.436157,5.844757,41.006476822961176,48.107037,33.360943,0.5977849507235683,1.3536092,0.15659703
2015-12-30 09:00:00,11.303610902850778,13.859283,7.9725647,30.663349109331982,38.65331,22.82542,0.5991301974297026,1.0818083,0.21295764
2015-12-31 09:00:00,12.280865056924085,14.5477295,8.955933,30.687035761134382,40.13273,21.005222,1.038709978479879,2.04282,0.16372867
2016-01-01 09:00:00,12.68397611954083,15.665314,8.789703,26.71819972324412,30.787209,19.740334,1.6180397933898738,2.7519257,0.2474971
2016-01-02 09:00:00,13.0264995039783,15.475739,9.190582,14.022088111089127,19.720257,6.892131,1.2587119132657618,2.4083374,0.1491529
2016-01-03 09:00:00,14.054712461933832,15.737701,11.179108,18.880101482681187,22.338436,15.424373,1.10541314925215,2.327277,0.12885134
2016-01-04 09:00:00,13.558001620051812,16.075256,11.120728,53.249430310653615,62.445683,43.76209,1.926857784574869,4.8355174,0.3808239
2016-01-05 09:00:00,12.928595229009318,16.471222,8.744659,90.51908703931716,97.39277,82.94204,1.4324330767434732,3.137959,0.3150873
2016-01-06 09:00:00,11.375526214014599,14.881683,7.8504333,78.57659826264641,94.452545,64.66348,3.2396442767847557,4.7743225,0.9035887
2016-01-07 09:00:00,10.303747866793685,13.810455,6.7323303,81.26601344452516,91.17825,69.92044,3.3240220700622762,5.641193,1.1441747
2016-01-08 09:00:00,10.040180640672645,13.389069,6.600128,57.62078567973005,77.75733,44.6128,1.7111192975716973,4.009563,0.16404212
2016-01-09 09:00:00,11.54742836260516,14.625549,7.8306274,44.862382333919165,57.27775,32.157482,0.7428215276169491,1.2692862,0.26638755
2016-01-10 09:00:00,12.259362176803279,14.819183,9.04184,51.28550149907197,71.31932,27.780107,0.9416048536747811,2.0820515,0.22969288
2016-01-11 09:00:00,13.099471008440503,15.77829,9.504852,39.381344316042835,60.09922,23.634377,1.178339829482788,2.004917,0.26213878
2016-01-12 09:00:00,13.55045797528669,15.829803,10.556366,8.123549347535478,13.3019085,4.57522,1.547122911062148,3.1502728,0.23029763
2016-01-13 09:00:00,15.048948297777088,16.442871,12.774078,4.801003976599274,7.869076,3.8042402,0.7834676611190249,2.5400298,0.0900897
2016-01-14 09:00:00,14.664229032755259,16.038239,12.62027,14.661765672293626,24.124683,6.230152,0.8737642134477596,1.9755338,0.049436424
2016-01-15 09:00:00,15.048072569875842,17.021515,12.619171,11.775481890151456,23.222488,2.8631144,1.6221077160950435,2.972551,0.8511949
2016-01-16 09:00:00,12.998650416173518,16.46109,10.128265,43.73139684124576,60.27858,35.505142,0.663143874289704,1.6585885,0.06591847
2016-01-17 09:00:00,16.005331388277114,17.12613,14.274567,37.16049111773772,46.162735,27.533169,0.68569371456906,1.6096959,0.16536829
2016-01-18 09:00:00,17.753260487386,19.721191,16.510254,26.600246264474514,35.675163,21.764858,1.504357599529693,4.050658,0.70895135
2016-01-19 09:00:00,16.35105062254388,19.689056,14.961395,28.941253907723112,41.827675,20.870644,1.1822324476491775,2.4031768,0.40704578
2016-01-20 09:00:00,16.102042651839213,19.426361,13.46933,35.84922146508729,53.503468,14.507374,1.0941016373898518,1.8761655,0.42404664
2016-01-21 09:00:00,17.81691944549584,20.000092,16.265717,10.947372894326449,23.4884,-0.6804676,1.4795607878940817,2.6234992,0.6007816
2016-01-22 09:00:00,18.011978297242308,19.974304,15.304382,11.833913398240536,18.203407,8.429056,1.009366781703675,2.0849457,0.0135408975
2016-01-23 09:00:00,17.764587107635407,18.874908,16.579987,14.361294159412362,18.344841,9.97375,0.9848789647502755,2.8746848,0.26162806
2016-01-24 09:00:00,15.06423677575225,19.341156,11.686859,38.21260466954625,50.27905,31.335144,1.484507535120814,3.4992664,0.5072352
2016-01-25 09:00:00,16.25993217509432,19.776764,14.22403,28.065131722305967,32.86549,20.234478,0.5444502742826156,1.3775218,0.13160437
2016-01-26 09:00:00,16.482422585822007,18.451965,13.6297,14.302596561513628,22.170626,6.303438,1.4461563211051034,3.2463093,0.35694727
2016-01-27 09:00:00,17.45975441811015,19.545746,14.652527,9.10977416551556,12.789209,6.5861044,1.5743277683412487,3.3846393,0.21386522
2016-01-28 09:00:00,18.134645686705312,19.306427,16.226349,8.944108408225313,11.047744,4.9888477,0.7025835203290871,1.42439,0.10366762
2016-01-29 09:00:00,19.403888154035428,21.336578,17.115875,8.759807462532807,13.981225,4.696414,0.39977416138335486,0.8227112,0.1936211
2016-01-30 09:00:00,19.29353851625558,22.431183,17.30423,32.40254942319997,40.233406,21.99068,1.5110146221020375,2.4463642,0.93990344
2016-01-31 09:00:00,15.494562521089222,21.790436,12.313873,71.33520375428039,93.64829,53.347515,3.58568294331327,5.6378174,2.107426
2016-02-01 09:00:00,10.447236342573547,13.717194,6.43985,66.61307812968509,78.6864,45.940308,7.255328837575582,11.534646,3.6237576
2016-02-02 09:00:00,10.04118821754497,13.238434,6.3960876,17.80499112429133,28.97424,9.00549,1.386150954854186,2.1668324,0.5730789
2016-02-03 09:00:00,11.60327792248728,14.247284,7.854706,27.708651656999884,46.58264,9.307641,0.7596693523611499,1.3548357,0.050082006
2016-02-04 09:00:00,13.01105982060244,15.799957,9.247955,15.51620818071662,25.852959,8.54585,1.7377663895341782,3.2158244,0.12956412
2016-02-05 09:00:00,16.134681975530043,18.504791,13.063385,13.92429407631758,18.510462,9.839555,2.066511410673014,3.9629383,0.2101864
2016-02-06 09:00:00,18.639595897528807,22.56897,14.676544,13.12457020557561,20.774086,7.8973827,2.241277071786763,4.0337853,0.23585588
2016-02-07 09:00:00,19.812393861528278,22.21878,17.452545,7.860903802597497,10.865606,5.420294,2.008119341441171,3.79751,0.20295693
2016-02-08 09:00:00,23.04325565057627,25.584137,20.134369,12.287126029625783,14.597165,9.89404,2.2377820926704683,4.3494005,0.40005654
2016-02-09 09:00:00,24.364604978316947,27.2966,21.861053,8.750896147160564,14.323952,5.135973,1.687352587000615,3.3689804,0.3380333
2016-02-10 09:00:00,25.754633755639873,28.212738,22.990082,7.322994233960659,10.087217,4.5043716,1.1049921258548139,2.7747602,0.15175758
2016-02-11 09:00:00,25.543578860129116,27.821625,21.395844,7.427439597225797,9.700271,4.8096457,0.8139237636475847,2.2150764,0.10527114
2016-02-12 09:00:00,25.385895616436073,27.05368,21.452118,7.978577763304098,11.675307,5.2846823,0.6735793960650014,1.8292311,0.19506587
2016-02-13 09:00:00,24.130670535713932,26.507477,20.058258,9.3483911134008,11.264836,7.3156176,0.5138646530610745,1.3390229,0.19640456
2016-02-14 09:00:00,22.146597800961786,25.780792,18.021027,9.358568818392445,14.478286,4.6279764,0.5490612031309962,1.5975617,0.15502161
2016-02-15 09:00:00,25.198419968740495,27.13855,23.001617,11.09360262014282,16.230743,4.194462,1.4849943195776072,3.567897,0.34684643
2016-02-16 09:00:00,25.893321952340898,28.150726,22.856842,17.215611327728336,23.240997,8.423738,1.1442508338587525,2.7876403,0.2488196
2016-02-17 09:00:00,26.936194812711847,28.812225,22.786835,12.80785930546021,16.610996,8.083653,0.8832792948684772,1.6626235,0.42018697
2016-02-18 09:00:00,20.03104537080634,26.152496,17.502106,12.241470243392678,31.196728,6.068571,2.1012020573150085,4.385463,1.0899122
2016-02-19 09:00:00,17.486032683341136,22.11325,15.264557,16.680952587825352,32.453728,-0.8040867,1.435004868113179,2.9874861,0.66576385
2016-02-20 09:00:00,19.32898279560129,24.242828,16.865875,4.842434635240144,10.323689,-5.570915,0.8354733783270331,1.8096448,0.40469822
2016-02-21 09:00:00,21.0375956231926,25.449127,17.230377,10.41330881167418,15.42036,7.253793,1.2273459809053326,3.2508276,0.58090025
2016-02-22 09:00:00,22.27149193269588,27.218231,17.745575,8.446984967220777,12.723998,4.7066336,0.7269915120168682,1.2480909,0.21118437
2016-02-23 09:00:00,23.085382608384634,25.859406,21.430084,10.432358545539,12.431261,8.187965,1.1280219499889368,2.5813742,0.31918573
2016-02-24 09:00:00,21.045880097138763,23.852692,16.899567,15.736824916584702,16.871542,13.531697,1.718967367384258,3.6004539,0.47964868
2016-02-25 09:00:00,22.23565894322161,24.792877,18.880768,8.818305848633253,11.014226,6.717351,1.0604103453739457,2.2996411,0.08910948
2016-02-26 09:00:00,23.43389923062449,25.19992,19.920624,8.612229116969878,11.50031,4.578395,0.7093600946185169,2.237339,0.15500362
2016-02-27 09:00:00,22.97282698426801,26.426361,19.00644,4.87916897323081,9.285467,2.6836052,1.0559067874076464,2.2013354,0.6745565
2016-02-28 09:00:00,22.33088134330569,27.116852,18.427399,11.987625183323694,16.977772,3.7980843,0.9664188462691087,2.2715628,0.5245484
2016-02-29 09:00:00,23.138016640152614,28.037628,18.05716,16.63142296059126,21.695427,13.279182,0.6770444113090714,1.7096567,0.11838143
2016-03-01 09:00:00,23.855101827415126,28.301422,18.674469,13.213442954388755,17.55975,9.463261,0.5868635628133879,1.1362294,0.18648396
2016-03-02 09:00:00,23.626897876672388,28.26242,18.842499,7.387193930814275,11.681493,2.6385236,1.1289426995423943,2.3319874,0.35831687
2016-03-03 09:00:00,22.32018132917358,28.903229,17.975494,3.8144089931707357,6.2993813,0.72440815,1.312935091062485,2.4931636,0.43643865
2016-03-04 09:00:00,21.235202089823417,27.64975,16.983734,4.659159816973636,7.9031115,1.5124865,1.4700192515160089,2.4910507,0.69891065
2016-03-05 09:00:00,19.86457818934332,27.615509,16.638947,16.3672151870635,29.213589,7.096326,1.9047019145049293,3.459013,1.138513
2016-03-06 09:00:00,19.419416889885667,24.955475,17.375397,56.614590255869274,71.821,29.458311,3.3155467838237054,5.182221,2.0701888
2016-03-07 09:00:00,14.483860442441653,17.875397,10.410553,42.69166062176381,68.11021,22.15912,3.8137792873892575,6.135921,2.5354266
2016-03-08 09:00:00,13.968503045725129,17.280914,11.753571,42.459986600105395,53.999252,31.393785,1.3353173683319663,2.4250572,0.47894543
2016-03-09 09:00:00,18.497015291580055,23.031158,16.93155,25.6472855472405,32.8116,17.688032,1.0472273527683422,1.3929996,0.63848597
2016-03-10 09:00:00,21.535309340645313,25.27237,18.2128,21.388757361135575,25.455925,17.842422,0.7992561103276903,2.3451765,0.34529796
2016-03-11 09:00:00,21.59495751689036,27.321442,17.840973,18.660326615166635,24.439665,10.548684,1.7058900959250252,2.978164,0.9874474
2016-03-12 09:00:00,14.639066414750289,19.85025,11.371735,59.79518183298619,86.578865,41.373543,4.119952305379994,7.0713267,2.6391523
2016-03-13 09:00:00,15.27787569509411,21.707672,12.631256,33.482971326538255,52.40925,20.537785,2.0317326837286798,3.7296693,1.1975727
2016-03-14 09:00:00,15.261276307933997,21.657623,11.452545,58.978182184842225,85.33986,40.2383,2.939649805793088,4.8593807,2.0339465
2016-03-15 09:00:00,20.31092037426714,22.967682,16.893463,21.852111607801756,32.88562,10.682495,1.1471943923619916,2.3884363,0.25277993
2016-03-16 09:00:00,23.76806604886241,26.787018,19.740631,22.07124499886775,28.940556,15.428838,1.133945607640961,2.3288965,0.038705565
2016-03-17 09:00:00,24.445025015008525,28.227692,19.942535,20.311142930265277,26.862091,10.920686,0.4256277758270867,0.9616899,0.08090968
2016-03-18 09:00:00,21.945837328571827,27.482086,18.675446,21.1687386495025,26.726408,13.341181,1.3398646821314188,2.1710317,0.754207
2016-03-19 09:00:00,22.13168027912286,29.41983,17.660065,12.863362137614926,16.940722,9.0126295,1.4209489156442108,2.9019156,0.55998
2016-03-20 09:00:00,21.718582489724668,29.143219,16.646637,9.553311094829196,13.471636,7.475542,1.2023852526071186,2.3745205,0.46722972
2016-03-21 09:00:00,21.8700774163093,29.61148,16.976715,10.626635506154376,16.788609,4.995043,2.087718312381064,3.6601477,1.0758193
2016-03-22 09:00:00,18.87507719333189,27.122223,16.69278,29.155994345048157,58.322556,9.721146,3.7644136807358577,6.8655157,2.1849587
2016-03-23 09:00:00,18.046956333380876,20.635406,14.756012,16.077668406966612,20.464811,13.376992,0.7806376202048738,1.6658113,0.14013815
2016-03-24 09:00:00,21.69550268289862,23.28653,19.698639,10.81438166131191,12.932383,9.293383,1.161779094888198,2.6189454,0.26816174
2016-03-25 09:00:00,23.299952992103385,26.469147,20.619537,15.124287239085742,18.163631,12.559259,1.0017859562381441,1.6748601,0.51542825
2016-03-26 09:00:00,22.300933094112395,27.662018,19.527252,20.464206788429156,27.031555,15.039367,1.0171411115075946,2.1449187,0.4604389
2016-03-27 09:00:00,21.97531948944271,26.77237,17.58487,23.600677641249586,33.9655,10.574876,1.3192312498734031,2.5065906,0.42868328
2016-03-28 09:00:00,20.727536291305228,26.64859,17.6857,29.295767957219297,41.846718,15.004123,3.270470125777911,5.1071815,1.8760017
2016-03-29 09:00:00,12.728948744910667,16.759918,9.119293,62.84924488109176,77.72636,40.57905,5.530195522785698,8.270878,3.5396888
2016-03-30 09:00:00,12.952111889592743,17.242096,8.99942,59.221162529656,74.49959,39.171463,2.370813494112106,4.5030847,1.2259612
2016-03-31 09:00:00,15.821345518328997,18.545319,14.1371155,36.206524666255646,48.223904,26.481716,1.270571398906887,1.69682,1.0235206
2016-04-01 09:00:00,18.539254888705386,22.872467,16.549957,30.94484134560231,38.257133,25.819633,1.6747588463536824,2.3992577,1.0501873
2016-04-02 09:00:00,21.89423110774601,26.341461,17.754547,22.403716495052407,29.487617,18.408224,0.8396213862464895,1.7515982,0.13800837
2016-04-03 09:00:00,23.470962986681684,27.583649,18.948883,21.475710601232866,30.425627,14.296194,1.0218628990103173,2.943577,0.21440503
2016-04-04 09:00:00,23.40362128679459,28.487396,18.686615,19.665882710749397,24.527596,14.328535,1.2910307329677102,2.7146142,0.33493826
2016-04-05 09:00:00,24.35173924677207,29.528961,19.650055,12.100848117484448,19.414806,8.274945,0.7699734962579483,1.7288414,0.1106426
2016-04-06 09:00:00,26.894422452727383,30.74527,20.263092,12.948509150398465,14.5299,10.213493,1.552527789570382,3.2795758,0.19065338
2016-04-07 09:00:00,22.55108467721692,29.712067,17.7128,21.113863236267125,29.466597,12.560347,1.3593235294618458,2.5370347,0.58903676
2016-04-08 09:00:00,17.166877235730283,23.431793,12.889557,79.13232490094784,91.52977,59.283672,0.9777112562823506,1.9362029,0.31215832
2016-04-09 09:00:00,16.86441246597866,20.054352,14.194977,76.85120658476944,89.58013,59.34185,1.9501547449970322,3.2122085,0.7931905
2016-04-10 09:00:00,16.04345515641137,20.602203,12.457672,71.29227179993973,87.1657,56.236492,1.7440171735736258,3.1746259,0.8753324
2016-04-11 09:00:00,17.10075100096259,20.32022,14.745758,68.33159181204101,79.0413,55.053017,1.2654228716134628,1.8046162,0.4391615
2016-04-12 09:00:00,19.065711788539033,22.850006,17.117584,56.06306636390471,72.962425,47.493347,1.180660702506964,1.7690078,0.82105136
2016-04-13 09:00:00,19.362891117777565,25.323639,17.28653,40.9764415669512,51.83009,34.80925,1.6516148200720029,2.4075105,1.1091467
2016-04-14 09:00:00,20.75652399262532,28.431793,17.525543,30.174678274145617,52.50966,17.751848,2.1591182778305797,3.6279378,1.2417613
2016-04-15 09:00:00,18.283902378115556,25.216217,15.452545,29.88299964301583,55.528282,11.035479,2.3090420893879298,4.792697,1.1716279
2016-04-16 09:00:00,22.333994392685952,26.068024,18.818512,13.056331287100509,17.69165,10.2984915,1.5407491317443947,2.901147,0.78262377
2016-04-17 09:00:00,25.162695891514943,28.681305,21.804352,12.594030573205469,15.414698,10.135586,1.5942105894933079,2.7722292,0.696611
2016-04-18 09:00:00,26.401751524562712,28.618317,23.340973,12.195874673280878,14.442921,8.923389,0.8941848388809254,2.1136727,0.14852476
2016-04-19 09:00:00,27.523772768518484,30.019928,24.404694,13.999668061642845,15.327218,12.920729,1.0280381763732107,2.3171842,0.35519388
2016-04-20 09:00:00,27.415696123286295,31.299225,24.156647,12.965584064619621,14.428197,11.76898,1.3030102447230179,2.5145767,0.36035138
2016-04-21 09:00:00,26.842054850895465,32.56436,22.933502,8.972190203871504,12.985104,6.977291,1.5277507680001072,3.714017,0.53602374
2016-04-22 09:00:00,25.196750723459218,32.040436,20.21231,8.301849540815168,14.106393,3.8891058,1.951149992463405,3.9333265,0.82526666
2016-04-23 09:00:00,21.373232922110674,30.411774,18.41568,28.515005015224997,47.00298,10.6162615,2.899735515118266,4.5091853,1.9647945
2016-04-24 09:00:00,22.23590521103472,28.176422,19.176422,21.647870806745154,33.854534,13.688116,1.6163000336554285,2.1378756,0.673384
2016-04-25 09:00:00,18.74770334656307,25.821198,16.250885,32.924786674688754,59.128788,0.3256445,4.435438996798101,7.5567713,3.081573
2016-04-26 09:00:00,17.657975029221802,21.241608,15.520905,37.43956239390695,49.664062,23.202694,2.6434841860373366,4.634311,1.7968506
2016-04-27 09:00:00,19.05856230205029,25.309479,16.377838,20.01325932499824,31.150135,12.939198,2.1992692383491974,3.5002265,1.3189672
2016-04-28 09:00:00,17.24328883708614,23.6232,13.984528,63.87422426797887,82.86957,46.697693,4.406331428058141,7.946945,3.1992881
2016-04-29 09:00:00,18.063511434574423,22.35025,16.004547,53.7312112696367,67.36055,41.657425,2.4024572689595987,3.7995353,1.5317454
2016-04-30 09:00:00,18.536390583977152,25.627106,15.759918,48.60838925173237,72.98024,30.690449,3.1412082002082617,5.5831537,2.205217
2016-05-01 09:00:00,18.441301451208858,22.157867,17.09317,57.67540722738011,72.19158,44.52929,1.597071482343665,2.458095,1.1459794
2016-05-02 09:00:00,21.993463890866963,26.034088,18.454742,38.78586405762287,47.04022,30.464417,0.9163237558682115,1.789728,0.109819725
2016-05-03 09:00:00,23.95996721777999,27.802155,18.319733,25.77088729294685,28.456295,23.760983,1.7958806490372743,3.5876248,0.20514384
2016-05-04 09:00:00,23.794659924649864,31.05777,18.104645,27.73177489951825,37.114388,18.864082,1.2585889403918975,2.6032894,0.25056198
2016-05-05 09:00:00,21.00060875245316,31.079254,17.557526,37.40639339416141,56.75708,20.319582,2.6928293093339084,4.5753727,1.4312966
2016-05-06 09:00:00,16.770889811298616,22.206207,12.983551,78.47835895928439,90.681526,58.610725,2.6308331141285066,5.3040667,1.8662361
2016-05-07 09:00:00,16.105069286877097,19.82193,13.011383,69.90954271795749,84.19313,48.040787,2.1992890047189952,3.7696846,1.4708074
2016-05-08 09:00:00,17.5104494246674,22.840729,14.526764,67.36545001381198,79.52542,40.61517,1.977564968866737,2.8356113,1.2707652
2016-05-09 09:00:00,18.535804962618784,24.401764,16.867584,61.22167563576855,82.58114,34.077843,2.091965462438275,3.1276088,1.4483131
2016-05-10 09:00:00,20.51794398224814,27.467194,18.141022,42.83604159323151,58.727478,29.818878,1.926653736878839,2.5587401,1.0798973
2016-05-11 09:00:00,22.718036479431305,29.718414,18.28482,19.758385331822755,26.815056,14.151932,1.4899633017365508,3.0547967,0.46274915
2016-05-12 09:00:00,24.939745643507422,31.037994,18.014557,21.885781739431,25.86322,16.361382,1.75455020132864,3.687695,0.21465296
2016-05-13 09:00:00,25.417041520115163,33.782867,17.927399,22.380099726645966,41.416847,9.928375,1.1013746196413772,2.4864616,0.43466988
2016-05-14 09:00:00,24.171780693009566,34.14859,17.709137,24.12983789533466,39.22622,15.15098,1.9009149598672315,2.6897125,1.1420026
2016-05-15 09:00:00,20.384991392370978,32.001617,17.069977,42.12927944753357,65.01436,7.11592,3.1038829363259635,5.4788065,2.1204495
2016-05-16 09:00:00,19.071469392301708,25.805573,16.768707,51.210279583373165,63.46188,22.172129,2.831680247589261,4.6681643,2.1608381
2016-05-17 09:00:00,19.767890302043952,28.374664,16.963043,49.84694597894813,62.944183,37.299652,2.4450415915886836,3.9876933,1.8099526
2016-05-18 09:00:00,22.534703093291057,27.519684,19.39273,34.23705253017155,40.838497,27.740568,1.4916490986725228,2.53096,0.8883268
2016-05-19 09:00:00,22.82102486618777,30.66568,17.985992,31.67275395921083,40.383263,21.264637,1.617565763420037,2.4636312,0.80840003
2016-05-20 09:00:00,23.126455825012556,31.815826,18.235748,24.186089146286847,41.752728,6.313715,2.965856621528123,5.2526093,1.9417233
2016-05-21 09:00:00,17.869176489131632,25.663727,15.097321,37.600374896851235,65.79277,12.531049,3.521101336985736,5.893873,2.69371
2016-05-22 09:00:00,17.51648308986921,22.96524,15.220123,42.26741316597517,66.55304,6.388975,2.805847116244211,4.4958463,2.095623
2016-05-23 09:00:00,19.369173025985788,26.196198,16.463776,41.78775809097578,58.96894,15.078318,2.700732740390096,3.9972427,1.693136
2016-05-24 09:00:00,18.390007570889566,25.973297,15.440094,39.17562862997577,54.788483,16.452547,3.068181935946087,5.298755,2.1628938
2016-05-25 09:00:00,17.458306014894617,23.548004,14.186676,60.57001679368083,77.99692,22.391449,3.0814269722127703,4.9644995,2.4716454
2016-05-26 09:00:00,19.154096702671893,23.829742,17.462555,58.78166142504166,76.56689,35.758953,2.56279847009872,4.197325,1.6754495
2016-05-27 09:00:00,22.03222741117719,28.446198,18.370026,32.12777033696208,48.274643,22.911362,1.8889561679892344,2.985616,1.1061481
2016-05-28 09:00:00,22.66185357374343,30.748932,17.86612,28.711345350063585,43.634842,11.0244255,1.4580508691869256,2.2290864,0.5506786
2016-05-29 09:00:00,21.067156263287757,29.142242,17.413727,41.120107772435745,64.29683,18.895998,1.9166550710210368,2.6787155,0.5463299
2016-05-30 09:00:00,22.119112969878586,29.00943,18.00357,31.790135851813844,49.159546,19.542358,1.9333648735585782,2.451509,0.9046228
2016-05-31 09:00:00,24.314360936098296,32.988922,18.453766,19.303133154265783,32.79653,5.8510895,1.4471686145776634,2.5531938,0.52350736
2016-06-01 09:00:00,24.62777654304233,34.429596,17.57315,17.989302492656243,23.240063,10.2261305,1.535647402913882,2.1685703,0.7694886
2016-06-02 09:00:00,28.896972889273968,36.2106,20.739166,13.566786555921196,18.32019,8.968628,1.32874046163441,2.345167,0.8422373
2016-06-03 09:00:00,30.255640746468202,38.78775,20.867828,9.550974876267091,12.178609,6.41689,1.5466200060287703,2.563284,0.65942067
2016-06-04 09:00:00,30.401971520668212,40.000397,20.609772,6.596621534220346,8.139571,3.669281,1.728353021508476,3.241889,0.6237151
2016-06-05 09:00:00,30.529632207012526,41.292145,21.42691,9.465349527626865,12.690651,4.147526,2.1505865974630733,4.097079,0.93214536
2016-06-06 09:00:00,26.696269476257385,38.637115,18.447662,12.277282204161375,19.46048,3.9721994,2.300703395336017,4.309147,1.21125
2016-06-07 09:00:00,26.32429586848673,37.808502,18.808502,17.902550497428564,23.284607,10.621006,2.0738877091539596,3.9804144,1.051572
2016-06-08 09:00:00,27.272856386468675,37.51602,18.172272,20.128879981786817,23.198437,16.159374,1.5976489477499447,2.8113112,0.64159703
2016-06-09 09:00:00,27.526064875581312,37.66983,18.617096,20.216407314037316,29.04993,13.604812,1.345500840084899,2.476012,0.5236689
2016-06-10 09:00:00,26.156763589475418,35.04312,19.07315,24.919271514203437,35.849354,17.57766,1.4469663493347882,2.4282475,0.31256092
2016-06-11 09:00:00,25.871020008983237,34.349518,19.466705,33.365019892344826,61.232925,13.068865,2.0959083442667814,4.5289125,0.1790083
2016-06-12 09:00:00,21.362889849631927,29.98819,18.485504,35.58832707226299,52.39366,13.733506,2.717913617420255,4.2373695,1.7203811
2016-06-13 09:00:00,22.000716876875003,31.371735,18.361969,26.815727836698212,41.460052,12.80252,2.2688867069505063,3.821614,1.6662636
2016-06-14 09:00:00,23.291546058042513,32.340485,19.1315,23.695811295679004,31.390873,11.3830595,2.1656228673396334,3.3824987,1.2005335
2016-06-15 09:00:00,23.989788618874115,34.0524,18.755524,15.385601411431507,29.86773,4.7817907,2.507544275778592,4.733917,1.515171
2016-06-16 09:00:00,24.380584313942677,30.86612,20.019928,25.16331884899702,37.364925,12.425663,2.4303715132469037,4.4991026,1.5378408
2016-06-17 09:00:00,28.1610185186164,33.73404,22.76236,24.889158825438493,28.877445,20.874367,1.9296198903500013,3.8893418,0.95225316
2016-06-18 09:00:00,30.934092416724297,35.650543,23.687897,8.290177652003,10.559849,6.0832863,1.6833155034887735,4.7473254,0.22698407
2016-06-19 09:00:00,35.32552875074134,38.6669,26.920807,10.155139445738822,13.643469,4.596594,1.4919082629080282,4.848453,0.05813988
2016-06-20 09:00:00,37.96855521683716,43.21573,28.274323,12.949097825025051,15.160235,10.809854,1.5608532636211878,4.116861,0.572119
2016-06-21 09:00:00,34.84447744131637,44.882477,24.792633,10.035905773590665,10.79127,8.571441,1.6718433592987978,4.015703,0.7006064
2016-06-22 09:00:00,30.143458175249748,38.47354,22.791168,15.380981085791964,19.0181,10.244662,1.9092920658539505,3.5739274,1.0218217
2016-06-23 09:00:00,29.135860678616666,39.654205,21.290924,14.298877855814885,19.429832,7.718896,2.158837777144291,4.228889,1.1282986
2016-06-24 09:00:00,28.657567402528798,39.36148,20.873688,13.523962090987604,21.419498,7.7603245,1.921225646137796,3.6384823,1.1439742
2016-06-25 09:00:00,28.541316939263993,37.94522,20.108551,13.782983372948866,18.246002,9.570323,1.4838091352106793,2.4642859,0.63363016
2016-06-26 09:00:00,30.607325387542573,37.232574,20.865143,13.282161104266068,19.856533,5.851796,1.2809763403450192,2.4745843,0.2298014
2016-06-27 09:00:00,31.529441234516582,38.676422,23.425446,20.632332683331445,23.529457,17.08805,1.1249299784173015,2.1026616,0.3555939
2016-06-28 09:00:00,31.291121223036782,39.790436,23.127838,18.43387126996265,24.061867,11.815774,1.3555284621908508,2.749078,0.46749684
2016-06-29 09:00:00,31.173949353479316,39.416412,22.899078,15.107610698419535,21.339088,9.788467,1.3710463955874834,2.6838243,0.7951873
2016-06-30 09:00:00,30.702522101480668,40.5148,21.823395,16.25995985903641,21.132713,12.556878,1.3428411282535868,2.8077207,0.21161962
2016-07-01 09:00:00,28.79451615769426,36.438873,20.794342,31.284562882628236,45.437584,21.261805,1.4421766312859996,2.915952,0.21115696
2016-07-02 09:00:00,27.112439712154412,34.69449,19.991364,10.141635120922656,36.93738,0.6053495,1.4001211640528886,2.8009586,0.611754
2016-07-03 09:00:00,27.22751108034737,36.900055,20.163727,10.33941555751381,29.010052,-0.2080617,1.7363961690395597,2.8056982,0.6550015
2016-07-04 09:00:00,27.688287753449572,37.812897,20.30069,7.00636195476586,14.336702,0.47364235,1.960434541379763,3.26972,1.1505617
2016-07-05 09:00:00,28.089141619658562,39.53946,20.57071,4.357575760331289,12.054068,-1.5835152,2.2776876639604065,4.193671,1.1768743
2016-07-06 09:00:00,27.706050438515774,38.872955,20.93155,3.721068376395198,12.491894,-2.7133102,2.3440794767321997,3.9748218,1.4166062
2016-07-07 09:00:00,26.926856111988343,36.943512,20.740387,10.471362258425218,17.49804,6.4389343,1.9444292770814833,3.4293256,1.065204
2016-07-08 09:00:00,28.629984207379437,36.94229,21.442535,9.90683541548019,15.394629,6.0301647,1.8819020777530915,3.1072292,0.6712018
2016-07-09 09:00:00,29.128827456806732,38.206207,21.780182,14.377673603855381,18.027477,10.075061,1.9136870290729717,3.5102868,1.0165203
2016-07-10 09:00:00,29.993222376916663,39.92569,22.07608,16.934732260042296,22.240887,11.552602,2.2642644835176355,4.204464,1.0675392
2016-07-11 09:00:00,28.843536163748922,38.98575,22.634186,11.536814201787802,20.531097,4.839691,2.432624729417738,4.5019627,1.4230561
2016-07-12 09:00:00,27.53829531471223,37.057037,21.293365,10.453208215739528,17.398365,2.2710438,2.0745594243220844,3.716875,1.2561998
2016-07-13 09:00:00,29.370385680197558,37.791656,22.121246,8.364339682649549,16.164135,1.8047609,1.478737354570704,2.38344,0.5858714
2016-07-14 09:00:00,30.009837610217687,37.82315,22.040924,6.059744608729194,9.901392,2.5014248,1.5059507175378282,2.5195897,0.5621314
2016-07-15 09:00:00,30.381407010278167,40.3107,21.59195,5.272506810062691,9.825239,-0.5752411,1.7304520316965488,2.939491,0.8539723
2016-07-16 09:00:00,31.032204837107884,41.492584,21.568756,5.294279135860024,9.89219,-0.67943954,1.9032352040146567,3.1391637,1.0349773
2016-07-17 09:00:00,29.87001756551615,40.03311,21.1586,6.349342262150487,12.2496195,-2.856389,1.7632807869568452,3.0017831,0.9367198
2016-07-18 09:00:00,29.776785164642092,39.698395,21.25357,13.888578688406898,21.119272,2.4167109,1.7206098016548115,2.7026591,0.7588166
2016-07-19 09:00:00,30.529862060682262,38.750397,22.389313,23.048519479146865,26.929556,9.449087,1.434794554532903,2.9167268,0.46040246
2016-07-20 09:00:00,32.67849435109997,39.20352,24.241608,19.66391952957525,25.683502,12.437214,1.4311656061898193,3.7224007,0.12268982
2016-07-21 09:00:00,33.49597859881953,40.430573,25.001373,20.006363138372926,23.10859,10.323432,1.6131845178536726,3.7008176,0.37153083
2016-07-22 09:00:00,35.33215600317857,43.17325,26.210358,12.930316455319568,17.174385,10.315011,1.5244337343559304,3.2767756,0.61244696
2016-07-23 09:00:00,35.59565630671369,43.00235,27.055084,11.671455340970635,15.851279,8.3551855,1.1138237079041298,2.560027,0.3527007
2016-07-24 09:00:00,32.090342899485506,40.11905,24.496002,17.260114125097033,21.305325,11.973294,1.3680283905880588,3.4323175,0.14702965
2016-07-25 09:00:00,32.25042731739285,40.26529,24.788727,26.588405141401545,34.746056,18.57418,1.4411266929729172,2.4202466,0.33173105
2016-07-26 09:00:00,31.695365557219077,37.693024,24.628082,32.314408733886786,35.56378,25.98623,1.2070766971606415,2.827295,0.42998466
2016-07-27 09:00:00,32.37835606017546,39.407135,25.078278,29.168533407966528,32.690266,24.263605,1.5602800340323872,2.9127634,0.82523096
2016-07-28 09:00:00,32.53850002943307,41.962067,25.024567,26.783327684016204,29.546612,22.097015,1.8195290339476318,3.126178,0.9732416
2016-07-29 09:00:00,32.95692512061828,41.836334,24.9086,22.434251538839746,25.923866,18.930183,1.485655176923277,3.3429527,0.52402115
2016-07-30 09:00:00,31.9090371034643,41.176666,23.604156,16.909472532070605,22.787083,9.795926,1.0789289701827942,2.469153,0.13111822
2016-07-31 09:00:00,29.390626225074698,35.730133,24.740143,51.94718048767084,58.13772,43.20608,1.3262037421644546,2.3712602,0.32142022
2016-08-01 09:00:00,29.128683767498785,37.339508,23.954254,40.65079804249893,46.58481,35.832428,1.5958982950884855,2.5014472,0.64217895
2016-08-02 09:00:00,29.840782999259375,37.68399,24.014069,30.74301521045774,46.566113,24.430145,1.764020748772179,3.1589963,0.63365835
2016-08-03 09:00:00,30.057974029869854,38.273834,23.709381,30.398363353531977,38.657875,20.583654,1.6931090464475884,3.3320565,0.61870706
2016-08-04 09:00:00,29.276215793893527,37.799225,22.927887,21.75288850700239,33.506927,13.608488,1.501131679388366,2.420483,0.7246367
2016-08-05 09:00:00,29.03895845576909,37.421295,23.136139,22.927189901699304,38.194244,14.422392,1.7446896317140486,2.8860624,0.56399757
2016-08-06 09:00:00,29.602621923086474,38.53311,22.687408,19.612258590932104,25.812931,9.409526,1.7735898327138393,3.6760564,0.54210854
2016-08-07 09:00:00,29.055226161046846,38.533844,21.727203,11.463632261001104,24.25446,1.5116472,1.549435847871311,3.107778,0.21879612
2016-08-08 09:00:00,28.61057466967668,38.905914,22.091461,16.339707286537735,21.472897,7.7468386,1.675471265273926,2.5340874,0.5210841
2016-08-09 09:00:00,27.79489231564935,38.077545,21.291168,3.589883900472258,8.713068,-0.45490074,1.7210667525859846,2.9601464,0.928028
2016-08-10 09:00:00,28.952011454517844,37.31241,22.29898,2.293571200351184,9.97707,-2.6040792,1.3069682438463233,2.2025099,0.8351549
2016-08-11 09:00:00,28.827606320075006,36.806793,22.449371,16.43576512117983,38.65002,-0.6191368,1.5303859339750314,2.721387,0.5769052
2016-08-12 09:00:00,29.129097481117924,35.9086,22.751617,51.8712586070706,59.58702,40.00323,1.462876461893274,3.3706708,0.02355282
2016-08-13 09:00:00,31.118762054488684,37.5773,23.911285,34.82189867134283,43.62285,24.901785,1.5983099405243388,4.086458,0.20288004
2016-08-14 09:00:00,32.97377618974747,40.80533,24.612457,23.889840641205083,30.093018,13.142724,1.542534950792524,3.8200314,0.27425808
2016-08-15 09:00:00,34.403959831442535,42.28238,25.913727,19.46409115566934,23.239222,11.899672,1.8205224880944255,4.853355,0.101536356
2016-08-16 09:00:00,33.65620779617922,41.3107,25.183746,8.256269102773654,12.400932,1.7346413,1.9173837445401622,4.90794,0.27357143
2016-08-17 09:00:00,33.842858418409605,42.51944,25.30069,6.605168344041729,9.137201,2.13208,1.972031148510069,4.794432,0.6244114
2016-08-18 09:00:00,33.20064004963655,40.55777,25.006989,8.25669541489023,13.295406,2.0220098,1.4489568640318486,3.3972962,0.5058078
2016-08-19 09:00:00,30.156896323642627,37.69107,22.424713,12.042034456705855,18.21251,4.583602,1.4845082826005584,3.6096797,0.16136295
2016-08-20 09:00:00,29.529410662576595,37.72061,22.323395,21.885557235252534,28.013536,17.502678,1.9571523223075977,4.3009872,0.4746728
2016-08-21 09:00:00,29.28553269126627,36.841217,22.516998,25.754674489642493,28.439697,19.610142,1.5151047359614678,4.1163507,0.15006441
2016-08-22 09:00:00,29.10823061401834,35.3024,22.898102,24.55393008447611,29.467575,19.789158,1.7212958917944987,3.675942,0.7066928
2016-08-23 09:00:00,28.327195588001132,36.21573,22.500885,17.36837746692065,28.462051,9.313049,1.4774895377705046,2.3110194,0.7338573
2016-08-24 09:00:00,29.29405695273175,36.57608,22.753815,16.10758646514982,24.915443,5.2871246,1.544495606579588,2.627404,0.60796756
2016-08-25 09:00:00,29.336333376347397,37.957184,22.521637,19.45000280219001,23.348034,15.792487,1.6655143123380634,3.5056767,0.5339167
2016-08-26 09:00:00,27.202884201146503,37.01895,20.341217,9.896482617976302,16.643852,0.6438532,1.7985945816144104,2.6477194,0.67088336
2016-08-27 09:00:00,25.60113209990675,34.36197,20.342438,23.73104226481039,32.567284,9.509088,1.5154494070691855,2.554666,0.22287625
2016-08-28 09:00:00,27.973075199654204,33.76114,21.870758,29.704838424225308,36.88831,21.683578,1.4223424256969688,3.6814117,0.17963283
2016-08-29 09:00:00,30.422362923464675,36.576324,22.476227,21.10613589519054,23.762623,15.615423,1.2324145683550232,3.507253,0.09071704
2016-08-30 09:00:00,31.937217992625335,38.782623,23.177399,14.154638384793415,16.7244,11.316894,0.9782665095324955,2.3767822,0.064346805
2016-08-31 09:00:00,31.134767417764294,39.47647,23.78897,14.852631731401813,17.088041,9.3707075,1.247802187550956,2.4723186,0.39319912
2016-09-01 09:00:00,30.64770294436073,38.838043,23.519684,12.786161106846324,18.15548,9.14376,1.5034055128975228,3.0625772,0.2265289
2016-09-02 09:00:00,28.43199901756867,36.569,21.76236,11.738354735600929,20.496315,5.219286,1.387319518362263,2.1861057,0.67092675
2016-09-03 09:00:00,27.557577745243975,36.99942,20.727936,8.008210634989627,15.930081,-2.826233,1.930158407214881,3.3292553,1.112902
2016-09-04 09:00:00,24.132274159373935,34.411285,19.829742,8.286018906222354,21.756027,-2.073985,2.5287417270125156,5.022502,1.5911478
2016-09-05 09:00:00,23.526615453875877,32.21524,20.742584,11.767968105244176,27.30728,1.3892927,2.4288068571801915,4.1498146,1.7468735
2016-09-06 09:00:00,25.992291434510776,32.16812,21.082184,8.208208364268353,16.091305,2.5413666,1.2437209431902743,2.2931335,0.47147942
2016-09-07 09:00:00,27.19331876878323,33.478424,21.628815,16.003911987482983,23.75655,9.381096,1.0938940879154708,2.3934228,0.25496897
2016-09-08 09:00:00,26.491059567110483,33.055573,20.740143,38.67610317246694,57.163067,29.080877,1.3556852251330003,2.152672,0.49014238
2016-09-09 09:00:00,27.788436111747615,33.874176,21.497223,10.619889811797938,25.624264,4.139222,1.4652413864808458,3.4589057,0.47436506
2016-09-10 09:00:00,29.217530236850507,36.493317,22.194977,16.08881494005564,28.881226,9.366129,1.6431155205827697,3.8415954,0.59048986
2016-09-11 09:00:00,29.140289212783898,37.688873,22.02481,18.982689422411006,22.954258,13.805188,1.985756583150664,3.9907744,0.9866001
2016-09-12 09:00:00,28.01076446341159,37.041412,21.37735,19.244314628111685,26.166668,9.011343,2.313450539511112,4.436079,1.0850153
2016-09-13 09:00:00,22.483969447971617,32.09854,19.063385,25.174336424018996,43.848984,9.684922,2.8575278188284603,4.9939804,1.9146348
2016-09-14 09:00:00,23.012104988783562,28.566315,20.648346,16.58636082964481,33.10472,1.6867514,2.0608408300578036,3.6214018,1.2483119
2016-09-15 09:00:00,25.204057653233406,29.72696,21.17154,5.304731555245567,10.812138,0.3981676,1.4131173789788027,3.1423688,0.6685607
2016-09-16 09:00:00,25.95693271400097,32.05362,20.895416,7.613720090784198,13.589265,1.7755661,1.180730539637446,2.6198046,0.39894292
2016-09-17 09:00:00,26.909120747710062,33.051178,20.78946,13.19109385153081,17.36216,5.743659,1.1329430684511987,2.7736628,0.13528463
2016-09-18 09:00:00,29.738155184335483,34.449127,22.21109,13.520343724512463,15.317425,11.473675,1.4026753268796281,2.8497872,0.21809685
2016-09-19 09:00:00,30.53914103659389,36.300446,23.656158,19.470860133344388,23.883846,16.157284,0.7567621456077467,2.3501832,0.13704562
2016-09-20 09:00:00,26.991887860966187,33.734528,23.104889,42.9364943512491,55.532135,29.77432,0.9258967873663264,1.4957083,0.12555167
2016-09-21 09:00:00,22.10234720425882,24.179108,19.606842,79.40001870196359,86.81458,76.07406,1.2027668226524737,1.7540345,0.745276
2016-09-22 09:00:00,24.011420390426736,27.239655,22.175201,35.74870291090373,63.526123,12.682375,2.3224732999976085,3.2179623,1.2824991
2016-09-23 09:00:00,21.78630592100376,27.391022,20.141022,18.7024934166524,37.386467,-2.1297617,1.4333360245866964,2.1488228,0.93243796
2016-09-24 09:00:00,26.595590943968773,28.391266,23.877594,15.104656720926618,19.63179,11.858354,1.099042849000344,2.5644827,0.14967518
2016-09-25 09:00:00,29.38145215928165,32.546295,26.09317,16.979990297041258,21.707571,12.631589,1.6135594576614682,3.2070105,0.6945582
2016-09-26 09:00:00,32.22068153251837,36.450592,27.905182,15.263298411986751,22.016022,9.519929,2.377433382512648,4.4546504,0.44761276
2016-09-27 09:00:00,31.743939073257764,35.538483,26.985748,25.669660258521777,32.935062,20.665531,1.9825125122650185,4.262021,0.41764626
2016-09-28 09:00:00,28.58289501199249,30.599274,26.349274,45.16880452846923,48.515717,43.01346,0.694000882451594,1.2202519,0.27476734
2016-09-29 09:00:00,29.23268418670716,30.817291,25.515045,39.519851617398864,45.45816,31.614761,0.7250016196831973,1.9861252,0.060779847
2016-09-30 09:00:00,28.782308324018686,32.061676,25.481598,41.387843757622974,48.8114,35.68798,1.1961039626346919,2.8456323,0.64821017
2016-10-01 09:00:00,27.582343517985237,32.397125,24.244781,43.04152116491758,53.385506,35.033943,1.4781742099591257,2.7414844,0.600366
2016-10-02 09:00:00,26.31879294192032,32.431793,22.978668,20.819174519924598,36.750175,6.746271,2.050989040704274,3.3643074,1.090316
2016-10-03 09:00:00,21.741810984818585,28.56485,18.963287,14.392075730497984,40.031776,-4.8744717,2.5540161817501454,4.6048484,1.6152784
2016-10-04 09:00:00,21.98578511077949,27.125153,20.475739,30.850879533902962,41.866898,19.415203,1.656283574263855,3.0214646,0.9342658
2016-10-05 09:00:00,21.58191014396658,27.45108,19.424469,22.76644613238664,40.173164,6.557126,2.1921397840498726,3.4039237,1.1643933
2016-10-06 09:00:00,24.118010912954333,27.788727,21.095123,18.82555673988553,23.832745,9.663862,0.6893952197691277,1.8556335,0.10241866
2016-10-07 09:00:00,26.22826310691056,28.371002,23.515533,12.003684672370285,13.543619,10.1569,1.369258724456984,2.8196926,0.30984077
2016-10-08 09:00:00,28.33491347876526,30.298492,24.648102,11.207236139041818,13.98755,8.944581,0.7636128635944478,2.0627902,0.18501535
2016-10-09 09:00:00,29.21314957368287,32.507965,24.494293,14.912645459583995,16.936007,11.510915,0.7557868220947233,2.3175561,0.24178724
2016-10-10 09:00:00,28.754827205058973,32.70865,23.69107,23.30787916084239,25.662134,20.470728,1.0416799440068332,2.6721702,0.20974676
2016-10-11 09:00:00,26.4312549734949,31.772858,22.235748,21.8768388451743,29.982185,17.505623,1.7101849782164507,3.7866986,0.6757965
2016-10-12 09:00:00,22.606318134667504,30.658356,18.693512,14.89532188448767,28.045996,6.040481,1.8903163385158395,3.478539,0.84310484
2016-10-13 09:00:00,24.07931779462416,30.239166,19.28946,13.112020708338473,16.439112,7.669939,1.570114605447777,3.1265094,0.775564
2016-10-14 09:00:00,24.80180842794914,30.68277,19.647614,8.652197685255608,10.801833,5.797927,1.424227378227936,3.2961836,0.6261511
2016-10-15 09:00:00,24.189974293145497,31.033356,19.494293,12.879844323337045,16.599264,9.1456995,1.6593902156613614,3.1915941,0.6534934
2016-10-16 09:00:00,23.745453512286133,30.691803,21.363678,43.71868902625356,62.799187,31.842155,2.1233722488716182,3.5737033,1.0707473
2016-10-17 09:00:00,21.390908245320304,28.460846,18.517487,47.28301013410237,69.78145,23.07832,2.518497486114756,5.0307946,1.5336481
2016-10-18 09:00:00,22.550967090790948,25.486237,19.718658,19.84121405246397,32.591167,6.6888247,1.557514871448678,2.5600877,0.83597124
2016-10-19 09:00:00,26.214153242561338,28.217194,21.68985,14.285726914471894,27.9597,3.5376196,1.159500547250785,2.2228754,0.30670473
2016-10-20 09:00:00,28.920595831619494,31.744537,25.982819,8.415211341074277,10.446954,6.7867975,1.5005131354121783,3.382203,0.4470152
2016-10-21 09:00:00,29.891448776594927,32.733307,26.293854,9.600583967190682,11.017663,8.086312,0.9541033035325169,2.2380018,0.18067446
2016-10-22 09:00:00,28.399439177498607,30.934723,24.505035,8.480552118138347,11.325712,4.743681,0.8741148598144841,1.8655947,0.41466668
2016-10-23 09:00:00,26.539100872380573,31.642242,22.403961,8.465178913640159,12.218963,3.8505783,0.9457032466549381,1.9122161,0.19159056
2016-10-24 09:00:00,23.637015288334794,27.586578,20.143219,34.576223548479625,42.49994,18.781822,1.1847826224683335,3.1357,0.31548432
2016-10-25 09:00:00,21.524609119647437,23.845612,19.249908,52.21636501886797,65.9063,41.072857,1.047255675928404,3.3544748,0.37376282
2016-10-26 09:00:00,23.380077967954264,26.693024,19.634674,36.470622422548715,45.26276,31.909555,0.9985587983336165,3.3531175,0.23022085
2016-10-27 09:00:00,24.53018009854253,29.003326,19.807037,33.19088508770828,42.734566,14.425069,0.671891164611191,2.348687,0.02167678
2016-10-28 09:00:00,25.245611686755524,28.405914,21.708405,24.209671790316474,34.7016,11.089933,1.0470812257986695,2.2723496,0.3980299
2016-10-29 09:00:00,25.445176540620764,28.792145,22.363678,59.970845487728646,69.110985,44.759422,1.174883707544571,3.242381,0.2236697
2016-10-30 09:00:00,26.07847451917894,29.614166,22.403229,55.13676727609442,58.805244,47.72287,1.6208360670303257,3.0570009,0.8611711
2016-10-31 09:00:00,18.65100239990892,23.912018,15.537018,60.322049895972306,82.58036,30.990517,2.213390608734619,3.9125,1.5856168
2016-11-01 09:00:00,18.034428648614096,23.050446,15.685944,21.822488392074582,45.332806,6.387494,2.1504753868204523,3.814596,1.3183146
2016-11-02 09:00:00,20.78833522841211,22.67862,18.545807,28.49401026720438,33.9875,19.69453,1.4650939866008421,2.7212353,0.88661844
2016-11-03 09:00:00,24.738433624904417,26.400543,21.506012,22.45836840272216,25.117401,19.173952,1.4582502558278216,2.938034,0.12740499
2016-11-04 09:00:00,24.615257216041357,27.912262,21.621246,25.693773408237853,30.144337,21.351368,0.41643795384876275,1.0362566,0.12943147
2016-11-05 09:00:00,24.264580121084464,27.389069,20.793365,32.01600015216399,33.874744,29.579735,0.48701010610789636,1.1019782,0.043437835
2016-11-06 09:00:00,23.76551274130304,28.381012,20.77945,26.318491919278344,30.169495,22.4767,0.9864394241585257,1.8920919,0.32572293
2016-11-07 09:00:00,23.791119127436843,27.940338,19.414948,12.595622826187107,18.669655,9.031027,0.6650656195629198,2.2946806,0.067946434
2016-11-08 09:00:00,26.54092829170827,29.137604,23.3544,19.732570342848884,24.214388,15.801431,1.141663145456538,2.4384515,0.2673893
2016-11-09 09:00:00,28.06235298025979,31.69522,24.018219,23.521709076223292,30.102896,15.881582,2.2095605868353054,3.8877876,0.8231784
2016-11-10 09:00:00,27.159394950817273,31.287262,23.000153,17.37043227076841,25.156105,10.058773,2.154227304280083,4.196168,0.49995628
2016-11-11 09:00:00,26.847005690838444,30.366608,22.694733,17.805290795002243,25.455383,13.11678,1.5794933325804932,3.5431688,0.23796175
2016-11-12 09:00:00,24.653408317988976,26.838776,21.836823,27.8373300398172,32.57099,22.860052,0.784891565447592,1.767687,0.07021635
2016-11-13 09:00:00,25.026753007798334,27.5336,21.848053,27.30852630153538,31.121798,23.004051,0.9195336405737246,1.6428604,0.31317714
2016-11-14 09:00:00,26.36340316639712,28.528961,23.761871,11.98229198609338,15.675747,5.6337733,0.8459378337538007,1.7920684,0.14677076
2016-11-15 09:00:00,26.37892150980582,28.180328,22.768219,10.829598280364506,13.268644,7.770136,0.6649117350612028,2.5202987,0.04742746
2016-11-16 09:00:00,23.23674874763617,26.853424,19.435455,10.357797716816675,12.263875,8.435725,1.3505183224829707,2.3514197,0.4945392
2016-11-17 09:00:00,18.008586397565296,24.634918,14.754059,18.72145316781941,40.049934,1.0849314,1.2037689344666542,2.147538,0.6345207
2016-11-18 09:00:00,19.569856530322795,23.19693,15.38443,11.080627956196754,13.278773,7.3764296,2.0609881362346973,4.096504,0.45586097
2016-11-19 09:00:00,19.989983562956184,21.943268,17.568024,5.490750093255678,9.961937,0.39943743,0.8146682069268534,1.8979518,0.09258858
2016-11-20 09:00:00,19.264483446847464,20.298737,18.4003,10.811377418498056,13.534922,5.3591404,0.789845112477012,2.32193,0.13399021
2016-11-21 09:00:00,15.808686420772574,19.756256,12.285553,62.29714153524122,78.30122,46.882072,2.5583094384608565,4.001186,0.78544337
2016-11-22 09:00:00,16.25558549298779,18.934723,14.604889,50.5069263979468,60.963814,40.2397,0.7707165190618228,1.7766883,0.07243078
2016-11-23 09:00:00,17.717718795508574,20.471344,16.084625,25.735287038025124,38.839146,15.784458,0.9547071959610336,3.2351236,0.094834484
2016-11-24 09:00:00,20.31342372060351,22.49234,17.244293,7.124185914465974,17.396599,1.8273535,1.5852884373373997,2.863847,0.22383526
2016-11-25 09:00:00,20.705788835539465,24.591461,17.75943,2.8791635605182453,5.838848,1.0558891,1.5140489336702974,2.9072351,0.15000977
2016-11-26 09:00:00,19.63128357158513,21.618805,17.954742,7.6895458973073065,11.021379,5.759404,0.7944011884199642,1.6408943,0.34156835
2016-11-27 09:00:00,10.80458462313726,15.028229,6.5868225,80.95527620616603,95.32928,65.95106,3.640788902578694,6.7673483,1.931056
2016-11-28 09:00:00,12.2945395027063,16.11856,8.329987,67.92440732944374,93.7266,39.54718,2.5710823260128275,4.886297,0.8650867
2016-11-29 09:00:00,14.306392003454562,17.112213,10.768463,25.948683038974277,35.31849,17.329166,0.9764378055286613,1.7425302,0.20875719
2016-11-30 09:00:00,15.215749122089733,18.420074,11.029694,22.748085047091593,28.588608,16.301216,1.2891517155054346,2.6210926,0.18991496
2016-12-01 09:00:00,14.35372531123943,16.349762,11.609528,26.33385742423609,31.618425,21.603115,0.3183909028939476,0.6130533,0.07722747
2016-12-02 09:00:00,14.133418575670476,16.172516,10.926422,39.11307072737399,45.454952,29.90926,0.7938060694624635,1.3132153,0.30850756
2016-12-03 09:00:00,14.565347282757614,17.684235,11.485016,19.084878111547123,24.928501,12.713656,2.3694268667548255,3.6269627,1.4589399
2016-12-04 09:00:00,17.283340571415636,18.679108,15.647858,10.909394731218049,12.4357195,9.724304,0.99260465002993,2.053116,0.36940363
2016-12-05 09:00:00,18.363462690522113,19.950104,16.965729,13.35814176083997,15.089599,11.542724,1.1264832873105226,1.9871856,0.4438467
2016-12-06 09:00:00,15.70314945387372,17.835083,13.67688,26.57343029517081,33.767387,15.25162,2.0214724086008946,3.710895,0.9713278
2016-12-07 09:00:00,13.954352184482275,18.727478,10.841187,36.03212545638366,55.146927,12.219678,2.114008855479192,3.1703193,1.4023172
2016-12-08 09:00:00,15.166427575830596,16.58255,13.195831,45.01522832309354,56.493717,22.461584,0.44166641376355975,1.1049955,0.18930085
2016-12-09 09:00:00,16.012181739843697,16.811127,14.9357605,62.91132339385516,75.17122,50.198563,0.920107893504803,2.8733418,0.25451127
2016-12-10 09:00:00,16.251145720592262,17.714203,14.70639,47.27558901142474,57.70699,39.4367,0.7676980608630126,2.2822597,0.28758305
2016-12-11 09:00:00,17.039087898404603,20.43988,14.887146,39.447368740952186,66.26128,19.626253,1.6506790072429127,2.7120433,0.84094024
2016-12-12 09:00:00,17.164799584264188,21.037933,14.819977,47.67214162319788,60.57817,36.75081,1.3051712201024945,2.4398088,0.62961626
2016-12-13 09:00:00,17.467806584803725,22.214203,15.222229,53.17460255649759,59.58844,48.53766,1.2431725925888233,2.3481066,0.45516992
2016-12-14 09:00:00,18.88393299780995,21.48526,16.301666,15.023134281103491,31.799084,5.7053337,0.7621082055374491,2.606006,0.090166226
2016-12-15 09:00:00,19.617637079175836,21.66153,16.69278,10.765916794321722,20.264444,5.844795,0.8423966526106322,1.9804052,0.1472194
2016-12-16 09:00:00,17.805946062293515,21.425507,15.831757,28.882731511828567,37.655087,19.885555,3.576140975016059,5.7527275,1.3729969
2016-12-17 09:00:00,12.041510602484664,17.466492,8.445007,24.637790166531744,36.423107,13.911388,3.4539152770068253,5.4427843,2.2758453
2016-12-18 09:00:00,11.827499338765904,14.415466,9.081482,9.553439469539798,13.731743,3.024825,1.4143481596952754,2.7481163,0.5082063
2016-12-19 09:00:00,14.022977526599902,16.435577,10.982452,7.783303313685677,13.652409,4.2122326,2.336609392627535,4.373572,0.27546126
2016-12-20 09:00:00,18.164319526554777,20.289215,15.877106,7.385859290635247,16.710419,3.7182302,2.32804667142512,4.0646815,0.3210205
2016-12-21 09:00:00,19.405829025008757,21.936676,16.717926,26.58459789815624,36.07068,20.23474,1.6765362086452154,2.7795672,0.43641767
2016-12-22 09:00:00,17.07719860711819,21.067291,12.6024475,80.4984540299923,89.56837,72.98243,1.5657627442668312,2.3345385,0.63050085
2016-12-23 09:00:00,13.201135418594447,15.699371,10.365387,89.5155198376087,98.83044,61.903378,1.4695046932192406,3.0308301,0.536197
2016-12-24 09:00:00,13.358172943164448,15.037018,10.892487,77.61389792428648,98.68118,39.50187,3.6974754187362797,5.395175,1.3626817
2016-12-25 09:00:00,8.484772402579665,12.709137,4.397583,48.952548695365536,77.47975,23.518818,2.95111979811859,4.9816337,1.1621501
2016-12-26 09:00:00,10.166553200250803,13.204926,5.933441,41.102282086647904,77.408455,15.114445,1.3900234053850804,2.3038328,0.57995117
2016-12-27 09:00:00,14.067218251529255,16.374725,11.000641,26.64076859998508,33.94487,20.410336,2.226300648592557,4.003675,0.35214627
2016-12-28 09:00:00,16.49265251809942,18.589874,13.807648,15.214473308019741,21.41696,10.6786785,1.6912875223979433,3.1030962,0.08448831
2016-12-29 09:00:00,18.935882324274246,21.07721,16.366638,14.719957713628265,19.0945,11.604566,1.85793289283917,3.4385903,0.2368163
2016-12-30 09:00:00,19.52817689142131,21.855377,16.04483,18.45778176164676,23.241108,15.725483,1.0896509843801117,1.7872826,0.32668597
2016-12-31 09:00:00,12.99989309442833,14.905731,10.362762,92.97125117125046,99.148674,74.26614,1.6810282854717642,2.7321236,0.78207713
2017-01-01 09:00:00,11.488242640694693,14.537903,8.024231,67.07866651979602,85.64707,48.029884,1.5327211544115098,3.4017763,0.2713106
2017-01-02 09:00:00,10.60446601228864,14.325317,6.649536,81.10816219211868,97.138855,47.69457,2.374362062856293,3.9760818,1.465079
2017-01-03 09:00:00,11.89839451074073,14.177948,9.566467,57.398762222413595,68.047424,47.836483,0.6670239172824296,1.3317581,0.24137713
2017-01-04 09:00:00,12.356862674461638,14.381622,9.990875,50.84637149469753,56.793903,39.91046,0.8254900622229226,1.5128777,0.3177826
2017-01-05 09:00:00,14.346625801771836,17.122192,11.471802,74.99141596599544,89.58347,62.313942,1.8712271737628645,3.3486078,0.9795923
2017-01-06 09:00:00,13.933220858212053,17.96994,10.964081,31.541185301322724,67.91662,15.12365,1.42573465393878,2.7680914,0.7610742
2017-01-07 09:00:00,13.938121881293227,16.398071,9.134399,23.2079902797149,34.767525,13.3260975,1.3651247892586027,2.3067799,0.30874252
2017-01-08 09:00:00,18.06725735909731,20.53241,15.124207,30.656415067247654,39.54576,23.694199,1.4733098205508068,2.5078633,0.12240613
2017-01-09 09:00:00,18.86871053359158,20.526703,16.671234,21.913181272330426,30.588684,11.069153,0.9236306504951335,1.6690928,0.2298288
2017-01-10 09:00:00,13.9356667774382,17.635834,10.3819275,38.24049439691365,52.662945,19.674664,1.3679177946514574,3.4971411,0.38351223
2017-01-11 09:00:00,12.850220155930913,16.677551,9.406067,79.72455130983218,97.63262,54.36309,2.768313205648379,4.7613873,1.5416869
2017-01-12 09:00:00,13.239217617803149,17.349457,9.564301,64.42067925523043,79.136826,32.40744,1.9589104688712748,3.6432688,1.0872347
2017-01-13 09:00:00,10.881502146891648,13.962372,7.4760437,80.78217640621328,94.265884,63.61677,1.1740542400017162,1.9833064,0.5702077
2017-01-14 09:00:00,13.143412029964338,14.762512,11.176575,60.312604364688426,69.12441,54.84707,0.918263502376072,1.6705948,0.12654144
2017-01-15 09:00:00,14.5830359859753,17.612305,11.188477,62.21827986996418,75.072525,50.494404,1.5694512448160083,2.8109283,0.5058543
2017-01-16 09:00:00,13.494711537709634,16.381134,10.551239,58.35302049594993,69.089554,51.498825,0.7050124638058722,1.2647649,0.37038887
2017-01-17 09:00:00,14.247203140490228,15.877258,11.955383,38.40406015642902,55.43737,26.71725,0.6989013395226137,1.5113231,0.28253338
2017-01-18 09:00:00,14.392293654390471,16.464935,12.445404,38.79775980544821,46.948032,25.001095,0.7540913947084895,1.7909484,0.31014445
2017-01-19 09:00:00,12.979421663959613,16.014313,9.944,52.56966666912579,67.85697,44.084618,2.601447801460669,4.1399045,0.74345624
2017-01-20 09:00:00,11.384768547127521,15.098297,6.9479065,81.49039324073699,96.08661,70.871765,3.2413993265069814,5.375924,1.508389
2017-01-21 09:00:00,10.82712369642212,14.572418,6.9845276,74.7612082125192,89.354164,50.30464,5.500480650040243,7.9808006,1.7113391
2017-01-22 09:00:00,11.0980519742497,14.34317,7.1715393,37.80667262306374,60.566696,21.81875,1.5598083320323675,2.767073,0.54377115
2017-01-23 09:00:00,11.518967202348449,14.837799,7.302643,86.55528090120477,101.263115,72.279236,4.006710633025323,5.9898906,1.4048315
2017-01-24 09:00:00,7.851537247535816,11.626556,3.839264,73.8101652194749,82.52011,61.84249,2.4615436002440667,5.1329556,1.2212899
2017-01-25 09:00:00,9.279180152074844,11.91983,6.4478455,43.592320644085916,69.697624,29.156212,0.6194890878180656,1.4482505,0.0627094
2017-01-26 09:00:00,11.13065422835291,13.006012,8.244293,33.98243490659945,54.01141,12.5231285,0.7893872703082853,2.393582,0.05179536
2017-01-27 09:00:00,11.825234943414728,14.513641,7.822235,30.727236759880835,38.53431,20.674936,2.34306231561074,4.286527,0.98174334
2017-01-28 09:00:00,14.38992909629684,16.617188,11.3984375,12.901512275119385,22.147446,5.739288,2.7670871653981597,5.647044,0.56079394
2017-01-29 09:00:00,16.990421608985685,20.399323,13.908112,6.60358544626339,11.093473,3.366911,2.0668048600364375,4.055014,0.2829472
2017-01-30 09:00:00,19.846309364213653,23.570465,16.63678,12.75763484940143,16.182583,8.612269,1.9501249975989408,3.6730535,0.20305488
2017-01-31 09:00:00,20.107926098065036,22.07901,17.705963,15.142907669319357,22.07794,7.443142,0.6239719903557654,1.2650416,0.26876336
2017-02-01 09:00:00,18.472409417671884,19.593231,16.931122,10.711228494486257,18.803669,8.55367,0.48841604518281745,0.93806356,0.24735491
2017-02-02 09:00:00,16.592018942510492,19.146942,14.988739,13.568164991514864,18.509827,10.829757,0.7745441809622892,1.7084595,0.1156272
2017-02-03 09:00:00,16.70533936868145,20.166748,14.614014,44.29501900906187,56.55856,32.718716,0.7333629619291256,1.465511,0.19273128
2017-02-04 09:00:00,15.923212781013945,20.08841,12.851776,38.542946320449886,53.19631,23.731464,1.3394170846880162,2.5680373,0.49739632
2017-02-05 09:00:00,15.73326579198789,20.164642,13.674408,13.794288545403871,27.243114,2.7782702,1.1492976055100435,2.7969277,0.5796698
2017-02-06 09:00:00,13.557753117307357,17.845367,10.782867,36.002917044508386,69.29895,8.029418,2.049607593620353,4.389849,1.001646
2017-02-07 09:00:00,15.020725102450683,17.894379,12.152191,94.52281673579711,101.05102,85.895256,2.906748648178582,4.840021,1.5484565
2017-02-08 09:00:00,17.33375980968276,20.667938,15.474579,54.66166943769901,67.452126,48.565407,1.5881532376519125,3.3784835,0.50430995
2017-02-09 09:00:00,20.778713692562633,23.83255,16.953644,21.034390706445002,27.48592,14.10572,1.0787849268993406,4.0930777,0.09631128
2017-02-10 09:00:00,21.229407769581712,25.437347,15.919769,17.40235598217835,20.70914,14.009923,1.1865600730936605,3.2615905,0.36590013
2017-02-11 09:00:00,17.4425690704619,23.456512,15.298309,34.90038506953654,58.149193,22.782003,2.0699314651104315,3.6977596,1.0509286
2017-02-12 09:00:00,14.955956188413097,19.670563,12.727692,39.14221009279664,56.80541,26.111399,1.005522861507374,2.535756,0.24446955
2017-02-13 09:00:00,18.105205933668685,20.405426,15.948639,42.64673364047309,48.656597,35.575577,0.9402488473896071,2.0789661,0.36484647
2017-02-14 09:00:00,18.770776065955943,23.88565,16.418854,40.56706415516383,46.181164,32.388195,0.5709774095672573,1.3971584,0.16085175
2017-02-15 09:00:00,18.822255230082703,23.457672,17.052643,21.843898053063917,28.279825,14.349717,1.0805338304192724,2.1611824,0.38115558
2017-02-16 09:00:00,20.048448618951852,22.449371,17.49234,29.46963062586086,36.005745,23.345829,0.5583268992757742,1.5440147,0.05862861
2017-02-17 09:00:00,17.60641671884173,23.574615,14.937897,29.867218050085278,33.437923,25.829689,2.242323489337304,3.7676647,0.8456836
2017-02-18 09:00:00,13.49884509905695,18.576324,9.572418,66.43917125270828,85.54047,40.509922,2.690102781337217,5.5534787,1.1030384
2017-02-19 09:00:00,11.532217971444254,14.226471,8.16153,89.84707785031033,96.75256,74.785484,2.1438265147820053,3.9517884,0.72612435
2017-02-20 09:00:00,14.209551579596507,16.639313,12.121979,67.50176766306919,88.82927,45.921272,1.547180449451803,2.8386607,0.95587146
2017-02-21 09:00:00,17.766198728244547,20.100739,16.06363,24.497337814164755,41.20623,18.124199,0.9600999012556856,1.989316,0.6040571
2017-02-22 09:00:00,18.17398826784114,21.736237,14.349518,20.620562915420848,35.846375,4.6269245,2.1779174678173705,4.2908235,1.0338148
2017-02-23 09:00:00,12.859206628556251,17.488678,9.4711,45.923366576782676,75.69764,23.981674,3.0240541780107173,5.161091,1.9230028
2017-02-24 09:00:00,11.771503971271557,16.032867,9.181061,25.981895358206653,39.471645,12.584928,1.158097168080123,2.3518577,0.59541065
2017-02-25 09:00:00,13.948446186153433,16.166412,11.822662,12.246250161254222,25.760014,2.6881053,0.7907481989850793,1.652836,0.35920104
2017-02-26 09:00:00,13.21864145189818,17.467926,10.284332,22.734263713548135,43.644695,5.2540703,2.2289473221668197,4.165399,1.2056928
2017-02-27 09:00:00,11.52156863136878,15.516266,7.9725647,72.67971314597733,97.48762,47.659492,2.9641218427972786,5.2599254,1.1239326
2017-02-28 09:00:00,11.21353571317269,14.1493225,7.7016907,80.29626044554149,99.516914,57.680656,2.874933600240294,4.981914,0.8954953
2017-03-01 09:00:00,15.284046921292315,17.386871,11.849762,29.531635572799964,40.568184,20.397808,0.9445677677747989,1.7772684,0.3371165
2017-03-02 09:00:00,18.377880398970774,20.599152,15.567902,8.846377127169902,16.630344,2.7392025,1.9956669471878838,3.807244,0.31369734
2017-03-03 09:00:00,20.18385389378517,22.630585,17.831665,7.477058641297402,12.805927,3.1067085,1.728000795252264,3.1840632,0.39810655
2017-03-04 09:00:00,21.43940300561286,23.633636,18.668793,9.48461577299327,16.505608,6.2193813,0.8405693525454813,1.6007586,0.47071195
2017-03-05 09:00:00,16.13986613466045,20.917023,13.588898,9.23831900412757,16.642515,3.6066666,2.261115534621115,4.0909195,1.2764022
2017-03-06 09:00:00,12.019978110496083,15.197632,9.218903,29.73845717252602,44.851128,13.188443,2.9602872968496285,4.401243,1.8180882
2017-03-07 09:00:00,16.186235039372093,17.756256,14.078522,21.50300634903442,26.650867,15.354117,0.8053500395841232,2.5874205,0.08386587
2017-03-08 09:00:00,20.858707024421278,22.273834,18.619537,18.74774921760239,22.547007,15.693707,0.9585397699126386,2.4982135,0.12873864
2017-03-09 09:00:00,23.15693614366853,25.868317,19.500732,18.59409116902295,25.301006,15.635795,0.4689769334805929,1.048413,0.17922814
2017-03-10 09:00:00,24.17128928933903,28.696472,19.603424,13.611804370976719,21.652428,9.61604,0.346065951743192,0.77045256,0.02196571
2017-03-11 09:00:00,23.47350548360265,28.814362,19.509674,8.656464543435222,13.067516,6.5870476,0.6054307672419352,1.4602108,0.08883131
2017-03-12 09:00:00,23.35858515347718,30.11496,17.792694,16.007247499816916,24.456665,11.308118,0.6798888294302654,1.4757468,0.16309008
2017-03-13 09:00:00,23.837658113749285,30.134277,17.53061,15.079931624389575,17.809086,9.746318,0.6494394715521071,1.6610355,0.14628537
2017-03-14 09:00:00,25.09288441907904,30.404816,21.198395,16.042700626994517,21.46024,7.1319923,0.3420619130409381,0.7412662,0.07640426
2017-03-15 09:00:00,25.988325225946596,31.604645,20.413239,15.889581010746802,17.527958,10.404065,0.886787977457118,2.1170704,0.38650233
2017-03-16 09:00:00,23.03306059473948,30.030914,17.618805,23.76339647789104,29.946323,20.296293,1.2458531300390587,3.1855857,0.25615227
2017-03-17 09:00:00,23.39848342691107,30.18814,17.674469,14.558127589664851,20.058681,9.3857355,0.5182308303873978,1.9572741,0.13365772
2017-03-18 09:00:00,23.139845336652968,29.862701,16.581451,10.759195958097225,14.318849,5.9459457,0.788339609396132,2.0927181,0.2152606
2017-03-19 09:00:00,23.94314976437022,30.382965,18.191559,12.734937268330102,16.248314,4.356539,1.0676575685266432,2.265964,0.41977236
2017-03-20 09:00:00,21.69679003260552,30.100006,16.461334,25.60821148243324,33.038063,17.247583,1.730228381412447,3.0041273,0.8039764
2017-03-21 09:00:00,19.79991413396141,29.380524,17.137604,19.002429295546833,32.90641,6.0196924,2.4873340111525293,4.95306,1.458408
2017-03-22 09:00:00,17.290330185125754,24.376556,14.226166,52.99212067255463,83.41433,14.828393,2.447450278247847,4.8702397,1.6563776
2017-03-23 09:00:00,14.863018053224152,20.05832,11.335663,59.58211768848545,79.06832,35.94332,3.858379346114394,7.090056,2.3930817
2017-03-24 09:00:00,17.63476134664421,21.424957,15.854645,21.521528795148125,28.194586,13.366461,1.2876347767424776,2.2837424,0.7322855
2017-03-25 09:00:00,18.844485826470304,25.010895,16.337067,17.88967950166904,27.959879,12.733316,2.394914227330033,3.7990077,1.379128
2017-03-26 09:00:00,16.863136398825304,22.548248,14.459625,52.58207805555911,70.170746,36.77231,2.1782091485543424,3.3550313,1.5146701
2017-03-27 09:00:00,17.231700451843437,24.875885,14.063385,47.64439604171329,71.67671,31.439598,2.7707381777934197,4.914151,1.4307265
2017-03-28 09:00:00,18.506781539744622,21.261627,16.841705,25.966479705391333,38.91253,14.418145,1.567764899436229,2.9495366,0.6927007
2017-03-29 09:00:00,22.517587425488387,25.790192,20.157135,12.423236707351066,16.096592,5.0725136,0.9150169801949819,1.7372235,0.2560749
2017-03-30 09:00:00,23.760077801826355,28.829254,20.58902,15.48406043985534,18.634743,12.61953,1.5640092649962791,2.9039586,0.7818073
2017-03-31 09:00:00,17.205641967906217,23.696686,14.438873,37.56575858514765,51.813255,19.45388,3.455912937147895,5.9381,2.1542947
2017-04-01 09:00:00,18.833884441685996,22.957184,16.816559,36.173830003704055,39.868443,28.314796,0.8879398852603463,1.3509891,0.5405117
2017-04-02 09:00:00,21.383751251389754,26.911041,18.214996,31.421511451053693,37.588963,25.331387,0.8651618215056179,1.4386115,0.12796953
2017-04-03 09:00:00,21.668321005766586,29.010162,18.705475,23.9186074928753,29.535126,19.273407,2.3140559152888196,4.4065976,1.2677631
2017-04-04 09:00:00,20.175979609603246,25.27945,16.832184,26.47666495979215,32.44808,22.287922,1.1318439886773883,2.0425305,0.32093787
2017-04-05 09:00:00,23.085813744559573,24.830719,20.811188,20.82448423577348,25.354961,15.675288,1.3173834471407833,2.641488,0.10515009
2017-04-06 09:00:00,24.09061171288431,27.826813,19.85611,15.895044610544032,21.900734,12.767921,0.9140863451445154,1.7231127,0.36878946
2017-04-07 09:00:00,22.096219831411418,29.51651,18.368073,3.0531508434782366,5.0634813,1.0517626,1.6398698448887936,3.909914,0.6439341
2017-04-08 09:00:00,20.60696212279811,27.838531,17.215485,5.6415183237347915,12.875135,-2.4842396,2.3280336620324875,4.850462,1.3679754
2017-04-09 09:00:00,16.767982766996795,21.986237,15.344635,16.855826876853186,28.613174,7.9256735,1.6843889520396484,2.7885942,1.1042062
2017-04-10 09:00:00,20.148665282010313,23.086334,17.911285,14.863727390867469,23.743614,3.5268621,0.8718576397652505,2.61945,0.10164264
2017-04-11 09:00:00,21.660934994487718,25.996979,18.594635,9.03389349506104,13.592627,2.8973613,1.4219235513328536,2.4841583,0.35498816
2017-04-12 09:00:00,20.859510129347484,28.10733,17.423737,14.68912597126082,21.622686,5.771834,1.8610358023289435,3.3552926,0.78690356
2017-04-13 09:00:00,21.409065894708704,29.956207,18.375885,36.69922232315199,53.48312,9.984559,2.8943773113611413,4.9992237,1.7483399
2017-04-14 09:00:00,17.80325555415027,23.477448,15.028717,33.48285426031213,51.93837,13.243056,2.9504050075235946,4.4554944,1.9246981
2017-04-15 09:00:00,21.039298261788076,25.724762,17.277008,18.56602582563715,32.7177,8.465637,1.1077804658623083,2.2152572,0.43297726
2017-04-16 09:00:00,23.365312864434827,28.542633,18.792633,7.61198058229201,15.141011,4.8519487,1.2315753459854224,2.8428445,0.45190015
2017-04-17 09:00:00,23.203212680647766,31.025787,18.498444,7.2760291201005,10.295052,2.158393,1.9751990175712448,3.6714013,0.8029292
2017-04-18 09:00:00,21.949594073179185,28.643707,19.010895,48.93167677443262,58.996605,29.73046,3.0123427819130497,4.3789635,2.0201912
2017-04-19 09:00:00,21.852216531524334,28.536774,19.310211,20.296334826076468,39.283733,0.8970156,2.561949693164402,3.815863,1.7684864
2017-04-20 09:00:00,22.09757376505962,28.217194,18.46817,7.5709437783826505,20.54106,-6.2551374,2.0220090876180006,3.3766856,1.1102235
2017-04-21 09:00:00,25.51089325699303,30.88858,20.30606,11.15560964496759,16.864063,3.1822453,0.7378369704365496,2.4455805,0.15074952
2017-04-22 09:00:00,27.532197221190984,30.552643,22.819489,17.779974767920073,21.711641,15.726584,0.8131115307340707,1.866887,0.26215166
2017-04-23 09:00:00,27.394358542663383,32.582672,21.658844,17.002537565937843,20.115162,10.655003,1.8792538449226357,2.911019,1.1054442
2017-04-24 09:00:00,21.76090185446992,30.312164,18.15982,9.383529882043877,28.694708,-3.6220284,3.2133456981555932,5.2751184,2.257747
2017-04-25 09:00:00,18.894276226311547,25.790436,16.260406,56.27757192593356,81.94347,36.486164,3.403768761911048,6.493373,2.1521902
2017-04-26 09:00:00,22.52120205269182,26.218658,18.837067,26.19344630472578,30.115986,21.60036,1.651671626229145,2.621249,1.0949358
2017-04-27 09:00:00,21.596386602109533,29.473297,18.799469,32.533742485650826,49.192207,19.527435,2.298723814517187,4.315178,1.302071
2017-04-28 09:00:00,21.565181760468533,29.54483,19.141022,30.737293913208276,42.8687,18.765907,1.6556717247673265,2.523386,1.0919563
2017-04-29 09:00:00,23.67385025976455,26.355133,19.857086,11.26100097693454,14.883919,9.024544,1.7556031688860625,3.139274,0.69628245
2017-04-30 09:00:00,25.925031355184615,27.78482,23.298492,11.50384267985114,15.035287,8.976693,0.9936400567637129,2.782122,0.22234091
2017-05-01 09:00:00,26.109846371330775,29.918365,21.844147,10.831140154930049,11.969853,9.346998,1.1220699897184105,1.7545874,0.41705823
2017-05-02 09:00:00,26.274848714815334,32.210114,20.430817,12.156591903396201,15.449615,8.691802,0.9795476273013708,1.9785054,0.23989008
2017-05-03 09:00:00,26.969194825964962,34.31778,20.09903,16.782193794536465,21.533848,12.085468,1.108951132566315,2.4880261,0.2385743
2017-05-04 09:00:00,28.17789225819854,35.568024,20.511383,17.57081003610035,22.489212,13.866304,1.121068568322441,2.5209184,0.32480887
2017-05-05 09:00:00,25.861691266351386,35.848297,18.791656,17.340871894109032,23.576136,13.025331,1.6904933247077323,2.9788845,0.84142905
2017-05-06 09:00:00,22.150182815528296,33.608307,16.653229,22.421266976720673,41.696156,10.110219,3.3094574001705217,5.594771,2.1074939
2017-05-07 09:00:00,13.357830046715492,20.116364,9.692535,82.77788988964849,97.64014,55.515137,4.129855482532361,7.377552,2.7456765
2017-05-08 09:00:00,16.54891418834893,19.303864,14.55191,43.69967213548,56.34061,31.578892,0.7928863190266047,1.6420989,0.18227804
2017-05-09 09:00:00,18.543364234766102,24.845367,16.308258,35.269355235922774,47.69767,26.220104,1.25602582479147,2.6521828,0.2616062
2017-05-10 09:00:00,17.226077856600398,20.253326,15.417389,82.05984971227865,94.73178,70.53497,1.9630210822979668,3.7393198,0.5779606
2017-05-11 09:00:00,21.792034752086636,25.166656,18.63736,34.435655007792676,48.37486,26.992046,1.5230607707309636,2.362293,0.75856334
2017-05-12 09:00:00,22.289711306917127,29.565338,17.559479,22.175431434166562,29.988388,12.520098,1.9434317869150695,3.7229378,1.0274456
2017-05-13 09:00:00,20.876159816790846,30.488678,17.029694,19.979684587482375,39.864956,6.9506173,2.515522977183236,4.6847315,1.6039072
2017-05-14 09:00:00,20.235014633787785,29.035309,17.459137,19.59163685429642,39.58756,4.8693914,2.32765415428411,4.3997707,1.4015772
2017-05-15 09:00:00,18.056245687923422,26.757233,15.34903,24.773530746652618,54.571854,1.9116993,3.7658958500821504,6.1478386,2.8864455
2017-05-16 09:00:00,14.64546743062158,19.093414,11.841461,77.76939840843676,95.688934,46.66317,3.4745909469968193,5.9765544,2.5374908
2017-05-17 09:00:00,15.798184292908388,22.55191,12.844635,55.72372635890573,78.61144,37.025505,2.860663351262243,4.9195514,2.0396888
2017-05-18 09:00:00,20.512280069213148,23.452301,17.604645,27.875242837998083,38.58996,20.184738,1.6692075590865922,2.5078564,0.94902873
2017-05-19 09:00:00,24.603800129566082,27.14859,21.1232,19.23887832134163,23.276615,17.446096,1.1385506692085288,2.2913234,0.52644706
2017-05-20 09:00:00,27.927496558622465,29.849274,24.528961,17.283632308604805,20.58667,13.68629,1.2709601161344724,3.2245371,0.13216172
2017-05-21 09:00:00,28.75109207110222,32.769684,23.1503,16.504111960755683,19.777134,14.221846,1.0238120820245542,2.743445,0.08642008
2017-05-22 09:00:00,27.813555087179395,35.562164,20.898102,12.464026367136137,15.594791,9.552764,1.2030533536758454,2.5489774,0.30547225
2017-05-23 09:00:00,28.649462324029344,36.841217,19.828278,12.665650936897462,16.253086,9.206269,1.4039347189549145,3.9998515,0.1961595
2017-05-24 09:00:00,27.590371492712393,37.06241,20.908112,4.205908385390057,7.3458624,3.0528936,1.6726640587850636,3.1599517,0.81838864
2017-05-25 09:00:00,24.249450447222102,35.287994,17.393463,7.917698054809215,18.964584,1.1446362,3.0127018313105007,6.195066,1.8262227
2017-05-26 09:00:00,20.265717299465337,30.247711,17.614899,36.54943146606122,67.091415,9.702044,3.0278861263917416,5.8280816,2.0298715
2017-05-27 09:00:00,21.308013067763625,29.953033,18.912018,20.14235178675995,38.234375,5.296877,2.3715667321435956,4.1663995,1.5078337
2017-05-28 09:00:00,24.68689933807849,32.27945,17.95694,7.360334115155326,11.573875,0.38113022,1.7965176321849587,4.205535,0.6989321
2017-05-29 09:00:00,25.434037710347354,35.258698,18.317291,15.4319707765082,25.573349,5.1883354,1.7071263759187105,3.4168708,0.6493842
2017-05-30 09:00:00,24.4883533844436,35.014313,17.47525,18.90631381686073,31.93815,6.6141167,1.5029677187328618,2.5420165,0.65895545
2017-05-31 09:00:00,23.81036415220717,33.930084,17.603912,29.19098687402126,56.84513,6.9643764,1.5341155427261004,2.500964,0.79737216
2017-06-01 09:00:00,22.11480402787754,30.00064,17.802399,32.05485482104439,40.374714,17.042824,1.627742588908385,2.2471685,0.49630445
2017-06-02 09:00:00,25.329024066463603,31.092438,18.821198,30.85343436171308,39.968124,24.174362,1.0419330325291027,2.5126793,0.073375806
2017-06-03 09:00:00,26.733603077445593,34.015778,19.144684,14.379675243672928,22.369785,3.9358177,1.1938970675488034,2.7014325,0.27243483
2017-06-04 09:00:00,26.600099272032537,36.507965,18.36148,18.403879577618845,22.28991,13.5938225,1.5113101959106334,2.7843597,0.34127116
2017-06-05 09:00:00,26.181598595417427,37.32242,17.894684,18.564478827627724,23.143452,13.867489,1.5026146353722991,2.6733687,0.42470348
2017-06-06 09:00:00,25.8492463727801,37.065094,17.770172,20.88372985882826,38.832874,9.505108,1.5003523773917782,2.809874,0.52202505
2017-06-07 09:00:00,24.184224076908833,34.91739,17.59903,18.641493863257228,29.119156,7.719043,1.5751135411041308,2.5323036,0.723419
2017-06-08 09:00:00,24.09055373127933,34.065582,17.915924,8.638891762722102,15.358831,3.2399492,1.7914622118441184,3.0168974,1.0781482
2017-06-09 09:00:00,24.8006615893691,35.640045,18.966705,9.6165877648684,18.278545,0.6693888,2.347968318676111,4.417175,1.2792248
2017-06-10 09:00:00,24.2696720741896,33.203278,19.884918,40.50882094204427,58.856567,17.071411,3.1600075626998922,5.9471393,2.0036662
2017-06-11 09:00:00,20.29858007294581,30.869537,17.492584,25.154477928008184,44.43092,9.907445,3.4885344145797546,5.783282,2.217447
2017-06-12 09:00:00,20.26104425312286,25.8107,18.503815,25.223241777536195,39.936157,10.291628,3.050486541923297,4.9693403,2.2727923
2017-06-13 09:00:00,23.477855310081736,28.963043,19.3107,14.597098493972524,22.863235,5.382766,1.5671601611580948,2.734389,1.0443408
2017-06-14 09:00:00,27.34328521107824,32.543365,20.369537,7.773959245502761,14.610907,4.2788754,1.1146626638258552,2.954837,0.16346973
2017-06-15 09:00:00,28.719478717700724,36.363922,21.033844,5.129500902249582,6.883931,3.56952,1.1243043153130572,2.127605,0.4348721
2017-06-16 09:00:00,30.711890161986616,39.01944,22.822174,6.014220205997055,8.098021,3.166297,1.125092932469951,1.9789608,0.49626005
2017-06-17 09:00:00,31.467016721830646,39.7106,23.370758,8.081678626175474,13.43465,5.077118,1.3390960382965869,2.2724555,0.6438846
2017-06-18 09:00:00,30.876721575406293,40.431793,21.910309,6.7287130304208915,8.873983,3.8619652,1.3312781986372741,2.411884,0.630798
2017-06-19 09:00:00,31.524703958755026,41.2377,22.055573,9.829677292382755,16.812792,-0.36112022,1.3446626163173476,2.5491621,0.30135417
2017-06-20 09:00:00,33.068231401764876,43.030914,23.038727,6.374832331685473,9.551982,4.009013,1.6084138862234847,3.3876386,0.7937291
2017-06-21 09:00:00,32.53545139271017,44.06436,21.402252,7.201039639922418,10.550427,4.75745,1.7605377475842332,3.8031588,0.84087616
2017-06-22 09:00:00,31.107572469993727,42.32364,20.483795,7.3152837021774095,8.947399,5.486991,1.6021979043660712,2.4843671,0.63339275
2017-06-23 09:00:00,29.709656556219215,41.759674,19.515045,9.266887843868808,14.724004,0.879858,1.6865754919104365,2.4439194,0.7755778
2017-06-24 09:00:00,29.27945367630059,41.5419,20.346588,8.516793274412144,14.540134,4.3838844,2.0314037062607775,4.0769434,0.9452324
2017-06-25 09:00:00,32.88872162673158,42.943024,21.55899,10.409159700751365,11.908437,7.83794,2.107217014270142,4.256286,1.0436654
2017-06-26 09:00:00,33.710416239536016,44.28116,23.220123,9.418199686482499,10.4532995,8.300841,1.9465827365636563,3.4723375,0.7207308
2017-06-27 09:00:00,33.17647440980551,41.14444,24.349518,7.9066008091262825,8.822105,6.6814804,2.50460440930752,4.5237193,0.8656526
2017-06-28 09:00:00,30.31995356118796,40.243317,22.360504,4.963656987019911,7.315076,2.4360046,2.4725158035732746,4.8889008,1.1663042
2017-06-29 09:00:00,26.801475177275904,38.62613,19.475739,9.797374046217499,15.264893,3.085205,2.2625162037414825,4.2689786,1.267991
2017-06-30 09:00:00,27.528296464139885,37.636383,19.204742,14.79472180153829,17.284891,10.607202,1.7164996091111442,2.5711386,0.86653477
2017-07-01 09:00:00,28.146971987772076,38.59781,19.839996,13.46498750791464,22.730103,-0.08650112,1.3873230559269487,2.694682,0.41925022
2017-07-02 09:00:00,27.351721728615928,37.96402,19.605621,8.280092392392495,14.979279,4.6756907,1.7229531755321483,2.664747,0.8586199
2017-07-03 09:00:00,28.626739360625095,37.849274,20.45523,4.513857314593045,10.877665,0.46172237,1.5374917328504123,2.5675547,0.36219934
2017-07-04 09:00:00,30.96727327975543,40.11319,21.986237,8.563905461098603,11.234878,5.2556715,1.674252466294203,3.4026458,0.5046222
2017-07-05 09:00:00,30.820615972042958,40.0607,21.472809,17.194358304724574,21.05804,12.663257,1.3495485562069343,3.1925728,0.48195484
2017-07-06 09:00:00,31.62736984101076,40.190094,22.66153,19.384901050258733,21.327381,15.914996,1.3648324254092983,2.4974473,0.65271175
2017-07-07 09:00:00,33.67972295606495,41.4606,24.069,17.725352523169775,21.980885,14.085088,1.2840700837327736,2.9175475,0.6312716
2017-07-08 09:00:00,33.44917743565043,42.232574,24.048248,17.078244488000397,18.899605,14.220024,1.0451607320755678,2.2023242,0.23052648
2017-07-09 09:00:00,32.96528728863336,41.95572,24.795563,22.05204454330159,31.923288,15.778757,1.1863338877817027,2.8242323,0.3938244
2017-07-10 09:00:00,30.136613770601002,37.59488,24.585114,37.07486686348594,44.061394,25.194479,1.2462120502044556,1.9573159,0.72411454
2017-07-11 09:00:00,29.3348983009962,37.395172,23.309235,43.11575764649209,50.55956,26.82909,1.816362004335438,2.889355,1.2221594
2017-07-12 09:00:00,29.55183511961502,39.379547,23.180817,47.120675711862766,52.547523,31.635983,2.202254879672986,3.9230886,1.3043859
2017-07-13 09:00:00,29.81425103581563,39.312164,23.396149,35.91004034749397,42.17731,25.364838,2.033239651446577,3.054199,1.3533218
2017-07-14 09:00:00,30.05663401652481,39.552887,22.949371,26.71062310347792,32.069447,23.31554,1.9003621608999568,3.6402285,0.91816854
2017-07-15 09:00:00,30.753766148382,40.585114,22.649567,20.546475113253535,23.911755,16.720348,1.3403028313876144,2.8468676,0.32887852
2017-07-16 09:00:00,30.228168859824393,40.19742,22.822662,15.574605425040675,20.217775,10.414262,1.2852306441565076,2.8491836,0.45511183
2017-07-17 09:00:00,30.457782254755898,38.862946,23.100006,31.685941658795247,48.807457,12.256675,1.4971332534321342,3.0468266,0.47994548
2017-07-18 09:00:00,29.449889911172477,37.03311,23.537018,36.87026334057268,45.094265,24.467133,1.4683046980049683,2.198754,0.6983501
2017-07-19 09:00:00,28.97073847051871,37.681305,23.653961,48.02012323318814,55.821564,32.310585,1.163674559927236,2.4216383,0.24514681
2017-07-20 09:00:00,29.141603937054754,35.77188,23.593414,28.873387271059034,48.74574,13.214488,1.1919115789202128,2.2769797,0.33446437
2017-07-21 09:00:00,29.47983129045275,38.423737,23.408112,7.194654349289661,14.289906,-0.68117046,1.4532618788410354,2.389075,0.4842046
2017-07-22 09:00:00,29.91062667473335,38.508453,22.492828,9.598631463311696,17.823565,-0.5671644,1.3785884848189554,2.3706205,0.38727662
2017-07-23 09:00:00,30.448002979637522,39.34317,23.008698,29.145880419673272,36.417965,18.886715,1.317091061676341,2.215296,0.5223269
2017-07-24 09:00:00,30.068097358994976,39.816315,23.38272,24.74671446502029,36.175594,16.515648,1.6345628114613686,3.0062683,1.0696249
2017-07-25 09:00:00,26.253578784250976,32.707428,22.660553,54.32941307949214,65.567345,43.19625,1.3203102625306686,2.3884015,0.10321156
2017-07-26 09:00:00,28.239497702699282,32.805817,23.192535,49.25498102414729,56.789318,40.664223,1.3501480912253334,3.0512404,0.5949586
2017-07-27 09:00:00,29.952885325500517,35.62686,23.091705,18.846280295131614,26.270449,8.567324,1.551694752885728,3.6711648,0.6584039
2017-07-28 09:00:00,29.81432024404984,37.560944,22.949615,15.0408865360851,20.929451,10.617915,1.456766345132303,3.2611363,0.6017424
2017-07-29 09:00:00,28.923615683839557,36.762604,22.31363,25.121641964381496,44.742218,13.667224,1.2526475835329258,2.3087146,0.443488
2017-07-30 09:00:00,28.804733394725986,37.345856,22.002106,19.325011100265215,36.89809,8.010348,1.5798925703462805,2.3249152,0.76533496
2017-07-31 09:00:00,30.272024047056163,38.632233,22.43692,18.11213921295969,28.328068,9.244023,1.5074249566181381,3.385963,0.51916695
2017-08-01 09:00:00,30.993124590249124,39.83609,22.425934,20.766941169366095,31.1127,12.952543,1.1791227141738867,3.1211636,0.19728366
2017-08-02 09:00:00,31.088258253325648,36.746735,25.467682,45.513016748733214,53.22103,35.945137,1.0060514341469922,2.2959485,0.27383092
2017-08-03 09:00:00,30.478120333446327,37.458405,25.20401,55.8491148014993,61.091858,43.654858,0.8514880804257565,2.2259474,0.20723233
2017-08-04 09:00:00,28.757920567775784,33.127594,24.66275,53.914056740925695,59.72812,47.793045,1.2654450639170607,1.827939,0.8149121
2017-08-05 09:00:00,28.497962964215674,34.82022,24.63272,34.61113551714127,42.296234,27.483732,1.9595118669355844,3.0415251,1.2660837
2017-08-06 09:00:00,27.85508863168627,36.808746,22.925201,33.83773026902531,40.538677,27.165977,1.9887184329852086,3.2316818,1.3302733
2017-08-07 09:00:00,28.47490021776872,37.483795,23.046295,31.14977025203514,43.447052,22.751104,1.688408108862249,3.248421,1.0058029
2017-08-08 09:00:00,29.670575991040096,37.887604,22.80777,15.03104050226968,20.490244,7.19588,1.755958021446798,3.5254023,0.6654916
2017-08-09 09:00:00,30.13772289090508,38.361725,23.424225,14.389258109768505,17.148262,11.902925,1.6670152698185419,3.6813452,0.50512284
2017-08-10 09:00:00,29.67495646169607,38.949127,22.648346,15.58248961511339,22.318462,10.138776,1.5668341949503402,3.4474301,0.46587688
2017-08-11 09:00:00,30.138555403093335,38.795563,22.301422,23.194097613213813,30.964746,12.579416,1.3947519812580038,3.3948293,0.25496104
2017-08-12 09:00:00,30.1574384244758,37.90396,22.694977,22.214165988757426,29.5526,9.794788,1.559860264061739,3.5289235,0.19516675
2017-08-13 09:00:00,29.921962911630487,39.400055,21.63443,13.081004495531976,26.936256,1.6281538,1.5791340744879663,2.5730867,0.7540676
2017-08-14 09:00:00,29.53644244674399,38.837555,22.45279,13.354262231738858,18.96399,5.6221385,2.124333463464045,4.3825336,0.9915232
2017-08-15 09:00:00,26.012352418491048,35.344147,20.787506,16.952100917135944,27.16238,5.8733177,2.7910263346610065,5.46348,1.7953709
2017-08-16 09:00:00,24.740954947171076,33.00821,20.636627,9.767948918508063,22.976479,-2.023077,2.369184808155303,4.443859,1.6080022
2017-08-17 09:00:00,26.28110249361157,34.172516,21.576813,23.84598263613805,29.857826,10.449456,1.6685607060516348,2.9894805,0.80758756
2017-08-18 09:00:00,27.486228352894727,35.467438,22.04361,34.603712372188454,42.143036,17.873505,1.4388937368611507,3.1028445,0.24564865
2017-08-19 09:00:00,27.571539251158868,36.68936,21.83194,22.81945693881261,33.88757,14.682881,1.5432939863516857,3.2879457,0.350821
2017-08-20 09:00:00,26.839709107624742,36.21353,21.286774,16.707012898138707,24.781023,11.1399355,1.6513368870227176,2.8760028,0.67202264
2017-08-21 09:00:00,26.663900951606877,35.46573,21.088776,18.991318105667247,27.908573,11.501287,1.5180529906189761,2.5519106,0.44454643
2017-08-22 09:00:00,28.543721518310406,35.31021,22.06607,20.77750894584703,30.186852,12.911424,1.6165221071576568,4.4981685,0.16580918
2017-08-23 09:00:00,28.449321871737993,36.535065,21.6503,25.30133730412026,31.996778,15.336622,1.6525729649919139,3.2823293,0.31097227
2017-08-24 09:00:00,25.905094363333035,35.96866,20.072174,26.116254448837466,35.587337,14.864682,1.489800208909403,2.429352,0.7626797
2017-08-25 09:00:00,27.225393835649527,35.693756,20.260162,33.029864332384335,42.497925,26.06365,1.373715422688331,2.4746382,0.25615588
2017-08-26 09:00:00,30.718057734381148,37.764313,22.642975,19.875668976756153,26.921896,8.578871,0.9838668317630979,2.39697,0.098671645
2017-08-27 09:00:00,31.447578224113386,40.624664,22.962555,17.787131279893806,22.31964,10.746168,1.2175699596816292,3.083741,0.18599743
2017-08-28 09:00:00,33.451063296751386,41.690826,23.46988,15.405054251498568,21.45784,6.4640846,1.6470132444921441,4.594241,0.3722817
2017-08-29 09:00:00,33.23438607155077,40.396637,24.471588,15.975422213265555,21.246674,10.417569,1.1528579208015333,2.4004807,0.27358472
2017-08-30 09:00:00,33.89356633357721,40.915924,25.415924,19.399622830890316,22.82291,16.10416,1.388587115163113,3.5225754,0.09700444
2017-08-31 09:00:00,34.176785028051654,41.53238,25.573639,20.404383543204695,24.720127,16.252924,1.1702648943089595,2.0361633,0.22206691
2017-09-01 09:00:00,34.450917800372,38.597076,29.054108,22.91093887976631,24.431862,20.651247,1.0093576011474779,1.7640281,0.26239517
2017-09-02 09:00:00,34.924363815173194,40.357574,27.743805,17.799778891231263,22.454906,12.727739,1.685091127135209,3.5284383,0.46335408
2017-09-03 09:00:00,32.756043027729675,35.91568,29.12149,57.229677687737635,77.157845,43.189095,2.1489747376956894,4.6681213,0.33323857
2017-09-04 09:00:00,26.312342976837215,29.320465,23.552399,70.01976848735931,76.87309,60.486652,1.4697642917071356,3.562358,0.1637765
2017-09-05 09:00:00,28.259372482356696,35.159576,23.823639,30.425627225955587,39.914642,23.000877,1.3436503899328454,2.0386882,0.46291554
2017-09-06 09:00:00,29.93694530117955,38.820953,24.172516,25.558408032656025,31.333397,17.839508,1.8568229474865234,4.6653094,0.68356484
2017-09-07 09:00:00,29.370577345420713,36.92447,23.360992,15.55182936601594,20.28466,7.3159103,1.4352366387733573,3.669841,0.64692307
2017-09-08 09:00:00,29.24115549501869,36.403717,23.31778,21.707558324608982,27.929699,13.017923,1.1898543856846346,3.2552571,0.3060436
2017-09-09 09:00:00,27.259561872559118,32.410065,22.638092,30.896045711411354,47.301792,15.664278,1.2456212069403834,2.9667878,0.3768752
2017-09-10 09:00:00,27.67481924645284,30.233795,23.882233,53.212645619336165,64.137405,31.07922,1.3153218375375269,3.5496294,0.31867546
2017-09-11 09:00:00,30.712418454299666,35.615143,25.41983,38.62890003524281,51.89763,20.663254,0.9864131449752144,2.4883246,0.14030804
2017-09-12 09:00:00,29.465906380470756,36.08487,24.264557,34.52070969554785,46.371445,21.819092,1.368025389430573,2.721497,0.7833283
2017-09-13 09:00:00,28.807640801861965,37.3649,22.79654,31.157364983293583,44.357967,10.700089,2.22942193260506,4.111078,1.4124168
2017-09-14 09:00:00,25.95024673125647,35.743805,21.743805,29.249503467637428,51.473717,6.403406,2.952876050944712,5.4492073,1.9715751
2017-09-15 09:00:00,22.385001429238287,28.95279,19.29898,57.647927021752466,76.26041,25.330292,2.5855366424062485,4.5713363,1.706007
2017-09-16 09:00:00,23.263234628770363,29.952545,21.34903,45.53062826347162,55.530502,31.362535,1.899450645624046,3.1295655,1.3946081
2017-09-17 09:00:00,24.14227849960497,30.53897,21.622955,37.37766058670177,53.057087,13.269595,1.7401433994733644,2.2254524,0.78406847
2017-09-18 09:00:00,24.579243255867425,30.627594,21.504547,22.039646527437288,33.8756,1.2403088,1.4433622785036024,3.0619822,0.27311662
2017-09-19 09:00:00,24.681224226134418,31.719635,21.621735,15.921085855504975,25.446743,8.216273,1.9750392512697235,3.254965,1.2696712
2017-09-20 09:00:00,23.792715771531107,32.10318,21.60611,22.981221240093397,44.289997,11.043902,2.517540562247709,4.582036,1.5182096
2017-09-21 09:00:00,23.2849422729239,31.592438,20.613922,38.916227299529325,56.538895,19.823582,3.0297126289544787,5.505037,2.0373018
2017-09-22 09:00:00,19.284972610178443,24.24405,16.198883,32.473023262046894,61.131355,16.67823,2.384099520859421,4.9341145,1.3453927
2017-09-23 09:00:00,20.375925994958152,25.546783,17.227936,56.665403987377736,76.76397,41.385063,1.8000694677898377,3.1621637,1.1257014
2017-09-24 09:00:00,23.355269074616217,25.767487,20.595612,19.42334664048696,26.912464,15.803535,0.7932036176929578,1.4147111,0.38042426
2017-09-25 09:00:00,25.335049643776017,27.506012,22.808746,17.583481097042327,23.360497,13.915184,1.2554534865320626,2.61975,0.42571458
2017-09-26 09:00:00,25.727198815096415,29.107574,24.082184,16.700107935630086,21.219704,13.699274,0.7546735621790385,1.5291868,0.11491891
2017-09-27 09:00:00,25.932788445407652,29.20279,23.206696,18.782876614736015,23.96193,16.321304,0.6929792860688153,1.3203908,0.10654277
2017-09-28 09:00:00,27.196176903155333,30.346832,23.700348,17.064696212205412,19.224438,15.509179,1.0105161400312062,1.9781954,0.2177379
2017-09-29 09:00:00,28.230582525291993,32.168854,23.798248,18.050123470350357,20.24163,16.33538,0.8003905231308646,1.7822876,0.097778656
2017-09-30 09:00:00,27.799527949726837,32.930817,24.069489,13.654793177197382,16.317677,11.372365,1.434831409011609,2.590289,0.771443
2017-10-01 09:00:00,24.843372227236216,32.81656,21.246246,15.957798938469507,25.745739,1.1615896,2.182726945431196,3.7701087,1.0956197
2017-10-02 09:00:00,23.833705739193988,32.365143,20.908112,21.95907537809258,43.597885,11.043853,2.4354427728327717,3.853543,1.4366964
2017-10-03 09:00:00,22.46940151293569,28.794586,20.093414,37.57884449232119,52.084343,23.718117,1.8131314261336535,2.4884002,0.8443747
2017-10-04 09:00:00,23.556155706751838,28.649078,20.68814,4.8421268816391505,10.83348,0.58924484,1.1511681653261634,2.150096,0.4309222
2017-10-05 09:00:00,26.09603573658427,29.139801,21.963043,4.069658055040321,11.322532,-0.7189331,0.8414585577725159,2.6840243,0.00518333
2017-10-06 09:00:00,28.75256103605176,31.175446,24.16568,3.765639677412287,11.060247,-0.5295963,0.6199980119763825,2.184267,0.054586906
2017-10-07 09:00:00,30.367768138138217,32.548737,25.949127,7.855127664888293,8.873784,6.54578,0.8543619698045347,2.2338786,0.0708512
2017-10-08 09:00:00,30.295365824940234,33.755524,25.444977,5.996927048186502,8.50711,3.0539846,1.6494381938977007,2.4618149,0.85682064
2017-10-09 09:00:00,24.732236035903497,31.834137,20.905426,13.015636617249813,17.225933,8.154272,1.1514461497670856,2.1373987,0.2861663
2017-10-10 09:00:00,24.24162592635753,26.472565,21.954987,9.979629599705328,15.188009,4.728874,1.5769750036794463,3.4466991,0.18871051
2017-10-11 09:00:00,24.77680652698541,26.532623,21.700592,12.50540669693627,14.8516865,10.306599,0.993300147981032,3.262282,0.11318272
2017-10-12 09:00:00,23.564428198790495,28.943512,20.447418,12.270648085455099,18.939808,6.8813524,1.3043328598938346,2.4486082,0.60835946
2017-10-13 09:00:00,23.84616303400219,29.221832,20.391754,14.168635760356905,24.030964,0.5290661,0.9898396308847216,2.5758529,0.23450948
2017-10-14 09:00:00,25.534773866847047,29.340729,21.312408,8.291633408017807,22.444576,-1.8839664,0.7095619656280387,2.2334971,0.11172329
2017-10-15 09:00:00,28.97452689979724,31.584625,26.15689,10.327573176307173,15.210113,6.8441095,1.4610643877383696,2.697193,0.5739633
2017-10-16 09:00:00,30.43806213710593,33.009186,27.050201,11.704113720151994,18.98862,4.614607,0.6370740197503394,1.7161022,0.097002596
2017-10-17 09:00:00,30.22521440811289,32.403717,26.200592,12.27973409858783,14.108236,10.13558,0.6695495974890957,2.2401237,0.14926292
2017-10-18 09:00:00,28.561012453739238,32.68643,23.702057,14.322685901642798,20.848694,10.223695,1.2116304697132554,1.9175178,0.706172
2017-10-19 09:00:00,25.87231017833244,32.56143,22.346588,21.078868285792012,31.840588,8.990576,1.793226811102277,3.2318497,1.150325
2017-10-20 09:00:00,21.883749005757068,30.367828,19.541656,33.57081448737449,56.561287,16.237068,3.1131478416827476,5.523968,2.0744085
2017-10-21 09:00:00,21.259803142903763,23.299713,19.725494,33.154997951738075,40.66681,24.993807,1.528073857056543,2.876662,0.8570025
2017-10-22 09:00:00,26.35153562217988,28.733063,23.643219,12.771903308700125,15.304655,10.581999,1.5817575469937077,3.2981882,0.16110514
2017-10-23 09:00:00,31.52994411870219,34.09366,28.589752,11.246780749214201,12.849621,9.692146,1.5175068022915041,3.3442972,0.1305897
2017-10-24 09:00:00,33.26908436907354,36.578766,29.942047,8.532950633961455,11.423049,7.1496115,1.7547193633785234,3.7103105,0.39800665
2017-10-25 09:00:00,32.52493779780394,35.7211,29.27359,13.231394638732343,15.351709,11.092143,1.434163346256707,2.686735,0.3472692
2017-10-26 09:00:00,30.59520081664556,32.823395,26.70816,14.70230208096188,16.188728,12.491614,0.5918741430981297,1.175125,0.0629277
2017-10-27 09:00:00,28.37958154820359,32.017487,24.992096,12.780705555738788,14.105552,11.421333,0.619735167711116,1.1611577,0.2250503
2017-10-28 09:00:00,27.342793192585702,30.858063,23.133453,12.363754516523748,13.851188,10.705817,0.7758494520540352,2.8459485,0.16561964
2017-10-29 09:00:00,25.996193967322654,30.812408,20.742096,13.491253324620967,15.284686,10.987811,0.8405644041669289,2.2206407,0.12907541
2017-10-30 09:00:00,22.537237125487422,29.252838,18.193024,18.333043589467948,27.237783,11.974152,2.2537268545802975,3.2152643,1.4075975
2017-10-31 09:00:00,18.57015662286085,26.342194,15.723053,51.72159118841878,70.19765,27.21718,2.444562133365634,3.943204,1.6832517
2017-11-01 09:00:00,19.447892376095638,22.562897,17.725494,54.75199576982027,69.642044,41.92256,1.2698717844413063,1.8138247,0.45828313
2017-11-02 09:00:00,18.63229098140215,23.409332,15.423248,66.61465079744555,84.33271,41.684555,1.999335469974167,2.7752073,0.59829575
2017-11-03 09:00:00,18.97048437864862,22.343903,17.381256,46.00035781330643,65.85448,27.674814,1.3386690443756002,2.9933617,0.42567444
2017-11-04 09:00:00,19.009959468311365,21.414215,16.71695,39.73622954652944,49.870747,24.980122,1.515537244670622,2.4622447,0.59141916
2017-11-05 09:00:00,18.198220696064368,23.591736,14.921051,61.27994925310484,75.47945,46.104443,2.174300778139249,3.8006804,1.4895799
2017-11-06 09:00:00,20.27659679522924,23.795807,18.641754,46.60497146633625,52.05916,41.41447,1.3180965304904615,3.2740023,0.26201427
2017-11-07 09:00:00,20.18081314623089,24.31894,17.791656,64.33279001772422,70.4947,55.761967,1.0873363653502486,2.2972414,0.25810307
2017-11-08 09:00:00,20.430497472131094,22.809235,19.171295,57.98115227338705,64.6814,47.010513,0.5869418324252262,1.2543212,0.09312529
2017-11-09 09:00:00,20.46344683287799,23.111359,18.957062,23.190304574285932,41.120636,8.214386,1.519021176446493,2.9575639,0.93363917
2017-11-10 09:00:00,20.2595401168399,25.380554,17.76532,15.750169909769923,25.943222,5.6718388,1.7561209046253725,3.2822483,0.857041
2017-11-11 09:00:00,19.735364207863825,24.59433,17.58847,5.241676425166565,8.729079,-0.08795452,1.2801828554517232,2.515975,0.48264182
2017-11-12 09:00:00,20.790777822364475,25.126862,18.20108,4.149878196133068,8.556178,-0.8110094,0.7501238096407354,2.6344588,0.06424032
2017-11-13 09:00:00,20.454117585943266,23.957672,18.147125,6.341727688948664,11.190199,0.53785515,0.9572016288776931,2.7908297,0.17056125
2017-11-14 09:00:00,22.35044831395021,25.262604,19.448883,13.847713401894943,19.351189,7.141533,1.2162190739223406,2.3562427,0.4146551
2017-11-15 09:00:00,23.335741036262732,26.092194,20.448395,11.853091808141862,18.129726,7.8797255,0.6136342701287869,1.976101,0.029865317
2017-11-16 09:00:00,23.22090749456538,24.21231,21.128326,24.74411993218013,34.22843,15.185464,1.1830360517616323,2.5065382,0.32095832
2017-11-17 09:00:00,23.606955511174135,26.699371,21.127106,36.80404031349469,44.4122,32.494232,1.5506790726937831,3.233472,0.2647098
2017-11-18 09:00:00,20.34775541750048,24.035156,18.03125,28.402005310314888,52.024822,11.72404,0.875971227362915,2.5034697,0.09254228
2017-11-19 09:00:00,20.390468327910924,22.535309,17.852203,13.032295724704948,16.462978,8.11973,1.1264729080839004,2.2921796,0.3706002
2017-11-20 09:00:00,21.52186129697469,22.663239,19.71402,4.914207774883275,6.855606,3.2542467,0.6646783856264465,2.4219158,0.17890857
2017-11-21 09:00:00,24.14129227576433,26.523468,21.945343,15.746348106668382,18.249702,12.147569,0.7931816979313776,1.6135198,0.23776087
2017-11-22 09:00:00,27.549964607480717,30.189606,25.101715,21.05452561354322,25.01086,19.171017,1.3478053088582849,3.1371324,0.14497146
2017-11-23 09:00:00,28.747591032733396,31.312164,25.220367,20.54166846415768,22.637772,18.818455,1.180484390593601,2.4163256,0.0778667
2017-11-24 09:00:00,28.459089642362187,29.972076,24.184967,17.268910910520358,19.71582,13.792766,0.5792379373065716,1.1225525,0.17823637
2017-11-25 09:00:00,26.047147298000027,28.21402,21.83316,12.421919696715616,18.81178,6.4237328,0.40078684933343234,1.1463978,0.10530438
2017-11-26 09:00:00,22.971362200935403,25.226227,18.708649,6.728050122423756,9.9313,4.784971,0.4143026592045074,1.3856881,0.09801096
2017-11-27 09:00:00,22.245692488867576,26.493073,18.155182,13.185093835386297,16.760876,8.612438,1.9437795998762533,3.9385166,0.47421944
2017-11-28 09:00:00,17.241429526890215,19.294525,14.612701,13.381409308686118,21.211216,7.4377775,0.9623922298440128,1.8554084,0.44554996
2017-11-29 09:00:00,18.32943841189268,20.472809,16.146637,19.0491790845029,23.359703,7.374281,1.1221461357353244,2.570887,0.09419435
2017-11-30 09:00:00,18.494215180502465,20.65738,17.18277,23.582851489211482,27.32285,19.19389,0.6839775920242437,1.5723237,0.005705029
2017-12-01 09:00:00,20.076189396195048,21.267487,17.97647,26.90230994735205,33.101295,23.081764,0.5889211746211045,1.1775125,0.2970268
2017-12-02 09:00:00,21.350726362399826,23.005035,18.143707,29.365459361226122,33.869858,22.889389,0.4095597207037471,1.2049482,0.0663046
2017-12-03 09:00:00,20.946363977195574,23.212067,18.460114,26.291838649421894,38.323673,18.059542,0.8965938240697614,1.5989861,0.28426978
2017-12-04 09:00:00,18.106749149325537,23.63028,15.65567,6.9065986702628885,13.8257675,-1.3841362,0.6303247981348873,1.4054091,0.13990812
2017-12-05 09:00:00,16.18945210437346,20.031158,12.433502,13.061663889752854,16.562141,9.566799,2.167847963472778,3.720114,0.9751298
2017-12-06 09:00:00,17.633501725947497,20.241241,14.44632,17.728607481327327,24.635921,13.967954,2.046890142408022,3.634727,0.72120357
2017-12-07 09:00:00,19.626748362272224,23.150238,15.425629,7.315306568878507,13.315172,4.0222034,2.589311589585674,4.895589,0.8269347
2017-12-08 09:00:00,19.971236488754982,23.260406,16.331665,13.842299292370388,15.128568,12.421536,2.9042368441384165,5.2383447,0.8434468
2017-12-09 09:00:00,20.356953234378636,23.179535,17.0643,11.854531697191957,14.72835,9.849443,1.5692073304362022,3.5473554,0.21551962
2017-12-10 09:00:00,21.508307336254234,24.382446,18.048462,9.558742401926725,14.550927,6.5817366,2.2771427698600397,4.5614486,0.46538627
2017-12-11 09:00:00,22.2989751151639,24.517273,19.558289,11.001768518388829,12.248979,9.655229,1.434674664725163,2.8538148,0.36723068
2017-12-12 09:00:00,22.301182926283445,24.24405,19.796783,6.702550821176857,8.71618,4.953947,1.1247818349133574,2.5956738,0.12985039
2017-12-13 09:00:00,22.774195739863615,24.872986,20.697205,6.194413121350494,8.400592,4.879016,1.015834833813521,2.3546958,0.2101824
2017-12-14 09:00:00,22.263998181478428,24.038025,20.032166,7.473449859450693,8.81394,5.075659,0.3794853201057234,1.1867647,0.049569447
2017-12-15 09:00:00,21.46854102309004,23.676422,18.842438,7.663302493670113,13.261413,4.725769,1.882919127934571,4.509222,0.399884
2017-12-16 09:00:00,21.439392501693078,23.076385,19.453339,6.676586736196098,8.52235,4.9481316,1.2559623030026856,1.8589433,0.5843132
2017-12-17 09:00:00,16.0628984352644,18.469696,13.146698,26.072846969291362,34.85328,18.456253,1.516433132151947,2.6770434,0.41857356
2017-12-18 09:00:00,16.92483039249845,20.15683,13.161194,27.38157364715908,30.579613,23.207634,0.9787223005868174,1.8653653,0.515638
2017-12-19 09:00:00,17.00965443439503,18.536163,14.918976,21.946575472410935,25.465069,17.264988,0.402617918820828,0.7712185,0.17239624
2017-12-20 09:00:00,17.49852473118682,18.299713,15.926666,18.34272234343158,21.45112,14.85737,1.1913359082404669,2.0006826,0.5571085
2017-12-21 09:00:00,13.892935985144334,19.351227,10.677399,28.493556368566498,51.254406,12.453625,0.987709467604214,2.53612,0.2545615
2017-12-22 09:00:00,13.165254918060668,16.899261,9.269836,9.866667801173604,13.495093,6.4312,1.529943004140203,3.2845545,0.55235493
2017-12-23 09:00:00,14.732154055890817,17.334503,10.699738,4.5969970905664574,5.9999113,3.370182,1.4613108391766882,2.618342,0.1369208
2017-12-24 09:00:00,16.946778882651188,19.090668,14.84848,4.12414535299984,7.3057003,2.5319138,1.0938141770183594,2.755696,0.16926408
2017-12-25 09:00:00,18.721213154987936,20.025177,16.736115,2.25027816787936,3.2438898,1.1305459,0.477146329203191,0.97512716,0.11494912
2017-12-26 09:00:00,18.354012925232666,19.733917,16.690948,2.7002792994599627,5.8144197,1.005826,0.492642299769159,1.717706,0.12019001
2017-12-27 09:00:00,18.283845227680843,19.895477,16.463837,19.348943376636246,29.379705,10.965643,0.712820972576425,1.629873,0.14584729
2017-12-28 09:00:00,20.797957871729295,23.016327,17.672882,12.868335492504897,14.8626175,10.9719925,0.769344051937821,1.7725494,0.21782124
2017-12-29 09:00:00,22.767140297111496,25.578491,19.574585,9.468895006968868,11.642633,7.600073,1.1244013199284728,2.2586782,0.24991848
2017-12-30 09:00:00,23.915000587835607,25.562347,20.066254,9.114920936471364,10.261518,8.407765,0.33145484377833884,0.8764625,0.037296824
2017-12-31 09:00:00,20.144284100760842,22.022736,17.79422,11.18224086560904,12.667709,9.579213,0.73390422063737,1.5861335,0.075879596
2018-01-01 09:00:00,18.783989526498942,21.149933,16.48587,14.158264857148287,15.854009,12.693852,0.7273343095117235,2.504903,0.22803357
2018-01-02 09:00:00,20.059882708503494,21.697113,16.986176,8.780735934335377,12.384619,5.1728973,0.837319103527702,2.306954,0.15233153
2018-01-03 09:00:00,21.58973641711026,24.000305,18.420227,15.058327519707566,17.904297,12.602813,1.0661011854559939,2.4867117,0.2728729
2018-01-04 09:00:00,19.89505862365769,21.556946,18.023743,18.014987229345124,20.717253,15.158782,0.33929352422918413,0.86632234,0.030745884
2018-01-05 09:00:00,21.017671147066494,22.13559,18.959808,26.96292170846175,40.388866,17.343075,0.9058986128705606,2.313442,0.33046457
2018-01-06 09:00:00,20.08576318906165,22.501282,17.827454,23.807128497610698,28.56532,16.270767,0.9994740864875693,2.5116076,0.20706125
2018-01-07 09:00:00,18.982983541356077,23.24002,16.765411,47.52672663429587,54.693916,42.010323,0.7676711514144328,1.576181,0.056069523
2018-01-08 09:00:00,19.233768954806976,21.287445,17.849945,48.70052746641829,55.16483,36.8584,1.0256769969023967,1.6130912,0.37370437
2018-01-09 09:00:00,17.704240468461535,19.98288,14.596161,68.8372586262648,81.4581,58.377567,1.7436148194841394,4.5345654,0.26195356
2018-01-10 09:00:00,12.189714545191407,15.204193,8.590912,84.70245146917802,99.10721,64.79024,3.4115210582362705,5.9691377,1.48035
2018-01-11 09:00:00,15.753193948575813,17.350891,13.843903,24.183014369860373,29.958334,17.223959,0.5323973856655401,1.205774,0.16103686
2018-01-12 09:00:00,19.237086403593594,21.047028,17.23352,17.40188397379371,29.271088,9.740762,0.6643275552538933,2.323934,0.1852315
2018-01-13 09:00:00,20.807636587183595,23.393707,18.366364,13.456723992660894,19.18988,8.934917,1.8995815632132864,3.52238,0.2824493
2018-01-14 09:00:00,23.21391906965698,26.38089,19.732452,15.995524208751757,18.544329,12.774331,1.7280164532101943,2.9349582,0.21235159
2018-01-15 09:00:00,22.16168809549987,24.147797,19.891937,17.256213170061013,20.23022,14.69234,0.25700893600241315,0.48241347,0.052430004
2018-01-16 09:00:00,18.79926284506763,22.054535,17.035004,15.566461547123158,20.875278,11.580842,0.4893994725222215,1.1906648,0.09791219
2018-01-17 09:00:00,19.732495147725615,21.826935,17.947174,22.183233085322804,26.242355,18.233482,0.6574222401421675,1.3185915,0.10926231
2018-01-18 09:00:00,21.245293573982053,22.777496,18.597809,24.098888440165325,27.279663,21.1156,0.8815907337849893,1.8542275,0.25230563
2018-01-19 09:00:00,19.46650486439694,21.765411,17.03299,29.347362002342784,33.27652,27.094025,0.9710017481993941,1.6292313,0.5225716
2018-01-20 09:00:00,15.504832616535793,21.209015,12.4375305,68.02506760247545,82.586395,51.9228,3.53086235791706,6.003195,1.5694675
2018-01-21 09:00:00,12.024756491964354,14.793182,8.631592,28.657742220720884,40.16282,16.545021,0.9654307942385412,1.8090522,0.23474336
2018-01-22 09:00:00,14.248819660006063,16.003235,11.718079,14.795427403330603,20.08509,8.710092,0.9124657142393638,1.6449217,0.15647401
2018-01-23 09:00:00,16.337686512380913,18.414581,13.576782,16.430694276197638,20.374378,13.100942,1.35798377827923,3.2294195,0.20768417
2018-01-24 09:00:00,19.045097861893396,21.207764,15.94693,9.164046092104515,14.597447,5.8373747,1.7955622707982668,3.4732513,0.26776543
2018-01-25 09:00:00,20.10345071686322,21.933563,17.453094,9.163734798732646,12.428505,5.0647936,0.9987121375672456,2.1972198,0.37035468
2018-01-26 09:00:00,13.490236812970409,17.439972,10.730988,38.008459866864946,57.87223,25.430826,1.335607301735767,2.956879,0.582267
2018-01-27 09:00:00,16.030055572321032,17.67154,13.436554,8.263958167211817,11.057532,5.9012823,1.2834951226552607,2.8230066,0.11311943
2018-01-28 09:00:00,21.144534923692333,23.634186,18.177155,11.736816578768655,14.118249,10.29403,2.30114853460697,4.890174,0.34577563
2018-01-29 09:00:00,23.938936964998163,27.84201,19.845673,11.390627679499467,16.293404,6.6963053,2.3518021854880984,4.539303,0.43135744
2018-01-30 09:00:00,24.182230399837465,27.857544,20.52356,9.952922641229161,13.393175,6.8858986,1.7289967058135205,3.0165718,0.045982134
2018-01-31 09:00:00,24.163111703187838,25.71988,21.24527,9.051363720021135,12.044071,7.34239,0.32811923850478875,0.8076935,0.079436354
2018-02-01 09:00:00,22.950460001607553,24.08786,19.888641,14.27206805541679,16.739254,12.642543,0.29275657054329435,0.941837,0.0038162323
2018-02-02 09:00:00,22.724705429043922,23.984497,19.632935,14.620739189717833,18.25805,9.359613,0.6509404182155214,1.4075067,0.24089421
2018-02-03 09:00:00,24.119780278812982,25.881561,19.584686,16.479910693196558,19.266693,13.547275,0.5137679952938299,0.98667735,0.14441223
2018-02-04 09:00:00,23.71506156695841,26.459778,19.963684,18.565548515301415,20.990368,13.954305,0.5679180552263527,1.6424452,0.05259436
2018-02-05 09:00:00,24.34767607272437,26.982513,20.062592,19.77370619393773,21.815788,18.214777,0.4777010241076799,1.2065532,0.010729688
2018-02-06 09:00:00,21.805270672885456,25.292267,18.030548,17.79114933440345,20.952343,15.848355,1.0166539953999623,1.8024248,0.42426914
2018-02-07 09:00:00,21.967569554624788,25.177399,18.543732,12.636929785761405,18.40514,9.147326,1.3945952841166072,3.4650064,0.36923993
2018-02-08 09:00:00,22.199389787131793,24.502655,19.7388,7.28934209101708,8.74977,4.632696,1.1155338839150732,2.6254926,0.12401507
2018-02-09 09:00:00,24.183168144947217,26.24884,20.194153,11.530325713578135,14.687377,9.758331,0.4521783182369038,1.4644178,0.12763204
2018-02-10 09:00:00,20.970135334702945,25.392426,16.867035,13.66082012502586,17.458424,9.869652,2.1570312455058587,3.8792646,0.9218299
2018-02-11 09:00:00,17.709409345865083,24.37027,14.457428,12.879910362773265,23.76347,5.7595625,0.8089483051382036,1.6397903,0.39734632
2018-02-12 09:00:00,17.590994169466967,19.926392,16.402954,35.08690057666803,65.7845,9.10872,2.987037583286364,4.5378647,1.3568988
2018-02-13 09:00:00,13.09672596608226,16.010864,10.227203,78.93763009296994,90.48516,63.860302,1.4172083056522624,2.4310584,0.89318544
2018-02-14 09:00:00,15.853585054957648,18.177643,12.929749,63.68471394331106,73.41344,56.228012,0.9958644588197906,1.3725556,0.25896317
2018-02-15 09:00:00,16.411273687528762,18.207916,13.014557,67.61799380993399,75.918304,56.265427,0.6786182701422951,1.2426249,0.16852596
2018-02-16 09:00:00,17.533264952574825,20.193146,14.390411,30.823502438669387,34.623646,23.510365,1.4933010236195574,3.1417725,0.26109713
2018-02-17 09:00:00,19.352738330630473,21.191864,17.551239,13.901027625931071,20.465424,7.9497995,0.7154565551068558,1.5214968,0.25263906
2018-02-18 09:00:00,20.15861762261744,21.482208,18.999786,18.87100235832762,24.358788,12.9916,1.3933331436305485,2.362866,0.84161085
2018-02-19 09:00:00,16.226389183388733,20.609406,13.0000305,51.91712887640251,72.656815,28.569668,5.0855080579858045,8.250615,3.7144008
2018-02-20 09:00:00,9.428230819265423,12.600128,5.3907776,27.125718635961803,37.762234,19.11539,2.327163276347585,3.4373603,1.6073284
2018-02-21 09:00:00,11.467360478398462,13.119171,8.780365,30.6819291200181,40.66088,21.59105,0.9227039078268175,1.3244,0.33050275
2018-02-22 09:00:00,10.294446428358299,13.654266,6.3788757,59.17712739784617,67.08583,42.507053,1.6745343570973779,3.4321783,0.8846416
2018-02-23 09:00:00,10.459850214916798,13.790619,6.169525,72.1908154541797,90.577835,31.275581,3.9426542951401493,6.017235,2.2869473
2018-02-24 09:00:00,10.824613673739691,13.7291565,7.223297,18.922755557248927,30.176895,10.171977,0.7860201782821483,1.3706824,0.4920277
2018-02-25 09:00:00,14.038025361977134,15.695953,11.469391,21.72454608302797,29.781559,15.789372,0.7318057069581494,1.6639048,0.29725525
2018-02-26 09:00:00,15.617981955085156,18.810944,11.391022,24.4257554220448,27.701832,20.704002,0.48081744615435207,0.9269284,0.122601144
2018-02-27 09:00:00,14.363928172948533,18.231354,11.043854,41.34624679244585,60.109905,27.793499,2.962551923919095,5.1775007,1.4907855
2018-02-28 09:00:00,10.537326991037105,12.54361,7.598297,57.160424344340534,66.837204,48.38571,1.5214206898653642,3.2127192,0.33097363
2018-03-01 09:00:00,13.294276426746421,17.325592,10.982574,22.49538795768797,34.897243,7.155057,1.2250991324865264,1.5520716,0.7627852
2018-03-02 09:00:00,14.406718647373737,17.948883,11.601471,38.13124382498769,49.804302,23.230234,1.3249828327649158,2.4227927,0.6728455
2018-03-03 09:00:00,15.030952613198394,20.622711,11.239899,75.4720139901489,93.449646,51.796806,2.598298514404126,4.588614,1.6489521
2018-03-04 09:00:00,12.084463513690082,15.941803,7.7308655,54.52156337102058,73.00602,32.670082,3.1018605791012,5.488986,1.7923855
2018-03-05 09:00:00,16.597218947135673,19.063385,13.311432,16.712025829405345,24.331522,9.502219,1.9775741319958653,3.2808537,1.1396798
2018-03-06 09:00:00,19.24525078820858,21.665924,16.591705,10.252173544839158,12.734076,8.175482,1.5544887078115581,3.185749,0.5661123
2018-03-07 09:00:00,19.970354417512624,22.142975,17.32071,10.923077341755356,14.405863,8.525535,0.717653140434382,1.7494082,0.1836844
2018-03-08 09:00:00,20.129124970729606,22.332184,17.945465,8.512439684410143,12.948631,4.073985,1.0088014820800122,2.2511964,0.38010833
2018-03-09 09:00:00,20.43247813506497,24.946686,17.333405,22.983399091940992,28.91477,13.988989,1.3995688511948938,2.4699903,0.61221147
2018-03-10 09:00:00,18.41285160957193,26.279938,16.28775,58.46018361016504,64.87741,39.349422,1.5772852522062761,3.8213842,0.5820739
2018-03-11 09:00:00,15.228466507081976,18.660553,12.066803,90.9632419237591,96.168945,82.97754,2.090764203208162,3.917088,0.22806421
2018-03-12 09:00:00,19.388182648591908,22.481354,17.420807,46.97893574206056,64.523346,31.062407,0.6517768597181988,1.3103722,0.14925057
2018-03-13 09:00:00,20.352232084116054,25.882965,16.978668,39.071436826762536,43.03957,31.707539,1.4308741124973963,2.291424,0.9065001
2018-03-14 09:00:00,18.307144482095453,25.893951,15.72403,71.99749431768996,87.24938,44.89782,2.892084506754835,4.619678,1.9400367
2018-03-15 09:00:00,14.682040297373248,18.856354,11.0868225,63.982467235017,89.7571,16.825037,4.6825021529854505,7.1660557,2.8405716
2018-03-16 09:00:00,12.865558893043271,17.94693,8.749664,26.84807829423293,53.629642,10.197256,2.200819913460848,4.197737,1.2363145
2018-03-17 09:00:00,12.864349846226276,17.845123,9.181061,74.9204675456571,88.666214,52.705273,2.90530523114825,5.3232193,1.9974201
2018-03-18 09:00:00,12.554204912300804,15.697876,9.228424,59.00352409042681,80.17684,30.598715,2.361630949641338,3.8940496,1.7549388
2018-03-19 09:00:00,16.618208244432196,18.201569,14.2565,22.937448555309327,25.88491,17.436409,1.290503807799372,2.3078396,0.30449316
2018-03-20 09:00:00,19.025998769315493,20.828278,17.186432,15.834985862810772,21.619411,11.663385,0.6275219415813846,1.6246637,0.032256003
2018-03-21 09:00:00,20.98960144186134,24.303375,18.783844,13.316688872906829,27.024841,2.4232798,0.9468806179230136,1.7942498,0.2852254
2018-03-22 09:00:00,21.76715813251559,26.612457,18.956207,47.62532876099582,63.471813,36.11244,0.8777494150767517,2.5785244,0.15418734
2018-03-23 09:00:00,17.441519208791476,21.920563,13.645172,70.94636844928266,88.24071,57.855747,1.6397930542063026,3.419709,0.757342
2018-03-24 09:00:00,17.578693622987828,24.131744,15.0555725,29.94391739757502,47.030807,4.7990446,2.4993400799027263,3.7119486,1.7221715
2018-03-25 09:00:00,13.910479785404618,19.536041,10.241119,39.79514049494122,68.324295,10.050963,2.9836650565514127,5.4660115,1.9796999
2018-03-26 09:00:00,13.55098124632002,19.131256,10.375397,47.17573337763317,73.09509,13.632039,2.015685265612917,4.134022,0.8817186
2018-03-27 09:00:00,17.00488054113265,20.42569,14.505768,19.02828632690011,32.48477,11.410551,1.2010614742700076,2.0421453,0.725396
2018-03-28 09:00:00,20.021719442214987,22.94522,18.220123,16.195243606180064,22.488932,7.9587927,1.1404733515234482,2.0130775,0.46068984
2018-03-29 09:00:00,21.963560130311464,27.652985,18.520172,21.435794732333985,25.098482,19.176607,0.9719780262920453,1.9734458,0.42770743
2018-03-30 09:00:00,23.750026348561335,28.736725,18.938385,17.2756085184698,20.446878,15.093674,0.7638747102848455,2.5068727,0.07054594
2018-03-31 09:00:00,22.889142396060606,29.376862,17.826324,9.535855192887215,13.767757,7.3220577,1.0588459209890833,2.4997945,0.34606186
2018-04-01 09:00:00,21.088913537210942,29.146881,16.816803,13.722596880481946,17.556953,8.506172,1.851852113766682,3.6094222,0.9938048
2018-04-02 09:00:00,19.77326313157357,28.716705,15.878815,21.688100263116652,27.99815,17.892681,2.291811685739336,4.3137608,1.3710811
2018-04-03 09:00:00,19.79077958044087,26.442291,16.621002,34.27862180632583,46.395264,23.658573,1.933452362924269,3.4913116,1.2836145
2018-04-04 09:00:00,20.866549682450056,27.546295,17.003326,16.553880985909085,24.031965,8.008529,1.552063969482126,3.095813,0.48430842
2018-04-05 09:00:00,20.667869247223848,28.805084,15.725006,14.17855190600885,25.042017,7.3224444,1.8328591579269593,3.2966561,0.8481101
2018-04-06 09:00:00,20.831294693682935,30.495758,16.832611,21.746106947266615,31.52033,12.960672,2.311021190539282,4.7275567,1.1116455
2018-04-07 09:00:00,21.649974215386976,29.713196,18.330719,55.374395247637445,68.09619,41.932125,2.9428672660866,5.3736515,1.684654
2018-04-08 09:00:00,21.326222527461653,28.823395,18.53238,20.109474562510574,36.654823,3.337182,2.5160693255962645,3.9295127,1.6301111
2018-04-09 09:00:00,26.759255437701654,30.935944,20.917145,7.292407603902533,10.768986,-0.37667614,1.1127271872899884,2.4951313,0.20719406
2018-04-10 09:00:00,28.099792488013236,31.223785,22.42276,10.252488220975753,16.176186,7.511229,0.6923476100859662,1.7826376,0.019410765
2018-04-11 09:00:00,27.444384811429984,33.123688,22.039703,10.35597062875171,12.352681,8.425836,1.9366040962126585,3.255433,1.1426758
2018-04-12 09:00:00,23.455828674495763,31.563385,18.434479,17.09068308673794,31.263409,7.122471,3.9438447164267285,7.058102,2.6125612
2018-04-13 09:00:00,19.782510086649438,22.778473,15.274567,12.563067229367132,14.989,9.559313,1.4812226257002639,3.5244715,0.5284812
2018-04-14 09:00:00,23.60580843285095,27.02066,20.28238,10.654662661055935,12.217272,8.721178,1.653092388339278,3.605352,0.29034278
2018-04-15 09:00:00,25.103694250729177,26.69693,22.220367,8.20470811541118,10.069968,7.0282984,1.3671436508827135,2.796642,0.6323206
2018-04-16 09:00:00,23.966137257261153,30.576813,19.66861,16.532046239544,19.899897,11.313959,2.8763308270141006,5.0316143,1.9221785
2018-04-17 09:00:00,15.796414064719158,19.68985,13.909821,30.34010103907443,40.71723,14.045359,3.0056504081128814,5.194324,1.6841834
2018-04-18 09:00:00,19.21860169222947,22.011627,16.857574,19.693409081921857,23.44683,14.028863,1.1601493534422707,2.3949697,0.08823703
2018-04-19 09:00:00,18.359807158534693,24.497223,15.512848,23.448660216105935,39.794598,4.579754,3.3488077966080567,5.2906227,1.989409
2018-04-20 09:00:00,18.722590088830998,20.77237,17.071198,35.5108769493963,40.43888,32.12638,1.7895213996143735,3.4557228,0.69109595
2018-04-21 09:00:00,23.997322710357594,26.11148,18.85611,20.7005319700199,22.362179,18.70269,0.9808384463710393,3.0576575,0.15531893
2018-04-22 09:00:00,25.1982483252375,29.464996,19.271637,17.371601883155446,20.101553,14.097647,0.9620435833486333,2.193032,0.18369809
2018-04-23 09:00:00,24.68683208954957,31.714508,19.132477,15.075238760729903,17.723604,12.9792595,1.4445069207740466,2.5225348,0.64137864
2018-04-24 09:00:00,24.208712635574727,32.87784,17.243073,10.624056273217192,16.344439,5.1360397,1.6565886204592881,2.8665254,0.6505755
2018-04-25 09:00:00,23.135890352012552,32.63614,16.830719,10.88685530075146,17.98848,7.1258955,1.9211420210434405,3.128877,1.1183577
2018-04-26 09:00:00,23.228691582788656,32.67105,16.78238,16.093403649999054,21.927683,10.167249,2.1774698385440656,3.827932,1.4076225
2018-04-27 09:00:00,22.326771609096227,32.939606,16.09195,12.448321707279256,21.519337,4.1666555,2.3669799019570203,4.1262164,1.3923774
2018-04-28 09:00:00,21.089119075310123,31.605377,16.698395,10.408837907246413,18.782509,3.270791,2.445385116284185,4.800481,1.4861629
2018-04-29 09:00:00,20.05420547385603,28.359772,17.441803,22.502407531832258,42.743855,5.532917,3.2291292851422306,5.707475,2.3098354
2018-04-30 09:00:00,17.229488419634663,24.231598,14.460114,49.62234208157905,73.52685,28.229975,3.560212042797054,5.6631007,2.7674894
2018-05-01 09:00:00,14.288714270228411,20.557281,10.488922,74.60019805238198,94.066635,43.908195,3.9210190930704587,7.070668,2.8908157
2018-05-02 09:00:00,12.217894363676464,16.23819,8.303131,82.2222944319015,95.16883,53.240803,3.093856408123033,5.1476064,2.1769357
2018-05-03 09:00:00,19.41345074866331,22.398346,16.464752,35.819830577171075,44.086895,27.832989,1.3749677414911081,2.7711632,0.39927042
2018-05-04 09:00:00,25.73419940261715,28.121979,20.899323,23.626770017822462,27.458298,19.329391,1.4839108998880537,3.952062,0.3962193
2018-05-05 09:00:00,27.58848551893516,31.542633,21.218658,15.110666213414833,18.239166,11.010529,1.4300462207843523,4.1022887,0.15436375
2018-05-06 09:00:00,28.587968946133515,34.54654,21.54654,12.277894080549682,15.243016,9.100302,1.4551514165034005,4.147702,0.28188893
2018-05-07 09:00:00,25.902758846304096,35.517487,18.208649,5.6715488513264996,9.002506,1.6761416,1.814044391312375,3.227481,0.85102177
2018-05-08 09:00:00,24.873075933866858,34.238922,17.342438,4.606457727242181,8.88596,-2.0370464,1.5753261504772988,2.5986264,0.65579194
2018-05-09 09:00:00,26.234863507821558,35.71939,17.742828,11.227772286711506,12.934596,7.66432,1.6226802348123297,2.3388095,0.7117451
2018-05-10 09:00:00,26.69047199163822,36.779694,18.16446,10.454920625682016,16.41372,6.144188,1.8931693069772813,3.2402942,1.1258861
2018-05-11 09:00:00,23.347822684504308,33.550934,17.478668,18.465638085333364,33.665276,9.196524,3.2846712865563847,5.6360946,2.189311
2018-05-12 09:00:00,17.28728614310495,26.452301,14.64566,50.66696196324997,73.310104,19.063316,3.6561883352807105,6.2750926,2.4309206
2018-05-13 09:00:00,17.477250552499186,24.466461,15.335358,60.765721546628406,85.43986,28.103918,2.660945857331362,4.4310083,2.066955
2018-05-14 09:00:00,20.34043937100455,27.181305,17.974274,41.27987334193093,61.35641,18.418911,2.1976296528555967,3.2373002,1.2439991
2018-05-15 09:00:00,20.919854908775847,28.508942,17.506989,21.184387477486805,39.265762,6.070451,2.278819145946106,3.3519928,1.2723175
2018-05-16 09:00:00,21.946341941770697,30.751373,17.239655,9.619655895812263,28.482218,-3.3903751,2.2883267830912457,3.920721,1.3357761
2018-05-17 09:00:00,22.078296375135324,32.04825,17.669342,14.566792476771335,30.654404,3.9690495,2.7574663830974804,5.0738087,1.8421422
2018-05-18 09:00:00,18.63065646362685,27.66153,16.39981,16.413476849145095,31.727497,-0.3514843,2.93431576437731,5.0373087,1.9672265
2018-05-19 09:00:00,20.099216877325148,29.820465,16.697418,36.35776900383761,48.13339,21.453701,2.299529323313387,4.196998,1.4992275
2018-05-20 09:00:00,21.186583562528654,30.450104,17.106354,40.433829818261884,54.423054,20.496378,2.2676865907683705,3.6135483,1.5196273
2018-05-21 09:00:00,20.184257554446617,29.55606,16.58731,33.79648964216186,50.478096,12.669504,2.900061509574361,4.7706,2.049841
2018-05-22 09:00:00,18.36622696296189,26.123932,16.01651,50.77032468722731,73.62486,20.200413,2.6406245504752976,4.352228,1.9261975
2018-05-23 09:00:00,20.283148506057557,27.959625,17.069,48.90828718070419,58.76904,35.59407,1.9549501728109109,2.531964,1.1113507
2018-05-24 09:00:00,21.941978423822263,29.535309,17.826324,40.205605120857975,52.88945,26.86365,2.1093525974160805,3.1011436,0.70423317
2018-05-25 09:00:00,20.2525986740892,29.339752,17.079987,29.180189202259562,40.195606,10.4807625,2.796355549934709,5.0313473,1.961386
2018-05-26 09:00:00,19.423472004510643,26.60318,16.810211,52.077094605346055,72.58358,24.152336,3.593924456038535,5.935857,2.6284668
2018-05-27 09:00:00,19.66758114152367,25.282135,17.248932,45.20899622983029,53.429604,31.153318,2.4833330116957266,3.9611132,1.7499336
2018-05-28 09:00:00,23.360875406440925,30.209137,18.375153,27.873318938324203,37.053364,19.053434,1.766837744727602,2.6731226,0.9327656
2018-05-29 09:00:00,25.29255053685648,34.723053,17.94571,22.32852855011485,32.990517,13.18435,1.3613883687162998,2.605299,0.5067717
2018-05-30 09:00:00,23.0976952039249,34.358063,17.490875,31.10715276789586,42.649803,9.853318,2.4550944611832253,3.600809,1.3861047
2018-05-31 09:00:00,22.27167167812331,32.95938,18.125397,39.36061707801144,60.878025,15.983023,2.702415583271114,4.705529,1.8493968
2018-06-01 09:00:00,23.281547133189235,30.468414,18.411774,7.191142681413546,13.058713,0.7579317,2.107294625956301,3.8194287,1.2388661
2018-06-02 09:00:00,25.25485536603867,32.648834,19.066315,18.103954809316175,22.542992,10.805346,1.4981034441052057,2.776423,0.47142798
2018-06-03 09:00:00,28.437018253272356,36.200104,19.955963,13.574746949546972,19.826557,4.974057,1.4227392447311227,3.1448042,0.4083999
2018-06-04 09:00:00,29.089968358407873,39.25284,19.481354,10.22301857824288,14.874207,-0.06329346,1.5026940132709607,2.7893593,0.593769
2018-06-05 09:00:00,26.94045560409762,38.35196,17.584381,10.624721198184538,13.815306,6.7085276,1.8712298307768807,3.0595603,0.76896036
2018-06-06 09:00:00,25.004705916078365,35.46768,18.092682,15.787397323891716,25.779682,7.127841,1.9223270599877904,3.3792095,1.1098827
2018-06-07 09:00:00,24.752750036349028,35.218414,18.07779,7.925707856209457,15.930258,3.0396328,2.2564681547322567,3.9878678,1.3824998
2018-06-08 09:00:00,27.199612776063304,34.819244,20.362457,8.73179268500434,11.334413,5.645508,1.623258758258075,2.8186667,0.7197109
2018-06-09 09:00:00,28.094310989799908,36.00821,21.213287,8.46311879277359,11.251905,4.8193626,1.710745092508563,2.923341,0.88629866
2018-06-10 09:00:00,27.204284787417805,36.177887,21.230621,8.832425603585714,14.604286,3.7292862,2.451932057921427,4.7125554,1.5226808
2018-06-11 09:00:00,27.190816312774587,35.59195,20.394684,8.359340008463382,11.418577,4.6322584,1.470008002107036,2.486109,0.82798886
2018-06-12 09:00:00,29.095223619389856,36.840973,21.325348,10.934802692611315,13.885853,7.780429,1.354111999145692,2.4363303,0.33745006
2018-06-13 09:00:00,29.394804118693912,38.410797,20.635895,11.651136554098931,15.229575,8.511605,1.3448595261171823,2.3449743,0.48319712
2018-06-14 09:00:00,29.007536349186694,38.799957,20.903473,10.425147979943816,12.916445,5.6273823,1.656879720109147,3.4186943,0.8396434
2018-06-15 09:00:00,28.988911321920284,37.096344,21.178375,14.912444316547344,19.942036,10.048682,2.026800285364973,3.2021277,1.1066035
2018-06-16 09:00:00,26.12968113592933,34.28531,19.740387,22.348806036773126,39.0549,11.256965,2.525926759054571,3.6329284,1.7012979
2018-06-17 09:00:00,20.36714726764808,30.645905,17.491608,31.693756294932115,50.072224,10.294879,3.322938054732141,5.8251905,2.0658615
2018-06-18 09:00:00,22.386578970350513,29.073395,19.147125,20.078963948338444,35.37653,3.656187,2.6893026102333213,4.4204693,1.8170327
2018-06-19 09:00:00,24.971252954020088,32.2482,19.193512,20.211930191429552,28.29768,10.044005,2.0048061847771703,3.9245017,0.8102485
2018-06-20 09:00:00,27.27876040698453,36.10269,19.327301,17.17769474713614,24.17245,11.321668,1.0668330656596805,2.3656204,0.079353854
2018-06-21 09:00:00,28.023604346158777,38.616364,18.93277,13.18878123462399,18.582478,1.6811419,1.3405399327127163,2.435765,0.55435777
2018-06-22 09:00:00,28.606048612410632,38.413727,19.145416,7.836086084074786,13.7458515,3.072791,1.6342716768979004,2.548388,0.69597733
2018-06-23 09:00:00,30.454578487588662,41.366608,20.46231,4.563648142805467,10.640387,-1.707717,1.9192526791654936,2.938955,0.86976403
2018-06-24 09:00:00,25.902766244242628,38.096832,18.67276,11.557940331306598,15.771077,5.221117,2.035623346220649,3.3486128,1.062015
2018-06-25 09:00:00,27.821617082929095,36.99185,19.78897,4.323871339509236,7.083704,-0.4029398,1.7035910138645036,2.6695836,0.77327794
2018-06-26 09:00:00,28.444102468178016,38.083405,19.925201,3.114575692476593,4.8802795,0.68395805,1.904780993603086,3.4150746,0.8689421
2018-06-27 09:00:00,28.879788705497447,39.419586,20.13443,3.3885971635262218,5.4618864,0.2681532,1.9569462797086148,3.3470514,0.9409101
2018-06-28 09:00:00,28.516371080076283,38.98477,20.404694,6.952869810333331,10.755274,3.8294926,2.323436883292932,4.4879317,1.1663667
2018-06-29 09:00:00,25.842558385575046,37.125397,18.87735,11.041083076771391,19.329514,4.599226,2.6825995364428827,4.988943,1.534754
2018-06-30 09:00:00,24.997923114374657,34.098297,19.158844,22.67836083561135,28.593132,14.175163,2.107430959032257,3.354733,1.0842428
2018-07-01 09:00:00,26.023524773851022,34.81021,19.499908,20.685641356202424,29.44802,8.116375,1.389266274029436,2.4391394,0.47415623
2018-07-02 09:00:00,27.388249678782586,36.657623,20.522858,12.522795979179769,22.102192,4.680889,1.7719878576729267,2.933277,0.6735423
2018-07-03 09:00:00,27.783670573854465,38.137604,20.537994,9.65292153209454,15.548201,4.114607,2.160519774086701,3.5769928,1.3790886
2018-07-04 09:00:00,27.504800324805842,36.570465,20.739899,22.019202092104916,27.937546,18.33126,1.9832359946321323,3.4077272,1.1877712
2018-07-05 09:00:00,31.140228428973728,37.02188,22.726227,6.824780786620356,11.028241,3.3563662,1.5131995766197106,3.5632267,0.28575486
2018-07-06 09:00:00,36.19583464854958,40.88565,25.928864,7.301444954391102,10.17667,2.4813576,1.4036402011585305,3.3360703,0.5731119
2018-07-07 09:00:00,36.91115262253987,41.538483,27.71231,19.53513655512697,21.919302,16.17624,1.3024184209365417,2.4892879,0.13702446
2018-07-08 09:00:00,34.038244745237705,40.51065,27.407135,26.427836075850657,29.545643,21.530472,1.8042217370544567,3.5455701,1.154773
2018-07-09 09:00:00,33.1009440351541,40.642,26.841217,28.04899035794135,34.658966,20.752718,0.6749453916392122,1.5892441,0.094962075
2018-07-10 09:00:00,30.668414975301403,37.43033,25.26236,39.187627001841456,47.67551,28.583694,1.26485874203293,2.6068058,0.25406197
2018-07-11 09:00:00,28.17409172772028,32.553375,24.362701,54.249412550603765,68.29339,39.016476,0.8748959830259203,2.1250648,0.14574936
2018-07-12 09:00:00,28.039119155858828,33.832428,23.937408,49.41465976563638,59.66918,39.735226,1.0998933251604746,2.2251098,0.31619832
2018-07-13 09:00:00,28.575789428490793,34.297028,23.951324,43.17085567884199,51.99651,34.323097,1.3944971037487848,3.0056055,0.41866758
2018-07-14 09:00:00,28.77345429788744,36.03482,22.907135,42.793320236666666,46.498337,35.143063,1.7484229579272874,3.3552377,1.0277205
2018-07-15 09:00:00,29.650910608018137,39.14859,23.0607,32.25362264828256,35.517075,29.371372,1.7522271092136394,3.195781,1.0848312
2018-07-16 09:00:00,29.454250322754888,38.707672,22.533844,26.836074031136842,33.47356,18.33852,1.770019339941392,2.7265813,0.67536217
2018-07-17 09:00:00,29.767968218752515,39.725983,22.597076,31.114831681775645,35.32016,26.44607,1.6647073815519393,2.7696962,0.9307395
2018-07-18 09:00:00,28.720468197228968,36.95523,22.197418,44.288313688289975,51.717846,33.053783,1.057993009197545,2.7895505,0.14007393
2018-07-19 09:00:00,28.921975428782105,34.829987,23.469147,54.32273911298186,63.71404,46.12973,1.7233518081203525,2.9810078,0.37474102
2018-07-20 09:00:00,28.07503426837593,36.384674,22.812408,57.3640092438417,70.743835,35.52118,1.5182815268435526,2.4947207,0.5027467
2018-07-21 09:00:00,28.17627495106342,37.187164,23.304352,54.13489833576436,62.37119,36.803326,1.6317200337423685,2.883677,0.5067893
2018-07-22 09:00:00,30.153806113006,35.65152,24.196442,44.87032564583605,55.64533,36.89533,1.5997166781546914,3.7992744,0.4783296
2018-07-23 09:00:00,32.73037362129776,40.05313,24.613678,20.305359815911768,24.609398,16.906273,1.4671033855167919,3.8229935,0.5218557
2018-07-24 09:00:00,33.65688271687014,42.492584,24.617584,16.246418766513123,19.592604,13.191649,1.2436890098429927,2.7665582,0.58177125
2018-07-25 09:00:00,34.261718721962495,44.01651,25.075104,17.91801473033483,22.062284,9.120624,1.5571781107234322,2.7050402,0.74936557
2018-07-26 09:00:00,31.94355551649045,41.722076,23.886139,17.562393517627655,20.663063,12.85468,1.5739707015710673,2.3900354,0.71466994
2018-07-27 09:00:00,32.05356359140916,42.444977,23.250153,15.130821250701723,18.594662,11.12909,1.2967849991158606,2.0397975,0.7936367
2018-07-28 09:00:00,32.34745767045172,42.12491,23.589752,13.769443977851306,17.850933,11.156798,1.3218689278694808,2.6030774,0.27033287
2018-07-29 09:00:00,31.427605732781615,38.157623,24.919342,27.499060659139033,44.819595,12.378191,0.9056601061582232,1.7124515,0.07497215
2018-07-30 09:00:00,30.995843591523908,35.739166,26.454498,47.223841932110446,52.26151,37.14036,1.270009945293877,2.0936294,0.74517
2018-07-31 09:00:00,31.960702321317626,39.285553,25.581696,37.22309559253532,43.59362,30.517555,1.467796816971598,3.1289852,0.34911218
2018-08-01 09:00:00,30.945944877791078,38.706696,25.53775,40.04285158410749,45.89082,25.15913,1.4723341028584154,2.5736692,0.58553225
2018-08-02 09:00:00,31.21153886676825,38.880035,25.204742,42.22663896649611,45.689888,37.994576,1.808777604188883,2.7434845,0.9373266
2018-08-03 09:00:00,31.077569152465742,38.5856,25.538727,29.313075785679136,34.277267,21.463928,1.5651854719472826,2.8528876,0.83729416
2018-08-04 09:00:00,31.4089456484636,40.551666,24.561432,20.91719583443743,24.935898,15.474961,1.858420859590799,3.1988463,1.0281845
2018-08-05 09:00:00,31.421745442675387,41.40689,24.782867,10.792222778817237,13.773723,7.111273,1.7989850862727979,3.46778,0.96438575
2018-08-06 09:00:00,33.053058504774526,41.361237,25.818268,6.291046984270464,8.859102,4.085203,1.3971605068449138,2.2748697,0.603116
2018-08-07 09:00:00,34.091609644558844,41.61148,26.556793,10.866217173541138,14.741951,3.9017048,0.9292978079343225,1.8618938,0.24553435
2018-08-08 09:00:00,34.673153618621086,41.915436,28.127594,14.650987189251097,27.060328,2.3831902,1.2148860458110267,2.4096859,0.3954907
2018-08-09 09:00:00,33.510450874678895,37.448395,28.246246,27.080810176620616,44.107788,8.888509,0.9298417960851119,1.772721,0.387923
2018-08-10 09:00:00,31.174852594723063,35.34268,28.30777,46.02703769966545,54.01837,33.05047,1.4648575477166763,2.404252,0.21130277
2018-08-11 09:00:00,30.297171677693655,36.319977,27.907867,46.16791281113639,55.352253,36.75279,2.330490893483394,3.402168,1.7142202
2018-08-12 09:00:00,29.999782310178148,37.277252,26.63272,39.64047410721076,49.880333,23.4734,2.334223369718301,3.565174,1.0053344
2018-08-13 09:00:00,29.031809328086126,36.610504,25.42691,35.686006425663244,43.531433,22.023115,2.2019114497489922,3.1789522,1.3468812
2018-08-14 09:00:00,28.541170539268478,36.91031,24.031403,34.57562908894738,39.74029,28.964787,1.9341261986211369,2.7590837,0.77013624
2018-08-15 09:00:00,28.66255896297116,37.52603,23.457672,38.92451255465014,45.0585,26.536953,1.663596275868839,3.0966706,0.8310031
2018-08-16 09:00:00,28.276164537059685,33.620758,23.86734,50.57999400522295,57.588573,41.4506,1.318725589434824,2.4967954,0.37474543
2018-08-17 09:00:00,28.248109570118004,33.3461,24.77066,62.17491995427145,73.1032,44.702454,1.2255678520192943,2.2017367,0.30770585
2018-08-18 09:00:00,28.75252320766441,36.485016,24.592438,43.049573625537356,48.16036,34.931805,1.7668874382489825,2.957495,0.72297513
2018-08-19 09:00:00,30.373379187883017,39.600983,24.251373,30.833181475227097,36.23918,23.202969,1.8658932084443909,2.9286964,1.0133457
2018-08-20 09:00:00,30.665164644817537,40.612213,23.993073,29.79313019476411,36.20468,20.010483,1.770396390364315,2.610061,0.8508452
2018-08-21 09:00:00,28.711484586130496,37.873688,23.510406,24.369746950601556,31.21577,15.938427,1.7015556448689664,2.3939362,0.9365066
2018-08-22 09:00:00,29.78695586653896,37.82486,23.988678,30.479124349590894,34.510647,25.602188,1.6380386750481193,2.5115788,0.81599104
2018-08-23 09:00:00,29.16870239246316,36.953278,23.777496,31.83779785961184,38.262302,25.792715,1.8485013838118276,3.274307,0.8368717
2018-08-24 09:00:00,28.55560289789662,37.745758,23.493805,19.17039828970975,28.520538,6.7910814,1.9768356347354927,3.04284,1.0013615
2018-08-25 09:00:00,27.670459440067646,37.062897,22.412506,16.66181892223625,24.75933,5.0036726,1.9243286764342442,2.9329162,0.94602597
2018-08-26 09:00:00,28.410397347199876,36.529938,22.78775,7.3351529861900175,11.313243,0.21217632,1.8004472405415448,2.940904,0.7279564
2018-08-27 09:00:00,28.263547414979087,37.279694,22.701569,5.504109015635308,10.948842,-1.1758881,2.2498912925732637,3.7906666,1.2468296
2018-08-28 09:00:00,28.171798240695125,38.00284,22.38028,11.659149743282935,21.75711,4.960601,2.119614669007407,3.796379,1.1133846
2018-08-29 09:00:00,28.700704934972975,36.332428,23.944733,20.3664101427085,24.833319,14.071234,1.928272342520428,3.841573,0.8885254
2018-08-30 09:00:00,30.023270413437672,37.118317,24.030426,10.405277680641648,13.233919,6.4816513,1.7961389580239147,4.325584,0.44061655
2018-08-31 09:00:00,29.69484042203709,37.237946,23.907867,6.839775142142968,10.097247,4.6222887,1.8446219137558884,3.662333,0.65709263
2018-09-01 09:00:00,28.816320195026094,37.180573,22.95401,7.4051586527914735,11.519435,0.45252323,1.7318545829221497,2.9802554,0.774776
2018-09-02 09:00:00,27.059754764601678,36.244537,22.00821,20.56169967276586,24.926346,15.363898,1.837880697953639,3.3876903,0.54889435
2018-09-03 09:00:00,26.83361721985483,34.228424,22.088287,38.823184072723,49.57158,17.900272,1.0965605780230572,2.0951393,0.088916585
2018-09-04 09:00:00,26.036849053846254,32.506256,22.017975,33.20019309357943,42.725628,19.354534,1.3547257270074138,2.4722364,0.5930203
2018-09-05 09:00:00,27.18832901962304,33.93741,21.977936,28.305685630816324,38.669655,8.583281,1.1472403204521004,2.549971,0.16388622
2018-09-06 09:00:00,27.341787832924467,34.55777,21.866364,25.936784682931272,35.371464,11.464868,1.5110066208026547,4.106728,0.09005236
2018-09-07 09:00:00,29.163091591228635,36.395905,21.511139,22.75419732213181,31.58592,6.561923,1.2181884110231591,3.6320612,0.0803973
2018-09-08 09:00:00,31.071317149975755,38.08316,23.612701,14.003270253362054,18.978188,8.301729,0.9446279942561132,2.5372345,0.10649108
2018-09-09 09:00:00,31.386500886735007,39.37613,24.70279,8.882780330823689,11.463181,6.252701,1.6209246184715291,2.9680805,0.65746534
2018-09-10 09:00:00,29.682909939982437,38.63687,23.11148,6.0871465836020135,10.753422,2.5560675,1.8337508337317971,3.5865834,0.9529927
2018-09-11 09:00:00,28.14198388654893,38.09488,20.924957,1.8516084459586328,4.545109,-0.7793535,1.9323220171200621,3.9110513,0.91321766
2018-09-12 09:00:00,27.806195464195866,37.61905,21.324371,11.485171505304248,16.80187,7.7628083,1.914155954982033,3.9405944,0.71287304
2018-09-13 09:00:00,28.795621525034676,36.998444,23.036285,10.274312574725997,13.294435,6.2581463,1.6878156940052216,3.2338505,0.596342
2018-09-14 09:00:00,30.31013237178007,36.40152,24.407867,11.8811588597998,12.7904005,9.991517,1.2907956800798073,3.3845751,0.4330498
2018-09-15 09:00:00,30.767709005434824,37.05191,24.65738,14.091268976798949,19.234776,6.285556,1.543338477136,3.5590231,0.46764034
2018-09-16 09:00:00,29.594314317048827,37.426666,23.29483,19.7641909487219,22.430796,16.64533,1.7150315834291658,3.7516267,0.62981284
2018-09-17 09:00:00,29.36279041798099,37.01114,23.31778,20.415826452151144,28.090183,8.562283,1.7905558557734345,3.544563,0.7933577
2018-09-18 09:00:00,28.753226383411175,37.071198,23.004791,6.013172155571135,7.4067764,4.4263077,1.7908827026304572,3.7962923,0.784983
2018-09-19 09:00:00,28.17553100645216,35.912994,21.830963,3.0955900391573437,6.426322,-1.3955126,1.5445612260374322,3.6176329,0.5944911
2018-09-20 09:00:00,27.73432742323797,35.081207,21.965973,8.747251953559793,22.114313,-0.8934994,0.919386956704423,2.2757742,0.11763491
2018-09-21 09:00:00,27.08704695147344,32.78067,20.335358,15.809797524824404,45.71767,0.6626854,1.0004074809022843,2.2907076,0.11289464
2018-09-22 09:00:00,28.8832456311589,34.3107,22.430328,27.686245815681954,33.688255,16.11797,1.2372626562938944,3.6317186,0.21647824
2018-09-23 09:00:00,28.38051863922618,36.137848,21.874176,28.098884086325185,32.821014,16.127167,1.4582497229864664,3.0937676,0.39140072
2018-09-24 09:00:00,26.6189380175191,35.50479,20.770416,20.56559057015834,25.366564,13.728457,1.6052296584290122,2.6083255,0.7304232
2018-09-25 09:00:00,24.559433892676054,33.632965,19.795074,28.551297173417606,40.694008,18.291666,1.2207635153968275,2.2049475,0.42487213
2018-09-26 09:00:00,27.140431460059517,33.543854,20.092682,21.755830824162086,29.046642,11.448995,1.6923002337011424,3.6426327,0.39480734
2018-09-27 09:00:00,28.086256512304033,34.58902,20.508453,25.932329792881816,32.79894,19.855919,1.3440549549504646,2.713906,0.2855501
2018-09-28 09:00:00,28.632902925631356,36.45938,20.834381,23.92785444996672,28.632465,14.731793,1.2157235037010168,2.6474848,0.04754499
2018-09-29 09:00:00,27.682158808512952,36.571198,20.743073,33.978312750012364,45.30311,23.689827,1.67498480232045,3.3985732,0.7770292
2018-09-30 09:00:00,27.93147280873984,33.899567,23.309479,49.41856548395093,61.682793,23.136284,1.5429172331522014,2.8225563,0.80052704
2018-10-01 09:00:00,27.54233985516862,29.98111,24.314362,63.349389439126185,69.212494,54.889458,0.4674568733550492,1.643787,0.13809456
2018-10-02 09:00:00,26.306291701164298,29.024323,23.21988,69.61084505337898,79.588905,62.12797,0.8364646808655811,2.217958,0.1617952
2018-10-03 09:00:00,24.148987193445237,29.806305,21.60318,75.13458176384859,85.60469,59.54193,1.7372975621398294,3.025589,1.0875757
2018-10-04 09:00:00,22.26273736769224,28.184723,19.528473,74.74361150865603,89.54208,54.96351,2.275668730158276,3.9263294,1.0959904
2018-10-05 09:00:00,22.38428423173167,28.62564,19.502594,67.33626837005613,82.63408,51.706413,2.1998465698929737,3.3990672,0.96354383
2018-10-06 09:00:00,23.174264809534577,29.296783,20.954987,46.85117018372302,60.229874,34.118984,1.5541930391464849,2.2434106,0.885569
2018-10-07 09:00:00,20.43401055324898,27.007477,17.294586,64.0224002325733,87.259834,43.685616,2.5297337855000257,3.7537224,1.6714536
2018-10-08 09:00:00,21.064067300974784,24.05655,19.39151,41.92836204775935,62.82225,23.43576,1.4908276711957842,1.9462751,0.9921091
2018-10-09 09:00:00,21.757725811656314,26.426422,19.89029,33.23910372338542,39.90963,22.033714,1.160977391848482,1.7137532,0.51307625
2018-10-10 09:00:00,21.940230876690407,27.054108,19.901764,31.2146796882565,39.230965,25.46534,1.4202880894467496,2.0547833,0.5696049
2018-10-11 09:00:00,20.35344362274384,26.131256,16.711334,65.92912610581719,87.99357,40.192337,1.5267093691597395,2.4881625,0.37137708
2018-10-12 09:00:00,22.593872543266173,24.683014,18.708405,55.198228613955,62.656868,45.478634,1.1843196555220716,1.7957968,0.44493964
2018-10-13 09:00:00,21.38539648321472,24.848053,19.516022,63.749257797746516,70.7262,55.49573,1.6024282842158728,2.7723453,0.23576795
2018-10-14 09:00:00,18.817505776243536,22.606598,15.823395,55.90651166910233,75.9594,41.529705,1.5996625630534007,2.3078005,1.2140447
2018-10-15 09:00:00,22.501596348924465,24.75943,19.75943,16.635675494094922,24.444283,5.4130316,1.8122202205252746,2.9442513,1.0241321
2018-10-16 09:00:00,21.452007807850975,25.589996,16.72647,9.963468632030628,13.110961,8.498308,2.1955448806041082,3.209964,1.4237036
2018-10-17 09:00:00,21.84432788969889,24.124176,18.15738,14.970900604187934,20.606497,9.657278,1.4841297837976608,3.312758,0.45991075
2018-10-18 09:00:00,23.03838776723228,25.995026,19.590729,32.47084170592348,41.03828,25.022198,1.7734192228017742,3.488596,0.7796593
2018-10-19 09:00:00,25.192630290928037,28.582184,21.244293,25.650321835786297,29.621672,22.598234,1.7928832137295159,3.5422637,0.76807964
2018-10-20 09:00:00,26.089447479391595,28.930573,22.961823,23.241213719433397,28.171953,18.88289,1.210784587164426,2.6173606,0.48157218
2018-10-21 09:00:00,25.995893376420327,28.733307,23.313385,28.291427483288228,37.573406,18.811495,0.8283462798684423,1.6165782,0.21025668
2018-10-22 09:00:00,23.363508656465967,27.788727,20.614899,29.458813731004902,34.00357,23.980793,0.9040242798323449,2.124732,0.16496812
2018-10-23 09:00:00,22.74310059572798,26.318024,19.691559,31.389793382001283,43.085594,21.40529,0.8334533872539623,1.537582,0.22643736
2018-10-24 09:00:00,23.510588744995914,28.34024,19.719147,31.257512739646533,38.02838,25.056225,0.7854707130633631,1.5646957,0.14716512
2018-10-25 09:00:00,23.429551614307172,28.522125,20.092438,23.58292508128543,27.813457,19.774395,0.6850972776148093,1.3556921,0.17518382
2018-10-26 09:00:00,26.100245822505883,29.577057,20.59439,19.33848193351829,22.799448,16.228073,0.6414945084902468,1.8403001,0.06814472
2018-10-27 09:00:00,26.705348858833133,30.180573,21.685211,14.787750874214373,16.881598,12.1628475,0.7195440393877633,2.1259134,0.061584856
2018-10-28 09:00:00,25.674361344972056,29.49356,20.241608,9.646962205332589,12.423069,7.1140623,0.5134900080776744,1.8182977,0.04649138
2018-10-29 09:00:00,25.600488785705977,30.021393,20.435455,9.595984248958743,11.557477,7.8777895,0.8527465364488663,1.423772,0.42992547
2018-10-30 09:00:00,22.105689779813304,27.866364,19.018463,20.821085793986786,25.009163,15.376351,1.5713989688792198,2.5975573,0.83245134
2018-10-31 09:00:00,23.08010611973947,27.577057,20.4794,14.736996434411614,20.617264,9.429765,1.2860394600429361,2.4996138,0.5242116
2018-11-01 09:00:00,23.09918394028682,24.83609,20.82071,11.154874831420138,15.704953,8.148569,0.973565531046206,2.2137609,0.20487648
2018-11-02 09:00:00,25.170699148355027,27.563873,22.69278,18.47413283226861,22.69833,14.276454,1.2477503902850697,3.187414,0.2596154
2018-11-03 09:00:00,26.783238056892117,29.010162,24.0336,17.338594837185052,19.646933,14.228964,0.4699215301657184,1.1379733,0.019659929
2018-11-04 09:00:00,25.81585091017979,28.58023,22.431793,15.232627527208168,18.205727,13.342444,0.44231323717608323,1.2336382,0.080066524
2018-11-05 09:00:00,23.46940599611662,26.379059,20.724762,17.505020997481,21.279041,14.2541895,1.2665777659328576,2.4187493,0.6613901
2018-11-06 09:00:00,22.221049228103936,26.199371,19.01358,20.384332226328922,27.996975,13.536356,1.383013801117795,2.752648,0.50764155
2018-11-07 09:00:00,21.491204383237232,25.828522,19.250397,23.12189323305739,34.702736,13.3568,0.7762419359564121,1.3802416,0.31693074
2018-11-08 09:00:00,21.810553567550585,25.772125,19.049469,16.83245637775947,26.72615,9.421463,0.8067890397029026,1.8553009,0.2134097
2018-11-09 09:00:00,21.811222385257963,24.705719,17.944,10.99924527345303,13.564321,7.3216934,2.3800611654643724,4.7350025,0.75034565
2018-11-10 09:00:00,21.88532142400294,25.277802,17.943512,13.774336214425121,20.930107,5.8754187,0.8218020322438762,1.5927957,0.32658613
2018-11-11 09:00:00,21.063388610623917,22.143219,18.711578,7.432331266178929,9.952635,6.2237835,0.2752420307042058,0.595826,0.08148723
2018-11-12 09:00:00,19.990345407842483,23.002533,15.770111,5.494116483594749,10.0109215,0.940609,2.4480312565185653,5.2125998,0.5236678
2018-11-13 09:00:00,18.26804703098759,22.767792,12.846344,9.372587501091894,15.501748,5.411905,2.968559171410542,5.256927,0.83518845
2018-11-14 09:00:00,18.553889875299205,22.615875,13.733063,10.498283523936527,13.7928705,8.3866205,2.4026823853568606,4.634594,0.2657002
2018-11-15 09:00:00,20.551439998778733,23.486908,17.326569,12.402093192482837,14.621862,10.922021,1.373420578583664,3.1162064,0.08397245
2018-11-16 09:00:00,20.480072815221945,22.029144,18.271332,14.18744134906901,17.320824,11.580311,0.519566750873052,1.8427683,0.06767286
2018-11-17 09:00:00,20.19552661263174,21.6503,18.79483,14.259615164593075,15.08002,12.662032,0.6275374555462535,1.2917827,0.11887933
2018-11-18 09:00:00,19.799574793909358,21.185944,18.523834,13.386590703180875,16.611454,9.402052,0.356183560163145,0.78268516,0.09836716
2018-11-19 09:00:00,20.134609340802683,21.899445,17.243195,18.271725634784335,22.589108,15.245358,1.1492076971683012,2.6472394,0.228698
2018-11-20 09:00:00,18.455624892596404,19.68631,16.748535,18.810647154239035,22.264359,11.560552,0.7211522799692934,1.5022571,0.18382268
2018-11-21 09:00:00,18.658907958783914,22.155243,17.17868,28.960361698395218,44.746895,12.731272,0.6808267578680874,1.2259442,0.2998653
2018-11-22 09:00:00,17.90564542760211,19.907684,15.550262,60.24208828085238,75.651825,39.87058,1.7843810794267876,2.940217,0.80481184
2018-11-23 09:00:00,16.258120335234366,20.090912,13.6510315,43.37632457601351,63.963326,29.557077,1.6663291381340655,3.1291304,0.8453397
2018-11-24 09:00:00,17.409404911480237,20.741608,14.684967,62.499517743110616,73.06299,50.90283,1.335024517995224,2.4314258,0.5292726
2018-11-25 09:00:00,18.698944852001432,20.467682,16.009918,52.06472466454064,62.89704,37.306736,0.4098553150177662,1.0140147,0.092667915
2018-11-26 09:00:00,19.938604640585595,22.339508,16.438751,27.912711290442893,43.894073,21.058138,1.1478435722582516,2.6976378,0.4249167
2018-11-27 09:00:00,20.639376171183812,22.57132,17.799957,15.451885328086389,19.165144,11.817488,1.0195040404044589,2.374178,0.21801583
2018-11-28 09:00:00,20.007291019286754,20.99527,18.661285,18.715439009662482,23.452583,11.947581,1.1339727029284474,2.0517519,0.67926353
2018-11-29 09:00:00,16.55427188577903,21.315094,12.8385315,41.293392705929016,62.7893,19.125237,3.0848611506230883,4.7423863,1.4010841
2018-11-30 09:00:00,14.109629491646217,17.037994,10.221588,79.72113751832701,90.396126,63.650036,4.442877095887092,7.3433986,1.8205076
2018-12-01 09:00:00,13.862195082626613,17.45523,9.857574,73.6359205588084,83.89739,55.760674,2.0926312066361343,3.7336926,1.4541252
2018-12-02 09:00:00,13.703804227447222,17.720367,9.931305,50.66705489983089,83.267105,21.325516,2.8973979482272605,5.112117,1.3666611
2018-12-03 09:00:00,14.201217255600397,16.698639,10.673248,26.716315393673224,34.926826,17.868187,0.7656707446281958,1.3905711,0.29216537
2018-12-04 09:00:00,14.960562879831627,18.216217,11.00528,20.24079299887121,24.851925,12.857612,2.03687799999875,3.2927885,0.3231512
2018-12-05 09:00:00,14.87159575016318,17.749603,10.989227,22.168403555979165,29.90321,13.852428,1.2398205774271123,2.1631572,0.032867942
2018-12-06 09:00:00,11.376210970375439,15.582733,6.8547974,81.04782463078631,89.89673,66.30211,2.864273910182006,6.616918,0.35004416
2018-12-07 09:00:00,13.966099421968579,16.870514,10.190826,86.14981684375356,99.39795,74.72217,1.9885277588351336,2.756187,0.8226468
2018-12-08 09:00:00,15.486984890847054,17.15866,12.984833,44.3172533604811,57.67404,22.819546,0.6355347284350427,1.4174155,0.21264718
2018-12-09 09:00:00,17.46656617809367,19.051544,15.022247,20.418042164149917,33.416164,7.1619825,1.0754903993230038,1.9861096,0.05442352
2018-12-10 09:00:00,16.673564030739783,18.654633,13.564789,10.334123272966279,14.525161,5.853286,1.2255193431480784,2.3479688,0.13609813
2018-12-11 09:00:00,15.932370824216946,17.430695,13.549225,10.586823984856839,16.266039,3.8467565,0.6464270258744049,1.2897409,0.06391932
2018-12-12 09:00:00,16.452243877537057,19.494904,14.9617,20.891192883160663,24.64265,18.119213,0.5686832796595308,1.37494,0.19548291
2018-12-13 09:00:00,18.127537239272783,20.299896,15.908264,7.943583357001054,11.877954,3.0656986,1.247034053640294,2.1584613,0.25062603
2018-12-14 09:00:00,17.833928225504906,21.804169,13.991669,5.593651577410555,7.1132345,2.88381,1.8713721845732072,3.6982934,0.1560082
2018-12-15 09:00:00,16.83231402015747,17.842194,14.958649,6.473246469296522,7.988595,4.75422,1.1270627200318848,2.4479895,0.16744983
2018-12-16 09:00:00,18.646781945361965,20.26651,17.508698,11.516875591027066,16.957375,6.7435613,0.8586986244753452,2.2185543,0.06626327
2018-12-17 09:00:00,18.324119444733356,20.006012,17.338043,14.553747592669824,18.155178,12.018459,0.6210449991072999,1.6942332,0.057366814
2018-12-18 09:00:00,15.948056055787106,18.015778,14.095856,41.224783519477434,60.070946,28.01957,0.4058005128432871,0.88286483,0.11004298
2018-12-19 09:00:00,18.8429981236892,20.301178,17.031647,13.124897849445547,16.197643,9.208675,0.8252260796848292,2.0650284,0.289326
2018-12-20 09:00:00,20.60208011898328,23.06485,17.453522,7.3271499562662,8.537337,4.662779,0.9630451212402973,2.0322382,0.36968026
2018-12-21 09:00:00,22.033892928247212,24.561432,18.776276,4.641493648350763,7.245942,3.258277,0.6542184759226803,1.6915073,0.16567186
2018-12-22 09:00:00,17.979137751974804,19.644684,16.912262,13.624763155388244,17.353294,9.326541,0.5662992215146901,1.168526,0.16492844
2018-12-23 09:00:00,18.486237768289357,20.401031,16.680328,19.010680938445013,30.058197,9.237885,0.5800872164461773,2.486984,0.1335685
2018-12-24 09:00:00,17.90589252616502,19.688873,16.153717,12.794716735065517,24.869568,4.682068,0.5357658259574571,1.7778424,0.01573735
2018-12-25 09:00:00,17.612627235106515,20.033356,16.418121,39.33294905326326,46.758514,33.78586,2.8570614254617235,4.322242,1.1625907
2018-12-26 09:00:00,13.231781725013207,15.456818,10.536896,47.174084979146016,67.999535,28.530785,1.0195837905624159,2.4775229,0.21335146
2018-12-27 09:00:00,14.834842242042726,18.639801,11.809723,35.72610168328349,44.94816,24.658066,1.5567857294436003,2.82395,0.464515
2018-12-28 09:00:00,12.814813012383127,16.129608,8.938202,18.004949827755,23.379482,7.385294,1.4307579732943272,2.8256679,0.6216537
2018-12-29 09:00:00,11.451730695364574,14.895447,7.385681,24.851575550777337,29.467384,18.150013,1.7329281764146645,3.1789806,0.8561074
2018-12-30 09:00:00,12.456036609418561,14.03595,10.833466,21.84191338001602,26.576342,17.697435,0.5101663220907412,1.2002958,0.12442858
2018-12-31 09:00:00,13.733851647173879,15.460815,11.730347,32.16781568378534,43.199047,23.514088,2.6242044334552106,4.3645954,0.7743119
2019-01-01 09:00:00,9.61218219854834,14.129486,4.264923,21.176963096702046,31.36391,11.241722,2.3402880501811527,3.9726462,0.124699645
2019-01-02 09:00:00,10.255098360984732,14.626862,6.322418,14.369607608613135,19.704784,10.72041,1.9311504343012493,3.2579107,0.5162947
2019-01-03 09:00:00,11.988010976092767,13.852325,8.879669,8.517147373903756,14.094719,3.3525314,1.2732212398362213,3.0670114,0.06761842
2019-01-04 09:00:00,14.017040879934484,16.32846,10.724945,5.900620597733645,9.030342,2.9326859,1.1883802283010956,2.485005,0.13339958
2019-01-05 09:00:00,15.665050073871214,16.645172,13.733063,7.405357361428128,10.093323,5.415538,0.5871079123815537,1.0802385,0.025452925
2019-01-06 09:00:00,11.329155913907584,14.620514,8.075592,63.07270009862103,78.31623,38.7462,1.3039923284177675,1.9624957,0.47937897
2019-01-07 09:00:00,12.956438922704137,14.938629,10.790192,48.80178621648558,67.83495,33.647934,0.7633307513082044,1.7402523,0.07944129
2019-01-08 09:00:00,16.044899912629432,17.87027,14.146759,43.92343194610006,55.915936,34.956226,1.406847924879149,2.5128388,0.2251511
2019-01-09 09:00:00,16.842298880911017,18.242065,14.490112,15.372129042126856,27.369522,8.092179,0.37408108245910976,0.6709618,0.16839997
2019-01-10 09:00:00,16.690258127812285,18.728424,15.41983,19.789306969165086,34.23996,9.627397,0.7147297476069361,1.3659151,0.18153673
2019-01-11 09:00:00,15.90165348932777,19.708954,13.720673,14.349416472512933,36.454857,3.3748293,0.36336278261698596,0.8928025,0.08879358
2019-01-12 09:00:00,15.264188217877347,16.73404,13.402008,36.871124551824494,56.277912,14.752698,1.5012508497788022,2.9329057,0.2514319
2019-01-13 09:00:00,12.303683174370803,15.015961,9.090179,65.23926747064748,80.66936,52.591484,0.6200684626234131,1.1146954,0.16701753
2019-01-14 09:00:00,13.055431061115996,15.00119,9.940643,66.04852810319193,81.007576,47.883923,2.1263199403729867,3.823723,0.1823211
2019-01-15 09:00:00,10.563130743293016,14.336517,7.172455,70.92430620556988,87.631004,52.994286,1.3491354174626242,2.8943129,0.03818969
2019-01-16 09:00:00,13.454251830916803,15.98642,10.607513,87.14311960309446,99.13504,82.14107,2.6029790370595327,5.800647,0.41754347
2019-01-17 09:00:00,16.06554784452237,17.636475,13.9001465,81.8717840864041,89.63655,75.6649,1.3238403364702747,2.4146159,0.48706117
2019-01-18 09:00:00,13.831861956825435,17.191925,10.410675,44.26739052653908,63.282646,20.183601,2.1133857542813943,3.741372,1.396046
2019-01-19 09:00:00,17.479702785146515,19.295807,15.280182,30.590958178631965,41.311302,22.854713,1.49859329678465,2.8673873,0.23321654
2019-01-20 09:00:00,19.858752424767772,22.611206,16.479218,25.604461823233223,32.905178,16.666054,1.2124552703063027,2.2377274,0.35448068
2019-01-21 09:00:00,18.102496726684763,19.122406,16.600922,31.350894288294235,37.203873,26.145279,3.151498011980224,5.0503025,1.4172218
2019-01-22 09:00:00,13.014174623165843,15.768585,9.328339,14.450003851575572,22.843517,7.0036726,1.4209654679992267,2.7367668,0.71612805
2019-01-23 09:00:00,14.725810411161547,17.677155,11.604889,8.1765612307154,11.990932,5.0731544,1.4851249600471363,3.157563,0.40136755
2019-01-24 09:00:00,17.205922055510996,18.356201,16.0961,13.88309227712854,17.292282,11.911686,1.3220279296296693,2.5898037,0.23074684
2019-01-25 09:00:00,18.615948731780918,21.263824,15.7092285,7.483349131699533,13.585972,3.3476906,1.4815041050721598,2.7947485,0.18716328
2019-01-26 09:00:00,21.029102768273162,23.222504,19.444275,8.430951342048184,12.249391,3.2528737,1.363548759753665,2.7854536,0.21630003
2019-01-27 09:00:00,20.34947669827352,22.915375,17.798126,12.725534761144377,16.859161,9.370881,1.1792616439139019,2.8553782,0.13930419
2019-01-28 09:00:00,21.479789266847433,22.796234,19.063812,14.583424764407814,17.219118,12.886973,0.278184863456081,0.7092674,0.0528838
2019-01-29 09:00:00,20.479858941274756,22.218964,17.701385,17.220805469360215,20.108213,14.3949175,0.6023507111630432,1.9092612,0.036052875
2019-01-30 09:00:00,18.141403490863524,21.027435,16.502045,26.256725741273417,30.22633,21.881895,0.3855561781736813,1.2862588,0.057863284
2019-01-31 09:00:00,17.765935710590668,20.08551,16.196838,33.067108339945,43.59986,27.41325,0.9833086473908742,2.5655985,0.21295075
2019-02-01 09:00:00,13.587837362921789,16.539764,10.67038,64.19190855001872,79.36391,38.64148,0.5802658432718664,1.3106828,0.14286648
2019-02-02 09:00:00,15.38008982084176,17.086304,12.820679,61.42174229307089,75.07657,48.598846,1.956833945602396,5.1072135,0.49732086
2019-02-03 09:00:00,12.170411164542713,15.137939,8.508423,73.09012695260125,85.709274,55.269135,3.0418295733659946,4.4692917,1.3661509
2019-02-04 09:00:00,12.059080045750306,15.57782,8.027039,81.36748422152111,92.36836,56.836487,2.7244620680059355,4.6994147,1.6181947
2019-02-05 09:00:00,11.553917079821758,15.0034485,7.8003235,87.06860938564019,96.77105,74.909424,3.7065488916257388,6.1715164,1.8123766
2019-02-06 09:00:00,9.245080799935408,12.82193,4.7027893,45.02851092175753,77.2321,18.040691,3.5637348636321815,6.003473,1.769945
2019-02-07 09:00:00,9.921672488059187,12.806915,6.070587,36.64422651857362,49.964905,24.756672,0.5215660875112899,0.9897633,0.11954048
2019-02-08 09:00:00,11.788199921191222,14.948639,7.2552795,23.120995599297363,27.489761,15.038259,1.1063511697817316,2.186341,0.10159963
2019-02-09 09:00:00,12.949830194766662,14.215607,10.948029,30.778527950645945,49.979176,12.710276,1.325125966890814,2.3155153,0.70148504
2019-02-10 09:00:00,11.598742481847012,14.642975,7.600006,57.62229250336887,81.83043,19.252415,1.5986081616591277,3.8016098,0.5642518
2019-02-11 09:00:00,11.225443358778307,14.692841,7.3764343,30.030294782269994,71.60977,8.026537,1.6821015707632723,3.3239827,0.90579486
2019-02-12 09:00:00,13.207691508455639,15.575592,9.703217,3.993771965570654,6.8555775,2.05089,1.5901673407397714,2.5797818,0.2600891
2019-02-13 09:00:00,15.764743912274014,18.043854,12.627167,5.310395213698137,7.700716,2.5709782,0.9695742694671953,1.8161187,0.1282539
2019-02-14 09:00:00,14.148487710620259,16.607635,10.662323,93.79183611078848,100.3433,77.55033,3.0787954663110466,7.243825,0.6081567
2019-02-15 09:00:00,12.384226768665428,15.651611,9.262939,70.53966266908739,98.86908,44.26516,2.754760871322573,5.6406484,1.3925055
2019-02-16 09:00:00,11.942139607703382,14.830292,8.297089,63.37262286447367,87.24913,37.302322,4.090340045172243,7.1097445,2.561068
2019-02-17 09:00:00,11.096659803753425,14.534149,7.438446,65.46710516831361,77.17469,51.659065,4.165703631526048,6.7769637,2.3744075
2019-02-18 09:00:00,8.65729128867406,12.540009,4.4375916,61.60897774096049,71.50222,48.998238,3.724794301170226,5.964188,1.4611703
2019-02-19 09:00:00,9.270897571233718,12.367462,5.8067627,31.481482373461013,42.714867,22.550804,0.7423763651745272,1.2565919,0.2774695
2019-02-20 09:00:00,10.750574540829973,13.347443,7.5036926,36.75759576888455,47.795025,26.459087,1.4000515701568157,2.3907542,0.63311523
2019-02-21 09:00:00,8.395499713233107,12.422455,4.082611,82.79165024623651,97.77291,62.194607,3.9400115028657763,6.279957,1.60663
2019-02-22 09:00:00,8.476157339494591,10.732544,3.9161377,47.45530564277462,67.9832,32.272263,1.1774614103323142,2.2356644,0.084502384
2019-02-23 09:00:00,11.282573678853623,13.863892,6.6138916,27.62371299906662,35.378193,17.124271,0.49322848576637246,1.1092501,0.13114434
2019-02-24 09:00:00,13.219122316302844,14.83725,10.534515,20.93831133900494,30.413914,9.924152,0.8730625772917826,2.2455304,0.24377772
2019-02-25 09:00:00,14.75167606784811,16.055359,12.925507,31.399637290079877,38.724613,23.951176,0.6298657259912299,1.603854,0.18041892
2019-02-26 09:00:00,16.862619484658012,19.467194,15.225006,21.61131616631764,29.704735,12.914745,0.7888653130994348,1.7148589,0.053859074
2019-02-27 09:00:00,15.651124627425531,18.640778,14.473663,15.108108041472335,23.098852,8.856745,0.8582092632503036,1.4010322,0.37413678
2019-02-28 09:00:00,16.743265068642415,22.596283,14.012299,55.81822984292842,68.65384,41.825718,1.5265643524472683,3.2984543,0.5726163
2019-03-01 09:00:00,17.843940630671398,24.173218,15.202515,22.462464708483147,35.492687,16.487644,1.269111261558702,3.1920578,0.23189427
2019-03-02 09:00:00,16.77312738012961,23.681244,14.148041,32.82963980476108,56.10111,16.905577,1.8670442337128803,4.299423,0.87070394
2019-03-03 09:00:00,14.933713750425113,20.297272,11.594147,82.45013535310163,101.289375,53.638725,2.906140103641221,5.864262,1.7501383
2019-03-04 09:00:00,14.575896993605056,19.735992,11.587677,26.237726286920203,46.730938,9.781718,2.465359504094455,4.2778053,1.6944331
2019-03-05 09:00:00,18.00387183553073,21.407532,14.940094,4.881162731450356,19.238167,1.0107893,0.5306904434052391,1.6096795,0.12818672
2019-03-06 09:00:00,17.304084142828685,22.306854,14.726776,36.155129524179145,49.746716,12.551756,1.5404202368652224,2.8243184,0.9416555
2019-03-07 09:00:00,15.632358397837947,20.703827,12.26828,88.53732454564023,95.27846,78.42663,2.470949019118761,5.114074,1.5273275
2019-03-08 09:00:00,13.773740890043143,18.576324,10.30484,79.66273599499169,90.0412,65.5887,3.7974463107331333,6.55653,2.9410706
2019-03-09 09:00:00,11.33319875813811,14.602936,7.598297,62.3769253716988,80.33817,35.77359,2.563496033352533,4.5303087,1.563744
2019-03-10 09:00:00,12.215216849633407,17.31012,8.190979,51.34159820599663,76.95863,20.266592,1.7485321518084267,2.8577518,0.9757608
2019-03-11 09:00:00,11.96347155273645,16.171783,7.900299,55.22704068346514,62.45571,45.19062,0.5467170078410813,0.96927464,0.20268424
2019-03-12 09:00:00,12.510147536522254,15.062164,8.82486,70.74757147976644,80.25004,56.757854,1.171705867992703,2.1347263,0.34503576
2019-03-13 09:00:00,13.924423962875096,18.89566,10.299957,73.69062213832149,89.64533,58.8758,3.1690478249033758,5.5787454,1.532068
2019-03-14 09:00:00,15.569263578545645,18.278229,11.573151,26.62103900454458,49.565163,12.302411,1.2136324595758297,2.3551347,0.6048988
2019-03-15 09:00:00,16.841065697744057,19.679108,13.282623,20.85683302250758,26.256298,17.3559,2.188092577715431,4.2148085,1.023494
2019-03-16 09:00:00,19.360596349751063,21.6857,16.609528,22.24446258753976,26.262434,17.278059,1.243317811098757,2.657118,0.33858448
2019-03-17 09:00:00,21.130379664404074,24.20987,18.76065,30.07635706532351,32.541893,28.54221,1.4039784889337104,3.2242746,0.20352536
2019-03-18 09:00:00,21.643837556974063,25.326324,18.359528,30.433809539882645,35.572605,26.633762,1.0020974672231366,1.9775252,0.21777208
2019-03-19 09:00:00,19.727352300127563,25.663727,17.288727,25.188328120024853,37.711323,12.450408,0.7689857264667399,1.5416548,0.29972842
2019-03-20 09:00:00,18.316230106295222,26.593658,15.279205,21.5184684394296,38.056778,5.888665,2.0665273270130258,3.376917,1.0986245
2019-03-21 09:00:00,12.901357765937632,17.330719,8.9947815,68.27658116746865,85.70681,53.988934,2.7544835175092994,5.428164,1.9219882
2019-03-22 09:00:00,14.107100244804258,16.963776,12.14151,52.443824384052,65.55241,42.26334,1.6345712894659856,3.02773,0.8256599
2019-03-23 09:00:00,16.122729054907495,21.252594,13.707672,23.305109195159627,48.301796,-1.2021103,1.731440796481997,2.9043798,0.9487827
2019-03-24 09:00:00,17.092619267247528,22.937897,15.531403,25.01393048542732,45.984673,6.071828,1.5400880793489293,2.7431326,0.83562404
2019-03-25 09:00:00,20.24736120224935,23.896393,16.811676,9.065463873445648,20.066013,-4.863557,1.1479468237764971,3.4069328,0.20005117
2019-03-26 09:00:00,20.288568971451184,25.886566,16.718597,3.963281534564314,11.068624,-3.4262075,1.145908506610598,2.9773314,0.5211904
2019-03-27 09:00:00,19.93909656211474,27.094635,16.483307,8.469176490337508,13.351073,5.112792,1.6747515267375412,3.2485673,0.7337902
2019-03-28 09:00:00,18.105524541202385,25.088287,15.289459,44.65912533059375,77.83919,20.01928,2.662726498498008,3.9983273,2.0133443
2019-03-29 09:00:00,17.75922050867615,23.622955,15.751862,17.762530205441386,41.663246,1.7972918,1.9358668171378328,3.6616323,0.7819163
2019-03-30 09:00:00,20.396410624902785,25.272125,17.733551,15.246813992365121,22.521866,1.9660854,1.0875195337225512,3.0225918,0.21716227
2019-03-31 09:00:00,22.81572026361107,25.79068,20.987946,18.44165109149053,23.521637,11.801394,1.002354017599106,2.024003,0.2825231
2019-04-01 09:00:00,23.436570108032186,26.148346,20.937408,22.574457733108577,30.263819,16.990381,0.7438212477361343,1.7113004,0.16084583
2019-04-02 09:00:00,22.567009181795186,27.172272,20.066803,20.356088428642273,27.120222,16.813665,1.9882465183056093,3.118487,1.1128428
2019-04-03 09:00:00,16.70535259035114,22.9169,13.631744,57.59874053887204,72.5772,41.135796,2.905923687094943,5.710356,1.9536432
2019-04-04 09:00:00,16.54557674232592,23.39981,12.634186,40.199658171738974,69.52448,20.890696,1.757410541612502,3.6063893,1.1981692
2019-04-05 09:00:00,16.14908595765172,22.982086,12.876617,71.04976701146782,85.8649,32.642246,2.441641763510678,4.970155,1.2955352
2019-04-06 09:00:00,16.725390286791423,20.785553,14.4086,51.177210143422215,77.642555,30.158178,2.5871389720980074,4.2924585,1.6303389
2019-04-07 09:00:00,21.8827667167144,26.368073,17.992096,19.18755308019863,28.518013,1.1070695,1.363123045570278,3.282432,0.6707126
2019-04-08 09:00:00,26.703543667730173,29.817291,22.17862,15.784002992235441,21.661343,9.751186,0.6038322047519402,1.5667733,0.16116211
2019-04-09 09:00:00,26.562728904628614,32.881744,21.567291,19.937366079372744,29.747324,11.9895115,2.059846912729427,3.4908383,1.125503
2019-04-10 09:00:00,19.466001126863375,25.220367,17.290192,15.859597072524535,25.952198,-1.0763988,2.737237944293217,4.3665366,1.5388297
2019-04-11 09:00:00,20.078966395313728,25.49649,18.420319,15.26565337151378,18.304888,12.114731,1.5100033554195116,2.5321472,0.56559235
2019-04-12 09:00:00,17.628172716981,23.367828,15.0555725,30.218549125068087,40.823135,21.608292,2.1948949350276643,3.473032,1.337388
2019-04-13 09:00:00,21.064194759499856,24.198883,19.139557,26.22954359195048,30.17862,19.383148,0.7568082384663616,1.6819776,0.4056073
2019-04-14 09:00:00,22.100994376467952,26.325836,19.132477,20.28548928201532,24.429628,15.420507,1.3500972538517118,2.2222948,0.5541633
2019-04-15 09:00:00,21.356890434082118,27.809967,18.61856,24.971593231320924,29.915817,19.411625,2.1457233161846134,3.536636,1.1906981
2019-04-16 09:00:00,17.182369223210685,23.885406,14.828766,41.16475790318809,51.66383,27.370861,3.164258438782257,5.146626,2.2773721
2019-04-17 09:00:00,19.61570950993149,23.415436,17.702545,32.298449623074525,44.916634,24.30726,2.047836285032254,2.968249,1.1527349
2019-04-18 09:00:00,24.92827683081066,28.889069,19.96695,17.452947746287983,23.33007,11.74911,1.1281068263181737,3.3427083,0.060074467
2019-04-19 09:00:00,25.24571949812207,30.269684,18.918121,16.856539114779306,22.538486,11.554112,1.179142079657216,3.5029788,0.18608478
2019-04-20 09:00:00,21.756742554532536,31.252106,15.92984,17.600406512314432,24.184673,10.504987,2.2305979994717986,4.218775,1.2483823
2019-04-21 09:00:00,18.231713125712417,27.376617,15.818024,25.92519513337688,54.854286,3.155552,3.094829259127584,5.6328955,2.0802658
2019-04-22 09:00:00,19.386086779269363,26.835358,16.026764,33.88207540221719,52.765854,17.26275,1.689059599117136,2.4775567,1.2226753
2019-04-23 09:00:00,22.101630288010767,26.997955,17.760406,28.592149516102236,38.669514,16.87628,1.4666483947567879,2.3999133,0.59764856
2019-04-24 09:00:00,23.674765080414147,31.345856,18.67984,21.307665994124303,25.800001,11.427926,1.1885008024687376,2.1598606,0.777704
2019-04-25 09:00:00,25.242426503288357,34.12564,18.783844,17.335235731254038,19.553928,13.821421,1.4459216201516463,2.3616734,0.8711827
2019-04-26 09:00:00,24.925110675230258,33.969147,18.148834,16.184774414634628,18.939785,13.361975,1.5864217241824325,2.6744375,0.7385133
2019-04-27 09:00:00,22.88245331473439,33.502106,17.009918,18.137947378234685,26.833748,11.601643,2.131218142852078,4.0984144,1.1272429
2019-04-28 09:00:00,22.926073439000618,32.539948,17.112213,16.67093567291241,30.878365,6.752263,2.1613985500505835,4.2112794,0.9821675
2019-04-29 09:00:00,21.21687425820477,30.079987,17.69522,25.904348744936495,38.490974,17.026133,3.1715607227029197,5.6971855,1.7917093
2019-04-30 09:00:00,15.963371198931213,20.698883,12.671539,84.70119637955338,96.462,60.14128,2.9194142156983656,5.2636137,2.182507
2019-05-01 09:00:00,18.60753440394501,22.857574,16.972809,32.98117354141593,53.53096,14.072093,2.2244022908151555,3.7711685,1.6606872
2019-05-02 09:00:00,20.705622951484372,26.841217,17.355133,13.153189598145685,26.389399,-4.0874176,1.4545105285559146,3.1807425,0.50655997
2019-05-03 09:00:00,21.74526221030385,28.548492,17.810211,11.237738192188681,17.794579,2.5103226,1.18604154434625,1.9638048,0.5191627
2019-05-04 09:00:00,22.194703885231377,30.875153,18.08023,8.399720457018397,16.819164,-4.347766,1.6933324572937547,2.9544885,0.8618505
2019-05-05 09:00:00,21.950939411793172,31.530182,17.49112,12.25469952237813,21.29955,3.9918776,2.2834426093993714,4.692252,1.169275
2019-05-06 09:00:00,19.125555495924345,27.403961,16.925446,49.904099093283776,74.33637,31.724892,3.1520362576540166,6.2780147,2.0858822
2019-05-07 09:00:00,16.58957750954869,22.267975,12.6058655,70.88579266639454,84.93768,46.14949,3.2540560800880955,4.976542,2.3581192
2019-05-08 09:00:00,16.751292729010117,24.235504,12.944489,53.46607515893414,70.80284,28.744244,2.6457725108706827,4.7065873,1.9259682
2019-05-09 09:00:00,17.947684735661994,28.04483,14.174469,48.246855542229255,58.19162,30.60959,2.2544209815958394,4.098694,1.382744
2019-05-10 09:00:00,17.595659610888504,26.39444,14.068512,79.14733701714157,95.3822,48.70826,2.4484876850912545,4.0864806,1.2919502
2019-05-11 09:00:00,17.529365559029145,23.415192,14.565582,74.81882497728135,88.75664,54.80881,0.7383423437796983,1.416149,0.043080788
2019-05-12 09:00:00,21.879563955302388,26.551422,19.217438,39.96331817011013,51.871986,31.989174,1.106210858146305,1.6048086,0.32060105
2019-05-13 09:00:00,21.781897988847163,29.922272,18.228912,33.73430816431802,42.210674,26.096146,1.7268584207977853,2.2516994,1.1325929
2019-05-14 09:00:00,23.111315707915992,31.311676,18.329742,27.97748957231773,33.91787,22.835781,1.6789136534715792,2.657814,0.8834872
2019-05-15 09:00:00,23.64503140985454,32.84439,18.65689,22.484062552475397,25.461351,17.836351,2.1607873939473916,3.7242048,1.2128438
2019-05-16 09:00:00,20.018531977909106,28.860504,17.346832,32.191315410356566,52.15835,16.024883,3.1469851803671935,5.6194906,2.0665557
2019-05-17 09:00:00,16.74745904981455,20.458893,13.802643,64.79814350124332,86.95886,45.685425,3.6922552556962325,5.9857984,2.6276774
2019-05-18 09:00:00,19.510475147418333,24.327057,17.524323,33.0051989993953,41.340828,23.713066,1.7287155943227817,3.0255702,1.1023321
2019-05-19 09:00:00,19.334336343674238,26.760406,16.6315,29.711104761540327,47.555473,15.340631,2.9930330536554606,5.9036818,1.988402
2019-05-20 09:00:00,15.604903744010528,20.385895,11.671051,67.9405512897025,82.78104,32.10916,4.489688477141894,7.099342,2.9771235
2019-05-21 09:00:00,15.413000532541332,21.074127,11.579987,64.75208925552232,81.66722,30.741552,3.7658827639620163,6.04971,2.8228748
2019-05-22 09:00:00,13.998385540049753,18.005524,10.390289,85.09362049781001,98.02619,67.93822,4.562149018388617,7.3787355,2.8822157
2019-05-23 09:00:00,14.959095110686121,18.801422,11.424469,73.85298057416402,88.62584,61.125824,2.795633192235017,5.0899296,1.688751
2019-05-24 09:00:00,19.062534210930437,22.142242,17.083649,49.32437640711463,62.066303,28.90224,0.9934412146067875,1.6973238,0.508731
2019-05-25 09:00:00,20.366994063428308,26.65274,17.59024,45.44500619349789,63.230682,27.09866,1.526601925553183,2.359576,0.5035114
2019-05-26 09:00:00,19.25799501452832,27.613678,15.773834,41.74721609106141,71.98613,16.921062,3.1067636301424266,5.5869985,2.2109203
2019-05-27 09:00:00,14.530500398132801,18.167877,11.253815,74.97075890828077,92.27234,57.889526,3.576958060596886,6.9187927,2.2092068
2019-05-28 09:00:00,18.39640645934975,23.605621,16.29898,43.18258240562507,55.08766,31.868914,1.868706115864031,3.207259,1.3484731
2019-05-29 09:00:00,22.254911264562054,27.713531,17.822906,27.751479260367308,33.629456,22.347435,1.3286424375609414,1.7178625,0.8143618
2019-05-30 09:00:00,23.035997495631023,30.341461,18.351227,23.46042373714254,26.270443,19.5027,0.9882407376751117,1.7115759,0.4779477
2019-05-31 09:00:00,22.385326925208744,31.596832,17.723785,21.10834736531483,29.099794,12.662294,1.396533447995472,2.4748406,0.60438126
2019-06-01 09:00:00,21.35260854201158,30.621979,17.299713,26.22105810068589,36.90321,14.898639,1.9191217047840983,2.772423,0.7854295
2019-06-02 09:00:00,20.414998876634968,29.06363,17.528473,34.01537337578873,54.107048,14.975231,2.092831182708034,2.9102032,1.1017933
2019-06-03 09:00:00,21.39848755947878,29.60904,17.644196,36.140478318186815,45.864967,20.625998,1.6402005718316601,2.3845263,0.8160958
2019-06-04 09:00:00,23.286508586721823,31.248688,17.779938,26.506298398103617,41.961777,16.086117,1.5580519221311795,2.6302192,0.5320044
2019-06-05 09:00:00,24.972375263836625,34.654938,17.38736,19.537136852945487,25.237213,9.026337,1.1768974910400938,2.1724026,0.46148232
2019-06-06 09:00:00,25.90430357864966,36.798737,18.126862,22.695651847386735,31.442924,13.200195,1.4294264464190432,2.3290884,0.7974844
2019-06-07 09:00:00,23.960057439074433,35.049225,18.416412,23.80493948194023,32.286873,13.083747,1.6450757692147908,2.4546282,0.8018548
2019-06-08 09:00:00,24.164103702794534,33.70352,18.521149,18.776677043323094,27.695477,8.066571,1.5015727980058606,2.6409757,0.81460285
2019-06-09 09:00:00,27.207258108575502,34.279938,19.249176,15.974522633554866,21.623102,4.989293,1.2124248771562927,2.1723242,0.246423
2019-06-10 09:00:00,30.441660925199756,35.673492,23.543854,12.985070828488126,16.862051,9.206568,1.4133634513602555,2.7709293,0.30430105
2019-06-11 09:00:00,30.698597505028488,37.17276,21.676666,17.291498477470874,22.353466,10.451495,0.916404006853163,2.1625934,0.25109544
2019-06-12 09:00:00,29.804959753167054,39.1503,21.14444,19.254563896786333,23.001438,16.46841,1.1783141915844964,2.612415,0.23513535
2019-06-13 09:00:00,28.634812928004862,40.6232,20.26773,19.25392956650694,31.882399,7.327711,2.2019343046837454,4.8179812,0.92604923
2019-06-14 09:00:00,24.696471608777927,36.926666,18.325104,9.835055247286691,17.401773,3.1580925,2.7156692506162265,5.4298964,1.6701305
2019-06-15 09:00:00,24.577901143507347,34.31021,18.79654,24.47017281283979,34.82347,17.407413,2.1910304132255645,4.0685425,1.2461541
2019-06-16 09:00:00,25.239307318169494,36.5795,19.06192,17.541110838161153,22.553183,10.869589,1.9144305748822892,2.7123864,1.0520343
2019-06-17 09:00:00,24.214843524217883,35.194977,18.456696,22.24833019725448,33.880123,10.406765,2.063767471373045,3.345415,1.4040167
2019-06-18 09:00:00,23.38620454561618,33.801178,17.779694,14.007539611711294,19.075212,6.4154234,1.7361653083328457,2.8947148,0.9281732
2019-06-19 09:00:00,25.325513254062628,35.65689,19.115875,23.64780457167172,33.23546,11.957062,1.493560825503292,2.5029929,0.59852564
2019-06-20 09:00:00,25.403720603703903,35.931305,19.683258,30.334120203467872,41.449127,12.604873,2.2568952411943832,3.6974652,1.4634391
2019-06-21 09:00:00,23.080910286431788,34.356598,19.167145,36.230881045719734,61.12593,11.340775,3.1230459581293144,5.626235,2.0762763
2019-06-22 09:00:00,22.371739771642808,30.850006,19.004303,35.198304677408494,53.247574,16.479984,2.528127146911605,4.3480544,1.8286761
2019-06-23 09:00:00,25.922276854720337,35.09317,19.768951,14.16672688096376,23.173925,9.753858,1.2618327295417286,3.1753166,0.052383482
2019-06-24 09:00:00,25.71514209324016,35.05655,19.031158,14.014506650161739,17.936909,7.1767063,1.5797397848822277,3.0495863,0.4392564
2019-06-25 09:00:00,25.777370205770353,36.401764,18.897858,15.529974563497957,21.123209,7.0925694,1.7506126561213193,2.481066,0.89438725
2019-06-26 09:00:00,23.435779842503734,33.88199,17.922516,16.536858761016955,25.790167,9.235479,1.826970492174802,2.7476523,0.9940344
2019-06-27 09:00:00,25.01716515348653,34.72989,19.052155,15.472352817469126,28.843262,6.3419075,1.5137511693347778,2.477289,0.48372906
2019-06-28 09:00:00,26.985516560246197,34.87442,20.104156,9.75034801398798,16.85196,1.8636789,1.5804201897544756,2.4675772,0.6033485
2019-06-29 09:00:00,27.379737896827066,36.48819,21.031158,2.9964941756361485,6.377925,-1.1819248,1.7160788914381069,3.7300599,0.6943434
2019-06-30 09:00:00,28.403531974297778,35.88272,22.788239,9.59221585852964,18.817917,1.8159447,2.239225843029974,4.257047,0.9492674
2019-07-01 09:00:00,28.498956856232496,38.62613,21.921051,7.354091079991119,9.465088,3.123046,2.040926025247198,3.9526417,0.9490251
2019-07-02 09:00:00,28.06407023796936,38.598785,21.227692,9.287876264556303,11.50446,4.8950853,2.280518954586546,4.603454,1.0502073
2019-07-03 09:00:00,26.937642506004067,37.22159,20.879791,13.380253548339008,20.579578,7.091296,2.4256490787953857,4.845089,1.2727416
2019-07-04 09:00:00,25.762551915539177,35.42569,19.558502,18.114775187228318,30.361221,8.391689,2.3311743174594297,4.326422,1.3476565
2019-07-05 09:00:00,26.25114315838863,36.275787,20.359772,9.066893884681553,20.588322,2.3208513,1.9009879545441581,3.38,1.1285341
2019-07-06 09:00:00,27.005581487027882,35.789703,20.127594,9.177854143347565,14.329396,4.3684587,1.507246876181943,2.381376,0.54874676
2019-07-07 09:00:00,26.778714185362958,35.99356,20.026764,9.307570495687928,13.137711,1.4550142,1.8315451827566986,2.9143376,0.9742397
2019-07-08 09:00:00,24.75988292248411,35.376617,19.25943,22.312881357304928,31.944721,11.331441,2.4990155402041414,4.423925,1.6464223
2019-07-09 09:00:00,26.369953318193666,34.677643,20.403473,17.543710224686865,24.682508,12.178602,1.9223319327625281,3.3138,1.1658002
2019-07-10 09:00:00,27.961944562007545,35.616364,21.243317,12.486753458028462,20.194311,6.0732174,1.6117651766693324,3.0176208,0.5051259
2019-07-11 09:00:00,29.102342355460394,37.66568,21.335602,13.31485185708501,16.863503,9.8312435,1.7092958398270648,3.6567965,0.7553088
2019-07-12 09:00:00,30.684699118394917,39.67691,20.97647,11.950313546507916,14.092774,9.057024,1.3603220931952937,3.192428,0.56209105
2019-07-13 09:00:00,30.7484181157933,40.73575,21.222076,17.306205047938185,21.26736,10.534832,1.2745085839267156,2.9440413,0.45806342
2019-07-14 09:00:00,30.568765031241185,40.245026,21.16861,11.340759925677666,18.882076,6.7102003,1.3347196362695022,2.3613381,0.57127064
2019-07-15 09:00:00,31.1633905487991,40.66153,22.033112,8.209534947158817,11.622584,4.3599195,1.5562734968358531,2.548086,0.611232
2019-07-16 09:00:00,31.403630138555855,41.78482,22.661774,9.23845903911115,15.040431,5.736644,1.9648514163107098,3.6764266,0.8984263
2019-07-17 09:00:00,28.623526807089206,39.392,20.583405,10.811537406561273,17.14037,5.4880257,2.164993481565065,3.5162418,1.2316843
2019-07-18 09:00:00,27.921900015906488,37.757233,19.870514,22.178234960407114,31.20908,11.44159,1.888671999259634,3.4446683,1.0554926
2019-07-19 09:00:00,27.925583034758347,38.51236,20.252594,16.478876805689037,27.287024,7.404211,2.2988540751588586,4.3342896,1.1174159
2019-07-20 09:00:00,26.915204389216,37.27066,19.965973,14.790196595235583,20.324926,9.176489,2.29505760900082,4.473918,1.1437775
2019-07-21 09:00:00,29.647300615991924,38.86075,20.957672,15.817027602531953,21.152601,13.535414,1.7545308692532524,4.1055326,0.65845823
2019-07-22 09:00:00,30.311896553363226,39.13907,21.076569,19.611006342195694,31.472923,9.457299,0.9296887527322348,2.5780587,0.25871068
2019-07-23 09:00:00,31.115911146095243,38.00894,23.67984,35.82052509417877,47.242683,23.160015,1.3632117642476318,3.2163064,0.45526263
2019-07-24 09:00:00,31.769378029992595,37.27359,24.730377,38.74168126426847,45.004135,28.960346,1.1256432855198497,3.1812932,0.19211422
2019-07-25 09:00:00,29.73288773604486,33.59317,25.315826,41.68480077829465,46.026535,37.694504,0.9745578326390344,1.8064141,0.39493546
2019-07-26 09:00:00,30.9391317482594,35.872467,25.11319,42.708535871681974,46.248524,37.43993,1.4140171145907385,2.4253347,0.89467615
2019-07-27 09:00:00,31.49917873046502,38.17984,24.009918,26.482232080708336,32.900894,18.951675,1.549296534922827,3.2982962,0.97026074
2019-07-28 09:00:00,32.27307498974682,41.501617,24.110992,14.768822969388948,20.621277,11.104113,1.4275347473529882,2.7094667,0.576707
2019-07-29 09:00:00,30.308092093624282,41.423492,21.614899,8.500503727127366,16.010601,2.0824442,1.558134599239188,2.2855482,0.7649059
2019-07-30 09:00:00,30.783848894611822,41.67398,21.67984,6.155551091310396,9.114565,1.6974125,1.3936678874519695,2.6024673,0.36698434
2019-07-31 09:00:00,28.354774914315215,35.97061,21.001617,8.442752463710548,29.277676,1.548914,1.237951975156913,2.168867,0.64234793
2019-08-01 09:00:00,29.51531472713924,36.818756,21.551178,13.099562345528753,23.205769,3.313919,1.4000044386976178,3.0908573,0.34583852
2019-08-02 09:00:00,30.208191282082623,38.76944,22.017487,13.765267960360497,17.89889,7.8949833,1.5541415255687039,3.320535,0.46936518
2019-08-03 09:00:00,30.89380001976707,40.49063,22.674225,9.266003529114357,14.923831,4.164297,1.77339127801431,3.4516828,0.83037573
2019-08-04 09:00:00,30.6037375405877,41.358795,22.091217,8.325534158704984,11.4828005,1.835928,1.5683106698357445,2.6409478,0.6986795
2019-08-05 09:00:00,31.787398109550907,41.605133,22.689117,8.498306831489739,13.211605,1.8756676,1.5657139718567463,3.3125913,0.5992246
2019-08-06 09:00:00,31.291129368256975,41.479156,22.322906,12.339462524354657,17.201702,5.178768,1.406887406381756,3.5358026,0.51235
2019-08-07 09:00:00,30.258172609413975,39.18448,22.227448,17.47631373244307,31.62468,-3.3089142,1.5554200190876097,2.5930727,0.51637065
2019-08-08 09:00:00,28.52953161736309,37.340973,21.648102,12.721564133873354,21.061695,6.0144157,1.4530346989489367,2.616418,0.4725031
2019-08-09 09:00:00,28.955731363529083,38.747223,21.950592,16.4600583304273,19.096153,14.036865,1.848287667561161,3.4957325,0.8668061
2019-08-10 09:00:00,28.429643817709177,37.894684,21.377106,9.9188032063059,14.1614275,6.2122087,1.8360552921223106,3.3402405,0.97963566
2019-08-11 09:00:00,27.2749361781448,36.313873,21.372467,15.614366944240361,21.897816,7.323597,1.9571744190000666,3.2728505,1.177912
2019-08-12 09:00:00,27.33105963185426,35.717926,20.999176,6.213427118338106,10.568736,-0.03285122,1.4582309524514705,2.4125855,0.41638154
2019-08-13 09:00:00,29.322091102334127,36.94156,21.639557,9.543617591814092,18.94163,0.61741066,1.1210668125302479,2.3981175,0.26465383
2019-08-14 09:00:00,30.924238928197212,38.463287,22.72696,12.29685055156193,14.347831,8.7976675,1.205032268504962,2.8153582,0.39371625
2019-08-15 09:00:00,31.954549979817614,40.929596,22.912018,7.6604071721942635,11.379845,5.0242968,1.7129419560413515,3.5994828,0.71730644
2019-08-16 09:00:00,31.21539009312272,41.38321,22.160553,3.5811224207799195,5.8080835,1.6192198,1.7841228440523196,3.3270507,0.63131344
2019-08-17 09:00:00,29.13856355450315,40.26944,20.285065,6.497011209481167,13.064287,1.7073908,2.0641056956074246,3.95264,0.9337238
2019-08-18 09:00:00,27.648052296765854,38.396393,20.665924,10.810685244713337,15.12263,5.3179426,1.837811795854933,3.4486032,0.93725604
2019-08-19 09:00:00,28.54116377762091,37.47867,21.05484,13.34072602104419,18.613161,10.023317,1.6064185220327893,3.0976107,0.42030513
2019-08-20 09:00:00,29.89886991866922,38.131744,22.04483,10.535430841151324,12.615433,8.157807,1.8313287878676354,4.169784,0.8113662
2019-08-21 09:00:00,31.341038335549683,40.481354,22.682526,5.66315538945424,7.665327,4.427046,1.5622557301032987,3.374341,0.719661
2019-08-22 09:00:00,32.18824761395018,41.31656,23.441559,3.5181732274665842,4.6803923,1.8619032,1.5284302701327426,2.5594597,0.6695124
2019-08-23 09:00:00,27.908269656786047,38.371002,20.850494,4.799683694068824,9.348269,-1.8312473,1.9041120446828612,3.5514157,0.7922189
2019-08-24 09:00:00,30.560037438781592,36.907623,23.275787,21.796086213248312,34.524403,15.89996,1.0701595625888891,2.21867,0.16200143
2019-08-25 09:00:00,31.504265367497794,36.189606,25.583405,34.52478060534201,47.46655,14.420294,1.2319881547219091,2.2288635,0.2140964
2019-08-26 09:00:00,31.373939770121297,37.542145,25.534332,30.403791479430875,40.04128,20.281288,1.2566148999245745,2.5689955,0.61133546
2019-08-27 09:00:00,31.12912710064967,38.361725,24.146881,32.39260970237071,37.7704,27.03069,1.3419151541846863,2.7025318,0.26536033
2019-08-28 09:00:00,30.28093732913885,38.81314,23.010406,35.64417792774132,43.729897,26.440836,1.675401119345781,2.9211435,0.52414995
2019-08-29 09:00:00,30.138170236224482,39.29312,23.035797,31.363407660095618,42.447495,22.666245,1.3707571046804174,2.7605278,0.4387069
2019-08-30 09:00:00,31.218291646381886,38.116608,24.223297,19.835427483289962,27.904924,11.904924,1.607125628441883,3.1761506,0.64228654
2019-08-31 09:00:00,32.10705438489475,41.20645,24.044342,13.148689407416827,16.141396,8.922646,1.7169707200957218,3.0335104,0.8158436
2019-09-01 09:00:00,32.478802998932395,40.41275,23.639313,15.892778489567569,19.224451,9.16718,0.9958452178443016,2.641337,0.15982097
2019-09-02 09:00:00,30.86843755508221,36.696198,25.798737,34.7396720518508,49.568897,17.927654,1.0192946108681693,1.911252,0.32029662
2019-09-03 09:00:00,31.322406488011097,35.487457,27.042145,48.18345365406866,55.45755,37.513336,0.9725748725052914,1.5273615,0.48491734
2019-09-04 09:00:00,32.42349945057907,38.83365,26.349274,29.49724914942296,35.94618,21.11865,1.2752913147941676,2.6133213,0.59072363
2019-09-05 09:00:00,31.297235525773146,37.72232,26.265778,33.084114535355255,39.106964,23.574627,1.170664143031647,3.284006,0.35815194
2019-09-06 09:00:00,30.74231438981269,36.00186,26.255768,38.20787489702667,43.651276,33.15792,1.5846859070605324,2.496959,0.83685315
2019-09-07 09:00:00,31.37028413526457,39.144928,26.103912,30.68821788945699,40.459347,17.992184,1.9492656570948748,3.0067687,1.0344859
2019-09-08 09:00:00,29.36872472374779,37.60562,24.609528,9.514859980312009,15.835611,6.460611,2.65681247668769,4.408769,1.6911315
2019-09-09 09:00:00,26.11057842316859,34.60367,22.187653,12.933037622401683,19.586802,5.465991,1.6874969177502888,3.0765684,0.9161799
2019-09-10 09:00:00,26.475036391758294,33.822662,21.896881,17.678114126217274,29.999935,10.242122,2.36540635958433,3.4472349,1.0826029
2019-09-11 09:00:00,24.815471856473152,32.21866,21.920319,14.723382070254083,23.559486,5.198848,1.8005799594367922,3.0036213,1.1540284
2019-09-12 09:00:00,27.922333956489467,31.82779,22.24527,16.908494460273612,25.362835,6.6897154,1.5142369976444885,2.8278122,0.49155653
2019-09-13 09:00:00,30.157264013858025,34.279694,23.872711,20.560217692751756,25.247356,14.770794,1.1444010591994376,2.7382512,0.13819923
2019-09-14 09:00:00,31.70356694287824,37.181793,25.23648,17.699277352956944,23.005474,10.120019,0.9749389209490887,2.2975962,0.16146803
2019-09-15 09:00:00,32.94855285685816,38.397125,26.410797,15.063284558497932,19.463402,6.6344013,0.9662349000434073,2.5274737,0.23159695
2019-09-16 09:00:00,29.228102734632387,35.805573,23.912994,11.940924642213488,17.396645,3.091958,1.7201742735805952,2.940154,0.7826598
2019-09-17 09:00:00,27.695525365680055,35.095856,23.101715,13.270103977684208,25.056507,-0.44805145,2.0567884777131957,3.9884706,1.246848
2019-09-18 09:00:00,26.141135485209304,33.473297,22.56314,6.499923992313778,14.440199,2.975956,1.7988357095166032,3.8489435,0.9290628
2019-09-19 09:00:00,25.93083301165052,33.927887,22.093903,7.34222259184725,14.940979,-2.8519897,1.9548902457776904,4.374175,0.9609656
2019-09-20 09:00:00,23.85156846048193,30.150543,21.42984,12.68664745659127,27.554562,1.0933752,1.670399052727079,3.0763376,1.0969558
2019-09-21 09:00:00,26.285435132692726,30.624664,22.092926,17.471166069601214,23.657267,10.510091,0.9365839416872419,1.9862994,0.1008826
2019-09-22 09:00:00,28.55629635805292,31.493805,23.305328,17.070955270730394,22.202831,14.655611,1.1316951032181666,2.2737982,0.09808017
2019-09-23 09:00:00,28.15801383396598,32.4003,24.45694,18.735595644416218,33.669903,1.4589663,1.3481565850844046,1.923833,0.40110227
2019-09-24 09:00:00,27.202752047100148,33.49478,22.71939,11.09236343181791,16.138527,4.9471197,0.7968551524004807,2.391133,0.10759741
2019-09-25 09:00:00,27.90681923708837,31.012604,23.196198,33.85396236562603,40.95941,18.99096,1.4500210376353797,2.4942753,0.3654688
2019-09-26 09:00:00,25.01265758852702,28.421783,22.691315,49.29461454306332,63.260952,29.401577,1.4410546931564552,3.8481846,0.061465446
2019-09-27 09:00:00,21.55681594830935,26.592194,18.4086,74.33775054977234,88.49668,62.793774,2.2876780877426306,2.9845726,1.0962267
2019-09-28 09:00:00,22.24780491273242,29.503815,19.548737,56.6455086975086,76.0833,33.97783,2.4992901176922575,3.9562204,1.8672003
2019-09-29 09:00:00,19.985010278965092,26.566803,16.6586,47.10929993299719,83.651596,12.296126,3.1836264608392195,6.0741854,2.199119
2019-09-30 09:00:00,20.368706602861437,25.514557,18.33902,7.851385060395554,14.812813,1.910469,1.6516288272347857,3.5004675,0.80890965
2019-10-01 09:00:00,21.024724118597533,27.096588,18.189117,14.084150438226255,27.637333,3.3622847,1.6014362641751145,3.2041395,0.9881598
2019-10-02 09:00:00,23.030326707048232,26.711334,20.656647,13.70493848238966,23.75287,4.8864594,0.49249201125578385,1.1982968,0.108685665
2019-10-03 09:00:00,24.40463993234971,27.629791,20.842682,6.8634855135540045,14.380216,0.08598995,0.7910019874692592,2.4599228,0.0075725582
2019-10-04 09:00:00,24.167463510255402,30.054596,20.548737,3.0919794667546547,7.5306025,-1.4962702,1.3632478173138962,2.7170854,0.75584084
2019-10-05 09:00:00,25.892410890962537,30.656403,21.500153,3.68713495005295,9.546247,0.7337465,0.6647576513498692,1.9486556,0.18569566
2019-10-06 09:00:00,27.72849651794627,31.069489,22.247711,5.158772737295495,14.145382,0.52710533,0.5473262796497499,1.818625,0.19394492
2019-10-07 09:00:00,28.58783508273109,32.025543,23.397858,11.879887110983402,14.974176,10.0941725,0.7700267286401876,1.8070433,0.17029643
2019-10-08 09:00:00,27.055739165628154,31.914948,22.407135,15.107496268501752,23.096338,8.0732565,1.2384211923028399,2.5826764,0.65244484
2019-10-09 09:00:00,26.044449578842602,32.759674,21.972565,12.427443891171244,20.307426,6.9450216,1.92956612081805,3.374608,1.0416902
2019-10-10 09:00:00,22.90638464385262,30.77481,19.131256,18.575049833687885,26.840887,10.876043,1.160718987612299,1.9915854,0.15784821
2019-10-11 09:00:00,24.241669365992607,27.934723,19.83316,6.529311871628457,9.722913,3.9104128,2.112684410125562,4.3316345,0.22605361
2019-10-12 09:00:00,24.225152667661064,26.58194,21.786285,10.512959856969,14.035264,6.8672953,0.8223596822443161,1.9628707,0.16918477
2019-10-13 09:00:00,23.85005003814433,27.024567,21.467926,17.099065543215747,23.706825,14.3341465,0.807222975076962,2.134075,0.07224814
2019-10-14 09:00:00,21.822404145754547,25.826324,19.917877,19.348789347577103,34.72166,2.2598877,1.4389975764267822,1.9148561,0.81721663
2019-10-15 09:00:00,24.273191576542274,27.067047,20.619537,13.80220932626552,18.577984,4.689946,1.279195245323592,3.3465836,0.35784298
2019-10-16 09:00:00,27.5919076120324,29.67984,23.119293,26.48949049518126,29.413265,22.721859,1.5272188442781072,3.263179,0.21717443
2019-10-17 09:00:00,25.69552384857792,30.370758,21.825836,24.271132522086344,29.850008,20.643055,1.547212826683695,2.4353697,1.0907164
2019-10-18 09:00:00,22.13025372432918,27.04068,19.694977,21.33101474316075,30.417257,8.30007,1.9753168242306856,3.2776606,1.2276126
2019-10-19 09:00:00,23.575373239195017,27.568756,20.788239,12.752791272263773,18.938248,7.4425325,0.9194161953959218,1.9635556,0.28953242
2019-10-20 09:00:00,24.336448200925076,27.194489,21.34488,15.618011883768473,21.286766,10.343128,0.6277254698376634,1.7546203,0.20227693
2019-10-21 09:00:00,26.893719027147256,30.173737,23.48233,17.888973135472654,21.635115,13.365583,1.3754216848364766,3.4945538,0.27236432
2019-10-22 09:00:00,29.61858975336463,32.288483,26.603668,16.593534104738353,19.243198,13.615694,1.4302881040713376,3.3158145,0.14048263
2019-10-23 09:00:00,29.574698048577886,32.005524,26.431305,14.760887353475855,15.61854,13.856761,0.5332966641766159,1.7642527,0.19391032
2019-10-24 09:00:00,29.755199582172736,32.12686,27.490143,12.18356218621102,15.480087,9.150313,1.257571615491778,2.8891346,0.43245766
2019-10-25 09:00:00,27.762370015198655,31.718658,22.885162,7.345488524204767,9.242416,4.7993965,2.56246586226353,5.6470914,0.56847805
2019-10-26 09:00:00,27.73448249425826,30.027985,25.662018,11.42842442232395,12.505158,10.35969,0.57248443755905,1.4512653,0.061210908
2019-10-27 09:00:00,26.05716126283869,29.489166,22.801666,13.179708212327625,14.842123,11.232748,2.5833477516813463,4.619181,0.8849306
2019-10-28 09:00:00,19.905272904711524,25.239807,15.454651,12.96904955172106,23.26389,1.5958052,0.8851976620014321,1.388931,0.1318112
2019-10-29 09:00:00,19.828123589142137,22.314056,16.569244,14.905337646217632,22.90236,9.855486,0.7898024974788731,1.2264072,0.40376952
2019-10-30 09:00:00,19.148194734748074,21.885468,15.022186,8.617558261994711,10.925973,4.9689417,1.529558632363999,2.7812395,0.647396
2019-10-31 09:00:00,19.188620834830033,22.85794,14.421295,3.1594547650882747,6.5826073,0.38338852,2.5079372165865244,4.6635575,0.549861
2019-11-01 09:00:00,21.522190179167694,23.92276,18.602448,4.688902552013183,6.412957,3.442378,1.4497437983652297,2.8468435,0.2450503
2019-11-02 09:00:00,23.01198832300622,25.460358,20.700592,3.325615415242185,5.215928,2.484352,1.1748018125279094,2.720259,0.18354592
2019-11-03 09:00:00,23.598232871339064,25.696442,20.503082,4.351035099037181,5.600295,3.117096,0.4646222660392271,1.0369407,0.20981014
2019-11-04 09:00:00,23.611271903256693,25.732819,20.830475,6.9670597227251125,10.165259,3.9588766,0.6662491365045585,1.9783378,0.1470173
2019-11-05 09:00:00,23.07400034410705,25.391754,19.87613,11.799940221876808,19.012875,5.471389,0.9757183800543435,1.9669458,0.03680085
2019-11-06 09:00:00,23.23158102485064,27.105621,19.52945,26.47189791577278,28.448236,20.63813,0.8658665412504742,2.0681663,0.24867676
2019-11-07 09:00:00,22.245786925445657,27.260468,18.26242,18.643318708765268,21.206448,15.283701,0.7760519604719491,2.1757925,0.077805124
2019-11-08 09:00:00,24.177116023053827,26.372223,20.538727,20.192688043556878,22.25089,17.754797,1.1786558002860898,2.4726756,0.33366442
2019-11-09 09:00:00,26.024790923449473,28.092438,23.274078,17.62459672268683,21.663761,14.583335,1.0176427108525397,2.234187,0.41816193
2019-11-10 09:00:00,25.435279255675994,28.25357,22.167633,13.924732096540545,17.281868,10.707175,0.5540206506494992,1.6904887,0.08463424
2019-11-11 09:00:00,21.935918101907305,25.436798,18.567657,11.352578058919104,13.34222,8.303158,0.6993339000755275,1.4115479,0.3811508
2019-11-12 09:00:00,22.526922578981726,26.491974,18.449005,11.207613127731337,15.845987,6.859497,0.8739504287616995,1.9404984,0.0075062774
2019-11-13 09:00:00,23.19009045762499,25.567413,19.713898,13.530121534664374,17.671185,11.536782,0.64143000688144,2.2628255,0.11407174
2019-11-14 09:00:00,21.538210385467664,24.928314,18.227142,14.405130997196721,16.564865,12.793863,1.110960561555932,2.841917,0.43693766
2019-11-15 09:00:00,21.19228571234015,24.5961,17.937897,18.825105087973697,30.18132,9.521164,1.360524253553141,4.0879025,0.5074755
2019-11-16 09:00:00,21.568631222348017,23.524323,18.044098,23.438348067874557,28.438587,13.551875,0.9553622073835472,2.1504202,0.2634628
2019-11-17 09:00:00,25.578870266743365,28.311432,22.686432,15.873958830307686,17.662355,12.792071,1.186544039385697,2.951741,0.28514853
2019-11-18 09:00:00,27.178710350018036,29.739655,24.485016,13.565375998122299,17.011541,10.343573,1.6826757179206422,3.0191689,0.4578265
2019-11-19 09:00:00,25.370890668052255,27.800201,22.622467,19.02646167464275,26.121239,13.559746,0.7040003750309222,1.0364835,0.36755723
2019-11-20 09:00:00,19.009663087076888,21.96939,16.682281,83.824875856517,94.040726,72.893394,3.4660670229267896,5.0814095,1.1986969
2019-11-21 09:00:00,13.337745465039404,15.603668,9.996246,84.9289548489014,96.43944,73.818344,2.418023030165209,3.7790353,0.28709012
2019-11-22 09:00:00,14.848309613257925,17.02774,11.59259,75.5298347031667,81.12562,67.88734,0.8102399394024231,1.4680672,0.287922
2019-11-23 09:00:00,16.178032896251295,18.49527,12.866364,43.168515847291964,57.31407,33.827763,1.6257376195719173,3.2561653,0.4760162
2019-11-24 09:00:00,18.76787525336192,20.312653,16.552643,18.876488799266205,24.156742,14.324711,1.1533370892354535,2.3811183,0.2891218
2019-11-25 09:00:00,18.99936208576031,21.237213,16.575104,20.346765452837595,24.640053,16.815647,0.8964499393159525,1.8777103,0.16084327
2019-11-26 09:00:00,15.36958500965676,20.789703,11.7604065,24.914220613879646,37.943733,17.084356,0.8766642258480423,1.3199037,0.33697075
2019-11-27 09:00:00,14.252074749235419,16.698395,10.149567,22.282301042735536,35.960716,15.4489975,1.637055000693739,2.619806,0.6241432
2019-11-28 09:00:00,11.688614897748721,15.153839,8.188995,83.49482983849114,93.32137,67.77806,2.051697875073952,3.1903882,1.0129417
2019-11-29 09:00:00,7.924552806983058,12.149841,3.5697632,81.171282654373,96.80934,63.42653,1.7722011928680028,4.5975156,0.5902254
2019-11-30 09:00:00,10.698415087200999,14.369171,6.6992493,75.47312457517909,81.98451,67.57243,0.6473663078044889,1.5561984,0.23563465
2019-12-01 09:00:00,13.008566231313921,15.69278,9.370514,36.151296293253424,47.714012,19.585106,1.5656617686033998,2.6831076,0.45497862
2019-12-02 09:00:00,15.837275985227734,16.958893,14.072174,23.45321592864419,32.793007,9.515661,1.0337858611010968,2.1236222,0.1460921
2019-12-03 09:00:00,16.412337236636347,17.78534,14.138855,25.348169132893826,35.656425,18.285332,0.8868906487772453,1.7579805,0.32157856
2019-12-04 09:00:00,15.794296454237553,17.49527,12.753082,42.337169517496164,55.955555,34.287586,1.2073276750812465,2.1461809,0.05338427
2019-12-05 09:00:00,14.052147394090753,16.466461,11.503571,60.72131473609858,84.50638,52.17605,1.0852558667807621,1.8801893,0.23752971
2019-12-06 09:00:00,16.146079496526113,18.391754,12.685944,34.39080529298448,57.232235,11.380672,1.1947921836464672,1.9775505,0.3286821
2019-12-07 09:00:00,16.255211219116006,17.88321,14.174225,70.43749112262984,81.67362,53.56034,0.6586494503587091,1.0169843,0.16103457
2019-12-08 09:00:00,15.521476130825647,17.319489,13.005035,82.96220298558447,94.455925,72.35046,1.4838031566278884,2.3722193,0.64035773
2019-12-09 09:00:00,14.216622206148031,17.533813,11.138794,63.9162003661133,69.17947,54.757587,1.5810740831286556,2.9301364,0.7344566
2019-12-10 09:00:00,16.067775209876004,20.048431,13.575867,24.193506551403026,36.795265,16.193703,0.35857573186739145,0.7172758,0.071644
2019-12-11 09:00:00,16.247568822006258,17.835052,13.810272,10.88509438297623,20.396635,4.5613575,0.6291545584200086,1.7599474,0.2199379
2019-12-12 09:00:00,16.77668854592821,17.770233,15.447968,27.613745647242173,31.152275,22.566338,0.4878442385353962,1.8284212,0.07811308
2019-12-13 09:00:00,18.61177730216832,19.527924,17.512604,30.507955267635143,37.003563,26.566486,0.35543017160426393,0.6707911,0.10011884
2019-12-14 09:00:00,17.9791289005704,19.927277,16.626495,40.132623561668545,44.361423,37.24033,1.44355216778359,3.0305567,0.57666105
2019-12-15 09:00:00,14.990932139480037,19.665192,11.815582,60.060786959400865,94.57001,18.61298,3.1391206265420197,5.8996267,1.5951154
2019-12-16 09:00:00,14.301751379688596,17.34201,10.111542,19.080355320305674,27.802534,8.576084,1.1372549594349903,2.396771,0.21636479
2019-12-17 09:00:00,14.211250633133488,18.277435,9.263763,5.8877660286906695,13.867933,0.46558952,3.0199926556176733,5.7506523,0.77052176
2019-12-18 09:00:00,13.375207201733701,17.456207,8.688904,5.393190852893077,12.239792,0.14213574,2.136372671376131,4.0737333,0.38228005
2019-12-19 09:00:00,13.372180325205761,15.4322815,10.910797,19.020198256342606,22.235817,11.912498,0.5072394438826238,0.8900391,0.15146114
2019-12-20 09:00:00,16.519589058313557,18.591217,14.263092,15.642171045329436,18.273933,12.539557,1.5804206413380457,3.243782,0.23404495
2019-12-21 09:00:00,18.45817585251376,21.920807,14.918854,9.102818823635419,11.336838,7.387619,1.9671728795424555,3.5854764,0.13692065
2019-12-22 09:00:00,16.92670456908371,20.305206,13.723175,6.608258089818753,9.843718,4.394699,1.5708001760926056,2.6056328,0.24393138
2019-12-23 09:00:00,14.607483548423659,16.013824,12.568512,20.791263936800515,31.500044,7.4731054,1.1050826476094495,3.1456532,0.28211632
2019-12-24 09:00:00,11.088428503046146,14.88736,7.1549377,77.94926369018128,88.567726,64.41886,0.7542800458930827,1.2607445,0.07931125
2019-12-25 09:00:00,10.879259712751377,14.268707,7.08902,74.96367127199764,90.79051,53.659813,2.4608605465271323,4.4393086,1.413168
2019-12-26 09:00:00,10.479206593411902,14.081757,6.460663,80.06314301374138,89.57075,67.98888,2.5423325702492447,4.9170527,0.13520934
2019-12-27 09:00:00,9.14532452455228,12.406708,4.365692,65.60704877983932,74.91364,58.257393,0.6116682291497275,1.3515091,0.04873974
2019-12-28 09:00:00,11.204780327339677,14.289337,7.5725403,40.64486473864698,56.41444,15.195691,1.0391724769535413,2.1315362,0.12320974
2019-12-29 09:00:00,12.578547780320378,14.836761,9.72934,30.34363941469784,47.11413,12.582879,0.9070116263583162,1.9471843,0.25791466
2019-12-30 09:00:00,12.071068735840527,14.626953,8.826172,39.35184350848544,51.818962,20.316296,1.5171031613390535,2.279923,0.34744865
2019-12-31 09:00:00,15.028619939195607,17.51712,11.899933,39.53132191064183,48.599014,30.43886,1.9904229097462989,4.1394243,0.56688124
2020-01-01 09:00:00,16.878954465724576,20.07956,12.825104,27.104715725508115,35.00408,21.062675,0.6678893391039876,1.2932512,0.07701688
2020-01-02 09:00:00,15.330079805693572,16.320465,13.933014,27.734001730433697,35.43578,18.45197,0.637344967262035,1.2690775,0.068487726
2020-01-03 09:00:00,16.85049003249668,18.514557,14.457916,23.645191167996447,25.683216,21.220325,1.0250991786301977,2.037317,0.20066111
2020-01-04 09:00:00,17.98904763460621,19.68692,15.651764,23.041646236666473,24.871374,19.913368,0.4786677224519154,0.8642296,0.088787235
2020-01-05 09:00:00,18.148650071637178,19.177643,16.808502,8.297589416869751,17.563246,3.2140408,0.5904244167495248,1.7074285,0.10611707
2020-01-06 09:00:00,18.156078933805247,19.78238,16.528473,6.94306688759312,12.878637,4.3205457,1.8745351891097974,3.478886,0.23411687
2020-01-07 09:00:00,20.3865717344504,23.414276,17.424042,5.416932191700116,8.261328,2.8582497,2.075111172963652,3.5203211,0.1554419
2020-01-08 09:00:00,18.786653243921762,20.288147,16.645569,7.176664822773507,9.529767,4.594849,1.2696433978651058,2.026866,0.769632
2020-01-09 09:00:00,13.477262514293159,18.411713,9.960541,34.9699610213564,59.007545,8.874734,2.682485459087391,4.903259,1.668133
2020-01-10 09:00:00,12.64001108876613,14.413727,10.230133,20.79872679780688,35.25637,13.408716,0.7014406035701105,2.3248816,0.031064894
2020-01-11 09:00:00,15.475940647498419,17.942902,14.1909485,15.120507713057108,28.065926,1.8277645,0.6779396717981457,1.2142255,0.29260248
2020-01-12 09:00:00,13.903122960847384,17.882355,11.873688,21.950928037676224,38.770245,10.467954,0.8533557724709722,2.0249617,0.24666758
2020-01-13 09:00:00,15.186362741078824,17.719818,13.321381,23.034683006546814,34.080605,7.813778,1.178484840236292,2.0179322,0.64686155
2020-01-14 09:00:00,14.91796553249526,17.010895,13.102692,17.40740198495829,24.945297,11.117879,0.7824577812602324,1.4924586,0.40900764
2020-01-15 09:00:00,15.39769435954139,18.921173,13.725861,5.816046839870555,12.991729,-0.6040182,0.7031177683004889,1.6404114,0.11158832
2020-01-16 09:00:00,16.33660018564916,17.78598,14.582855,8.485394586886189,15.120229,4.2999163,0.5458388809585946,1.5366099,0.244496
2020-01-17 09:00:00,13.258092648520574,17.488922,10.674469,43.15539106190631,71.07564,21.53267,2.169314059556424,3.365854,1.107409
2020-01-18 09:00:00,15.275284914702922,16.958832,13.484222,11.882152413010447,20.172634,5.6843524,1.3586623072888178,2.714607,0.5953683
2020-01-19 09:00:00,18.261298727861117,20.407196,16.680634,11.618421557522504,15.492919,8.501497,1.7998460062099841,3.592926,0.26975185
2020-01-20 09:00:00,17.909341168501783,20.630524,15.839508,13.641746626617879,20.52884,7.245385,0.8540483368035914,1.7734411,0.21925163
2020-01-21 09:00:00,14.415536792050887,18.567047,12.082672,31.579662960138098,45.491253,15.858443,1.258843985684877,2.1433985,0.6215598
2020-01-22 09:00:00,13.75157958596077,17.231964,11.68985,59.60406803580341,67.5248,50.29938,1.3038558165564431,2.162722,0.3491136
2020-01-23 09:00:00,16.970236360485558,18.222809,15.732574,33.88136132674099,42.32346,29.138277,1.0648420318235434,2.3171773,0.25446033
2020-01-24 09:00:00,18.93689731066354,22.149567,16.366364,19.987623352719183,25.85477,15.377711,0.6406564976045714,2.0998302,0.10775983
2020-01-25 09:00:00,18.37380081010747,21.216522,16.284882,25.35178119431427,29.802275,14.431181,0.37076513831294794,0.71820486,0.08629703
2020-01-26 09:00:00,18.532829629011815,21.62564,15.383453,26.580655787029386,35.64554,21.310913,0.7008199581206352,1.702041,0.2587694
2020-01-27 09:00:00,16.828537954161447,20.32608,14.128815,28.2313568545099,34.750427,21.91449,0.743714839858016,1.8302706,0.16707733
2020-01-28 09:00:00,19.104423691907755,22.718414,16.743073,24.880818196140446,32.07584,21.137264,0.37359881474756407,0.9646103,0.024445219
2020-01-29 09:00:00,19.532669641575296,22.489746,17.72998,17.22634847124329,28.92285,9.779212,0.6065769900469946,1.0339508,0.2126039
2020-01-30 09:00:00,18.26672395966102,20.577301,15.189606,12.701141458519743,14.91881,7.407091,1.9737234145581424,3.067944,1.1500695
2020-01-31 09:00:00,19.394734416314293,20.88681,18.092926,12.354680968921597,18.11742,5.9221087,1.2642868801034457,3.1525443,0.2304365
2020-02-01 09:00:00,22.02051407370027,25.01297,19.366486,7.185210466711252,10.06447,3.2675953,1.2360759013645644,2.7501621,0.1388387
2020-02-02 09:00:00,24.351887354984683,27.745026,20.64737,14.011695307699771,16.438515,11.551796,0.7583699098808184,1.8394628,0.18098825
2020-02-03 09:00:00,16.874350068008482,24.190094,14.348297,23.61338043412045,38.450073,13.938353,2.578532260305672,3.800482,0.9593272
2020-02-04 09:00:00,12.170027641600598,15.596405,7.594452,14.972367791704167,19.389881,9.452479,1.997506333071845,3.772266,0.8951553
2020-02-05 09:00:00,11.448877930192566,15.190216,6.7746887,9.038415408690962,11.390932,6.9920826,1.2096624223636492,1.9847332,0.714645
2020-02-06 09:00:00,14.455738465414413,15.6409,13.601837,20.77203902237193,29.686758,12.030711,0.9057586672905814,1.5054762,0.40103522
2020-02-07 09:00:00,16.955888881840508,19.255646,14.960724,19.027881020395178,23.012539,15.25082,0.7910587505645322,1.2219516,0.4992267
2020-02-08 09:00:00,19.10586147326569,21.625153,15.377106,17.713842253340044,21.130932,13.362852,0.756263251162503,2.7061625,0.18956779
2020-02-09 09:00:00,18.369765229736515,23.706665,15.101196,26.763648170544208,34.725964,21.245495,2.7999103630767137,4.282288,1.5570673
2020-02-10 09:00:00,11.372335982945515,16.127197,7.6174316,67.35325580367358,82.62654,57.05343,0.7433147373227411,1.83205,0.05641852
2020-02-11 09:00:00,14.369973749030862,18.237946,9.949402,15.136296008664575,20.569931,11.281763,1.355652856141199,2.6145394,0.2677257
2020-02-12 09:00:00,15.45536533394909,18.480133,12.263336,13.912476006285553,18.365948,9.635478,0.6431944987710563,1.1019193,0.345902
2020-02-13 09:00:00,15.790859279741142,18.955048,13.371948,24.592353374876524,34.842567,16.900574,0.23129826230189968,0.4327811,0.023681939
2020-02-14 09:00:00,16.842133227156012,18.430023,15.125336,19.67832265270755,27.438152,9.313152,0.6678502944171262,2.4568264,0.11122409
2020-02-15 09:00:00,17.364995202865714,20.51236,15.754547,14.734642985845934,23.407894,11.620406,1.027307301594157,2.548886,0.47109526
2020-02-16 09:00:00,18.41981672246743,21.830536,16.072723,10.96809689878724,18.887302,5.1880836,0.9336768931613366,2.2942936,0.44027007
2020-02-17 09:00:00,19.334095813776457,23.288788,16.310272,23.484650756798388,29.038685,18.5425,0.914391386541166,1.5035921,0.53427345
2020-02-18 09:00:00,19.499716330991305,24.016876,15.905548,24.962669571851535,30.83019,16.854355,0.6898252734094525,1.5008934,0.006676096
2020-02-19 09:00:00,18.483905286783852,22.686584,15.229553,18.628027527041127,26.282543,9.720896,0.6415849503624806,1.3181974,0.16511011
2020-02-20 09:00:00,19.892237383246652,22.974365,16.483734,20.604391900267252,26.8956,11.710937,0.7782773860857645,2.0234735,0.2651791
2020-02-21 09:00:00,20.804250091114454,23.034882,18.305817,22.54170345775576,28.674337,20.846882,0.9161429574641354,1.9777833,0.18496406
2020-02-22 09:00:00,19.39402395421871,23.371246,16.931793,26.254565944755754,34.089073,19.81173,2.2527947443690883,3.853852,0.95315963
2020-02-23 09:00:00,13.662457317963742,16.94986,10.377594,62.25901688362135,85.57134,46.89242,2.2001337793988807,4.6010857,1.1053807
2020-02-24 09:00:00,17.225524536937826,22.377594,15.53775,22.912905005167325,32.70596,15.855154,1.0817338604879554,2.3256383,0.5150167
2020-02-25 09:00:00,20.986981581714815,24.806793,18.232574,12.92585869216795,19.043343,8.67225,1.2054349037343852,2.6637487,0.37778154
2020-02-26 09:00:00,21.731986130925463,24.3732,18.068512,11.41296396503866,15.256616,8.809469,3.1433437075560855,6.223008,1.3283365
2020-02-27 09:00:00,21.368430780066547,24.280182,18.100494,10.66172129926889,13.676183,8.5004015,2.202275982870149,4.5011053,0.44946036
2020-02-28 09:00:00,22.899283797387454,25.184967,20.208405,9.203565436863695,11.114296,6.8684473,1.90881387621836,3.6522412,0.44161502
2020-02-29 09:00:00,21.975262339659253,24.552155,19.852936,11.420381949102834,12.826163,9.701605,1.690879141009587,2.9178984,0.7165936
2020-03-01 09:00:00,17.356209201541617,23.750458,15.01413,27.01696997828217,45.230865,13.652741,3.675299772275286,5.617145,2.8030667
2020-03-02 09:00:00,12.367888975669814,14.954987,9.387604,71.3472729478095,87.720215,51.426132,1.3455993183437158,2.2969463,0.2992857
2020-03-03 09:00:00,19.330528378233225,21.167877,17.439362,16.59482829135655,19.844385,12.332666,1.6166614724069284,4.1043115,0.21677883
2020-03-04 09:00:00,20.835650539408164,25.740143,18.521393,19.13374505928559,24.252542,13.395945,0.859539667055896,1.590432,0.42009798
2020-03-05 09:00:00,20.08695076702753,23.30777,15.982819,26.365762432386834,30.363195,22.382132,0.6914134895214666,1.6221162,0.22693634
2020-03-06 09:00:00,21.333020390467823,23.889801,16.83316,22.09018423114827,36.494957,10.277259,0.9255843031215346,2.8286204,0.12263383
2020-03-07 09:00:00,19.685998163375302,25.89029,16.263336,29.953440858836853,34.85904,24.804352,1.887366811146496,3.0346048,1.1488243
2020-03-08 09:00:00,14.698759511975084,19.931793,11.601715,64.81272666965225,82.238754,43.42516,2.598631403454613,5.4179063,1.5683517
2020-03-09 09:00:00,16.99469043089198,20.476166,13.96109,39.78065733387183,59.11016,16.194235,0.9326886754912596,1.9424499,0.3392321
2020-03-10 09:00:00,17.22838735461295,19.522125,14.38736,55.21923942382442,72.01463,39.11229,2.158405856240663,4.1877556,1.2691566
2020-03-11 09:00:00,15.926831590786605,18.033844,12.778717,72.0717575561513,91.41977,57.297752,1.3748518522451938,2.467386,0.48464686
2020-03-12 09:00:00,17.342843257680784,19.527496,14.955231,73.3528602954627,81.97508,62.73252,0.8637962880108568,2.711163,0.19133799
2020-03-13 09:00:00,12.71184671724933,15.770416,8.904205,83.29971070606325,94.66461,71.27294,2.41770884766134,4.1981926,1.3014324
2020-03-14 09:00:00,13.918559079553518,16.703857,11.244873,91.31655550481965,100.800514,71.934586,1.977340543797173,3.5706954,1.0588539
2020-03-15 09:00:00,14.90961467457214,18.907135,11.947418,74.1480030553277,87.93572,49.3615,1.7785665928728474,3.4387882,1.0494012
2020-03-16 09:00:00,14.5940922132055,19.32724,11.5225525,63.44020226724663,86.521034,32.534763,2.177932483859798,3.436423,1.4474602
2020-03-17 09:00:00,13.43887323911099,17.266754,9.829254,70.12815739942612,81.451004,58.84163,3.105404028328426,5.091585,2.274897
2020-03-18 09:00:00,12.505576848342287,16.310211,8.870758,55.60920276770196,72.7764,38.145973,1.034856114631877,1.817447,0.17271076
2020-03-19 09:00:00,11.091440875242768,14.085846,7.2623596,77.19418915800307,85.672226,59.35011,2.651654821796571,4.593385,1.3315846
2020-03-20 09:00:00,14.08892781771982,15.782623,11.31778,78.4910616767439,87.18689,66.015015,1.3686054031065185,2.3386195,0.73969805
2020-03-21 09:00:00,14.67670142327131,16.891754,12.336304,68.96363232585878,80.41135,54.04621,0.67882028190036,1.5551387,0.099029526
2020-03-22 09:00:00,16.80398901148351,19.867767,14.9964905,40.718262273324555,48.17316,29.07726,0.9192128839764143,1.556143,0.5852426
2020-03-23 09:00:00,17.08017219649156,21.40335,14.184601,71.88349220984186,80.69426,57.038006,2.963894911683337,4.680181,1.64672
2020-03-24 09:00:00,14.876726185076564,18.93814,11.917389,46.58340353294624,61.350906,30.389969,1.9380910446097475,3.9714606,1.0302253
2020-03-25 09:00:00,15.402982089637874,21.042145,12.087067,69.39293187517534,88.23099,29.637012,2.8863891616495696,4.7664323,2.1600683
2020-03-26 09:00:00,12.885518533618438,17.42569,9.128815,69.73059929272414,88.07536,47.883957,4.1625856586727,6.3666453,2.7818813
2020-03-27 09:00:00,11.60679203998734,15.619537,8.067535,59.50150083890033,80.17868,42.193157,2.8654992881955006,4.805348,1.7233402
2020-03-28 09:00:00,14.767714210638758,18.128082,12.935455,33.90370705428154,43.836952,21.05961,1.251508733678164,1.8742176,0.59692585
2020-03-29 09:00:00,15.401804430211598,19.994537,12.363678,29.824046845105592,48.37489,13.352409,1.2800605164255885,2.240553,0.79145753
2020-03-30 09:00:00,17.72580274898297,20.831696,16.445953,26.948106339450547,37.15636,15.589953,1.6207915959858143,2.78972,0.97064984
2020-03-31 09:00:00,19.867860152270055,23.972809,16.763824,9.696852816256145,19.14943,3.0009909,0.9323290562171382,3.3741517,0.11237781
2020-04-01 09:00:00,20.690796801045394,24.431793,17.322418,20.012160147710507,25.368025,16.340681,1.1827369971737576,2.0664265,0.4996475
2020-04-02 09:00:00,19.355076582235938,27.973175,16.64505,30.296209482650166,50.47203,7.2964563,2.7253708127829923,4.838764,1.8486025
2020-04-03 09:00:00,17.39753484287513,24.87613,15.219879,21.822965787614116,39.285683,-0.8255129,1.7338875317558913,3.461591,0.79161346
2020-04-04 09:00:00,17.54960022017184,24.9794,14.514557,30.503221304663874,54.855804,13.492524,2.2414621005239197,4.184692,1.4502585
2020-04-05 09:00:00,16.70673973777508,24.355865,13.588287,58.03442541703315,82.69887,34.069965,2.9974809161258094,4.9191527,2.2340565
2020-04-06 09:00:00,14.601542941243679,21.097809,11.197418,80.43578732235282,97.65164,45.34718,3.8517586387911154,5.875876,2.169476
2020-04-07 09:00:00,14.440023105683224,18.39273,11.645416,91.93094447019924,99.55334,74.12365,2.3369225906998543,3.7259839,0.83458865
2020-04-08 09:00:00,12.817913382643326,16.469635,9.584869,77.76439977169304,93.81536,47.299736,2.1828364146030603,3.5659783,1.3950694
2020-04-09 09:00:00,11.826940179519056,14.567535,7.7257385,77.41048915867947,89.96064,60.9372,2.349396120289199,3.7821882,0.7961089
2020-04-10 09:00:00,11.993909161058298,14.396393,7.9198303,90.05061816982159,99.24067,77.68086,1.976042406358749,4.595008,0.2151863
2020-04-11 09:00:00,13.529129999507177,15.739655,11.339264,76.11087136669602,88.06242,58.180077,0.6715414961578343,1.3055407,0.08167673
2020-04-12 09:00:00,16.442267696171257,20.229156,13.453766,59.05093761456515,86.02217,38.545284,2.665740214747074,3.4536455,1.6842624
2020-04-13 09:00:00,13.928549145710122,18.76236,10.416901,82.2963735412651,98.42575,43.655323,2.828462372764794,4.7863245,1.9601349
2020-04-14 09:00:00,18.35612930789665,20.845856,16.199371,36.18852964082508,43.430088,25.63712,1.480423018854113,3.9439008,0.4231646
2020-04-15 09:00:00,21.512530088739936,23.335358,19.495514,19.3590573924565,34.62326,10.0763855,0.7729393174499447,1.9201518,0.15810254
2020-04-16 09:00:00,22.272362451216395,26.32022,19.908112,16.551569011493395,23.074295,10.609472,1.5954680009526714,2.9769983,0.7534532
2020-04-17 09:00:00,20.091611839387042,27.72647,17.230377,21.261230261221463,32.799217,9.537577,2.249961757383914,4.538157,1.4101654
2020-04-18 09:00:00,15.339671992713136,19.97647,12.163971,76.862426650778,91.94474,31.603283,2.943930384099334,5.1744113,2.012661
2020-04-19 09:00:00,16.893538004515904,21.54654,15.242828,49.73458519362914,67.48742,40.764008,2.7066987340932656,3.8568308,2.0284953
2020-04-20 09:00:00,17.467204592116104,25.378326,14.991608,42.84753819660168,65.53305,16.859037,2.8978812622995367,4.386746,1.8370124
2020-04-21 09:00:00,16.68594769085246,23.374176,13.753082,58.043800168075386,81.171234,36.312344,2.8117670909695196,4.717817,1.975084
2020-04-22 09:00:00,23.713227741866717,28.829987,18.704987,24.706493186502403,33.751987,18.087925,1.1627211425827273,2.5571885,0.5814859
2020-04-23 09:00:00,26.33049404265728,32.47769,21.392975,18.507058528151088,21.664799,14.739018,0.985764607712174,2.036177,0.29046503
2020-04-24 09:00:00,29.063317539993193,35.049957,22.566315,16.98562501456226,23.110744,8.477932,0.2843125618935862,0.9229361,0.052182782
2020-04-25 09:00:00,28.90715609354902,34.77115,22.175446,17.791152461291947,22.874428,13.264689,0.6294895515950795,1.6736394,0.16602355
2020-04-26 09:00:00,29.19209887177243,36.02823,23.348541,14.145702579532045,17.379726,9.184736,1.20932742428251,2.798325,0.3588769
2020-04-27 09:00:00,27.350645814971188,35.985992,22.198883,13.903972788794048,21.424728,5.088791,2.1712324047271303,4.523096,0.95791006
2020-04-28 09:00:00,26.330807708444354,34.3732,19.8107,13.397002458347197,22.6567,0.861578,0.9139923255517239,1.6497024,0.34594902
2020-04-29 09:00:00,26.48814172407174,35.57144,19.348785,21.617139822670524,32.66457,8.726762,1.0116835488211828,2.2406244,0.2955976
2020-04-30 09:00:00,25.233176861772847,35.397614,18.452301,11.728273228591977,16.29836,6.673361,1.6666192741979464,2.8585403,0.6257632
2020-05-01 09:00:00,25.167665302496346,34.774567,19.67691,15.66906719024245,23.470184,9.185028,1.7754790265683815,3.7799945,0.8355615
2020-05-02 09:00:00,24.415509110611765,33.36319,21.014557,15.905687509005633,23.19212,9.65078,2.050920959606753,4.5583467,0.86849284
2020-05-03 09:00:00,23.83183419724338,31.37735,20.170319,18.48584523999692,28.56211,9.667581,2.3281959099147396,4.371652,1.3144261
2020-05-04 09:00:00,24.71897379643258,32.556793,20.351227,11.854025007271815,20.680918,4.200449,1.6565795903837992,2.7856007,0.7686546
2020-05-05 09:00:00,28.431338815500112,33.900787,22.225983,15.469440127722223,21.247787,8.482162,1.0541154605038057,3.2549934,0.14537778
2020-05-06 09:00:00,30.50919628275551,35.98477,23.313873,3.8539578766193054,8.788153,1.8499756,1.0538737764638841,2.5543933,0.38119406
2020-05-07 09:00:00,31.62282736250262,38.184723,25.12027,3.245662254343305,5.1144485,0.6585903,0.9257665423752145,1.5970007,0.36087582
2020-05-08 09:00:00,28.81769404477444,36.904205,23.095612,4.283161169666474,7.6225853,2.0610485,1.0837105766425383,1.8735743,0.44336462
2020-05-09 09:00:00,26.981925931832677,36.28897,20.453033,6.16976308637136,11.01972,0.46413326,1.4243002428757086,2.3051677,0.67592806
2020-05-10 09:00:00,25.404305175460877,34.210114,19.485504,14.439897924070742,27.363968,-0.19853306,1.6024794241854734,2.406213,0.98302907
2020-05-11 09:00:00,24.517053997949006,34.462555,19.118805,8.268418070628607,19.726078,-1.5676022,2.366172727458675,3.7355573,1.6197033
2020-05-12 09:00:00,23.147802828410306,32.06729,18.92276,15.167316184254114,29.25267,3.9080915,3.0873578217845177,5.3299546,1.978963
2020-05-13 09:00:00,19.74670931636581,25.214508,16.988678,49.644391587909745,84.520096,15.125086,3.695314012397253,6.5020943,2.5287747
2020-05-14 09:00:00,20.98787463583602,27.279938,19.25064,32.16958440540002,45.07955,17.62228,2.534682374619352,5.0036907,1.4236643
2020-05-15 09:00:00,22.217330170330854,29.276276,20.063385,37.6414767262734,52.91627,22.767834,2.1226873604164935,4.0452523,1.2339097
2020-05-16 09:00:00,25.012887816093553,31.088776,20.196198,32.952148981207216,48.842148,24.980286,1.2127108325965905,2.1098764,0.6082187
2020-05-17 09:00:00,25.548351767450868,32.600494,21.057526,27.851032229163316,31.429491,23.712479,1.7283628000355935,2.5448608,0.6885423
2020-05-18 09:00:00,24.065257513643473,33.42276,20.495514,12.97535193755422,29.28511,5.4240046,2.489213196927997,4.498894,1.6671793
2020-05-19 09:00:00,20.20141827490653,27.069,17.494781,60.645796901337484,80.460495,43.89339,4.340279284991969,7.237633,2.9911077
2020-05-20 09:00:00,20.534775061235337,23.063873,19.063873,30.444461034950017,41.96604,18.528542,2.3766333083462086,3.2491755,1.749957
2020-05-21 09:00:00,23.944204621345307,28.194977,19.423004,14.125007462208726,26.932636,5.327937,1.1706180971330788,3.0649745,0.14871301
2020-05-22 09:00:00,25.22634386692488,31.283112,20.658112,15.29508085171567,18.780407,10.403554,1.7473186576859647,2.5725348,0.7559316
2020-05-23 09:00:00,22.26037444768417,30.66983,18.554596,20.891038764061417,37.577324,6.9757595,2.6329563245881826,4.0637536,1.7871404
2020-05-24 09:00:00,24.50857286999002,30.457916,19.297028,18.425971209335916,25.569107,9.8777,1.3697086383593418,2.2183352,0.5792064
2020-05-25 09:00:00,25.96230547067387,32.201324,19.246002,14.387150940521806,19.400335,3.901473,1.1296910030119036,2.5788956,0.15139924
2020-05-26 09:00:00,28.435716477477797,35.183258,21.225494,15.452087700395548,21.378847,10.258719,1.2009052020624806,2.8126762,0.22126172
2020-05-27 09:00:00,29.210723459553776,37.838043,21.324371,15.27935379474248,20.587368,5.809826,1.3796483074509263,2.8010547,0.5899698
2020-05-28 09:00:00,29.032687572713485,39.20816,20.167145,17.098274743966947,23.766636,4.9418344,1.5770514809631673,3.1532834,0.8537274
2020-05-29 09:00:00,27.207769754302547,38.68692,18.839264,21.194192001696212,31.784954,6.3656883,1.4647718561910104,2.076871,0.74049693
2020-05-30 09:00:00,25.084026615009805,36.491364,19.20523,18.859314075025342,27.679844,4.3946886,2.7576979841456764,4.990665,1.8480831
2020-05-31 09:00:00,24.135665780564807,31.691803,20.326569,23.52267178147415,36.028843,10.422981,2.8668238953787664,5.090425,1.6935066
2020-06-01 09:00:00,27.331462301954502,34.493805,21.043854,17.35944220147404,22.536694,12.463698,1.8077171195135384,4.0348277,0.6258577
2020-06-02 09:00:00,27.53318996333752,33.75479,21.256744,19.108429629639602,25.788189,12.7647505,1.2645664844206732,2.8954606,0.16323844
2020-06-03 09:00:00,30.912928406620836,36.45865,23.323883,11.98879756277154,14.826701,7.6594534,1.2522018974227027,3.199345,0.5399668
2020-06-04 09:00:00,30.63534205543789,39.808502,22.437408,16.8436316187452,21.391815,12.153534,1.7978679212946438,3.0269332,0.9440406
2020-06-05 09:00:00,25.773957486067218,37.707916,19.063385,26.04312972846572,39.65811,18.629147,2.7068338165592727,4.667904,1.9222285
2020-06-06 09:00:00,20.34374863210701,27.308258,17.530914,75.98216757319452,94.30845,24.402199,4.160030604600215,7.9284964,3.1378765
2020-06-07 09:00:00,21.571788353931993,26.901764,19.232574,35.33971274109918,59.01413,13.393037,2.971386578731367,5.7397895,1.8935139
2020-06-08 09:00:00,24.529526149204628,30.546783,21.290924,12.711120994155483,19.371445,4.285451,1.4433356900440355,3.1468315,0.52097553
2020-06-09 09:00:00,28.79888039874868,32.013824,25.58609,6.131340782009129,8.169486,3.575736,2.201302711362209,4.1925807,0.8004055
2020-06-10 09:00:00,31.58996044225603,33.569733,27.789948,9.14106991900218,10.604758,7.980195,1.0817224213164363,2.9742587,0.23727885
2020-06-11 09:00:00,30.91792784016394,36.180084,24.797272,10.956802045085439,12.426711,8.986454,1.1176026183149756,1.8274965,0.35739186
2020-06-12 09:00:00,28.681103162058093,36.961823,22.188385,4.845182012815005,6.8767405,3.1513948,1.8998529791603525,3.3833005,0.9591532
2020-06-13 09:00:00,25.012467971278454,34.48941,19.665192,9.16838501486144,18.587135,-0.61660194,2.3315966998196047,5.253491,1.1714779
2020-06-14 09:00:00,23.979753800477056,31.707672,20.41861,11.774337669963721,20.057625,-1.5518341,2.298209405187566,4.392002,1.4829371
2020-06-15 09:00:00,25.861503102790152,33.144684,20.765778,26.688873752735404,36.93008,20.652737,1.514026478821009,2.2569225,0.55238664
2020-06-16 09:00:00,25.79951753073908,34.783844,19.445953,19.582287171994693,27.966461,13.616259,2.058136346638104,2.9718618,1.0730647
2020-06-17 09:00:00,24.072210184998085,33.613678,19.506256,34.7975143657535,47.49611,16.171888,2.701268034063599,4.8239865,1.7552495
2020-06-18 09:00:00,24.082894968919845,33.45645,18.80606,14.846004084693881,21.297697,6.132843,2.1825120761813395,3.7229528,1.3531977
2020-06-19 09:00:00,24.796537336466372,34.29654,19.50943,16.829968820095292,35.091644,3.763885,1.8656974345024637,2.8428075,1.0220178
2020-06-20 09:00:00,25.813327058315508,35.96988,19.618317,26.77724862616345,46.60386,8.457946,1.98541314499838,3.0681355,0.8055308
2020-06-21 09:00:00,25.933823301697487,36.127594,19.133453,21.217378201454416,26.633146,12.881148,2.0245657367271015,3.2364376,1.0418179
2020-06-22 09:00:00,27.353802457784525,38.24283,19.422516,15.324567931420438,21.363045,8.2074795,1.864284759085071,2.9338276,0.9910959
2020-06-23 09:00:00,28.344059595591943,38.330963,20.17276,12.676172831321525,16.009104,10.424369,1.5859151469967876,3.5317047,0.6272969
2020-06-24 09:00:00,28.40795375129875,38.58731,19.542389,10.313990353107675,14.608821,6.284602,1.572086022430645,3.1794982,0.63580036
2020-06-25 09:00:00,27.409323985120295,38.439606,18.9982,9.52473525114688,14.636684,5.5116844,1.7784326319388006,2.8844285,0.9351864
2020-06-26 09:00:00,28.05660848757867,39.109528,20.247955,10.52001524203926,13.802657,6.6719704,1.8420601358405213,3.9228427,0.8101507
2020-06-27 09:00:00,28.23960429799314,39.14102,20.619537,24.40245299414197,32.575024,15.233727,2.0292252287129036,3.5452259,1.2256947
2020-06-28 09:00:00,26.97903576659354,38.368073,19.942291,29.665110003607303,35.729847,22.67516,2.874051343253234,4.8534975,1.9426521
2020-06-29 09:00:00,23.076976678245273,33.375153,19.834137,43.500493104359315,66.88942,20.985651,3.5532334383819535,6.440667,2.5342326
2020-06-30 09:00:00,24.22429101534732,31.246735,19.341217,24.21152033816629,39.354076,13.146708,1.897885867376612,2.9428027,1.4553007
2020-07-01 09:00:00,25.26216896737816,34.38028,19.933014,18.695111919465674,34.325714,3.8858128,1.6004738731082402,2.4791355,0.6280531
2020-07-02 09:00:00,25.409014572742308,34.302155,20.077545,21.195662710635546,30.133312,11.86564,1.6757231722506543,2.3907602,0.65433544
2020-07-03 09:00:00,28.34023427859472,35.92984,21.69815,11.546271138989745,15.173596,7.8773212,1.755314342345763,3.2827005,0.7733301
2020-07-04 09:00:00,29.296679306282044,37.41983,22.507965,31.371805298654095,36.95246,22.557928,1.9045577390548225,3.7225378,0.53750896
2020-07-05 09:00:00,31.044377962809847,38.407867,24.504303,16.090739273315723,20.586262,12.215167,1.8682171013822475,3.1707754,0.83739436
2020-07-06 09:00:00,31.63908425522493,40.83438,24.123444,7.736997759541978,12.659158,2.7763453,1.8951158141777538,3.776073,0.86848074
2020-07-07 09:00:00,30.48288974396172,39.792633,23.069977,6.893738309951142,9.616175,5.096163,1.944006610329188,3.6653905,1.126128
2020-07-08 09:00:00,29.032972946060568,38.64615,22.249664,6.842971982656602,12.00162,3.2569313,2.0888107733566987,4.121531,0.99945563
2020-07-09 09:00:00,28.649882192942187,38.593414,20.926422,3.2647721886160355,4.8868303,1.6524553,1.856416683463563,3.5452197,0.91098034
2020-07-10 09:00:00,30.941569994493136,38.957916,22.490875,6.667887512012858,13.127955,-0.70282745,1.329758679707106,2.4386528,0.45085603
2020-07-11 09:00:00,32.7193944442227,40.305573,24.620758,19.99536517998248,23.160736,16.486977,1.588432468351883,3.4739213,0.5294486
2020-07-12 09:00:00,33.531720665128034,41.33145,25.185455,23.23910806270802,29.089872,19.447681,1.7418298508556807,2.9569762,1.0217135
2020-07-13 09:00:00,33.457309483479435,44.00479,24.754791,15.428020634363996,21.683693,5.8574915,2.205530402892126,4.0518723,1.2189373
2020-07-14 09:00:00,29.354894051969836,39.711334,22.37735,7.846452955937619,13.167865,2.1935406,2.496222727341097,4.8384094,1.3707974
2020-07-15 09:00:00,27.846035330383756,38.749176,21.573395,8.364376280155511,12.418831,2.535159,2.2385982809717175,4.198076,1.1742392
2020-07-16 09:00:00,28.121744686840998,38.34268,21.379791,15.58020610738396,20.612045,8.975326,1.9676339515012213,3.4504104,1.0268288
2020-07-17 09:00:00,28.753882644168414,38.22769,21.748444,15.058611618531966,20.251856,11.55673,1.769492722363682,3.1621108,0.62351876
2020-07-18 09:00:00,29.25110957049202,38.83072,22.328766,9.398952150134942,13.682044,6.132181,1.9485119421377461,4.0011125,0.8298718
2020-07-19 09:00:00,29.816325831702557,39.89908,22.227203,10.706265752702627,12.636728,8.017068,2.470279218729036,4.765722,1.2397699
2020-07-20 09:00:00,29.413091315014697,39.61783,22.039703,8.868627555350727,10.857279,6.453966,2.710563590137405,4.5450983,1.2662226
2020-07-21 09:00:00,28.970998400942676,40.295074,21.322418,14.76201452229386,23.020706,6.778271,1.7173734596249581,3.484509,0.7438512
2020-07-22 09:00:00,28.958447952159418,39.014313,21.291656,6.7780780136086385,11.182736,2.354742,1.7704886697855746,3.304967,0.7658247
2020-07-23 09:00:00,27.20350384152323,37.936188,20.254547,6.550046011106667,16.392511,0.11708641,2.0909480683578625,3.6446543,1.2404052
2020-07-24 09:00:00,27.03826252855862,36.78604,20.825104,8.719790717149412,13.690477,1.3179579,1.6187402805252944,2.4547844,0.79672265
2020-07-25 09:00:00,27.68989857768605,36.082916,21.356598,10.88277057981406,14.593418,5.3074856,1.5952686653158912,2.6083877,0.63141733
2020-07-26 09:00:00,28.928413729491183,37.0231,21.67154,12.434598887452314,17.770735,7.696253,1.5921155438406434,3.751728,0.31842968
2020-07-27 09:00:00,28.535030466048795,37.92862,21.330963,22.99164990495958,27.556152,19.067871,1.7888951598168286,3.8116057,0.27608362
2020-07-28 09:00:00,29.05216921253026,39.10367,21.170074,11.057692228750287,17.24498,5.139511,1.934636236348423,4.13098,0.8124862
2020-07-29 09:00:00,29.737348234623823,40.394684,20.689606,5.828935298314995,8.241506,4.1594744,1.8580585700992993,4.3388543,0.7535526
2020-07-30 09:00:00,30.774178766126568,40.549957,20.780426,14.553261721159897,19.717592,3.94775,1.844311774970558,5.006882,0.3695737
2020-07-31 09:00:00,33.60293734105721,42.275543,22.981598,19.86505863546105,24.870567,12.190879,2.0051164741747853,4.981706,0.5976638
2020-08-01 09:00:00,33.739659496871354,43.100494,23.2294,7.387796660956227,16.87291,-0.33412075,1.5138849210986614,3.1683474,0.38756058
2020-08-02 09:00:00,31.699945715654223,41.4357,22.381012,4.05552127084914,7.611494,-1.0928259,1.7172460394991913,2.6192572,0.7847256
2020-08-03 09:00:00,30.014726735816794,40.095123,21.878326,9.437595534311955,12.446415,5.383915,2.1133431765097304,4.1179686,1.0904263
2020-08-04 09:00:00,29.955887226336074,40.81534,20.89151,13.295313956046202,18.553337,9.585632,2.080973299796852,4.010967,0.8753519
2020-08-05 09:00:00,28.052487225848097,38.527008,21.142242,10.91779950861283,16.269611,6.859454,2.379290323916701,4.655221,1.2022147
2020-08-06 09:00:00,26.920865252878798,37.369537,20.682037,19.647381295904808,33.531654,9.447564,2.4121792203138512,4.799493,1.3769803
2020-08-07 09:00:00,26.28742509711111,35.77823,20.636139,9.632512301897034,13.720376,4.204751,2.003797632460325,3.8461008,1.0552226
2020-08-08 09:00:00,28.22302829686214,37.069733,21.37442,11.778340992397643,16.10625,6.6960936,1.8638878717317071,3.554569,0.8553439
2020-08-09 09:00:00,29.035770445977903,38.35269,21.15152,16.3651102023211,23.595259,10.780192,1.826131455341334,3.6002336,0.7964471
2020-08-10 09:00:00,29.50475968281296,38.80655,21.365143,4.323076249110365,7.757413,1.9079485,1.655013015620903,3.3645473,0.6787195
2020-08-11 09:00:00,29.249572742086627,38.54483,20.937408,7.36228242469312,12.775917,1.7407608,1.8325374878061418,4.2811894,0.5510982
2020-08-12 09:00:00,31.003165656348756,39.40103,21.924225,8.352723178106897,13.328513,1.4710732,1.5023971654559085,3.853435,0.2682899
2020-08-13 09:00:00,32.46416759321892,39.715973,23.858307,17.031504518804947,21.628809,10.534723,1.1205575894883615,2.4045005,0.53641796
2020-08-14 09:00:00,33.961416421092736,41.268463,26.039703,22.425810381124546,27.66544,18.567783,1.532612510055546,2.73757,0.66350204
2020-08-15 09:00:00,34.69640352940769,40.12149,25.728912,18.781264538627514,23.876848,12.992105,1.2132333548717689,3.1570165,0.4679293
2020-08-16 09:00:00,34.56146704917347,43.582672,25.74649,22.351958522493717,27.426418,8.641263,1.2964065644600147,2.4652658,0.16019788
2020-08-17 09:00:00,32.906921090904575,42.353912,24.742584,25.268114850860556,30.434547,15.856719,1.1573097630163018,2.0149097,0.54862
2020-08-18 09:00:00,35.52485311269817,42.65445,26.780914,23.231796589775023,27.799263,17.308537,1.1807225935899794,2.355644,0.2858754
2020-08-19 09:00:00,33.96649082154261,41.508698,25.7919,18.964691270414313,27.169176,11.066522,1.2074066207640632,2.217019,0.7877523
2020-08-20 09:00:00,32.774437650495486,40.832184,25.682526,19.442212329224986,24.437593,15.042401,1.2305102874613896,2.0522325,0.7123559
2020-08-21 09:00:00,32.367798039031584,39.838287,25.295319,17.019227406621507,26.017452,10.314117,1.1818488195472237,2.7695966,0.19210623
2020-08-22 09:00:00,31.841786008019255,35.757233,28.0878,43.05931920569227,53.620735,33.969788,1.1985745650683197,2.0553625,0.23832452
2020-08-23 09:00:00,30.56966346392346,37.289703,26.278717,51.22629917517553,60.797684,31.196907,1.6836806880786728,2.309306,0.9336069
2020-08-24 09:00:00,31.50250677915352,39.277252,26.478424,36.64583765778368,41.95073,29.362246,2.08948816080094,3.6752608,1.3504419
2020-08-25 09:00:00,31.051399222628845,38.49234,24.14273,19.43675318418539,22.473328,15.617859,2.0957561713485937,4.4139733,1.0245019
2020-08-26 09:00:00,31.777947077846136,40.962067,24.186676,16.04271441833001,20.549307,12.646963,2.1575069590762714,4.9269547,1.0876669
2020-08-27 09:00:00,32.685459479836936,41.952545,24.52945,12.016851543855601,16.438217,8.753939,1.9675381284846205,4.0393186,0.89860505
2020-08-28 09:00:00,32.15126088228641,41.2836,24.389069,13.525228458585524,15.835124,11.971843,2.183893321061814,4.91151,1.1472553
2020-08-29 09:00:00,30.152703540207426,39.822662,22.578522,9.588714125490824,13.781648,6.046011,1.9274364537260427,3.8326166,0.8400474
2020-08-30 09:00:00,29.09047864879733,38.652496,21.67984,5.015384020467579,7.66387,1.7713518,1.6701756147881601,3.5156019,0.8299313
2020-08-31 09:00:00,28.37390089213943,36.279694,21.234772,12.186111219206493,25.218872,4.5977793,1.4392105807997295,3.021788,0.4472858
2020-09-01 09:00:00,28.432141964855077,35.92691,21.68985,14.656531094664388,22.566093,3.0934381,1.7594141870758233,3.2947874,0.73280525
2020-09-02 09:00:00,28.875602985955254,37.989655,21.650543,19.54937886949456,25.386982,9.096309,1.656650508874129,3.800045,0.5227913
2020-09-03 09:00:00,30.31637306464097,37.994537,22.100983,20.569685993844864,26.315014,17.39965,1.2781746630388808,3.4180858,0.40921322
2020-09-04 09:00:00,32.14423175625865,39.64444,22.96817,16.55829158077831,19.20007,10.51856,0.9840166769489223,2.6204946,0.20058578
2020-09-05 09:00:00,36.98634077834271,41.722076,27.714508,13.856593867794196,15.245495,12.47191,1.0797558933045113,3.3553238,0.26243916
2020-09-06 09:00:00,38.839702743646626,43.39029,29.98819,10.794701103297054,12.353299,8.731667,1.0952127135499998,2.4983068,0.017148832
2020-09-07 09:00:00,38.09130562186505,45.394196,29.63443,11.295271325626363,14.787419,8.034369,1.5343664574307758,3.7641845,0.5188914
2020-09-08 09:00:00,29.57644937565749,40.349518,22.734283,14.555774511260234,23.123787,5.8892746,2.4182118710918403,4.068291,1.3193957
2020-09-09 09:00:00,29.134242672565676,35.31314,24.60147,13.28539707662864,16.398708,11.015895,1.8807216576631287,4.0500765,0.53416586
2020-09-10 09:00:00,27.99317344499144,31.248932,24.473785,13.504643246792483,18.017239,9.69087,1.494099249490076,3.0464559,0.49318665
2020-09-11 09:00:00,26.95310518638007,29.74405,23.724518,13.097282118786827,15.524125,10.564486,1.296013668899292,3.7702332,0.2012828
2020-09-12 09:00:00,28.575242031742675,32.240143,23.984283,15.043262138499802,17.547628,11.959569,1.1712662126487545,3.4393277,0.032755323
2020-09-13 09:00:00,28.61522125695825,34.042877,23.30655,16.55020557855959,19.86987,13.553943,1.2476362037039912,3.4788136,0.10236769
2020-09-14 09:00:00,29.235086982853943,34.464996,22.694489,15.144121770230951,20.287369,9.139564,1.1792634760100575,3.2828436,0.20425324
2020-09-15 09:00:00,30.929115635095116,35.547028,25.269196,9.332507462593917,12.694744,5.1492577,1.0661707604216997,3.0212588,0.26695216
2020-09-16 09:00:00,31.313070889748815,36.871246,25.833405,10.82053780777922,12.857796,6.741065,1.6016020853176927,3.3268776,0.6795023
2020-09-17 09:00:00,32.952272598684544,38.736237,26.654205,9.003812300967695,11.061249,5.2059164,1.6101052093825352,3.690341,0.6196354
2020-09-18 09:00:00,33.88160429217993,39.476227,26.536041,13.803381202486634,15.005471,12.12158,1.4159768794339689,4.074924,0.32293662
2020-09-19 09:00:00,32.298120050554076,37.805573,26.176666,15.483077605253618,18.249191,12.577317,1.5329812450377587,3.8729692,0.5623227
2020-09-20 09:00:00,29.965846381929623,37.435944,23.555084,24.066061265569548,32.5905,16.605337,1.414130194952117,3.2482412,0.4665362
2020-09-21 09:00:00,28.680092681256383,36.45523,22.04898,24.403925133007448,31.004435,21.103617,1.1808809795605426,2.3539233,0.3823706
2020-09-22 09:00:00,28.433162327832918,36.12393,22.298248,22.963914605733837,33.80775,16.667864,1.5309643501104888,2.7826028,0.68866175
2020-09-23 09:00:00,28.676407450409272,35.766754,23.670319,18.92446509169585,21.762312,15.131672,1.455099662553794,2.556881,0.69020873
2020-09-24 09:00:00,29.553475279220834,36.073883,23.983307,20.29600834694483,25.770285,13.278286,1.206250609506699,2.3122585,0.41054428
2020-09-25 09:00:00,29.00048941430066,36.454254,23.592926,10.11446415612419,12.686811,5.774066,1.4833919283371886,2.5269377,0.75065607
2020-09-26 09:00:00,27.85841135085434,35.355133,21.894196,10.122206784763886,13.32279,5.3854723,1.2438635992183646,2.2519412,0.5494609
2020-09-27 09:00:00,28.0914000369213,34.626617,21.630524,10.62993826108356,16.962425,4.048648,0.8057787025205038,2.2886326,0.06368518
2020-09-28 09:00:00,29.739758739348133,34.77066,22.818756,18.271388003048678,22.38749,11.092878,1.3259476254840226,2.6902657,0.2812865
2020-09-29 09:00:00,31.646770250859106,35.78311,24.917633,13.128416020336845,16.074806,11.380201,1.1895358849991118,3.2057855,0.18324535
2020-09-30 09:00:00,34.43311511563627,36.894928,30.175934,11.032390460405399,12.887182,9.555151,1.0237112981151857,2.9002395,0.26479203
2020-10-01 09:00:00,34.360828073167795,38.318024,29.025055,11.009023986731076,13.791792,8.994896,0.5551252708099683,1.347727,0.19335781
2020-10-02 09:00:00,33.79077064065825,39.05655,27.761627,9.804693151996938,10.865852,9.054447,0.4762534871759784,0.9133719,0.028772844
2020-10-03 09:00:00,33.18672290529173,38.551422,26.963531,8.588679051988786,10.4083805,6.754595,0.5531223990754857,1.26363,0.09324858
2020-10-04 09:00:00,32.337358635545286,37.506012,26.497711,9.717467978626642,16.91389,3.142455,0.5209517053511685,0.9306536,0.19566678
2020-10-05 09:00:00,31.360532190515073,36.16324,26.319489,9.353714601605091,12.567433,8.496833,1.0091888022459685,2.2893865,0.37076858
2020-10-06 09:00:00,31.074216438905182,36.683258,26.282867,13.509647605284334,19.312862,8.637081,1.372868196680622,2.515207,0.691595
2020-10-07 09:00:00,28.97827906064049,35.147614,24.67691,18.884871073405147,27.765541,10.95304,1.147458717163726,2.0181646,0.558622
2020-10-08 09:00:00,27.01536581262593,34.570465,22.115387,13.193665111861753,19.9566,8.241468,1.7468893937719727,3.0733716,1.0342191
2020-10-09 09:00:00,23.892146759448792,32.569977,20.91568,18.706497136940705,29.126514,7.8433247,1.8557273370211902,3.909216,0.8167392
2020-10-10 09:00:00,23.564318237386033,31.475494,21.430573,28.711355393889466,40.820786,18.781725,2.097626962128204,3.841147,1.2520009
2020-10-11 09:00:00,24.17724425380095,31.490387,21.881744,33.5307696158595,44.659,24.45179,1.938422797751503,3.2220082,0.96507806
2020-10-12 09:00:00,29.099176036315328,31.6044,24.835846,19.02743416363581,20.773006,15.40582,1.1371357580694534,3.0902061,0.27041706
2020-10-13 09:00:00,31.540194152669983,34.314606,27.061676,14.009769918998614,15.510574,12.428572,0.7300782860591583,1.8434027,0.095052645
2020-10-14 09:00:00,32.39785263508844,35.444977,27.624664,8.97113841628876,11.060884,7.506197,0.5293489738725881,1.1255072,0.23570618
2020-10-15 09:00:00,31.9552768654965,36.118317,26.23111,12.53572757633732,16.88528,7.748562,0.5158132948350889,0.89928156,0.2603705
2020-10-16 09:00:00,31.05371555770654,35.762115,24.180084,12.687221284767778,14.785069,11.055809,0.8657998116717943,1.7311995,0.29848546
2020-10-17 09:00:00,30.581166754640492,34.512848,25.465973,13.403897455253476,14.594847,11.320284,0.5935681269249271,1.3914247,0.15301494
2020-10-18 09:00:00,28.12150882350869,33.64859,23.359528,14.652115435233915,19.381012,10.278333,1.3393162537062644,2.6921315,0.53094935
2020-10-19 09:00:00,27.33457215899881,34.287994,22.623932,15.078214052494994,22.297993,11.598775,1.612626018791039,2.8520117,0.7973065
2020-10-20 09:00:00,26.470350869975903,33.562164,21.023102,9.32128425955423,13.40633,4.4926357,1.2104276304168518,3.0291636,0.54667026
2020-10-21 09:00:00,26.19322016934393,33.148346,20.45694,7.808395026684635,14.573007,4.451913,1.0061656450640104,2.212034,0.37006614
2020-10-22 09:00:00,24.389989081433043,30.865631,19.6586,11.437086961248362,19.378456,3.83138,1.4655635415247983,2.18761,0.8151912
2020-10-23 09:00:00,22.98146193478425,30.078278,20.421051,12.80535259068768,21.21696,7.30346,1.567470655367365,2.6898417,0.82715684
2020-10-24 09:00:00,22.224544301901176,28.092926,20.167145,18.618989819573528,30.81187,11.041499,1.7501905288797408,2.8581765,1.0462695
2020-10-25 09:00:00,20.656026095249956,27.162506,18.135162,39.06432840623696,71.76875,17.073437,3.0854445141250593,5.245447,2.2255678
2020-10-26 09:00:00,16.893202572012967,20.580261,12.892303,34.97652878288559,81.72009,4.8372803,1.0945789045502428,2.1593738,0.23556137
2020-10-27 09:00:00,19.378827226056558,22.558746,15.759918,5.205299578383135,6.3161716,3.106636,1.7473796160778572,3.550198,0.9454439
2020-10-28 09:00:00,20.977614208393504,23.282623,18.839752,15.234568905376278,18.705969,12.924719,0.7229227733984596,2.1673715,0.18673006
2020-10-29 09:00:00,23.03626586481397,24.338531,21.238922,15.554664586511555,17.23764,11.895695,1.0495558284808162,2.3394291,0.19122452
2020-10-30 09:00:00,24.266144432640942,26.052643,21.257965,15.916448045521426,20.662205,11.825844,0.7932052089015915,2.173155,0.079597816
2020-10-31 09:00:00,24.760758263892285,27.667633,21.458649,15.129878786553082,16.073315,13.569407,0.8717676285309259,2.290126,0.18901722
2020-11-01 09:00:00,25.068786257825423,27.657623,22.102692,16.515197148118546,20.194527,13.48646,1.0668770512314096,2.3306494,0.17392437
2020-11-02 09:00:00,25.801147174679045,29.004791,22.424713,20.257840276315058,23.10708,16.895275,0.6385263882015474,1.1912972,0.07087332
2020-11-03 09:00:00,24.067706170306565,29.265045,20.423248,31.62343039354953,37.738247,21.667934,0.9132831219650377,1.6343819,0.5686871
2020-11-04 09:00:00,25.515427133098797,29.579254,20.776276,14.483259926326664,15.779921,12.278192,0.6889290742420405,2.0683818,0.24946009
2020-11-05 09:00:00,28.00237035966802,30.967438,24.21524,11.289818089932123,14.021749,7.177449,1.1288962238207934,2.4517455,0.38919094
2020-11-06 09:00:00,27.82545161986974,31.299713,22.918854,16.635047252925347,18.675446,15.0886345,0.9682898004043095,1.6579299,0.39707232
2020-11-07 09:00:00,19.34128484269729,26.077057,16.795807,30.8971986078074,45.952213,19.264713,4.6545648403056035,7.253733,2.8604827
2020-11-08 09:00:00,11.273174495931698,15.925201,6.361725,79.80677721459682,97.79965,67.18528,4.3417157841113685,6.9229493,1.8385679
2020-11-09 09:00:00,11.332769450399496,15.24527,7.894928,64.4848189933002,80.849655,30.36528,3.0082859088185256,4.6589313,1.3210315
2020-11-10 09:00:00,13.739258502017094,15.921783,10.11319,33.4746935971627,45.24058,23.601902,0.7974375977904445,1.2289113,0.2885052
2020-11-11 09:00:00,15.62400486954931,16.760895,13.786285,20.912946790184577,23.96356,17.219006,0.8434991432876563,2.3916068,0.102866694
2020-11-12 09:00:00,17.105905615293977,18.495758,15.376617,12.017370695837416,20.450096,3.5868149,0.4337529262125075,1.1712123,0.039265808
2020-11-13 09:00:00,17.16070219737378,19.203278,15.896637,18.65949602627227,23.710869,14.640557,0.9765145309615156,2.2093916,0.4411527
2020-11-14 09:00:00,17.921943079725224,21.45816,16.551422,21.070713019651038,26.871702,14.516233,1.0371412176034882,2.2138343,0.3473618
2020-11-15 09:00:00,21.97348772360658,24.279205,19.2128,9.534761865330811,17.577156,4.1621284,1.3302885911187292,2.6848998,0.12261619
2020-11-16 09:00:00,24.702267918483415,27.518219,22.129547,10.483034989075044,11.681501,9.500375,1.8683468940599768,3.3161726,0.10847912
2020-11-17 09:00:00,23.95326002276863,27.040924,20.68155,12.36016096075111,13.63815,11.160303,0.504019636552373,1.0050905,0.20409676
2020-11-18 09:00:00,22.780309474137482,26.06363,20.067535,24.63684559812729,29.429077,16.66351,0.9993708866205663,2.0760765,0.27519795
2020-11-19 09:00:00,19.427363193874214,25.18155,16.968903,18.52073682204488,23.873951,9.718807,1.5248979430393308,3.306948,0.35406953
2020-11-20 09:00:00,21.357635377341524,23.549957,17.171051,11.720068274505495,22.270916,0.72404194,0.55493023959899,2.2306983,0.003761922
2020-11-21 09:00:00,21.22868167157202,23.620758,17.529572,19.333564531912558,28.99767,2.650013,0.556710893736228,1.6829413,0.09651331
2020-11-22 09:00:00,21.421692325279366,24.257965,18.234528,21.249961332546757,29.624027,6.58887,0.36481317083329445,1.3645319,0.04744267
2020-11-23 09:00:00,18.97669507209929,22.081207,17.272614,14.620593933482048,22.710487,6.736182,1.480636788553229,2.119758,0.78762025
2020-11-24 09:00:00,17.398425439561663,22.191559,15.826813,32.96187834789136,45.860996,24.419209,1.3281460821008764,2.046797,0.35847664
2020-11-25 09:00:00,17.53578536529585,19.893646,16.454193,27.550500757241803,33.372288,21.602757,0.7183874739178002,1.7195499,0.2002675
2020-11-26 09:00:00,16.52282972574153,18.830963,14.174713,25.855958115453785,32.13849,11.269541,0.5360772261129219,0.83953434,0.21011043
2020-11-27 09:00:00,16.077168778349858,18.76065,13.077057,12.715757915327435,21.944399,5.9248686,1.7919355867245816,3.7411306,0.4575124
2020-11-28 09:00:00,17.243455704186488,19.908356,13.695465,12.791687101242596,20.939388,8.446829,1.5855221770829464,3.4099607,0.21188743
2020-11-29 09:00:00,17.917761640154083,20.28946,14.754303,8.29498262505333,11.400252,5.1697836,1.1953108491247544,2.580627,0.26379156
2020-11-30 09:00:00,19.471520824325296,21.474274,16.914215,6.675806591488088,9.4732485,3.746686,1.124278919057476,2.276552,0.32321087
2020-12-01 09:00:00,20.048957867669287,22.152252,17.54483,7.985029940377505,10.659062,6.6015654,0.7734358168658265,1.6613743,0.41432062
2020-12-02 09:00:00,20.84638657585475,22.831451,18.538727,9.723980705110348,11.7479105,7.9041605,0.9921062529595224,2.2699425,0.13153417
2020-12-03 09:00:00,19.06114400066889,22.78946,14.633209,13.880483666287358,23.191265,4.6175985,3.324340871341999,6.1374173,1.2395389
2020-12-04 09:00:00,17.336663731500266,20.940338,13.423004,8.026166894565469,12.002795,5.1814528,1.7202480162790832,3.3214455,0.11268812
2020-12-05 09:00:00,18.305756266799165,20.441559,15.888824,5.7271568643801904,7.4563255,4.4256077,0.8927290344831901,1.9475362,0.42000997
2020-12-06 09:00:00,18.42415637864883,20.09903,16.22696,7.57936590205306,10.25372,5.3670015,0.9164743839374621,1.7685773,0.24864994
2020-12-07 09:00:00,18.601820848382772,20.210602,16.775055,14.517708215199638,16.778217,11.199337,1.045787924802948,2.1640055,0.14078711
2020-12-08 09:00:00,20.843830414965225,24.285065,17.240143,13.558793370978048,15.949737,11.681078,2.8029059382175125,5.056959,0.7501208
2020-12-09 09:00:00,20.572370029489946,24.044098,16.871735,15.16192435923277,18.8327,12.26564,1.3894428411032365,2.695936,0.45195526
2020-12-10 09:00:00,17.63460472756543,20.472076,16.450592,19.88072905634788,28.01086,11.917111,1.1949778803704187,1.9336675,0.7632714
2020-12-11 09:00:00,14.48131677323363,17.848785,12.406433,15.997522117143218,27.709091,6.908311,1.7033635672682081,2.9309623,0.93744403
2020-12-12 09:00:00,13.977089521031587,16.555328,11.0065,22.806381477568202,42.080868,5.924487,1.5721689966624885,2.9454682,0.7871174
2020-12-13 09:00:00,14.576351143388422,17.460968,10.4219055,16.400875855254544,22.93585,11.474913,1.4629058515987745,2.1900086,0.26212993
2020-12-14 09:00:00,15.185457125313633,17.796356,11.546356,22.222785826356112,28.925081,14.4368,1.5534226154461581,3.6228528,0.5779193
2020-12-15 09:00:00,14.98703231568419,17.459076,11.226654,32.21639612107536,41.00415,20.457275,0.6961989865329794,1.4614733,0.0021340086
2020-12-16 09:00:00,15.79789026040595,18.282501,12.307892,15.344688615636311,20.508339,9.805528,1.3823284475540556,3.3008003,0.15445647
2020-12-17 09:00:00,16.97510195112477,19.251007,14.303741,22.579829727335436,24.853893,20.805023,0.48205025709565713,1.2314268,0.109751515
2020-12-18 09:00:00,14.176267180356263,15.8055725,12.09964,40.63757948427048,50.775047,31.962545,0.5718857021214351,1.5669276,0.04692718
2020-12-19 09:00:00,16.227311720044156,18.540802,13.059723,14.564449950964528,19.935638,9.852322,1.3303840872420432,2.9449596,0.29523155
2020-12-20 09:00:00,18.82505678582862,21.270905,16.151764,6.922270176269566,10.402073,4.652073,1.6397166784567734,3.3373303,0.36914238
2020-12-21 09:00:00,21.286272004763532,23.893951,18.509888,11.103429642611435,14.54742,9.148982,1.3679730646999584,2.744441,0.3759673
2020-12-22 09:00:00,21.587268360389373,23.260406,18.51236,10.384947144259225,13.112009,8.198371,1.1049759451234875,1.8482324,0.4981063
2020-12-23 09:00:00,16.69283109384361,20.283844,14.35611,7.058924268985817,8.758179,4.885371,0.6920708693835542,1.272818,0.25743562
2020-12-24 09:00:00,15.05936027706997,18.707245,10.533417,4.713034210606224,9.033698,1.5223999,3.0284708490613945,6.1317377,0.12277861
2020-12-25 09:00:00,16.35852003746851,19.27362,12.550964,27.751986654019255,36.632126,20.807287,2.357948752307747,3.887359,0.1573882
2020-12-26 09:00:00,18.275152032666085,20.20285,15.807465,20.097640097933503,24.509272,17.185053,1.0666775973029976,3.3592544,0.45509112
2020-12-27 09:00:00,17.527487854672586,20.457703,15.5963745,11.322020303729323,22.876492,-0.9906969,0.9062222148602898,1.7108426,0.44464576
2020-12-28 09:00:00,14.05190708706175,16.839203,12.4270935,29.337316694211275,47.74733,10.641859,2.70471000972867,4.4063125,1.101047
2020-12-29 09:00:00,10.840201539296572,13.784302,7.729828,69.82634751134916,83.4453,58.12889,1.2783616161295155,2.820111,0.51612055
2020-12-30 09:00:00,13.538654897355059,15.654144,10.875305,9.406860943311484,12.106838,7.2669945,1.415487166685952,2.4150114,0.65294075
2020-12-31 09:00:00,15.633502816607688,18.006744,13.536041,10.056041008667908,15.068876,5.9983425,0.7782702998644884,1.6549971,0.17471614
2021-01-01 09:00:00,14.11668665106248,16.843414,10.677399,33.80847842353124,38.58265,28.266243,1.2734959735147986,2.8237078,0.1591292
2021-01-02 09:00:00,15.964016682855458,18.127655,13.531952,28.659365040509805,34.149387,20.258762,0.39915955755807747,0.9862485,0.11142815
2021-01-03 09:00:00,15.07936492499681,16.817535,12.64566,26.459326155782854,32.022755,20.38015,0.7811128736306113,1.4239808,0.34223863
2021-01-04 09:00:00,15.253016824660449,17.264313,14.199127,25.781948111885164,33.620968,19.781124,0.7717693610259388,2.2761097,0.060474996
2021-01-05 09:00:00,15.086563070894215,18.139801,13.514069,8.356960040188545,15.207957,3.485301,1.1992611333244811,3.4337292,0.32986915
2021-01-06 09:00:00,16.137496267947313,18.787262,13.631012,8.733477168273584,15.245542,2.374898,1.011437350979269,1.9052439,0.2724638
2021-01-07 09:00:00,17.636996210360678,19.204742,15.317535,13.024909223332918,17.075554,7.374161,0.5080604625454747,1.0920779,0.14704324
2021-01-08 09:00:00,17.96006908394571,19.81137,15.643402,13.349251221632791,16.396057,11.22698,0.3430714777247952,0.6429759,0.10230883
2021-01-09 09:00:00,17.050521054359592,19.557037,15.187897,6.528507801571233,10.063329,3.910985,0.384190987252193,0.8936708,0.087568045
2021-01-10 09:00:00,17.216726011384196,19.939606,14.509094,13.846633060551637,19.890457,7.1870956,1.491035369862817,3.042367,0.27144396
2021-01-11 09:00:00,16.674948574516122,18.956696,13.876617,19.885230095107605,25.864891,11.216764,1.1946505746671123,2.4810576,0.21785787
2021-01-12 09:00:00,17.29834814511321,20.339996,13.746246,15.256168341866504,19.203133,9.903608,1.4297605646625513,2.9384806,0.19768459
2021-01-13 09:00:00,17.430096364733856,19.77945,14.841949,11.414238575497183,13.47227,10.075129,1.152141281208462,2.4145203,0.3201594
2021-01-14 09:00:00,21.329779154568143,24.660553,18.578522,10.532616778263222,12.594613,9.045823,0.9397841352004375,2.459445,0.24617377
2021-01-15 09:00:00,24.280686672377385,27.855133,19.935455,8.32229640981404,14.024452,4.8721085,1.9394808482301071,4.684891,0.21407408
2021-01-16 09:00:00,25.03262127571537,28.603424,21.037018,4.872277612099246,5.6923094,4.02308,0.8002974102402045,1.9283506,0.18546052
2021-01-17 09:00:00,24.332333599079334,27.391998,20.786774,11.424914205121043,14.613175,9.452852,1.3916463441650748,3.1943707,0.18209183
2021-01-18 09:00:00,23.31253149702576,25.406067,20.197083,13.897119265139931,15.840927,10.704208,0.2871703700412806,0.6066171,0.09406528
2021-01-19 09:00:00,18.529539394242192,21.296814,15.912048,17.01498876071673,21.389053,12.685929,1.4999062990949097,3.0419347,0.38760075
2021-01-20 09:00:00,15.265290996469446,19.973846,10.06955,45.73998035665755,54.17132,40.468197,5.244855420556926,7.463999,1.8654674
2021-01-21 09:00:00,16.211876638568697,20.349518,13.178009,70.29750892031477,88.29728,48.79345,1.420926881551922,2.4576366,0.5587121
2021-01-22 09:00:00,16.443720880448154,18.441315,14.05069,64.49490424767099,71.71449,45.398087,1.5870342711216865,2.7099874,0.8513861
2021-01-23 09:00:00,12.831553210538289,17.273468,9.257843,72.78775811900303,85.18252,46.340363,3.0569753749412945,5.2798347,1.5185213
2021-01-24 09:00:00,8.247887201498088,11.781158,4.4842834,80.02125679534969,87.77727,65.00774,1.2856574869784012,2.7400115,0.39412263
2021-01-25 09:00:00,10.241398167680757,13.577606,6.015106,76.11777251052975,88.2304,55.128838,4.532522650060538,6.796377,2.4377062
2021-01-26 09:00:00,7.681551950778157,12.182465,2.8699646,51.01544798245644,75.64992,32.825695,4.903995933851932,9.323832,1.797073
2021-01-27 09:00:00,9.753409420962498,12.826813,4.649811,19.725761263176295,51.80092,8.96236,0.9534627092942313,1.7597739,0.3262668
2021-01-28 09:00:00,12.662736795636306,14.11792,9.884155,42.857021546208934,48.349274,33.663002,0.8936212333545678,1.7560854,0.06647746
2021-01-29 09:00:00,14.79096200852564,16.73404,12.814117,50.09117329967839,67.279945,39.527725,2.673810602632381,5.1442885,0.7599981
2021-01-30 09:00:00,10.294542444359308,12.397858,7.6615295,55.71874178685815,70.88689,40.570324,0.9054308046469481,2.0261,0.42825267
2021-01-31 09:00:00,14.438683665370377,16.253052,11.713989,22.826281038441227,27.551498,19.524155,1.7232393789080307,3.137988,0.5111032
2021-02-01 09:00:00,16.6601681982238,17.91159,14.92276,18.27381180901412,23.297745,15.336806,1.433204916034153,2.4770744,0.36722696
2021-02-02 09:00:00,18.05062298436593,19.68042,16.417145,39.32965352658323,52.637154,22.894966,0.7995850511006247,3.0356295,0.06382632
2021-02-03 09:00:00,18.688970049134696,23.629547,15.7760315,22.131588824793916,28.432507,17.588757,1.4374501858665865,3.4141264,0.5179604
2021-02-04 09:00:00,16.40294130792404,22.694366,13.854523,16.703241667520796,22.357162,11.10396,1.6911009942891462,3.2944093,0.90639365
2021-02-05 09:00:00,16.870090482707553,20.579132,14.897491,10.79430875820581,17.729721,4.9789658,0.5750714825532254,1.4469309,0.11658306
2021-02-06 09:00:00,18.839550501237625,22.915192,16.31363,12.938867323996856,15.974934,8.9503565,0.5861926453017142,1.4975828,0.1624168
2021-02-07 09:00:00,20.27703806388689,22.46347,17.002533,10.35255797829361,11.729214,9.252651,0.5731045435163152,1.6628318,0.06826785
2021-02-08 09:00:00,18.143155461180925,22.047516,15.594391,11.979150780631201,15.311515,7.892411,0.8256841028041093,1.3675387,0.29819384
2021-02-09 09:00:00,16.516303715657955,21.983337,13.243103,12.34593681637952,19.145119,5.8202686,1.4484546919371601,2.314101,0.61924314
2021-02-10 09:00:00,14.546627863501499,20.020233,12.619965,19.964129631021358,40.302048,2.4624815,1.6090158644233608,2.7359774,0.8486819
2021-02-11 09:00:00,16.94546772820962,21.826141,14.335907,31.917128128325572,38.67925,24.519716,1.2855799233399023,2.991513,0.59993845
2021-02-12 09:00:00,17.522874789795992,23.529816,14.607941,35.6448762606902,44.276695,29.207577,2.7631472263845414,4.3313537,1.3581222
2021-02-13 09:00:00,14.040301320268952,18.924194,10.626495,32.64146302526175,43.360744,23.626919,1.8251849525501829,3.3704782,0.8691654
2021-02-14 09:00:00,13.305122518042197,16.436615,10.760834,44.12106524942431,61.733788,28.507223,2.130400056001345,3.729319,0.836168
2021-02-15 09:00:00,14.404738941881135,18.823273,11.41507,36.07566083741956,41.21485,24.099247,1.3775290831436888,2.0630794,0.8384465
2021-02-16 09:00:00,13.428205579754945,18.729034,10.033722,53.450713261158626,91.413666,19.466244,2.730954533694825,5.1412716,1.3577929
2021-02-17 09:00:00,13.722721928348847,19.326447,11.118225,26.561981161766457,36.1458,10.864552,1.3547644220975044,2.5351195,0.61316675
2021-02-18 09:00:00,15.300023630199462,17.914307,12.576416,14.867289295675636,19.280182,10.199093,1.9325788933127641,3.9849434,0.87335914
2021-02-19 09:00:00,16.640512848819185,17.934998,15.374451,10.923268996053874,13.264536,8.037973,1.1485531801783784,3.05852,0.17625234
2021-02-20 09:00:00,18.582466279508083,20.516327,15.89328,15.8420820177406,26.585133,5.0734625,1.5737964952959125,3.2903485,0.81486857
2021-02-21 09:00:00,17.036425990236012,20.912506,12.972076,15.144344742128816,23.933966,5.894902,1.5583993323472047,2.6374533,0.98089755
2021-02-22 09:00:00,19.066646200771743,21.777008,15.621246,8.939074039135589,14.048875,4.6565313,2.252169421123036,4.258432,0.43085468
2021-02-23 09:00:00,20.988341784566558,23.92276,18.404205,10.625956696927968,13.047545,7.7227316,0.617839409057287,1.3295499,0.19061458
2021-02-24 09:00:00,20.833411203603134,24.143707,17.924957,13.356642917973803,16.985588,7.9934015,0.9716642124156718,1.8941368,0.34353125
2021-02-25 09:00:00,19.346075823229455,24.94522,16.830719,17.47813706820416,21.77032,11.598458,0.4595930516853369,1.0606208,0.08522856
2021-02-26 09:00:00,17.87446140886368,20.111847,15.717682,5.641572364896747,6.9903097,4.9707785,0.7474034872454527,1.8080275,0.07517305
2021-02-27 09:00:00,19.275729037760698,21.720795,17.201263,9.679831118234636,13.596364,5.7760515,1.2961057463735417,2.2615309,0.6709908
2021-02-28 09:00:00,17.540753499647167,20.167145,15.317535,16.528103581188834,26.007164,6.134815,1.3136199345593558,1.8726747,0.4610488
2021-03-01 09:00:00,16.172147517580584,19.85611,11.253876,8.91494709985484,12.21363,5.4323797,2.3535551474834877,4.4588623,0.5558013
2021-03-02 09:00:00,18.154132871614934,20.764008,14.600189,8.492889729239176,10.505262,6.1543016,1.7005819345194135,3.3325944,0.6045863
2021-03-03 09:00:00,19.046420770273528,20.832733,16.920624,14.150772394901196,15.94551,11.852043,1.9060056679199113,3.4361227,0.5666547
2021-03-04 09:00:00,13.37036468653423,14.819672,11.667328,49.66002138201847,68.7478,36.17358,1.4547137533671513,2.6752474,0.30149075
2021-03-05 09:00:00,18.29955736698298,20.232147,16.26883,20.16037042647443,27.182922,13.526673,1.462225159927924,3.064043,0.18286736
2021-03-06 09:00:00,20.47349940905366,24.279602,16.674133,16.218094989193258,26.308773,6.535969,1.5240830066412674,3.7100894,0.76869786
2021-03-07 09:00:00,17.40269759708201,25.980652,15.186432,10.082453819024188,19.849916,0.005583763,1.7339022174151983,2.8642497,0.91028935
2021-03-08 09:00:00,16.13814031717601,22.827179,13.094757,23.573364716131163,42.285545,10.066231,2.336585597744187,3.8156273,1.6112492
2021-03-09 09:00:00,14.558483311046075,21.164948,11.3836975,36.09911422558661,52.16014,13.566391,3.2648033070982114,5.6468816,2.0744102
2021-03-10 09:00:00,12.067106862099195,16.027985,8.348297,47.85054408884014,73.46091,19.246067,3.481825003025547,6.3549027,2.2357426
2021-03-11 09:00:00,10.030425741333602,13.605377,5.804596,80.8605819005394,94.65475,69.56261,2.6080872445927734,4.5435905,1.5489855
2021-03-12 09:00:00,10.089952424951377,13.162506,6.6322327,68.61739756117485,78.73482,55.2044,1.4610304542958825,2.8346267,0.6955506
2021-03-13 09:00:00,10.934417330417205,13.782135,6.815338,65.56406901546546,83.05211,37.549744,1.9722684667340769,4.483211,0.79526806
2021-03-14 09:00:00,13.28467965053892,17.627838,10.267731,40.7053632345712,60.726017,25.69086,2.57347944842848,3.9634125,1.6340282
2021-03-15 09:00:00,13.917613830580933,21.509674,10.26358,33.05923083717336,60.398605,11.468918,2.760872173336639,4.9934444,1.9647217
2021-03-16 09:00:00,10.330013127407994,12.976715,6.8751526,56.55473372749681,86.22349,30.618021,4.441202646206511,7.048351,2.8258665
2021-03-17 09:00:00,14.129008829147722,18.573853,12.698883,28.36988639986893,43.239254,13.497066,0.6088570386905754,1.5443634,0.080362834
2021-03-18 09:00:00,16.699150970341293,19.771881,14.250397,15.32374399282222,29.475594,2.78028,0.7640807622498045,2.7908344,0.08139669
2021-03-19 09:00:00,18.66414437403597,23.544098,15.982819,7.759989455420606,15.413033,-0.810503,1.184384747596413,2.536188,0.5124437
2021-03-20 09:00:00,18.635492092057063,26.206451,15.934967,52.48705972990359,66.89269,32.3341,2.262829712154838,4.3129635,1.1402998
2021-03-21 09:00:00,15.87951494378683,22.741364,13.229645,12.02682914470827,21.60119,1.6487246,1.8821815737407097,3.8253417,0.9223052
2021-03-22 09:00:00,15.603190596535057,18.514069,13.934235,20.644888960905305,26.116179,15.5693035,1.4430705564308797,3.126213,0.4662512
2021-03-23 09:00:00,16.020674571889174,22.556793,13.060699,29.204906080242367,53.547977,10.305789,3.145279915701737,6.1446757,1.3028711
2021-03-24 09:00:00,16.00331595395022,18.462555,14.396149,26.917002914344064,41.82609,11.630778,1.2090534813173737,2.7130303,0.22997074
2021-03-25 09:00:00,16.061735144380975,21.359528,12.791168,22.3961936501381,29.839214,15.215096,2.843551456240133,4.596185,2.0082858
2021-03-26 09:00:00,10.799293048805566,13.99942,7.433502,84.70893981113348,98.23822,67.41791,3.1801962097923737,6.076449,2.1147609
2021-03-27 09:00:00,18.315561537082885,20.441559,16.71524,21.261564796020668,26.160608,18.111177,1.106670578261846,2.055594,0.5545639
2021-03-28 09:00:00,22.938872951703615,25.289215,20.318512,13.187298947146793,16.634378,9.312966,1.372856521452861,2.9450212,0.2467714
2021-03-29 09:00:00,25.137050587772478,27.383942,21.36441,8.615387382669082,12.414178,5.7696466,0.9564584411445604,2.8759382,0.39635128
2021-03-30 09:00:00,21.608706406967542,30.250153,17.283356,6.919693632569656,13.39552,1.5605097,1.5086496309367021,2.7424183,0.8008518
2021-03-31 09:00:00,23.8620861451123,26.32315,21.727203,7.331647087203033,11.213292,5.0651064,1.8693146624349843,3.930776,0.37969112
2021-04-01 09:00:00,25.23959121195753,28.51236,22.414703,6.716253081408542,7.7726927,5.4209814,2.1139205118466085,3.5400136,0.8943755
2021-04-02 09:00:00,24.855926036567666,28.490631,21.617584,8.288004310775785,11.862155,3.709733,1.4616881595735152,2.39516,0.99138576
2021-04-03 09:00:00,22.648887946557124,32.160065,17.585846,4.896096440296988,6.560628,1.7442284,1.8636127607841129,3.4899018,0.6773543
2021-04-04 09:00:00,23.30140070133251,32.25528,17.146881,4.62460866919129,7.588272,2.9479427,2.103545390310911,3.8679543,0.6655626
2021-04-05 09:00:00,23.784506163582535,33.32852,18.060944,12.084879467126031,18.416025,8.406639,2.2937546970866722,5.2258263,0.9111057
2021-04-06 09:00:00,20.348636086642216,28.691315,16.259674,17.215993765301683,26.5816,6.5190697,2.375128968290001,4.3774767,1.3941104
2021-04-07 09:00:00,24.059106946019597,30.06314,17.9982,11.27068581314062,15.6072445,4.112321,1.6549936366089957,2.743466,0.8897685
2021-04-08 09:00:00,23.273540106092355,31.89981,17.921783,23.780343658392802,30.43457,15.696404,2.4752475213396954,5.323381,1.2040995
2021-04-09 09:00:00,21.94126359707559,29.816315,16.835846,10.949173822754652,13.83988,6.2422237,1.6663816607807185,2.7716014,1.0522861
2021-04-10 09:00:00,23.240364999271492,30.99649,17.441803,10.598821828017805,16.057655,6.9811506,1.5281271867946897,2.476464,0.6187813
2021-04-11 09:00:00,22.76282776832096,31.088776,17.20987,10.91068282298746,15.757807,4.3930016,1.650845126654146,2.6381986,0.8125012
2021-04-12 09:00:00,21.956832467662878,30.122711,16.747711,14.18365483195558,22.886282,5.5208416,1.7803172589688903,2.48868,0.90034336
2021-04-13 09:00:00,20.223296171323568,29.705963,15.840729,25.904930963606315,45.87608,6.934672,2.7856432876614137,4.5905724,1.994126
2021-04-14 09:00:00,15.929176900222103,24.233307,13.9774475,31.98917402120501,66.80652,4.6698036,3.323304895858922,6.011213,2.4588082
2021-04-15 09:00:00,16.925165779704287,23.781647,15.254303,19.915059295224705,38.4943,2.8693495,2.5769906429231795,4.0024242,1.8585453
2021-04-16 09:00:00,18.858724312099355,24.937164,15.801666,16.946801014923654,26.944984,7.309181,1.5880744883723976,2.891764,0.6388955
2021-04-17 09:00:00,19.910599355434215,26.65567,16.438873,15.053596066021813,19.757187,8.986883,1.441087466547464,2.7373643,0.55827737
2021-04-18 09:00:00,23.580787309999664,26.635406,20.190826,14.687518893376817,16.937908,10.152074,2.0760497711703474,3.6231408,1.0982987
2021-04-19 09:00:00,25.449538418539873,26.927643,23.627106,8.82113578145326,10.242566,6.6498823,1.496480490677546,3.1120403,0.83303285
2021-04-20 09:00:00,24.44645448020509,30.00821,19.978912,4.956448530809384,9.48784,2.0141249,2.150175372071718,3.1255248,1.1716715
2021-04-21 09:00:00,20.574000230065337,29.957916,15.487213,12.474786599214537,26.30142,2.7352428,3.3692150847691194,5.795238,2.2321293
2021-04-22 09:00:00,14.410550764321044,20.531403,10.980621,78.83100618482824,101.41151,35.80483,3.354973859534283,5.4174814,2.591102
2021-04-23 09:00:00,17.734936234846487,23.501617,15.411285,47.271458640591185,67.89685,20.170292,2.947672000982575,4.483543,2.2380483
2021-04-24 09:00:00,19.153479912427315,27.035797,15.763824,21.98347398583766,38.48934,11.171745,2.36575934888332,4.332997,1.4446424
2021-04-25 09:00:00,19.362110212937125,28.434479,15.909088,16.268706873514045,33.63289,5.226639,2.6329647082422647,4.820632,1.4581372
2021-04-26 09:00:00,17.972597265747652,24.920563,15.295563,46.874320391778795,64.350044,27.79145,3.5036033570931124,5.9068985,2.567044
2021-04-27 09:00:00,13.922997074629961,17.767242,10.401276,65.76259178150595,77.8992,45.717304,3.0643885828877906,5.384743,2.079765
2021-04-28 09:00:00,20.34869238988756,24.343414,17.454742,23.537053466872326,30.677694,20.021444,1.377550961401731,2.1692317,0.68804574
2021-04-29 09:00:00,26.58601908804002,30.083893,21.6232,11.569575019292182,14.243202,7.7013083,1.1710792128473781,1.9251193,0.56971484
2021-04-30 09:00:00,30.10276294257136,34.04825,23.063873,10.805926055360437,13.2867365,7.810174,0.9924208348516999,2.452966,0.21510221
2021-05-01 09:00:00,29.373605069037637,37.21231,22.206451,7.791538952279137,11.213598,3.3065014,2.2548920932837295,4.196283,1.0742291
2021-05-02 09:00:00,21.74746605153149,31.209137,17.058746,7.506614392613424,23.446339,-0.9560051,3.4791462505129744,5.856427,2.0636098
2021-05-03 09:00:00,22.026418230702177,26.838531,17.467438,22.298160329542362,32.09082,12.500978,2.0577998550658987,3.444885,1.3405464
2021-05-04 09:00:00,24.39812754116383,30.205719,18.451813,14.112118694801635,18.347338,11.894213,0.9940381410128742,2.0955112,0.2810358
2021-05-05 09:00:00,25.945825521736992,32.199127,19.154205,14.154683687817899,17.93137,9.74857,1.0632969620734054,2.5290859,0.04895693
2021-05-06 09:00:00,24.72166279823722,32.34732,17.206696,18.282919617965778,26.240437,7.2037354,1.282388670306654,2.6906815,0.24517456
2021-05-07 09:00:00,22.371922789632436,32.277985,16.141266,20.818889119570713,29.092213,10.139858,2.0082372165270663,2.965254,0.9418831
2021-05-08 09:00:00,21.948136436948914,31.14029,16.937164,21.376432020455717,33.19527,10.683551,2.1585958053937904,3.545531,1.1816314
2021-05-09 09:00:00,22.80929522201069,31.63028,17.53067,24.606196526648766,33.972725,12.217378,1.7360458374226895,2.2900064,0.8837065
2021-05-10 09:00:00,22.348068975507715,31.761871,16.982574,23.475136392494704,38.277546,11.56393,2.2748631565524264,3.6715357,1.5805882
2021-05-11 09:00:00,22.147578650146954,30.223785,16.909332,25.86873102856736,40.74245,20.609173,1.4005536854021507,2.228956,0.5847818
2021-05-12 09:00:00,24.343373923069635,31.75943,17.911774,20.025960196727898,28.358269,6.5909863,1.2142773048041713,2.5160298,0.3709201
2021-05-13 09:00:00,24.108749819366494,33.144684,17.824371,17.606577611835853,25.416363,7.3865156,1.4028060937547506,2.808915,0.5065624
2021-05-14 09:00:00,23.949511311748097,33.628082,17.397614,5.807367590453759,9.272786,1.943882,1.8689968895082107,3.4015322,1.0302023
2021-05-15 09:00:00,23.163689478325693,34.080963,17.432526,13.348612774362472,32.34672,1.3124352,2.5584421013933367,4.400607,1.7085166
2021-05-16 09:00:00,19.434489549671923,29.166412,16.754303,39.970683602078836,66.47468,14.648219,3.5381997834086176,6.1120806,2.5486188
2021-05-17 09:00:00,16.455690222490546,22.981842,13.378326,64.51895747535424,85.35801,30.818947,3.031079148996545,5.0494204,2.1000538
2021-05-18 09:00:00,20.114991437332264,28.022614,16.89566,30.759632212953505,46.34846,20.700024,2.5084223017285683,3.9077504,1.649159
2021-05-19 09:00:00,23.266355617530508,33.565826,17.983795,18.251690753128763,32.73654,7.162322,2.152410412888039,4.0959063,1.2121848
2021-05-20 09:00:00,22.19762170938577,31.812653,18.027496,24.72305741230873,47.363064,8.421219,3.2895971712234218,6.1035213,2.2139277
2021-05-21 09:00:00,17.51508414095366,24.51358,14.490143,30.60321186454163,63.513412,7.568099,3.852613836171684,6.578158,2.8090153
2021-05-22 09:00:00,16.285733712299134,20.593658,13.788971,30.632768115583602,47.174118,16.654589,2.912509127998485,4.5046234,2.097435
2021-05-23 09:00:00,20.602310989818875,23.533112,17.704987,19.269269482307394,29.319986,9.026766,1.7559045005393559,2.889228,0.92381054
2021-05-24 09:00:00,25.15311740863342,27.571442,20.309723,15.752422264247457,20.414404,10.422724,1.262625837057503,4.0198145,0.27752918
2021-05-25 09:00:00,26.673809789709196,32.15445,20.377594,15.720933267182966,19.83479,10.560367,1.288128428409353,2.709064,0.3093057
2021-05-26 09:00:00,26.687297102992943,34.184723,20.86441,16.74195024324384,21.949501,12.038267,2.387648694695498,3.5051079,1.1505815
2021-05-27 09:00:00,23.030024104992663,32.103424,17.18155,8.062251866628417,11.396213,3.883873,2.2536837009731,3.9298751,1.4181432
2021-05-28 09:00:00,24.038548224826854,33.233307,17.686188,13.210853580490216,21.533424,7.55299,1.852842040951228,2.9804304,1.0608331
2021-05-29 09:00:00,24.03007039584344,33.84317,17.958405,12.69773928671104,20.466604,5.4737787,2.2101092976586463,3.564585,1.3645833
2021-05-30 09:00:00,22.808606693554907,33.149567,16.75113,25.261390179277775,36.46529,14.651535,1.9586183526683836,3.2412894,1.1839328
2021-05-31 09:00:00,24.81439535729254,33.96939,17.44986,15.486688379664676,23.113277,8.333716,1.247443648297157,2.5198169,0.26728645
2021-06-01 09:00:00,26.8530749375484,35.148834,17.62735,12.467933887708165,16.34013,7.144165,1.4279393240464497,2.5167706,0.19192372
2021-06-02 09:00:00,26.722645485983207,36.260162,17.896881,11.502406549204709,16.051064,4.550494,1.2967765299139127,2.7451837,0.59734774
2021-06-03 09:00:00,28.01989491739107,38.850983,17.524323,14.677685536124889,18.19506,6.017784,1.4566133857758155,2.5623937,0.8296237
2021-06-04 09:00:00,27.526429645644498,39.584137,18.295563,13.85093803095794,18.639492,8.45572,1.636673895963328,2.810794,0.8277234
2021-06-05 09:00:00,27.021847277496363,38.481354,18.7919,9.837571940853854,14.239408,5.337064,2.0499683926846806,4.086191,1.0645584
2021-06-06 09:00:00,25.83086747149872,38.2128,18.51358,10.397174963761458,16.255674,3.3248205,2.3487638724757187,4.2632995,1.5183438
2021-06-07 09:00:00,23.324417187379368,35.37979,17.520416,16.936244094162596,30.212387,6.0170755,2.8773126327937613,4.9459867,1.6578454
2021-06-08 09:00:00,21.399174765364762,29.888092,18.107819,25.82250121794804,47.48875,5.3344717,2.8320422938152854,4.8806887,1.9551862
2021-06-09 09:00:00,23.72556476064642,32.43155,18.788239,26.775972510715597,33.179558,16.577997,2.255385114939905,4.108461,1.307242
2021-06-10 09:00:00,22.682855308232604,31.634918,18.745514,6.343542759690184,10.782288,-0.8982878,2.5279091996996956,4.5575447,1.5009876
2021-06-11 09:00:00,25.358693793033467,31.880035,19.822174,5.395907917450708,11.527052,-3.0396223,1.8260266164437071,3.1475167,1.0377736
2021-06-12 09:00:00,27.915501997492754,35.03946,20.125397,7.544471864230942,11.213407,1.5214281,1.501165441565018,2.9101567,0.54810405
2021-06-13 09:00:00,29.381968352614535,37.602203,20.766266,9.07723495768953,12.131344,5.9059563,1.5811773676623935,2.8357565,0.76807636
2021-06-14 09:00:00,30.729939922219614,40.25113,20.475983,6.536550542532192,11.607018,3.708581,1.6911228339857147,4.0499883,0.55341196
2021-06-15 09:00:00,32.535173113751966,39.858063,21.574371,5.208214760870322,7.5098867,1.964201,1.377073793154881,3.070771,0.5353439
2021-06-16 09:00:00,35.23723400657218,43.69278,24.300201,8.07340208432827,11.3931675,3.8149853,1.0918026470457574,2.3185298,0.08539571
2021-06-17 09:00:00,30.85468003779846,40.499664,20.652008,13.845012844727952,17.905853,5.9954443,0.8309811388701902,2.1899765,0.23311107
2021-06-18 09:00:00,31.039929524587706,43.207428,20.435944,16.05362523236653,21.876362,9.188845,1.6487587551284066,2.5330098,0.83727837
2021-06-19 09:00:00,29.4285655006629,42.610992,19.493805,17.010876017441444,23.58274,10.769382,2.0301372497746226,3.859254,0.9971806
2021-06-20 09:00:00,29.679417711483666,42.557526,19.762604,13.278738592305368,17.475693,9.724779,2.3829656120727534,4.2964735,1.1530043
2021-06-21 09:00:00,28.600172268972187,40.207428,19.042877,14.190900797081595,16.52874,9.337334,2.121700163177671,3.4585311,1.0242751
2021-06-22 09:00:00,29.49204960945309,40.09732,19.743805,14.844960723397456,17.783497,11.150878,1.9842671440327118,4.527831,0.89090776
2021-06-23 09:00:00,27.902203172580585,38.507965,19.887115,21.29386617404486,27.45176,15.737405,1.9327069480797499,4.9801335,0.17540935
2021-06-24 09:00:00,25.904775202796827,32.993073,19.89151,31.960159544592457,43.241703,16.847172,1.8247651721611409,3.7194278,0.87400675
2021-06-25 09:00:00,26.89916368595317,35.84024,19.605865,12.013554361988653,17.50915,7.7788105,2.0706666382147554,3.7888105,1.1914977
2021-06-26 09:00:00,28.889554792346246,37.184235,20.57486,9.779964884925104,14.327201,5.58224,1.7644475039819212,4.1354747,0.95627683
2021-06-27 09:00:00,30.85050210553237,40.151276,20.174713,11.373077657262694,15.987108,5.6400747,1.196277364477139,2.5619698,0.3043408
2021-06-28 09:00:00,30.80241348028187,42.017242,19.892242,14.387879012650645,17.298279,8.086725,1.153131910284737,2.7537017,0.08075321
2021-06-29 09:00:00,29.099184383630757,39.829742,19.505524,15.876618210924685,21.767597,9.121909,1.294755809710027,3.0978947,0.24581273
2021-06-30 09:00:00,28.62794248964076,38.00992,20.288483,23.48963927579037,36.978012,11.387058,1.2477528999763885,2.322579,0.052709393
2021-07-01 09:00:00,29.809282390690555,37.249176,21.089264,17.064156173104756,26.887234,8.488797,1.2693875045179666,2.3381293,0.058434725
2021-07-02 09:00:00,30.047655767025503,38.839264,21.003326,12.926130699476557,16.301903,9.882039,1.4639420373498595,2.9064708,0.5930815
2021-07-03 09:00:00,28.828660645814978,37.703766,19.91861,11.25488073843013,13.770129,7.00033,1.3302118183926392,2.8834336,0.36211038
2021-07-04 09:00:00,28.786757736564027,38.933746,20.23648,11.728818757345188,21.610893,5.028304,1.5952386860578123,2.9417439,0.35334185
2021-07-05 09:00:00,29.055145738361944,38.310455,20.47647,9.585348507116935,11.624655,6.2441053,2.1444051865256966,3.9605613,1.2001019
2021-07-06 09:00:00,29.387657087260777,39.760162,20.644928,10.034213150620793,12.509947,7.982603,2.2315233974042874,4.1823792,1.1201893
2021-07-07 09:00:00,29.745856035425447,40.19449,20.241364,10.381065165292332,14.358325,7.9091063,1.5110486260927858,2.4975944,0.6810799
2021-07-08 09:00:00,30.981276659566106,40.22769,21.191559,25.04465536065975,32.56166,18.179771,1.1301661207018596,2.333084,0.3733528
2021-07-09 09:00:00,30.885293670085105,39.246246,22.23404,34.0651217769761,39.9619,26.21086,1.2678166755201166,2.2201645,0.79411376
2021-07-10 09:00:00,31.718255456033035,41.784332,23.864899,25.558464079833268,29.483608,21.413296,1.7330810716415326,2.7172399,0.8548588
2021-07-11 09:00:00,31.6022442339455,43.538727,23.312164,23.656187043155235,27.197727,17.91265,1.7447806046658079,2.4575007,1.1678835
2021-07-12 09:00:00,30.072770771265652,40.3544,21.168854,24.577600555268575,29.96355,18.663658,1.5781125997800864,2.5750396,0.4888283
2021-07-13 09:00:00,30.441977726471862,39.474762,22.062653,32.10200424818778,39.378548,26.072323,1.278600420712475,2.2920878,0.14356166
2021-07-14 09:00:00,29.332436347539613,37.933014,22.645905,33.11226972208946,38.67592,24.183733,1.3815702657671143,2.0567877,0.63578296
2021-07-15 09:00:00,29.183399261993316,38.628815,22.26065,37.39141945328696,42.270203,31.917494,1.7504106639418817,2.809008,0.64212185
2021-07-16 09:00:00,29.67369535852481,39.47525,22.317535,32.777638334191266,38.350246,25.510403,1.9838995556528525,3.1840327,1.2404288
2021-07-17 09:00:00,29.622497034644255,39.738434,22.04068,31.0783266675384,40.87715,25.301733,1.6111910552082174,2.9107144,0.47606856
2021-07-18 09:00:00,30.78192847742571,36.691803,24.361725,41.81228052794771,47.28179,29.937,1.157118968914268,2.4804807,0.5781163
2021-07-19 09:00:00,30.84890614814867,38.193024,24.66153,33.4425087355233,38.22098,30.116276,1.2500093788972226,2.510233,0.45764643
2021-07-20 09:00:00,30.36050916857465,38.536774,23.928131,26.515653091242488,30.220997,23.681934,1.7564573699990973,3.385651,0.5233749
2021-07-21 09:00:00,31.83645088939869,40.080475,24.193756,25.846499588159666,30.607992,21.422806,1.7836224800007483,3.601299,0.6696303
2021-07-22 09:00:00,31.174457298824734,40.66568,23.755524,28.2908110811145,31.780327,21.41314,1.4331966313370068,2.6064272,0.3075644
2021-07-23 09:00:00,28.072851836082407,36.01358,21.78897,32.200949813548824,42.830666,19.381449,1.601707890629419,2.5760696,0.6065309
2021-07-24 09:00:00,28.452924730323502,36.450592,21.960358,21.670854482089815,31.003769,10.594654,1.7048299224060217,2.7427669,0.55483454
2021-07-25 09:00:00,27.823273547167673,34.659576,21.825592,32.32588339650928,41.546726,18.381718,1.490950289963222,2.739284,0.3730219
2021-07-26 09:00:00,26.745443976474007,33.879547,21.789703,54.36868289253106,72.68954,36.974693,1.2804601025878855,2.6816092,0.31220496
2021-07-27 09:00:00,27.221284215172147,32.923492,21.622711,38.04078220617452,40.70154,32.28748,1.1869077692677905,3.3355353,0.10379726
2021-07-28 09:00:00,29.10458336984385,37.167145,23.220612,38.320480388944446,46.819485,24.008392,1.4658189077752704,3.6098924,0.6490598
2021-07-29 09:00:00,30.4688763060542,37.013824,23.897858,26.019809938982537,31.097647,20.066397,1.6738508583641707,4.301652,0.88070124
2021-07-30 09:00:00,30.234076610629756,39.33365,22.89029,20.01147720522775,25.252026,14.931434,1.4894363448132613,4.381425,0.42235026
2021-07-31 09:00:00,28.176025965105396,33.468903,21.802887,41.748932259465406,49.646515,20.403376,1.3969562284160875,4.276433,0.21523842
2021-08-01 09:00:00,30.409918631380435,37.37491,23.24942,19.074310747521377,22.347443,16.11052,1.5532077292736364,3.9523773,0.39404365
2021-08-02 09:00:00,32.0043376340916,40.370758,23.976227,14.886014223361732,17.619781,13.395098,1.897091481102549,4.4314327,0.5937437
2021-08-03 09:00:00,32.86868541669861,41.2023,24.337067,10.908900702646337,14.585047,6.5472145,1.8316084078011838,4.4442477,0.5752581
2021-08-04 09:00:00,32.51636125558662,42.14981,22.575592,17.949791593782134,21.607632,14.474818,1.4483788794654593,3.9842796,0.3323797
2021-08-05 09:00:00,32.2049813134949,43.457184,22.17398,16.91287663197339,19.811138,10.95882,1.6307182560774194,3.6089191,0.70464075
2021-08-06 09:00:00,30.611890868177113,41.051422,21.666656,8.581518081360036,13.051163,2.9080286,1.709223507241179,2.70979,0.71385247
2021-08-07 09:00:00,29.809068851546385,40.60782,20.281647,3.6453011237526187,5.2759523,1.6672163,1.7094440483526976,2.6282976,0.7802468
2021-08-08 09:00:00,29.264185502792714,40.312653,20.535309,8.132800935480903,12.571011,1.6521597,1.5404208701412838,2.3477936,0.7108629
2021-08-09 09:00:00,30.38645091945392,39.77603,22.330475,15.046828023986453,23.421429,6.757366,1.310532846197486,2.4475844,0.40893543
2021-08-10 09:00:00,30.09375756098217,37.15811,22.574127,27.71797248204993,38.075966,20.47831,1.180980984389169,2.398117,0.42585233
2021-08-11 09:00:00,31.186985888272318,37.453033,24.747955,43.631478380827346,47.231354,37.614166,1.2546223606396512,3.2456686,0.24754168
2021-08-12 09:00:00,30.06444174284843,34.757965,25.871246,44.94475770089596,50.880928,36.080894,1.3445454244087034,2.3420312,0.3355844
2021-08-13 09:00:00,30.39685702495558,36.890778,25.312164,35.96097731584369,43.87178,30.567095,1.933210403769392,3.1561377,1.0488421
2021-08-14 09:00:00,30.709167398433124,39.07486,25.346344,33.36632195776323,35.24631,27.906467,1.7573257044078423,3.0367932,0.839847
2021-08-15 09:00:00,30.182556479250707,35.056305,22.825592,35.75022076505482,40.02291,26.144012,1.2268156142663607,3.8212097,0.1519063
2021-08-16 09:00:00,30.811799969183312,38.170807,23.73526,39.240954814674,46.44878,31.51128,1.3777383627252644,2.4892368,0.2921002
2021-08-17 09:00:00,29.16308668567484,37.24185,24.214508,51.812317273540394,57.240852,43.998665,1.6160675531662114,2.3902402,0.5064412
2021-08-18 09:00:00,27.488299524373474,36.89273,23.246246,55.2563788816597,66.79615,40.831924,2.7757649701937144,4.505242,1.8728672
2021-08-19 09:00:00,24.69698364469275,32.850983,21.964752,64.47413042116392,81.92181,27.413994,2.624643641329337,4.515452,2.1002538
2021-08-20 09:00:00,25.627084178177086,32.975494,21.998932,21.494405650537402,34.883007,6.445507,1.7327899921791883,2.8112624,0.67206734
2021-08-21 09:00:00,25.50361239892692,32.806305,21.302399,54.475862738981085,67.527054,44.535175,1.5729257712308489,2.6528938,0.13736615
2021-08-22 09:00:00,25.356755016945726,33.73575,21.177155,39.33265833735985,54.777035,21.111557,1.6506497761334555,2.6411002,0.51293623
2021-08-23 09:00:00,26.541159700234232,33.757233,21.59317,14.540025882933541,25.235516,3.7310314,1.6143976238100084,3.1774004,0.49885842
2021-08-24 09:00:00,28.327397960296423,35.489655,21.673737,8.395727683963724,13.939216,-0.15362549,1.4002868482245454,3.0376139,0.29914397
2021-08-25 09:00:00,30.406903078300218,37.82437,23.228668,11.894555122293964,22.642773,5.27168,1.6243251949631083,3.5588436,0.54549617
2021-08-26 09:00:00,32.4594180243966,39.416656,24.95987,25.094103104025415,31.651749,10.069718,2.040425605072191,4.3521805,1.046081
2021-08-27 09:00:00,33.145473937834026,40.831207,24.940582,16.20638707762212,23.422817,6.187239,1.6068321426745982,3.7203822,0.60087454
2021-08-28 09:00:00,32.73740634843563,41.54727,24.16446,17.151028376763204,20.018105,9.2593975,1.3022613481285008,3.3761802,0.20503983
2021-08-29 09:00:00,31.054746204613025,39.01187,22.441559,22.564951497037832,26.188465,18.613676,1.078339445288454,3.1880362,0.40942642
2021-08-30 09:00:00,29.898107587599213,37.03531,24.072418,22.89596642602436,28.020708,16.143587,1.3463970635698306,3.5250685,0.19611883
2021-08-31 09:00:00,29.278014070148288,39.606354,21.399323,25.383829114649973,38.909508,14.538415,1.7799043643360875,2.5412722,0.743412
2021-09-01 09:00:00,25.12512915045494,32.202545,21.548248,32.44060563416192,49.644543,14.320979,2.0324871571120346,2.7961154,0.5116982
2021-09-02 09:00:00,26.182134727034907,33.728424,21.82608,22.523738154296595,40.254234,3.8974347,1.979432787903491,2.8896532,1.0942407
2021-09-03 09:00:00,27.869570116255034,35.53482,21.837555,20.23947478369758,29.252588,9.873179,1.5612788170101282,3.4527905,0.2311764
2021-09-04 09:00:00,30.39169106153423,35.94644,23.469147,18.45884027088089,23.778048,14.274141,1.8302751680271638,3.735994,0.9490229
2021-09-05 09:00:00,32.53863370013107,38.278473,25.106598,19.46130041408726,27.990137,8.048999,1.2837031118164324,3.4185429,0.2209698
2021-09-06 09:00:00,31.613514851549724,39.578278,23.937653,23.851798558515085,26.699522,18.664366,1.0245875598924121,2.3422341,0.054914813
2021-09-07 09:00:00,29.951072753382107,37.573883,22.50943,29.152238443611402,39.535088,14.834338,1.039930134760646,2.3126109,0.14173295
2021-09-08 09:00:00,31.216942254523815,39.881744,23.252838,28.950432207253037,40.896923,15.670893,1.2111201712121467,2.289855,0.15279932
2021-09-09 09:00:00,31.532491068601587,38.350006,23.525787,34.48992112951585,43.77467,26.860607,1.6766327069921663,3.3191946,0.026117174
2021-09-10 09:00:00,31.576876802244612,39.515533,24.198883,35.190807075742974,43.59007,19.65807,1.1830360589596045,3.0123644,0.47631487
2021-09-11 09:00:00,31.153085942774453,36.71524,24.74405,36.59788953705243,40.270565,31.653822,1.2711946152997768,3.1348596,0.16288394
2021-09-12 09:00:00,31.592249597301873,37.490875,24.98111,27.095580452352706,31.274885,24.614729,1.6421001226577423,4.3896995,0.27540153
2021-09-13 09:00:00,31.367845443275826,39.233063,23.623688,12.65520556732436,16.372501,3.4340706,1.8426958350549019,4.111577,0.7134642
2021-09-14 09:00:00,30.134644277824066,39.10367,22.537262,13.040956592022658,16.849869,3.0998697,1.9361644150727833,3.747029,0.84968215
2021-09-15 09:00:00,27.750101740805235,37.263092,20.804108,8.292044959706242,11.336149,2.8556805,1.7922273530447694,3.4183247,0.7718905
2021-09-16 09:00:00,27.357149553765453,36.878815,20.564362,5.485302760798374,8.414405,3.324561,1.9389531219026974,3.4362826,0.80251175
2021-09-17 09:00:00,26.121228138009485,36.37198,19.608307,9.49528669249931,17.859219,1.9355593,1.5538627685900197,2.8726754,0.73804855
2021-09-18 09:00:00,26.14212396824888,34.12271,20.298492,16.032106747220308,19.669971,12.136415,1.7061063796803846,3.3705204,0.855576
2021-09-19 09:00:00,25.6562811316374,34.851715,19.834137,9.130373179702646,15.469463,6.1015444,2.0866541765275706,3.7400236,1.0258261
2021-09-20 09:00:00,26.982543746981094,34.878326,21.052643,14.911037714029074,21.653717,5.0524464,1.181411544441441,2.2487075,0.46152183
2021-09-21 09:00:00,31.35324555776657,34.43448,25.026276,23.443181996903814,28.176167,20.665356,1.1813963079975214,2.3595414,0.25119263
2021-09-22 09:00:00,31.767134044794545,35.590485,25.956696,24.364692524155398,31.20165,13.5030775,1.2226387739732218,3.6062362,0.18179101
2021-09-23 09:00:00,29.95955282536346,35.851227,23.769196,26.358760563530396,33.240437,16.54903,1.8392838769648414,4.3531995,0.471206
2021-09-24 09:00:00,26.846700431082184,33.239166,21.264557,31.69037472770212,41.256977,22.904966,1.1022340889650628,3.2809868,0.09125113
2021-09-25 09:00:00,23.94510618803332,25.786041,20.440338,42.443724217700726,51.114296,36.336952,0.9071570044074714,2.3163748,0.13707224
2021-09-26 09:00:00,23.27882810057764,28.614655,20.237701,51.899080963256154,66.50337,36.18078,1.7265819964333247,2.7441292,0.43974972
2021-09-27 09:00:00,22.596208975205514,28.681305,19.85904,37.34482918591963,46.775616,26.404522,1.9906888738858086,2.7221882,1.0286572
2021-09-28 09:00:00,22.395213257605576,29.526276,19.197906,39.59864967611428,54.467827,26.078838,2.2515400645873016,3.9621572,1.5001103
2021-09-29 09:00:00,21.901684188976503,28.781647,20.099518,35.14593670005419,56.76097,9.86614,2.088319757212175,3.4219265,1.518527
2021-09-30 09:00:00,26.36313738767427,29.490631,22.742096,13.018838765669672,16.837046,8.383921,1.7776426223635526,3.004612,0.75399387
2021-10-01 09:00:00,28.1383239062356,30.601715,24.797028,8.62526918447318,10.732438,6.5926657,0.9476395130859517,2.2025576,0.09318066
2021-10-02 09:00:00,29.01161395882258,31.049713,25.799957,11.39303791881712,12.282339,9.86437,1.0762760380437206,2.2932823,0.22236
2021-10-03 09:00:00,28.984844470752364,30.887604,26.077057,19.345987386724058,21.907314,16.12418,0.8915802323778207,1.7308763,0.1161646
2021-10-04 09:00:00,29.179883648400903,33.292877,25.314362,21.38631494698637,25.59966,15.779593,0.5411610849340531,1.1876937,0.053382937
2021-10-05 09:00:00,26.686309411807144,31.241364,24.104645,37.248197444584555,43.709335,23.697617,0.846090842867628,1.7009826,0.4081402
2021-10-06 09:00:00,22.564469279976777,27.694244,20.163239,70.19760387174385,85.92686,47.743664,1.3517676057166887,2.1330407,0.7051806
2021-10-07 09:00:00,21.998639701437583,27.48404,20.027008,33.72342606353688,54.96146,17.359898,1.9431058301287083,2.7829695,0.6840112
2021-10-08 09:00:00,20.46409316090609,26.8732,17.89859,31.029992531904963,46.352158,21.711533,1.9876223770255206,3.7361157,1.0331038
2021-10-09 09:00:00,19.23931232048926,23.426422,17.25772,26.22308103905493,45.616257,13.24575,1.9676495739336632,3.5356076,1.2325628
2021-10-10 09:00:00,22.324423248213577,26.434479,20.983551,19.91850072826851,26.742567,12.040688,0.8903481494206872,2.1731286,0.44430485
2021-10-11 09:00:00,23.680847963792303,27.911774,21.220367,19.24011716565654,22.030315,16.083218,1.969905971052268,3.2674584,1.2252846
2021-10-12 09:00:00,17.034256152899786,19.996735,14.045563,27.715631891652805,36.24879,22.74879,3.8375037504818597,5.63289,2.2070992
2021-10-13 09:00:00,18.99007207448568,20.460114,16.48941,22.52932959912292,25.182571,20.022415,0.803531210651598,1.9436749,0.15790571
2021-10-14 09:00:00,21.17772147081689,22.854156,19.471344,20.8677811650312,23.112286,15.737509,0.7603545210280253,2.3100617,0.04936272
2021-10-15 09:00:00,24.577171666828235,27.75235,21.18155,14.536962847578936,20.381264,8.6483555,2.0695022411201105,4.033253,1.0314332
2021-10-16 09:00:00,25.696862550598553,28.245514,22.74942,9.071091781645693,12.758031,6.043187,1.758001628344265,3.6447814,0.6458999
2021-10-17 09:00:00,26.080699935187738,27.862457,23.354645,11.955504580425487,13.32632,10.498815,0.884492539281761,1.3303101,0.5586063
2021-10-18 09:00:00,20.704451670034814,27.261139,18.47403,22.68652196474022,29.65627,16.890537,2.9128382314770516,5.094298,2.0731533
2021-10-19 09:00:00,17.67747393458734,19.886627,16.808502,29.477519041827108,40.49924,13.150198,1.392422533648382,2.3692799,0.8183672
2021-10-20 09:00:00,20.090457445750587,22.234772,17.968903,21.7689839826614,31.140308,13.944883,0.6965481022964889,1.5108287,0.11301197
2021-10-21 09:00:00,22.42272429857087,24.413727,18.931793,13.503367839825888,17.412954,10.658869,0.899492587142244,2.8973572,0.10265906
2021-10-22 09:00:00,22.852593812929115,26.764557,18.528229,14.077389202843014,18.116852,9.734448,1.2798126650940145,3.9537227,0.43293017
2021-10-23 09:00:00,20.130980902373324,27.085602,17.370758,14.314414596130026,27.702944,5.0772524,2.17756127420134,4.2603855,1.1317548
2021-10-24 09:00:00,19.718744304960524,24.361237,18.36148,37.576564460962075,52.14449,9.737591,1.9367665971580061,3.3124213,1.1213715
2021-10-25 09:00:00,20.51494332749013,26.36856,18.108795,46.74118230118961,59.785587,41.00043,2.0490397249725394,3.5512013,1.1722509
2021-10-26 09:00:00,17.01287987239658,19.879791,14.932526,37.46864180666447,56.421234,19.448576,2.57471219095075,4.22238,1.493014
2021-10-27 09:00:00,23.15183041627313,24.785309,21.201324,18.238948404283498,21.725817,13.849023,1.234302197038932,2.7292452,0.33625486
2021-10-28 09:00:00,25.929830604264964,27.873688,23.649078,27.475984165495234,35.34627,22.266027,1.336232575586078,3.495751,0.2131387
2021-10-29 09:00:00,26.44548020904847,29.108551,22.71402,23.798220299704706,29.088684,19.893677,0.5290320455777261,1.6153513,0.143974
2021-10-30 09:00:00,24.579664861919127,28.878815,20.787018,25.57897214397203,31.503235,20.780579,1.1055963301966387,1.9857247,0.56599444
2021-10-31 09:00:00,20.99164060778878,27.637604,16.972809,30.166906054665535,36.34655,25.743732,1.5755092419236283,2.8325467,0.81800854
2021-11-01 09:00:00,19.729910677094836,26.376373,17.341705,30.48544722612736,38.61452,21.880146,1.3327527341634713,3.1692739,0.40671152
2021-11-02 09:00:00,19.939481813848374,24.74527,17.361725,21.343533352149137,29.889906,14.89658,1.575072866813475,4.0265045,0.6811766
2021-11-03 09:00:00,21.95307334721275,25.185455,17.477203,25.197609103386824,27.322964,21.291714,0.8645945200136801,3.156533,0.04084793
2021-11-04 09:00:00,22.772466851103843,27.872223,17.426666,23.407590695097973,25.110195,21.203945,0.7234820609855929,2.2015991,0.055706337
2021-11-05 09:00:00,23.212200945124437,27.16397,18.32022,20.599448105636988,25.4552,13.7395935,0.41490061103860904,1.2337116,0.06142946
2021-11-06 09:00:00,21.830396191598822,26.252594,17.104156,22.08291455193286,24.7917,18.569044,0.8813712541269492,1.6715746,0.29228282
2021-11-07 09:00:00,21.240969140103402,26.88028,16.665436,8.259380944304926,13.397516,2.8515396,0.9589805908788276,1.7724015,0.27823132
2021-11-08 09:00:00,20.233033849422952,25.123688,16.53775,8.118842936579593,16.00095,3.7255793,1.1383573393837567,2.1294475,0.4378766
2021-11-09 09:00:00,19.894432480773048,24.545807,17.340485,4.442724295382282,8.759841,-1.376339,1.3043551350350402,2.4770708,0.47128057
2021-11-10 09:00:00,20.73563366642844,25.854645,17.96939,30.9154813939008,38.57036,25.319496,1.5194221467435414,3.3173642,0.4831878
2021-11-11 09:00:00,25.828443750056238,28.234528,23.109772,22.78990404718783,26.584564,19.147064,1.3547011728278027,2.7606683,0.26813436
2021-11-12 09:00:00,27.184994932182633,29.770416,24.114166,20.614296741452435,24.643564,16.115578,1.7397513784126382,3.95916,0.4117015
2021-11-13 09:00:00,27.286203486461943,29.961578,24.697418,16.54157475306861,18.5668,12.824611,0.8798726388532278,2.1639256,0.13426405
2021-11-14 09:00:00,27.21866168794884,29.635895,23.062897,15.57891070104728,17.90842,13.482639,0.686028684525387,1.7976327,0.12202004
2021-11-15 09:00:00,27.106369036689557,29.855133,22.193024,12.610666231984418,15.754376,10.024282,0.4926461374995596,1.5073285,0.15246612
2021-11-16 09:00:00,23.193661456743598,26.51236,19.904938,15.342944806749333,16.772266,12.56133,1.063084869858734,2.0969875,0.2821748
2021-11-17 09:00:00,19.80068655781548,25.243805,16.474274,14.190646776426153,16.921146,11.674095,1.105823497495165,1.9970188,0.3802932
2021-11-18 09:00:00,20.29395983806745,24.408112,17.292877,19.583896573397286,24.244724,16.506443,1.064565476500202,2.2714906,0.113104746
2021-11-19 09:00:00,19.096986338099498,21.883942,16.186676,18.90875037949332,20.76473,16.788506,0.6187080126342966,2.379243,0.06203606
2021-11-20 09:00:00,19.016968602958684,22.94107,16.194977,12.688562544427313,20.297808,10.248945,0.8587475191162858,2.1820266,0.28984728
2021-11-21 09:00:00,22.77942856470918,25.461578,19.860016,18.424276964855284,23.853367,10.056491,1.6436511102733409,3.1885202,0.7676543
2021-11-22 09:00:00,23.09346785653088,26.388336,18.850983,16.86433181854091,21.62223,12.762176,2.201774951588773,4.1498866,0.5206678
2021-11-23 09:00:00,22.691841258325553,25.295074,19.957184,17.533779650875665,20.459377,16.19647,0.5243628693295915,0.849243,0.23360516
2021-11-24 09:00:00,18.806712808687166,23.058258,17.140778,23.30561815373517,27.794437,16.99799,1.1140049949623583,2.0675452,0.31365657
2021-11-25 09:00:00,19.42121183888844,22.356598,16.088593,10.718375585166864,13.848813,6.6502085,2.33766420466105,4.1763177,1.4367304
2021-11-26 09:00:00,20.277139080061488,23.109283,16.824127,12.105583872407722,16.956234,6.143734,2.3932808839318533,3.7168612,0.6511903
2021-11-27 09:00:00,20.895515133462766,22.9935,18.506012,8.998156214400208,11.865248,6.4893837,0.6837266338342705,1.7890407,0.19202125
2021-11-28 09:00:00,21.563904433211633,23.052765,19.281158,8.672695323977127,10.898095,7.793785,0.7226383525178146,2.0142148,0.09232614
2021-11-29 09:00:00,22.70782143445831,24.480133,19.464508,13.469958136334528,16.424559,10.2499895,0.7471108272568299,1.695084,0.0984688
2021-11-30 09:00:00,22.663583713885885,25.533356,19.42984,15.178548979525493,17.171928,13.223882,0.5257387281710002,1.46014,0.097181804
2021-12-01 09:00:00,21.805888946345533,25.069244,17.946198,16.964425951457283,19.79834,14.884278,0.8960775048405878,2.8468084,0.15211852
2021-12-02 09:00:00,20.527327682292935,24.299713,17.457916,18.630691043448056,21.890247,13.290231,0.5156920665343528,1.4276105,0.11685141
2021-12-03 09:00:00,18.048097794480668,22.451569,16.250397,28.43546333917095,35.484848,22.055847,0.7544717656376637,2.0066617,0.23566854
2021-12-04 09:00:00,17.557132721696973,21.817322,15.330994,29.697905107711808,31.262466,26.350807,0.9631872323140526,2.7723866,0.37327182
2021-12-05 09:00:00,17.65665129451952,22.29303,15.132874,20.518188274747434,23.803123,18.765953,1.030193202030927,2.8857598,0.3547076
2021-12-06 09:00:00,19.119475022167137,23.043732,15.908966,11.327964506138498,14.986743,8.424224,0.40590816861003365,1.1133888,0.07177937
2021-12-07 09:00:00,18.348132800379403,22.416656,15.9791565,13.940717668990462,15.97139,12.205765,1.9091810342207318,3.5166333,0.65769124
2021-12-08 09:00:00,14.513256896945222,16.631195,12.476288,68.20595758546074,74.801926,58.686775,0.731584132366649,1.4933752,0.16922337
2021-12-09 09:00:00,16.276713554939533,18.794708,13.792755,71.08464525119987,80.22045,51.122795,2.004033545989266,3.4466581,0.999048
2021-12-10 09:00:00,11.330098009356618,14.6510315,8.109528,61.06223807706827,70.58095,44.69423,1.8527063736113218,3.761947,1.0594956
2021-12-11 09:00:00,13.78575675598853,16.253815,10.245026,22.799501954479652,32.0335,14.787405,1.2348201066027709,2.3527107,0.44578037
2021-12-12 09:00:00,15.013947656210462,17.242584,11.9339905,15.211693750972554,20.241074,9.269711,0.4774210037462808,0.99662054,0.23165114
2021-12-13 09:00:00,14.80634806054536,16.304352,12.523102,23.4206465959768,31.195732,10.00042,1.0659303641391815,1.6935191,0.5206549
2021-12-14 09:00:00,12.017731094616124,15.268219,8.452545,85.99158771017075,98.44732,57.676414,3.4490575582389567,6.7209754,0.95644516
2021-12-15 09:00:00,9.297786701271832,12.882721,5.3358154,37.803773316060074,59.676502,26.789627,2.850153426019478,4.8531394,1.2322179
2021-12-16 09:00:00,11.010011529370217,12.999359,8.726227,34.78150593425968,46.78395,20.885513,0.8553404917645756,2.6976492,0.25750375
2021-12-17 09:00:00,13.360314662981637,15.508453,10.139313,47.642090749937566,61.26059,34.66684,0.4857785398456956,0.9597651,0.123592824
2021-12-18 09:00:00,14.947515590140654,17.477997,11.563934,7.228177192873707,13.161455,4.3783007,1.3073046519172762,2.5688155,0.26879296
2021-12-19 09:00:00,15.708088137665015,17.520386,12.9696045,4.87548851705908,6.6551075,3.3113575,0.9094042589028779,2.083232,0.21443182
2021-12-20 09:00:00,15.889437418328555,17.105255,14.085724,2.4329725497972583,8.271537,0.8574743,0.7058952911672289,1.3541037,0.37459365
2021-12-21 09:00:00,15.144506399777526,17.660248,11.982574,3.5458593613136995,6.863083,0.69511414,1.2478527837615332,2.4909637,0.16080177
2021-12-22 09:00:00,16.498079392875184,18.11966,15.04068,9.488048751778674,13.359807,3.9262133,0.36324623649015114,1.164264,0.017139493
2021-12-23 09:00:00,17.019006175142522,18.749603,15.327728,23.39015538157657,37.38166,17.026192,0.7476058076725636,1.7509718,0.08909514
2021-12-24 09:00:00,13.397297178554425,17.313965,9.165894,84.3246759016991,91.1762,74.67389,3.7545299710056366,5.910637,1.3518941
2021-12-25 09:00:00,11.281044136228672,15.070404,7.119232,83.8817850952728,97.27557,56.592384,2.223132396507239,4.0215416,1.2941438
2021-12-26 09:00:00,10.760334926446205,14.164764,7.117035,57.22985114350611,88.91523,35.148907,3.4651549204622514,5.960058,1.6811684
2021-12-27 09:00:00,10.63099896678466,14.428833,6.930786,34.12943298038437,63.958633,14.249207,2.2472937110343296,4.2714567,1.2789631
2021-12-28 09:00:00,9.173118550317781,13.091949,5.4792786,88.34154705052146,98.81288,71.31707,4.305059471033478,6.368097,1.80854
2021-12-29 09:00:00,8.939454308414042,12.780945,5.2145386,88.96451454738418,94.166954,80.265976,2.1543465071824444,3.9806967,1.2179568
2021-12-30 09:00:00,12.289895978254151,15.284973,8.3689575,86.02821125514015,94.989235,77.51804,2.3930419471707394,5.8171935,0.44206265
2021-12-31 09:00:00,12.853717576447252,15.634064,10.149689,82.16103888621623,90.52582,74.3417,0.5451482135600216,1.2534177,0.056845233
2022-01-01 09:00:00,11.756726856689909,14.895294,8.043732,62.311659635323686,81.17382,33.39257,1.4922221882938853,3.2058802,0.7180126
2022-01-02 09:00:00,12.056263634671382,15.16806,8.091888,9.438903116918006,15.210386,5.0933704,1.7091239637218065,3.496933,0.4099425
2022-01-03 09:00:00,13.396179429275776,16.77945,10.749237,4.1035173448434294,6.953423,2.2483873,1.2254629120894682,2.4376836,0.24469419
2022-01-04 09:00:00,14.116866126830303,15.113739,12.504364,5.828555720969614,7.9089804,2.4273605,0.8503223885287048,2.0113995,0.052241135
2022-01-05 09:00:00,14.982979338699124,15.698639,14.175476,15.744823157067474,21.187748,10.4277935,0.6156998898049904,1.5653218,0.15137771
2022-01-06 09:00:00,16.802470966911983,18.03952,15.207489,17.158961995260395,21.714607,13.9809475,0.973493405704774,2.136964,0.17354858
2022-01-07 09:00:00,18.646248406380778,20.089447,16.657806,22.98135848862153,24.690033,21.355677,0.39744736921324797,0.95371085,0.03862656
2022-01-08 09:00:00,14.395616958327253,18.169098,12.319489,20.986390345965848,30.148823,5.7427187,1.8633854508422443,2.8677876,0.9062772
2022-01-09 09:00:00,15.98841604934205,19.16037,13.691193,22.916696014922866,37.69932,7.0736113,1.2443672507512415,2.841872,0.24852748
2022-01-10 09:00:00,17.757379165982854,20.266632,14.178741,18.138793110193696,31.815092,8.404936,2.2658491319999428,3.88402,0.40304768
2022-01-11 09:00:00,18.639424706303373,21.440704,16.286407,17.403056507090255,28.369198,9.811439,2.412410058631283,3.9890506,0.6527145
2022-01-12 09:00:00,20.58189171272886,23.504333,17.090271,6.463528012603272,9.429425,3.9144478,1.9248523577617571,3.4220858,0.3586125
2022-01-13 09:00:00,19.414079629669857,21.188934,17.36081,6.4451981325274925,7.731798,5.368517,0.8165997672732734,1.8149471,0.24929559
2022-01-14 09:00:00,19.271678512554445,21.538239,17.294098,22.27578110215175,53.625927,6.157383,0.5710907002048888,1.2034904,0.19195776
2022-01-15 09:00:00,19.833057449775538,22.59018,17.57846,15.817785435980776,21.978971,11.209224,1.8606803752503362,3.8762865,0.4833553
2022-01-16 09:00:00,18.630073270616947,20.016754,16.729645,49.34133697725907,82.86906,12.202191,1.7937410002406626,3.195174,0.18608111
2022-01-17 09:00:00,17.726299335731596,19.900085,15.993835,65.32062202152186,85.64241,37.814285,0.8634519323957275,1.9651518,0.34178406
2022-01-18 09:00:00,15.062068350232778,18.551788,12.268585,86.17392555148423,95.52196,59.843777,1.3633025290951983,2.4356775,0.66536385
2022-01-19 09:00:00,15.409023523732628,19.306183,13.600739,43.982065393224715,58.741817,31.859005,1.1024438524391187,1.9742337,0.6179732
2022-01-20 09:00:00,17.692243376420095,20.197601,16.394623,23.668290394923318,31.710491,17.662533,1.1212814000587024,2.504695,0.29513136
2022-01-21 09:00:00,18.941775911584273,21.279816,17.27591,20.20405435948958,22.992249,17.560993,0.47534826916236333,1.647551,0.037735183
2022-01-22 09:00:00,16.65992759311314,19.392548,14.603485,31.326410398195595,36.288338,21.28425,1.808332984533736,3.193208,0.6542331
2022-01-23 09:00:00,17.455543150862695,19.564026,14.898621,34.47728397297919,40.808205,31.046488,1.9192373717305289,3.7176354,0.73707986
2022-01-24 09:00:00,18.762028573906036,21.47461,16.832031,19.317789483264278,23.618885,15.216697,0.41116678825581654,0.93224305,0.1383491
2022-01-25 09:00:00,18.34764573798242,21.981323,16.352417,14.847390752969213,17.512709,11.415052,1.229766898457124,2.5562997,0.34247494
2022-01-26 09:00:00,17.381399695712048,21.040192,15.227692,15.067478090853074,20.927841,10.360965,1.3681540583600595,3.0904324,0.3043299
2022-01-27 09:00:00,16.452397299349457,18.404144,13.769379,16.49812506464202,21.995289,11.090127,0.7760629451834876,1.940957,0.18044735
2022-01-28 09:00:00,18.421732755202243,20.529022,15.673553,11.076334015178338,15.719955,8.3111925,2.4616300003266023,4.8524823,0.5616833
2022-01-29 09:00:00,17.029543753679718,20.624725,12.746307,11.887982167439054,15.975195,8.060652,2.0402776357470533,3.5656025,0.7723302
2022-01-30 09:00:00,17.250574691230383,18.971436,14.446564,16.16683071372811,21.196377,10.962001,0.5832899115975357,1.3631753,0.19107847
2022-01-31 09:00:00,17.43571023750701,21.707947,15.819275,8.396379644474935,12.458008,7.2001953,0.7213331503113224,1.4672507,0.16845362
2022-02-01 09:00:00,15.719789612981913,18.850708,14.4053955,6.254022912142161,9.927332,2.7690783,1.7396687673614464,2.8101397,0.9512402
2022-02-02 09:00:00,14.365112215470617,18.312347,10.583832,16.109404249467463,32.951115,5.5917387,0.5789002765304291,1.2261064,0.18781246
2022-02-03 09:00:00,14.20800934044047,17.704102,9.694336,12.495638574978415,15.410495,9.578464,1.4811002518697152,3.210521,0.23866412
2022-02-04 09:00:00,14.593407321348138,16.764801,11.621979,17.56261024158457,26.34949,8.503098,2.0004348614913345,4.576318,0.5767666
2022-02-05 09:00:00,15.258392218685287,18.429047,11.168396,9.642386949930291,16.423561,6.080633,2.0619421615943927,4.1263742,0.28823107
2022-02-06 09:00:00,17.689634416031765,19.740265,15.739349,11.301420002124742,14.738037,8.52717,1.1865264085785945,2.929838,0.19646598
2022-02-07 09:00:00,20.855513672530435,23.4628,17.915924,11.586497919933521,16.640322,7.8741913,2.0783683813517873,4.833225,0.5483007
2022-02-08 09:00:00,19.935128459805867,22.701263,16.29306,12.066639030164003,14.351938,10.770278,1.5435446994920963,3.1194186,0.25584728
2022-02-09 09:00:00,23.034059708535608,25.366608,20.616608,9.804120077289536,13.901676,6.402179,1.6471855147451013,3.5881717,0.56076086
2022-02-10 09:00:00,24.314691058211736,26.739655,20.82193,8.22878248795069,10.399382,6.2190886,2.1732301157622733,4.271489,1.0773755
2022-02-11 09:00:00,23.87090119200667,26.389801,21.339935,16.27303527655354,18.6417,14.110451,0.8298103187429391,2.5305037,0.15914735
2022-02-12 09:00:00,25.085556447822626,27.819672,22.38379,13.340134541356296,15.189926,12.051378,1.2357687447160848,2.8428733,0.5270588
2022-02-13 09:00:00,25.164892335714967,28.843658,21.447174,6.34566269520282,9.29141,3.7532785,1.4767265714739173,2.8364923,0.17425317
2022-02-14 09:00:00,24.831264196664335,26.924164,22.24643,7.55380991969907,9.388154,4.706229,0.5287241077346898,1.7679107,0.059337553
2022-02-15 09:00:00,20.103658854907223,23.708405,17.251373,13.379917536160134,16.719347,9.246691,2.9810018790105364,4.773375,1.8382194
2022-02-16 09:00:00,11.728821561368306,14.472137,8.966278,52.386711279002206,67.899864,43.21627,2.641469288099817,5.2960515,1.0927027
2022-02-17 09:00:00,15.201649230601845,19.395905,10.982025,19.206375911841487,30.788897,9.804522,0.8762003236149534,1.3436725,0.2839589
2022-02-18 09:00:00,17.116230464905925,19.814789,13.412445,7.619045523922796,13.33861,5.0222034,1.3452938763710347,3.0665603,0.18920697
2022-02-19 09:00:00,18.200060935046622,19.747711,16.50357,13.039138405340156,16.219833,10.268047,1.133707275347885,2.5625958,0.08561091
2022-02-20 09:00:00,19.338330837486296,22.324554,16.560883,13.202464922518732,18.066563,10.459047,0.6465269325450568,2.354288,0.15436213
2022-02-21 09:00:00,16.119296082437984,22.52652,13.694489,22.257412980150608,39.848827,9.3450365,3.2013875683932627,5.2223577,2.0310602
2022-02-22 09:00:00,10.898286363029342,15.258636,6.862152,89.46312118518756,99.684265,59.727234,4.478300746160542,7.7674212,2.7512457
2022-02-23 09:00:00,9.020876038079109,12.920441,5.1665344,76.24495023206441,97.017746,58.049385,4.232357003091319,6.8493013,2.0455642
2022-02-24 09:00:00,9.175099021628398,12.362335,5.514679,28.50029555257382,39.327408,20.745378,0.777203500361738,1.7224531,0.049586333
2022-02-25 09:00:00,11.77067674328407,13.5590515,9.055145,22.84059916540136,32.089,17.31279,1.0382921934968823,2.8138435,0.15384896
2022-02-26 09:00:00,14.92298012177281,16.63736,12.373688,17.607571111316837,25.633245,12.978969,0.9878014567539779,2.2963126,0.13595568
2022-02-27 09:00:00,16.267083180642487,18.3815,12.838928,4.585321010283887,13.530051,-0.5129175,1.5771720231586512,3.1943054,0.27129424
2022-02-28 09:00:00,20.054754382671263,21.601593,18.259796,3.616595061333485,5.3235197,2.2453947,1.3455544098288759,3.0273752,0.1161992
2022-03-01 09:00:00,22.17823755858751,25.47998,19.202637,7.125726657944829,8.325422,6.2759705,1.0236274889205108,2.9344492,0.09660694
2022-03-02 09:00:00,23.530643140610607,28.20456,19.4487,8.142248966268687,9.260069,6.2735605,0.4716969679929052,1.6874185,0.10374963
2022-03-03 09:00:00,22.547714801197685,26.731598,18.77066,12.940787608650846,16.38158,10.050277,0.9322597514668569,1.9470031,0.31313008
2022-03-04 09:00:00,16.857925871564703,24.06427,14.361145,21.8386501230563,36.67877,9.858457,3.0140245080979557,5.516441,1.7180634
2022-03-05 09:00:00,12.829821746105722,17.112457,8.743317,78.75561682243764,87.443726,56.18908,4.249135488253046,7.2142963,2.6393275
2022-03-06 09:00:00,11.100119855632101,13.421783,8.265533,53.09082254763594,76.232155,31.563652,3.271212358377829,5.4252043,1.9324512
2022-03-07 09:00:00,14.650297073234071,17.92569,11.945221,34.92517437503409,39.502747,28.88556,0.5617289278644183,1.0743977,0.20133628
2022-03-08 09:00:00,16.23918320420779,18.123688,13.596344,16.08508569622723,20.199278,11.756603,1.417802710718346,2.8750875,0.527566
2022-03-09 09:00:00,16.39464084101462,19.233795,14.00528,21.204960359371533,24.420193,15.7265625,1.092119972138543,1.8690665,0.59992224
2022-03-10 09:00:00,16.066745563144536,22.532654,13.155701,34.949054263710444,48.535194,25.766665,2.520397123599486,4.5969725,1.425705
2022-03-11 09:00:00,16.38662293628829,19.27304,13.0816345,6.5570771115503135,9.581183,4.312765,1.332893559383691,2.7005389,0.6060747
2022-03-12 09:00:00,18.460208910608117,20.477448,16.121979,12.097247764613451,13.543617,10.207346,1.230666378714914,2.7418432,0.259868
2022-03-13 09:00:00,19.387522371410682,22.47696,17.500397,9.068518664092876,16.898212,1.8339186,1.7566626199014614,3.6110437,0.7803032
2022-03-14 09:00:00,19.246721805812967,24.684174,16.02945,14.039612894919552,18.723686,7.041266,1.1422448184135812,2.325509,0.20748287
2022-03-15 09:00:00,21.980551080146824,25.549713,16.932526,12.458315199121767,15.507566,9.007759,0.67965967747913,2.3944857,0.021606164
2022-03-16 09:00:00,21.195718351743096,27.092377,17.03769,16.757542043021505,22.94426,6.338791,1.7474402689585358,3.3654919,0.9563282
2022-03-17 09:00:00,21.466844085919945,26.27066,17.76651,14.744340103939196,16.33627,11.106244,0.6916314623599783,2.0509388,0.13357098
2022-03-18 09:00:00,22.70935891467218,25.469635,20.305573,15.897958435031892,19.855011,9.574545,0.9484395796355994,2.501738,0.16561556
2022-03-19 09:00:00,22.994318973148154,26.082916,19.815338,18.268961186193092,21.507374,15.098528,1.2240447938530052,2.7251287,0.36683598
2022-03-20 09:00:00,16.239578991781798,23.685455,13.525299,41.97445525898118,65.21704,16.459225,3.3123685564629417,5.9059296,2.315978
2022-03-21 09:00:00,18.451578886494815,22.853668,16.131012,17.78028239892507,23.202581,14.479925,1.471073191266044,2.4802089,0.91582304
2022-03-22 09:00:00,22.860062206411442,25.600494,20.162994,18.92640040871295,24.299105,11.701354,0.9540581971459388,1.9014102,0.3781585
2022-03-23 09:00:00,25.447625234592635,27.87027,23.329254,20.749943850705453,24.51551,16.782887,1.6599126115554559,3.728719,0.31491768
2022-03-24 09:00:00,24.879310886223948,27.11026,22.769928,15.757337604973449,25.302986,10.11109,1.0294880105610507,3.27213,0.107615754
2022-03-25 09:00:00,25.13471086750002,28.866608,20.015045,17.076004126371707,20.853935,13.178154,1.0418595365983991,2.8784156,0.2881967
2022-03-26 09:00:00,24.304257149944647,30.570953,17.410797,13.30405613946019,15.935956,9.234862,1.1537948848313981,2.961897,0.24337964
2022-03-27 09:00:00,22.804718664786037,31.042145,16.600739,9.40231782531031,15.41357,5.2143517,1.9269166238462587,2.997676,0.88109857
2022-03-28 09:00:00,20.082702701079143,28.252472,17.0961,16.501441483313503,24.333832,9.747258,3.3935555297595212,4.8017864,2.19522
2022-03-29 09:00:00,13.796375868528287,18.88272,9.827545,81.86455054090635,94.98646,69.746155,3.2229063587454543,5.7140164,2.0553877
2022-03-30 09:00:00,18.292826041678836,22.925201,15.808014,35.76320576787573,44.192135,29.543697,2.0233125917477377,2.7251918,1.3046284
2022-03-31 09:00:00,18.058065735556795,26.349762,15.484528,38.123917465749344,67.85027,21.486118,2.302389438970673,3.2736042,1.5323659
2022-04-01 09:00:00,18.524090688612205,24.127594,15.440094,40.34682896488602,51.60945,20.590149,1.2522997964919453,1.9831566,0.48323035
2022-04-02 09:00:00,20.337997430968414,27.07071,17.031647,38.77365317000753,60.824158,22.386658,1.292280416438707,2.128385,0.2199203
2022-04-03 09:00:00,17.60538387140207,24.747955,14.380768,46.19217717471395,63.71617,33.831387,2.3866125223516326,3.1559696,1.2941141
2022-04-04 09:00:00,19.91361214863275,25.83194,15.600983,30.472498812886784,45.181988,21.287457,2.2728788344644717,3.3843532,1.5417156
2022-04-05 09:00:00,21.61792156696157,29.38858,16.834137,14.474777674425118,20.629745,9.711776,1.252695658429254,1.9037465,0.66662043
2022-04-06 09:00:00,26.064698159764248,31.334625,19.34024,18.1631983032141,22.408098,13.358324,0.856389941656062,1.7753197,0.14974676
2022-04-07 09:00:00,28.20176167275696,30.574371,25.214996,7.16362350634482,9.715997,4.2316217,1.9635917065293067,4.468641,0.63515943
2022-04-08 09:00:00,30.33039750857216,32.829254,27.08316,6.255989879282823,7.649834,5.224053,1.9466335243242556,3.7391708,0.80902773
2022-04-09 09:00:00,30.965149614190466,33.639557,27.155182,9.041673239903275,11.493436,7.867668,1.4646418174580662,2.2931225,0.8523506
2022-04-10 09:00:00,22.9136567092537,31.362701,18.225983,16.79763189661082,30.26342,6.4743576,2.7914804040763626,4.0178986,1.6527897
2022-04-11 09:00:00,19.83640599456379,28.367828,16.94986,37.40849338746779,66.04718,10.512024,3.5985770726115462,6.0623107,2.515039
2022-04-12 09:00:00,17.025525073173412,23.52945,14.435699,48.493389766471964,79.72665,11.371871,4.04340781381808,6.4555554,2.1980233
2022-04-13 09:00:00,16.525513280447,20.446686,14.606842,8.472591445495821,14.717548,3.862341,1.7115797807768616,3.0079343,0.4519134
2022-04-14 09:00:00,18.41846016346011,21.894196,16.593414,5.97211667727336,15.154193,-3.7930164,1.6398730785129412,2.5600119,0.62659574
2022-04-15 09:00:00,19.452653084224096,26.06363,16.531403,21.93510204749818,30.495504,9.579585,2.065282133783149,3.934299,1.2451563
2022-04-16 09:00:00,20.13769207033954,28.074371,17.390778,31.204670430833847,44.37925,17.766796,2.9381870146041646,5.007726,2.0129712
2022-04-17 09:00:00,20.51891229142211,24.963776,17.020416,13.383659240101082,26.482231,3.118949,2.8917868081739315,4.5734816,2.1696172
2022-04-18 09:00:00,23.371083952385447,29.6232,17.153229,1.3047580399511087,5.431363,-3.1731882,1.613511946068434,3.484473,0.6921854
2022-04-19 09:00:00,23.56775219728314,32.52603,18.041168,5.384521299320293,8.108472,2.24117,2.5019129891897647,4.865236,1.2279655
2022-04-20 09:00:00,19.159032064585062,26.678864,17.053375,28.554539771892713,46.51669,13.575282,3.357441959321611,6.1804256,2.2554975
2022-04-21 09:00:00,19.156184449642865,25.853668,17.082184,28.931997903061415,35.464973,17.795635,2.7710859627969455,5.3201313,1.5616171
2022-04-22 09:00:00,18.397060424992105,25.634186,15.84903,55.50105873393786,64.00582,30.88082,4.8407306714292,7.071272,3.4562807
2022-04-23 09:00:00,18.378554626388052,21.34439,16.40689,27.664547316592223,37.8362,20.539326,1.70933614627069,2.8414686,0.92431015
2022-04-24 09:00:00,23.553563572365704,26.080475,20.160553,16.925878321202358,20.588062,13.032085,1.501114272259642,2.9916391,0.65243334
2022-04-25 09:00:00,25.902269179450457,28.120026,22.807526,9.729777342094401,11.89599,7.8440094,1.3619122441251175,2.9665532,0.35615867
2022-04-26 09:00:00,26.09537917719439,29.170074,21.937653,9.778455625857989,14.107848,6.5336294,1.1590303918716964,2.55803,0.2775518
2022-04-27 09:00:00,23.072010707345157,30.711578,18.41861,13.932341552231966,22.143864,8.118073,2.633902200233576,4.423109,1.4965024
2022-04-28 09:00:00,19.719433197838327,28.502594,16.06314,18.424775220684623,30.213509,0.48807335,2.8424336853199557,5.200976,1.7025082
2022-04-29 09:00:00,20.156413945647728,25.157135,16.086823,18.697349580346852,30.37571,8.637026,2.0943020996323187,3.3324656,1.1701459
2022-04-30 09:00:00,23.73687752451434,28.741608,17.684967,11.624477081203882,17.56755,8.794113,1.2077151311394854,2.584169,0.259367
2022-05-01 09:00:00,23.84197633700944,32.263336,18.474274,10.031610092155812,19.63416,3.0433798,2.4648217434153517,4.3283067,1.5131879
2022-05-02 09:00:00,20.993737949693298,29.232819,16.129303,20.022659538780598,29.077116,10.862272,2.1857019909842244,3.3601196,1.3693227
2022-05-03 09:00:00,21.9296662933001,30.522858,17.309967,23.20261777786287,42.197037,9.384535,2.325374044146292,3.6370296,1.4727389
2022-05-04 09:00:00,23.062260444159392,29.73233,16.819244,11.111661805116958,17.440813,6.5287485,0.9661929642119157,2.3569877,0.18103416
2022-05-05 09:00:00,24.61343291053612,29.841461,18.667633,15.255839967477788,17.695772,11.113282,1.2911473264700761,2.2482913,0.38285387
2022-05-06 09:00:00,25.234477919831477,32.88907,18.785553,7.839564980284695,11.938777,4.692566,2.0138669928438007,3.5968316,1.0670741
2022-05-07 09:00:00,24.35066404653452,33.491364,18.823395,24.530693620003586,33.153893,17.11908,2.530296276834373,4.958286,1.4276333
2022-05-08 09:00:00,22.31221084028391,31.955719,17.832672,19.238050620106314,44.167507,4.3628206,3.7036820983166177,6.5542274,2.3716223
2022-05-09 09:00:00,17.940842794461787,24.27066,15.829498,37.09203838346388,65.32593,9.58726,3.4994938587898634,5.776535,2.6818314
2022-05-10 09:00:00,18.69807420610141,24.32315,16.395172,13.151473058275817,18.782166,0.5546465,2.6455936919601677,4.1919413,1.8568199
2022-05-11 09:00:00,18.190737433205584,24.567535,15.530426,17.4287286672838,27.023958,3.4536457,3.111472029144474,5.104384,2.003755
2022-05-12 09:00:00,21.17537292027805,23.48233,18.082916,12.002790527062718,14.0956335,8.3768835,1.5392189905284086,3.9757113,0.4413147
2022-05-13 09:00:00,26.315850557747012,28.328766,21.777985,12.291193356210714,15.092632,9.952393,1.1675904556693237,3.469038,0.07686678
2022-05-14 09:00:00,29.818040196127754,32.7023,22.590973,9.866353437804884,11.313342,8.453967,0.8957373967365306,2.1104305,0.26158452
2022-05-15 09:00:00,30.832572874110213,36.16812,23.730621,6.642275502317282,7.6212797,5.4473066,1.5373816985250057,2.515857,0.58492965
2022-05-16 09:00:00,25.505865913161585,35.105865,18.894928,7.890624286364272,12.152557,5.164276,2.3828772749847715,4.7279377,1.3398321
2022-05-17 09:00:00,23.470251977730754,33.898834,17.650787,22.58705344504938,33.902603,11.996352,2.5991927801177903,4.5206733,1.5603838
2022-05-18 09:00:00,23.990758662984206,33.29654,16.950836,18.20055475101955,23.718163,14.535058,1.5868872134093839,2.478833,0.7677671
2022-05-19 09:00:00,24.879448808784105,33.153473,16.880035,18.577244431207824,24.165562,12.267682,1.1742381815622214,2.7142954,0.15815099
2022-05-20 09:00:00,22.773766270758642,33.6044,16.882477,28.357082051252068,49.47693,17.588058,3.1929861551325223,4.8331666,2.0447862
2022-05-21 09:00:00,20.084026564296096,29.253082,16.743073,43.2676623900382,60.096714,19.854527,2.9522223384984256,4.4558587,1.8595619
2022-05-22 09:00:00,22.272987402842887,28.391754,17.745026,20.9537751891295,28.809826,10.919201,1.7526424185816967,2.6732833,1.1381149
2022-05-23 09:00:00,21.79827013258779,30.089264,16.206451,9.547666306693582,25.432583,0.8818016,1.7578778004381204,2.459281,0.8488793
2022-05-24 09:00:00,24.618385382451493,32.37393,16.439606,21.660474203412434,32.682762,16.378073,0.9751486452555657,2.3026443,0.037847403
2022-05-25 09:00:00,25.55360326089624,33.46158,17.447174,16.430686082680968,20.209597,11.8071995,1.1038822658492604,2.387409,0.17204784
2022-05-26 09:00:00,26.678969467276602,36.213776,17.9357,13.555867970145314,19.134663,5.3221636,1.2768514269479005,2.3230662,0.53873885
2022-05-27 09:00:00,24.15722098650963,35.528717,17.382233,11.927613679287807,17.674026,8.33809,2.04586418357476,3.2706366,1.287409
2022-05-28 09:00:00,23.7824172583924,35.383698,18.000885,14.029674796231289,27.047173,4.941704,2.9644995287607876,5.5806255,1.9050716
2022-05-29 09:00:00,19.873007998930348,28.824127,17.705475,53.78272682061031,78.13085,27.060692,3.7147106373929666,7.044093,2.5379207
2022-05-30 09:00:00,21.742961829811236,29.506989,18.220123,22.942900712841414,37.7278,10.760552,2.578241571322328,4.1635385,1.6865858
2022-05-31 09:00:00,22.810097761407917,30.020416,19.002838,20.451857972896303,27.158455,11.045175,2.1646133324852457,3.4770222,1.3121994
2022-06-01 09:00:00,25.733657816533537,31.601227,18.925446,16.23521435010385,22.491125,11.696716,0.9569256889468716,2.38353,0.11338422
2022-06-02 09:00:00,25.613415786280825,33.196198,18.518463,13.383228521884059,17.930239,8.680238,1.1766502694812593,2.3772166,0.22078815
2022-06-03 09:00:00,25.100131489326998,35.131744,17.686432,16.805560267202747,24.004837,8.242705,1.7977165636123522,3.2287223,0.9452612
2022-06-04 09:00:00,24.55155134723924,34.848297,18.51236,28.2513940838132,38.97188,15.659381,2.4735597698657332,4.677966,1.4141482
2022-06-05 09:00:00,23.7613394396256,33.26895,19.071198,28.901357490384875,49.619324,12.049011,2.5805632559593863,4.739702,1.6769955
2022-06-06 09:00:00,25.862683047331018,35.540924,20.2211,35.22941872258855,44.78374,19.727903,2.534400959086557,4.3471417,1.6491516
2022-06-07 09:00:00,26.918567518737632,36.126373,19.792389,21.779470404295353,31.300766,15.567504,1.802923127857457,2.7286932,0.92032886
2022-06-08 09:00:00,27.83967526864575,36.341705,19.160065,15.480126684948523,21.838894,5.6074543,1.2780444606430843,2.2590182,0.5759603
2022-06-09 09:00:00,28.40245147898048,36.654205,18.968658,19.780973212541422,32.04193,7.5692043,1.2404541414026389,2.6909065,0.24161719
2022-06-10 09:00:00,28.849058015488993,37.140045,19.517975,19.17088444432292,27.576685,12.904912,0.8813327250538441,1.8501953,0.1631153
2022-06-11 09:00:00,30.507156331511,39.71939,21.307526,20.48826087633743,26.133091,13.133092,1.5827163688398207,2.4704168,0.45077264
2022-06-12 09:00:00,28.913488369704567,40.25528,20.741608,16.440072128519496,20.344631,10.477443,2.003172512895518,4.0802827,0.7433927
2022-06-13 09:00:00,26.888551365986075,37.84268,19.09903,16.570984447373434,30.08671,-0.14915371,2.6459635723424926,5.2871637,1.4151852
2022-06-14 09:00:00,25.124876644703193,33.686188,20.05362,17.61612185791285,31.260817,2.5239391,2.098191706185583,3.241989,1.0814897
2022-06-15 09:00:00,27.411327041162053,35.162506,19.791412,14.316877170653106,18.957191,8.553464,0.9490163532767697,2.3836348,0.17344448
2022-06-16 09:00:00,28.127369131292767,36.91861,19.47525,15.956459604377399,22.215227,4.963415,0.9791592168369322,2.150262,0.1914178
2022-06-17 09:00:00,27.484434302182024,37.490143,19.80069,10.643670570201893,20.126842,4.1929197,1.9773010901593437,3.2738667,1.070939
2022-06-18 09:00:00,24.0231029134211,33.60904,19.57193,6.228700346937434,18.746897,-2.5156488,2.7124571329864895,5.0692043,1.7049766
2022-06-19 09:00:00,23.990741023480496,30.151031,20.090729,7.914809506061798,17.526302,1.188695,2.1884635305391997,3.9469213,1.2554106
2022-06-20 09:00:00,28.66573232864789,31.486969,22.45523,9.18618181433007,13.790355,-0.06371212,0.8916325619034512,3.0675774,0.11534068
2022-06-21 09:00:00,29.506814997225717,35.12906,23.175934,9.189198281439326,13.951021,4.3143024,1.1364040506691253,2.2242987,0.33496937
2022-06-22 09:00:00,29.0796114017009,35.647858,22.256989,24.599266414603225,33.04711,6.1564884,0.7925343859881451,2.1592462,0.17601958
2022-06-23 09:00:00,29.744685783639454,34.438873,23.229889,41.74672399252176,50.85711,32.27934,1.57683105511317,3.8976648,0.8993622
2022-06-24 09:00:00,30.096159004266724,36.592926,23.510895,21.069799877943172,24.305407,18.3015,1.7920278897480582,3.768013,1.1026918
2022-06-25 09:00:00,30.651820994432512,37.61905,23.309967,10.632677969126155,16.262344,5.60812,1.6354564421252973,3.5001807,0.39656058
2022-06-26 09:00:00,31.02558778090463,38.85196,22.68399,5.717711011911034,9.238175,2.8358316,1.3064834202177913,3.316573,0.52029186
2022-06-27 09:00:00,32.000733659438595,38.92398,23.347076,14.04385826941632,23.964123,2.7609978,1.2795477819424603,2.6450493,0.2508473
2022-06-28 09:00:00,31.96122065604135,37.973785,23.865387,14.06255570350257,29.552185,8.704529,1.2072472175252318,2.5596933,0.18070275
2022-06-29 09:00:00,30.50437347248885,38.45523,24.052399,13.589464167023708,18.827274,5.412421,1.7968338061607876,2.5017393,0.9825473
2022-06-30 09:00:00,29.924732445314362,40.107086,22.679352,27.70593889524267,37.5225,16.377966,2.097875995772059,3.9007308,1.2894388
2022-07-01 09:00:00,29.04099170450803,38.198883,22.212555,18.242246747428183,22.224548,14.323259,2.1774061813077075,4.1173687,1.2403831
2022-07-02 09:00:00,28.3827684018583,38.309967,21.731842,23.048224974830433,29.868984,2.8788614,2.464884464906739,4.468283,1.4513913
2022-07-03 09:00:00,26.35504643411059,35.99991,20.687408,12.318487340067362,19.491625,2.7541943,2.570434006230481,4.785139,1.5927237
2022-07-04 09:00:00,24.955027629781284,34.62198,19.7294,12.46729855779074,22.134083,4.0208015,2.366004888702102,4.081407,1.5005467
2022-07-05 09:00:00,25.86156373381175,34.580963,20.671051,19.367886709063104,25.580223,14.560692,1.937860545122828,2.785631,0.90267944
2022-07-06 09:00:00,26.160176136620407,34.74649,21.187897,33.62796276373413,42.420708,25.63555,2.00533657406824,3.4632416,0.744121
2022-07-07 09:00:00,27.621586611728674,35.356842,20.413483,23.290635202142386,31.843948,9.063396,1.6457573641407326,3.9610918,0.3082973
2022-07-08 09:00:00,28.296074720105935,36.674957,21.012848,25.113483347136995,32.976574,19.578583,1.4823553813555153,2.484832,0.24046569
2022-07-09 09:00:00,29.244206355875008,37.87027,21.299225,5.979418038915945,11.066672,2.0309668,1.724695050641457,2.935672,0.7501215
2022-07-10 09:00:00,30.271353295912775,39.101715,21.775543,3.1026643642408924,6.3036633,-0.84477425,1.7510905889979813,3.435114,0.924157
2022-07-11 09:00:00,30.764333646170087,41.033844,22.164703,3.8418415658426346,7.4916134,-3.0357304,1.7208018227462212,3.6530945,0.6233888
2022-07-12 09:00:00,29.240272340422166,40.89395,20.116608,8.396919967900377,16.739933,0.14494324,1.9642888390493374,3.5181544,0.8343737
2022-07-13 09:00:00,29.301575688203684,40.728424,20.01358,8.806082935471565,19.439295,0.24712944,1.7582221887570193,3.8863313,0.658671
2022-07-14 09:00:00,29.379922969265408,39.59903,20.163483,27.422098404104922,36.30409,15.97987,1.5347443595646064,3.0954988,0.3940843
2022-07-15 09:00:00,29.579814810506377,38.16739,20.342438,24.607306304730113,30.910963,16.452023,1.2784855869067893,2.727298,0.32654044
2022-07-16 09:00:00,30.63298620062659,40.114655,21.177155,20.673940081693523,25.568634,17.263947,1.2699814768620514,2.7946975,0.28956226
2022-07-17 09:00:00,30.492727881450094,41.067047,21.800934,26.1921825060631,31.507393,19.331718,1.2199334441881446,2.4380724,0.59030455
2022-07-18 09:00:00,30.048663680401717,40.25235,22.458649,27.091671764938635,33.33943,22.575932,1.408397009845129,2.2695847,0.5975538
2022-07-19 09:00:00,30.865508370056148,38.43277,22.981842,33.28889488655458,37.329124,28.399437,1.759183989535882,2.8619878,0.880099
2022-07-20 09:00:00,30.46880820952356,40.21817,23.032623,31.395673359090345,34.781242,26.325054,1.884884090108287,2.8461735,1.2345593
2022-07-21 09:00:00,30.10448953063485,39.048492,22.896637,24.83609026950099,27.904663,21.95024,1.9650583599511435,3.153889,1.2385802
2022-07-22 09:00:00,29.406723989321563,39.738922,21.553375,16.306257145775195,20.315775,11.807985,2.0699808844139547,3.5578144,1.2433624
2022-07-23 09:00:00,29.91424181068362,41.681305,21.028961,14.099557640165884,18.13406,8.653591,1.4847761447903904,2.5096402,0.4614309
2022-07-24 09:00:00,29.023685130759986,38.153717,20.802155,21.86124380383248,33.947643,13.86115,1.2705629101095135,2.458616,0.2267453
2022-07-25 09:00:00,28.910447315362944,37.62979,20.996979,27.485059669486876,48.75869,10.01419,1.586906774150448,2.8880434,0.39885455
2022-07-26 09:00:00,27.75523982220642,33.634674,21.365143,24.687922979380602,58.39854,7.546977,1.3091577390527946,2.658409,0.31918743
2022-07-27 09:00:00,28.823770547763843,36.574127,21.781403,16.651226377007713,20.457798,11.22733,1.6315949309144688,3.4580486,0.4853394
2022-07-28 09:00:00,28.824222021252012,36.549225,21.687897,11.995770133995647,19.944244,4.801792,1.5261401875691818,2.9739897,0.5029089
2022-07-29 09:00:00,29.39966419884678,37.07852,21.879303,19.515859115136568,29.184544,13.547826,1.246394261658923,2.4982285,0.31931245
2022-07-30 09:00:00,27.954452144728577,33.5795,22.119537,50.8214397268938,56.834473,41.1249,1.342763753933769,2.7876363,0.12580253
2022-07-31 09:00:00,29.19815388399479,35.580475,23.409332,43.98255038199868,54.308537,31.833061,1.0662725205689385,2.296003,0.17220423
2022-08-01 09:00:00,28.55965433027592,33.419342,23.930328,41.98344872962379,51.121887,34.453342,1.3616998671728062,2.7228813,0.33603346
2022-08-02 09:00:00,28.982880080206996,35.58194,24.625885,48.58478329781261,55.313557,38.989338,1.936527960839576,2.907115,1.2517778
2022-08-03 09:00:00,28.846944251980858,37.169342,23.766998,38.4005061262048,44.019604,33.089916,2.065623313913662,3.6924918,1.3439647
2022-08-04 09:00:00,29.08533260369859,38.610992,22.785797,40.0575491663696,46.57587,30.427643,1.544879478027209,3.4413035,0.39524797
2022-08-05 09:00:00,28.505964139083233,31.618073,24.07315,49.58652028354151,62.1874,40.328026,1.1598575508483056,2.8834634,0.2052008
2022-08-06 09:00:00,30.076610260335883,35.95987,24.159576,18.02254775363598,32.02352,9.039058,1.945767600894053,4.6821723,0.51648605
2022-08-07 09:00:00,31.535500679118456,38.471832,23.52066,18.357457612182444,22.894424,14.321538,1.508977162113406,4.255726,0.09288362
2022-08-08 09:00:00,29.998550997973666,36.404938,23.584625,27.16296227284794,43.80697,15.705405,1.124396813371028,2.2986827,0.3695188
2022-08-09 09:00:00,30.684818038244714,37.000397,25.04776,39.75519974128247,50.080597,29.356081,1.168828417624594,2.2580898,0.23435748
2022-08-10 09:00:00,30.58714485439731,35.21109,25.982574,39.9781515040186,47.529705,34.74608,1.3040755403079611,1.9316734,0.33601278
2022-08-11 09:00:00,31.806691719144,38.103912,25.96524,25.987150786522072,32.924133,14.031125,1.4045547584811562,3.3527539,0.17390151
2022-08-12 09:00:00,31.68985578934604,38.198883,24.694977,23.228840451648423,30.521332,12.20057,1.4010428680949696,3.3721702,0.49850065
2022-08-13 09:00:00,31.12504342285081,37.02652,24.367584,29.200108908801493,35.46906,14.615332,1.1372432071873722,3.057908,0.21500973
2022-08-14 09:00:00,29.925699440427024,34.02188,24.111237,38.57093301578667,55.046555,22.052315,1.0689584286324383,1.876308,0.33563235
2022-08-15 09:00:00,29.811204841781375,34.647125,24.65689,32.317626612120186,49.221203,18.467121,1.2149304647808454,2.5837343,0.11784903
2022-08-16 09:00:00,29.879988162393488,34.3815,24.086578,16.07677438102337,31.928982,8.348338,1.251679798508913,2.2794197,0.6056602
2022-08-17 09:00:00,31.088487611300877,38.821686,24.45694,14.227936746423936,30.343994,7.1916494,1.3822424080984848,2.616263,0.052110698
2022-08-18 09:00:00,30.923155425428718,38.820953,24.221344,29.009945514165118,33.42983,21.347797,1.7106480661296632,3.0969112,0.5666839
2022-08-19 09:00:00,30.112232615885375,38.644928,22.859772,20.00840495557689,22.341694,16.280384,1.260241662819942,3.3762267,0.31116387
2022-08-20 09:00:00,29.13171061154361,36.919098,22.03238,27.858668380784305,44.639027,19.028812,1.5381901594611134,3.39367,0.23308668
2022-08-21 09:00:00,28.66602406654647,37.104645,22.087067,27.78839806681098,51.863693,15.017309,1.6533790708845386,3.1360526,0.44729656
2022-08-22 09:00:00,28.842003758235194,36.99771,22.333649,19.10712016737243,26.574108,11.798414,1.542698724665398,2.993991,0.43856972
2022-08-23 09:00:00,30.47463255456512,38.27408,22.2565,15.820937251668582,25.452747,9.637416,1.0659577096040742,2.7605612,0.27302903
2022-08-24 09:00:00,30.918487097627633,39.67691,23.367584,24.09980109862796,35.59403,13.799382,1.2186397308731491,2.635083,0.49510252
2022-08-25 09:00:00,29.23194771173746,33.676422,23.868805,52.653926949829014,65.760185,38.932056,1.0948233810002894,2.2139606,0.2668094
2022-08-26 09:00:00,29.926799335776934,36.50772,24.031158,34.775972896206405,43.679974,27.804974,1.5908318423699195,3.0666037,0.5454091
2022-08-27 09:00:00,29.734904775674522,38.23282,23.38321,27.687481594935278,35.833805,16.56046,1.9348496933491885,3.117343,1.0997831
2022-08-28 09:00:00,28.241521622477933,38.120514,22.292389,42.36019881423432,60.37068,25.026932,1.9287333144038286,3.0113235,1.0129722
2022-08-29 09:00:00,28.801349823943383,35.925934,22.528717,50.658017558997095,56.983925,36.31971,1.5756418217248878,3.2824576,0.39534998
2022-08-30 09:00:00,31.304578100059643,37.030426,23.878082,32.20081020933119,40.940605,18.139603,1.4971316646868063,4.488312,0.053749163
2022-08-31 09:00:00,34.51757319959415,40.845123,25.553131,18.612816726242134,24.411499,12.61853,1.472203391068173,4.368606,0.12730926
2022-09-01 09:00:00,34.74280149935612,41.617584,26.512848,18.58819825462344,21.955929,15.452022,1.2393796128868244,2.3602784,0.14756902
2022-09-02 09:00:00,34.88141127477314,40.977936,27.549225,27.73836185151711,37.508324,13.227072,1.013530218430505,2.2695467,0.24989305
2022-09-03 09:00:00,34.79486426257682,38.327057,28.405914,33.543781004544826,40.23195,26.485857,1.513274057722168,2.5776584,0.4085609
2022-09-04 09:00:00,34.93406468362804,38.670807,29.542877,40.62712940653182,45.494225,33.908333,1.4561978809984595,3.2058046,0.21767282
2022-09-05 09:00:00,33.442243204382805,38.720856,26.827545,26.64485261157486,31.228071,23.56263,1.489649704551381,2.4818542,0.2692242
2022-09-06 09:00:00,34.42310318214152,39.75894,26.805817,19.46521494082967,23.675426,14.898083,1.6460964716034654,3.0145526,0.4490773
2022-09-07 09:00:00,35.06278531736859,40.4523,28.365387,26.208489414622946,31.4454,19.89592,1.3446369010899917,1.9965886,0.31456122
2022-09-08 09:00:00,33.269140398644026,37.44644,27.184479,32.47023755622455,37.775307,28.732952,1.2733557102845594,2.850784,0.19664304
2022-09-09 09:00:00,32.17106889228694,35.694733,28.90567,33.237442978394355,36.82099,26.242867,2.781696186181994,5.339697,1.2646906
2022-09-10 09:00:00,23.062978858920985,25.727203,19.812164,81.42187378071735,92.33729,76.314316,1.7942755372328187,3.68883,0.38941467
2022-09-11 09:00:00,27.20332196197711,29.360504,26.042145,70.1421408527265,78.04159,56.6744,0.8191801312042073,1.188494,0.4432346
2022-09-12 09:00:00,26.673923590358868,30.506012,24.59195,68.35847243899245,80.5095,53.155964,1.006419062145147,2.186379,0.17627268
2022-09-13 09:00:00,25.73923802410451,28.877838,23.795807,63.861191915260065,74.83767,47.13233,1.8037006643424824,2.9817617,0.683575
2022-09-14 09:00:00,24.886017995370594,30.136871,22.599762,55.92910421185216,76.96087,31.80671,1.7656619825308566,2.6259184,1.1943688
2022-09-15 09:00:00,24.357017188757823,30.040924,22.124908,17.766402321313112,23.027485,6.287134,1.6296612396591796,2.4325907,1.0565028
2022-09-16 09:00:00,24.634902719814875,31.250153,22.035309,11.53459386362534,18.79488,5.0752783,1.4066282619711565,2.3189123,0.82215375
2022-09-17 09:00:00,24.92883455749353,32.213776,21.813385,16.08813513731707,20.709703,7.067713,1.5846276896899059,2.2497241,0.88421875
2022-09-18 09:00:00,24.24393371720197,32.46988,21.202301,17.343390763138068,29.71531,7.062339,1.9537732300409427,3.2963927,1.1695184
2022-09-19 09:00:00,24.694915779192286,31.163239,21.798004,15.228620705436883,24.47229,6.40979,1.5644306391905491,2.6855133,0.699443
2022-09-20 09:00:00,26.143546620209236,32.24991,23.045074,14.504997828144388,27.7463,6.8183794,1.7302867906838122,3.5238407,0.68558204
2022-09-21 09:00:00,26.168525498953215,32.422028,22.852203,22.6977456426188,35.793976,12.934599,1.89149538526379,4.1391993,0.98129076
2022-09-22 09:00:00,27.511753346136913,33.440826,22.954987,9.478029708818838,17.534985,0.8318596,1.5018461281454647,3.8842595,0.5257761
2022-09-23 09:00:00,29.13412730350882,33.577545,24.304596,36.71024934603108,55.240383,3.9041538,0.966577862114144,2.8852766,0.057422332
2022-09-24 09:00:00,30.01837650869271,34.00528,25.253082,45.68579969313822,52.79381,38.87724,1.0580071227559795,2.577554,0.33276033
2022-09-25 09:00:00,30.290095857489348,35.135895,24.570953,30.586097848465183,36.235153,22.298065,1.4419659448662892,4.0584674,0.47595987
2022-09-26 09:00:00,31.262883515248404,37.74649,24.082428,24.413106203140863,31.067194,16.969538,1.5106050232921202,4.858608,0.14011793
2022-09-27 09:00:00,32.0073804286896,36.980377,24.863922,16.657293915145363,24.0456,8.0849495,1.1546544037106514,3.5468686,0.19309358
2022-09-28 09:00:00,30.964127782578657,36.115387,24.164215,18.382654483748958,21.910664,14.840352,0.833877407673838,2.2430117,0.06275225
2022-09-29 09:00:00,28.89504331453287,34.38687,23.615387,28.06874262392377,32.7419,23.65724,1.0268172204372712,2.5258121,0.11313477
2022-09-30 09:00:00,27.75525892461701,34.086334,22.662506,18.643609109874895,35.566235,8.958461,1.2346943610055654,2.4991577,0.35657
2022-10-01 09:00:00,25.72692779117932,33.423492,20.245758,20.003593437634624,35.19142,11.492261,1.4267243974084132,2.5767808,0.2979629
2022-10-02 09:00:00,25.503883714300457,32.214508,20.305084,38.65945980340201,52.955074,26.98307,1.232904434711252,2.8125741,0.28907233
2022-10-03 09:00:00,25.725171636458867,31.90274,21.123444,51.809739105078634,61.94728,32.076675,1.3800224105956536,3.3899558,0.035973422
2022-10-04 09:00:00,26.713495197566147,32.892,21.184967,40.86277913816446,44.65467,36.877495,1.1840475533042158,2.716167,0.37795138
2022-10-05 09:00:00,26.591460423849924,33.128326,21.36856,28.83564176680554,37.423164,21.776787,0.9562171550481127,2.0221949,0.26046407
2022-10-06 09:00:00,25.777668170026914,32.301178,20.273834,19.83449676384471,27.471752,12.967847,0.8921457836502587,1.974928,0.17085184
2022-10-07 09:00:00,25.782316347587937,30.079987,21.48111,29.995064064114608,37.833824,20.85129,1.12635544374785,1.8048484,0.51914704
2022-10-08 09:00:00,26.16203939369734,29.976227,22.143951,37.94350883814036,43.844547,32.090714,1.041607309090082,2.0338802,0.22546579
2022-10-09 09:00:00,25.427604772921597,29.676422,21.777985,42.59325314920988,45.963577,36.955658,0.9922621207819594,2.5015996,0.17978144
2022-10-10 09:00:00,24.61563201724573,29.026764,21.25528,37.55609065433603,44.74776,29.420624,0.9616890668889275,2.2236102,0.2763073
2022-10-11 09:00:00,24.20986612332206,30.845123,20.51773,39.85215151054241,49.224613,26.597977,1.018938706258603,1.9397892,0.25269946
2022-10-12 09:00:00,23.150575935394727,29.700592,20.64566,44.29548099584694,56.07189,28.428013,1.126941105274177,2.500268,0.32482556
2022-10-13 09:00:00,23.887722804093073,29.790924,21.0878,34.90600282638587,42.763622,21.48007,1.217124566087686,3.193783,0.24909978
2022-10-14 09:00:00,23.140229375973263,30.721832,19.81363,36.01066704470948,47.20427,18.282295,0.9884980433204751,2.1259747,0.1673315
2022-10-15 09:00:00,22.064979864463908,30.18106,18.487701,49.90488856120801,78.43262,21.097866,1.5935934113724106,2.7489107,0.6130243
2022-10-16 09:00:00,19.3103862379686,23.796783,16.70401,79.07341798714523,89.249146,57.02434,1.2975045792761573,1.7982963,0.4167293
2022-10-17 09:00:00,22.780704113148204,25.077057,20.940338,46.891123016780256,52.175766,42.209183,1.275802503600151,3.5781436,0.20409651
2022-10-18 09:00:00,25.48447276136835,27.365387,23.354645,43.47761202287152,49.61303,40.6265,1.629807227869532,3.2417443,0.49734807
2022-10-19 09:00:00,27.8572374190486,31.35147,24.029205,37.931240549244585,43.627304,29.303085,2.3165141420917887,4.0847487,0.9741042
2022-10-20 09:00:00,27.272832166383466,30.568756,23.82901,32.02090771566455,36.309082,27.76096,1.0261056757644482,2.2086327,0.28554034
2022-10-21 09:00:00,24.532640292902727,27.943268,22.95694,33.83487013665094,39.0131,24.475346,0.8364492653378846,1.5014497,0.3036217
2022-10-22 09:00:00,23.376899924257486,28.325592,21.085358,35.671532704028756,47.349438,22.400219,2.35743750816555,3.4974544,1.3451085
2022-10-23 09:00:00,17.97623444279577,24.473053,14.594147,42.55779597755841,65.1578,14.673422,3.3999833148443144,6.6696234,1.4905813
2022-10-24 09:00:00,19.322749383209953,22.446686,14.849762,21.76321379467502,29.021181,14.905823,0.6995666983299356,1.3303025,0.16461025
2022-10-25 09:00:00,21.03842992260826,22.520172,19.570953,13.297236935992055,16.64924,7.6023655,0.9016423805976193,2.2699661,0.22232588
2022-10-26 09:00:00,20.573078715623012,22.392487,18.374664,22.91675812616328,26.891537,14.300338,1.2840886304407346,1.9661996,0.5777765
2022-10-27 09:00:00,19.772991357975968,23.441315,18.058746,26.58883279873893,36.35678,21.231716,0.8686933171691563,1.2334405,0.46294385
2022-10-28 09:00:00,20.511462305202144,22.828033,18.44522,16.078719907682704,24.0055,7.7230997,1.1842811857257256,2.6599588,0.14247988
2022-10-29 09:00:00,20.860092478219258,22.379791,19.633698,18.99676671552894,28.187191,13.2262535,0.8586202660763608,2.3360639,0.12068614
2022-10-30 09:00:00,22.53295076997881,24.848297,20.371979,14.266273115892346,17.20582,11.914631,0.7092941504317878,1.8517249,0.20583045
2022-10-31 09:00:00,24.03812074923792,26.908112,21.448883,13.857299936870284,16.288368,12.470715,0.5571708869619237,1.5411725,0.055953994
2022-11-01 09:00:00,22.34604958824474,25.50064,20.459625,14.770887678282184,18.35085,11.549456,1.4258220634739427,2.3156903,0.32568097
2022-11-02 09:00:00,17.33877934631323,23.552155,14.399811,31.97189114783145,60.149742,14.184896,2.7914986769833625,4.5136647,1.5494746
2022-11-03 09:00:00,14.292851373913095,18.348541,10.4618225,52.13685931617776,87.201965,14.272276,4.765519216612173,7.7370634,2.2486346
2022-11-04 09:00:00,15.308108436013924,17.070953,12.8854065,22.4388911261342,30.841427,16.983446,0.8707784457259515,1.2719263,0.5257496
2022-11-05 09:00:00,18.59630231637402,19.500885,17.743073,21.308589859486077,24.57346,19.223415,0.864319223159051,2.6283221,0.11851097
2022-11-06 09:00:00,18.70598734818725,21.212067,17.493317,19.847413938600678,25.143661,14.440537,1.1511456623926977,1.8788267,0.37635443
2022-11-07 09:00:00,18.312795241297124,22.221832,16.169098,59.47708351052882,69.06124,45.819054,1.8570593603763244,2.8227098,1.0552365
2022-11-08 09:00:00,16.065380926019827,20.404816,12.329285,91.20896042902822,100.68474,79.885124,3.4861838712343864,6.0151997,1.6577687
2022-11-09 09:00:00,14.793109105558244,18.669556,11.382446,79.80691133235996,91.84861,63.094704,3.789638460472286,6.281536,1.6747804
2022-11-10 09:00:00,14.604290342042987,17.111786,11.863251,16.55378546086176,22.086105,11.816573,0.8744213370368091,2.273305,0.23108627
2022-11-11 09:00:00,16.613612839838595,18.745453,13.58139,13.28071428438758,19.297058,5.277526,1.3297512889409908,2.4816992,0.16129434
2022-11-12 09:00:00,16.86270990189081,18.767487,14.389069,15.948344078414799,21.008377,11.819356,0.439328824000256,1.0923879,0.11011875
2022-11-13 09:00:00,16.442622422335944,18.839111,13.577393,12.80920390232848,18.058918,6.686618,1.2665291194804449,2.7005942,0.58797437
2022-11-14 09:00:00,16.07429665738522,18.42569,13.074127,27.3390021803228,35.584766,19.537216,0.6750972815494722,1.496656,0.18683095
2022-11-15 09:00:00,17.10084084454172,19.079681,14.147858,25.88064050062534,31.73679,15.747748,1.1292692387056484,2.072665,0.34532923
2022-11-16 09:00:00,17.484752687664013,19.972198,14.355011,9.799189383298799,16.629347,4.2660656,2.040311214363285,4.1898,0.54342264
2022-11-17 09:00:00,18.15861550283114,20.711578,14.7430725,8.161236470040674,11.824579,5.821146,2.0374180935856194,4.324719,0.17788263
2022-11-18 09:00:00,17.36619096350239,18.914948,15.282867,9.306258612318151,11.760327,5.072877,0.3828414022513633,1.0965768,0.15330496
2022-11-19 09:00:00,17.899641901283644,19.702179,15.709991,14.625160211481099,16.660297,11.266448,1.4009184600178022,3.0369487,0.27532238
2022-11-20 09:00:00,18.402223920490542,21.425934,15.422028,14.429441883935596,18.368439,11.466094,1.807459831309251,3.5354037,0.6084495
2022-11-21 09:00:00,18.838733676109882,21.556305,15.989197,12.171107436870162,19.62783,7.723156,1.4869004996476982,2.859431,0.13591729
2022-11-22 09:00:00,18.388255147219468,21.01358,15.423737,10.196176142677816,13.870878,6.5440817,0.9396160772461716,1.8287638,0.14176144
2022-11-23 09:00:00,18.164403904534424,19.67984,16.64859,5.536121225202483,7.0782366,3.4102678,0.48488478096516296,1.2597549,0.2005861
2022-11-24 09:00:00,20.325437733737658,22.732574,18.042145,7.655788862448841,9.926863,5.8952894,1.6796962754315097,3.6625078,0.35370693
2022-11-25 09:00:00,19.689155893857674,22.827545,15.990875,12.547843146093546,19.962078,8.3976755,2.6396549151350133,5.263308,0.6947055
2022-11-26 09:00:00,18.80967583084731,20.653473,16.38321,10.121646414716466,12.1235285,7.792775,0.49659062669995374,1.2527486,0.14892885
2022-11-27 09:00:00,18.28305037645424,20.10318,16.888092,13.381361240750092,17.480927,9.469208,0.4527522189201302,1.1187054,0.11084179
2022-11-28 09:00:00,17.202745478098223,18.253815,16.189362,23.272983301188066,25.407215,20.769676,1.5367865493891701,2.71059,0.75762284
2022-11-29 09:00:00,14.08184889387195,17.454926,11.0017395,64.60460720897419,91.15193,36.808895,2.6921213680838623,4.646579,1.5266782
2022-11-30 09:00:00,14.555538247252173,16.7146,12.863037,37.49216314981328,56.06109,12.857965,0.9638124232072887,2.1793625,0.34187388
2022-12-01 09:00:00,13.836310240734917,16.496704,11.699829,40.538374743972795,60.840282,14.017222,1.4862185575672862,2.0575073,0.8464367
2022-12-02 09:00:00,14.644198619640974,16.885864,12.52713,75.41417128214948,94.3202,48.17176,1.20971835899869,2.8142874,0.047605895
2022-12-03 09:00:00,15.60033739949938,16.853607,13.158295,38.79578318664927,44.39354,33.827133,1.219234901621839,2.0263844,0.18784875
2022-12-04 09:00:00,16.694768689404498,17.995758,15.463409,39.85254948259697,50.89464,29.77172,0.564752274506686,2.3905866,0.045702673
2022-12-05 09:00:00,16.104371902062894,18.382477,13.581696,63.12881575828608,81.33359,45.200466,1.6406228303011992,2.4887943,0.8578467
2022-12-06 09:00:00,12.91748880523727,17.280304,9.251007,62.77538611266371,80.024704,43.419235,1.9351414821881965,3.712044,1.087749
2022-12-07 09:00:00,12.977362715095865,16.698456,9.838104,55.71481361858202,68.26152,41.66627,1.1224788716927372,2.7978935,0.24598867
2022-12-08 09:00:00,13.07980700100461,16.924164,10.443817,32.40307690542188,52.732193,15.232722,0.6993345583514856,1.5846524,0.22373872
2022-12-09 09:00:00,13.557397798653028,15.411346,11.454315,19.064132543020165,29.159534,10.571764,1.0252277884119572,2.771704,0.35181117
2022-12-10 09:00:00,14.173724546191352,15.999878,12.087311,25.06842983253264,30.987309,21.690434,0.7733344992036176,1.4988092,0.43075243
2022-12-11 09:00:00,14.771179584437732,17.000305,12.027649,45.51157327681161,64.388115,35.817802,2.358665502537581,3.541256,1.2124586
2022-12-12 09:00:00,10.291898149571637,13.455414,6.5784607,82.90427793234178,99.19093,60.86827,2.4529526312994676,5.047167,0.92512983
2022-12-13 09:00:00,8.474683472855816,12.232941,5.138275,72.84707683868226,82.672745,59.11409,1.1824202341660293,2.0981603,0.26196626
2022-12-14 09:00:00,11.29026773692658,13.651642,8.114166,39.324112706292254,49.631767,27.17864,0.3963337623547035,0.8292797,0.12606871
2022-12-15 09:00:00,12.487692437226997,14.056061,9.809967,19.12980004787084,23.477404,13.051622,0.8406248366607236,2.1623232,0.110079065
2022-12-16 09:00:00,13.954598035701792,16.233124,10.981171,18.18262472471303,24.39368,10.0206375,1.3882127559451065,2.836035,0.34201357
2022-12-17 09:00:00,14.19598996814284,17.280273,10.294739,12.673236964646486,19.062088,7.31001,1.9227198646497077,3.2636623,0.14917578
2022-12-18 09:00:00,13.476917389746575,15.18631,11.000763,12.72422102593686,17.897861,8.038487,0.32749051315434957,0.80122113,0.040433303
2022-12-19 09:00:00,13.663602693021971,15.282837,10.993744,13.837677416778012,22.191553,8.716946,0.34680867998699166,0.61825347,0.05862867
2022-12-20 09:00:00,14.618588352467498,15.786163,12.448273,7.913851633143129,12.120428,4.6087093,1.001350120248663,1.7102307,0.15104926
2022-12-21 09:00:00,16.30590718456193,17.848694,14.978607,12.738679278449323,17.079662,9.692944,0.9375479976350921,1.7328398,0.31243545
2022-12-22 09:00:00,18.13270777548786,20.06958,16.800049,23.50918736595362,25.267372,21.099403,0.3760387527046158,0.9438299,0.10842356
2022-12-23 09:00:00,17.181993516268562,18.327911,16.224396,27.21528522298318,28.279854,26.147541,0.44062895958058623,1.1601198,0.12682208
2022-12-24 09:00:00,17.840230966850413,19.645996,16.411621,17.908693026703528,21.142609,15.044953,1.0570980798495562,2.1880195,0.20028119
2022-12-25 09:00:00,21.86729208515709,23.935242,19.310455,18.576174352707433,22.406061,16.54278,1.525751707459353,3.2768416,0.3572484
2022-12-26 09:00:00,22.948337657038223,24.986694,19.830444,18.63063506901492,21.21228,17.059437,1.1553455851753938,2.1233082,0.4043016
2022-12-27 09:00:00,22.04407153936893,24.183502,19.167877,19.010624578565047,21.780983,17.178894,0.8971454196107499,1.3295662,0.39742196
2022-12-28 09:00:00,15.424323690147048,20.021088,13.218353,20.529424740828777,28.609913,11.762256,2.0285837512589633,4.9136415,0.7787599
2022-12-29 09:00:00,14.556694651495263,19.643219,11.360016,29.617726269723793,52.071518,8.5314455,1.5175295577232781,2.7581775,0.7985751
2022-12-30 09:00:00,13.13430657228082,16.916168,9.670074,80.68632588021143,92.07989,67.759575,1.7098367356353725,2.6898766,0.7262819
2022-12-31 09:00:00,13.849281744041491,16.826324,11.286285,66.98978540721824,91.49205,49.31723,1.5890306445505336,2.7698445,0.93705404
2023-01-01 09:00:00,13.52654475097745,17.229156,10.2916565,85.56029632401926,100.40462,69.993965,3.647754260842645,6.157369,1.6190655
2023-01-02 09:00:00,10.79256787247732,14.109894,7.0864563,78.50313962570849,97.72707,46.97594,3.2411563284301397,6.0281286,1.4101962
2023-01-03 09:00:00,10.902089568695374,14.298248,6.808014,54.47382219634282,88.596146,13.803176,2.4724712180677604,4.8712063,0.86561406
2023-01-04 09:00:00,13.740760296426743,16.375153,10.293121,61.831477272514874,78.31931,45.077785,2.0494547699811845,6.0187836,0.10739296
2023-01-05 09:00:00,14.120793748377537,16.313507,10.098663,85.50473781658047,93.51488,79.33128,2.1980435315506326,5.088315,0.31411746
2023-01-06 09:00:00,13.05928450359255,15.939331,10.210114,23.64174307550739,48.40336,11.813516,1.1767050815976716,2.9786856,0.30763394
2023-01-07 09:00:00,14.816312311797958,16.445312,13.0703125,16.81777056861249,23.777088,11.237597,1.2884531555952974,2.1759148,0.15997928
2023-01-08 09:00:00,15.548285623128322,17.06604,13.578522,8.710753731967685,13.387728,5.02054,0.45171873337872875,0.88141006,0.15559971
2023-01-09 09:00:00,16.054217968390446,17.967194,13.748444,28.737886441609316,71.95428,6.179143,0.9600491067242014,1.3627377,0.3513198
2023-01-10 09:00:00,14.892585686919006,17.517487,12.384674,68.32301714879858,91.71143,37.313,3.4431337212091933,6.8489904,1.0703108
2023-01-11 09:00:00,11.972038864601757,15.883331,8.186066,51.0633869914131,63.42624,42.88327,1.4900474700410729,3.7875352,0.21851215
2023-01-12 09:00:00,15.653068983684705,17.842438,12.78775,30.705601527701045,37.19597,21.192062,1.7619254769059225,2.890656,0.37579954
2023-01-13 09:00:00,17.223606772979963,20.194061,13.987091,22.60793145899998,25.59597,19.076859,1.354825473013279,2.456679,0.2310989
2023-01-14 09:00:00,16.269063097822595,19.151703,14.253265,20.37181143562112,26.079544,14.712357,0.8535776576693287,1.771359,0.20272729
2023-01-15 09:00:00,12.066637718517882,15.4557495,7.680359,81.35044292149419,99.271255,66.267784,3.5948271870060244,5.7794456,0.89754343
2023-01-16 09:00:00,11.763257156178042,14.465729,8.385651,94.55662050664573,101.13868,84.216805,3.832048182990523,5.6696663,1.4679718
2023-01-17 09:00:00,10.116410881310514,13.591095,5.8645325,77.91054187149545,92.0354,54.574463,4.0424784096004815,6.7127995,2.250362
2023-01-18 09:00:00,10.15505700131905,13.325592,6.5760193,44.30506482967473,52.081207,17.394428,0.912524128484846,2.2106268,0.12959379
2023-01-19 09:00:00,12.041150243347715,13.870514,9.415436,31.288199819765854,48.11759,15.509833,0.639941793553265,1.6936041,0.25900424
2023-01-20 09:00:00,10.892088953147152,13.872467,7.3484497,67.77863446500605,84.614265,22.430908,1.0188984400838332,1.5886972,0.31466445
2023-01-21 09:00:00,12.319581021709894,14.222412,9.591553,21.08565251852856,33.2671,14.114071,1.1174613100719242,2.3185406,0.045138076
2023-01-22 09:00:00,13.604887834312365,15.3211975,10.8993225,15.709365243936215,21.276596,11.111501,0.4978075480410675,1.2611768,0.059501268
2023-01-23 09:00:00,12.156359577870944,13.940094,9.29361,21.94779936710561,24.258003,17.46906,1.3359832650036485,2.3762524,0.5245049
2023-01-24 09:00:00,13.41381943797552,16.251373,10.212616,20.457017421155673,24.719519,17.481237,0.9969821040264039,1.8253752,0.6394683
2023-01-25 09:00:00,15.680275624707576,17.17276,13.241119,14.898879626999346,16.44574,12.8480835,1.1384414384519428,2.4930775,0.60888696
2023-01-26 09:00:00,15.904603469029553,18.355103,12.214478,25.880131727233735,27.82697,22.479313,2.4879305774818126,5.1017113,0.83830595
2023-01-27 09:00:00,15.628436210466475,19.347809,11.563507,13.035709736049466,18.478134,10.556258,1.955953919863311,3.7009127,0.6984433
2023-01-28 09:00:00,16.508105702721934,17.585938,15.431641,14.33045140426819,21.508137,9.238355,1.1340364619979857,2.100087,0.4162467
2023-01-29 09:00:00,14.005921607818493,16.432892,12.102814,41.968230426835326,65.481995,22.415585,2.8044380841787317,4.6912804,0.91063476
2023-01-30 09:00:00,10.714532799963479,13.936981,7.35495,84.81204889007338,90.93654,75.22294,1.8608891054055394,3.0653386,0.99942696
2023-01-31 09:00:00,10.816237227986221,13.748627,7.332611,46.90763564529502,58.298515,31.568045,1.4815698388744054,2.6830204,0.913714
2023-02-01 09:00:00,13.486122254873578,16.446503,10.54892,26.685374853505994,34.82969,15.530507,1.2355709169197013,2.5350254,0.48420826
2023-02-02 09:00:00,15.020536691750237,17.049896,12.891693,11.565344813422696,18.496342,7.154871,0.7138666926539305,1.7800907,0.15902102
2023-02-03 09:00:00,16.21457079750553,17.88147,13.311157,15.900531236951707,20.387852,13.325352,1.347115312507067,2.5836763,0.3653714
2023-02-04 09:00:00,16.887525952772194,19.303528,15.485168,8.336285697282777,12.6526,3.929944,0.5678867098043969,1.7172369,0.09276166
2023-02-05 09:00:00,18.468430819787898,21.012848,16.303864,14.92570446164658,23.035278,4.822563,1.253186622808541,2.367313,0.35898387
2023-02-06 09:00:00,14.039546219628903,18.607819,11.703522,25.156035787400512,48.30421,1.778739,1.9131390065224783,3.8790553,0.6351862
2023-02-07 09:00:00,15.953657972126848,18.951263,13.58017,18.745762276361937,23.788548,9.815447,1.356394618007748,2.5797036,0.6155877
2023-02-08 09:00:00,16.307941143672963,18.595367,13.825836,21.27115290635777,26.534973,16.965624,0.9541573054419871,2.5063913,0.13921176
2023-02-09 09:00:00,18.587847370124962,20.667084,16.450287,16.734973179516274,20.650787,13.978911,1.2413431053871093,2.927923,0.04644008
2023-02-10 09:00:00,19.45924019083128,22.588593,15.26828,7.5828720556479,11.271812,4.5056868,2.806887266253076,5.1569667,0.78249186
2023-02-11 09:00:00,17.70052831748791,20.537506,14.088287,9.101401113050315,10.946468,5.109413,0.8389947914776266,1.5726626,0.1418129
2023-02-12 09:00:00,11.893662284137235,17.25711,8.397736,30.857900907501595,57.734432,2.4030132,1.5979362599048015,3.6719522,0.45412517
2023-02-13 09:00:00,11.243855169882636,16.717926,7.4757385,62.46356905218617,83.06755,31.31557,1.5641963139576076,3.1709745,0.57572836
2023-02-14 09:00:00,12.470512618043244,17.593903,9.027496,79.02498469685463,94.71171,56.78463,4.332691662425794,7.01016,2.2497323
2023-02-15 09:00:00,9.088780872823577,12.621613,5.0834045,26.636992651785366,39.53633,10.876173,1.8262199426773953,3.253427,0.43795338
2023-02-16 09:00:00,11.77348208715415,14.466858,8.337952,13.931137906629496,21.954485,6.1293354,1.8183504262189336,3.692188,0.9141495
2023-02-17 09:00:00,12.6689667197586,15.714447,8.688324,12.456637860157882,22.366488,7.175081,2.6104656713507857,4.7345634,0.6328532
2023-02-18 09:00:00,13.994791537339722,15.453033,11.6371155,15.342395241936817,20.363968,10.317066,1.2639516191944016,2.5253932,0.22293061
2023-02-19 09:00:00,16.057252576840426,18.379547,14.832672,20.90327787251455,29.598963,14.591151,0.4314906462017288,0.9431261,0.07787359
2023-02-20 09:00:00,15.952883091262208,18.151276,14.413544,37.09228475718826,41.465393,33.06108,0.8593278552982473,1.8935376,0.32254654
2023-02-21 09:00:00,17.418604581206353,21.148163,15.659882,32.85390020156177,40.575237,24.197115,0.9493996204904144,1.3555361,0.62001
2023-02-22 09:00:00,12.294979745111732,17.019257,8.792694,59.50179714938324,93.72348,34.749847,6.950792372294499,9.3911,3.9837143
2023-02-23 09:00:00,7.424103284998353,11.292877,2.447174,77.91355198619242,90.42799,64.76393,4.003581727212193,6.0901675,2.1668615
2023-02-24 09:00:00,9.963192386392677,13.74353,6.220093,78.35401877951432,89.645676,61.681858,2.4740412052660887,4.2898283,1.3165748
2023-02-25 09:00:00,12.072221164508221,16.26352,8.216644,80.47511376207319,98.717896,67.26868,3.8527442705666246,7.979595,1.4452376
2023-02-26 09:00:00,7.319125195844094,11.181305,2.9370117,81.64345353659094,97.235756,54.75138,2.967221360107444,6.195071,1.7278554
2023-02-27 09:00:00,9.57368764699845,12.156891,6.1998596,62.38719789099098,90.25825,33.305122,1.6406692178848392,3.4781895,0.4390987
2023-02-28 09:00:00,10.744830035208963,14.655609,6.8919373,85.93340724622168,100.05651,69.43629,2.9821007227671927,5.131237,1.8117198
2023-03-01 09:00:00,10.533221914516673,14.087067,6.5558167,78.07566555710964,88.805855,61.692574,4.787189913115163,6.6740522,2.0288355
2023-03-02 09:00:00,10.714435579623057,12.453522,7.0003967,34.632502182497646,42.85034,28.463623,3.0367243301459297,5.0601425,1.7863635
2023-03-03 09:00:00,13.209122016960748,15.793701,11.375732,27.375832825264293,47.296124,13.524317,0.8559831584456438,1.2992301,0.59080845
2023-03-04 09:00:00,14.021825787680086,16.078217,13.132904,42.288713589935234,52.320698,26.543354,1.1013247023578143,1.8333259,0.5536846
2023-03-05 09:00:00,11.519144744995629,16.463531,7.9518127,53.38712163935732,77.27403,21.598251,2.53865027190133,4.787515,1.8488398
2023-03-06 09:00:00,11.788771011018639,14.578278,8.792755,62.02086493224884,75.60399,39.240707,1.9286751570429084,3.866081,0.9758132
2023-03-07 09:00:00,12.43043228646468,17.404358,9.254974,23.413939205532913,46.526737,2.2142382,1.9604862352905552,3.0201497,1.1829174
2023-03-08 09:00:00,13.608238172063523,19.294342,10.806061,10.842030060917732,22.605589,0.97668266,1.8351967718675237,3.07561,0.98936427
2023-03-09 09:00:00,15.91728834875289,20.525543,14.021576,5.903402691999171,13.434384,-2.6249352,1.1846717645113576,3.0343478,0.3089851
2023-03-10 09:00:00,17.641757580243222,22.229889,14.985748,30.786528444640876,34.365547,27.388905,1.0820192189075526,2.9990773,0.19130222
2023-03-11 09:00:00,15.109714746551049,19.860504,12.436676,91.45082506777216,100.48892,81.42642,2.608798567495543,5.2433767,1.5214443
2023-03-12 09:00:00,16.143799425364705,22.621979,13.348053,45.30664088350566,69.5292,30.126856,2.0186989682114493,4.1255946,1.1332351
2023-03-13 09:00:00,17.45912656221384,24.205963,14.938385,37.6405213257899,50.255383,25.353592,1.9337740836661117,3.9929085,0.68180376
2023-03-14 09:00:00,17.27348355570325,24.239899,14.792633,41.03172999078274,44.809845,37.16922,1.406605417659791,3.1160712,0.37475002
2023-03-15 09:00:00,14.912761422732274,19.333405,11.522858,85.05036402764381,98.10962,71.437744,2.806904791492783,4.7180834,0.95722586
2023-03-16 09:00:00,12.825030063740769,17.528961,9.991852,39.81741109394545,59.18623,22.070602,2.0372006596968206,3.9460266,1.4503573
2023-03-17 09:00:00,15.054188246691638,19.269196,13.104645,12.861131371613943,43.094975,3.1643782,0.42727253958509626,0.72768694,0.085860826
2023-03-18 09:00:00,18.269938186784486,20.271149,15.245026,30.01412361280816,33.82024,26.255024,1.3637715133343016,2.7058194,0.46224785
2023-03-19 09:00:00,18.61805163737432,20.710114,15.741364,28.607393744438337,36.774002,18.19197,0.5876790556926865,1.1345363,0.064635634
2023-03-20 09:00:00,13.622542012523695,17.973297,10.516022,76.06983916021147,91.154655,62.678097,2.683876248408366,4.78488,1.7849857
2023-03-21 09:00:00,13.189907152270337,18.521637,9.896637,77.90138533449493,96.486336,47.90776,3.3612945071756406,5.4934297,1.662676
2023-03-22 09:00:00,12.09171271259811,14.896393,8.599518,78.8535495840015,90.28808,63.983395,4.426783254588364,6.933609,2.060093
2023-03-23 09:00:00,11.597252500376953,14.598053,7.6664124,84.20771082738216,92.10828,65.047646,2.4325362438628706,4.4543996,1.5959749
2023-03-24 09:00:00,12.335894893394084,14.741364,8.637604,52.26609649476817,84.64819,25.19116,2.6853173989154353,4.3887844,1.7909861
2023-03-25 09:00:00,13.38429330014435,18.169098,10.43985,32.90544643427686,43.702576,19.398891,1.4442264473572495,2.8087528,0.72431105
2023-03-26 09:00:00,13.93192182519391,18.584137,11.127106,17.00154435743678,36.190224,1.0339756,1.3358625010853407,2.574125,0.6284898
2023-03-27 09:00:00,15.982940591244528,19.225739,11.058502,19.31625741422314,30.774193,0.77175236,1.1313552747980238,2.0646102,0.5647372
2023-03-28 09:00:00,17.82444195474642,19.795807,15.569733,16.17818460710981,24.601227,8.3131275,0.7711231274455185,1.5261467,0.22520629
2023-03-29 09:00:00,17.210626012376792,22.939606,14.232574,21.054493499583558,32.89499,14.621551,2.171086220848514,4.3581142,1.1446838
2023-03-30 09:00:00,10.88573752814085,15.339996,7.0606995,78.2710903295181,94.981606,50.68147,2.911022555256462,5.980351,1.8524994
2023-03-31 09:00:00,14.032989360189617,15.382721,11.847565,26.133182897160168,41.126373,11.1146555,0.595079789390125,1.8602414,0.06664528
2023-04-01 09:00:00,16.49563180654019,19.274078,15.063141,15.151933693292179,33.30263,1.8455992,0.962098087097567,2.8317578,0.29669768
2023-04-02 09:00:00,17.81723893763825,23.697662,15.631256,8.88555079618625,11.029587,7.1506805,1.5713651141809504,2.8954248,0.6162528
2023-04-03 09:00:00,16.446698429816536,24.840485,13.748688,34.27838996436179,61.39351,18.123976,3.881915203272927,7.15257,2.7654827
2023-04-04 09:00:00,11.927011239056355,15.35318,8.931061,28.504434295331297,36.838905,18.899738,3.9508191522142235,6.281606,2.6206
2023-04-05 09:00:00,14.418564786788636,17.124664,11.376617,26.269006775807785,34.182888,12.828422,0.594168271244675,1.9962558,0.090606414
2023-04-06 09:00:00,17.448730092101584,19.720123,14.75528,18.468511330535588,23.499187,14.335126,1.174534806333229,1.9999946,0.43878523
2023-04-07 09:00:00,18.733186850935,22.636139,16.886139,18.40957205725588,24.759853,9.353508,0.9649395865083784,2.3141687,0.26497018
2023-04-08 09:00:00,18.736619436839533,25.060211,15.999664,18.316719169549852,25.497086,9.192399,1.4831428443563797,2.6309407,0.57286483
2023-04-09 09:00:00,20.219845740346557,26.937653,15.619293,20.225962059565585,28.877592,3.4520807,1.15048156688044,3.742424,0.29608005
2023-04-10 09:00:00,22.183977602793732,29.202057,15.2430725,16.557829959177383,21.192253,13.485223,1.0999090413049237,2.2198367,0.09860259
2023-04-11 09:00:00,22.391452501037975,31.940582,15.14566,14.534924840448834,19.564997,8.4179535,1.1838650975449487,2.2638261,0.4934833
2023-04-12 09:00:00,20.733323901147003,31.399323,14.903229,15.708120163679261,27.395409,7.305566,2.0127932864715197,3.959987,0.85555875
2023-04-13 09:00:00,16.21011642463054,26.17569,13.708893,52.38658291827254,73.525276,24.748358,3.55599274854074,6.294977,2.3627234
2023-04-14 09:00:00,13.44424400030465,19.81778,10.393951,60.818442524594744,79.53218,21.962778,2.7800025593205544,4.750432,1.8284539
2023-04-15 09:00:00,18.982853047692686,23.480621,15.48941,26.31950393468374,36.413635,14.997438,0.9431036192684317,2.023103,0.06939464
2023-04-16 09:00:00,19.74827269583716,26.527985,15.277985,30.48133650366799,45.313152,16.325607,1.00792617971691,2.6821964,0.10100131
2023-04-17 09:00:00,18.63795972877199,27.409088,14.168854,14.827416450417813,26.238926,6.259303,1.6188561805321315,2.8608918,0.8329947
2023-04-18 09:00:00,18.021735820385345,27.737213,15.371735,26.51331321742036,51.761787,8.683661,2.6997963505560554,5.009659,1.8081995
2023-04-19 09:00:00,16.376316150941364,23.742828,14.021637,21.681399239076647,51.196163,2.6333065,2.429244710306862,4.4819174,1.3785471
2023-04-20 09:00:00,20.91380421056101,24.616608,18.349274,15.66505219653423,24.161366,4.5786343,0.875702357468975,2.9173195,0.08899086
2023-04-21 09:00:00,25.37190845989568,27.073639,22.68692,14.840094168245129,22.373705,10.457244,0.9542741386071006,2.3522928,0.17132886
2023-04-22 09:00:00,26.479479158221523,31.082672,22.057281,14.193224397497499,18.247795,9.665764,0.6871961930216061,1.710925,0.019760901
2023-04-23 09:00:00,25.707585787304993,31.684967,20.659576,20.092754558170842,23.511835,14.467311,1.2194587332584381,2.0861795,0.25529915
2023-04-24 09:00:00,21.379639478768127,30.891754,16.577301,29.798173323856325,37.80176,17.553192,2.11777793231284,3.6456525,1.3426846
2023-04-25 09:00:00,21.105971003407547,30.919342,16.929108,24.438175508540876,41.005745,14.20353,1.8587311022457715,3.0440278,1.126505
2023-04-26 09:00:00,23.38691428056353,30.754303,17.199371,12.217488138329136,14.882409,8.655683,1.0095815379627557,2.3189325,0.22091897
2023-04-27 09:00:00,23.803729624672656,30.775055,17.021149,14.978765098373012,21.607103,8.711173,0.9922657654255957,2.7337134,0.22202101
2023-04-28 09:00:00,23.9296116736038,32.50479,16.536041,12.809169397373314,17.227285,5.989275,1.1602998756937584,2.6465023,0.40333122
2023-04-29 09:00:00,24.841860194640105,34.6232,16.019684,10.906313237840845,15.106016,1.6909971,1.1326107573670423,2.856691,0.3601141
2023-04-30 09:00:00,24.03186554712721,34.680817,15.987457,13.467751773102512,17.942623,7.575409,1.5921043938029933,3.1954734,0.5619278
2023-05-01 09:00:00,20.865867275907647,32.81534,15.288483,19.650265973148702,31.592926,8.018708,3.025536242021795,5.6810455,1.8580284
2023-05-02 09:00:00,15.7568704325152,22.975739,13.104401,56.76314234715782,83.12162,25.31377,3.024743804193449,5.2253404,2.2272036
2023-05-03 09:00:00,15.827374440438632,22.954987,12.55191,57.09143906944595,82.44185,24.758251,2.5480341525451373,4.478922,1.8977394
2023-05-04 09:00:00,15.26539335066451,21.834381,11.787506,66.77916003590485,85.83677,35.010445,3.6921909189935733,5.959626,2.6695807
2023-05-05 09:00:00,14.743506118060907,18.779938,11.507721,73.81707583564827,86.41337,51.33042,2.656743805212072,4.3917084,1.9788493
2023-05-06 09:00:00,17.45822449919723,21.620758,15.521149,46.67974042070908,63.017452,26.404171,2.4541482385012703,3.718444,1.8518955
2023-05-07 09:00:00,18.443566787676957,24.966217,16.532135,35.55458203498206,47.935722,16.521662,2.2716429010240264,4.185959,1.2243098
2023-05-08 09:00:00,19.616343657301854,27.326324,17.04898,33.379551882769015,44.86767,16.33252,2.2436081342255565,4.119373,1.2212058
2023-05-09 09:00:00,20.18247918723449,29.119537,17.119537,14.416827781621034,24.355352,3.5106564,2.5286977255191854,4.6418395,1.5099398
2023-05-10 09:00:00,17.862198076304253,26.155914,15.357086,29.372802549663007,58.360016,1.031889,3.85342355113025,7.3258586,2.3918924
2023-05-11 09:00:00,18.59087029462404,24.801422,15.988922,34.61915212596392,46.62848,22.886292,2.12283127640787,3.3297615,1.5565786
2023-05-12 09:00:00,21.349127634908086,28.232819,16.50235,18.1636902758017,33.863804,7.288945,1.387546194847342,2.7582927,0.49803734
2023-05-13 09:00:00,23.67151321908034,32.366364,16.721832,17.268844988902348,25.77896,7.6904564,1.1016549807760763,2.3416004,0.103292204
2023-05-14 09:00:00,23.928802613155142,32.967438,16.775055,16.729132073726895,24.050766,10.362931,1.2034335131931269,2.4767466,0.43076727
2023-05-15 09:00:00,24.532594773316077,33.926666,16.498932,14.687273488670705,18.313648,11.080739,1.263252784217658,2.3876941,0.3238868
2023-05-16 09:00:00,24.376618396394804,32.355865,17.211334,15.951036997358324,25.87756,8.720604,1.1523202844230802,2.8335073,0.40504783
2023-05-17 09:00:00,25.009561585578524,35.06778,17.489655,18.31190417184317,28.02295,5.597351,1.3440849021865209,3.690314,0.04734847
2023-05-18 09:00:00,24.370715829119206,34.252106,16.02066,16.469050313044818,21.642076,4.7279854,1.1986739798284198,2.3398814,0.37543505
2023-05-19 09:00:00,23.813442177380523,33.91275,17.428375,22.788483495079234,28.540516,18.977306,1.380989492806889,2.1838143,0.5022048
2023-05-20 09:00:00,23.231060590821187,31.771393,17.242096,31.38362139314807,38.508286,21.497585,1.1312149188937553,2.4847014,0.10727636
2023-05-21 09:00:00,23.760333488511208,31.707672,17.440094,29.396683472625995,38.26351,18.639042,1.1820404475001902,2.356891,0.31878102
2023-05-22 09:00:00,23.86890854562523,33.902985,17.209625,28.796218244087402,38.35177,11.818817,1.33345723963793,2.232439,0.20163979
2023-05-23 09:00:00,22.71465754433069,32.631256,16.889069,26.979342763774508,34.137302,13.549826,1.8785333106770756,2.8669188,0.6807275
2023-05-24 09:00:00,20.63780416640975,31.554596,15.853424,17.683443854808765,30.426502,4.94993,2.2693521011088875,4.1923213,1.2873126
2023-05-25 09:00:00,20.32043782616182,31.273834,16.271881,15.836032732618493,29.653336,5.673292,2.408684825172623,4.465573,1.5249848
2023-05-26 09:00:00,19.512638335637916,29.82779,16.880524,31.819560382953934,52.120476,5.7415676,2.7413044705475436,4.7767153,1.919611
2023-05-27 09:00:00,20.202657112048428,28.630035,17.175201,40.34723377607939,53.42138,13.123601,2.6263710657822275,4.10855,1.7765228
2023-05-28 09:00:00,21.563775279600407,30.531158,17.622955,30.82969264158195,43.202465,12.864248,2.113344643865901,3.3212612,1.1632242
2023-05-29 09:00:00,20.19347414996031,30.129791,16.67276,33.99258428588742,54.85704,9.876813,2.4318204846299074,3.7867143,1.5349525
2023-05-30 09:00:00,19.759628054997563,29.381989,16.968658,33.533927951688895,47.889816,10.237472,2.5466651638426563,4.1703243,1.8028387
2023-05-31 09:00:00,18.072367391161322,27.600006,14.883209,73.36103117394049,99.358,34.57363,3.2222520294512216,5.6223135,2.4314382
2023-06-01 09:00:00,19.15626153335893,24.525787,16.562897,54.62793822502771,69.29612,32.053936,2.3647111053232677,4.026441,1.69872
2023-06-02 09:00:00,20.655791552688584,28.577545,17.475494,25.464203100052856,44.696037,7.4655685,2.1840670556272395,3.2847297,1.496012
2023-06-03 09:00:00,22.945233734983788,30.979645,18.206207,9.520584581740877,20.075962,2.2859116,1.7886855345075856,3.35473,0.6769212
2023-06-04 09:00:00,24.214524043276015,33.46231,18.167389,11.956533574608201,22.906162,-3.2287016,1.5805104612019312,2.7578056,0.6866482
2023-06-05 09:00:00,24.065250128299112,34.2294,18.127838,19.225880201913284,36.557327,0.8385782,2.2551912882767016,3.0481033,0.9835365
2023-06-06 09:00:00,19.28491984980718,29.087067,16.365631,32.36699536060944,60.69228,6.880018,2.6958891154686833,5.3005095,1.6519734
2023-06-07 09:00:00,19.21527384425349,27.040192,17.278229,47.730821106919095,64.23859,28.985027,2.4878973362152084,4.6299696,1.5641203
2023-06-08 09:00:00,21.162177885823326,27.9086,18.62735,37.95098964614255,53.261253,24.330002,2.1232663303566945,3.6663346,1.307047
2023-06-09 09:00:00,22.59535690615263,30.625885,19.14737,36.1450919634296,51.521896,24.476852,2.300818773986868,3.4788158,1.0532653
2023-06-10 09:00:00,22.48656272098316,31.302887,18.5607,28.746155465437496,38.35264,20.41621,2.0302894866800947,2.923219,1.1541097
2023-06-11 09:00:00,19.949501844374026,29.562164,17.22818,46.67574995484654,70.68884,31.090187,3.1139719870072473,5.5323515,2.0702083
2023-06-12 09:00:00,17.994154529794855,24.764557,15.075348,74.1651257375112,92.55133,47.949768,2.854862650627842,4.352716,2.3025465
2023-06-13 09:00:00,20.443346666174193,27.49405,18.05069,49.280594029224844,64.011116,32.097057,2.5795250868656265,3.60568,2.0230744
2023-06-14 09:00:00,21.98101854001976,31.400787,18.312897,27.359380612483758,35.057167,18.094664,2.2117647630745836,3.3074923,1.3561649
2023-06-15 09:00:00,22.07967587503606,31.97525,18.141266,38.88362691022964,54.451977,25.52229,2.3131066348380385,4.1949573,1.4552542
2023-06-16 09:00:00,23.479659730186313,33.137115,19.605865,46.90444911829444,59.60628,25.045593,1.8588178710244485,3.4476457,1.0655754
2023-06-17 09:00:00,26.003301663073273,33.42276,19.856354,36.31227727318226,44.05775,26.939812,1.7317019034095982,4.100496,0.54094267
2023-06-18 09:00:00,25.7116038725502,35.670074,19.285309,24.003659285508792,33.67444,16.918526,2.2006820753602785,4.027099,1.2302839
2023-06-19 09:00:00,23.36846148618997,32.751617,18.485992,29.131058936323,35.341625,18.017406,2.580755545149337,5.499259,1.2463474
2023-06-20 09:00:00,23.959924269149155,31.525543,19.689606,12.944295956535964,22.742447,2.297134,2.386827828769017,4.768785,1.3139668
2023-06-21 09:00:00,24.8382879945824,33.640778,20.412262,2.9746313673847804,5.6297655,-0.4959898,2.044947059752633,4.2682185,0.9661318
2023-06-22 09:00:00,24.788043970824447,33.797028,20.3107,6.701086512087647,14.21657,0.8868551,2.4386806142214934,4.901891,1.4238185
2023-06-23 09:00:00,22.23623749440935,30.794586,18.573883,10.154259649000279,27.03246,-2.371849,2.6737389951778594,4.66715,1.7380228
2023-06-24 09:00:00,23.775752847279364,31.430573,18.784088,6.848804242390192,13.706049,0.14746094,1.95739520169331,3.7413175,0.90864414
2023-06-25 09:00:00,24.848596338944105,34.390045,19.235748,4.020617318879619,11.905506,-1.220706,2.164241189630416,3.9080172,0.97119576
2023-06-26 09:00:00,25.43906164826268,35.882233,18.96231,4.582552435576431,8.685532,-1.6022892,2.2582729752485218,4.202952,1.0080956
2023-06-27 09:00:00,25.3428217152358,34.551666,19.301666,9.133709499019103,17.834595,1.9962816,2.146601151680843,3.9169562,1.1376715
2023-06-28 09:00:00,25.33341034318579,35.02652,19.225739,8.282614817479649,17.914173,1.3151608,2.220763605491931,4.156192,1.2729689
2023-06-29 09:00:00,24.867042465058034,34.48575,18.679352,16.381783712737388,22.154018,11.728236,1.8363496101708379,3.4166582,0.98937774
2023-06-30 09:00:00,28.43776705513386,37.21402,19.694489,14.982556148774572,21.113335,7.536134,1.079517239020582,2.7009966,0.11078597
2023-07-01 09:00:00,30.32706676755521,39.395416,19.806793,11.725808752219498,15.524995,6.3978357,1.2412529813974682,2.7041144,0.2619952
2023-07-02 09:00:00,30.27859358575182,41.1398,20.149567,12.91403833309136,18.998634,1.3929453,1.2683944755951795,2.3899355,0.5781616
2023-07-03 09:00:00,30.139423672218015,42.012848,19.981598,7.953950313315002,10.022975,4.9839125,1.8323216804757134,3.2599418,0.8412329
2023-07-04 09:00:00,29.503741241750163,40.902252,19.773346,7.143199219783407,10.16356,2.7504292,2.430338775990287,4.523933,1.0822731
2023-07-05 09:00:00,28.13207154329308,38.2482,20.027496,4.317547488003398,5.838146,2.7443638,2.256147053496182,4.5039554,0.8788368
2023-07-06 09:00:00,27.733832017492432,38.198395,19.327301,4.127989216739155,6.454464,1.6081781,2.0229147248194255,3.9623046,0.9630043
2023-07-07 09:00:00,26.06154917804821,37.238434,18.73648,7.811667136546522,10.522283,4.2996264,2.238365331874151,4.4492836,0.9496997
2023-07-08 09:00:00,26.980110894974985,37.828033,19.341705,9.990902856458504,17.447771,4.700716,1.9199172627412244,3.4394433,0.9296986
2023-07-09 09:00:00,26.25080464601797,36.629303,19.326569,12.107772400893275,18.901146,5.0967903,1.795491957366996,3.1524928,0.9760187
2023-07-10 09:00:00,28.614027648733042,37.86905,20.119781,7.58133137417229,12.44099,2.6468172,1.539127307999053,3.0595198,0.62960875
2023-07-11 09:00:00,29.872111150356943,38.068024,21.792633,14.499818346446553,26.850252,-0.71224785,1.5318349236208997,2.5935118,0.7125592
2023-07-12 09:00:00,30.816121245494344,39.517,23.674713,47.14455178498121,64.55174,32.336174,2.0312279844039645,3.915677,1.0376927
2023-07-13 09:00:00,30.686374734722165,39.517,23.888824,44.864006473167436,55.966324,29.802105,2.3273029343066782,4.242304,1.1813068
2023-07-14 09:00:00,31.54007745295104,40.537262,23.550934,14.319350679636266,19.725315,8.389378,1.8999548381892508,3.1857257,1.0351774
2023-07-15 09:00:00,32.6538513629925,41.376617,23.112946,15.06708658350897,20.87516,7.246166,1.1660377138959668,2.8888533,0.44520122
2023-07-16 09:00:00,32.4755171538099,42.799225,21.651276,21.74481036791993,27.056702,17.033264,1.2309796422303176,2.4996905,0.463331
2023-07-17 09:00:00,32.01092029043457,42.109283,22.652008,23.959056457374952,29.751709,17.17749,1.2405923912868138,2.244602,0.48622724
2023-07-18 09:00:00,32.03225706342147,41.563873,23.498688,32.15201148893359,36.452003,26.041847,1.9740190014314014,3.3791177,1.0585171
2023-07-19 09:00:00,31.84815875155573,41.71866,23.581207,33.64791471693389,43.960697,22.330723,1.9772797152703816,3.4963987,0.96507514
2023-07-20 09:00:00,32.33323397188758,41.872223,23.12149,19.42457976986698,22.507868,16.770107,1.768073564779058,3.473224,0.9086016
2023-07-21 09:00:00,32.19533644801311,42.759186,22.804108,12.573505778279165,14.486583,9.9358015,1.8907421723423428,3.2463589,0.9203775
2023-07-22 09:00:00,31.96130942030362,43.81021,21.837555,10.097670869045878,12.29973,8.418094,1.593014290328198,3.100187,0.91417825
2023-07-23 09:00:00,31.421620708160503,40.83072,21.684235,15.093883499171229,21.146387,9.978418,0.8861445145556675,2.3338203,0.056680243
2023-07-24 09:00:00,30.729960810298167,36.692047,22.83194,31.59501749209914,37.062138,27.097294,0.9180810830415777,2.2680242,0.33833587
2023-07-25 09:00:00,31.896796936327974,39.90103,22.660065,19.927766560489452,23.538605,17.136261,1.2687369629932597,2.8664231,0.48909685
2023-07-26 09:00:00,33.34769431153114,40.381744,25.406158,19.6693184339679,22.377602,15.703852,1.4857420954489984,2.5391932,0.9023615
2023-07-27 09:00:00,33.198805290589405,42.798004,25.124176,16.40554956082945,18.163279,13.247023,1.669715420973415,2.754943,0.840566
2023-07-28 09:00:00,31.903770735927992,41.10367,23.058746,15.856432577168878,19.34772,12.361143,1.3615167561136976,2.526949,0.6073782
2023-07-29 09:00:00,31.637496678682794,40.66739,22.901031,15.65554018074142,18.610134,11.953883,1.4006045137191254,2.229066,0.8310315
2023-07-30 09:00:00,32.379450454637094,42.057526,23.684479,16.787133007607917,21.428015,13.143586,1.112789751168352,1.9418688,0.69376445
2023-07-31 09:00:00,30.705300017214483,35.7128,24.38272,29.850135232968732,39.167038,22.324287,1.026758034328004,1.762524,0.4504379
2023-08-01 09:00:00,28.755699875418145,35.14395,25.50064,51.3680147748251,56.46761,45.952374,1.166360831814059,2.591194,0.37194937
2023-08-02 09:00:00,29.524530540979754,35.109283,24.66153,16.19023412745837,24.6596,5.796319,1.6810999701300617,2.7428236,0.83370453
2023-08-03 09:00:00,29.663916699021627,38.554108,23.282623,7.929591105821721,12.046561,3.7835035,2.2140888566727934,4.0124497,1.0841854
2023-08-04 09:00:00,28.42109360956465,38.082672,21.926422,4.028021211021458,6.5318127,-0.5264616,1.7346678087774612,3.0867138,0.90138763
2023-08-05 09:00:00,30.517695324600254,38.456207,22.413239,6.584586090975138,13.555934,0.022354506,1.2570921696687274,2.8026524,0.26032308
2023-08-06 09:00:00,31.37313694115909,39.51236,22.917877,3.3291355012567214,5.7950935,0.86540604,1.2798665505746258,2.336186,0.38241416
2023-08-07 09:00:00,30.840669641998716,40.36441,23.569489,4.506162438969216,10.597477,-0.7267418,1.9316878905602246,3.7343576,1.0690938
2023-08-08 09:00:00,29.574343611579877,37.77115,24.71939,43.465050638865925,63.661915,9.242347,2.4486209817225593,4.995466,1.3668076
2023-08-09 09:00:00,28.141185989906376,35.947662,23.41446,53.01745554665568,62.89099,38.054077,2.0975658037176417,4.1577196,1.2684221
2023-08-10 09:00:00,27.140609763185125,36.043854,22.302155,45.88433728826209,57.269405,24.331905,2.4983403310907772,4.6101747,1.6204811
2023-08-11 09:00:00,25.689643291297443,34.169342,22.329498,68.00597860525046,83.962746,48.44737,2.5520712308256344,4.321332,1.8094566
2023-08-12 09:00:00,27.484330803235935,35.39151,22.358551,38.50430175546206,47.44915,32.53118,1.7317262253888068,2.873218,0.78188986
2023-08-13 09:00:00,28.332893829508635,36.196198,22.08609,19.694177850809965,26.58469,12.935166,1.5088627660919565,3.4508011,0.3705
2023-08-14 09:00:00,29.306515437466203,36.80484,22.155914,23.637801577205078,41.902473,12.591536,1.4737372711533765,3.4338217,0.35053343
2023-08-15 09:00:00,30.426235572187863,37.799957,22.446198,25.90035623819314,32.171124,19.541862,1.2164613177119579,3.648829,0.22179382
2023-08-16 09:00:00,31.642430109927318,39.48526,22.801178,24.429953193382506,28.055334,19.520996,1.3553445822729728,4.407373,0.37166482
2023-08-17 09:00:00,32.285402549233424,39.051666,23.590729,24.870576494821666,29.913013,18.597464,1.6281027742833363,3.9591992,0.8503378
2023-08-18 09:00:00,30.535790179785067,40.15152,22.305817,10.665764665804005,17.541988,5.1249,1.5690541189075093,3.980785,0.4363763
2023-08-19 09:00:00,29.7581159300708,36.46158,22.088531,22.545262637767298,39.97383,13.317579,1.6199909661457634,2.510803,0.34490892
2023-08-20 09:00:00,24.160780574723447,25.446198,22.629791,69.02651714842364,85.22702,54.93999,2.5829969324904236,4.2494135,1.3119617
2023-08-21 09:00:00,22.4910415878482,24.088531,21.061188,85.92249443391866,98.8455,74.70163,3.154030793541923,6.087345,0.84320956
2023-08-22 09:00:00,26.01087942325279,28.778961,22.556305,41.967520888479406,59.615856,23.123623,0.8837573173408843,1.8341482,0.08498668
2023-08-23 09:00:00,28.38837914924295,32.799225,22.591705,27.619916399968403,36.96337,18.421322,1.3612447413979392,4.0528994,0.22633207
2023-08-24 09:00:00,28.976556289869393,35.88907,22.588287,25.46106754914504,31.458488,15.897309,1.5576272828453652,3.5125732,0.7764992
2023-08-25 09:00:00,28.464712626623623,35.582672,21.811188,17.740885434623177,24.835903,12.828637,1.4177596779004726,3.8080544,0.6615825
2023-08-26 09:00:00,30.700460830117436,39.02188,22.511627,10.589593688802225,14.460814,2.4407291,1.511034428309994,4.018601,0.6585657
2023-08-27 09:00:00,32.54327503403647,41.23404,23.812164,13.406724680057547,16.519821,3.9376278,1.4953843264527544,4.2054753,0.6504301
2023-08-28 09:00:00,34.110281850978936,41.261383,25.329254,18.14858702178592,20.93467,15.032855,1.3302248353035764,3.272357,0.5590261
2023-08-29 09:00:00,34.35537766368594,42.041656,26.367828,15.817152499082445,21.55574,7.8057413,1.185977465433201,2.6024032,0.49063447
2023-08-30 09:00:00,34.58026346441443,42.886627,25.91983,18.81231070816975,25.276054,2.2957945,1.3060430712564723,2.3851767,0.68452656
2023-08-31 09:00:00,31.779628693937354,39.199615,24.50821,12.743381847530207,18.978085,0.3993101,1.600977488646642,2.6801274,0.5217132
2023-09-01 09:00:00,29.777227609072042,37.8815,23.504547,24.754724674497208,40.185078,2.654786,1.3865621604697593,2.574479,0.6769381
2023-09-02 09:00:00,24.316525125968894,29.272614,22.759186,84.5366175375502,89.984085,78.44112,1.5484968485621822,2.6509976,0.73856103
2023-09-03 09:00:00,26.316322971340128,29.609528,24.646637,63.63850239292881,88.17019,30.94753,1.654495228914824,2.6244688,0.38361126
2023-09-04 09:00:00,24.539871208660543,32.12271,21.716461,41.18465559009976,59.867996,17.523493,2.4626416231743984,3.9862947,1.7033198
2023-09-05 09:00:00,25.164354441486182,30.747955,22.261627,38.042127382936656,52.532993,18.245113,1.378382334170217,2.00392,0.6122089
2023-09-06 09:00:00,26.778476968750226,32.385162,22.109283,17.634712646073407,33.328117,4.43764,1.1553193195987397,1.9555864,0.20228739
2023-09-07 09:00:00,28.540539274361947,34.60196,22.762115,6.820125053148661,11.835174,-0.94676685,1.3354386766435675,3.2303982,0.3086898
2023-09-08 09:00:00,31.313147263566123,36.846832,25.089752,16.652400264336215,20.500648,11.336587,1.1348693787699653,2.7612457,0.19695611
2023-09-09 09:00:00,32.01147114382991,36.838043,26.170074,35.19184403441384,39.745182,32.983463,1.6316988242267052,3.408079,0.8604392
2023-09-10 09:00:00,30.95798012292539,39.4252,25.503326,30.40122690770782,38.064148,23.303717,1.6181554202503206,2.726677,0.29018146
2023-09-11 09:00:00,29.366989224729082,35.622223,25.350739,44.04076727023079,50.298042,35.610542,1.1145306655687668,2.3287978,0.22285202
2023-09-12 09:00:00,27.99342867531402,33.21866,24.273346,19.383374367186477,35.56723,0.28598213,1.903636515354008,3.285058,0.544786
2023-09-13 09:00:00,26.248975803328165,34.92276,22.028229,17.186109342548715,23.208202,8.407422,2.270994353632203,4.2837615,1.4700251
2023-09-14 09:00:00,25.474131442238047,34.79532,20.713287,18.861763373199096,23.369532,14.877344,1.7135196280343437,2.9523528,0.9885239
2023-09-15 09:00:00,26.067504766891943,34.763336,21.42154,25.989968260625457,39.88153,19.475296,1.5519944148982427,2.6908271,0.6523796
2023-09-16 09:00:00,26.13554060659783,35.012115,21.211334,23.646330320977835,37.710453,11.092232,1.4380972115210382,3.0930781,0.3545748
2023-09-17 09:00:00,24.416851170738028,33.714264,20.16153,33.768054620946934,53.68667,7.2949038,1.5607088849467474,2.7480264,0.37834504
2023-09-18 09:00:00,23.982106313714382,32.818756,20.598785,37.490754912983085,55.401054,15.125624,2.127214991030016,3.323655,1.1479485
2023-09-19 09:00:00,24.68133797821855,33.210358,21.231842,11.393454340188061,28.419659,2.829814,1.7455949420006616,2.8102992,1.0072457
2023-09-20 09:00:00,24.16610963416923,31.102936,21.157623,11.30910995940605,23.141006,-4.9596176,2.1602222829113873,3.2080345,1.3393935
2023-09-21 09:00:00,21.70320248000752,28.671051,19.256012,33.62994486003031,58.608147,7.987052,2.4002256645965976,4.544093,1.6391668
2023-09-22 09:00:00,22.693037517701043,30.344635,20.123932,7.308865446474575,12.815962,2.0319061,1.9587773215538145,3.7093983,1.0106052
2023-09-23 09:00:00,24.20023808318365,28.735504,20.885895,31.452933593482186,43.801712,10.011706,1.9540700379893623,3.5569727,0.8752825
2023-09-24 09:00:00,25.582352650362452,32.308014,20.68692,10.169039537796122,23.953293,3.1212616,1.4227904501429267,3.0049438,0.79486257
2023-09-25 09:00:00,26.360556658874316,33.36441,20.997223,14.161480937504361,18.625475,6.891073,1.4262254083928658,2.8760936,0.7738345
2023-09-26 09:00:00,26.340887011198106,33.90738,20.831207,5.750154241887077,13.332603,2.220786,1.4058073088790322,3.162651,0.6936858
2023-09-27 09:00:00,28.004435188626644,35.263824,21.953278,2.858855734916184,6.6631117,-0.17308617,1.016633921380431,2.4057937,0.4200839
2023-09-28 09:00:00,27.35676134627829,34.225006,21.154694,4.730338935017239,7.2472124,1.2257481,1.4007549968519735,2.2862058,0.59845144
2023-09-29 09:00:00,25.413466175244025,33.791656,20.020172,12.365489480994924,21.285164,2.1952696,1.9697227137772841,3.034437,1.0158942
2023-09-30 09:00:00,22.81561320947651,32.411285,19.842926,15.036017201689313,37.68482,2.412837,2.928527790040952,5.4865417,1.9979262
2023-10-01 09:00:00,17.38198190267019,22.624176,13.481598,79.43575906023781,91.129486,59.740578,2.7706986974082857,5.106954,1.8055079
2023-10-02 09:00:00,19.148352399864393,22.383942,17.424957,54.48186298132746,65.3021,47.352882,1.3264155257871288,2.3791883,0.6744394
2023-10-03 09:00:00,23.083376195263725,25.483551,20.93863,36.28490939533576,39.82021,32.28875,1.1079048825532347,3.096534,0.37340248
2023-10-04 09:00:00,26.241089960514216,28.275055,23.041656,29.089315074061574,31.885756,27.172153,1.2441929168794421,2.270867,0.5038201
2023-10-05 09:00:00,29.11085848565176,31.46109,25.288727,22.957726100872073,26.726114,20.366531,1.244184794216229,2.7258506,0.27249423
2023-10-06 09:00:00,28.952235712723848,32.154205,23.953033,18.579209157363383,21.080833,17.47927,1.0861042619704353,2.232506,0.1788196
2023-10-07 09:00:00,29.42558169711981,34.121735,23.910797,15.239650677886738,20.575726,9.4976,0.677246440769781,1.6116078,0.093961276
2023-10-08 09:00:00,29.2086179290435,34.41519,23.256989,15.883931378564629,20.26292,13.020732,0.7381714384214514,2.5280962,0.051272627
2023-10-09 09:00:00,27.80672031037159,33.92984,22.4357,21.275926157320644,25.842644,14.189996,1.3447390627790996,3.1757782,0.516038
2023-10-10 09:00:00,25.673986433841492,33.744537,20.316803,12.127237214761184,15.528148,7.72346,1.8398543785005979,3.678203,0.66596365
2023-10-11 09:00:00,22.502859310430495,30.507965,20.488434,39.46530753836703,69.094086,13.793301,2.87058575090806,5.091865,1.8379128
2023-10-12 09:00:00,23.020054704586926,28.36734,20.510895,28.305731637106238,39.01943,20.730366,0.8693873625819715,1.7815121,0.08488825
2023-10-13 09:00:00,23.285659126721384,27.110016,20.55777,18.14630488835757,29.555153,11.180294,0.9959066754793795,1.608963,0.22362022
2023-10-14 09:00:00,23.46505398471396,27.230865,20.654694,19.497881568935757,26.190525,14.592329,0.6618937645027044,1.7680224,0.051764097
2023-10-15 09:00:00,26.943008136829178,29.374176,22.741364,9.529191602342065,13.892976,6.539323,1.143570939939974,3.0904315,0.194766
2023-10-16 09:00:00,28.288934293769785,32.58316,22.506989,11.015250338478452,12.765006,9.165519,0.8457067940602468,2.6524947,0.18906431
2023-10-17 09:00:00,26.878204611429055,32.974518,21.662018,16.661099991470802,24.721619,11.368315,0.5985763738690515,1.2191428,0.24785855
2023-10-18 09:00:00,27.598062546932965,32.972565,20.986237,14.150068354064846,17.624096,7.458748,0.9730783300940797,1.7707561,0.1873638
2023-10-19 09:00:00,28.174887481439384,33.279205,22.078766,16.100685313041637,20.956356,11.858957,0.7054211802680556,2.1110303,0.03561063
2023-10-20 09:00:00,29.239670260559365,34.600983,23.029938,21.247163339724672,27.679338,15.317898,0.996469858668183,3.4382195,0.34729895
2023-10-21 09:00:00,29.357224446520945,35.85733,22.74405,23.528658945304848,28.84534,15.681914,1.7359706805238753,4.053931,0.6537403
2023-10-22 09:00:00,26.24990237559689,34.515533,21.660065,20.684411636294147,32.185616,7.0021296,2.0442296340565083,3.5139153,0.94244987
2023-10-23 09:00:00,21.018382693139415,29.180573,18.508698,52.07195709927492,63.230755,27.236568,3.2762603951093534,5.7041802,1.9641664
2023-10-24 09:00:00,21.59343222936843,24.88565,19.59195,42.410813667353466,49.3021,38.65757,1.1865900933053168,2.1220953,0.69550484
2023-10-25 09:00:00,21.0613764660132,26.288239,18.93863,40.995116450991276,58.744637,24.489159,1.8273239127165462,3.0735369,0.65438694
2023-10-26 09:00:00,20.341480740319298,25.700592,18.568024,35.54068921927131,57.513683,25.57373,1.8057897606505584,3.1409945,1.2539032
2023-10-27 09:00:00,20.921617571816057,25.560211,19.023102,22.191387812664185,37.701263,5.9668884,1.320167858621072,1.8411918,0.66934866
2023-10-28 09:00:00,20.554057964767026,25.971832,18.102692,14.600208698300394,34.21133,-6.2240973,1.4387644628465446,3.0740526,0.59183323
2023-10-29 09:00:00,21.496385039376605,25.361969,17.235016,18.927426687941377,22.83722,14.414379,0.7873689844596807,1.3887422,0.32618794
2023-10-30 09:00:00,21.25149668818932,24.660065,17.240143,8.946390932906494,15.024187,4.7038746,2.6852916759739016,5.063247,1.0747106
2023-10-31 09:00:00,22.715708478704073,25.978668,18.953278,6.025963523113068,9.382613,3.956523,2.1898453491474292,4.7879863,0.46162993
2023-11-01 09:00:00,23.238831061490373,26.27774,19.584381,8.697507263892934,14.371124,6.529334,1.8895547361699152,3.6417701,0.4405764
2023-11-02 09:00:00,23.92807774534475,26.023102,21.437164,9.761488004177838,12.776755,8.128318,0.8802043602002548,2.0371523,0.076558426
2023-11-03 09:00:00,24.428041198287133,25.88443,21.47818,7.446682352443449,8.683589,5.4882765,0.6035678078853457,1.6941983,0.16634645
2023-11-04 09:00:00,24.28396849178563,26.21695,20.578278,8.303647858224299,9.638009,7.221246,0.6222854633082314,1.7454449,0.14063883
2023-11-05 09:00:00,24.736870327667987,27.241852,20.554596,8.043778421977233,8.895182,7.2170515,0.7599333498877674,2.6680765,0.06327087
2023-11-06 09:00:00,24.750268841884235,28.385895,20.423004,8.995139962714264,11.071988,6.943082,1.060192876509434,2.2526612,0.19546372
2023-11-07 09:00:00,22.691308647575,28.371002,19.35147,14.502473595251992,35.15604,9.257603,2.0418284505327744,4.0015473,1.0566555
2023-11-08 09:00:00,19.22975014546512,22.78653,16.825104,33.24252990543933,41.670242,20.53151,0.8422914692018295,1.7429142,0.29253337
2023-11-09 09:00:00,20.43743064693024,22.791168,17.129059,16.530512809976774,22.305216,12.543497,1.5915815122842907,2.88752,0.61986446
2023-11-10 09:00:00,20.277687770723787,22.777008,17.17569,7.3623259082896935,10.522633,4.7413826,0.9381193553215005,2.1402924,0.31297854
2023-11-11 09:00:00,20.689537513784046,22.331451,18.522125,5.5476900077004245,7.1074905,3.2374697,0.8284587871160418,2.0647345,0.1568981
2023-11-12 09:00:00,22.953172182533535,25.603912,19.760162,10.986194522852427,16.575237,8.4164295,1.539164705012235,3.4793448,0.12608242
2023-11-13 09:00:00,22.776257447593196,24.77237,19.904938,21.153430867993183,26.01535,17.36887,0.8687614450503083,1.6047106,0.18637025
2023-11-14 09:00:00,21.96292886810079,23.450348,19.967926,14.918012910262693,21.880196,8.513008,0.33727369152885245,0.6458096,0.042294912
2023-11-15 09:00:00,21.836916692637885,23.7565,19.641266,16.412396489014114,22.625374,9.17799,0.8956046141462642,1.4209826,0.45368254
2023-11-16 09:00:00,17.363706374170988,19.473785,14.878082,76.69569039188163,85.68141,68.60629,0.9397415730654485,2.2239852,0.20522621
2023-11-17 09:00:00,18.972775385745194,20.725983,16.449371,51.75395345862542,78.83718,36.419216,0.6885170375059055,1.108207,0.14848772
2023-11-18 09:00:00,19.400578848540476,21.041656,18.301422,56.86246021465005,72.95221,42.79129,1.331865029214708,2.2041292,0.60941005
2023-11-19 09:00:00,17.52596610284479,21.695953,14.297516,65.87079790604936,87.1554,35.20723,2.300750086493881,4.4110355,1.5530641
2023-11-20 09:00:00,18.44019414337646,21.796051,14.136871,13.498603463892982,23.002245,4.7124863,1.0535503257754777,1.9653757,0.31268832
2023-11-21 09:00:00,20.46573391926495,22.892242,17.030914,16.038654313156528,26.665737,7.856736,2.564702556384301,5.5611486,0.31621775
2023-11-22 09:00:00,22.20310946162681,24.892487,18.855377,13.86742329876445,22.965313,9.088021,2.224176631472842,4.0805845,0.24392043
2023-11-23 09:00:00,21.18249921275242,23.772614,18.141754,17.04972356137074,21.646969,13.248512,0.6244269217943974,0.9218283,0.21596347
2023-11-24 09:00:00,16.63425452218894,21.586334,13.1683655,33.16873729271618,63.197285,8.376972,2.9393173409173783,4.321736,1.1125067
2023-11-25 09:00:00,15.40974338999024,18.42984,12.606354,55.01320475165511,67.66335,33.085228,0.6410012949167622,1.2868301,0.1881042
2023-11-26 09:00:00,15.561200453458184,18.427643,11.776764,24.856092007608883,35.579185,16.624355,1.936310349725078,3.5600646,0.495263
2023-11-27 09:00:00,16.962798324818664,19.683502,13.603424,26.44727125944531,35.41154,20.631836,1.634118763464041,2.9789562,0.6465272
2023-11-28 09:00:00,17.465152698670465,19.396393,14.640533,33.07671461148592,44.288406,27.827469,0.8761223898202544,2.0250833,0.20720413
2023-11-29 09:00:00,17.266120351147435,19.735992,15.388336,43.13737802667633,48.595444,37.646225,1.0844291323067545,1.9578537,0.5619996
2023-11-30 09:00:00,13.87495068668386,18.332916,9.70401,87.31164295904134,97.62514,67.39076,1.9787397144049121,3.7778528,1.0922343
2023-12-01 09:00:00,13.79583148428327,16.87735,9.694244,66.43086739273672,90.01316,42.880352,1.3409928895559668,2.906603,0.12959373
2023-12-02 09:00:00,15.125391174808442,17.752106,13.038727,28.8172688251893,41.873165,16.05774,0.5399153414866895,1.095039,0.27383608
2023-12-03 09:00:00,16.271977969156637,17.16153,15.050201,14.54377632688125,21.735569,8.185321,0.2915373439956236,0.6977345,0.098518096
2023-12-04 09:00:00,17.6483891198979,18.688873,15.980133,22.928620267932413,30.828163,17.985785,0.9481748716566866,1.8363423,0.06758158
2023-12-05 09:00:00,20.655364630005806,22.600006,18.480865,22.529715317654038,27.191364,18.475166,1.2045371605505013,2.4791083,0.13630198
2023-12-06 09:00:00,22.309578160701847,24.223877,20.178955,25.64635944339824,28.006989,24.15966,0.4858666075760771,1.2673017,0.1724919
2023-12-07 09:00:00,18.99045455743709,22.435516,16.943329,23.199880687071687,29.076927,9.2478285,1.4692960387265497,2.891641,0.61695176
2023-12-08 09:00:00,16.700265928871886,21.949127,14.819,16.30673852153884,30.186447,7.257142,0.9164482882503668,1.9975275,0.2650849
2023-12-09 09:00:00,18.05869426470514,20.019562,15.720886,15.639677818683836,20.314678,9.710641,2.073259166162368,3.2266545,0.7067409
2023-12-10 09:00:00,17.800773335623944,20.574127,14.097565,4.920130271714057,7.0570107,2.9281044,2.3791081886528276,4.7571783,0.38253507
2023-12-11 09:00:00,17.926106696570685,20.668365,14.690582,4.176026718844126,5.8213005,3.3247633,0.986375042576272,2.2251031,0.10724353
2023-12-12 09:00:00,19.126676075942328,20.99112,17.42862,5.594701134366599,7.7581844,1.9013214,0.773961672890088,1.9393163,0.26217487
2023-12-13 09:00:00,16.411150751760374,18.145172,15.346344,22.56515161744097,33.80334,14.808023,0.5087522661201206,1.6785966,0.1455101
2023-12-14 09:00:00,17.299347714099042,19.080719,14.906586,21.343947343389132,24.836525,16.160744,0.851217106054502,1.8299915,0.20964657
2023-12-15 09:00:00,19.20163656976308,21.814117,16.09732,14.592435832670121,20.379284,8.906628,1.8069159108340682,3.5504847,0.11175936
2023-12-16 09:00:00,20.65714908744161,23.668854,17.416168,12.071582793527547,19.57499,8.044234,1.804020481146835,3.4133441,0.1860668
2023-12-17 09:00:00,20.759543371722373,22.74649,18.705475,9.926420235779963,14.376366,5.5638657,1.0838741637795626,2.2267377,0.20896041
2023-12-18 09:00:00,19.96162215725917,21.885162,17.949615,9.315281488162768,11.798276,6.8952265,0.8080415891708276,1.2344961,0.23844393
2023-12-19 09:00:00,19.325038768305717,20.980865,17.305084,47.194658742070516,80.6527,20.988642,0.7271846081998224,1.3300159,0.31267253
2023-12-20 09:00:00,17.025938650798253,19.29483,14.470367,79.11026513754862,87.376236,67.64186,1.2751851744442846,2.5005636,0.568938
2023-12-21 09:00:00,17.192441336404897,19.219604,14.420776,83.46778104582854,89.95079,78.80799,1.5289444987927998,4.3841662,0.24044655
2023-12-22 09:00:00,17.11173667087678,19.076569,14.160553,70.13491285668084,81.61667,48.755447,1.721077704876361,4.0532336,0.6871681
2023-12-23 09:00:00,13.410656869913282,16.21402,10.491364,77.81315257450886,88.25317,69.15942,1.3095353724147245,2.0562205,0.7904213
2023-12-24 09:00:00,15.183042701315685,17.44986,12.085175,58.112840434305056,76.86326,35.643875,0.5837584207356994,1.0289526,0.07225812
2023-12-25 09:00:00,15.478946316172312,16.597198,13.562592,13.372763847575685,23.36132,6.6098137,0.7810990233591593,2.1061199,0.25076252
2023-12-26 09:00:00,16.44674750656776,17.285553,15.295319,23.40585167715849,31.487564,11.182098,0.5470228008963686,1.6958791,0.14371206
2023-12-27 09:00:00,17.729152652723087,18.84732,16.870758,20.46116032944558,26.134003,12.990514,0.5583693794183092,1.78523,0.122673735
2023-12-28 09:00:00,16.414958390248216,17.11441,15.819489,7.322409983290004,18.8375,3.2093697,0.7967339012968466,2.9652963,0.12295853
2023-12-29 09:00:00,17.36971533469608,18.319733,16.038483,9.09867153840435,19.142647,5.0121527,0.9908573703374002,2.0753274,0.21975464
2023-12-30 09:00:00,16.84759844015025,17.702057,15.549713,17.7822104508181,24.001015,9.833047,1.4577598574109145,2.9951644,0.6415517
2023-12-31 09:00:00,13.049661733733899,16.632477,9.599274,77.43364251478987,93.179665,57.17966,1.558031838000295,2.8984203,0.9499956
