time,t2m_mean_C,t2m_max_C,t2m_min_C,rh_mean,rh_max,rh_min,wind_mean,wind_max,wind_min
2013-01-01 09:00:00,8.203489036569579,12.935028,3.3627625,26.249725064696054,35.77207,16.601116,1.7645334798631365,3.8307927,0.22954008
2013-01-02 09:00:00,8.528475270042634,13.037079,4.29953,20.199630959808662,30.053692,13.042689,2.851861023503664,7.7324877,0.45121086
2013-01-03 09:00:00,11.494494838718424,15.292053,5.4587097,17.2226911798081,25.173664,9.111186,2.8412504048881018,8.081633,0.57548237
2013-01-04 09:00:00,12.2294638306293,17.16867,5.1039734,13.718979981336526,18.598053,7.7772455,2.103576717565809,5.309046,0.6311787
2013-01-05 09:00:00,11.25959238713017,15.179047,7.389984,12.144533635361007,16.946856,9.4141865,1.1802918933593636,3.4737282,0.024256038
2013-01-06 09:00:00,11.648282011411766,15.410034,5.8807373,13.243162059689237,22.066816,8.894941,1.0097647005820423,1.9300313,0.067463025
2013-01-07 09:00:00,10.261023542907822,15.720306,3.7553406,30.27771357585412,40.562817,23.07063,2.3517471560396523,3.9225943,0.57471216
2013-01-08 09:00:00,14.273811742763371,18.81253,8.599518,16.635039838623424,21.584621,9.75218,2.712510701554418,5.37417,0.554873
2013-01-09 09:00:00,17.71852232901483,22.323883,12.796539,28.782722535923043,36.8591,19.58957,1.9251286489709745,5.604494,0.2198467
2013-01-10 09:00:00,16.833959283609033,20.142975,12.260162,27.301415502287334,40.04715,16.86607,2.579530911757386,5.102797,0.59160596
2013-01-11 09:00:00,6.876093624893713,13.403473,0.12612915,26.434074470351966,41.90397,15.4658985,3.6334562411862867,6.9715204,0.8195965
2013-01-12 09:00:00,6.021970157446901,11.366882,-1.8342896,28.554123377109743,41.942673,17.44267,1.7197921935662286,2.7565901,0.7002213
2013-01-13 09:00:00,5.019525539616495,9.600311,-2.341095,22.76444841420329,30.515594,15.332,1.5140985174529782,2.6298852,0.45917764
2013-01-14 09:00:00,3.8402253347350097,8.979523,-2.7548523,26.006120185713062,35.046143,14.648855,2.785010555202383,5.825781,0.9461224
2013-01-15 09:00:00,3.3818138931391104,8.780701,-0.8594971,20.563993569561667,26.740044,13.439262,2.7077079392889876,7.278579,0.60371715
2013-01-16 09:00:00,8.157290982676102,12.501373,4.889862,30.936411629458302,35.53194,23.815681,2.3947484519194036,6.935164,0.087208204
2013-01-17 09:00:00,12.697182838347146,16.64505,8.333954,20.30314216554915,29.01678,10.729289,2.6962468188188358,7.864255,0.34004715
2013-01-18 09:00:00,15.652378793135483,20.595062,10.363922,19.751852884164887,25.97485,10.262817,2.6417148006870113,6.532824,0.9120445
2013-01-19 09:00:00,15.474458171456945,20.922638,10.758575,14.236906002907713,24.552261,7.6225743,2.6116205829472183,6.8459234,0.6725584
2013-01-20 09:00:00,16.881622395434988,23.053772,11.670959,12.191858648288076,17.474773,8.228679,2.361029595321386,6.0810676,0.059321184
2013-01-21 09:00:00,17.510982023237034,23.013916,12.026642,10.208541078307082,14.487059,6.9050274,2.5797808751673554,7.1856112,0.051071443
2013-01-22 09:00:00,18.517343444941048,24.09967,13.36319,9.302915558366696,12.214163,5.4672227,2.202613069746886,5.6026673,0.45751435
2013-01-23 09:00:00,19.523572362389018,24.728241,14.165741,15.520209117364448,24.389463,8.940245,1.4441319225635745,3.41932,0.079120085
2013-01-24 09:00:00,19.302096254009143,24.02243,13.842743,23.97489969401441,29.832535,20.05101,0.9375983866911487,1.7712684,0.11364648
2013-01-25 09:00:00,14.255225179221497,19.428406,10.309265,62.1947781100875,77.35426,46.173912,1.2183043476990507,2.5292692,0.13342886
2013-01-26 09:00:00,15.176984197815841,21.003723,7.9334106,73.24789210549304,90.37104,53.564842,1.0244654461468834,2.8922975,0.4225076
2013-01-27 09:00:00,15.057766835650455,17.998749,8.395233,65.3582101156952,90.17995,37.961876,2.538341639697534,5.4538155,0.5453323
2013-01-28 09:00:00,12.254463268623624,18.616608,5.7689514,40.96049783638192,66.148224,19.220129,2.89860092822458,4.4665866,0.29406315
2013-01-29 09:00:00,9.187757513485849,13.685211,4.894806,30.523318601553306,44.36494,22.583618,2.4977348358961713,4.063349,0.22743076
2013-01-30 09:00:00,12.475361322884169,16.466827,8.285522,38.31203453551788,43.700626,29.345158,1.5019586907437656,3.081511,0.07967966
2013-01-31 09:00:00,16.032877272709243,19.167267,12.247345,34.19364808904626,44.07855,22.403221,1.3034868630347216,3.2741544,0.057377104
2013-02-01 09:00:00,17.716585918630244,21.859314,11.936432,29.522465022921264,39.475468,17.17078,1.7436940391275668,4.585596,0.31139427
2013-02-02 09:00:00,19.663846028839032,23.816437,14.935577,21.1355196591708,31.97667,9.084334,1.4696076391775232,4.5622363,0.21061736
2013-02-03 09:00:00,19.637551871964718,24.471619,14.579041,20.759845890950565,31.646599,7.8770666,1.6038207128921937,3.8885918,0.42918003
2013-02-04 09:00:00,18.61737698966408,22.572723,12.166473,28.43049041276337,38.448368,15.948473,1.9630812210824984,3.8802907,0.44923103
2013-02-05 09:00:00,19.733524341497855,24.29773,13.284058,14.18977789652728,26.538567,8.103808,1.1409589702608307,3.2905042,0.10966854
2013-02-06 09:00:00,20.51350793998415,24.707977,13.582977,21.408268184460937,44.06257,8.526384,2.261132784196309,5.5820317,0.6685553
2013-02-07 09:00:00,18.65504038371631,24.286285,12.628082,17.26081901605807,34.91027,9.004022,1.251864840146528,2.375097,0.24126288
2013-02-08 09:00:00,18.3157914246749,23.724915,11.564758,25.715405904514665,56.81508,15.643205,3.9309930453381003,6.9804873,1.8235524
2013-02-09 09:00:00,9.31612240461294,15.867706,1.3615723,42.6026539954228,76.99652,26.332554,3.2368284051722456,5.2558537,0.55617046
2013-02-10 09:00:00,10.307428651378757,15.046722,2.6775818,37.19896198353679,71.60467,27.150486,2.091774825940447,3.2392867,0.45402515
2013-02-11 09:00:00,10.917349268172131,15.3975525,2.85849,29.40024699269219,45.687115,19.933577,2.553844753221298,4.1553087,0.32643268
2013-02-12 09:00:00,10.258342889400183,14.706696,2.6237793,19.495034380912607,25.788702,12.23455,2.3158729323387264,4.47113,0.64298856
2013-02-13 09:00:00,12.77973723842672,16.71695,6.4254456,22.358995873621847,27.879543,18.595253,1.997467471318058,4.8383045,0.05190783
2013-02-14 09:00:00,15.861379701424141,19.977448,8.5902405,26.128003198999195,32.835983,22.087652,2.096314089113123,5.0584936,0.08937068
2013-02-15 09:00:00,18.65309067992837,23.858551,11.299957,18.328858838245182,24.91958,11.595286,3.231381197956504,7.5227504,1.0600493
2013-02-16 09:00:00,20.602950474773422,25.543762,13.66095,11.525257457545008,17.476229,5.2281847,2.438084760286245,5.392931,0.22495347
2013-02-17 09:00:00,20.139606409219084,25.632355,13.880402,10.77939038098144,15.956498,5.5389485,0.8786959034606435,1.7995522,0.042674243
2013-02-18 09:00:00,19.375430215600147,24.259125,12.335297,14.638362328740323,34.07031,8.63885,1.3785324097742093,3.1643891,0.13835604
2013-02-19 09:00:00,18.804002132263406,23.861633,12.900696,22.278270740824144,36.75778,13.691372,2.7021029926040043,5.4775376,1.0746114
2013-02-20 09:00:00,11.781837270560914,17.916595,3.2408142,45.18299864906841,71.36815,26.589325,3.7938722543863697,6.8214374,1.2295648
2013-02-21 09:00:00,10.80859574057746,14.220398,3.3493042,29.011141591299864,55.92044,14.553033,2.0741359325206936,3.9820955,0.25252342
2013-02-22 09:00:00,10.465732670248542,13.037476,4.4067383,20.24680802442231,29.701824,12.167729,1.731009071171444,3.1350415,0.4610066
2013-02-23 09:00:00,13.89757938156606,16.731598,8.920074,23.14195626823764,31.024115,19.141302,1.617835148896187,4.052606,0.059159204
2013-02-24 09:00:00,16.25433300188945,22.253815,8.497955,18.896453159206974,26.046488,12.789711,4.326078925276297,6.6247168,0.88375455
2013-02-25 09:00:00,12.50320825223315,16.760162,7.6649475,14.198769949273562,17.92833,11.417836,2.3598767208777414,5.151787,0.6950228
2013-02-26 09:00:00,15.024455722719836,18.342682,11.3836975,15.437321614407399,22.167793,9.242013,1.2751080902767526,2.874725,0.14464936
2013-02-27 09:00:00,15.350155547894019,19.672028,9.080231,16.221254940374955,20.409988,6.2141724,2.9042626865096275,6.220183,1.030363
2013-02-28 09:00:00,14.688577147290573,19.826569,10.27359,12.372234667080944,15.66041,8.816542,2.2822700008499637,5.651147,0.36935222
2013-03-01 09:00:00,19.22653845399458,23.922516,13.189117,13.846545891373067,19.076954,10.9824,2.071643738105585,5.0168166,0.3661021
2013-03-02 09:00:00,22.57758630468163,27.10611,16.11673,19.137087286738353,23.846722,14.135784,1.8477061146436893,4.5719056,0.3631224
2013-03-03 09:00:00,24.525664139027185,28.879059,19.42398,16.90967980821358,21.030014,10.472531,2.6370255876949464,4.815349,0.70322245
2013-03-04 09:00:00,21.696859269815377,27.712555,13.29068,29.62161779883825,42.567337,18.332964,3.289815000520054,5.6616993,1.1340078
2013-03-05 09:00:00,20.630586515040818,26.11441,14.36441,27.922927392972653,45.36982,16.791695,0.9528942072581366,2.2536595,0.17573547
2013-03-06 09:00:00,21.793098749830392,26.006989,14.74527,31.48094688046451,60.69564,21.797064,3.3033283560131035,6.409085,1.4309512
2013-03-07 09:00:00,18.448278026923674,25.41861,10.985016,37.333634318544824,81.006874,25.805416,3.113681951814095,6.85359,0.7854732
2013-03-08 09:00:00,14.295776609426582,21.796051,6.1026917,50.30843503009446,82.05794,27.343094,2.525358482782764,4.6223316,0.7116481
2013-03-09 09:00:00,10.714903727332171,16.491852,5.1231995,55.913451000165146,80.02141,28.794708,3.270515197901462,6.685367,0.789547
2013-03-10 09:00:00,15.289334438966307,18.79898,7.9806213,25.946447432120205,33.565346,17.066772,2.767052392505882,5.165881,0.48790377
2013-03-11 09:00:00,19.709980505534986,24.923248,12.196442,16.998816596448858,25.931362,9.265543,1.9860282733806955,4.3877735,0.24623607
2013-03-12 09:00:00,22.488252124120947,27.73404,17.116852,13.699408521231614,21.913635,6.3023605,1.5781107216544414,4.1484466,0.26721278
2013-03-13 09:00:00,25.98675294480762,31.018463,20.256744,17.121252075697395,22.73801,12.460668,1.76598591991394,4.6327896,0.21479447
2013-03-14 09:00:00,27.58707609497452,33.142487,21.015533,14.589900938648434,17.813868,11.2433405,1.4313984539359323,4.0662622,0.12630782
2013-03-15 09:00:00,28.946153299831167,33.70938,22.44571,13.611963114766963,16.607239,10.462707,0.9002443783454463,2.0519485,0.007935047
2013-03-16 09:00:00,28.984178332860438,33.020416,21.157135,12.329774424573984,17.48299,5.930578,2.293962184758794,4.9016967,0.83190686
2013-03-17 09:00:00,27.00108932866584,32.809906,18.241547,10.244537127818878,19.654411,2.9434872,2.894666207044615,5.3166647,0.4007224
2013-03-18 09:00:00,25.467108338256992,31.097992,18.695648,13.667403959821582,22.28344,6.93999,1.9265933094363235,3.753692,0.06857015
2013-03-19 09:00:00,23.82386028195799,29.619293,16.338043,17.547098936102046,37.626457,9.418755,1.9963303455198933,4.4531817,0.3015402
2013-03-20 09:00:00,24.161282366494277,28.752838,17.264557,19.595545871737798,38.61805,11.919069,2.6901060300441313,5.564961,0.9005009
2013-03-21 09:00:00,23.094903654986297,28.53653,16.956696,27.287558074462275,32.119354,17.60793,3.559970145208881,6.563717,0.9345741
2013-03-22 09:00:00,24.452696508737063,30.822174,18.121002,19.983861373031782,31.40976,9.495696,2.4966240782514015,4.0772357,0.47315186
2013-03-23 09:00:00,22.38263541088088,29.265533,16.822174,9.163644888478823,23.642075,1.944809,2.5621535707859375,5.853754,0.23260964
2013-03-24 09:00:00,17.70297209733542,22.500885,12.18277,10.911824795867235,24.528292,8.780337,1.5429491647022602,4.331536,0.027209772
2013-03-25 09:00:00,21.640284777789475,26.507477,17.241852,10.726807472116802,27.151028,8.401059,0.5945722701748114,2.1597915,0.024434187
2013-03-26 09:00:00,24.355936448192153,28.415192,19.315582,13.65887653645105,24.951088,8.467334,2.464270267572327,4.815235,1.2233238
2013-03-27 09:00:00,25.223450859101035,30.426178,17.75235,16.983405035534915,46.684715,10.022797,3.1005178812124607,6.4924016,1.0461918
2013-03-28 09:00:00,23.495136366615043,28.869781,16.291656,28.770008940409898,47.020573,23.044296,2.9457119626989643,6.5136395,1.051525
2013-03-29 09:00:00,23.211310011456362,28.643707,17.254791,25.3201165299703,31.610615,17.080502,1.6810575654685367,3.7005568,0.25642264
2013-03-30 09:00:00,25.449842432870867,30.72818,18.112946,22.791577275345787,30.38139,14.756389,1.1412688315568769,2.8133144,0.24894466
2013-03-31 09:00:00,25.831291309298706,31.036041,17.38565,24.573560115780314,47.845272,17.74371,2.564590690801449,5.2728133,1.0766977
2013-04-01 09:00:00,23.424003369404147,30.463287,14.812897,34.58880814904494,79.91033,22.630062,4.271563804641463,7.22949,2.299611
2013-04-02 09:00:00,21.574251957233173,26.4003,15.373932,31.169970332217716,51.399647,22.17755,3.0219646190993887,5.017264,0.60389185
2013-04-03 09:00:00,23.387347656325858,28.094635,18.078766,22.10338269714404,25.038475,17.391453,1.6020946166006331,2.675763,0.14629783
2013-04-04 09:00:00,26.869820179208773,32.022614,20.397614,18.506318349252915,28.98988,13.291514,1.3352322577840956,3.386799,0.14712077
2013-04-05 09:00:00,25.62569347053403,31.273102,16.810211,27.950769684900784,47.095394,16.232113,3.6784349381792993,7.0440373,1.7681166
2013-04-06 09:00:00,23.989718932023777,29.825836,16.57071,30.142657876925202,57.45412,17.594576,3.0517806324893466,5.426062,0.8510766
2013-04-07 09:00:00,25.093321209647797,29.97818,18.19693,24.73426966719391,39.151695,17.637001,2.7062466650431833,5.3345666,0.8611746
2013-04-08 09:00:00,26.0653828409271,30.375397,19.523834,22.79541498099165,51.83423,7.697112,4.936077573644493,8.640041,2.3515933
2013-04-09 09:00:00,15.874379736900437,21.471344,9.335358,25.788688480522417,34.568733,17.600056,5.64668609161168,7.8755136,1.2835618
2013-04-10 09:00:00,19.68711850175157,24.281647,12.455475,16.86923645599437,23.457651,11.457651,3.9357959813088463,6.8349147,0.17905581
2013-04-11 09:00:00,23.616113507183684,26.21402,18.652985,13.497692345727442,15.186837,10.706368,1.5292442816430825,4.6232743,0.28521425
2013-04-12 09:00:00,26.183438185990212,30.733795,18.975983,17.908675026265406,34.58479,13.823409,0.956166909951127,1.9976953,0.05470853
2013-04-13 09:00:00,27.5861059844151,31.313873,20.515045,16.91763115293743,28.927685,12.824821,2.4476042862996956,5.1058292,0.9202838
2013-04-14 09:00:00,27.975542117516056,32.832916,17.957916,20.32829909134362,49.41136,12.473864,4.133973830663199,8.405702,2.0358853
2013-04-15 09:00:00,26.062962095052683,30.187653,14.890778,28.96791107138814,87.98109,19.746565,5.737996213479495,11.410886,2.3175724
2013-04-16 09:00:00,22.650436842484282,28.14029,12.185211,25.46142727082419,68.59899,14.138253,5.029095111804573,8.38955,1.9665884
2013-04-17 09:00:00,16.86626618586928,22.802887,10.257965,25.630190803499662,28.85434,21.2115,4.460234653625541,5.773964,1.0016738
2013-04-18 09:00:00,17.657658118805728,22.914703,10.69986,13.080885277909085,15.883248,11.080279,3.0597947429302237,5.5251064,1.1058218
2013-04-19 09:00:00,19.972602283011156,23.866852,15.204254,12.056808063940856,13.9532,9.485383,1.5133523352392615,3.9840736,0.090795554
2013-04-20 09:00:00,24.975567443004365,28.146149,20.610992,10.792958234964834,12.574641,9.4691725,1.386261665010284,2.3683436,0.13422637
2013-04-21 09:00:00,28.573288279942403,32.566803,24.004303,13.169504965053548,18.9614,6.618726,0.6384733005552128,1.4765652,0.05009486
2013-04-22 09:00:00,31.11154408396021,35.03067,24.304108,12.149554974177635,15.881283,9.385189,2.07657794950849,4.0381722,0.33605048
2013-04-23 09:00:00,30.958037049449956,34.756012,21.42984,14.427797004467038,28.539455,10.83824,2.090733138316931,4.023356,0.085081846
2013-04-24 09:00:00,24.8489767860205,30.014557,19.608307,9.673690674621623,24.583344,3.0169382,1.9533113402724447,4.518757,0.3512149
2013-04-25 09:00:00,25.951287354015733,31.336334,17.560455,13.943998138889086,73.3445,5.5638676,1.5437464015043978,3.5809422,0.13617718
2013-04-26 09:00:00,26.488476976148718,29.391266,20.967438,18.358114878124148,30.873327,8.415878,2.2253221590644396,4.5158806,1.161847
2013-04-27 09:00:00,29.730104166013234,33.188385,23.01065,11.472513753251315,17.664892,6.012282,0.9097486119653845,2.1879916,0.13957976
2013-04-28 09:00:00,31.714010742155267,36.451324,24.552887,7.6643631270807955,15.462818,4.9126234,1.5659851600596049,2.6579957,0.5158458
2013-04-29 09:00:00,33.338130459352726,37.516754,24.715973,9.915144424773471,16.751757,7.391225,2.005580280252675,3.5797157,0.7375997
2013-04-30 09:00:00,33.973487390778416,39.068268,23.204987,9.141234562066417,17.196419,4.7272105,3.653362039256781,7.0352626,1.486854
2013-05-01 09:00:00,32.3761883658147,37.248444,22.08487,9.989538918215922,45.80297,4.431879,1.5969349535466386,3.3197925,0.08630383
2013-05-02 09:00:00,28.03998105956964,33.5419,21.817291,4.220150832390852,6.949581,2.6409874,4.77445122737883,9.31948,0.9059559
2013-05-03 09:00:00,26.80046279827684,33.56534,21.82071,5.790910919182556,7.072777,4.1850204,2.1636465925747848,5.1908765,0.50383514
2013-05-04 09:00:00,30.403497029088726,33.633453,25.291656,5.4255786662331404,8.827169,3.756857,1.6234481156413796,2.7256072,0.6046049
2013-05-05 09:00:00,29.84041918351113,34.77823,20.608307,11.268677730233527,36.521618,6.7950544,4.012942504000496,6.7817264,1.6159322
2013-05-06 09:00:00,21.841495491696037,29.496246,13.267731,34.9296160113541,90.217995,14.758218,3.2023700617815316,5.1189327,0.9199534
2013-05-07 09:00:00,20.443826729858984,26.849274,11.706696,45.03446436072714,87.89272,26.79116,3.6967704732923914,6.35697,1.295223
2013-05-08 09:00:00,20.630332232498233,24.486237,14.95694,37.978683262534254,77.390564,31.582409,2.4090480257615656,4.97152,0.6333212
2013-05-09 09:00:00,23.721941614533705,27.969147,17.196442,35.00692043454552,72.51118,27.034157,1.4323075896995214,3.4246647,0.21219945
2013-05-10 09:00:00,25.122202922997587,30.788239,19.20816,31.113773749893923,46.981487,20.383707,1.9106802054753729,3.080652,0.5025643
2013-05-11 09:00:00,30.45004080024762,34.76651,22.699615,16.46613275495813,21.203447,10.505051,1.6979137419699781,3.956199,0.5177051
2013-05-12 09:00:00,33.27377218504705,37.372955,25.863678,12.333397593505738,19.513115,9.455905,0.7873424086792865,1.6032085,0.16051069
2013-05-13 09:00:00,35.37190750963504,38.279694,28.525787,11.565741616277327,16.562399,8.983176,1.0614390750836196,2.1777017,0.24272712
2013-05-14 09:00:00,36.144976807897365,40.28116,27.697174,10.227766023120775,12.726883,6.105789,2.479609158076476,4.1548066,0.81874907
2013-05-15 09:00:00,34.41948207536575,40.294586,24.630524,10.048870992498733,24.501675,3.9036293,4.23528051947281,6.897928,1.7921796
2013-05-16 09:00:00,33.39689420889812,37.373688,22.832672,15.664874312169768,39.125786,7.594536,3.8560821634548725,8.355762,1.5347211
2013-05-17 09:00:00,30.447169571043617,36.72525,21.065094,21.08674652911682,62.30347,10.175493,4.418631514971117,8.235332,1.8802032
2013-05-18 09:00:00,27.356390226393955,32.501373,19.77359,31.277223714052905,75.83418,22.804028,3.1006277913884484,6.386584,1.5933201
2013-05-19 09:00:00,29.29706537564988,33.746002,22.677643,16.602180917423517,28.484327,11.272881,2.4326633156003115,4.600347,0.49316108
2013-05-20 09:00:00,30.54868196762368,36.015045,25.290436,11.969970110033806,20.039984,6.9524317,2.8772536543496723,5.073775,0.8424694
2013-05-21 09:00:00,29.17355490962882,33.14029,24.075836,9.4676721502295,21.65852,6.317775,1.017270817948041,2.1385794,0.23859403
2013-05-22 09:00:00,33.12384940610326,36.99942,25.14981,11.948292450523217,29.70446,7.2083654,4.513274295906074,8.640746,1.6005543
2013-05-23 09:00:00,29.910795028092082,37.00528,21.163483,15.07846351553607,62.08303,3.6100922,4.414398843136779,8.284567,2.1104915
2013-05-24 09:00:00,28.1365503132306,34.230865,19.63321,17.20784195387096,64.62922,7.089575,2.7843130797933813,5.0256667,1.4546872
2013-05-25 09:00:00,28.82414355762461,34.791656,21.026031,14.663289415596171,41.87407,7.949546,3.1525147576295316,5.973996,0.649891
2013-05-26 09:00:00,29.685699056814542,35.328766,21.03775,16.328282746525087,48.14562,6.204211,3.7015649246176956,7.571053,1.2843126
2013-05-27 09:00:00,28.997384354454937,34.18106,20.81192,21.363863819774622,46.365784,11.203127,3.080475552226097,6.539779,1.5289896
2013-05-28 09:00:00,30.33352233900132,34.801422,20.983063,19.385267226388887,49.79991,14.46788,3.774732356558742,7.82942,1.8392144
2013-05-29 09:00:00,29.230356055620973,34.91519,22.60733,23.182302118709583,39.50981,12.965603,3.026866714508932,5.927641,0.8042724
2013-05-30 09:00:00,31.49685811602768,36.72159,25.067291,19.523744255793105,30.741856,11.359296,2.3793962963718003,4.916417,0.91248524
2013-05-31 09:00:00,33.96436257723121,37.63492,25.453278,17.171409196197605,31.554104,8.72787,1.476816433028327,3.348845,0.2969788
2013-06-01 09:00:00,35.13146999374351,38.452545,27.246735,9.04978561067929,17.09932,6.0641623,1.7671718160009313,3.6680515,0.3299001
2013-06-02 09:00:00,35.702803304744805,40.86148,28.246246,7.138831528136261,16.97031,4.851309,0.8040741585085959,1.6411561,0.112584725
2013-06-03 09:00:00,36.74919701847409,41.808014,23.78067,13.956218319900456,29.4799,8.4098425,2.9677426793748714,4.8084064,0.95968354
2013-06-04 09:00:00,35.59062003548155,39.777008,24.054352,15.194587346842859,28.167461,8.970089,2.489021379382807,4.153662,0.6916454
2013-06-05 09:00:00,35.19924318306846,39.620514,24.321686,12.269632965641442,22.159542,7.3196545,1.9582980906551977,3.9440324,0.9914993
2013-06-06 09:00:00,36.92087714783645,41.09024,25.193756,13.834457224049144,21.641674,8.515136,1.904069839409107,4.0740857,0.7508998
2013-06-07 09:00:00,38.74942384145885,43.86734,24.64859,9.481672751671404,17.069656,5.3514194,1.5276035384448363,3.4220388,0.15653868
2013-06-08 09:00:00,40.17646158052844,44.91617,25.478668,7.166858896765157,15.275772,3.781372,1.2442756983802221,2.884128,0.19025657
2013-06-09 09:00:00,39.75905774214914,43.59024,23.906647,8.689090997861173,24.589504,2.4316788,2.739355457632197,4.2132134,1.043054
2013-06-10 09:00:00,37.086481325008094,42.38687,24.714996,10.31359538552877,21.294079,3.8526716,3.4411588272962024,5.4224396,1.4768802
2013-06-11 09:00:00,33.241175281325866,40.98477,28.001862,14.146066696714684,25.128698,7.812786,2.952334420171284,4.969025,1.4363678
2013-06-12 09:00:00,35.93422281466201,41.016754,25.84488,12.465958175225213,17.506365,9.652618,2.1772492927311076,4.3494616,0.28279036
2013-06-13 09:00:00,35.89110568188124,42.38199,24.235504,13.976852930319653,24.783356,9.002118,3.776701605823022,7.028345,1.5456371
2013-06-14 09:00:00,35.615036178530545,41.15616,24.974518,7.64948830858403,19.331131,2.498143,2.195645262324302,4.3249764,0.7094884
2013-06-15 09:00:00,34.93223427946742,40.70401,24.907135,7.896779444932602,18.23945,4.1051006,2.2227927777124736,4.31983,0.06509169
2013-06-16 09:00:00,34.75657157693206,40.302155,24.477936,7.720286811353313,16.41122,1.6134515,2.7328198928228145,5.2418303,1.0593137
2013-06-17 09:00:00,35.10195159651607,40.46231,25.214264,8.096208933955348,17.143446,4.55809,2.1640219680425328,4.4917088,0.8704912
2013-06-18 09:00:00,35.80453119867627,41.053864,25.61441,9.306985256759855,23.353817,5.7264147,2.889872704286288,6.218137,0.72153556
2013-06-19 09:00:00,35.140620987156865,40.787262,24.621246,10.114773237337408,28.045403,4.373602,3.8198232044446283,7.3179975,1.594207
2013-06-20 09:00:00,32.48791370288603,38.735504,24.255035,8.629848837875016,25.085873,1.2332335,2.7774109762071344,5.3686643,1.3666964
2013-06-21 09:00:00,33.13765728166925,39.045807,25.371979,11.515728846131898,35.52602,6.8928604,2.5884817776017464,5.261357,0.631454
2013-06-22 09:00:00,33.79053290684055,39.803864,25.180817,13.275433875421891,36.842194,8.841827,2.3045524191028988,4.737006,1.1273772
2013-06-23 09:00:00,34.51005973789228,39.839752,25.328033,13.02499845563944,38.99745,7.9154215,2.5285804483546173,5.384119,0.6801919
2013-06-24 09:00:00,33.561842496170925,39.447906,22.79361,19.97807493682517,54.58264,12.570924,4.7403874858415085,9.206255,1.692781
2013-06-25 09:00:00,29.790975608194003,36.490143,22.427643,35.99164158403298,61.788956,14.7680855,3.40251966631669,7.397014,1.2001466
2013-06-26 09:00:00,34.487554575017725,39.271393,27.532623,32.14283640527875,40.12761,26.546856,2.6337988118344975,5.629694,0.041246567
2013-06-27 09:00:00,37.62383202631344,41.503326,29.631012,25.971020539728535,30.512367,15.723517,2.062459059353657,4.0639014,0.07561514
2013-06-28 09:00:00,39.48131672020298,43.372955,30.57022,20.101371637343473,25.95686,15.00764,1.621132176321624,3.7447798,0.6243464
2013-06-29 09:00:00,42.49151308602785,47.521637,32.26187,8.618947265719509,13.726856,5.981222,2.0374642069433575,3.8997731,0.31338856
2013-06-30 09:00:00,43.03371575989212,47.900543,33.734528,10.162782096727732,13.727369,7.860182,2.011340844612702,3.3747973,0.5690301
2013-07-01 09:00:00,41.1315776938186,45.280426,30.649567,9.986889700877324,22.631065,7.283409,2.5374604566793866,4.231855,1.0757902
2013-07-02 09:00:00,39.771673253896495,44.831696,29.995758,14.741342713432804,35.145706,6.7550793,2.630765695818922,4.7874985,0.52389085
2013-07-03 09:00:00,39.73186395928997,43.914215,27.06778,17.01431404995566,34.6285,10.467871,3.216514828861449,6.5934653,1.1349843
2013-07-04 09:00:00,40.3494989551196,45.324127,28.98819,16.691550132812882,32.867268,11.265741,2.904999601157314,6.0530615,1.0524528
2013-07-05 09:00:00,41.31470902542975,44.808258,29.081696,15.616195917312902,26.762638,10.250918,3.3022346587558005,5.6968646,1.3408192
2013-07-06 09:00:00,40.017624214858415,44.892242,27.542633,18.794492895630366,28.000551,12.426332,2.898457147996072,5.015373,1.0890487
2013-07-07 09:00:00,37.429843476771566,42.5856,28.030914,15.6095431968021,23.95367,9.133359,2.25585486667243,4.157733,0.7930884
2013-07-08 09:00:00,39.42192253311538,45.0607,29.588043,12.520239362177497,15.53767,10.173075,2.4683789441263624,4.4800735,1.1650896
2013-07-09 09:00:00,39.8122292643165,45.583405,31.722076,11.046300230895595,14.097609,7.943701,2.241174915072073,4.070362,0.7021354
2013-07-10 09:00:00,39.731017158238444,42.879303,28.707428,11.481080983502554,20.34983,6.3111744,2.6814924541103196,5.0196986,0.9030945
2013-07-11 09:00:00,36.8186728009897,41.35855,26.184723,22.439956620688225,36.415974,13.544881,2.9958895109205885,4.9670396,1.1899093
2013-07-12 09:00:00,31.264148370273062,37.047028,25.52359,41.51089824531214,60.497997,25.638622,1.4389188088344966,3.4631958,0.21217133
2013-07-13 09:00:00,34.31687399899067,38.04776,26.209381,22.137960305134026,37.05656,8.517847,2.0224000648973117,4.384751,0.51229334
2013-07-14 09:00:00,37.03755157827317,41.436676,27.913239,17.18957662183927,29.41101,11.020995,1.7237828529125503,3.079221,0.46284533
2013-07-15 09:00:00,38.414655849652206,43.544098,28.608551,18.52916062305085,31.083004,12.328708,2.1286381215140047,4.2429132,0.63499826
2013-07-16 09:00:00,37.50004925013775,42.09195,28.410309,15.526840435907388,25.177168,3.5543346,2.8324380973540126,5.4017215,1.1198357
2013-07-17 09:00:00,37.12427077399093,41.755524,28.82022,12.447088072636799,27.763893,6.1154547,2.5281128531839148,4.83217,0.95895505
2013-07-18 09:00:00,37.267666572384314,41.420563,29.760406,8.934838502902217,21.183262,5.077793,1.6797190967482043,3.5184298,0.5555585
2013-07-19 09:00:00,39.26995683154712,43.737457,29.210114,10.248736391552383,18.208134,4.159129,1.8663415371211904,4.193795,0.09709409
2013-07-20 09:00:00,38.86682800981572,43.085358,28.214264,18.97741551990137,43.335335,6.0868864,2.303316428165505,4.4049315,0.32230446
2013-07-21 09:00:00,33.66653291227453,38.668365,24.906647,51.075168476201036,73.02443,19.645847,2.034519760670021,3.4031086,0.59921616
2013-07-22 09:00:00,29.968453007525625,33.622955,25.224518,66.33596327860381,78.65727,39.93087,2.0706139344708414,3.5492215,1.0825876
2013-07-23 09:00:00,33.02778394802448,37.840973,24.331207,46.533883272329234,66.076065,31.057072,1.6104633101680428,2.8106215,0.724875
2013-07-24 09:00:00,34.1466727476203,39.472076,26.152008,34.533851376398985,49.984806,26.573277,2.025400295041355,4.2622023,0.65315783
2013-07-25 09:00:00,37.81455703637852,43.28067,26.731842,20.681621619029855,31.130709,15.879252,2.4749670883243335,4.1690755,1.0501696
2013-07-26 09:00:00,38.205992050918155,42.004547,27.53775,23.092976272622895,42.58103,16.898108,2.6265372585925926,4.230238,0.93979526
2013-07-27 09:00:00,33.9547932099062,39.142242,24.362946,42.0050234456705,56.24851,32.59394,1.1275910445962185,2.962658,0.16454077
2013-07-28 09:00:00,34.48881010941312,39.965973,25.542145,33.68694460279041,49.612682,25.772839,1.2982110568023342,3.5009153,0.058687788
2013-07-29 09:00:00,34.74332760401404,41.438385,25.33487,29.675716739077117,52.190323,9.857576,1.586691273205779,3.8877048,0.12457002
2013-07-30 09:00:00,36.82794619776769,42.099274,26.708649,16.29097609964633,22.315393,11.123988,2.3373308891905493,4.0174713,0.69011503
2013-07-31 09:00:00,36.694771321127234,41.826813,26.692047,25.999349799922573,37.46192,15.257238,2.347304031909699,3.8600361,0.81443775
2013-08-01 09:00:00,37.42451300497936,42.262115,25.338287,15.3256996398603,27.413021,8.443465,2.7181765727112284,4.780923,0.9531991
2013-08-02 09:00:00,36.735307322129074,42.577057,25.375885,10.710873752516292,25.355907,5.49889,2.6758961528611325,4.9961696,0.44235906
2013-08-03 09:00:00,35.88584367931554,41.628326,25.893951,11.157375995918237,21.626888,5.816469,2.3556712378530356,4.2632546,0.3260027
2013-08-04 09:00:00,36.34398416833233,41.941803,26.72696,12.17091893512739,21.72464,5.68032,1.9487726671708592,3.7708838,0.41031966
2013-08-05 09:00:00,37.22531536334651,41.896637,26.964996,10.507928353530966,14.978312,4.915412,2.3557834416058574,4.011357,0.53971666
2013-08-06 09:00:00,36.64268973614355,39.892242,27.669586,10.083247084241151,29.784826,5.860548,2.6707098082834184,4.828325,0.42495716
2013-08-07 09:00:00,36.173957163009504,39.622467,25.735748,12.6477268269949,29.351807,7.9129705,3.04713400454036,5.956205,0.9101458
2013-08-08 09:00:00,34.665778704800346,40.12149,26.324615,11.043374244749847,18.60513,7.976224,2.977787550226936,6.401126,0.83710784
2013-08-09 09:00:00,34.36884755105268,40.892487,25.765533,12.685593454615057,22.620724,8.591061,2.3410154355835515,4.479438,0.92452955
2013-08-10 09:00:00,34.134157776313145,40.933014,25.145905,12.869411411548931,21.6059,9.737085,2.0971394772126994,3.662466,0.8137482
2013-08-11 09:00:00,34.491748600136475,40.23941,24.827301,14.296661993189705,19.930325,7.324855,1.8372380049506103,3.329734,0.2466391
2013-08-12 09:00:00,35.23417068576407,40.08072,26.596344,13.059051304472685,21.215195,8.893586,1.4091732004137305,3.073209,0.19494969
2013-08-13 09:00:00,36.515709415508695,41.5231,27.394196,10.668347412140129,18.224329,6.801592,1.3016674310553717,2.7407763,0.09788748
2013-08-14 09:00:00,37.089678042880564,41.17105,29.538239,10.226258364764245,14.575417,7.518401,1.2922157123617761,2.8383052,0.16574146
2013-08-15 09:00:00,37.54955547501072,42.023834,29.363678,10.606897654746929,16.645395,7.1258636,1.334510470051472,2.6865318,0.27201587
2013-08-16 09:00:00,38.61846558645925,43.52066,30.124176,20.042311764137885,30.027695,12.152695,1.7028957615248477,3.2057548,0.5823733
2013-08-17 09:00:00,39.407325408602276,44.71939,29.871735,21.179806598703273,31.487587,15.996069,2.2290667503878763,4.381916,0.6457995
2013-08-18 09:00:00,38.92644485041984,43.728912,30.082428,20.019734868026507,28.66631,15.073019,1.7013918845336007,2.6348047,0.82094246
2013-08-19 09:00:00,35.29311622421346,40.85196,26.81485,41.86567213554258,58.344563,22.842321,1.3073582544500075,2.7416718,0.10660219
2013-08-20 09:00:00,35.449767953435014,42.132477,27.335358,28.34975996723557,43.195805,17.575823,1.382885694307342,2.7814114,0.45688602
2013-08-21 09:00:00,36.78467504858406,42.85367,29.050934,18.157954412105294,28.513968,12.243912,1.7180040258054112,3.4997876,0.52565527
2013-08-22 09:00:00,37.72162990056813,42.341705,29.880768,15.550545753964515,23.691048,10.624642,1.8650576725649606,3.6577811,0.6847332
2013-08-23 09:00:00,36.28453287889971,40.50064,27.044342,22.715648212758573,41.482265,13.279645,2.0117239493660226,3.731674,0.9187643
2013-08-24 09:00:00,34.05915974878826,38.5795,28.171295,22.573220685778903,44.719173,7.672758,2.551017030071229,3.7141879,1.1571074
2013-08-25 09:00:00,31.4127697757188,36.010406,25.47525,40.77270459953807,65.32772,5.7312317,2.7200889065889924,4.577904,0.8577248
2013-08-26 09:00:00,26.69908335721385,33.438385,20.44815,58.7013659526537,84.98213,14.20124,2.340945600378338,4.4641013,0.3976782
2013-08-27 09:00:00,28.02432652692454,33.0065,22.12735,51.97707916646317,61.861965,41.22675,1.718581275517152,3.9480932,0.23853187
2013-08-28 09:00:00,32.82195085594924,36.459625,25.993317,37.29825335860877,53.091988,26.129314,1.267145847253923,2.1211205,0.19650324
2013-08-29 09:00:00,34.44945557819557,38.354645,26.928864,26.312640316829995,40.58734,16.798447,1.689462989294872,2.7458103,0.6887014
2013-08-30 09:00:00,34.107414375991084,38.35269,26.284332,44.08751137911771,79.784004,20.211452,2.2038592949425553,4.08529,0.65560216
2013-08-31 09:00:00,32.87426008792454,37.386383,26.116364,48.7310472553956,66.912155,30.838896,1.9952056277821835,4.1179824,1.0564474
2013-09-01 09:00:00,33.02005141197219,38.504303,26.109528,47.41545395539917,72.57355,26.052471,1.8714771893235977,5.0309086,0.13489163
2013-09-02 09:00:00,34.304526896042944,39.877594,27.006744,35.25702255349762,43.74882,23.514738,1.6370506060991437,4.2033663,0.113188855
2013-09-03 09:00:00,34.48222549011291,39.2045,25.499908,29.160350242929614,42.627167,19.881073,1.6274388742713328,3.4613287,0.6830453
2013-09-04 09:00:00,34.527702033901335,41.531647,26.939606,25.286893563978538,38.021587,12.203392,1.574317926107512,3.22181,0.30642202
2013-09-05 09:00:00,33.50890926055075,37.012604,26.663483,30.61354530434548,45.227222,19.856129,1.850711569160866,3.132046,0.54910356
2013-09-06 09:00:00,36.09241478750113,42.340485,26.364899,23.2149566829457,33.039307,18.015127,1.5383171747040625,3.2806098,0.32466754
2013-09-07 09:00:00,35.794471993271884,40.37613,25.837067,45.31759898864637,60.979557,24.477587,1.8522657146406176,4.151035,0.38884565
2013-09-08 09:00:00,31.02708786387376,35.52115,23.391754,42.4720918268682,56.88497,19.175365,1.712359452190189,2.9317048,0.51607746
2013-09-09 09:00:00,30.945861905173444,35.504303,24.3544,38.296958657699975,50.692238,21.868021,1.2780299356339127,3.6630049,0.16798764
2013-09-10 09:00:00,30.051390529651655,34.500885,24.670807,41.80803840201014,72.05858,18.56639,1.624460154342622,2.7037117,0.27321872
2013-09-11 09:00:00,29.602407115039853,32.687653,23.030182,36.49907177613894,58.790154,20.942495,1.5712948688157515,3.963604,0.29821515
2013-09-12 09:00:00,31.648428164994414,35.949615,23.219147,33.071362082545754,64.87109,16.579008,1.3687397070370897,3.0210738,0.3317361
2013-09-13 09:00:00,32.875971474897085,37.462067,25.887604,23.61136496678782,51.05002,15.836657,1.2497717461983808,2.8633194,0.16989583
2013-09-14 09:00:00,35.224609673601094,40.1857,28.015778,20.741955930364025,32.959534,15.643126,0.832739718919305,1.7853853,0.22203006
2013-09-15 09:00:00,35.773881162109774,40.039703,28.424469,19.20638679167103,28.898893,12.130238,1.0538657736922095,1.9258316,0.24303417
2013-09-16 09:00:00,36.70819830495134,41.390045,28.59903,20.631018794998422,28.099651,16.316528,1.376395489168161,2.3387632,0.6013996
2013-09-17 09:00:00,36.23476886033268,41.5336,28.65274,17.977656025053772,24.02045,8.962699,2.468479919023964,4.4805107,0.9991856
2013-09-18 09:00:00,34.367308003251935,41.435944,25.330475,12.451745906887655,25.803371,4.998685,2.4206363948602427,4.687292,1.067156
2013-09-19 09:00:00,31.96570100838312,37.869293,25.129059,11.778480052558349,17.315926,8.771719,1.4988321523189172,2.2238002,0.33470416
2013-09-20 09:00:00,33.13094121259542,38.224518,25.935455,12.567088436705147,17.803394,8.897145,0.769619559916411,1.6167357,0.06203305
2013-09-21 09:00:00,33.269478423773194,38.666412,23.146881,17.12879804159984,33.019997,10.033075,3.0161199047927245,5.4050665,0.9958134
2013-09-22 09:00:00,29.977386401502088,37.22159,20.733307,20.86453466694379,59.0945,9.028094,3.89150423590154,6.443006,1.5227017
2013-09-23 09:00:00,25.548217399042983,30.702301,21.099274,20.917925700456607,25.29982,14.198257,1.8172253891050907,3.1460328,0.4351438
2013-09-24 09:00:00,30.617023233000907,35.208405,25.401764,17.099444317235307,20.430174,11.711775,0.7388075808693171,1.5931015,0.1299334
2013-09-25 09:00:00,32.2264285777801,36.340485,25.721344,15.3418038175081,22.906567,10.77971,4.134766400478088,8.148931,1.5221568
2013-09-26 09:00:00,27.558523747608774,34.424225,19.803131,20.656898706991797,58.620907,8.497362,4.13273765017366,7.604898,1.8126023
2013-09-27 09:00:00,20.9901247991923,26.74356,14.284576,22.156132683165918,29.485603,17.27076,3.056708789636638,4.9247656,0.3797244
2013-09-28 09:00:00,23.268971658092084,27.684479,18.37735,18.456079690354855,21.913332,11.088901,1.897968309106639,3.408837,0.57400674
2013-09-29 09:00:00,26.976381219409177,31.772614,22.217438,12.746693479719388,14.617966,10.653122,0.579165014715104,1.2294478,0.13802789
2013-09-30 09:00:00,29.903636236140414,33.311188,24.885406,11.98640457834333,16.22813,9.349223,1.8949293753833285,4.660135,0.68148905
2013-10-01 09:00:00,30.333513959719483,34.786285,25.794098,14.865988125058692,24.797405,10.117717,1.7517891304603102,3.3517106,0.52718866
2013-10-02 09:00:00,30.431226531185473,34.625153,24.488434,20.934598195621472,31.423086,12.441743,2.7781353453470157,5.411144,0.97572815
2013-10-03 09:00:00,29.041927988927853,34.088776,21.758698,25.175841226792507,52.327976,18.81399,3.3388272297659003,7.2448897,0.6790895
2013-10-04 09:00:00,26.083512218638077,32.10977,19.176178,11.928791502604264,15.294176,7.575426,3.857157485058641,6.52525,0.8507995
2013-10-05 09:00:00,21.56629861290469,27.054108,15.626862,14.984609979005967,21.576555,10.368841,4.439926027639577,8.91488,2.2276285
2013-10-06 09:00:00,24.224504114546676,29.450104,19.815582,11.722977526118504,15.573137,6.9051685,2.980478840548803,6.2928624,1.1979785
2013-10-07 09:00:00,27.506399450059746,31.692047,22.434235,8.777470630542847,10.821549,5.360612,0.8498425246478452,2.241211,0.077347055
2013-10-08 09:00:00,27.140335575175413,32.02945,21.89859,10.639416443070015,14.716024,7.7175226,1.8505345965584759,3.9863226,0.55741715
2013-10-09 09:00:00,26.286148643096112,31.411041,18.51065,19.120833241254143,59.18719,11.753598,3.722882107577496,7.7052135,0.70239115
2013-10-10 09:00:00,15.198015820971023,22.38858,11.500885,54.83371910654599,83.25898,42.359093,2.7014166571013165,4.512159,0.2955807
2013-10-11 09:00:00,19.137307291695777,21.900543,14.955231,41.42450903997365,51.765175,30.965477,0.8486850948070647,1.7702551,0.040959045
2013-10-12 09:00:00,22.668472964710475,26.891754,17.548004,32.14646694864818,42.342255,24.086323,0.6316073401277729,1.2790102,0.1214388
2013-10-13 09:00:00,24.3436871969771,28.665436,18.683014,27.19919336554859,45.796078,20.11639,2.8483394695463127,5.601877,1.4460174
2013-10-14 09:00:00,22.686785846277246,28.662262,15.765778,23.6187722050928,28.332973,17.217875,1.945002727118157,3.371763,0.35948703
2013-10-15 09:00:00,22.49734234856902,27.727936,16.183014,23.128689249664514,30.82882,17.295246,2.5856669755291546,5.1373167,1.1706007
2013-10-16 09:00:00,22.849203168417603,27.45523,17.222809,20.929979687025067,23.09684,15.151361,2.9678334826397714,5.900071,1.4055811
2013-10-17 09:00:00,22.59659489005054,27.517242,17.749664,15.342464826139862,18.987053,10.713616,1.1679614194157764,3.1195064,0.108415164
2013-10-18 09:00:00,24.46480230366666,28.168121,19.507965,12.300020720365334,16.160187,9.286521,1.2948021179089693,2.927821,0.09987655
2013-10-19 09:00:00,25.513720563969628,30.464264,19.220123,13.673378157701222,18.196823,8.044434,1.852934173536247,5.118272,0.21550715
2013-10-20 09:00:00,27.064906055185133,31.821198,21.383698,10.527574020815901,13.371207,6.840025,1.241433111118435,2.571574,0.25195006
2013-10-21 09:00:00,27.327125702075932,31.376373,21.419342,9.439620722146778,11.886157,6.3264685,1.0884670206549039,2.6283808,0.078959994
2013-10-22 09:00:00,27.44319339557427,32.023346,20.890533,12.840676456174434,15.996442,9.142214,1.4763649262642942,3.855459,0.1439959
2013-10-23 09:00:00,27.253545431626435,32.16519,20.321442,15.302510884834224,16.902878,13.668504,1.3231049766758454,2.640127,0.19115968
2013-10-24 09:00:00,26.57157247473657,31.952057,19.434479,16.084377519543423,20.698542,13.4194,0.8286162670897704,2.2372272,0.07934284
2013-10-25 09:00:00,26.565672681279466,31.13028,19.851227,13.893787942246007,17.212969,8.916094,1.2130178595300392,2.231658,0.19629428
2013-10-26 09:00:00,27.315759873203774,32.106842,20.239655,13.501032578566198,20.11195,10.0081,1.0911693061758883,2.9981215,0.07504521
2013-10-27 09:00:00,27.63862645602279,32.688873,19.700592,16.556155148339894,21.239145,11.711557,0.7650017931553982,1.9780421,0.057384577
2013-10-28 09:00:00,26.291540495794322,31.247467,18.268951,16.66968789362166,30.205143,12.459049,5.4978408632547975,9.150008,2.8589919
2013-10-29 09:00:00,16.45653552237991,23.30362,8.527496,46.958490425340834,80.78544,32.24247,3.5254222005555333,6.3729644,1.1759204
2013-10-30 09:00:00,16.095655124581754,20.597076,10.408844,43.701125332014655,50.453487,31.93005,1.7266341599557171,3.3478196,0.07822193
2013-10-31 09:00:00,17.378343645939765,22.033112,13.82901,28.488762367035584,36.141644,17.27055,1.3637268178638688,2.665728,0.27176467
2013-11-01 09:00:00,20.335446706525317,24.81778,16.384674,22.211326057634697,26.929512,16.261543,1.822187005411376,4.2747803,0.21593723
2013-11-02 09:00:00,22.992835839930763,27.113678,17.553131,18.920507000586554,23.23375,14.366569,1.5295374706382778,3.800013,0.19748586
2013-11-03 09:00:00,23.15238047046904,27.922028,17.472809,19.99830974457793,25.601822,14.949677,1.6621124110958598,4.083867,0.035310972
2013-11-04 09:00:00,21.47844958994807,26.580475,15.984772,29.909406537049104,69.49793,22.409843,1.472235341063525,2.8757799,0.40635872
2013-11-05 09:00:00,17.84372924280416,24.282135,11.344635,24.683333912138064,29.959213,12.125574,3.9398825142412774,7.6408486,0.56085116
2013-11-06 09:00:00,16.187391176166557,21.350983,12.399811,11.970624764017307,18.351036,7.312682,2.5492184929265793,6.3986206,0.6941607
2013-11-07 09:00:00,19.95834657899195,24.873688,16.442047,12.467853325522238,18.086056,6.466837,1.9663689644657885,4.7740498,0.31944144
2013-11-08 09:00:00,22.02793270191654,27.060455,17.549225,11.21042280458778,17.764622,7.531185,0.6773273636050468,1.8249984,0.042023048
2013-11-09 09:00:00,22.888806296897428,27.374908,18.130768,11.372907446073881,17.671688,6.4818277,0.7775791412093623,1.5347788,0.13367589
2013-11-10 09:00:00,22.974604157188764,27.549469,17.672516,12.652200157529993,26.042412,3.6361609,0.8219586608496273,1.7467765,0.049417254
2013-11-11 09:00:00,22.663525672291655,27.896149,17.41446,17.19410589201593,28.462652,9.603277,1.4317600640020602,3.2037318,0.1116705
2013-11-12 09:00:00,24.687480238522767,30.734833,19.03366,14.183262032365857,18.317982,10.720326,1.9309298963612838,5.1599393,0.40213907
2013-11-13 09:00:00,22.624460752191624,29.207672,18.994293,12.654331944621376,20.461357,9.565254,1.1955383045204853,2.7471852,0.0844316
2013-11-14 09:00:00,25.438465406822218,30.002838,19.407135,14.976033762058028,18.897972,12.235895,1.1802847619769619,2.8582585,0.10658493
2013-11-15 09:00:00,24.034901645964965,27.650055,19.028961,17.54260545262365,22.082787,13.926537,2.2232345579763404,4.6079817,0.34418818
2013-11-16 09:00:00,20.26885959453773,26.440582,12.102692,32.46005718240072,79.56565,18.35081,1.9744388318146293,4.10084,0.25768766
2013-11-17 09:00:00,17.795532178684937,21.81778,11.980621,49.36322407079085,78.70502,36.70945,1.460426590697499,2.8337147,0.18567184
2013-11-18 09:00:00,17.467865520487237,22.249908,12.312408,58.494231602560575,68.192726,45.39585,0.9512644177381911,2.2380419,0.072006315
2013-11-19 09:00:00,18.421955811693806,24.339508,13.851959,50.11975315798908,63.8842,37.55098,1.3164573831356199,3.2074606,0.16480431
2013-11-20 09:00:00,17.13992597813069,22.656403,12.095856,54.55404617264824,88.31506,42.705685,1.5647197913122495,4.4347806,0.27680886
2013-11-21 09:00:00,18.411083634077443,22.824982,10.824982,55.70297602197698,94.37383,43.104298,1.9920452864615088,5.0643287,0.24867372
2013-11-22 09:00:00,13.241538164201643,20.481293,7.311371,77.31476899289115,91.002174,62.674053,2.586058827455577,5.062356,0.18584695
2013-11-23 09:00:00,7.902003245363574,13.591095,3.3995361,86.9323635461158,98.09637,62.117256,2.3963526520071854,4.895538,1.0040518
2013-11-24 09:00:00,9.842223705381855,14.683472,5.0288086,78.83679085133723,87.96169,59.274193,1.7203195779850249,3.6957586,0.27909505
2013-11-25 09:00:00,12.815827303976903,16.304901,7.5377502,35.72172025045063,51.4184,25.734806,1.4056825944002067,3.1729345,0.1704097
2013-11-26 09:00:00,15.573076493113831,18.627594,11.76236,22.65814871131189,30.242577,16.828152,1.5330759767431834,4.777562,0.059252657
2013-11-27 09:00:00,15.69701443913084,20.071442,10.680817,31.266298959879837,43.50875,23.178425,1.7968966993061173,4.322587,0.044852313
2013-11-28 09:00:00,15.714817054214734,20.209381,10.0336,43.5142065974741,57.129574,30.590511,1.7525759393636877,4.4750423,0.16969419
2013-11-29 09:00:00,15.586141519405942,22.564392,9.73822,49.531831240341006,57.416245,38.922203,1.5055449861438523,3.4490035,0.21131943
2013-11-30 09:00:00,14.761323785691502,19.88742,10.153961,42.75325989294751,57.255627,34.804375,1.5914178115329762,4.1622214,0.19365302
2013-12-01 09:00:00,16.503666382636027,19.9628,11.851471,27.05791493975403,33.55842,16.780575,1.7561985606540451,4.965369,0.1275668
2013-12-02 09:00:00,17.48525193771428,21.832916,13.982086,18.253855650108786,32.55107,10.957709,1.2737412745905616,3.224869,0.2040066
2013-12-03 09:00:00,17.552989001499952,20.725494,14.387604,16.466781911581435,32.342262,10.103983,2.9220052085092196,6.6996036,0.36945894
2013-12-04 09:00:00,17.312431086770687,21.806519,10.818237,42.38774557937721,67.928024,20.553024,2.608214328818536,4.315616,0.7675753
2013-12-05 09:00:00,7.109679993164775,13.040009,2.2157898,31.398101402799835,59.08792,19.285686,1.83160790286721,4.099523,0.4211179
2013-12-06 09:00:00,6.109012868087689,12.013123,1.5440369,36.0695878078791,54.803146,22.946293,0.8723290900788592,2.2670603,0.08682299
2013-12-07 09:00:00,7.837298903323642,12.342224,3.0082397,47.86001208266172,75.34992,23.15228,3.1070387810875006,6.4452705,1.0063128
2013-12-08 09:00:00,8.278114154485252,15.141846,1.7668457,35.911922164099074,74.95791,21.047756,2.375678715003992,4.354704,0.10135885
2013-12-09 09:00:00,5.041826249771077,11.208527,0.38235474,18.60199156755761,28.595457,6.3591094,2.705514339779848,5.7521915,1.0045308
2013-12-10 09:00:00,5.494020504000105,11.233307,1.7079163,11.906981747114093,17.674576,5.3065414,2.9854626982027446,7.820024,0.75932705
2013-12-11 09:00:00,8.436168252121377,14.540283,4.966339,13.190771775207386,19.278053,5.882024,2.1686617811936926,5.989957,0.21833119
2013-12-12 09:00:00,11.61584687999283,17.30777,7.162201,13.735930030782676,22.695652,7.9222145,2.182951036321019,6.1306934,0.11698506
2013-12-13 09:00:00,12.14437244800564,17.026825,8.335419,17.356971649381425,26.328629,10.866446,1.4100771217266899,2.7427547,0.1331528
2013-12-14 09:00:00,13.924441713014232,17.74997,9.223663,17.540113009095517,27.429802,12.74607,2.397559297329694,6.1331673,0.222347
2013-12-15 09:00:00,14.629094895042044,20.11499,10.031006,16.23740868659941,21.155449,9.218468,2.550982894857801,7.0414596,0.28355342
2013-12-16 09:00:00,16.594450487072777,23.16269,12.481903,13.600332196922912,17.153873,10.465858,2.1921152298550495,6.2490897,0.17168713
2013-12-17 09:00:00,18.443557222289257,24.77127,14.365021,12.326855641277518,15.94979,9.677747,2.0894807159075324,5.9793024,0.08122598
2013-12-18 09:00:00,18.735435832459075,24.68924,14.585724,11.61576850980116,14.714904,9.273498,1.3817592565169046,3.9841528,0.12132421
2013-12-19 09:00:00,15.735920617015722,21.014923,12.573517,21.15393802849735,31.558994,17.348057,2.2707180640579225,5.3628936,0.22329332
2013-12-20 09:00:00,11.646243496749662,17.103912,4.577179,45.284672629949604,54.39953,26.641718,2.5906365054545737,3.936019,0.9992991
2013-12-21 09:00:00,12.25237669482516,17.502808,8.149139,21.474572839847276,29.922207,11.741057,2.173129857659621,4.082733,0.14227642
2013-12-22 09:00:00,15.644469122817839,18.477905,10.116577,36.2470668832867,45.775177,25.848837,1.449321354497974,3.05742,0.13789405
2013-12-23 09:00:00,15.279921132582388,19.07309,10.061737,35.00520668265104,43.96403,24.452312,1.6039831218938794,4.181119,0.16372107
2013-12-24 09:00:00,16.622613001639877,20.508942,12.665192,29.207377419681766,36.996445,17.759289,1.697201495005684,4.601699,0.22873776
2013-12-25 09:00:00,18.653724910238566,22.92221,14.668304,15.13172309858376,27.83686,3.1119728,2.6506830525529943,7.448732,0.12747732
2013-12-26 09:00:00,17.054247975649275,22.306244,11.855072,10.369392710361138,15.572319,5.794221,2.4153655473440008,6.734729,0.27728903
2013-12-27 09:00:00,17.4130429362055,22.884308,13.493317,6.269273322120153,9.147203,4.4690485,2.088707693806409,6.2526045,0.27026528
2013-12-28 09:00:00,18.727653248656964,23.705353,13.804962,11.972831220476458,15.920965,8.427835,0.8465145780332793,2.1793966,0.08114282
2013-12-29 09:00:00,17.21715485596212,20.054047,12.960297,14.446338077594092,20.912355,8.939628,2.5089956387788437,5.712513,0.64298505
2013-12-30 09:00:00,14.887680320531047,20.52835,10.249725,10.364194817538337,16.622993,3.693307,2.04267801016417,5.3873987,0.26546466
2013-12-31 09:00:00,15.938577859474208,20.656952,12.98703,10.508337197413388,17.914726,6.5795326,1.1489289634449389,3.0726047,0.029371608
2014-01-01 09:00:00,15.926070599257116,19.7341,13.491913,12.172257873138479,17.136736,8.635782,1.5113500027928464,3.8809621,0.13842823
2014-01-02 09:00:00,17.99010137322398,22.498077,13.6562805,22.30236022692795,28.649067,14.399068,1.8690992078886968,5.1276875,0.21960068
2014-01-03 09:00:00,18.198982047772233,22.976044,13.909637,21.703107516653002,27.679024,17.745087,1.174698701147732,3.2522466,0.11755599
2014-01-04 09:00:00,17.080821846306605,21.600128,13.254425,23.563670377586902,31.07866,19.471573,0.9244729493881234,1.8726212,0.2693871
2014-01-05 09:00:00,17.96052258968058,20.70514,13.570374,15.046098722403359,28.627735,1.1811541,2.2565557507126845,5.984139,0.49798962
2014-01-06 09:00:00,14.603530254210966,21.916718,9.160858,10.525319493316848,16.603615,5.947364,2.6361326372118095,7.3697796,0.39260954
2014-01-07 09:00:00,14.683020256841758,21.562286,10.353302,9.867853615633937,15.884808,6.8899384,1.4579791777857505,3.9105277,0.23599143
2014-01-08 09:00:00,14.471393851007122,18.342896,11.3428955,14.512458907254912,23.646421,10.091268,1.2246577436831403,2.501491,0.16118933
2014-01-09 09:00:00,15.79513162246468,19.181854,12.812714,18.104769173669396,22.757195,12.87535,0.9368286961278053,1.918701,0.21530685
2014-01-10 09:00:00,15.259928644218292,18.83432,12.480804,20.99073568618985,26.17464,16.813065,1.607000453329407,3.3454278,0.06745176
2014-01-11 09:00:00,18.70710095538817,21.499664,16.148102,25.03509133401921,30.046642,17.984142,0.8678259534981734,1.7340833,0.15624747
2014-01-12 09:00:00,19.229081580232616,21.393951,14.923248,21.421767617718366,30.547623,9.2245455,1.7700353025544344,5.0051055,0.20464286
2014-01-13 09:00:00,16.17148996670994,21.301178,11.229889,15.69632636276142,21.862648,9.522804,2.8460603548187455,6.315178,1.0559697
2014-01-14 09:00:00,17.32058469122012,23.08316,13.650116,13.910465676578436,19.42802,8.093086,2.5580705854226804,5.7665596,0.40166107
2014-01-15 09:00:00,19.443463492016406,24.475983,15.053406,11.757532532346126,16.130299,7.7240486,2.7680682984690788,7.608994,0.20061038
2014-01-16 09:00:00,20.32521551962907,26.09317,15.40567,8.910100890191202,13.174573,4.9204006,2.5302582632728887,6.5885787,0.36497885
2014-01-17 09:00:00,20.64425994859323,25.711823,14.9930725,8.668759918241271,11.918029,5.4609976,2.529650429371132,6.7845764,0.51775974
2014-01-18 09:00:00,20.854375589992685,26.347443,16.20877,7.484901729243526,9.141141,5.4687853,1.8355096247765175,4.901041,0.30008283
2014-01-19 09:00:00,20.451470084128346,25.091461,15.601227,9.351738331534118,11.524889,6.399396,1.642246957776258,4.5301085,0.16300383
2014-01-20 09:00:00,19.163153012573787,23.48056,15.345795,10.88287781990324,14.766221,8.551593,1.1981391206847682,3.1887076,0.103865825
2014-01-21 09:00:00,19.84030710638507,24.84439,15.217438,9.380127187827858,13.014211,6.0571795,1.9081235675270711,5.3455625,0.24619737
2014-01-22 09:00:00,18.21536385260339,23.700104,14.121979,12.006566923844185,15.113383,7.9571333,1.593011782609313,4.2015715,0.07675451
2014-01-23 09:00:00,19.81056146295782,24.566986,15.690033,12.566599374134231,16.639587,7.8427124,1.6468250483966536,4.5147343,0.06577782
2014-01-24 09:00:00,16.70445725672596,22.26239,10.809265,17.446154957169117,22.252031,11.923533,3.2240251424007753,6.6659946,0.94021493
2014-01-25 09:00:00,16.837338605130242,20.51352,11.702423,17.527816827178356,22.623638,13.939427,2.0210160681231923,5.053654,0.7583213
2014-01-26 09:00:00,19.24559139084505,22.79184,13.901215,13.24561385691573,23.353706,7.442046,1.0487569284492595,2.9501479,0.03470195
2014-01-27 09:00:00,17.82200873174935,22.79486,12.714081,17.200820534815968,36.187843,10.046367,1.4136626292734245,2.708267,0.14203773
2014-01-28 09:00:00,19.606762185114974,23.995148,14.856476,13.525040191016773,16.307438,10.354313,1.6981363695707634,3.3431067,0.1210089
2014-01-29 09:00:00,20.744964167764238,25.12387,16.018402,17.72342446567555,24.074734,13.344265,1.4102585277973876,3.3986142,0.18666217
2014-01-30 09:00:00,21.567419802390248,24.402496,17.890778,24.55509478311786,34.524033,17.689537,3.1307184167904687,6.1678734,0.9745643
2014-01-31 09:00:00,18.057872668437597,24.433563,10.339813,51.94374689755895,86.30738,33.889412,4.532667285534128,7.801637,1.673736
2014-02-01 09:00:00,12.579358345914272,18.368042,6.1219482,31.653331645012965,39.702908,18.070095,3.3114152020260406,5.0670805,0.69848555
2014-02-02 09:00:00,10.992647782853282,15.772827,4.5716553,23.161634918382088,29.154472,13.936149,1.354194005452338,3.565609,0.117276885
2014-02-03 09:00:00,11.834249966665197,15.431091,6.175232,22.824542599912785,61.191463,15.80865,1.3555990917772527,2.8421128,0.43156263
2014-02-04 09:00:00,12.457279374248458,16.510406,6.5104065,39.188106491759775,51.625996,24.915056,1.8185270810292093,3.3722866,0.39080754
2014-02-05 09:00:00,11.929101050074166,16.913757,7.1637573,41.159194131822915,69.26309,29.668226,1.1041841644748434,2.082225,0.32234937
2014-02-06 09:00:00,13.391792150344429,18.273499,8.615295,33.61145795675505,44.736908,28.817131,1.518781159506512,3.6982741,0.17826563
2014-02-07 09:00:00,12.020666220423323,17.490784,6.977112,60.39542959028294,81.25405,30.945457,2.596993985296985,7.184969,0.2723185
2014-02-08 09:00:00,15.95634723924394,19.752014,10.189514,42.729254549924875,67.05516,18.946299,2.8089587768062656,7.3137627,0.47806954
2014-02-09 09:00:00,19.51815464702321,23.67694,14.020691,41.965328454241735,56.998177,18.91417,2.7222377222805485,7.017573,0.45001724
2014-02-10 09:00:00,21.407482611402486,25.900848,14.891083,35.8576776740314,52.29339,18.070415,3.1131166452327825,7.428369,0.67376494
2014-02-11 09:00:00,20.907942899375882,26.099976,14.775757,29.33641872530819,35.646732,11.142824,2.44660242552386,4.8003535,0.035035595
2014-02-12 09:00:00,20.54228458791789,24.519989,16.051239,15.258017797914256,22.329496,8.367913,1.4883004412296967,3.5775285,0.059312984
2014-02-13 09:00:00,23.44311953344129,26.864471,19.837128,16.829955667357076,24.663591,11.852669,1.25350039111256,3.6398053,0.14671616
2014-02-14 09:00:00,26.042362952355404,29.620758,21.732086,12.976871158865537,18.14763,5.491543,1.4046703779871572,4.845792,0.057307143
2014-02-15 09:00:00,26.247337491376925,28.921204,22.165344,10.627901961909732,18.845604,4.4041967,1.390292671399906,3.9906275,0.022891138
2014-02-16 09:00:00,25.261489094137062,28.990448,20.168182,12.33765962547277,15.810097,9.675886,2.5756792768169765,5.65854,0.3065176
2014-02-17 09:00:00,24.60731056362181,28.589508,19.35318,15.954455782738863,28.37228,7.881197,1.0048238027771437,2.2945595,0.0758245
2014-02-18 09:00:00,23.730719298670977,28.784485,17.975891,16.278753584721574,21.886263,10.673533,1.6144043850610759,3.4486637,0.29709944
2014-02-19 09:00:00,22.475871267423827,27.40982,17.093414,13.116793639332906,20.818836,7.2713594,1.9501032082036396,3.9810622,0.38546667
2014-02-20 09:00:00,23.28249291297925,29.059479,18.82315,15.175700797140015,25.164158,6.0687046,2.4292658994668024,6.2082562,0.22233973
2014-02-21 09:00:00,18.400630144190927,25.202118,12.737274,16.678011487013773,20.811113,10.080803,1.208554073369239,3.6853938,0.10608743
2014-02-22 09:00:00,21.095510259233777,25.139984,16.977875,15.742963085109862,19.697964,12.229214,0.7328368658728923,1.6908299,0.086197555
2014-02-23 09:00:00,21.294164745124192,25.248627,16.21933,19.39966049693261,25.36131,13.957585,0.3861236625454954,0.9140182,0.044758983
2014-02-24 09:00:00,22.93643820847103,27.184235,17.758453,18.648121710281707,21.283546,16.05455,0.4972653356978049,0.91735643,0.04716506
2014-02-25 09:00:00,23.22223702605214,27.400269,17.667847,18.6273386440912,24.190998,15.499593,0.5495090628807447,1.3192058,0.027558576
2014-02-26 09:00:00,23.342895336833863,26.307343,17.248749,22.469994271829265,41.061035,16.318848,1.8203185284353849,3.4259903,0.5806402
2014-02-27 09:00:00,18.92362098142121,25.574097,12.661987,50.72413363131427,86.61664,34.74823,3.7175701453058756,6.2234654,1.5947301
2014-02-28 09:00:00,21.24178878555273,26.924469,14.553375,23.80087624834396,66.80534,11.301438,1.8745815665966488,3.243454,0.655772
2014-03-01 09:00:00,14.520868089284079,23.394836,7.219055,70.12363584003965,96.014755,51.00061,3.6147751491420035,5.6139545,1.4159265
2014-03-02 09:00:00,13.69678371524634,18.990509,6.982971,68.66945794493586,87.31381,58.57449,1.5054616059954777,2.2752542,0.6573957
2014-03-03 09:00:00,15.383080969415232,20.87265,10.338226,61.63228876522955,71.378494,49.200737,1.0610614580651003,2.3063583,0.04809722
2014-03-04 09:00:00,18.018470869019154,24.620148,12.856476,50.329047148203166,67.33925,34.077534,1.5254691976566714,2.493963,0.36475313
2014-03-05 09:00:00,20.55968579749026,26.773895,15.211212,36.1220135609629,46.57891,17.752827,1.85114116534768,4.3124266,0.14384049
2014-03-06 09:00:00,23.476700457222194,29.06369,17.88205,26.50052359647174,40.25768,14.172608,1.6856914790910138,3.5528033,0.19857784
2014-03-07 09:00:00,23.991299474301286,30.496185,17.000092,29.867071654518238,45.17137,15.126097,3.1027926651528017,5.3210187,0.6902249
2014-03-08 09:00:00,20.891796892778416,26.83023,13.976715,20.66846630967676,27.375404,14.523843,3.4370848442987536,6.84962,1.3880994
2014-03-09 09:00:00,22.59460872566217,28.860931,16.151947,16.099425780121543,18.826405,11.689687,2.3420599358986878,4.554438,0.4410424
2014-03-10 09:00:00,23.708454050197417,27.93158,18.15033,14.085391260013404,23.469421,10.307729,1.087099570915105,2.0418222,0.13103054
2014-03-11 09:00:00,24.9662840307779,29.072906,18.051422,17.53558277915689,26.473621,11.766591,2.1351592327142823,3.70196,0.21349008
2014-03-12 09:00:00,19.36021532005185,24.115387,13.990387,14.697159914342928,19.792706,11.025358,3.734583062129211,6.883055,2.2735384
2014-03-13 09:00:00,18.879633732537968,24.759125,12.171234,17.747167909090486,27.097023,15.511164,1.9516276077183254,3.4997199,0.42537838
2014-03-14 09:00:00,20.91183055138714,25.950104,15.584625,14.87057109763775,19.59733,10.238784,2.210684774322305,3.4553695,0.5276323
2014-03-15 09:00:00,24.32361723703667,28.304596,17.92569,9.279228902652042,18.641994,2.043068,2.4244670582468917,4.5208554,0.15461278
2014-03-16 09:00:00,25.19763692263541,29.483185,18.633575,11.479111556747707,15.336457,5.0210915,2.0564537321880914,4.979286,0.4388321
2014-03-17 09:00:00,26.947883593277425,29.837067,21.741364,10.745950800201403,15.764193,7.870922,2.551014978431675,5.199656,0.98555195
2014-03-18 09:00:00,25.930323871315125,32.4606,18.67154,11.632169051091301,18.508568,6.7276697,3.149693927003603,6.7824235,0.6426446
2014-03-19 09:00:00,18.050266728605607,23.56778,12.645905,10.619879472679704,14.245194,4.8233194,2.8088424160747016,6.2211285,0.568178
2014-03-20 09:00:00,21.02631925242514,26.013824,16.375153,8.909539624234094,17.173197,6.09464,0.7487609297974888,2.3307457,0.20631371
2014-03-21 09:00:00,22.571109198213662,26.9628,17.105377,10.761129967355842,25.095184,8.110751,1.3425298129347134,3.3745444,0.27035448
2014-03-22 09:00:00,24.19335329179779,28.802643,16.378815,22.08310160572367,61.439964,13.607934,2.43189326173997,5.554425,1.3355645
2014-03-23 09:00:00,23.66817274842623,28.148224,15.802826,19.841882488143998,31.671394,6.6578484,1.2535258602645094,3.0239801,0.058485784
2014-03-24 09:00:00,24.53358261203158,29.306305,17.019196,14.820121537312339,20.693947,11.25254,1.1612732558751069,2.0042574,0.33261293
2014-03-25 09:00:00,26.25620450478681,31.641388,18.469513,9.518872468921591,21.832973,6.0868797,1.1657156814017033,2.65774,0.25959408
2014-03-26 09:00:00,25.757362200556145,31.240723,16.078613,20.389579833407048,80.591515,9.919641,5.666748483761945,9.61462,3.161138
2014-03-27 09:00:00,17.859254632066722,24.55188,9.6527405,35.95361466986588,87.61059,21.890802,5.237513368326946,9.137211,2.4383607
2014-03-28 09:00:00,18.65275142897309,24.406647,14.0104065,37.744354017433096,46.418983,27.308105,2.553928399524397,4.998063,0.9838133
2014-03-29 09:00:00,22.442846091377703,26.545807,17.784088,24.859939079087248,32.99597,16.30066,1.7890936747936856,3.3911023,0.59491986
2014-03-30 09:00:00,25.262906398750147,29.690338,18.450104,22.515273916915742,36.31169,17.245285,4.542158836880892,7.833004,2.0513759
2014-03-31 09:00:00,20.187829986872487,26.557281,14.654938,17.423468276645583,30.044579,7.618477,2.699434270105063,5.9242926,0.95498776
2014-04-01 09:00:00,21.08220284427415,27.517242,12.35318,25.868446625455356,72.319496,14.2023115,4.746186217655033,8.018494,2.3296988
2014-04-02 09:00:00,15.97688100164612,21.764069,7.367584,30.920283435428292,64.97566,19.564974,4.646303390187849,7.3232646,2.7322216
2014-04-03 09:00:00,14.261922276942641,18.844635,9.812897,28.02980905461728,45.97641,19.093594,2.2075556305622044,4.129462,0.3559144
2014-04-04 09:00:00,18.763470945095037,23.007477,13.189117,20.994942057488107,28.996788,10.982123,1.649655361536823,3.9521775,0.17384134
2014-04-05 09:00:00,18.959233250045827,25.213287,9.967194,22.919841502274362,58.167248,15.597914,2.812464194870145,5.128523,0.59662664
2014-04-06 09:00:00,20.756857072406888,25.658844,14.103668,17.880675217960636,29.311996,13.593697,3.1618061886218536,4.9647465,0.13457736
2014-04-07 09:00:00,24.274149452385075,28.45523,18.082184,19.09673783769944,22.067772,15.806052,2.217801599970223,4.432997,0.13361411
2014-04-08 09:00:00,27.89228296250684,32.672516,22.090485,13.422364800769694,18.249811,10.636765,0.9400029300677897,2.8578827,0.020995118
2014-04-09 09:00:00,30.44986262686257,34.33487,24.784088,7.579057243038639,12.218549,2.70683,1.7232399386309978,3.5712316,0.49801773
2014-04-10 09:00:00,31.178176125839457,35.34073,24.4169,3.8411629062948776,6.001933,1.839428,2.510324465937109,4.678379,0.5015024
2014-04-11 09:00:00,30.52438543470464,35.960846,23.033112,5.051630685968594,8.173443,3.4976616,2.170249123160679,4.6960125,0.6590175
2014-04-12 09:00:00,30.24063006024801,34.92447,22.119781,10.566088023884786,19.451227,5.585412,3.3199992973473385,7.0645866,1.1210048
2014-04-13 09:00:00,27.13458865385212,31.908356,16.9982,22.03378329772093,61.69504,11.545179,3.6151547100345622,6.955088,1.0289329
2014-04-14 09:00:00,27.861548419263215,33.217438,20.277985,7.44606239191977,12.859335,4.6796474,2.615849841569791,6.0902815,0.41405478
2014-04-15 09:00:00,24.834286489510987,29.516754,20.028473,9.397001707877653,16.435268,4.4643087,0.9948508638384688,3.0247557,0.12038414
2014-04-16 09:00:00,27.700875572983307,31.136871,21.847809,12.682646554988084,22.02338,7.2434473,1.9143690790491177,4.1473293,0.10001109
2014-04-17 09:00:00,29.940077042351334,34.346344,21.291656,13.638104130720027,27.488352,10.041493,1.1644097232451587,2.460085,0.09092387
2014-04-18 09:00:00,29.062724930977424,33.299225,20.514069,18.92877228869775,42.71834,10.622312,3.051092677302018,4.6137967,1.5042866
2014-04-19 09:00:00,24.979665500465728,29.622467,16.68985,30.218197319173328,49.698017,16.954712,1.645252454101861,2.850476,0.5554049
2014-04-20 09:00:00,27.5143306239666,30.345856,20.772614,24.157697095846775,33.624756,15.369175,1.663854179601441,3.5676415,0.65355736
2014-04-21 09:00:00,29.987881727702757,33.959137,22.77945,21.53487947376626,28.719051,7.628322,1.8143307786146439,3.3891957,0.35657427
2014-04-22 09:00:00,31.142996122151374,35.872223,23.471832,17.159405924075497,24.003242,9.257148,3.8508226819436198,7.090579,1.2936915
2014-04-23 09:00:00,23.826678432568087,32.661285,16.272614,15.598617854429296,25.62867,5.584509,3.8686602263626293,6.134021,0.8955357
2014-04-24 09:00:00,23.544265023383105,29.120026,19.082916,13.501627393637401,24.508839,9.902949,1.2559137506085019,2.2356243,0.33845556
2014-04-25 09:00:00,27.40850986008661,31.505524,21.589508,13.687468524797598,34.612923,8.472298,3.444892672723643,6.753907,1.1040494
2014-04-26 09:00:00,23.15653523899954,31.065582,14.46402,33.07456758479669,67.91355,18.007862,5.807157632811967,8.878367,3.2204487
2014-04-27 09:00:00,17.860298541708744,23.70987,12.612701,35.16515086738234,60.48001,21.308138,3.313429605291291,6.206826,0.9891955
2014-04-28 09:00:00,22.114301844416275,26.55484,17.11148,28.96058505934214,41.683044,20.894478,2.589879266709756,5.302106,0.5182005
2014-04-29 09:00:00,25.524075455346974,30.397125,20.010406,16.215563183434476,20.141296,13.90075,4.0341187984571425,7.622141,1.7632469
2014-04-30 09:00:00,25.82659276288672,30.141022,18.85196,8.561754933710244,11.518787,7.0187874,4.7007173588989835,8.372648,2.7590587
2014-05-01 09:00:00,24.311876348651822,29.01065,18.278229,9.550853129674808,13.869992,6.626936,3.984602173996366,7.333998,1.9362398
2014-05-02 09:00:00,28.99490315233436,33.111725,23.99527,7.920952241057765,9.341721,6.4004574,1.2081372040644995,2.533236,0.17326964
2014-05-03 09:00:00,33.42270938241137,36.7482,27.11148,7.360643341747155,9.027937,4.728511,2.298319311052915,4.9202046,0.46177897
2014-05-04 09:00:00,33.6361359705881,38.712555,26.370758,5.315039049985381,9.753633,1.9216013,3.6611303175090564,6.7354236,1.4011402
2014-05-05 09:00:00,32.06367575176023,37.41104,24.598541,7.248525568609305,17.6554,3.0608654,4.132364088211691,7.526043,1.7220657
2014-05-06 09:00:00,27.183762404986794,34.50772,18.437408,17.649087987099215,55.143456,5.022361,5.317131016764415,8.286141,2.750237
2014-05-07 09:00:00,19.322115706958243,26.053375,12.510895,29.722665968703723,71.4821,17.7738,4.074483263963338,6.668372,0.9735635
2014-05-08 09:00:00,22.722382770336594,27.905914,16.046295,23.140909095509656,63.277233,14.858132,2.9439822363820265,5.3293786,1.5092831
2014-05-09 09:00:00,25.320252664930592,29.391266,18.600006,24.82473285960653,51.303837,16.327274,3.457909429661033,7.916115,1.545547
2014-05-10 09:00:00,27.544026955292168,32.19449,19.454254,26.906109185153568,61.247654,18.376617,3.8605247752661827,7.6611443,1.7148373
2014-05-11 09:00:00,26.611572777081335,33.340973,18.766754,16.153258839311157,20.936558,11.069371,5.0822219668,7.601202,0.27814963
2014-05-12 09:00:00,23.278124306584175,27.55069,17.798737,14.923496225264207,19.546505,9.517397,2.7242848726183007,4.455494,1.07589
2014-05-13 09:00:00,27.359462961380757,30.796295,21.503326,11.457667366464733,15.109932,7.984932,2.936842631556679,5.49861,1.068639
2014-05-14 09:00:00,27.340624659958735,32.733307,20.751617,8.264054513358765,10.300281,4.8352194,3.3521210126866086,6.145303,1.3261958
2014-05-15 09:00:00,30.74201206167851,34.97696,25.120758,8.308798179653307,10.23056,6.086359,1.3473950945954225,2.845899,0.050403405
2014-05-16 09:00:00,34.52595279032391,38.023834,29.250397,7.393429607177015,8.663115,6.0236406,1.7545530656730977,3.209746,0.5542904
2014-05-17 09:00:00,36.03906059615855,40.22354,28.76651,8.159594227745831,14.988506,6.5801163,3.225338130206914,6.796281,1.4580896
2014-05-18 09:00:00,35.668976960250745,40.171783,25.884674,7.835869567122488,29.641365,3.6218338,4.592931913209562,8.768571,1.935661
2014-05-19 09:00:00,30.987013570087925,37.922516,22.32486,14.152726894201589,49.647263,8.179473,4.753445672952074,8.394014,1.8348147
2014-05-20 09:00:00,28.694631265464977,35.02188,19.348053,17.74908428252209,60.659027,3.9443855,4.827806562240963,8.248898,2.4713829
2014-05-21 09:00:00,23.033262266204872,30.440094,14.2464905,26.89206885202404,69.91653,17.318874,3.528948383453889,6.1670938,1.8797921
2014-05-22 09:00:00,23.627939714413003,28.841705,14.049957,32.19486841358043,75.99914,20.498608,1.873113686711066,3.7637694,0.36143705
2014-05-23 09:00:00,24.92122468226023,30.675201,18.02652,28.15609713851717,74.89192,12.833888,1.69209846413749,3.0065503,0.19438745
2014-05-24 09:00:00,27.838666678094853,31.600494,19.702057,16.83638200997027,65.29914,8.01029,1.3564866021615307,3.6261034,0.060192958
2014-05-25 09:00:00,30.491259547819823,33.323883,22.85611,21.38603796940621,31.85455,13.717818,1.3417110477415621,3.939407,0.14495546
2014-05-26 09:00:00,34.060791494862485,37.5148,25.43814,16.913015414521194,32.292076,12.64502,1.3760256358831038,3.492038,0.31075907
2014-05-27 09:00:00,37.21885470239516,40.76407,27.957428,12.848835462161981,19.459545,7.137104,2.508981678425081,4.6253495,0.8966011
2014-05-28 09:00:00,36.79302174040117,41.3461,26.453522,10.861003530779852,22.722961,5.933568,3.112502659288541,5.9886394,1.2982569
2014-05-29 09:00:00,33.7079688598983,39.32901,25.17862,11.937067717113528,22.454739,5.999734,2.556974759220844,5.329305,0.29840687
2014-05-30 09:00:00,33.59188936066454,39.21524,25.892975,11.837978830175354,19.1445,3.314766,2.174588890366429,4.089517,0.5348191
2014-05-31 09:00:00,35.09400474984767,39.913727,27.47818,8.210832915720552,13.604721,4.751736,2.830081163004975,5.3889265,0.9983693
2014-06-01 09:00:00,34.53284094454756,40.763336,26.50357,7.6982057229156435,13.016283,4.2626486,2.5835949923312382,4.4867353,1.3624431
2014-06-02 09:00:00,34.049396034515155,39.04483,26.872955,5.975658518372696,10.834297,3.957364,2.036495864621393,4.2201133,0.48589647
2014-06-03 09:00:00,34.27721262651687,41.54776,25.608307,7.128422667250207,13.252043,3.5972452,3.1927657879316103,5.235786,1.4229302
2014-06-04 09:00:00,34.518144296037974,39.525055,27.65982,6.302809226556926,12.743583,4.0314627,2.3875315787120575,4.5298967,1.3321763
2014-06-05 09:00:00,34.595866637053405,39.85977,27.404694,8.64472437653591,17.735554,6.1847715,1.9534755019045476,4.0701766,0.68638235
2014-06-06 09:00:00,36.6996192564701,41.1149,26.714508,8.15141875317929,23.471817,4.676447,2.393924623986078,4.691567,1.3288983
2014-06-07 09:00:00,36.47412432810398,41.755035,24.514801,10.36304984776957,28.356583,6.0876303,2.4324567265153414,4.5924106,1.4295344
2014-06-08 09:00:00,36.92084402880761,39.965485,25.62564,10.114380218192718,16.340223,6.1094675,1.3403663958868666,2.7466228,0.06313677
2014-06-09 09:00:00,38.44357981522728,41.514313,28.139313,9.334690320534309,17.708748,5.0238523,1.0200319690417463,2.487583,0.29551628
2014-06-10 09:00:00,38.748382100563276,42.20401,28.477448,10.82771070405896,19.714085,7.027997,2.6677006038972273,3.8797555,1.3588231
2014-06-11 09:00:00,36.22211395514637,40.794098,24.284332,14.257284920713008,30.536,7.6024055,3.402843362693242,6.599127,1.6606432
2014-06-12 09:00:00,35.73073279583065,39.99112,25.639557,16.20593547278499,24.636566,12.099154,3.015990179072294,6.032654,1.0829035
2014-06-13 09:00:00,36.25858955192365,41.238678,25.467194,13.068033504565621,22.497704,6.980859,4.42073629696601,8.274171,1.7171034
2014-06-14 09:00:00,34.53530548096552,40.780914,24.44693,8.327658554448554,24.240868,4.808627,3.4431299818993604,5.7787633,1.1917241
2014-06-15 09:00:00,32.87785849959522,38.50821,24.91446,7.780947505501117,33.499767,4.269332,2.7720655750276926,6.054588,0.7636283
2014-06-16 09:00:00,32.840118072411485,38.195465,23.689606,12.975714404600252,37.927742,5.341342,5.061730702664026,9.005043,1.8796786
2014-06-17 09:00:00,32.019546064871804,38.87564,23.127594,18.70783635680667,42.236217,11.911724,5.701717034751704,9.512681,2.046513
2014-06-18 09:00:00,30.981863085574673,37.360504,22.585846,18.261149140699004,40.906143,10.574973,2.5727400163896825,4.0725594,1.1400107
2014-06-19 09:00:00,30.74914311209244,36.126617,24.697174,12.793524428446258,19.684118,9.22414,0.8654553455819236,1.6992052,0.08546879
2014-06-20 09:00:00,34.726803370280436,39.2565,27.94986,10.699727841235665,14.783359,6.932638,1.162217219803953,2.3007686,0.31836525
2014-06-21 09:00:00,36.44231518432002,41.1149,27.835602,11.03891410285797,20.474354,5.9352913,2.595279686687507,5.2210364,0.35614014
2014-06-22 09:00:00,37.376939672593664,42.047516,27.50064,9.459938231093384,17.740814,4.856765,3.3318850532521602,6.394109,1.1256227
2014-06-23 09:00:00,36.568477565197895,41.09024,25.705475,8.594359868595204,20.24288,6.524994,2.557076149653934,5.2427435,1.1054512
2014-06-24 09:00:00,36.16718314760578,40.91617,25.593903,10.524201587217018,24.762754,7.164502,2.391741296744035,4.962681,0.23807816
2014-06-25 09:00:00,36.88355014077473,41.094635,25.82901,12.86469218978939,32.991142,8.462281,2.926716366041834,6.2913165,0.7281749
2014-06-26 09:00:00,36.65185115594545,41.26602,25.59024,15.534014652433974,36.034706,10.305562,4.10437150377614,8.140764,1.4178123
2014-06-27 09:00:00,32.99928839921813,39.82071,24.060944,28.256365425483555,53.38601,15.897873,3.7386518053582445,6.9625554,1.8606836
2014-06-28 09:00:00,35.23233632924945,39.29019,24.792145,22.938190516930977,37.683147,17.47806,2.5070179821362926,4.507176,1.3814068
2014-06-29 09:00:00,37.34092528692935,40.95572,26.587555,19.706673542578265,30.510803,13.648038,2.1722160187583692,3.9940016,0.5567244
2014-06-30 09:00:00,38.59575773451115,41.709137,27.902496,19.24446318021979,28.805147,10.147847,2.033361716138185,3.3256364,0.65357584
2014-07-01 09:00:00,39.68837608296707,42.90152,27.790192,14.897430065912394,20.98919,7.828618,1.886865274226099,3.3223512,0.69897896
2014-07-02 09:00:00,40.94390022849302,44.464996,28.326324,12.756139912822754,23.454361,6.86061,2.501739458911044,4.01409,0.83295333
2014-07-03 09:00:00,39.73424986127583,43.1481,28.78482,14.749463645071941,21.481775,9.406836,2.9336992168759095,4.722544,1.1075377
2014-07-04 09:00:00,39.026022413112855,42.269928,31.242584,17.824967855260322,36.892944,9.271851,3.080436725587604,4.851195,1.1770514
2014-07-05 09:00:00,35.21888197450318,40.02359,28.558502,29.476094737010754,47.99279,11.586542,2.5957275263425257,4.722343,0.81516206
2014-07-06 09:00:00,35.17675041499945,40.390045,28.226227,29.47384289112177,46.26533,15.304393,1.3340030905595934,3.8949,0.13512719
2014-07-07 09:00:00,37.33898208858358,40.56314,29.611969,23.293201151323334,45.528465,14.290882,1.512585909315675,3.8442094,0.27753004
2014-07-08 09:00:00,37.980290136588906,43.572906,29.07315,19.021965500167525,35.229813,8.323809,1.6672497750277842,3.5888443,0.29220873
2014-07-09 09:00:00,37.933791040794404,42.04483,30.093658,26.575568347676516,50.123047,10.9014435,2.6009150954952136,4.55516,1.212905
2014-07-10 09:00:00,36.31590678082199,40.338776,28.889557,27.099658336840353,51.012985,13.313768,2.623815883787751,5.0425196,0.53919244
2014-07-11 09:00:00,34.806292903637484,38.622467,27.69278,20.24595876076803,37.343784,11.943878,2.0346844911556237,4.3923917,0.28664356
2014-07-12 09:00:00,35.62707686690737,41.051666,27.264557,17.121160115091232,27.626457,13.659752,1.4837078680659657,3.4688451,0.079846986
2014-07-13 09:00:00,37.83336397560015,42.66275,28.870026,14.35673182273321,28.496716,9.024717,0.9432304230505714,2.1674964,0.03943597
2014-07-14 09:00:00,40.247158693867505,45.153717,28.208405,16.726657029782636,39.1465,7.4595222,2.2571043178940218,4.4559555,0.71298546
2014-07-15 09:00:00,34.70181412914803,38.666412,27.312897,46.595957797370595,83.36931,25.228722,2.04616902461881,3.6711874,0.58320147
2014-07-16 09:00:00,35.53570602638729,39.181793,25.692291,27.50582860644861,48.14527,17.274036,2.8687112325771387,4.702696,1.1581377
2014-07-17 09:00:00,37.54416962862456,41.995514,26.81192,22.56454443576549,32.706093,15.893593,3.065098451303396,5.729064,1.7589343
2014-07-18 09:00:00,37.383810363191515,41.945465,25.863434,18.133058340885942,33.056114,11.303267,2.6447873273713625,4.7617025,0.96960354
2014-07-19 09:00:00,36.81760259810255,40.75821,26.467194,19.0119294081665,33.5364,13.888395,2.35527863729738,4.297189,0.60359
2014-07-20 09:00:00,33.85987779751889,39.630035,25.440582,24.39335333406329,37.445625,15.694818,1.8990094844031953,3.5843472,0.33662847
2014-07-21 09:00:00,35.84956835514862,40.810455,26.615143,22.840845873166373,38.162262,14.413665,3.0385675186759427,4.758184,1.0987163
2014-07-22 09:00:00,36.41384428732658,41.928864,27.774567,16.963466964121018,25.268656,10.801386,1.729130589365329,3.6277401,0.13648494
2014-07-23 09:00:00,37.8993221540843,43.41104,30.060211,12.723528159318834,17.128641,8.719259,2.2192492167652382,4.3731575,0.77422345
2014-07-24 09:00:00,39.526768786388175,45.667877,31.599762,10.234318802286525,18.997429,4.7901974,2.044162029838333,4.007883,0.3253712
2014-07-25 09:00:00,40.445228441476615,45.29361,33.070953,12.210839293604183,26.290146,4.7184258,2.5693594711482746,4.536649,0.44364944
2014-07-26 09:00:00,37.60523891066083,43.118073,28.852448,20.152631684314827,33.71938,6.180316,2.645200782315528,4.861982,0.8980458
2014-07-27 09:00:00,38.29401854871128,41.856354,31.049713,21.436162046599012,35.76407,11.994539,2.0595493051786833,4.56666,0.40419722
2014-07-28 09:00:00,35.047189337699365,38.407623,29.464264,38.60678306953436,53.980274,23.350166,1.0151927220723524,2.1733558,0.052348718
2014-07-29 09:00:00,34.02628767541188,41.6481,27.540436,33.05858991493722,47.894493,24.048279,1.4016039065577361,3.616151,0.15550743
2014-07-30 09:00:00,36.62795920435036,42.459137,29.758698,28.35009613277279,40.386948,20.828356,1.8941762490403167,4.1405673,0.54250103
2014-07-31 09:00:00,38.765623766807494,44.617584,30.799225,21.79831958297562,30.061962,14.60713,1.7123095332460565,3.7809327,0.2725929
2014-08-01 09:00:00,39.29367891484986,44.224762,30.550934,16.221855381977893,27.370943,11.310531,1.711320255675384,4.1994214,0.14511296
2014-08-02 09:00:00,37.57628500081455,41.799957,25.694489,18.652144233995685,36.726402,8.995727,2.0520224194082273,3.8528717,0.15907039
2014-08-03 09:00:00,30.053105790666336,35.082672,22.326813,44.82684532422063,65.62466,22.080309,1.1240385401739765,2.8431308,0.036851794
2014-08-04 09:00:00,26.469574380065637,33.35611,21.85611,66.68675884986007,84.44614,47.826015,1.035416539690378,2.2426724,0.21289484
2014-08-05 09:00:00,29.852842199823726,34.266754,24.436676,33.10196697674164,52.0311,7.909128,1.7779058100742622,4.4773245,0.15390034
2014-08-06 09:00:00,33.68891599426786,38.78897,26.63272,15.767480489798004,23.191116,8.332739,1.973663127122904,3.9822187,0.9352789
2014-08-07 09:00:00,33.614945970632505,40.188385,25.95401,20.063527866112604,37.263657,11.600642,1.8007640100261515,3.796125,0.33185816
2014-08-08 09:00:00,34.269273575820876,39.943268,26.642487,18.719960589240934,29.18401,4.0442753,1.7339406461357334,2.9869337,0.7844331
2014-08-09 09:00:00,35.51738578114316,40.013824,28.29898,14.092378088580002,25.14941,5.561613,2.003358404536098,3.365345,0.8811184
2014-08-10 09:00:00,35.97806935614153,40.364166,28.76065,16.095231908251286,27.625502,7.820814,1.9904070089724129,2.937677,1.152494
2014-08-11 09:00:00,35.692290243837306,40.768463,28.176666,19.784543854926458,28.418163,11.996288,1.7042296721799857,3.319488,0.12689702
2014-08-12 09:00:00,34.01052109212884,38.753815,26.662018,29.61529541118189,40.0847,15.62767,1.2923368279120178,2.6864707,0.1333201
2014-08-13 09:00:00,34.416971196616714,38.61978,27.615875,39.35503535935112,71.9824,26.822243,2.313472345353155,4.095354,0.08267483
2014-08-14 09:00:00,34.15823861548881,37.55655,28.310455,33.18194573596246,63.7005,11.3636875,2.8982306483896023,4.867883,0.86697006
2014-08-15 09:00:00,35.866302509220645,39.27481,29.040436,14.976021286014527,30.06976,5.858821,2.1802335659815766,4.0480485,0.4261518
2014-08-16 09:00:00,36.057867213718,40.91617,28.422028,18.57322574319074,33.40236,9.43919,1.7126273643100811,3.9186506,0.3520292
2014-08-17 09:00:00,37.71017495795826,42.431305,30.528961,13.287570655976626,28.8163,8.26887,1.8116262304403266,3.9234724,0.2038231
2014-08-18 09:00:00,38.69357713633303,42.999664,31.017242,16.66040824432038,24.814747,11.068652,2.524317926045769,4.009783,1.0416311
2014-08-19 09:00:00,34.04962421876672,37.599274,27.474274,27.95063552779597,57.74135,8.471817,3.0107019122536602,5.1676984,1.6735334
2014-08-20 09:00:00,32.443123229845014,37.786774,24.34732,25.69026319780723,46.404255,14.134818,2.4995617646642776,4.5067363,0.8824461
2014-08-21 09:00:00,31.69395841303981,37.960846,23.690582,27.64791000114305,37.701385,18.996754,1.6332470988935006,3.436693,0.61470336
2014-08-22 09:00:00,29.692796699875885,34.145905,23.569244,36.227549898033395,53.416008,18.548819,2.323050290594663,3.9134777,0.3919644
2014-08-23 09:00:00,32.43735018483994,36.76651,24.852936,26.213647709947317,40.774082,14.156655,3.0981824581349917,6.2018223,1.3518342
2014-08-24 09:00:00,33.409649607978224,38.197906,26.986969,18.312760363320614,26.373951,12.851552,1.8103474132090789,3.525638,0.1875133
2014-08-25 09:00:00,34.69448054360441,39.87027,27.772614,14.542718687549778,31.751337,7.3313084,3.1614010392835623,5.0987277,1.3619746
2014-08-26 09:00:00,32.726757273151065,37.34659,25.256744,17.578489324624144,39.371742,9.336586,3.0480820714161254,5.700022,1.1612436
2014-08-27 09:00:00,32.984639243503295,37.01529,26.993805,19.51191915100116,32.007145,10.210271,1.880399731172165,3.9580107,0.36734685
2014-08-28 09:00:00,34.98505335949312,39.93106,29.102936,14.876278296991892,24.966225,9.724076,1.5214147182845272,3.282911,0.045913007
2014-08-29 09:00:00,37.21184917011277,42.122467,30.56778,12.633682802242697,18.305624,9.4071865,1.1503574986272567,2.43674,0.12707259
2014-08-30 09:00:00,38.25786972669886,42.77945,30.771637,12.321761543683026,16.174934,9.475445,1.645756756353522,3.402774,0.31190127
2014-08-31 09:00:00,38.52130032611677,43.07364,32.02481,13.235975435446045,21.051704,9.102485,2.562731625630294,5.506498,0.89615166
2014-09-01 09:00:00,37.23471153565271,42.3356,28.925446,13.752116958384383,25.254536,10.192968,1.5169586576933562,2.8785598,0.18742894
2014-09-02 09:00:00,37.15676051125712,42.110992,30.263336,15.414873755983576,25.859505,11.3555975,1.5352174977674597,3.0547085,0.4466584
2014-09-03 09:00:00,37.47329108341603,42.299713,29.39737,14.456048576173218,24.572495,8.221266,2.495203876660795,4.347586,1.3519696
2014-09-04 09:00:00,36.90989639746863,41.867584,27.693756,12.802405242660118,21.302525,7.61456,2.214003160800922,3.5542202,0.75191945
2014-09-05 09:00:00,35.75190888084563,40.423492,27.257477,13.540947504903656,23.797695,10.446134,2.2322425846874916,4.2593155,0.9199979
2014-09-06 09:00:00,34.84480887039933,38.408844,29.13736,24.019747774271213,43.693718,6.5626993,2.0263839562737713,3.6366317,0.60481024
2014-09-07 09:00:00,35.9072860887548,39.767242,28.870758,25.695195666198153,38.695,13.917656,1.791028553196623,3.1029506,0.53489774
2014-09-08 09:00:00,30.47130676582043,36.121246,23.433746,56.00672750427537,76.82963,17.5014,2.131639971757548,4.1880517,0.50052035
2014-09-09 09:00:00,27.41552341043871,31.710602,23.229889,45.57310807548426,76.71499,19.40244,2.0892153388144417,5.392549,0.41134328
2014-09-10 09:00:00,31.249558527125657,35.098053,26.232819,17.372161328538564,35.703156,5.043421,0.6435273382340965,1.857038,0.008433712
2014-09-11 09:00:00,32.93993238879335,37.230377,26.10733,22.531701381536525,38.168587,12.307499,0.48813243112056254,1.1755526,0.040580593
2014-09-12 09:00:00,34.025675479951644,38.815826,27.237701,22.017885416292362,31.382347,14.476672,0.8075477499746885,1.6386596,0.0659835
2014-09-13 09:00:00,35.33404039711854,41.589508,27.905914,16.823937538894285,22.772127,9.793256,0.8405839553218553,1.8287469,0.094953865
2014-09-14 09:00:00,35.88725301555104,40.399323,28.756744,22.326603677604833,37.174355,11.986854,1.4489155098805815,2.5831938,0.09946671
2014-09-15 09:00:00,36.553023955394906,40.191803,28.951324,20.485594183769027,37.335495,11.4071245,1.1157104381250598,2.4496276,0.1622058
2014-09-16 09:00:00,37.10087720152757,41.751617,28.50357,21.40491696936592,31.117432,15.272907,1.602088367958578,3.1538904,0.11926302
2014-09-17 09:00:00,33.46731062226877,36.425934,26.052887,41.41232726465848,61.50008,19.402424,2.305356740204731,3.7334073,0.6003424
2014-09-18 09:00:00,34.0133348299928,36.31949,26.83316,32.81029069220741,61.1138,17.118622,2.267645823424937,4.723216,0.960489
2014-09-19 09:00:00,33.139309700513195,38.57315,24.629791,28.243066148984695,73.06871,16.77184,2.4018902706256253,5.1774464,1.149415
2014-09-20 09:00:00,31.893648057562643,37.843903,25.172028,34.60677398684784,61.41626,21.695005,1.021240723937644,2.3491704,0.07300403
2014-09-21 09:00:00,31.840007151217947,35.72061,24.802643,34.03114204406874,49.695263,22.089802,1.4221349535219436,2.6934357,0.5903152
2014-09-22 09:00:00,32.148279678650226,36.90396,25.624664,23.60135705122866,30.3241,11.518935,1.050877175357299,1.9568079,0.4069504
2014-09-23 09:00:00,33.22774353057781,37.978912,26.844147,18.5737678499182,23.44808,10.968687,0.7735651047980365,1.480364,0.02515032
2014-09-24 09:00:00,34.397356540802605,38.618317,28.272614,15.275739380675354,21.978704,10.127142,0.8621462128972969,1.8665372,0.1098487
2014-09-25 09:00:00,35.058005578097436,39.329254,28.694489,20.745761539875744,44.025436,13.334029,1.831183982900952,3.5394669,0.38403666
2014-09-26 09:00:00,34.15545068150453,39.83145,26.544342,35.02156915849224,57.929203,25.0578,3.1496390123544065,4.9000087,0.99668485
2014-09-27 09:00:00,30.91591480353668,35.632965,22.881012,36.98534258250858,49.016903,27.686687,4.058696095102736,7.2627325,1.9286739
2014-09-28 09:00:00,24.14115982587242,30.70279,17.218414,30.09898157718847,68.96345,21.082762,2.940502497969098,6.024973,1.0151662
2014-09-29 09:00:00,24.667537110876196,29.022858,18.321686,34.11219237193922,50.089397,25.313997,1.209950558685447,2.759069,0.12840927
2014-09-30 09:00:00,26.593937526016646,31.755035,21.772125,29.15705985246621,35.394928,19.848055,0.8491928569187424,1.8251783,0.13209632
2014-10-01 09:00:00,29.883309136444552,33.77066,24.415192,22.42125670876107,30.909168,18.725574,0.9025298908518218,1.5596831,0.17142825
2014-10-02 09:00:00,29.05822100852515,34.395905,22.770905,12.613541279755903,20.928429,5.061241,2.9843141714646664,6.0972476,0.6505056
2014-10-03 09:00:00,28.914107199400405,33.981354,23.28067,9.40414886257943,14.445439,5.265877,2.0489365061412737,5.236275,0.5390872
2014-10-04 09:00:00,32.6258968285598,37.913483,25.972076,11.451391873084429,14.537099,8.474267,1.8936926999205994,4.990384,0.54105633
2014-10-05 09:00:00,33.80179372153793,38.57486,27.922516,12.106942000200435,16.716331,8.261319,1.4131203485923602,3.7739656,0.2501935
2014-10-06 09:00:00,33.257098604921794,37.481842,27.18692,12.342985561280033,17.515778,7.0167007,1.4858020387211535,4.118069,0.32765535
2014-10-07 09:00:00,32.69954676924215,35.319977,26.087555,14.061325296573413,17.011993,10.890901,0.9592739206671219,2.147923,0.14348738
2014-10-08 09:00:00,29.254450732600105,32.919098,22.661285,22.141414310821876,40.90165,9.209427,1.733988811426387,3.4549947,0.3977587
2014-10-09 09:00:00,27.649256671202068,31.355621,23.108307,30.158733055067295,57.622787,17.276659,1.5616631582329419,3.5219443,0.12717803
2014-10-10 09:00:00,29.88531698118169,32.23062,23.778717,18.367781132780998,38.515785,10.739459,1.7846909259133112,3.3010395,0.7863923
2014-10-11 09:00:00,29.713065315076904,33.403473,24.08902,17.56710206115382,36.055073,10.574605,0.7065285033603891,1.5131421,0.13085106
2014-10-12 09:00:00,30.658826116881016,34.665924,24.662018,13.521344550011737,17.80901,11.107343,1.1127911364453613,1.9714009,0.090087324
2014-10-13 09:00:00,30.23047307318808,35.484528,24.51773,8.174088851310287,11.00512,3.4465265,2.892679756573019,6.2348595,0.75389606
2014-10-14 09:00:00,27.8572712906182,31.954742,22.19693,9.742188603596732,11.579608,6.014099,1.2561256186791914,2.8837938,0.12760206
2014-10-15 09:00:00,28.88777445845477,34.105377,23.396393,12.778469281678047,28.428963,9.1281805,2.5056447307979814,4.443003,0.89655966
2014-10-16 09:00:00,27.467630442809877,32.695953,20.430573,27.65784148495299,52.026566,13.6953945,2.0385914287749136,4.3356204,0.07750413
2014-10-17 09:00:00,26.555666327488836,31.105377,21.441315,32.562371313040956,50.60696,21.841335,1.0822134663367708,2.771193,0.064196706
2014-10-18 09:00:00,26.240386270236115,31.335358,19.610748,36.78469708929906,53.982018,29.005383,1.100953192802957,2.8024638,0.17833376
2014-10-19 09:00:00,27.495368467413698,32.8356,21.487701,31.92096015259964,35.708755,27.458757,1.178876703729715,2.8155587,0.17368601
2014-10-20 09:00:00,28.6468644266036,33.682037,21.607819,28.77353062528897,35.73951,23.938728,0.9792244327088825,1.8809735,0.04945075
2014-10-21 09:00:00,28.38052268444079,32.436676,21.155426,24.76958378179021,39.050377,10.348024,2.127773112772643,4.438544,0.4968524
2014-10-22 09:00:00,26.43989000478649,32.406647,21.603912,22.131508728320775,30.282959,16.3792,1.111393386009308,2.739595,0.13254097
2014-10-23 09:00:00,27.82396635298909,32.797516,23.19986,19.37393428614329,33.12982,8.45169,0.5619511004814113,1.1807703,0.10155413
2014-10-24 09:00:00,29.158494680902947,33.383698,24.42862,17.030557396909746,32.88051,9.152512,1.1411866693964772,2.4323614,0.074152894
2014-10-25 09:00:00,30.05297393337173,34.75235,24.4711,22.790268767602964,28.843643,18.11708,1.8532029823148453,3.3045716,0.41681537
2014-10-26 09:00:00,27.44346482773284,33.990875,20.434235,33.76541513348607,50.748306,26.061491,2.6269302383149173,5.3076334,0.8153206
2014-10-27 09:00:00,24.00391999864388,30.453033,18.548737,27.094779744005443,35.736744,19.57993,1.7106123984435513,2.9476464,0.21711744
2014-10-28 09:00:00,23.447928089974084,29.104156,18.78189,18.94319510405743,29.782612,13.877764,1.4596545078151815,3.608904,0.33171815
2014-10-29 09:00:00,25.001014111076984,29.509186,19.671295,14.575246445256834,24.030043,9.667187,1.2539687159340656,3.0169177,0.19874582
2014-10-30 09:00:00,27.060293804409696,31.30777,21.290192,15.629317387641459,24.919575,11.032754,1.0273160992048818,2.1557713,0.01564643
2014-10-31 09:00:00,25.881218430829392,30.80191,20.360504,21.432722978315567,28.672157,15.504189,1.288476476452063,3.2389176,0.34720168
2014-11-01 09:00:00,24.06264962898598,31.276764,15.975983,34.947531343903435,78.14019,18.59068,3.7696430400869945,6.4945455,1.1261505
2014-11-02 09:00:00,16.23015521704923,23.372711,9.468414,44.50493424738763,70.4611,34.462605,2.7629286735922602,4.910664,0.41768456
2014-11-03 09:00:00,16.975653775864714,21.28238,10.741364,33.91834100845263,39.206028,24.983372,2.594550168364743,3.8788896,0.70114726
2014-11-04 09:00:00,16.8755837707169,21.332428,12.411285,19.631296505418625,26.956783,11.097407,2.7641115637890104,6.4837217,0.5970722
2014-11-05 09:00:00,20.051429346798898,24.712067,16.986969,10.69678368586575,18.828789,5.223755,2.288114154349354,5.51928,0.1302253
2014-11-06 09:00:00,23.644466859309773,27.972565,19.254059,14.24504487490736,24.75234,6.0648403,1.81879084269948,4.1956024,0.23858388
2014-11-07 09:00:00,25.474991237295512,29.345123,20.140045,13.373604759377738,20.342499,7.8375483,0.8066253327735121,1.699057,0.029003313
2014-11-08 09:00:00,25.24613205589634,29.391754,20.921051,15.932212454520084,21.35857,10.740388,1.559895997085644,3.8207679,0.12308779
2014-11-09 09:00:00,27.040037811720538,30.970612,22.021393,19.20055718343391,25.615913,13.321775,0.8292605093298788,1.6596717,0.011542697
2014-11-10 09:00:00,25.525677673174528,29.35318,20.75357,18.01235072915012,24.741846,12.191942,1.5760127335373941,2.9965558,0.25657976
2014-11-11 09:00:00,24.849947513072607,28.280518,18.48169,27.011043934545988,49.32347,14.151598,1.8291421702461486,4.7231956,0.12974022
2014-11-12 09:00:00,20.933970793162473,26.622711,14.665985,44.50125617321869,83.30902,28.659756,1.9160020700638944,4.6031585,0.5329895
2014-11-13 09:00:00,20.324737328340234,25.244415,14.925507,48.091273753754166,80.952225,38.738052,1.959735561126227,4.903093,0.3716149
2014-11-14 09:00:00,20.875881077487634,24.290222,14.319519,55.4677115372243,86.9581,36.92856,2.7841443323340918,7.026969,0.33985206
2014-11-15 09:00:00,19.448069329384282,22.5206,14.176849,37.32349318247387,65.55598,19.335278,2.0902965259568838,5.090988,0.28866103
2014-11-16 09:00:00,19.245795168002303,24.284454,13.10672,18.458891159212705,33.159702,2.499546,2.6980108726598258,5.2057414,0.4778807
2014-11-17 09:00:00,13.02570807663983,19.653687,8.237671,9.459837991541031,13.906301,3.9249783,2.9936016349363066,7.8709826,0.6449061
2014-11-18 09:00:00,15.025712974998498,21.247467,11.442047,13.69127274185322,19.092386,8.69023,2.3427178810389346,5.8405304,0.48732752
2014-11-19 09:00:00,16.67159094113208,21.898834,11.963287,11.287689049135185,15.230841,7.7980995,0.9156183890738742,2.4288,0.06534272
2014-11-20 09:00:00,17.144034714769305,20.858795,13.10965,15.546460730096097,26.71273,9.068198,0.9082849906749809,1.5358664,0.075795546
2014-11-21 09:00:00,16.518033777194375,21.185333,11.931427,35.149145781668125,56.927296,23.884327,1.1526173522676155,3.852079,0.1873161
2014-11-22 09:00:00,17.74983622241757,22.021515,13.719635,29.136824671149633,37.175953,23.434328,1.2598424971643412,2.2985334,0.12767604
2014-11-23 09:00:00,19.99016519131584,24.046295,15.022858,21.033882904482198,35.384544,2.010563,2.0335970057826223,4.1306267,0.35934955
2014-11-24 09:00:00,16.070752035535122,20.880524,10.909576,12.921768656308554,20.845718,4.937151,2.0373617637961665,4.291508,0.39885148
2014-11-25 09:00:00,16.78797153906237,21.802643,12.960846,11.577295140421644,17.28201,5.9616823,1.5017673284061963,3.0883534,0.13803639
2014-11-26 09:00:00,17.803048692764833,23.474518,15.259674,13.24986765749545,18.385532,9.377721,1.3816968552615698,2.985956,0.13532558
2014-11-27 09:00:00,21.151934395245462,27.08487,18.739166,9.17965510925128,14.783662,5.537568,1.5207661676889719,4.1581306,0.113571264
2014-11-28 09:00:00,20.178937850925763,26.406433,17.338074,8.984282485609128,13.520003,6.434066,0.9548818006348596,2.356315,0.06368205
2014-11-29 09:00:00,21.406602014203656,25.94046,18.069366,10.315904422938674,13.508301,8.626849,1.622803480499531,3.1061654,0.09932844
2014-11-30 09:00:00,21.067680377165573,23.744415,16.099884,13.243976398494198,20.727047,9.441891,2.5154302302998977,4.270385,1.0976058
2014-12-01 09:00:00,16.86340334896795,22.985382,12.005951,55.86141852188649,78.410095,34.640564,1.2753348899625905,2.0225565,0.29630256
2014-12-02 09:00:00,15.795489576039415,20.919281,10.938812,40.68437993108148,64.60202,17.445766,1.0685579451264113,2.6699865,0.18236227
2014-12-03 09:00:00,12.69521947527079,18.313751,10.28125,79.68745342846496,98.20649,47.690865,1.1593848908087476,2.4696546,0.1428913
2014-12-04 09:00:00,13.709203919978108,16.977386,10.565277,77.45265469133327,90.42706,43.191086,0.9555424486755959,1.7116582,0.1636458
2014-12-05 09:00:00,15.821440824854733,19.123383,10.773773,73.08324117106622,89.51912,58.2574,0.6225768517561975,1.3195207,0.08924439
2014-12-06 09:00:00,14.944790906565288,21.22409,10.092438,74.01672349947064,89.4634,51.451332,0.8205385764923707,1.942928,0.16660711
2014-12-07 09:00:00,17.58851969331596,22.441559,12.601715,53.68684095390212,66.453705,37.875736,1.6109994189030128,3.3810723,0.22692652
2014-12-08 09:00:00,17.17648888013275,22.930145,12.763458,38.488759826873185,52.42512,21.229809,1.4455808123499345,3.7768466,0.13580413
2014-12-09 09:00:00,17.642255870483552,22.170654,13.687164,33.323117182634434,42.849415,22.78881,1.7178489419976675,4.5009995,0.21127146
2014-12-10 09:00:00,18.60044738385733,24.893219,14.084625,32.27594766324373,42.116623,17.68259,1.5868154064477358,4.300403,0.12808095
2014-12-11 09:00:00,17.781716224024365,24.098297,13.57486,36.16457348597638,45.952705,26.119823,0.9647525666546586,1.8437862,0.038654283
2014-12-12 09:00:00,16.627252900900316,22.010895,11.579254,38.914953155683406,70.363976,13.228194,3.0100199669289904,5.1370525,0.9826233
2014-12-13 09:00:00,10.97937812266997,17.336334,5.5499573,63.142084573674296,77.64904,49.611233,2.0662056851450052,5.1292458,0.3219517
2014-12-14 09:00:00,12.439047647413759,16.88858,6.591461,38.54025769479618,50.816624,25.649422,1.5320546167948983,3.021471,0.17547587
2014-12-15 09:00:00,11.730074090570781,17.709137,6.722809,33.411873331163065,56.043507,16.83257,1.0586731947706824,2.124054,0.2413544
2014-12-16 09:00:00,11.05629052524904,15.926422,6.5436096,40.0799348909444,60.670166,24.291258,0.6819816186805658,1.5997689,0.07639393
2014-12-17 09:00:00,9.955730441417643,15.994537,4.561432,61.44765115794998,90.22444,42.22053,0.9929180395713655,2.0274734,0.28892627
2014-12-18 09:00:00,10.56554837866014,15.221039,5.183258,73.54643859948675,91.63546,57.806286,0.7334519661917044,1.597301,0.009829053
2014-12-19 09:00:00,11.707791764578019,17.112488,5.504059,56.518237528047884,69.924446,36.87757,1.0439633326721576,2.2795963,0.06431366
2014-12-20 09:00:00,12.327713379169893,17.068329,8.253876,55.85431015838385,76.4751,34.840862,0.9024642509329126,1.6976113,0.054712392
2014-12-21 09:00:00,11.315138912678094,16.556488,8.251801,44.5212229174367,56.15005,32.196823,1.5500238946904183,3.692422,0.09324102
2014-12-22 09:00:00,14.135944692826172,18.802734,10.8671875,30.706234646572202,47.912422,17.08128,1.8965167563727803,4.023502,0.13322012
2014-12-23 09:00:00,19.1212421473071,25.029877,15.647064,23.39079476338511,43.84024,11.722196,2.0226449161649684,4.8769507,0.17076068
2014-12-24 09:00:00,17.251710348555207,22.677399,10.939117,24.302392163669996,45.213882,10.420912,1.6265243729157661,3.5955722,0.24018349
2014-12-25 09:00:00,14.294741036339985,18.343903,10.408356,26.531955280235124,51.265495,8.3787775,1.7942861025711738,5.3021936,0.14168008
2014-12-26 09:00:00,9.880655977941672,15.49472,4.377533,26.305353182544696,33.043694,17.782692,2.8814925326302614,4.757665,0.56528926
2014-12-27 09:00:00,8.601139545051637,13.441986,3.0619812,27.268300941108336,35.35982,12.613729,2.751942660521351,5.5087914,1.1841912
2014-12-28 09:00:00,8.721332099322353,13.75235,4.0466614,18.640452979021276,34.737213,12.725285,1.318103290337916,2.8706362,0.0600363
2014-12-29 09:00:00,9.332225071121286,13.116974,6.7849426,22.62148750946104,39.44591,9.726237,0.9220915357953469,1.8403141,0.0696747
2014-12-30 09:00:00,11.102517835393655,14.306671,7.976593,24.293454161522277,45.889534,11.991097,0.8658524775498481,2.497008,0.043824587
2014-12-31 09:00:00,6.434674663089197,13.34259,-1.7335815,28.991471908334184,50.093918,18.730639,4.273156800824235,7.960773,2.4302552
2015-01-01 09:00:00,5.091631904525798,9.252838,-1.7840271,22.917429695350474,70.939735,11.287394,1.7087567056541533,3.5140643,0.32642546
2015-01-02 09:00:00,6.661416167320226,11.047089,0.9929199,17.76541237756633,33.606117,10.655538,1.4814241582001173,3.7100306,0.15851845
2015-01-03 09:00:00,9.393904183708514,13.290314,5.829376,21.246902202331206,26.068893,16.574316,1.103612610715807,2.3801816,0.09080318
2015-01-04 09:00:00,12.466546921273732,14.610382,9.829132,19.357767617454453,26.68427,11.846986,0.65990850151181,1.5631969,0.06435207
2015-01-05 09:00:00,13.05013333868959,17.577057,10.523529,17.459482346683053,22.207958,14.044137,1.6314836162524984,4.2895374,0.1641584
2015-01-06 09:00:00,17.127867576988535,21.259613,13.536957,18.53746405688637,27.46531,10.301246,2.1540737085476813,5.409081,0.23755032
2015-01-07 09:00:00,20.544361751774773,24.977081,14.900909,21.29677645974987,29.928444,11.68235,2.063292155696253,5.4400425,0.24681878
2015-01-08 09:00:00,21.57580175967962,25.93332,15.001678,30.01853644310624,34.075233,21.622221,1.273750074766897,3.1449826,0.11721361
2015-01-09 09:00:00,20.05519183484347,23.683441,14.066254,40.165685731230795,49.068172,32.97833,0.5535594503035476,1.3171368,0.096709676
2015-01-10 09:00:00,18.293343455252682,23.00766,12.992035,41.791617148777306,55.798553,27.214771,0.9448574085958954,1.9369,0.038375415
2015-01-11 09:00:00,16.53387066347409,20.46695,8.886871,53.35359588332809,64.552765,46.1914,0.7404983554940896,2.0122912,0.12427293
2015-01-12 09:00:00,12.534928565495875,20.59732,7.857147,77.56811042024019,85.15056,64.78936,1.1611708697500265,2.6541557,0.13627127
2015-01-13 09:00:00,13.990290751275438,18.858215,9.803528,47.448480050410666,59.07289,26.90492,1.635651439324627,3.1669273,0.22067152
2015-01-14 09:00:00,13.896240079364247,18.216278,8.667145,39.405277524821244,44.334328,30.684944,2.3659617046869412,6.344004,0.04934698
2015-01-15 09:00:00,14.968611322306401,19.993958,10.199036,30.15088152911365,39.547714,18.478832,2.029363602491843,5.243356,0.1941357
2015-01-16 09:00:00,15.259304197173662,21.010681,11.657166,20.881442758684045,25.895718,11.037739,1.4157391453523125,3.3571646,0.08194984
2015-01-17 09:00:00,16.61764999737727,22.90915,13.168915,19.57028706860164,27.07484,11.639845,1.461370473356571,3.4900563,0.040167972
2015-01-18 09:00:00,18.356696968984522,23.213226,14.846039,22.85251381579872,29.685972,9.049755,1.0455320413347688,2.4982455,0.1517596
2015-01-19 09:00:00,18.67122854685732,23.778961,14.761383,20.7613229744727,35.082066,6.436781,1.2097711987477588,2.5613952,0.12560332
2015-01-20 09:00:00,18.37433303514291,23.804535,15.109222,21.938200122588434,28.79151,12.018073,1.386931177772767,3.4271398,0.15128292
2015-01-21 09:00:00,14.751222375250393,21.313263,11.30545,30.050516507746096,39.193363,23.349613,2.3483942794079384,6.133009,0.060488828
2015-01-22 09:00:00,16.143962648512,21.301971,10.704315,12.647713049630395,20.609129,4.31616,2.6651984373690683,6.8682814,0.4321381
2015-01-23 09:00:00,14.730870387766572,20.243744,9.823822,10.33518993951113,21.18547,5.2948456,1.6451400502729892,3.924527,0.12711762
2015-01-24 09:00:00,16.403593205133802,21.285065,11.253815,14.991240222214834,23.668358,10.29173,2.8210123919314367,7.046794,0.69877034
2015-01-25 09:00:00,18.520062692505917,23.763153,13.180756,17.398688604047358,22.257196,10.948691,2.9995661834887932,7.5111537,0.7989266
2015-01-26 09:00:00,20.655636204306404,25.176147,13.586304,23.60476381375594,28.974592,16.212873,2.127591912798463,4.469372,0.25775602
2015-01-27 09:00:00,13.163679288146056,17.849426,8.235687,67.73122053090118,83.33009,43.177105,1.1802588343982323,3.1685865,0.05303992
2015-01-28 09:00:00,16.000515492915497,21.679108,11.518951,61.14201949155442,73.54849,21.759434,1.0349896347470038,2.6035817,0.061728895
2015-01-29 09:00:00,16.104786669559246,21.975983,12.360992,45.87049235183681,57.272495,22.15113,1.8814848211655542,4.243905,0.7329485
2015-01-30 09:00:00,16.963327927143155,20.416168,10.636871,52.460284220517224,62.710094,39.604626,1.320033570254162,2.8100476,0.29769734
2015-01-31 09:00:00,13.357839841782607,16.071991,7.7809753,73.38307667532882,85.00806,55.81559,1.7078823679771309,3.4258382,0.27130127
2015-02-01 09:00:00,16.100250729201775,19.568329,10.95932,27.035263972026712,39.006107,11.822513,2.2413122960153125,5.6095915,0.58314526
2015-02-02 09:00:00,18.59300588934002,21.963806,14.879822,11.943633683128706,24.40073,5.8197136,1.286681343629338,2.9269407,0.12389563
2015-02-03 09:00:00,20.304118121749298,23.87619,17.81369,15.462466014499956,25.44677,10.7365675,1.1086071462747897,2.1882544,0.13953646
2015-02-04 09:00:00,21.136728272862797,25.19748,18.10373,14.810354326814005,24.553814,9.705358,0.9285211546683747,1.795618,0.1129892
2015-02-05 09:00:00,22.286212507364382,26.195007,19.41571,16.733072205151558,23.720142,10.818002,0.780372550464913,1.7228457,0.14715196
2015-02-06 09:00:00,23.071401285381057,27.921844,18.503876,14.563370383405964,21.904608,10.060858,1.3560265351724838,2.6549702,0.027034828
2015-02-07 09:00:00,23.09880891415736,28.036163,17.942413,14.410240238601189,23.687962,7.904003,2.4122115123968966,5.254361,0.50175536
2015-02-08 09:00:00,22.18453190206401,27.868011,16.153168,40.60352342068631,61.977375,10.936391,1.6339151578956537,3.3280935,0.24105601
2015-02-09 09:00:00,23.847354446161546,28.790436,18.585358,38.45757140176127,49.164017,22.269485,1.7977069199275786,3.9405856,0.017569397
2015-02-10 09:00:00,23.080371953942404,29.068695,18.17807,22.09107729978121,30.007893,11.325494,1.9958772912873635,3.5089066,0.15223919
2015-02-11 09:00:00,21.53302880594407,27.468414,15.458649,14.114538122671139,19.934174,10.12026,2.965848420233074,6.257174,1.250427
2015-02-12 09:00:00,21.415560938544843,27.976227,14.851227,17.81523245378677,23.615599,8.741855,2.765758156004622,5.3492475,1.0985804
2015-02-13 09:00:00,22.61396231013589,27.281036,16.467072,16.60917521977958,19.678272,12.115112,1.714374653296771,3.9440193,0.4302336
2015-02-14 09:00:00,24.73502929500893,27.772797,18.716156,16.540367393301786,20.214712,12.8794775,0.7534237030798012,2.10025,0.01973502
2015-02-15 09:00:00,25.031119619372646,29.129333,19.660583,16.37365772091593,19.789158,13.754001,0.8423426654933259,1.8711333,0.15329915
2015-02-16 09:00:00,24.653465308859722,27.59726,18.624603,15.007216962043293,19.631905,7.3729,0.9264278205200528,1.7144538,0.17567855
2015-02-17 09:00:00,24.49393858172607,26.871307,19.492401,14.665896975037187,19.426086,11.113586,1.2327474816894612,3.8818245,0.31370285
2015-02-18 09:00:00,21.642756849026114,25.00943,17.325836,15.625852002606301,18.911167,9.908134,0.9328353682940596,2.6571386,0.13448352
2015-02-19 09:00:00,23.07242777989228,26.579254,18.835114,15.122553484330798,20.334526,9.67794,0.6351269717308381,1.3422425,0.08387038
2015-02-20 09:00:00,23.97306714928459,26.687592,19.83603,14.850802687647034,21.933237,7.744253,1.3077497657318737,2.750972,0.30276024
2015-02-21 09:00:00,22.85462201358922,25.634735,18.099579,21.454405872461678,37.05288,15.076319,1.3645438254284559,2.7805312,0.10295578
2015-02-22 09:00:00,21.43907896835384,25.921326,15.323669,32.10533013948295,89.11189,17.400951,3.0861548671051318,7.254689,0.8149063
2015-02-23 09:00:00,11.541628191186078,20.973724,5.5225525,60.675732001733344,88.3687,40.911663,1.7515559179678373,4.705223,0.6094913
2015-02-24 09:00:00,11.500758327742346,15.896271,5.341675,27.394801079379533,44.730946,14.312977,2.7679988955514334,5.5688467,0.63374627
2015-02-25 09:00:00,15.777530497730709,19.399628,10.742432,10.237213234798126,15.046174,4.4407053,1.9425715955381107,3.6864464,0.083384626
2015-02-26 09:00:00,20.33949898511463,24.175873,16.248138,17.089738940446033,31.510666,9.742621,1.358778977063723,2.711673,0.14413646
2015-02-27 09:00:00,20.40636236208138,25.67044,14.822784,31.25267216487383,52.146473,17.245472,1.8677177921004042,3.4988878,0.15225232
2015-02-28 09:00:00,17.877586550020965,24.71402,9.36441,39.50692758991266,77.55436,26.759926,4.803941743006157,8.6569805,2.3585408
2015-03-01 09:00:00,15.107018034512407,20.920563,7.113922,37.48660410902351,80.53824,22.767447,1.7638330871262577,3.0453546,0.9606474
2015-03-02 09:00:00,9.997008357786967,13.152252,3.7870178,77.36271131687091,87.88706,55.473167,0.9454133506237392,1.6673622,0.029956156
2015-03-03 09:00:00,12.442859989599071,16.238129,5.351776,51.86986694846441,69.72006,31.33797,1.2780403477213123,2.5999131,0.24117945
2015-03-04 09:00:00,14.159567022234796,16.921234,7.3352966,30.410349255948564,45.887524,10.422679,1.9719072206432902,4.463776,0.29652646
2015-03-05 09:00:00,16.140535274046783,19.826385,10.572357,16.153404764199177,23.24813,9.060631,2.389806141933832,5.7345557,0.4738995
2015-03-06 09:00:00,19.55391249535029,22.854767,13.737579,12.616142352837425,24.3793,1.7136831,2.2882626504056436,5.7197433,0.5058289
2015-03-07 09:00:00,22.895170463646025,26.622711,15.919586,12.497171606623056,19.164228,8.758774,2.6524292645728287,6.4504843,1.0762173
2015-03-08 09:00:00,24.804604579969862,28.56778,18.778717,11.56030070504274,15.337332,8.140964,1.280222752826887,3.1928914,0.067258
2015-03-09 09:00:00,25.862154975991245,29.974823,19.724823,11.460919695557438,15.399192,6.6563005,1.5410375260131894,2.8721876,0.40143076
2015-03-10 09:00:00,24.84737091883403,30.44806,18.29181,13.264175018029327,18.34399,8.880055,1.5799541141813878,3.8160872,0.32458085
2015-03-11 09:00:00,25.79463441086949,30.174469,20.207672,13.363541619931015,16.730804,7.49643,0.9062472021315723,1.8602202,0.07643529
2015-03-12 09:00:00,21.68615347806309,28.62149,15.726959,22.245092481143036,40.600204,14.611921,2.136328614389656,3.7586617,0.9149183
2015-03-13 09:00:00,25.190638877644062,29.986664,17.885101,22.910047632602698,25.591087,18.51334,3.7395954484960483,6.566573,1.981974
2015-03-14 09:00:00,26.030829315862036,31.936096,18.912659,21.907030794882104,26.559534,18.62594,2.3227899946705395,4.644571,1.0884846
2015-03-15 09:00:00,27.072679709570536,31.274323,21.051666,21.650958286951035,25.115944,16.737038,0.7159217021214107,2.0222483,0.019852675
2015-03-16 09:00:00,27.450336907109033,31.572418,21.414215,16.557150583761832,19.735346,12.782507,1.0947976962527832,2.1969357,0.12908518
2015-03-17 09:00:00,27.391743464419676,32.45865,21.376617,15.70629486256444,18.611555,12.951399,1.3675638685616385,2.8371024,0.10376749
2015-03-18 09:00:00,25.876672667398054,31.75235,19.13321,19.66189094203071,26.556316,15.403973,2.0090145776554125,3.7323158,1.1162848
2015-03-19 09:00:00,23.17485066507288,28.221619,13.865143,30.629665380308445,50.404743,21.893604,0.9428487426955829,2.352066,0.062348116
2015-03-20 09:00:00,25.079928264280113,28.255035,18.006989,16.056785645327572,49.28833,7.2814054,1.0742182829601175,2.0212674,0.3709456
2015-03-21 09:00:00,26.285436292913232,29.391266,20.63736,13.318214733954402,20.055088,8.274539,1.6860348567451664,3.843047,0.3752387
2015-03-22 09:00:00,27.306160439741802,32.090668,19.69223,13.60938337077835,25.287384,2.6212978,3.554998017453733,7.1769753,1.3028542
2015-03-23 09:00:00,25.110183205627152,30.623566,16.867706,19.865678982847907,60.87921,9.998525,4.061381092367802,7.392756,1.3258307
2015-03-24 09:00:00,23.529874082480546,28.826324,17.379059,28.823599690204453,45.86306,18.85924,2.8670949778847454,5.32992,0.88865757
2015-03-25 09:00:00,24.41059376994417,29.146881,18.05899,25.426515022243354,33.763622,19.134388,2.6392736607899963,4.4077954,0.35264647
2015-03-26 09:00:00,25.10158613868674,30.401764,18.354889,17.814178870726842,21.905838,14.33605,2.9787534057935248,6.582002,1.1631359
2015-03-27 09:00:00,27.82243144427838,31.906647,22.098053,16.102988186214514,18.591331,13.725768,0.9437900860097138,2.783103,0.0323446
2015-03-28 09:00:00,29.439973736022466,33.45865,23.458649,13.225593897488146,15.01304,8.98179,1.4413582874170716,3.4479501,0.22681834
2015-03-29 09:00:00,30.410036066809994,34.92691,23.471832,10.584948300872243,13.886801,7.6122904,1.1760937756430017,2.702184,0.23540033
2015-03-30 09:00:00,30.669148358508494,35.85977,24.269928,10.463308091410038,13.51053,7.322318,0.7468418838310503,1.6649044,0.08009077
2015-03-31 09:00:00,30.437073234324316,35.515533,23.677643,11.648395210264171,15.404577,8.0803585,1.9366949232989406,3.7722573,0.66854936
2015-04-01 09:00:00,27.947169652163325,33.6669,20.3544,13.9307950836286,35.055195,3.877327,3.425608806240855,6.53875,1.2309532
2015-04-02 09:00:00,26.47001065677506,31.787262,20.662262,11.975250013528882,37.142063,3.5248756,2.729017704490818,4.4795814,0.5978899
2015-04-03 09:00:00,21.866324427961786,28.297028,16.201324,10.922551896777072,13.039829,8.084935,2.994981547245565,5.2334313,0.81734174
2015-04-04 09:00:00,22.585967309757677,28.240387,17.357574,7.834543767669083,9.938874,6.0789924,0.7504269532865239,2.4026272,0.0071912506
2015-04-05 09:00:00,25.608308813789904,29.927704,19.34372,8.392228159794398,16.3348,5.6121445,3.1339051677821597,6.5000205,0.80279934
2015-04-06 09:00:00,23.45551077136855,29.453033,15.292877,16.705176427018465,48.074333,6.8981457,3.979381696955097,7.004464,1.6430368
2015-04-07 09:00:00,20.003785620545898,25.954498,11.987701,23.868652695491,55.767944,10.997389,3.6059633152709236,6.885971,1.1358114
2015-04-08 09:00:00,18.47435896410974,24.774567,10.556305,31.213699309825465,59.859997,17.16859,4.054222344353165,6.7923074,1.846967
2015-04-09 09:00:00,18.35333388393377,23.599274,13.722321,15.593717576351072,21.050886,12.401001,1.6625732115194238,2.9993727,0.40559742
2015-04-10 09:00:00,21.917865781038472,26.356354,16.86612,14.093007787788268,27.265186,11.040318,0.5172572412295072,1.5800565,0.04529615
2015-04-11 09:00:00,23.134066827854042,28.191803,17.014069,15.7896873478212,30.177938,10.825573,1.3114165385806582,2.9743793,0.27615562
2015-04-12 09:00:00,25.38969707530441,30.142242,19.095367,16.189312829429603,24.238811,12.777875,1.5214177110216642,2.9943895,0.28472346
2015-04-13 09:00:00,28.027989608964674,32.420807,21.674713,12.305560450000513,21.192806,9.347119,1.0074580237712498,1.9148282,0.089791834
2015-04-14 09:00:00,29.120145974267416,33.542633,21.57779,13.388327976451434,26.180523,8.45396,3.839957681725164,7.2086897,1.6333386
2015-04-15 09:00:00,25.59748882445433,32.625153,19.459137,10.114433701455578,13.736126,6.526167,3.293208389746052,6.136104,0.3880213
2015-04-16 09:00:00,19.874924455442738,24.771881,15.2152405,9.629273717372376,12.835895,8.056334,3.0113035381352455,5.159345,0.7906532
2015-04-17 09:00:00,21.42715527705292,25.030426,16.99942,14.723549962448464,21.71225,9.325531,0.9765194838718619,1.9855044,0.13018392
2015-04-18 09:00:00,25.420992819697517,28.523102,20.881012,13.662066331039979,16.404472,9.72088,1.6947082703956535,3.0825152,0.16532063
2015-04-19 09:00:00,29.0859283663641,33.402008,22.42154,10.975368405744419,14.494845,8.717502,1.608472900915383,3.2433624,0.45752445
2015-04-20 09:00:00,29.169354994920923,33.772614,20.909332,10.177459012846555,20.41721,7.9797087,1.6780033067542142,3.1034348,0.746714
2015-04-21 09:00:00,28.745035279630372,33.445953,20.629547,11.699861908166158,37.788147,4.8744345,2.345243774586438,4.577247,0.85329425
2015-04-22 09:00:00,23.066539221442326,29.680084,14.232819,34.745661102285744,82.17377,10.4998665,2.4589154499050743,4.21385,1.058067
2015-04-23 09:00:00,22.270104261384006,28.796051,14.915924,29.404468862914865,74.02534,13.011239,2.0428897289530186,3.6328797,0.907822
2015-04-24 09:00:00,21.023850131373536,26.0607,12.737213,43.70505609271082,89.163155,29.094404,3.5451556601880245,7.509018,1.9545805
2015-04-25 09:00:00,21.441295652262227,26.945953,11.649078,44.57518337643003,87.97635,28.229664,5.534330127789245,10.806553,2.6004136
2015-04-26 09:00:00,18.113478614356325,23.04654,13.567291,34.75431359432172,54.128876,24.496063,3.7140029521053615,6.106683,0.45129925
2015-04-27 09:00:00,23.05929270584801,26.546783,16.99942,19.952192545924994,28.700886,15.964974,3.463232774344829,6.1210575,0.19694087
2015-04-28 09:00:00,26.730264886284317,32.33658,21.021393,15.318758455113452,23.040157,10.840562,1.6924568239897952,3.917281,0.105086215
2015-04-29 09:00:00,30.361872723320346,35.065582,24.049957,18.155899963708737,23.169754,14.730347,1.4725746312092731,2.750577,0.4540141
2015-04-30 09:00:00,32.07883772974901,36.239166,25.627838,16.730795915752672,22.598528,13.661029,1.8268415604568724,3.7112522,0.4817415
2015-05-01 09:00:00,32.27822043093977,37.6481,24.527008,16.001194012090195,21.786346,11.299669,1.641847640800109,3.5386627,0.2861204
2015-05-02 09:00:00,31.40408587862248,37.149323,23.29776,15.124790696103478,24.086365,11.432676,2.0903951999376686,4.092554,0.33721483
2015-05-03 09:00:00,30.606929697419275,36.40274,22.267975,14.530459052200579,25.500114,9.074847,2.7658072925282426,5.045563,0.62623334
2015-05-04 09:00:00,29.189952861729182,33.737213,20.383698,17.887470365236986,34.131615,10.807394,2.953784907094175,5.6884894,1.0473968
2015-05-05 09:00:00,26.608454757627214,30.39029,17.993805,29.773457956131278,60.42418,16.46172,3.0477714668746674,6.4675612,1.395375
2015-05-06 09:00:00,26.90813874417063,31.58023,17.463043,30.084319116911498,62.627186,14.490466,3.387449311556562,7.0811014,0.81806743
2015-05-07 09:00:00,25.172136893351194,30.623444,15.182037,27.95116303930141,91.369865,14.035866,4.451095888697218,8.637941,1.6126839
2015-05-08 09:00:00,20.450074020895272,27.120026,10.412994,32.69564597528735,79.26858,18.33044,3.844770022096869,6.349039,1.7276262
2015-05-09 09:00:00,17.516047857974684,20.90274,13.411285,36.43596395366313,89.03121,24.464802,2.582025576599767,5.238846,0.89759654
2015-05-10 09:00:00,23.754239529590734,26.97818,18.763336,29.410635111992647,41.8255,15.109235,1.4076330816333864,3.6919873,0.20685777
2015-05-11 09:00:00,28.42966089020007,32.811188,21.815094,15.418052981570682,25.436363,10.304658,1.2410177779854998,3.1974082,0.039671004
2015-05-12 09:00:00,28.61278025005703,34.507477,20.919586,18.630548556819416,30.660654,13.699717,3.32266690863432,6.1162796,0.80582225
2015-05-13 09:00:00,27.218159590305845,31.92569,19.037018,17.03139475858586,40.61435,7.061657,4.087580504259919,6.8614593,1.2679993
2015-05-14 09:00:00,24.61444410840278,31.552887,15.99234,21.379556832818956,54.992023,8.074055,3.6301165363991,6.6289496,0.9457146
2015-05-15 09:00:00,18.106898136740767,24.63565,7.157135,42.31000129809657,78.19328,17.750053,3.662824985519259,6.240741,0.47778094
2015-05-16 09:00:00,18.015294537058708,21.169342,12.843658,47.17084100164569,67.31464,33.253216,2.378280660845495,4.640022,0.8848738
2015-05-17 09:00:00,22.742426447737728,25.823395,16.360504,37.519057492647306,74.03752,27.283615,2.3352322913808674,4.105314,0.7001852
2015-05-18 09:00:00,25.526404684283307,30.55777,17.743317,33.63668616355064,77.47163,23.304245,2.3706494655312347,4.79026,0.6381055
2015-05-19 09:00:00,23.00440594414215,29.15689,15.67691,27.745983129378303,73.75908,17.477825,3.1959892614690872,6.5334787,0.6563093
2015-05-20 09:00:00,25.822432655044338,30.849762,17.613434,26.331649723265684,62.546944,18.287418,2.463828345397098,4.4446716,0.25556237
2015-05-21 09:00:00,26.63404553454359,32.368805,17.841461,23.11204522100829,63.942173,12.838833,2.873111214866466,5.2127156,1.0229319
2015-05-22 09:00:00,23.681962636170397,30.355133,14.110992,28.680958083266745,76.87373,18.049051,3.733923695734565,7.1769238,1.9286128
2015-05-23 09:00:00,20.803740298161927,25.862213,13.681793,45.512287249654314,91.22219,34.82397,3.2037661784903984,6.348631,1.4331594
2015-05-24 09:00:00,25.15544606217162,29.590729,16.013336,39.68076641461179,87.59001,26.985352,2.83263879578316,5.7719564,1.456351
2015-05-25 09:00:00,26.218553440733047,30.291168,18.384918,36.56366515073781,73.04586,26.624638,1.9720272552284608,4.309864,0.3281264
2015-05-26 09:00:00,28.882112120904367,32.76602,20.287506,30.63517559953711,55.335644,19.051146,2.581356834137248,4.2481303,0.90424496
2015-05-27 09:00:00,29.722839648902664,34.12686,20.771393,23.456243891859902,38.737923,13.775139,2.2191928451723233,3.9461613,0.70616156
2015-05-28 09:00:00,31.684732521461456,35.426666,22.795807,19.60038097996735,28.612057,13.022377,2.0499258736333315,3.8359482,0.5212271
2015-05-29 09:00:00,33.718637265168525,37.139313,24.98111,14.44355242318126,20.99123,8.433192,1.5987400936049578,2.8496122,0.31068772
2015-05-30 09:00:00,35.43961673473336,39.047028,26.240387,13.40712655226736,20.644197,7.6088514,1.7739603768344483,3.0402539,0.44309023
2015-05-31 09:00:00,36.11665490077604,40.232574,26.664215,11.891786941526151,19.065735,7.770093,2.2120058019769284,3.5071888,0.58849394
2015-06-01 09:00:00,36.161696348869896,41.596344,24.045563,13.182187776215828,24.764484,8.584908,3.2926416810818946,6.27313,1.1566108
2015-06-02 09:00:00,32.476944383809666,38.04068,23.47818,12.917975147980663,26.527401,5.0820875,3.48611349811646,6.8194876,1.1708087
2015-06-03 09:00:00,32.342622292582064,37.72647,22.787018,15.33429847659336,42.36203,6.428437,3.3792081481640923,7.5021048,0.9249898
2015-06-04 09:00:00,30.601981167208578,36.04068,21.144196,23.95651389380508,74.33432,8.826309,3.3986544221508064,7.67247,0.7193432
2015-06-05 09:00:00,28.98373355080014,33.934723,19.137848,24.387656661826245,64.1161,12.031013,2.6923446010079037,5.4703293,0.8892814
2015-06-06 09:00:00,28.38203501098576,34.77652,20.516754,17.887566019280356,63.808784,7.120181,1.925412630662039,4.0316052,0.64027065
2015-06-07 09:00:00,29.923306353730936,34.547516,23.048492,15.934861099694958,23.088888,13.014595,0.8055527888569113,2.1924362,0.117093466
2015-06-08 09:00:00,33.666312421637656,38.317047,27.153961,14.920259578366656,21.311195,10.430546,1.5120234000301371,3.538711,0.20207743
2015-06-09 09:00:00,37.415338486442636,41.24649,30.66446,13.736187309950566,23.590946,10.7395,1.9827631584189873,3.6384854,0.47608596
2015-06-10 09:00:00,28.244647931457337,30.812653,21.33609,38.05338747514976,65.61867,21.341322,2.1620422774870054,5.2687926,0.24886928
2015-06-11 09:00:00,31.503501097438004,36.270905,21.389313,27.39831368480157,65.118935,17.116474,2.84832146847852,5.6705976,1.4316331
2015-06-12 09:00:00,33.351626794131164,37.39981,24.007233,23.705198942274865,47.49258,17.047215,1.4766757754721183,2.731447,0.41074935
2015-06-13 09:00:00,34.07087888473569,39.81607,23.255524,25.92362322650868,54.22784,15.05789,1.6537895262908937,4.8980904,0.019445239
2015-06-14 09:00:00,35.36422417213424,40.537018,23.67569,17.02423542226664,31.545881,12.175602,2.0670063703238233,4.701946,0.57358676
2015-06-15 09:00:00,37.25298744911305,40.8544,26.450104,14.473513059851467,22.95983,8.597633,2.6700866644612504,4.8495173,0.63481975
2015-06-16 09:00:00,39.32443503175108,43.988434,27.770416,8.905108106892559,15.204891,4.8940907,3.1727127177998207,5.618721,0.7216456
2015-06-17 09:00:00,38.8136975460194,43.55362,27.888336,7.010003265142328,12.96376,4.303027,2.6474928879635238,4.6807346,0.9251863
2015-06-18 09:00:00,39.578800868081316,45.034332,28.553864,6.582929464351231,11.814043,3.5923252,3.062296269557076,5.514333,1.0159976
2015-06-19 09:00:00,39.890181647254224,45.35025,28.635406,6.699883165132706,16.912209,4.3198557,3.0226231764873885,6.045222,1.3627595
2015-06-20 09:00:00,40.60132471248545,44.70108,30.32608,6.86652325009057,17.397516,4.2047396,2.2321084347152786,4.457941,0.95736045
2015-06-21 09:00:00,40.877641868758474,44.90396,28.866852,6.634521961675007,16.621346,2.181983,3.3258799799186427,6.382683,1.2086385
2015-06-22 09:00:00,38.58998985231739,42.591217,27.057037,11.546578756559526,17.524837,6.8099937,3.2847673786201494,6.5044985,0.7965165
2015-06-23 09:00:00,38.80473431505021,42.930573,27.903229,7.822405186374288,15.466236,2.6766558,2.4666777409479987,4.882845,0.5612933
2015-06-24 09:00:00,38.133987518597905,43.67276,28.793854,8.2630768596835,15.290152,4.974513,1.8822970034945614,3.6119885,0.687785
2015-06-25 09:00:00,39.22733483761482,44.67276,28.518463,8.9560249676992,11.921501,6.835888,1.849139128114858,3.1979108,0.8071525
2015-06-26 09:00:00,39.47235358490343,42.94449,30.092926,10.32950415242948,13.409417,6.6400623,1.77770728965583,3.5807598,0.7661316
2015-06-27 09:00:00,40.08027431182791,43.871246,29.46109,11.701401347029533,24.432835,7.68674,2.5291082371731095,5.020756,0.9563617
2015-06-28 09:00:00,38.60993541723957,42.910797,28.811676,17.03503238876536,24.703274,11.644681,2.491060540243049,4.6285768,0.79660255
2015-06-29 09:00:00,37.767077938664215,42.510895,29.997223,24.753034805102924,32.877384,16.314884,1.9374209777292613,3.9138954,0.4301643
2015-06-30 09:00:00,39.08641266193882,42.794342,30.011383,22.498875612813162,31.100433,17.064037,2.1833758880706267,3.4656484,0.92636055
2015-07-01 09:00:00,37.060351746201775,41.378082,27.284332,22.733367270856423,43.221085,11.51946,1.906536194700889,3.8211,0.4749535
2015-07-02 09:00:00,34.097142255645736,38.558014,25.140533,33.91295895244848,61.521202,21.392868,1.919118523165943,3.9124858,0.84086436
2015-07-03 09:00:00,37.58467962753315,41.3815,29.186188,27.502634740795397,39.044746,20.939596,2.7015034761507093,5.213605,1.4258128
2015-07-04 09:00:00,37.847175585090554,41.58365,28.54068,17.526461671275225,30.301762,12.254907,2.0925345127631054,4.191046,0.85663843
2015-07-05 09:00:00,37.58749902450097,41.70572,26.436188,19.039537988107202,31.957626,11.26622,2.191678438197161,4.4304867,0.20923065
2015-07-06 09:00:00,35.907572737115686,40.15518,24.807526,24.170344675219113,35.60401,18.155144,2.2081161085193926,4.2914114,0.38887152
2015-07-07 09:00:00,34.27436033219618,39.303375,24.740875,23.85733332448397,36.129135,14.212414,1.8986078496176966,4.3243475,0.39577794
2015-07-08 09:00:00,36.26684712652576,41.52115,24.874664,18.129117550309655,24.328823,8.493862,2.9301185629537505,5.1533456,1.3482324
2015-07-09 09:00:00,34.14597664773714,41.01065,22.782135,22.81882526174452,79.77603,10.361971,3.747248570330141,6.814075,0.95694906
2015-07-10 09:00:00,30.031229205153352,36.012604,21.043854,28.019802100605812,67.74304,15.512577,3.330868111769687,5.9760733,0.91879433
2015-07-11 09:00:00,31.611936236458973,37.339264,23.053375,30.758902650503707,56.47602,21.38549,2.4007263356172186,4.1705,0.5160612
2015-07-12 09:00:00,32.588331295273235,37.21524,25.398834,28.277948774974043,34.128254,19.991966,2.541281762859306,4.048725,1.0042633
2015-07-13 09:00:00,34.84298659941868,39.837067,27.731598,17.753626428406232,23.89071,8.980801,2.1560119233837955,4.1358776,0.5593978
2015-07-14 09:00:00,36.58967469356685,42.152985,27.85611,13.850295937041018,21.952194,7.574479,2.6661964635392077,5.1312966,0.68637764
2015-07-15 09:00:00,36.57116530494574,43.25406,26.927887,12.774688476010152,24.4248,8.428707,2.848896951855183,5.0711865,0.5050979
2015-07-16 09:00:00,36.25664493295392,41.23233,27.447174,14.311711494355974,30.040623,8.967189,2.370305217290241,4.1467056,0.40759555
2015-07-17 09:00:00,37.15763297899059,42.27408,27.879547,13.049477663490604,23.65384,8.634309,2.3975773540990244,4.2243066,0.72386694
2015-07-18 09:00:00,36.82335543878992,40.78409,28.787994,21.459870540813032,35.573074,14.881667,3.42037126081061,5.4740105,0.711845
2015-07-19 09:00:00,27.381985401138593,32.214752,23.129059,44.56876305879988,74.037315,28.081333,1.0397952567073878,1.6531868,0.08109223
2015-07-20 09:00:00,30.130248234787473,34.867584,21.992096,49.923503250375155,68.87839,26.123947,1.0142976248875297,2.163733,0.11196149
2015-07-21 09:00:00,29.815557575519506,37.94937,24.61148,49.58454872906324,83.25471,35.886284,0.9839315790848964,1.7751101,0.061452575
2015-07-22 09:00:00,34.07951119770246,41.250153,25.214996,35.98783239141449,70.435776,23.504307,2.4563758509507894,3.9974923,0.90538335
2015-07-23 09:00:00,34.225487602857925,40.284576,24.665436,27.13102777411251,72.67425,13.146905,3.1932336827546157,5.1135793,1.1578304
2015-07-24 09:00:00,34.14926713841521,40.022858,26.251373,26.758465646137793,66.42315,16.294243,3.0361765533021905,5.287871,1.227189
2015-07-25 09:00:00,35.60365046388745,40.91861,28.57486,19.72739459296491,45.328224,12.010775,2.745658919049748,5.752994,1.0735095
2015-07-26 09:00:00,36.699145982930645,41.914215,28.691559,15.780927902854012,36.54757,10.069236,2.7132151495796686,5.869069,0.97490376
2015-07-27 09:00:00,36.58397396613242,42.29068,26.374664,14.364773040268359,31.74947,8.087742,2.9912760791109414,6.155207,1.1794304
2015-07-28 09:00:00,35.840812858170864,41.00699,26.248444,14.547202610876312,21.379389,7.7017975,1.106296970950866,2.4837391,0.022482593
2015-07-29 09:00:00,37.656709845978014,41.719147,30.162506,13.047645464414629,19.846859,4.8663893,1.6211095387480376,3.1012683,0.25327155
2015-07-30 09:00:00,34.018430732535194,38.55435,27.130524,33.93221270088067,49.15039,22.548826,1.3753888543518957,2.3130891,0.21243417
2015-07-31 09:00:00,33.858692570878645,38.555573,28.339996,37.463134156359466,54.072495,25.917984,1.1087247412259096,2.5391188,0.17585048
2015-08-01 09:00:00,37.590268826390684,41.12491,29.11905,23.787686422543334,35.878174,13.654688,1.6585392935993881,3.5459087,0.3053133
2015-08-02 09:00:00,33.55810169592439,37.336823,27.457916,30.393238839937965,55.891106,15.03916,1.1063907422071617,2.4553657,0.13640158
2015-08-03 09:00:00,37.386575094996545,42.694977,28.968414,15.58797686943337,22.046112,10.497979,2.1961364592826382,4.169379,0.4948951
2015-08-04 09:00:00,38.205487233858264,43.750885,28.815826,12.615445204942407,17.419937,6.1533923,2.492895805453528,4.95504,0.6252089
2015-08-05 09:00:00,38.48424757422447,43.909576,30.673248,15.144157345801847,26.603703,9.252729,2.7697786469417696,5.79395,0.92609423
2015-08-06 09:00:00,38.98362229394371,44.632233,32.06192,13.281774105140038,21.168432,4.943984,2.1007846198996774,4.4425783,0.28195718
2015-08-07 09:00:00,34.80203821077197,40.017,27.22403,30.883051853028572,42.826374,14.181995,1.4456630273052151,3.3605933,0.07094173
2015-08-08 09:00:00,35.35181294389599,40.571198,26.330963,15.950367430720764,29.853966,8.433067,2.789142034047119,4.5820823,1.6512192
2015-08-09 09:00:00,35.03627331133396,40.75943,26.704742,12.073447774209896,20.56617,6.8004017,1.247088965971593,2.6103292,0.1046417
2015-08-10 09:00:00,36.41943774881872,41.721832,26.942535,18.336630665199262,25.1703,10.121728,2.2478134517527026,4.0693693,0.62359005
2015-08-11 09:00:00,36.56019412942038,41.81656,27.146637,17.879685172608962,25.832836,8.870804,2.3965864405998203,4.3871264,0.89298016
2015-08-12 09:00:00,35.14477819780274,39.13272,28.20401,19.931300074298875,32.92271,6.3824673,2.267311799450236,3.7124186,0.7043675
2015-08-13 09:00:00,37.34398298780542,41.61612,30.92862,22.836838665763725,34.638992,12.802888,1.4902672988428614,2.3988085,0.5986357
2015-08-14 09:00:00,36.722327649468525,42.83658,30.588287,19.78637554947821,26.982458,16.490124,1.646064379795825,3.3676338,0.25162965
2015-08-15 09:00:00,38.796075273843314,44.43814,31.211578,18.41407249099,25.12819,14.678969,1.5000767812457363,3.3105211,0.106904715
2015-08-16 09:00:00,40.639495195934444,45.990143,33.558502,15.524273538203369,18.872025,11.270461,1.8809205214002156,3.7424939,0.40858877
2015-08-17 09:00:00,41.49651568663603,45.76065,34.319244,13.885098872023503,19.739859,11.247226,2.728227275900243,5.1201706,0.8514675
2015-08-18 09:00:00,40.467648528199106,44.073883,29.153961,15.622212408372361,29.05981,11.171559,3.187653797148363,6.1055894,1.586241
2015-08-19 09:00:00,39.54946399087095,43.165924,27.898346,15.101766474637449,35.312386,10.36657,2.5972312665163346,5.15977,1.4557967
2015-08-20 09:00:00,39.064356370316034,42.86685,27.22818,16.1317463226354,37.69255,12.376143,2.588187908961149,5.301714,0.38144693
2015-08-21 09:00:00,38.13567416758207,41.67862,26.582916,21.594917187395595,40.58694,11.403348,3.1250033851209937,5.509317,1.0224679
2015-08-22 09:00:00,37.324854126925345,41.07193,25.958649,22.540000961230277,35.75022,15.665628,2.829040074258467,4.918427,0.64488643
2015-08-23 09:00:00,37.27353761672697,41.472076,27.808014,17.037515889263073,33.534283,9.22042,2.072606639001217,3.6952288,0.59137267
2015-08-24 09:00:00,38.22988785993158,41.8627,29.419342,15.923075793774872,25.83097,11.3583145,1.69167697812995,3.3832088,0.1094144
2015-08-25 09:00:00,39.197702190038285,42.740387,30.050934,13.349855688725823,21.468067,9.040014,2.057705693279378,3.278801,0.5838669
2015-08-26 09:00:00,34.042046167172884,38.81363,27.27481,32.41107689478765,48.446342,15.243216,1.8077343525629999,3.5445952,0.23519123
2015-08-27 09:00:00,35.92289568535455,40.59561,26.677155,21.91369634022779,37.518753,12.632874,1.5709848433412061,3.8000495,0.18850698
2015-08-28 09:00:00,37.98267966985611,42.48233,29.39273,20.17342268963106,28.82984,10.373371,1.4377912673377857,2.9482012,0.1815955
2015-08-29 09:00:00,39.03527672232548,43.578766,30.09439,17.3134461588005,24.366787,12.069912,1.911793213835346,4.2107368,0.38380167
2015-08-30 09:00:00,38.72359897082731,44.636627,30.585846,18.289087924362214,25.668858,15.008701,3.1585838685081797,5.410162,1.3339169
2015-08-31 09:00:00,36.444159465773794,42.517242,28.644196,18.90605223207006,32.94153,11.587962,2.2811262987804226,4.400107,0.57693255
2015-09-01 09:00:00,35.79973034587522,41.3295,27.395905,15.768400901548793,25.580788,10.93235,2.3109950985505194,4.8046355,0.44022873
2015-09-02 09:00:00,34.419094629826134,39.10733,26.7128,20.041767585280066,38.801888,7.3126154,2.7003814052961395,4.7705674,1.0981781
2015-09-03 09:00:00,34.0893383216474,38.843903,25.752106,17.305025790128134,29.494133,8.577547,2.9863433328881075,5.1774335,0.9155999
2015-09-04 09:00:00,33.47066909977019,38.84146,25.25357,18.553261908152248,40.699303,13.136803,3.4474413301218507,6.063634,0.91233885
2015-09-05 09:00:00,31.813630949843116,37.86148,23.869293,19.701949344767197,38.08664,10.775932,3.284160594309774,6.0124297,0.5969111
2015-09-06 09:00:00,32.53588961763927,38.266754,26.012848,19.103338503777206,36.693207,9.603361,1.6903702508633032,3.7248895,0.33978212
2015-09-07 09:00:00,33.4562317230816,38.447174,27.273346,29.90010513684226,48.38406,21.907497,1.4636305979926663,2.9173586,0.13112164
2015-09-08 09:00:00,35.51178319887612,39.802887,28.404938,27.482702737712845,45.171055,20.206211,0.7679324824604209,1.8303876,0.11640751
2015-09-09 09:00:00,36.99444921862573,41.303375,28.494781,21.740462644230885,38.38072,14.043238,0.8181753003854274,1.690594,0.012406459
2015-09-10 09:00:00,34.90074803838519,38.2753,27.457672,33.070951842173585,48.20103,19.871265,1.3917351313243087,2.9473007,0.25650766
2015-09-11 09:00:00,34.975810413154306,38.228424,28.602203,31.537067627042312,47.010254,17.517918,1.0009741112034343,2.4366283,0.11611922
2015-09-12 09:00:00,37.51896029284711,40.707184,30.355621,25.160012615805023,46.730804,10.785064,1.4729670129735837,2.536446,0.71716315
2015-09-13 09:00:00,34.17276364579976,38.56485,27.32071,28.24737258209253,39.251236,19.077843,1.9873328458647492,4.1341825,0.63516927
2015-09-14 09:00:00,34.96336199627609,40.122223,26.68863,24.6900030182735,42.664772,16.766874,2.857831021508062,4.8424497,0.59748614
2015-09-15 09:00:00,31.542451481105388,39.007965,22.410309,31.916613184154855,79.37155,18.483736,3.602702106237703,6.675308,1.2561166
2015-09-16 09:00:00,25.120290871460725,34.47696,19.431305,58.974807179299304,92.11032,32.71625,2.8860777581685397,6.1034255,0.6322832
2015-09-17 09:00:00,28.017719668180007,35.04117,21.929352,30.951611127475818,58.879093,20.474442,2.786639936295223,6.0237584,1.0602531
2015-09-18 09:00:00,29.240212483125617,35.221344,24.315094,21.38730680638868,30.813728,15.330462,1.0364633214870038,1.8828585,0.11583079
2015-09-19 09:00:00,32.614238583071256,37.21988,27.085114,17.924903429114444,20.425983,14.078326,1.3240477039694785,2.6853862,0.36036792
2015-09-20 09:00:00,34.77916927211271,39.31363,28.315582,15.397084467781196,23.046396,10.4096775,0.8030085481794785,1.7945366,0.1768401
2015-09-21 09:00:00,36.359313461179624,40.557526,28.518463,15.83468353556443,29.058601,8.679696,0.658480261003101,1.1198908,0.101334594
2015-09-22 09:00:00,32.85229286625662,37.167877,24.36734,24.42912717793069,55.581543,8.695836,2.8255066014079864,4.944874,1.3103356
2015-09-23 09:00:00,31.990855828616304,36.496246,25.271149,33.24515391612034,56.239468,19.473774,2.017663676231082,3.5373542,0.46735796
2015-09-24 09:00:00,34.2089169658945,37.447662,27.699615,22.721100636612068,29.935009,11.970164,0.6085469211582438,1.2836176,0.16780147
2015-09-25 09:00:00,37.13582592659782,41.38443,29.655914,20.81699056114498,27.534546,15.511108,1.0704920311239585,2.4187498,0.16197772
2015-09-26 09:00:00,37.02186282480113,42.31241,29.704987,21.39787358167809,29.591675,17.182549,1.8934977164107971,3.1860685,0.2974567
2015-09-27 09:00:00,35.670743979913595,40.565094,28.770172,27.611531649554358,32.23541,19.554329,1.7049282167723114,2.9582005,0.7127528
2015-09-28 09:00:00,35.22230974391442,40.32901,28.307526,19.429375817763574,30.27543,13.325884,2.178611689098962,3.7192328,0.60689497
2015-09-29 09:00:00,34.5698339618321,39.9274,27.894196,19.01547179011119,29.012129,9.404722,1.5009765524099967,3.105066,0.41506094
2015-09-30 09:00:00,34.90545684589591,39.799225,28.449615,16.235087815563187,25.739265,10.528985,1.368195525663106,2.7856832,0.27283615
2015-10-01 09:00:00,35.094765141122764,39.946198,29.250885,17.782673215708353,27.235947,11.7169075,2.289277341889828,4.2283797,0.80078405
2015-10-02 09:00:00,30.72416611599732,37.92569,22.939362,23.709460250410267,43.112247,13.483341,3.106099251273285,5.136072,0.44880193
2015-10-03 09:00:00,27.686850893400276,33.181305,21.993805,30.14595435831108,35.470943,22.534697,1.9816131028262844,3.8127377,0.7051431
2015-10-04 09:00:00,28.70725071833806,33.781403,22.031403,28.47776954864482,57.4119,23.329868,2.920549989052666,5.219055,1.0203226
2015-10-05 09:00:00,22.061377105571523,31.67154,13.32193,54.063232990758195,84.430504,31.7391,1.531118222632729,3.8438404,0.3894608
2015-10-06 09:00:00,18.97615794577706,24.169098,15.090485,65.10562605887785,80.37287,50.59854,1.096813523439433,1.9884514,0.19996637
2015-10-07 09:00:00,22.994282592585137,26.180084,19.769928,46.21009347313501,56.820602,37.996384,1.7151644913171242,3.0503857,0.20131971
2015-10-08 09:00:00,27.414303352617367,32.195465,22.290192,30.509218484441842,35.595345,25.167095,2.027718645495263,4.1625137,0.2513925
2015-10-09 09:00:00,31.037991550830498,36.608307,25.105865,24.623277708924242,28.807755,19.145527,1.8772340441824018,4.0312157,0.30442646
2015-10-10 09:00:00,32.95627990274636,36.76529,26.868805,27.468899041413675,37.705894,21.065113,1.6141533782476882,3.3917704,0.29466015
2015-10-11 09:00:00,32.01777632343726,36.392,25.466217,29.181316315630845,36.351723,23.735107,1.1208912123271162,2.07537,0.083639346
2015-10-12 09:00:00,32.207980977140494,37.035065,25.79483,26.186297892496537,34.427486,18.551422,0.678879555679797,1.2670829,0.13589044
2015-10-13 09:00:00,33.376184158159276,36.586823,26.371979,29.389034383490703,39.14979,22.892708,0.9956677694700085,1.8857378,0.2773914
2015-10-14 09:00:00,32.37743032979597,36.640778,25.259918,33.07190795147014,49.856724,11.067661,0.8515412537363287,1.3462486,0.12498996
2015-10-15 09:00:00,32.65507809876192,37.412994,24.598541,29.54930537950524,59.80887,15.469742,0.6688849084280488,1.7987521,0.14377403
2015-10-16 09:00:00,26.502138439985174,34.59024,17.156647,51.6138302645313,73.03301,33.5037,1.8719785357285816,4.050891,0.22624984
2015-10-17 09:00:00,23.009218205698232,29.895905,18.511139,63.73090416089568,82.50304,50.44642,1.3957826198402281,2.899211,0.46020046
2015-10-18 09:00:00,24.99447221236545,31.108307,20.036041,63.67180606153114,77.55381,48.713963,1.5751696863648328,3.6248546,0.3678728
2015-10-19 09:00:00,22.097111639760897,29.896393,16.715973,45.74518002720164,80.17773,23.037104,2.02655430305316,4.6488037,0.28247762
2015-10-20 09:00:00,21.261692746542792,27.312164,15.663727,45.064637545384215,58.579464,34.384796,1.9010284994068125,2.782149,0.45187047
2015-10-21 09:00:00,22.447436597836713,28.122467,16.483795,37.91841435645364,52.619644,29.279737,2.556583595673025,4.504986,0.20449352
2015-10-22 09:00:00,23.38892594653396,28.390045,18.05655,38.798572993582674,48.15375,28.339333,1.3030835356091182,2.41758,0.5018404
2015-10-23 09:00:00,24.141061401301272,28.613678,18.600006,30.121219403110562,40.817886,22.203705,1.0838909120324676,1.9091412,0.27188662
2015-10-24 09:00:00,25.43974801046238,31.563873,19.495514,29.707324542178423,36.19976,22.53467,1.9845024472674029,4.0447164,0.6690131
2015-10-25 09:00:00,26.56489084320009,33.385406,20.361969,26.594640429567406,33.305084,20.03668,1.1056198511575999,2.2999988,0.04519186
2015-10-26 09:00:00,24.336804538725175,31.456207,19.020905,29.090477994597503,45.10867,17.480976,0.9007659729918751,1.7323484,0.15417427
2015-10-27 09:00:00,26.917711246108865,32.43155,21.677643,16.883854692767393,30.834255,8.32758,0.8984180066253374,2.1351094,0.12022441
2015-10-28 09:00:00,25.622593792945167,31.767975,20.27774,13.357031690905886,24.277773,8.019256,0.9680934588647879,2.036607,0.12599875
2015-10-29 09:00:00,23.879890308399297,29.595123,16.198639,30.205880227164627,44.64122,13.067003,2.6293552852936912,4.905778,0.122237585
2015-10-30 09:00:00,21.81147912452542,27.02066,15.010895,29.2330757331699,37.541237,19.908087,4.866308586822548,7.569747,1.7532059
2015-10-31 09:00:00,23.12266923980701,26.987701,19.81314,18.750066259615217,25.314463,12.603525,2.3841376189347696,4.5672407,0.4185953
2015-11-01 09:00:00,27.232160336246352,32.098785,22.892242,16.96653486287519,21.126766,12.22102,1.0891638232686602,2.0708396,0.32457206
2015-11-02 09:00:00,27.99161674379036,31.590485,22.713531,14.123865883173236,19.92052,8.31541,2.8990264632601024,5.734572,1.2527223
2015-11-03 09:00:00,23.638053142848264,30.861237,14.73819,34.167655658778294,74.83653,15.942633,3.8868138618759205,6.590649,1.8159149
2015-11-04 09:00:00,14.573382546350956,21.707916,7.655182,42.967917150263624,70.63773,29.53165,2.390832903252927,4.2317743,0.23333919
2015-11-05 09:00:00,12.113481438066913,17.064606,7.9584045,30.252096120498685,42.181362,19.254292,2.021188571697531,3.4809809,0.6945088
2015-11-06 09:00:00,14.246102186121277,19.315826,10.29068,23.403238688673067,32.327084,12.96427,2.0825648401795176,3.9374704,0.8216148
2015-11-07 09:00:00,17.075632748321425,22.640533,11.884674,22.552198312489,28.754246,11.274495,3.0906990262292227,7.1569815,1.1942
2015-11-08 09:00:00,18.322472377120107,24.798248,12.719635,20.578594034373012,27.557186,15.691169,1.551796630787111,3.7625325,0.2126609
2015-11-09 09:00:00,19.31193124158881,24.61026,14.465729,18.082722425892474,23.717653,12.782993,1.8341872902813416,3.950704,0.3815118
2015-11-10 09:00:00,17.73518825657834,24.332184,9.822418,41.44509907332838,68.53933,20.331802,3.6601542574698827,6.4837213,1.8735317
2015-11-11 09:00:00,13.071450793851056,18.457672,8.94278,22.95240984673525,35.3431,6.964196,2.61043686293073,4.063308,0.74853885
2015-11-12 09:00:00,15.199550416459147,20.610016,10.95108,12.068838125967133,18.733425,3.9342012,2.1591250660781873,5.452397,0.16715367
2015-11-13 09:00:00,16.978831257727506,22.403717,12.929108,11.3682417765397,15.808025,5.2650566,2.518137300804362,6.5258226,0.40728027
2015-11-14 09:00:00,19.462662982039205,24.516754,13.61441,14.008192068511685,18.483112,10.636992,1.6481573371823917,4.2287054,0.15055658
2015-11-15 09:00:00,19.980568136155966,24.623688,14.586578,17.77577504360478,26.054926,11.80102,1.49281617246767,2.496199,0.22983043
2015-11-16 09:00:00,14.946535615606365,20.436432,6.987213,45.227238330852984,69.47694,32.19178,4.744426527200965,8.403138,1.257327
2015-11-17 09:00:00,12.013290959060612,17.173492,7.865631,12.58072157931728,18.29869,4.9770164,3.6034489097208646,6.591157,1.3118004
2015-11-18 09:00:00,15.720397588848584,19.674225,12.383209,17.453034865234002,22.956253,10.257034,1.8759545974664242,3.7736452,0.08805739
2015-11-19 09:00:00,19.71614708178214,23.983551,15.871979,16.895788236875912,25.371187,8.684043,1.666037937834163,3.8321924,0.06963664
2015-11-20 09:00:00,21.26830292993907,26.106354,16.851715,16.573593417148395,21.412184,10.317258,1.5695520423063662,3.5254636,0.08377621
2015-11-21 09:00:00,22.8744156229385,28.142517,16.98822,19.4147120934153,29.773617,7.407839,2.864195135346504,6.9826555,0.87051964
2015-11-22 09:00:00,19.716760852575362,25.950104,14.557037,10.869024737028424,22.646133,7.3648844,2.4031760549214423,5.825259,0.7347852
2015-11-23 09:00:00,20.144612145636017,26.31192,15.432526,10.709909629745068,19.395325,5.7695723,1.187933223901813,3.430772,0.102984115
2015-11-24 09:00:00,20.818185546747486,24.382233,16.581451,15.978397571221702,23.282734,11.216327,2.089479857011209,4.5351324,0.5717589
2015-11-25 09:00:00,18.83623122580468,24.962616,11.402069,33.525409844759615,83.533745,17.202286,4.174528063771799,8.290935,0.7910327
2015-11-26 09:00:00,12.075484026833294,17.820984,5.1452026,36.896335847424325,65.67572,23.914001,1.9559565436738926,3.4037926,0.05670234
2015-11-27 09:00:00,9.86895701807208,15.90567,3.9252014,30.689942478001022,51.710964,25.234325,2.2780216724990616,4.0013533,0.7725675
2015-11-28 09:00:00,9.266079457453884,14.913971,2.6367798,33.38757033105749,43.610443,28.07138,1.9415645206655825,3.4235911,0.6067112
2015-11-29 09:00:00,9.334332977239114,15.063416,4.059784,27.386480381009157,34.44082,19.007225,2.1468020351016035,4.2905083,0.98366034
2015-11-30 09:00:00,10.087397889915621,15.829407,6.3024597,22.099391055565565,29.981726,12.986555,1.5846814226936643,3.3279617,0.2575954
2015-12-01 09:00:00,10.969374651136093,16.697052,7.8265686,14.941184071858233,21.305557,9.214529,1.5936060995001085,3.6956556,0.21724138
2015-12-02 09:00:00,13.673080597879562,18.907318,11.004974,11.085087397058285,17.63298,7.3101406,1.875021400402628,4.9396906,0.19325909
2015-12-03 09:00:00,15.53309851202755,22.658112,12.343658,9.629332973413096,15.354316,7.1573057,1.3135578666406709,3.4542859,0.17298132
2015-12-04 09:00:00,16.19278514089558,20.506744,12.692291,11.78300802594696,16.692863,7.3295813,1.2201324076317357,2.4841645,0.12566914
2015-12-05 09:00:00,14.536968544027559,18.13028,10.95694,22.17916322724478,30.623764,6.1589193,1.5025363408377281,3.2338097,0.093895644
2015-12-06 09:00:00,15.76506651239248,21.74942,12.028717,9.938581040224195,19.876217,5.286374,1.7105421339689764,4.030744,0.09314191
2015-12-07 09:00:00,15.588293563611217,21.85318,13.046539,9.909884737122155,17.08252,4.6922307,1.5790522631983623,3.5738754,0.061221436
2015-12-08 09:00:00,16.184123518623267,23.102203,13.1041565,12.099531512134295,16.68541,8.259629,1.5462390914589597,3.5046709,0.19098455
2015-12-09 09:00:00,19.147197068322782,23.582672,15.781891,19.328670929544188,26.610691,15.48537,1.041842855835768,2.6351466,0.0810732
2015-12-10 09:00:00,18.84988055814142,21.689117,15.230133,17.31876955711751,28.11353,11.168218,1.2829063812202388,3.2933934,0.2571615
2015-12-11 09:00:00,18.09344791178279,21.3732,13.55484,29.662938118404412,57.810608,18.04889,3.9703291787862147,8.640567,0.5035715
2015-12-12 09:00:00,11.109729910635679,18.176422,5.5123596,34.427249483123006,45.310215,18.75656,3.5079903132370314,5.519714,1.0668013
2015-12-13 09:00:00,12.418144715001063,16.91397,8.774078,30.00097246207955,37.26377,22.830175,1.7284607280209678,3.0137398,0.17569718
2015-12-14 09:00:00,14.49584000221654,18.6586,7.758209,34.30988531805705,63.88597,23.12561,4.1585504346243285,8.045452,1.3594575
2015-12-15 09:00:00,8.802071972322892,14.014313,0.9618225,28.725784678848655,40.410873,19.047966,2.8967199057510413,4.323981,0.36090747
2015-12-16 09:00:00,8.42598520743826,13.688141,1.0780334,32.30041128686447,37.245117,19.653702,2.204187936057236,3.942736,0.33856297
2015-12-17 09:00:00,8.785317010094957,13.870758,5.4371643,21.342056941552315,29.733925,11.379401,1.303058786382454,2.8106358,0.15291505
2015-12-18 09:00:00,11.216329882774232,16.267792,6.9084167,21.256284981427978,28.401522,14.107066,1.284983275445167,3.5141819,0.09938945
2015-12-19 09:00:00,12.988309461989274,18.618866,9.9216,19.58329679874994,27.991028,13.168631,0.9649897613786169,2.1572633,0.15189363
2015-12-20 09:00:00,13.541908090968207,17.198639,7.2728577,32.57696835794764,74.65392,21.09924,2.013913468974057,4.891505,0.29847422
2015-12-21 09:00:00,10.657051433525112,16.23648,6.261627,55.11092073711864,69.60115,38.294106,1.0224917868771817,2.301018,0.07176592
2015-12-22 09:00:00,12.866909593122898,16.52237,8.022369,65.40362461012461,87.057915,39.80791,3.589503806662434,8.841708,0.30230793
2015-12-23 09:00:00,15.307793573684137,19.689117,8.757721,56.087493679711706,77.94452,31.744602,3.8973796542535974,9.495168,0.0988277
2015-12-24 09:00:00,13.565210493551376,18.255768,8.390533,40.98857531424471,65.13662,26.081934,2.349649817322294,5.478437,0.42304704
2015-12-25 09:00:00,12.51562657515683,17.406555,6.2112427,32.40688164942681,59.795307,19.386517,3.8350488152384195,7.1322045,0.73913246
2015-12-26 09:00:00,8.570520069763347,14.306244,2.1714783,26.29570454759002,33.85885,17.80783,4.4045984962979325,7.1695523,1.5583067
2015-12-27 09:00:00,8.155159692752818,12.63028,3.3607483,16.229071369126967,25.911928,8.374175,3.883111376383973,8.461905,1.7624202
2015-12-28 09:00:00,8.343951372384652,13.574249,3.8476868,18.7067922821845,28.010204,11.0132265,0.8892368476193692,2.1122468,0.052054446
2015-12-29 09:00:00,7.67002411092966,12.455688,2.063507,31.030598672509083,52.17224,21.860146,1.796176879620318,3.2069857,0.5679525
2015-12-30 09:00:00,9.380517010236133,13.997955,3.5453796,38.51516132475131,47.19057,32.02245,0.9223238897003643,1.9346008,0.22981526
2015-12-31 09:00:00,9.532809739732215,14.01062,5.053589,36.65330028262824,44.62401,25.575535,1.7910471418541563,3.485403,0.68030137
2016-01-01 09:00:00,8.613953316842355,14.198517,3.377594,30.2201234310696,35.596695,21.061539,3.0745609045212308,7.290085,1.248493
2016-01-02 09:00:00,8.80036275357287,15.05777,5.0089417,27.183536748793422,41.115463,14.263225,1.7041918691285176,3.627277,0.33720058
2016-01-03 09:00:00,11.352795851957808,17.552155,7.7120056,32.97480364582727,39.076717,15.889049,1.814699798569656,3.729469,0.27887285
2016-01-04 09:00:00,13.35401648738582,19.96643,7.3531494,49.06803028300066,62.53162,36.898808,1.8846152267361944,3.8927627,0.24959129
2016-01-05 09:00:00,12.312736124066646,16.855988,6.611847,76.36640254947291,97.63496,58.04197,1.7822319674635008,3.4618714,0.7038614
2016-01-06 09:00:00,9.456611058719375,14.19223,3.5769958,64.12860643123267,92.93611,43.604893,2.6058568885051767,4.905729,0.7414981
2016-01-07 09:00:00,9.593136025048693,15.171783,2.8241272,71.69655564734013,92.13138,64.12623,2.894456478212381,5.681372,0.9070353
2016-01-08 09:00:00,8.95652806870163,12.805084,2.2973938,47.61001217735495,65.56594,33.799496,2.372799570905237,4.4992213,0.21232142
2016-01-09 09:00:00,10.64809218124384,15.082581,2.371643,43.76912088169571,65.64967,30.247326,1.141316065471805,2.2519658,0.058920894
2016-01-10 09:00:00,10.623439070589257,14.770355,5.5574646,54.46368013174323,73.48323,35.959793,0.5053740576321465,1.4367293,0.037504222
2016-01-11 09:00:00,9.56947652052446,13.123199,4.6025085,39.935448138801256,59.72422,18.896095,1.7882161658386375,4.241458,0.36233085
2016-01-12 09:00:00,10.975698163010293,15.257538,5.723419,10.587345281600484,18.461939,5.0362835,2.0424538213278103,5.2391224,0.080443665
2016-01-13 09:00:00,12.11598954580893,16.255371,9.07373,6.908375001748569,14.46049,2.6639185,1.1867476279055775,3.2751017,0.073041186
2016-01-14 09:00:00,13.708950036374574,16.579254,8.977692,32.2076246200499,51.50787,5.6914644,1.4202689106947919,3.1996837,0.17966573
2016-01-15 09:00:00,13.144727076596268,17.714874,8.4844055,30.536957080813444,47.796707,19.882645,2.1713684272423643,6.193274,0.012304461
2016-01-16 09:00:00,14.015324963446744,17.98648,7.1427307,39.19239604288768,59.550575,20.259853,1.3882775839768404,2.6880896,0.13337128
2016-01-17 09:00:00,13.515702171927899,17.622223,9.825348,34.19130666350437,55.088516,17.018204,1.323486098381121,2.9403908,0.08550109
2016-01-18 09:00:00,16.2661732760169,20.658691,11.225098,27.28849908832085,45.007492,10.836642,1.394746029798163,3.3807697,0.17427115
2016-01-19 09:00:00,16.810387815387912,20.837494,8.700775,40.139278228556144,57.34853,21.819862,1.5734124369940155,3.1007633,0.18144709
2016-01-20 09:00:00,13.34766206076688,20.647064,9.183258,62.63319041988779,88.389946,34.151905,1.1148773044120783,2.1836083,0.026852733
2016-01-21 09:00:00,15.768347220875,21.894623,12.26181,18.888949856113797,31.44543,9.235485,1.9951885247276926,4.9153247,0.36897025
2016-01-22 09:00:00,15.669742765072328,21.054382,10.445007,14.101508297516817,24.690907,5.230751,1.5442086364392857,2.8655367,0.243397
2016-01-23 09:00:00,16.18988229381796,21.19522,12.673737,19.518374145180914,32.321404,12.145625,0.9939997863598425,2.0425885,0.3238808
2016-01-24 09:00:00,14.865588944979436,20.401703,8.92514,37.625420589993674,56.308655,23.005112,2.403752318548833,4.6753917,0.33068866
2016-01-25 09:00:00,15.358990950762461,20.90567,10.083405,33.5065319819652,43.732677,18.539165,2.089772849226291,4.0964856,0.47476047
2016-01-26 09:00:00,14.354810350634637,18.6297,8.670807,19.584118333399676,33.806885,9.229219,3.061704508662751,6.9111238,1.1381702
2016-01-27 09:00:00,15.528362784576359,20.44809,10.828308,12.424082453355556,20.922022,7.5118856,2.260328631082176,5.7571073,0.42384407
2016-01-28 09:00:00,16.691058266056984,20.857208,12.781036,12.780607970922393,19.770098,7.293535,1.5344670077548062,4.2321253,0.2618625
2016-01-29 09:00:00,18.51827773466215,22.277985,15.547516,12.803290406986562,19.239384,7.1534452,1.0891030972890883,2.176191,0.089159116
2016-01-30 09:00:00,19.987147782386558,22.208527,16.763214,25.72260110945684,45.202156,8.526373,3.097285648057973,7.166124,0.8274424
2016-01-31 09:00:00,19.712063891333173,26.122467,11.200592,51.561167797457465,91.92954,32.859234,4.166316764218355,7.24918,2.090645
2016-02-01 09:00:00,12.239930521307258,21.525787,3.8519592,46.685007160577356,76.63493,34.881714,5.184077196815534,9.035752,1.3747782
2016-02-02 09:00:00,8.503888222126477,12.746246,1.2814026,20.230131051381775,36.76721,6.7134085,2.86290022182264,4.418687,0.39852178
2016-02-03 09:00:00,9.208949481937907,12.501617,4.025055,27.69997180590487,42.492798,10.8638935,1.885631582029104,4.3137035,0.4784418
2016-02-04 09:00:00,10.197982359464334,15.215973,4.2499084,17.725914063354413,35.23577,6.588819,1.88484316957368,4.377513,0.24368797
2016-02-05 09:00:00,13.584885448633656,17.99228,6.8680725,23.81112931693173,32.835648,12.280961,2.919301688319804,6.7115517,0.94887304
2016-02-06 09:00:00,16.124409195963153,21.19983,8.62561,20.651343881430723,28.678633,10.366133,2.667112056667249,6.35475,0.9260155
2016-02-07 09:00:00,17.828795898656438,22.941437,10.550201,14.24299688130718,19.580128,7.3924866,2.821905983236983,6.9140434,0.53650093
2016-02-08 09:00:00,21.284827388808367,27.265778,14.476166,14.782889454251364,19.078678,11.257321,3.9925916309020306,8.932308,1.9036244
2016-02-09 09:00:00,22.88348638778018,28.284882,16.411835,14.541162556981075,20.671608,7.839098,3.132162630830475,7.5707397,1.2480462
2016-02-10 09:00:00,23.903411922574207,29.242035,18.63852,12.064173462833045,18.031715,5.286515,2.080746604755191,5.353941,0.020254537
2016-02-11 09:00:00,23.812990888499087,28.05014,19.911469,10.891940072578981,16.207638,5.729083,1.6153295365492568,4.277781,0.292825
2016-02-12 09:00:00,23.86042053999273,28.4404,19.977509,9.225391800199425,17.965275,4.1792135,1.2888842196231995,3.8229313,0.16614324
2016-02-13 09:00:00,24.254630665468255,28.917633,19.933258,9.624247988291355,16.647648,3.9992113,1.28084237173784,3.3215775,0.13650921
2016-02-14 09:00:00,23.730066990393993,29.368683,18.120636,10.123985107798587,16.428154,4.232192,2.343096859307632,4.092814,0.50208354
2016-02-15 09:00:00,22.338030043634603,26.994019,17.111206,19.778558168193968,32.085087,9.831181,3.5773607844394943,7.242683,1.4941972
2016-02-16 09:00:00,24.12264768445374,29.498383,18.351898,21.60598179431422,29.495468,13.470613,2.6514503396281337,5.972833,0.824951
2016-02-17 09:00:00,25.2035686656713,29.718475,20.9216,17.72721820817603,23.123833,10.252739,1.0045026790173548,2.02655,0.22333582
2016-02-18 09:00:00,22.47507680975349,30.308746,14.527496,24.622028020788445,45.825634,13.774852,3.521475397556829,5.500453,0.47801936
2016-02-19 09:00:00,17.792657089792783,26.435516,11.9999695,37.02834661954338,62.292572,26.336538,1.5841209919089887,2.5714931,0.4235062
2016-02-20 09:00:00,20.424863742219372,26.502594,16.072906,21.59071181943888,37.521515,8.202596,1.2310190596473407,2.3568296,0.085543126
2016-02-21 09:00:00,21.3134146788791,27.929596,17.187408,17.81415766474836,29.410042,5.8123865,1.8378279612651296,3.649294,0.32918552
2016-02-22 09:00:00,22.874526885015428,29.116669,17.669403,15.344267438514668,24.606812,4.673217,2.679141174595483,4.419668,0.3651988
2016-02-23 09:00:00,21.57254441084632,26.482452,15.392609,12.113325090740744,17.85984,5.762184,2.982838136435672,6.0057697,1.2536998
2016-02-24 09:00:00,17.68128824436735,24.038239,11.813629,15.569752433792974,20.484823,8.746541,2.514450315606059,5.247641,1.2154455
2016-02-25 09:00:00,19.70475439891601,25.177643,15.820221,14.962370182377713,21.429043,10.672584,1.8382349853687914,4.537981,0.4061576
2016-02-26 09:00:00,23.544366241262196,27.63742,18.727264,14.078689220027034,17.859684,10.211191,1.2210865927734529,3.4015238,0.13762528
2016-02-27 09:00:00,24.78853316789207,29.352142,19.795502,13.21828671841725,17.10578,7.3164177,1.1041100165669193,2.1714404,0.16266991
2016-02-28 09:00:00,25.278898784274077,29.782867,20.017242,16.560290103636408,22.632725,10.439364,1.5869201464280362,3.033349,0.2958042
2016-02-29 09:00:00,25.56872674838928,30.115753,20.479034,18.47260317382289,24.554003,12.86512,1.430922645390199,2.8395746,0.17734937
2016-03-01 09:00:00,26.245476735931163,31.145172,20.610016,18.50305242376057,22.894438,14.980375,1.1130725799230454,2.2277098,0.046579152
2016-03-02 09:00:00,26.872670252926298,31.258514,21.389374,11.341713774310854,21.896029,5.0864544,1.8632643270121316,3.5696797,0.19737732
2016-03-03 09:00:00,25.75721773283533,30.774323,20.774323,12.257760132343313,17.897038,5.686001,1.4941761372495934,3.4263318,0.1522592
2016-03-04 09:00:00,25.56553053888149,30.376312,19.489594,10.866781682596496,17.732666,4.6302505,1.7730264388811285,3.79413,0.04994531
2016-03-05 09:00:00,24.42534009623091,30.053009,17.498322,22.501025769618554,38.182262,8.397183,2.8919377985111425,6.421275,0.69038326
2016-03-06 09:00:00,19.835192178669786,26.87149,13.703522,54.19066075227189,77.89348,12.096602,3.923869806001545,6.736534,1.369277
2016-03-07 09:00:00,14.998662999345697,21.387115,8.213287,33.477898619592445,82.723404,23.434427,3.8776462984470115,7.1546717,1.8617531
2016-03-08 09:00:00,12.881866775482422,18.544586,6.94693,41.98236315087326,60.53441,25.569567,2.216111857858267,3.9992118,0.54721016
2016-03-09 09:00:00,18.496047074595765,24.60147,14.146393,25.066944404127646,41.13582,15.639726,2.3533602184318423,3.9626658,0.40036193
2016-03-10 09:00:00,22.20868792055245,27.549713,17.411041,23.25375665840764,31.75565,14.64737,1.639014169571705,3.5099986,0.1797145
2016-03-11 09:00:00,25.718832369863776,30.049957,19.690582,19.769856171189673,30.47837,12.884977,2.4132778790895966,4.4361506,0.9011816
2016-03-12 09:00:00,20.048616453232853,27.932281,9.694244,37.7524219699918,80.25074,16.619205,4.589627030910293,8.568537,2.1340294
2016-03-13 09:00:00,18.36430003625071,23.127594,11.738922,41.4757034357773,76.7481,29.61591,3.1567947122858455,8.184631,0.60771656
2016-03-14 09:00:00,19.33931938206092,25.018951,11.316315,46.56272596431755,89.56642,31.769548,4.788285960824396,9.728496,1.5965805
2016-03-15 09:00:00,21.44860843690242,26.719635,15.475739,22.895010069474676,39.858276,10.559299,2.1682526409989404,4.190452,0.1079154
2016-03-16 09:00:00,23.979941932585746,29.173737,19.08194,17.649734535431087,23.564102,10.113626,1.3077969306979362,3.2594054,0.3669851
2016-03-17 09:00:00,25.634276129931493,30.663239,20.348785,13.907330338055731,26.510792,7.895047,1.513107509559786,3.487538,0.32539663
2016-03-18 09:00:00,26.154430546646836,30.898102,18.263336,16.327136743966122,30.4154,9.648283,1.5851637596694483,3.1385,0.3432099
2016-03-19 09:00:00,27.406382260322232,32.322174,19.796783,16.7863297215255,23.704037,10.750911,0.9979499612638469,2.2529926,0.10560885
2016-03-20 09:00:00,27.789586039329038,32.584625,20.692047,15.35958309817953,20.383532,7.1476765,1.7163159144945415,3.6551247,0.4052738
2016-03-21 09:00:00,27.55803082707314,32.69937,20.14859,12.3916841469141,21.896591,5.733921,3.0843924506783127,6.5048018,0.69256324
2016-03-22 09:00:00,24.076031223014525,31.967926,15.600739,25.554513225957873,68.39398,9.326463,5.134036706875843,8.934891,1.7012403
2016-03-23 09:00:00,18.57117701516927,24.485016,12.82486,16.10603502979906,22.17447,9.605436,3.513332321323695,6.149809,0.9500413
2016-03-24 09:00:00,19.321759595632727,23.24704,15.149811,12.926861296425974,16.535141,8.609789,1.8508727771597906,3.6873019,0.22751051
2016-03-25 09:00:00,24.28714378752187,28.144928,19.406647,14.946698572841461,33.102226,11.207697,2.0858647095499663,3.2070546,0.7213601
2016-03-26 09:00:00,25.12700932788323,30.117096,19.560455,17.85717636838054,36.107338,9.079994,1.814407719579098,3.3748937,0.20583908
2016-03-27 09:00:00,22.422284741438602,26.996979,16.424713,11.920160399370202,28.625656,5.995077,1.477610089763056,4.046787,0.21572585
2016-03-28 09:00:00,24.423772207366426,28.73648,18.377106,21.12972109695617,57.79297,13.828124,4.155179339425227,8.093258,1.7296995
2016-03-29 09:00:00,17.04873564013917,24.416168,7.838043,37.06336121438748,68.90214,21.572708,5.3260415050905845,8.975889,2.84277
2016-03-30 09:00:00,14.961096087909993,19.841705,7.5169983,23.104798410355578,66.219734,13.040047,2.6119187662471717,4.313814,0.91807866
2016-03-31 09:00:00,16.09418962243859,19.990631,9.891022,29.805387121214437,48.18484,22.449743,2.2572192920803533,3.3048909,0.6659704
2016-04-01 09:00:00,20.921711176405495,24.727692,14.852936,25.55482671661387,38.639946,21.891045,2.139318632163224,4.3812065,0.3648651
2016-04-02 09:00:00,23.959605167895006,28.528961,17.380524,23.153290320401215,30.06838,17.103537,1.0106680863983872,2.8176901,0.115390085
2016-04-03 09:00:00,26.324259057750226,30.306305,20.333649,18.20501035714445,23.577444,14.436819,1.0768828928223502,2.4843948,0.15789743
2016-04-04 09:00:00,27.2719277821177,32.34677,20.981537,17.632082939497625,25.934921,12.87541,1.5877241131797364,3.4712584,0.37339085
2016-04-05 09:00:00,27.732534119823868,32.517242,21.579742,17.124249036051435,25.342089,14.033495,1.3423911901221777,2.4712548,0.24556802
2016-04-06 09:00:00,30.108868068200593,34.768707,22.821442,11.213928584027562,14.090348,8.197862,3.2665286501649544,6.363204,0.5411185
2016-04-07 09:00:00,29.344735978817994,34.737457,22.212067,11.711661392427722,24.510733,6.088857,1.5283193024233601,4.3154464,0.36892056
2016-04-08 09:00:00,23.44839635468776,30.459137,14.291168,34.4256139821663,79.58142,19.732891,1.459021975476955,3.866646,0.28160837
2016-04-09 09:00:00,16.654380747527625,22.19522,12.650055,76.63817428525498,90.97857,55.02222,1.310234017267405,2.8178346,0.26222217
2016-04-10 09:00:00,17.400653203768286,24.764313,10.061188,62.66544557667695,78.61883,42.34539,1.3750991780221902,3.5151598,0.13921346
2016-04-11 09:00:00,17.327823997646476,20.996002,11.204742,63.520787339116225,92.42411,39.698578,1.410721966299641,3.653666,0.06640034
2016-04-12 09:00:00,19.981831486311535,23.095367,16.123444,51.64545064899578,65.54115,33.98163,1.2219023276052718,3.2633142,0.121056266
2016-04-13 09:00:00,23.890090731861278,27.716217,16.800201,39.60354734307914,59.61554,27.78995,2.2621837554208364,5.7397103,0.29845074
2016-04-14 09:00:00,25.2158131699191,31.451324,18.386871,30.15559689809315,54.68163,18.048819,3.907855828200108,8.916427,1.3741829
2016-04-15 09:00:00,23.75840120617886,31.872467,16.069733,20.915947186527493,39.422195,11.540002,4.046582866458816,6.6249614,0.7085916
2016-04-16 09:00:00,20.576707288938394,25.743805,14.326324,14.142548901879021,19.994753,8.5172415,5.480418845610086,8.179797,1.6206563
2016-04-17 09:00:00,25.111650338918423,28.255524,18.366852,13.224659408247566,18.24496,7.463711,3.2721255998333563,6.1426053,0.90678054
2016-04-18 09:00:00,26.340927317621606,29.290192,20.362457,11.446789540204758,14.844858,7.8682957,1.521499169303558,3.8243015,0.36508134
2016-04-19 09:00:00,27.87616982515982,31.100006,22.84024,11.831136350137696,14.332096,10.030104,0.719555706348894,2.133262,0.10361376
2016-04-20 09:00:00,29.1769939335868,33.05899,22.666412,12.442537109836525,15.201634,9.287273,2.034853361699852,4.4843364,0.24077955
2016-04-21 09:00:00,30.39386933593721,35.13858,23.251862,8.76188947228742,13.537067,4.64526,2.0024097732879063,3.8292136,0.48211408
2016-04-22 09:00:00,30.21396798825009,35.63028,22.960358,10.271695597050538,19.471378,6.7409105,3.2132554808190124,5.3086395,1.5750697
2016-04-23 09:00:00,28.010685360736716,34.5524,18.683258,18.602790631286794,50.967823,6.762315,4.105330882763573,6.573348,1.2981986
2016-04-24 09:00:00,24.0705754446559,30.139313,19.320953,16.513736289061974,26.619402,10.531866,1.8691933392868396,3.1631408,0.5107318
2016-04-25 09:00:00,23.640651722923167,30.932526,15.563385,24.76550646286169,55.316288,10.722539,5.384601422810315,8.999843,2.5917878
2016-04-26 09:00:00,17.844150797515965,24.297272,13.200592,22.13981833161612,56.683163,11.600022,3.895701535492649,5.9470015,0.9773007
2016-04-27 09:00:00,22.16279362290726,26.559479,15.371979,24.39169155096179,50.108955,18.751698,2.7405940618488502,6.2269883,1.2671814
2016-04-28 09:00:00,22.25521954015835,27.90445,13.072418,27.9339961964484,67.02191,20.709412,4.100299224559586,7.1119275,1.1359547
2016-04-29 09:00:00,20.376733324092925,23.934235,14.969391,34.700580378346196,76.014305,23.266834,2.8897850539614813,4.9299035,0.3909199
2016-04-30 09:00:00,24.57721601356991,29.033356,15.976715,29.74546491934699,78.57399,22.054455,3.156681921698309,5.2341785,0.6518333
2016-05-01 09:00:00,19.420607955551702,23.568024,13.548248,48.39524785391001,60.648613,34.375175,2.4617447102795103,4.324288,0.9702218
2016-05-02 09:00:00,23.271955421377072,27.805573,15.114899,26.075309002057406,43.130062,10.433167,1.5217143664564394,2.3191867,0.28328675
2016-05-03 09:00:00,25.266411233813642,30.242584,18.915436,23.751360079339772,32.776608,17.331993,2.1668694571139433,3.4526246,0.8125881
2016-05-04 09:00:00,28.812103094263364,34.13394,22.434723,19.832470052652013,32.824047,15.30549,1.5016943806070402,2.5005996,0.26541895
2016-05-05 09:00:00,30.08943291617038,37.38199,19.936676,18.046595120547213,48.276,11.795531,3.3169972244463253,5.488821,1.05033
2016-05-06 09:00:00,23.92865463339791,31.971832,12.624176,30.02245195033391,86.0569,15.607308,3.4159066281915207,5.7016387,1.7738001
2016-05-07 09:00:00,18.80602166569855,23.91983,11.306305,44.843577579946825,84.96816,23.308002,2.700108541766921,5.910173,0.3376778
2016-05-08 09:00:00,20.132370991258995,25.55362,13.903717,36.927109485911814,78.41204,24.517513,2.3600130979187304,5.1053743,0.7867211
2016-05-09 09:00:00,23.91491972625238,27.972076,16.983795,36.25865695536454,79.57723,23.803795,2.9516248894350836,5.637068,1.6274045
2016-05-10 09:00:00,27.343072528043535,30.824615,19.334381,35.77224007161618,64.47748,23.344666,2.335149082839484,4.7361975,0.32704103
2016-05-11 09:00:00,28.932035956425693,33.120758,21.370758,29.692713251214833,41.339752,13.424432,0.8896222761692112,1.8548763,0.037912488
2016-05-12 09:00:00,30.334568281735983,34.705963,24.219635,19.97502485796222,27.30072,13.177978,1.8583036752013478,3.3455343,0.6785551
2016-05-13 09:00:00,33.01016825056064,38.138336,25.610992,15.153211323064404,23.596535,10.127594,1.2009044370225577,2.393669,0.26983196
2016-05-14 09:00:00,34.199133218265956,39.63492,24.789215,15.109156146765491,38.09496,10.0207405,2.8159367139712024,5.1972623,0.744844
2016-05-15 09:00:00,31.634873756511013,37.77896,19.319977,23.740039075143173,72.17727,8.99092,4.239859915396372,8.63202,2.2225718
2016-05-16 09:00:00,28.194854415156442,33.79776,18.737213,25.413910464072185,73.9499,11.48977,2.8914308802292408,5.5424247,0.5903923
2016-05-17 09:00:00,27.63791260293499,32.351227,19.657867,23.163661135475582,61.13574,15.097729,2.4274668780511135,4.351207,0.32532987
2016-05-18 09:00:00,25.352146028775564,28.1232,18.677887,31.049922890733157,43.724945,22.431974,2.12173125034167,3.0732157,0.86098975
2016-05-19 09:00:00,29.82151289218706,32.937164,22.337555,20.84332397774511,39.7261,12.663075,1.411339899058247,4.074923,0.15066433
2016-05-20 09:00:00,31.318230957788728,36.095123,21.620514,21.89003746660793,46.047302,11.81132,5.465058769665837,9.100863,2.2751017
2016-05-21 09:00:00,24.0183425911884,33.829742,14.816071,25.55591467170495,79.5623,8.038642,4.739619608600797,7.898218,2.404467
2016-05-22 09:00:00,22.893124197118595,29.18985,14.798248,23.462446196372053,64.26398,12.857725,3.3913369241264397,6.4784513,1.5666049
2016-05-23 09:00:00,24.51286478455785,29.563385,18.07315,22.380846069756693,55.440468,16.088905,2.5343047322935024,5.6735477,1.0626307
2016-05-24 09:00:00,25.256916366480027,30.707672,16.645172,25.893487596346432,72.35276,15.829325,4.4176366041858275,8.225601,2.2909527
2016-05-25 09:00:00,24.383203197019498,29.680817,15.434723,25.88268497881302,74.589554,16.362991,3.098445650481699,5.7767134,1.8688395
2016-05-26 09:00:00,23.146012718652912,29.700104,16.232086,29.574726264063024,77.48552,16.746572,3.05418729628791,5.719189,0.7844226
2016-05-27 09:00:00,26.822271535150094,30.883698,20.256256,23.08229866075276,36.727768,17.210215,1.7670338647990733,3.7014031,0.047912788
2016-05-28 09:00:00,29.814187817140123,34.295807,21.77237,20.70940126430431,36.402317,16.016613,1.3810658580880557,2.6462402,0.07152841
2016-05-29 09:00:00,30.18643180203526,35.275055,21.261383,17.885898479146356,45.085888,10.411624,1.9234256091362536,3.5790813,0.52097726
2016-05-30 09:00:00,29.582162493432122,33.950836,21.230133,16.474095412401276,45.70642,7.069121,1.4546764668917767,3.2465646,0.3176184
2016-05-31 09:00:00,32.830953275496825,35.996735,23.420563,11.372875477118887,25.680382,5.894058,1.0563520793626204,3.192238,0.06351786
2016-06-01 09:00:00,35.33873681746769,38.31241,22.622955,10.563019590361359,22.042538,5.854415,1.0877080990302062,2.3074658,0.02430512
2016-06-02 09:00:00,36.72758983647327,40.294586,26.977448,11.369156773482116,21.691284,8.064182,1.9133850010357218,3.9032366,0.37391922
2016-06-03 09:00:00,38.75183563862237,42.834625,29.942047,9.97529388193029,13.035048,5.3622065,1.9347025066615702,3.2915132,0.9785784
2016-06-04 09:00:00,39.46486312780797,44.898834,31.389069,8.730657196280285,11.58725,6.421485,1.3629633928631273,2.8724685,0.41830564
2016-06-05 09:00:00,40.58061185029504,46.65152,29.440582,7.638058489814467,14.276588,5.4953384,2.677498158509044,4.8981986,1.4356945
2016-06-06 09:00:00,38.110758382274526,44.519928,25.230865,9.620161977935483,21.05423,4.702668,3.0065563000941893,5.219391,1.548581
2016-06-07 09:00:00,37.708592133284924,42.154205,24.66983,12.409570829104783,30.222569,9.21085,2.6188742178209137,5.157732,1.4284179
2016-06-08 09:00:00,38.38097274359052,41.361725,24.312897,15.220347304147955,25.991405,11.678255,2.4402456071915357,4.33174,0.7862703
2016-06-09 09:00:00,38.534428963913115,42.00186,26.111237,16.148257477157035,26.452526,6.667119,3.2845992273506748,5.2904963,1.5561278
2016-06-10 09:00:00,36.391453595124574,40.27359,24.537262,20.251383504932633,37.194847,2.4327002,3.533886276407432,5.60072,1.6255904
2016-06-11 09:00:00,34.65876928267022,38.449127,26.11319,24.010091891456064,38.39308,13.529802,3.049949361571621,5.683764,0.17156316
2016-06-12 09:00:00,30.541612992620287,37.56436,19.622955,30.65406848911973,67.44054,20.1384,3.2286192578661823,5.577703,1.2307185
2016-06-13 09:00:00,31.248317786269865,36.817047,21.791656,23.80638578228273,49.029606,15.525701,2.7229665136000367,4.846894,1.25979
2016-06-14 09:00:00,31.51509467428474,36.627594,21.748688,23.112839109210707,48.38306,17.399124,3.157975316399325,6.7727594,0.856851
2016-06-15 09:00:00,32.8531477369238,37.84732,21.903961,18.856471287598414,54.129448,9.953666,4.391748583631889,8.479098,1.5450654
2016-06-16 09:00:00,30.294140689009737,36.952057,21.711334,20.631233382374038,52.030716,13.847538,4.228613584890852,7.650968,1.812033
2016-06-17 09:00:00,31.231593801448355,37.257477,24.683258,19.640789888667022,33.679054,12.467288,3.0121202318283196,5.7370887,0.9902187
2016-06-18 09:00:00,33.923354954061836,39.73062,27.511871,15.073698336214752,22.575428,9.286411,2.073577667332773,4.4926934,0.14853992
2016-06-19 09:00:00,35.62702449921028,41.902496,30.7919,9.113064174803107,13.030188,4.284094,1.4986665156337542,2.8625917,0.2806192
2016-06-20 09:00:00,40.91893966512254,47.26651,34.555573,12.123717457126778,16.680946,10.261798,1.6059859567922905,2.9395235,0.4347295
2016-06-21 09:00:00,42.972281991196496,49.308258,35.72818,9.548039585132459,13.440714,5.8839407,2.810454953029809,5.047594,1.146021
2016-06-22 09:00:00,40.56118805204676,44.45401,28.795807,10.969110956011047,24.604996,6.874527,3.683999964761133,7.8188815,1.6926514
2016-06-23 09:00:00,39.9017115222444,44.72061,27.716705,11.78508350119409,26.273582,7.4142084,2.9972478741874338,6.2743616,1.5132189
2016-06-24 09:00:00,39.01755647534657,43.318512,27.670074,10.077114693914918,22.329655,5.9077806,2.903325473991591,5.69609,0.6835195
2016-06-25 09:00:00,37.83954858931776,42.683502,26.930817,10.440035989253559,21.7762,5.3632917,1.7925942561933086,3.6165068,0.35672453
2016-06-26 09:00:00,38.299031214219326,42.076324,29.845612,12.320503887411217,19.122158,5.603734,1.1193963145443977,2.166379,0.16911884
2016-06-27 09:00:00,40.25631166647304,44.03775,29.977203,11.10069689715035,18.85999,7.418584,2.4464527318147953,4.382253,0.85898554
2016-06-28 09:00:00,39.28233929330139,44.475983,28.300201,13.054023356496046,25.259018,8.110642,1.714433505550071,3.6844485,0.68373007
2016-06-29 09:00:00,38.266633362542336,44.103912,29.416412,14.352943108737128,20.757217,9.20237,1.5111015884832992,3.894132,0.13888842
2016-06-30 09:00:00,40.39507326488848,43.860504,30.454254,14.733636168811378,23.3749,8.1209955,2.810102222595173,5.422962,0.9568376
2016-07-01 09:00:00,35.58755203494053,39.497467,28.434967,29.977483477908958,64.468834,12.437586,2.149635415308788,4.804108,0.8516361
2016-07-02 09:00:00,35.04735022922489,39.473785,24.423248,37.84759693275981,60.276115,9.492068,1.4474163047087387,2.999796,0.05545056
2016-07-03 09:00:00,35.7799704285639,41.6481,27.16568,18.290934414535595,30.768202,8.166638,1.8013926193298342,3.5960963,0.23362969
2016-07-04 09:00:00,36.92058907517196,42.719147,26.068756,16.451803664126466,21.905142,9.161142,2.363265652354714,3.9557097,0.90295243
2016-07-05 09:00:00,38.18393797492325,43.338287,26.463287,11.38774663397367,14.904726,4.0688286,3.083512015209713,5.983027,0.55827934
2016-07-06 09:00:00,37.230136135018824,42.755768,26.18155,11.12132833397018,28.107002,4.1772738,3.4660637055499586,7.035049,0.70334643
2016-07-07 09:00:00,36.44335631560136,41.164215,24.9982,13.531509006420416,31.699604,8.072258,3.1354535646476216,6.2535095,0.5703182
2016-07-08 09:00:00,36.79048749780338,41.086823,26.815338,15.072299574874778,25.277441,10.488379,2.6460608694121235,5.24547,0.47568125
2016-07-09 09:00:00,37.23157315995144,42.303864,27.913239,15.729056943588118,27.102406,7.863415,3.107537081786939,6.0307956,0.7080258
2016-07-10 09:00:00,37.39428896495343,42.91397,28.386627,14.713145213761207,33.479168,8.478383,4.461507807127031,8.4942,1.5504264
2016-07-11 09:00:00,36.4355608622231,43.409576,27.251373,13.225840428185688,41.719475,7.028124,3.057409479272877,5.914244,1.28503
2016-07-12 09:00:00,35.81499082941883,40.72696,26.617584,11.693998644171906,39.824368,6.460866,2.1917511404586043,4.4824657,0.7575629
2016-07-13 09:00:00,37.357701195593734,42.301422,26.529938,12.098708805771345,19.684017,7.371167,1.962682069862542,3.9072084,0.046685215
2016-07-14 09:00:00,37.5064247736949,42.15323,28.348541,11.95089536960817,18.231894,5.5029545,1.608059484687945,3.362212,0.13261904
2016-07-15 09:00:00,39.619118802198216,43.79117,29.064606,10.353899528896857,16.35649,6.731489,2.2625424665472407,4.539665,0.34305057
2016-07-16 09:00:00,40.09188613013566,44.87149,29.12149,9.598232553992824,17.087502,5.5509014,3.3650989644872467,6.523544,0.6659252
2016-07-17 09:00:00,38.87554943048491,43.30069,28.648346,10.043856477529106,17.367607,6.1045485,3.3701549765275187,6.3027554,0.6837532
2016-07-18 09:00:00,38.18861332904629,42.50699,28.487457,17.2462644755852,33.447723,8.701867,3.404806546631072,5.7964606,0.96756107
2016-07-19 09:00:00,37.840322226373814,41.838287,29.865631,17.484781429563984,30.868168,7.476431,2.84419443233885,4.916129,0.8593176
2016-07-20 09:00:00,38.67659358130044,42.969147,31.584381,16.196680016033877,21.366901,9.706745,2.454975900330667,4.4626646,0.41108853
2016-07-21 09:00:00,39.20544292337763,43.22159,31.966217,16.548311576078476,27.514074,9.756392,1.9667559436978082,3.9640145,0.46464726
2016-07-22 09:00:00,41.04366318674164,45.33731,34.495514,10.699097530190254,15.980404,6.70306,2.22756838372051,4.2984567,0.80926603
2016-07-23 09:00:00,41.540559633638225,46.281647,35.350006,10.73115720879952,16.077843,7.1020365,1.8690314203459055,3.3608723,0.2578137
2016-07-24 09:00:00,40.25004121041246,44.66983,31.833893,13.470412751047052,22.246557,4.398901,2.785997656588547,4.7042,1.0457712
2016-07-25 09:00:00,41.16918652971549,44.81021,31.632477,20.00553676575802,36.009457,8.931332,2.9768408048903967,5.5452023,0.7167076
2016-07-26 09:00:00,39.95824242374147,43.620758,32.275055,19.818987475701395,36.723938,9.739565,2.3607842184916956,4.658167,0.98178154
2016-07-27 09:00:00,41.28755922359767,44.944244,33.401276,16.0838155461994,28.36507,10.404133,2.047656090807095,4.2735505,0.5674385
2016-07-28 09:00:00,41.282027205938334,44.950348,32.880035,16.9291950378691,25.444454,12.272796,2.2234484783046233,4.11984,0.9377501
2016-07-29 09:00:00,42.329976551589084,45.375397,32.650787,16.07668655053654,22.52784,11.76612,1.981491109764013,3.5982525,0.4699929
2016-07-30 09:00:00,42.270184060443,46.28018,31.895416,13.702867177174847,27.698269,8.431615,2.44030686659648,4.763056,0.9397238
2016-07-31 09:00:00,36.93943580776636,42.34732,28.751617,34.98149873671228,50.32372,15.295319,3.024987383121181,4.74103,1.4806463
2016-08-01 09:00:00,38.083028335538074,42.112946,29.318024,31.882826552207955,42.045746,15.748873,2.8369084372695252,5.4344277,0.97192484
2016-08-02 09:00:00,37.84568972696627,41.111725,29.107819,32.44385468891838,47.17158,19.313799,2.3380637659525902,4.261775,0.8620227
2016-08-03 09:00:00,37.64961923298404,40.87149,30.396881,35.35042242527421,54.68549,17.978619,2.7148964233954787,4.282744,1.0558715
2016-08-04 09:00:00,37.099723091221335,41.14688,29.19571,33.34422003685632,50.19801,16.286957,2.002416357967298,4.073303,0.11806523
2016-08-05 09:00:00,34.42466825242144,38.628326,27.821442,28.274246031852247,55.328644,5.3516645,1.7541285370612811,3.2112045,0.7839077
2016-08-06 09:00:00,37.565693441745566,41.40811,27.954987,23.216539118251205,33.664494,8.644963,2.429233200033485,4.130648,0.71867144
2016-08-07 09:00:00,37.41209429214132,43.11783,28.195953,20.357442022937065,29.590397,10.660606,2.4505097336881745,4.379031,0.5570875
2016-08-08 09:00:00,37.97340297876519,44.2731,27.558258,16.408763553759115,28.703869,6.554404,2.3720479347521928,4.3632736,0.19555038
2016-08-09 09:00:00,37.77464510528654,43.290436,26.450592,13.122274177237923,25.759943,4.8776054,3.1930374077857873,5.087017,1.2034978
2016-08-10 09:00:00,36.48146816503959,40.505768,27.203033,16.89833951212471,52.836945,2.2426949,3.56354682948394,6.348471,1.2267607
2016-08-11 09:00:00,36.014348757916196,40.119293,28.418121,18.82341147590286,48.74024,4.2597694,2.8863674001362534,5.2486563,1.095861
2016-08-12 09:00:00,35.63953194109513,39.773834,29.166412,23.395432043663757,41.39952,7.2042074,1.2926739082648837,2.3750796,0.14234665
2016-08-13 09:00:00,36.978482439737036,41.83194,29.810455,18.550386070581542,30.130661,8.215207,0.9404381821445652,2.8088,0.04560927
2016-08-14 09:00:00,40.09267174693099,46.08853,31.59439,14.522303844549711,24.993248,6.5004225,1.1194654770428936,2.9203706,0.16776909
2016-08-15 09:00:00,41.03867354233978,45.17691,32.559723,13.944545137965758,17.680922,10.739222,2.6123021491895697,5.2717533,0.4796203
2016-08-16 09:00:00,40.286560120833315,44.765778,32.943512,8.054867492864192,12.793235,2.4221413,2.663401494412458,4.4749613,0.6608196
2016-08-17 09:00:00,39.8947420330652,44.80069,32.665924,7.274130114550796,20.536613,0.017507553,2.151621328766047,4.2830486,0.6058833
2016-08-18 09:00:00,38.537902479652246,42.565582,31.692535,10.840940263438165,18.82035,2.7109747,2.253564617589067,3.3709116,0.57862747
2016-08-19 09:00:00,36.14395510543545,39.630524,29.900055,24.417394607764066,40.139397,11.689071,1.5740460971393229,3.700064,0.28181928
2016-08-20 09:00:00,35.14874367972914,39.20108,27.549957,16.303074757899115,24.01049,5.8542414,2.201835369660617,5.0817366,0.044270046
2016-08-21 09:00:00,36.442155341077296,40.028717,26.923248,17.38899560155487,29.525635,11.953893,2.7238409707033426,4.4772005,0.62949324
2016-08-22 09:00:00,34.61234488316279,38.75943,28.35904,26.087148784177867,43.553513,14.625019,2.7908064718998187,5.5154505,1.0648053
2016-08-23 09:00:00,34.34128348676563,37.95987,27.092682,29.419753059596747,48.063244,19.621838,1.7465690075006204,4.4318523,0.14104035
2016-08-24 09:00:00,34.769119784861914,37.246002,28.154205,18.82850745026212,26.895786,14.536411,1.9410404433940447,4.3694425,0.7188927
2016-08-25 09:00:00,36.74457483879604,41.252106,28.422028,16.94511408744215,29.801159,13.680066,2.775284766382801,4.559237,0.88860863
2016-08-26 09:00:00,35.79366067985575,39.866608,26.071686,18.40612941826095,26.995415,13.76136,2.5300078829098207,4.119526,1.1082653
2016-08-27 09:00:00,32.743592650991786,36.27408,24.914703,31.033628211853035,51.547752,14.282127,2.3631598302195003,3.477418,0.5709559
2016-08-28 09:00:00,30.66701256298819,34.384186,25.020905,24.18530356816605,36.59764,15.109361,1.1953669349017666,2.2134235,0.339905
2016-08-29 09:00:00,35.340715209957295,39.41812,29.308258,17.249947402903977,24.75282,12.198132,0.9805473887738562,2.4196494,0.08024399
2016-08-30 09:00:00,38.183859439368064,42.304108,31.34903,13.505378398363042,17.50565,11.191894,0.817708974132002,2.1770625,0.069824256
2016-08-31 09:00:00,38.669860724319165,42.829987,31.378815,14.703616911785385,21.45015,8.78477,1.6548968685891838,2.8320365,0.6547183
2016-09-01 09:00:00,37.679653687877135,41.39859,29.218903,18.174196560128234,25.341724,13.100791,2.4194421459964515,4.070572,0.981113
2016-09-02 09:00:00,37.18153912668049,40.87564,28.254547,19.36410111343663,34.76255,9.599177,2.763594021658724,4.4234343,1.0224583
2016-09-03 09:00:00,35.963837159918,41.378326,26.485748,13.746941368694792,24.611412,7.09805,3.1604107003763633,5.576437,1.0784926
2016-09-04 09:00:00,33.5999002142068,38.79605,23.405426,14.322727407106754,41.349777,4.662278,3.88725545974561,7.6834087,1.5856293
2016-09-05 09:00:00,31.061455681774135,36.77774,22.506256,18.217166777661955,59.83072,9.313008,2.5120110705641694,5.135117,1.2626655
2016-09-06 09:00:00,30.500556743053494,36.476715,23.930817,13.906569705857121,23.884274,8.05577,1.0161218072912082,2.2712045,0.09542648
2016-09-07 09:00:00,33.09953147843993,37.50772,27.335846,14.028032609795726,28.494377,8.482658,1.3684128103993185,2.624738,0.19198251
2016-09-08 09:00:00,33.32026294470802,36.483307,25.77237,25.218798016716864,55.073223,13.74341,1.9522621853578186,3.1140122,0.6212172
2016-09-09 09:00:00,34.64066911184511,37.973785,26.462067,25.56006740163399,39.573483,14.396405,1.4645352291015648,3.325353,0.016782869
2016-09-10 09:00:00,35.92377978272549,39.4523,27.737457,19.783236321418954,25.14012,11.722151,0.9490895529979096,2.3834898,0.11728083
2016-09-11 09:00:00,36.365686646284416,41.07364,29.059967,15.300029901244418,20.234875,7.0277195,2.1869030871333126,4.5852003,0.5212785
2016-09-12 09:00:00,35.44327863336571,40.254303,26.5961,12.042231986365662,20.50343,9.038586,3.9354645229462553,7.475926,1.6171407
2016-09-13 09:00:00,31.808957849047488,37.24698,21.487213,20.329540305385713,64.56383,7.7365093,4.414807598629087,7.999683,1.9685421
2016-09-14 09:00:00,26.55138727035876,34.435455,19.593658,25.45693442857631,47.518784,11.928939,2.7077012665501154,4.401598,1.3229282
2016-09-15 09:00:00,27.823527780554798,32.70938,22.420319,12.366759517245589,24.491825,7.1407537,0.8833427601404287,1.8509868,0.19200577
2016-09-16 09:00:00,30.78769677751933,34.618073,24.801666,13.127107153934833,15.065827,9.745515,0.45504712677723175,1.5026368,0.021191344
2016-09-17 09:00:00,32.18318041611366,36.00821,26.010162,12.074229687300122,14.420782,8.752786,0.8941082794178965,1.8080926,0.103241146
2016-09-18 09:00:00,33.6941515828363,38.24991,26.699127,10.496317512792972,12.703508,5.9810925,1.1068467766750008,2.1898339,0.4547595
2016-09-19 09:00:00,36.700846293791756,40.62857,30.761383,10.791329275630662,14.2627535,8.086972,0.5929384448387819,1.1982833,0.06706768
2016-09-20 09:00:00,35.058087082176655,38.144684,27.371246,18.952294967057817,31.621977,11.524321,2.9814026236556033,5.093569,1.0501448
2016-09-21 09:00:00,24.59656582896588,29.996979,19.74942,60.34074185697026,77.67005,41.908333,1.2721509360796046,2.293621,0.26782227
2016-09-22 09:00:00,27.980087712420072,31.954498,22.016998,43.81320481563989,73.85064,15.057375,3.093505725026805,6.73051,0.5449513
2016-09-23 09:00:00,24.19471760173269,32.525787,17.994537,12.262400186223736,25.971033,2.9053946,3.5219898979366207,5.8889728,0.8855355
2016-09-24 09:00:00,24.812684702666047,29.152985,20.90689,18.46855978806526,21.733353,12.940385,1.736759946878638,3.50909,0.1451025
2016-09-25 09:00:00,29.97825232136654,33.417633,24.708649,16.573587629977318,22.73073,11.972918,2.9410115364212674,5.452423,0.38478222
2016-09-26 09:00:00,31.49041217473666,35.97354,25.037994,16.08687050734448,20.769928,11.656648,3.188694408626495,6.001412,1.3577275
2016-09-27 09:00:00,32.72669537342313,36.903717,25.83731,20.24448507831284,26.915531,17.365078,1.661339224601958,3.026444,0.12492248
2016-09-28 09:00:00,29.0356295208378,32.859283,22.079742,37.57115285267494,46.316498,19.694683,1.32279538250785,3.148886,0.19458748
2016-09-29 09:00:00,29.39822178791553,34.18106,24.067291,31.384932518777816,43.040543,23.331923,0.925564693329545,1.8297491,0.20792204
2016-09-30 09:00:00,32.04936157764081,35.442535,25.27652,25.34477270766749,36.464256,20.041927,1.6455340193875343,3.411655,0.5725753
2016-10-01 09:00:00,31.85003212288217,35.91861,24.483063,30.561833902549093,39.129585,24.432379,2.239613763317363,4.56976,0.17986698
2016-10-02 09:00:00,30.570418324962134,35.953278,24.082184,25.253999030779077,36.403046,13.85174,2.8729240289157216,5.332154,0.4526116
2016-10-03 09:00:00,27.650396408544736,33.88907,19.611725,17.412131592278556,60.828667,6.70662,3.8027629658896296,6.8484116,1.5036026
2016-10-04 09:00:00,22.593890785892086,28.61148,18.924957,22.880462843357915,39.46989,12.1176195,2.00913400542801,4.0483437,0.4690407
2016-10-05 09:00:00,24.88012866112257,29.314362,20.234283,24.260088250281818,58.432125,15.732907,2.261276125123975,4.421199,0.5485387
2016-10-06 09:00:00,25.149349003085092,30.20279,20.675446,15.460975666247306,23.91087,10.896754,2.010709264443963,3.581674,0.13216367
2016-10-07 09:00:00,25.69014565647484,31.47525,19.69986,12.271392434877319,14.794921,7.174075,2.5213152542056134,5.575449,0.78657556
2016-10-08 09:00:00,27.913729299343288,33.42935,21.72818,13.355157714141404,18.05418,9.600831,1.5428362905980664,3.773701,0.19395319
2016-10-09 09:00:00,30.0966870289584,34.568512,24.369293,16.765343495771276,33.737316,9.897634,0.821810779869937,1.6874632,0.17056929
2016-10-10 09:00:00,31.20446095385489,35.96646,25.331696,19.158457571858303,29.408228,14.47854,1.5820445687659712,2.9052536,0.66792774
2016-10-11 09:00:00,30.37968544584544,35.421295,24.384186,19.925243434796496,30.56031,12.400413,2.3354795033063995,4.465489,0.29035544
2016-10-12 09:00:00,29.50388711917924,34.226715,21.61148,18.81386863450754,36.642353,9.976688,1.665738804338985,3.364897,0.8759813
2016-10-13 09:00:00,27.67645468976491,32.86026,21.266022,17.751893674526226,29.058533,9.696924,1.573586103814035,3.0467353,0.636542
2016-10-14 09:00:00,29.29178236168633,33.743317,23.710114,14.86038657862308,21.56746,10.638124,1.9720145576675403,3.7969658,0.60856473
2016-10-15 09:00:00,29.92912988717734,34.69937,22.609528,16.057031867203005,26.087105,12.177389,3.169812011668335,6.8327637,0.32122308
2016-10-16 09:00:00,27.996659044368414,33.588287,20.506256,35.74737084012541,67.03747,23.373405,4.029339815733109,8.206597,0.8340834
2016-10-17 09:00:00,25.945831674808346,32.34561,17.001862,35.032351122233074,84.4758,18.618671,4.191570421857973,8.500521,1.2975205
2016-10-18 09:00:00,24.671197664551755,30.427643,19.57022,36.11041064566121,49.219177,16.594177,2.3928206339664717,4.648419,0.52667695
2016-10-19 09:00:00,24.88183669362155,30.406647,21.867584,13.280114036865882,20.967512,5.233137,2.4771558319541134,4.5702715,1.0421028
2016-10-20 09:00:00,25.564975974747256,30.843903,20.828522,11.129439245254071,15.442955,5.8744745,3.3921917403426383,7.696128,1.519348
2016-10-21 09:00:00,27.42273093441463,32.90518,23.315826,9.504491117693496,11.526645,7.816781,1.6150749982665378,3.6410396,0.34676903
2016-10-22 09:00:00,29.60037563737592,35.362457,25.049957,11.132049163999351,14.668405,7.794462,1.181634679151901,2.2467005,0.21374325
2016-10-23 09:00:00,29.68379429199581,34.892242,23.675446,10.505667898502,13.84445,6.127922,1.5455395297252845,2.7819521,0.45968097
2016-10-24 09:00:00,22.627379749957925,33.24478,15.305817,41.84630950209127,61.164,27.277283,1.3255828004489698,2.2890213,0.114285044
2016-10-25 09:00:00,20.600016349695863,27.425201,17.677643,50.859621323454874,69.54942,39.136776,1.2386458787048693,2.736319,0.19994906
2016-10-26 09:00:00,23.776508721446874,28.900055,18.835846,44.34330715624318,60.612118,26.100399,0.7762486165962553,2.013212,0.058052454
2016-10-27 09:00:00,26.417017240839982,31.704498,21.114655,37.68098946343651,48.585224,19.386005,0.6697025090798866,1.4069692,0.017679894
2016-10-28 09:00:00,26.134999242611002,32.107086,20.935211,30.353185604429306,42.11566,21.93988,1.6073634822383605,3.232251,0.20355503
2016-10-29 09:00:00,24.84438056603244,32.610504,18.207428,48.55067642431986,58.152977,35.35746,1.6060279085626497,2.7193408,0.28767198
2016-10-30 09:00:00,26.117310361228817,33.22159,19.444244,45.97682541419389,58.238495,31.029789,2.271109394415532,4.4670715,0.26653025
2016-10-31 09:00:00,21.63566463060357,30.624908,13.302643,53.42597349974735,88.234955,29.713173,2.8423303688075565,5.0638175,1.2286408
2016-11-01 09:00:00,20.48951257928502,25.552399,13.796539,38.1214586507296,77.524216,20.40289,2.7295200916323417,6.6623144,1.0363721
2016-11-02 09:00:00,19.54217083286352,25.126373,13.1336975,35.121741990440356,40.35078,24.128124,2.6721688192022883,4.632561,0.51870716
2016-11-03 09:00:00,21.679040194810966,26.318512,17.406403,23.651562873388905,28.397354,17.433807,3.066296979165723,7.1494527,0.8420659
2016-11-04 09:00:00,24.58328933892392,28.506012,17.827057,28.245259129957454,37.439125,17.972462,1.7657612086128631,4.221716,0.1628762
2016-11-05 09:00:00,25.89519606997203,29.396881,18.953522,32.018653805788375,41.1792,23.694824,1.4389462266574,3.777903,0.29132947
2016-11-06 09:00:00,26.235875083280803,30.150543,19.55484,28.226827315828537,38.245594,20.761856,1.063732642133255,2.5918145,0.07421744
2016-11-07 09:00:00,25.178530112385204,29.518463,19.043854,23.979287051304635,34.232155,16.46876,0.7745051351252924,1.5487609,0.055572093
2016-11-08 09:00:00,25.90763992219172,30.751373,19.438873,25.318624994044868,27.75931,21.735619,1.7578355192812052,4.0156198,0.4730481
2016-11-09 09:00:00,27.279335342201648,33.104156,19.738922,27.360210341732866,32.126335,22.764395,1.7365599768371687,3.2718432,0.1737724
2016-11-10 09:00:00,26.767463339231256,31.144684,19.162262,26.297109892198698,29.74747,17.954502,1.1358002386473651,2.9025528,0.1648683
2016-11-11 09:00:00,25.5495485934548,29.720123,18.858795,22.873336884723045,27.543575,16.540655,0.8150025492119904,2.1750774,0.039997105
2016-11-12 09:00:00,25.02004712252358,28.520416,18.225494,23.275736512137506,30.130793,15.50849,0.8585291816959177,1.8975264,0.09499097
2016-11-13 09:00:00,23.267633141580745,28.631256,17.18399,28.78006394389478,35.467403,21.933739,0.9717407605760898,1.785784,0.23328215
2016-11-14 09:00:00,24.6152233141745,29.632965,19.989899,15.399983082881821,22.146093,10.196274,1.2561368978671819,3.150218,0.11765141
2016-11-15 09:00:00,25.484739172963486,29.16861,21.93814,10.896504102632138,15.798727,7.326071,0.7612987592143675,1.502433,0.15116686
2016-11-16 09:00:00,24.613274512586713,28.753815,19.880768,11.433562549179673,14.752131,6.6961384,2.307252861076197,4.8976054,0.2355225
2016-11-17 09:00:00,19.901200546988264,26.449371,12.707184,22.226782273590427,40.7046,8.103039,2.821753794677107,5.0204573,0.1906341
2016-11-18 09:00:00,14.011807200663554,19.79654,9.732819,11.034578650662143,17.685024,3.5990858,2.651972436578653,5.848691,0.93329704
2016-11-19 09:00:00,16.159046337477207,22.316315,13.001617,8.604289370159956,10.868187,4.4771767,1.3427965328670606,2.9238179,0.11049518
2016-11-20 09:00:00,18.98917860813907,23.525543,15.214996,9.556560186011938,13.113047,6.8161716,0.9682916726427282,2.214228,0.038646612
2016-11-21 09:00:00,17.88179421828471,21.697662,12.568756,33.60284311855499,81.50707,12.432855,1.723969786585914,3.2571177,0.42906377
2016-11-22 09:00:00,16.142773074663694,21.30777,10.448639,42.89791585577269,57.64628,29.087357,1.6160651169236646,3.5007298,0.12129882
2016-11-23 09:00:00,17.461545616536284,23.367828,12.913239,33.529188380670156,46.014454,21.988213,0.8142259061229491,1.7553413,0.05399608
2016-11-24 09:00:00,17.765511449531004,22.399567,12.975739,12.006225012099025,25.210167,3.6515722,2.144645353459762,4.403142,0.57027483
2016-11-25 09:00:00,17.26837539562183,24.312164,12.707428,8.881130811557652,16.63377,2.4676933,2.0867932932337623,5.1590147,0.37897435
2016-11-26 09:00:00,18.46470993326659,24.335602,13.337555,11.735329457483521,24.419817,2.083623,1.1207498671579132,2.2261548,0.01904204
2016-11-27 09:00:00,13.906863847452598,19.014557,4.3231506,38.54624520946982,88.88006,11.169123,5.1627683046572,10.0168495,1.8151904
2016-11-28 09:00:00,11.108077318470123,16.724518,6.011627,43.251990154155,58.98468,24.26957,2.238929855719664,5.5832787,0.17852513
2016-11-29 09:00:00,12.233395862992836,15.702545,6.181061,33.035959324568594,39.35651,18.278385,2.1145681526880145,3.7740877,0.65464914
2016-11-30 09:00:00,12.599641503071041,16.937653,6.392975,28.651764328795277,34.30345,18.082466,1.5160704893563504,3.4736836,0.105452314
2016-12-01 09:00:00,12.87889346350454,16.168121,8.744293,30.312619295050823,36.143654,21.663185,0.9534288875265394,2.453495,0.28301486
2016-12-02 09:00:00,12.253554114842473,16.330963,6.1532288,33.91695789321582,39.794796,27.264729,3.4536056392556067,5.3260026,1.6788418
2016-12-03 09:00:00,10.791872616566422,17.014313,7.002594,16.838494788915117,25.483189,9.662875,4.4752569126832284,8.956949,2.1036708
2016-12-04 09:00:00,13.814795495605154,18.208649,10.691071,13.868727301806018,18.576344,10.658376,2.1443498537809322,5.637351,0.059935503
2016-12-05 09:00:00,17.234788354853947,20.621979,13.8368225,16.20028132329186,27.326271,11.741942,1.003740803623376,2.9464135,0.1034544
2016-12-06 09:00:00,15.742006439665715,18.493286,11.42688,23.289086005778117,42.194912,15.163662,1.7613415223662081,5.3202677,0.116367854
2016-12-07 09:00:00,14.502167253145728,19.245056,8.143494,35.95874357230091,61.72749,23.77827,2.2281256446206625,5.5717025,0.27869245
2016-12-08 09:00:00,11.261036252549445,16.687408,7.1600647,33.433997600108164,48.961445,21.009342,1.3934417482000467,3.854599,0.12783529
2016-12-09 09:00:00,13.519597228719874,17.008392,10.533783,56.883739227266894,84.42671,22.914993,0.8825679456130968,1.745907,0.06712825
2016-12-10 09:00:00,14.798878597340149,19.725922,11.030609,62.7272875015266,86.58589,43.065815,0.8504508516022959,1.7373666,0.035433978
2016-12-11 09:00:00,16.749234814043007,20.432068,12.006287,60.00357354033215,84.50516,42.009064,1.8387344250589648,6.4853616,0.1387493
2016-12-12 09:00:00,18.234102753078503,22.080902,13.610199,54.022411499380546,74.66411,36.106277,1.3755480269397173,3.9926717,0.13149057
2016-12-13 09:00:00,17.335201539676746,22.698578,13.307953,52.8836670525109,68.59235,30.604618,1.025048811455822,2.2634246,0.12910472
2016-12-14 09:00:00,18.390968068399786,22.143463,13.957916,38.89768036511511,55.835384,22.357677,0.9455946481498477,2.4084096,0.115359835
2016-12-15 09:00:00,19.437861288653494,22.766998,15.097076,23.520096959726786,34.911884,11.461983,1.9158285211147559,4.2960677,0.46870837
2016-12-16 09:00:00,17.97541290847505,22.107147,13.150116,37.769466200357904,63.686337,19.491024,4.070226726730935,6.45515,1.6660018
2016-12-17 09:00:00,14.794952349701873,23.532898,6.0289917,26.122617262572533,40.69552,3.4777946,3.989317243144592,5.9539537,0.3546463
2016-12-18 09:00:00,8.699991434014919,13.59906,4.347107,15.039702167417035,25.51699,7.552228,2.290547892061001,5.757683,0.38988975
2016-12-19 09:00:00,9.998845206805868,14.362518,4.7121277,11.974790693638711,17.380201,5.3333263,3.238572529522167,8.118731,1.1867461
2016-12-20 09:00:00,12.199465768857237,17.490326,7.785248,8.744888746892052,22.098598,3.7724257,2.371189372559164,5.7207904,0.43493935
2016-12-21 09:00:00,14.150882924229734,19.87027,10.804596,11.841997190411966,21.951561,5.539427,1.4879388777655107,3.7256217,0.23944592
2016-12-22 09:00:00,11.814794343829703,15.104401,8.532135,58.217964757962385,94.47661,30.410206,2.011848937275162,5.027565,0.4513719
2016-12-23 09:00:00,9.579065281683825,13.092194,7.175934,80.32602806323588,94.63776,58.105145,0.9349970664357088,1.7609822,0.16149838
2016-12-24 09:00:00,11.980496567254988,16.089752,7.8612366,70.14745850483888,92.45025,35.51275,3.830728520544177,5.9890776,2.0598984
2016-12-25 09:00:00,6.9680167869451,11.920074,0.35562134,49.073156591543665,73.413345,33.49887,2.587368374480381,5.620943,0.5283606
2016-12-26 09:00:00,6.431490859524047,10.888397,1.5154724,42.67855755054702,59.248302,16.549084,1.5305513398718915,3.3181674,0.6888969
2016-12-27 09:00:00,8.605794044529887,13.435272,4.783844,23.464773788478595,36.85136,16.11308,2.5066450392952992,6.1103086,0.301243
2016-12-28 09:00:00,10.963787413681928,16.621124,7.957062,15.145338181627588,25.686491,10.737272,1.8236517362352875,4.7837496,0.35946
2016-12-29 09:00:00,13.71810673287439,20.370178,10.944397,15.891873456756889,22.13972,9.038159,2.132559350898579,5.990924,0.3180107
2016-12-30 09:00:00,15.266211057862222,20.91397,10.173065,18.013431952725693,29.080326,12.995014,1.5046176834355365,3.8945982,0.2269105
2016-12-31 09:00:00,11.27748970523129,16.593231,6.571747,62.08635426058301,94.93021,42.76224,0.6457454649441831,1.6620806,0.041995514
2017-01-01 09:00:00,11.007988821749166,14.524231,5.2859497,74.61907794464322,90.84629,58.787697,0.8569150000763296,2.8784876,0.12570034
2017-01-02 09:00:00,11.122540109451336,15.0147705,4.630005,48.477937657206745,92.79901,28.25431,3.6475595386735,8.08983,1.1830655
2017-01-03 09:00:00,10.839240107348644,14.588104,5.314514,48.068624351041805,68.1228,30.707026,2.198845340791694,4.139005,0.3198228
2017-01-04 09:00:00,10.913816402422356,13.895294,7.0260315,49.216926019643815,62.87932,31.66109,1.960851980118567,4.4302163,0.17969452
2017-01-05 09:00:00,13.547678745135215,16.756958,9.087036,68.57783930246643,96.5366,43.157692,3.486808862532891,8.082415,0.4050393
2017-01-06 09:00:00,15.555421126955423,20.380096,8.602753,30.603819009675234,73.36193,6.381462,2.614078664721175,4.397818,0.37343854
2017-01-07 09:00:00,8.46462273733556,15.351196,3.7633057,24.980033843922147,51.7707,4.1385975,1.5966694939123525,3.6929092,0.30800724
2017-01-08 09:00:00,11.360229776092183,18.3078,7.741394,46.0106648704956,59.616074,21.2873,1.1440445758448985,2.8898191,0.1369176
2017-01-09 09:00:00,14.539428787124962,20.194672,11.798187,37.91451308528025,51.735752,26.27872,1.9832433667799403,3.8219352,0.20638601
2017-01-10 09:00:00,14.414548385685293,18.294037,7.7139587,37.01350712257929,72.82061,17.448101,3.1158783533277425,6.7769775,0.40028608
2017-01-11 09:00:00,13.795947388813829,17.872864,7.5382385,52.791937671016626,97.944916,15.195122,3.85001317897217,7.977322,1.2793108
2017-01-12 09:00:00,15.01305158297248,20.32016,7.958832,52.83819968556227,82.954315,38.523544,2.4276234901830414,4.769219,0.38780618
2017-01-13 09:00:00,10.133663093520568,16.450653,3.8354187,74.58247685730021,96.7155,48.30144,0.6899570111170658,1.4722704,0.16947407
2017-01-14 09:00:00,11.610668529644158,18.851166,6.633606,57.20558260829052,74.30801,42.032795,2.921274340022243,7.09602,0.87141746
2017-01-15 09:00:00,13.308057569590858,17.97168,6.3134766,50.663672245141754,69.11783,36.28306,2.2996437298205596,5.0276732,0.60227084
2017-01-16 09:00:00,12.951272751936301,17.69754,7.6682434,41.05682779989423,64.46846,20.971481,1.5755310845532735,3.4415462,0.156058
2017-01-17 09:00:00,11.804399561320054,16.22882,5.4104614,25.738617845624372,39.452995,15.212071,2.099126403814676,5.695781,0.23406138
2017-01-18 09:00:00,12.969605373817103,18.39853,8.912201,19.05513082844029,37.0675,8.530918,1.0858003578091184,2.8950248,0.14333694
2017-01-19 09:00:00,12.564865366077129,18.404938,6.9635315,37.43961141956217,58.22915,19.334618,2.9134978330298327,6.540326,0.85962474
2017-01-20 09:00:00,11.999632708015326,15.690094,4.7428284,59.02954541738085,93.42497,40.028015,2.9681922607295097,5.53819,1.1419837
2017-01-21 09:00:00,8.581794055611851,12.625397,1.6075745,52.59233449020083,79.71354,35.147133,3.9379769434616034,8.334203,1.8554502
2017-01-22 09:00:00,11.314246148028985,16.37857,3.7555237,50.65503229732334,80.435936,35.586243,1.8996889345395385,3.6784902,0.2895573
2017-01-23 09:00:00,9.426458699798616,15.912018,2.4178772,73.21841053337297,96.58783,43.696304,3.7213333738556886,5.990169,1.3590311
2017-01-24 09:00:00,7.478808665073416,12.426666,0.39736938,50.285326964857084,75.94589,34.70761,2.5935924772499255,4.584877,0.23699288
2017-01-25 09:00:00,8.315596575623829,13.031158,1.1607361,42.0316813260706,61.799416,26.990593,1.7647466423763651,3.004028,0.01769988
2017-01-26 09:00:00,8.937842356015665,13.910309,3.4239807,35.106119987330146,57.379063,21.50797,1.6314117467335054,3.286447,0.183114
2017-01-27 09:00:00,9.031013659618225,14.27536,2.1835632,34.00979774157677,43.50306,20.402557,3.3517551963329337,6.359255,1.5689583
2017-01-28 09:00:00,10.476738638206314,14.732422,6.1875,15.384055332052526,24.657257,9.903351,2.9887393479393163,7.764852,0.40960288
2017-01-29 09:00:00,13.670592638727726,18.903229,8.761627,11.59105850713105,19.589567,4.730192,2.747418184894323,7.701878,0.13537817
2017-01-30 09:00:00,17.143652012959706,23.222809,10.689514,16.44267000027253,26.267086,10.288051,2.1477294363926682,5.718621,0.10796827
2017-01-31 09:00:00,18.406847646313395,23.942291,14.500885,17.08657510255735,22.238096,12.048611,1.160232117899688,3.1704547,0.10750205
2017-02-01 09:00:00,18.193979266466272,23.233856,12.304169,18.73574971783524,28.392397,13.211239,0.8030571957699082,1.6785885,0.047142506
2017-02-02 09:00:00,18.35975525984753,24.394989,10.611786,18.2399133487381,24.70514,9.521697,1.5950004959100068,2.8730173,0.5569418
2017-02-03 09:00:00,18.034644093747886,23.504639,10.418701,36.170347688162316,62.04684,15.824185,1.5790663973508756,3.3581328,0.31652343
2017-02-04 09:00:00,17.34358303388035,23.840363,9.277557,58.85877597118591,90.50983,38.314598,2.4239703918290156,6.128382,0.2572405
2017-02-05 09:00:00,17.671870690785738,23.496674,10.316986,43.10806961994203,57.790714,23.683332,0.9907361983188792,1.9906901,0.16911124
2017-02-06 09:00:00,15.623174652674777,23.00357,7.9684143,48.58683832275736,78.63664,22.571503,3.0817636392226593,6.0340667,1.2317158
2017-02-07 09:00:00,16.704330682691364,21.017792,10.431488,61.53994644983556,93.33887,37.198246,4.4640260142554675,9.682279,1.3162298
2017-02-08 09:00:00,20.370773156546875,25.68454,14.986298,67.61798576291118,83.276344,55.842354,2.9170855038316046,7.2213035,0.97594374
2017-02-09 09:00:00,21.313886294502765,25.695831,17.008942,38.5424288893896,52.857014,24.743662,0.9079427648967974,1.9099013,0.15172958
2017-02-10 09:00:00,23.728948193397116,27.300629,18.63852,25.886020800667296,40.778267,15.362438,2.254998198699893,4.743125,0.7559863
2017-02-11 09:00:00,19.0621271354795,27.8237,12.929169,51.621174267212105,82.24685,20.539816,2.3964294424830355,5.327267,0.9847841
2017-02-12 09:00:00,15.454504945373515,21.320953,9.690094,56.936648739982786,70.72337,40.696033,2.7973348409608514,4.837223,0.08412651
2017-02-13 09:00:00,17.395009072670348,22.723785,11.96817,43.58592900268472,58.106827,24.696672,3.1657328638495077,7.5461555,1.0043297
2017-02-14 09:00:00,20.19656697310637,24.973541,13.95401,24.927706056032832,51.41781,11.505382,2.3052495204240304,5.4641385,0.45941085
2017-02-15 09:00:00,20.78906133367809,25.580719,14.029938,18.89878218307375,31.586044,10.189561,1.8849235474979111,4.6072564,0.32400984
2017-02-16 09:00:00,21.612370619873843,25.58023,15.131012,22.51033318018081,31.920048,15.199578,1.2697242368639168,2.4951856,0.10817519
2017-02-17 09:00:00,19.989991812106894,24.771881,13.519928,30.78524499939497,56.01219,20.793442,2.0181866862388516,3.4969516,0.21356852
2017-02-18 09:00:00,14.403837408733125,21.431793,5.7638245,52.97209261448582,93.40918,35.349766,3.5326083714118925,7.300201,0.44500056
2017-02-19 09:00:00,11.785974488451188,14.526764,5.3319397,76.19031041718767,92.47689,61.87924,1.5749212484409014,3.7108119,0.14229576
2017-02-20 09:00:00,14.792587201138133,18.789703,9.973541,68.77874764757935,90.585335,58.97596,2.6799056636527605,6.209098,1.0962389
2017-02-21 09:00:00,17.737726402491035,21.419098,13.735504,45.79531321199989,60.34295,31.471424,2.633541186791995,5.1320667,0.468325
2017-02-22 09:00:00,18.41166951891239,23.441315,12.89444,47.877698274762395,75.98309,23.478487,3.1162806273314088,6.765557,0.4938329
2017-02-23 09:00:00,15.07933783955923,22.443756,8.115631,34.015621221080856,53.427483,15.049394,4.303120763213512,7.3298826,0.7774868
2017-02-24 09:00:00,10.557735696513248,16.308258,5.857086,34.2586278080585,58.073208,20.76852,2.0495236798275838,3.5039845,0.28613818
2017-02-25 09:00:00,11.5862599566168,17.021881,7.7211,31.91041022748772,46.129185,16.652622,0.977807526347785,2.193344,0.1440321
2017-02-26 09:00:00,12.747663406092784,18.171051,7.577301,38.47935111890557,60.195698,18.281414,1.2765439645451078,3.9622114,0.061235595
2017-02-27 09:00:00,12.489034725831345,19.35025,6.113922,55.39094818950438,93.825554,33.93493,3.1970613234038106,6.571581,0.714833
2017-02-28 09:00:00,11.12952181281429,14.938385,5.233307,51.485425739382784,80.44628,30.286446,2.276290026431546,4.955389,0.6414792
2017-03-01 09:00:00,14.62608504696641,19.442047,8.531891,25.106947121668178,36.182964,12.300153,1.9597338546725869,3.93617,0.9046901
2017-03-02 09:00:00,16.598409281699844,21.070557,11.483917,16.161845403128854,26.891546,6.798312,2.807795522438859,6.3663683,0.99372303
2017-03-03 09:00:00,20.42683150622679,24.267303,14.396118,12.46318608905837,18.06374,3.9857664,2.351473281835767,5.281106,0.66129494
2017-03-04 09:00:00,22.373512346920165,25.678558,17.174652,16.076900908501766,22.575436,8.824351,1.7820626400816213,2.8364592,0.56533986
2017-03-05 09:00:00,20.541893354085175,24.823273,12.792023,14.289166628437858,33.815605,3.1183853,3.877189657400438,7.050982,1.7173446
2017-03-06 09:00:00,14.149166218919902,21.58435,6.0491943,37.896739913739616,52.915005,16.981411,3.7193239040609627,5.998186,0.7546736
2017-03-07 09:00:00,14.136010093659138,19.385162,10.889069,21.59017445029175,31.94924,12.033846,1.3705318409721494,3.1301234,0.15047094
2017-03-08 09:00:00,19.532963892906196,24.516022,15.557037,15.831391769131407,26.25579,11.521363,1.2920841916845096,3.419992,0.1916323
2017-03-09 09:00:00,23.89315258725361,28.665192,18.686676,16.5527875245225,22.812943,12.206107,1.3607288075790576,3.2554798,0.16962142
2017-03-10 09:00:00,26.96510901468531,31.087097,21.15155,18.47689938378149,23.609459,15.091224,0.6798670616187262,1.7511737,0.039280478
2017-03-11 09:00:00,25.987703782058077,30.849518,20.36905,19.12312838845369,25.16787,14.137179,1.5428785199955535,2.7710285,0.39625144
2017-03-12 09:00:00,27.80245063600279,33.310272,21.263397,17.254798968113782,22.012508,13.703916,1.8468015954648587,3.3675022,0.08374203
2017-03-13 09:00:00,28.876215701856665,33.608887,22.14795,13.880278595977629,17.79346,9.658439,1.6675433235604724,3.549189,0.027466346
2017-03-14 09:00:00,29.10508077571194,33.85013,22.555206,13.9502505524389,17.382801,10.060893,0.8589525986049013,2.4827743,0.098689556
2017-03-15 09:00:00,29.968109163479653,34.792145,23.354645,14.053044717678212,19.383427,9.5509405,1.3833981554559043,3.0424545,0.25288597
2017-03-16 09:00:00,28.656026489072644,33.068024,20.907867,19.3025256871338,24.730003,13.683012,2.1658941619310315,4.202669,0.3629605
2017-03-17 09:00:00,27.9645625093562,32.979156,21.930328,20.930398592305448,26.182724,15.733505,0.9135023499040683,1.8795366,0.10913082
2017-03-18 09:00:00,29.005366541184912,33.714264,22.958405,21.80642111773388,26.657394,16.001144,1.702142113637774,3.0227349,0.6563265
2017-03-19 09:00:00,29.104416930111825,34.377106,21.675934,15.312297181862565,19.373314,8.2588825,2.0326207496640185,3.4267936,0.53765756
2017-03-20 09:00:00,28.889817485265098,35.193756,20.654694,21.299116163449174,32.85835,15.831004,2.6318198223356513,4.3382816,0.97150075
2017-03-21 09:00:00,26.910883237909218,34.062164,18.507477,19.112097182509608,54.614986,6.3009424,3.1750531073111103,6.5346246,1.3129525
2017-03-22 09:00:00,22.611768422933608,31.2789,13.757416,45.16920351301416,84.855736,22.953423,3.5244046461678793,6.373543,1.4382935
2017-03-23 09:00:00,17.955446518849953,24.950897,10.053619,31.15135753879359,71.60348,17.95845,4.541612667369928,7.1993217,1.2893766
2017-03-24 09:00:00,19.98732166606561,24.223785,15.567291,21.69993192330978,41.67672,8.567343,2.261558656084331,4.3038974,1.2282735
2017-03-25 09:00:00,23.327200011154673,27.266754,17.15738,26.525582532512377,53.029453,17.64664,3.1661407942663606,6.8089437,1.4287055
2017-03-26 09:00:00,20.115124055729893,26.292389,13.701813,31.495217688921105,74.174904,19.405376,2.2808906997636824,4.142461,0.29406676
2017-03-27 09:00:00,22.551315061572154,27.998932,15.157135,34.2733736541576,72.367226,23.967749,3.78895245596746,8.132491,1.6448227
2017-03-28 09:00:00,19.75023178490534,25.537994,12.604401,24.10576406768852,33.543144,13.354467,4.646368010861384,6.8610854,0.5507496
2017-03-29 09:00:00,21.57080246707187,25.440582,16.57315,16.85539817166544,21.385014,9.915106,2.690653394602238,6.1777806,0.21363264
2017-03-30 09:00:00,26.016632809296425,29.760895,21.319489,18.368991058012764,23.59527,14.553123,2.652938138563,5.5895615,0.32595867
2017-03-31 09:00:00,18.504264927258987,29.977936,12.788483,25.333951938331936,37.145287,10.382418,5.9628933131562105,7.9028506,1.8823463
2017-04-01 09:00:00,20.011001497187237,23.131012,13.910309,35.01125698413556,50.129875,26.041359,3.4837941639151038,5.321292,1.1445271
2017-04-02 09:00:00,24.173775344920728,27.82315,17.931793,25.82903830012919,31.495213,21.315762,0.9104020949110018,1.8292477,0.10952847
2017-04-03 09:00:00,27.072765525348586,30.723053,19.32071,22.86645907528216,38.3945,17.415195,3.4389028013956167,7.2833543,1.051695
2017-04-04 09:00:00,24.242928403148255,30.1857,16.6232,13.356717815027828,35.32308,2.3528023,2.277656062714227,5.251381,0.75253963
2017-04-05 09:00:00,22.914558729870578,26.04361,17.920563,13.395399209914395,29.034649,8.104976,1.5275270161995833,3.5241678,0.12617533
2017-04-06 09:00:00,25.990562789429816,29.182281,20.635406,15.00361612113825,23.44979,11.823571,1.4004570957544558,2.6440933,0.21948427
2017-04-07 09:00:00,26.610954962398182,31.995026,19.176666,9.269056395390447,17.900726,3.1728563,3.234737825578222,6.1202483,0.33523095
2017-04-08 09:00:00,25.260628755138214,31.346344,17.088531,17.7218900987017,32.157894,9.57826,4.307670263000356,7.595606,1.6753038
2017-04-09 09:00:00,20.43273528537327,28.552643,12.298737,26.278160901887524,42.471504,15.010569,3.1243909120737614,4.7235026,0.69899815
2017-04-10 09:00:00,19.25447400537047,24.447662,14.715973,14.430906834769296,19.510653,7.5352783,1.6280687437404573,3.6136875,0.047414716
2017-04-11 09:00:00,23.80736303464022,28.393463,18.504791,11.006405531535835,17.57705,6.5662317,1.2358653686435992,2.9834049,0.13645266
2017-04-12 09:00:00,24.570201445814405,30.158112,18.308502,15.415890449563445,29.877302,8.998396,2.2941273499286665,5.7757683,0.16733558
2017-04-13 09:00:00,27.200293281920437,32.641754,19.674957,20.50805548801347,54.24607,10.374979,3.6110040489643507,7.297258,1.3465494
2017-04-14 09:00:00,22.693941368080687,31.557526,13.591217,33.48231174174475,61.7079,13.887588,3.7229398564191865,6.74559,1.2221081
2017-04-15 09:00:00,22.61653104101333,27.884918,17.613434,19.502201943577855,25.383606,12.090008,1.6905043865883953,3.7268867,0.38025123
2017-04-16 09:00:00,26.620168168096313,31.153961,20.982086,13.512013780866692,18.550652,8.35534,1.4120402416307438,2.7975,0.557237
2017-04-17 09:00:00,29.026782371713352,33.08438,21.53946,10.544404855285503,19.50599,4.6973953,3.6936810877186317,7.0434327,1.5609248
2017-04-18 09:00:00,25.623108683302632,31.536285,18.525543,35.49157515322757,67.99125,18.276402,4.189422034595969,8.275952,0.89226717
2017-04-19 09:00:00,26.3439533408706,33.93521,18.53482,33.08181149159262,54.55717,15.400922,3.496100710382049,5.5480485,1.4452926
2017-04-20 09:00:00,25.88606111601348,31.295319,19.432037,12.15432972515079,30.638716,3.7324657,3.097259128204587,6.046937,1.1063141
2017-04-21 09:00:00,26.33244953707134,31.958893,21.22647,15.476646588862302,27.171406,7.6296873,2.411844551123371,4.557405,0.119967796
2017-04-22 09:00:00,27.205090037180412,31.083893,22.941315,14.953882207263693,18.80471,11.569095,1.7449377512961817,5.2509875,0.18394488
2017-04-23 09:00:00,30.354083392361872,34.686188,25.117828,13.319754054759514,23.759693,8.126882,2.3599580398073545,5.080588,0.18434565
2017-04-24 09:00:00,29.200552426708555,35.974274,21.521149,15.18467560875842,39.268597,9.487347,4.9402462498967905,10.057287,2.2439506
2017-04-25 09:00:00,24.179497167983925,32.782623,16.606842,33.73909549849151,68.021095,20.005966,4.8463946256626835,8.769613,1.3749334
2017-04-26 09:00:00,24.106635462240263,29.906158,19.637848,25.083249530528462,44.838642,12.958443,2.5243590021572455,4.222187,0.5457269
2017-04-27 09:00:00,26.691400562087438,31.516266,20.986969,32.325102798649525,47.809395,22.062592,3.918399336286518,7.9647613,1.0997227
2017-04-28 09:00:00,26.20357098444964,32.34561,20.374908,19.247461879218637,27.314009,10.110884,3.516489617192729,5.413864,0.69357127
2017-04-29 09:00:00,21.609624754504807,26.224274,16.339508,11.057430689494296,15.534536,6.127471,4.929495432225187,7.0099,2.0684922
2017-04-30 09:00:00,23.923681636080175,28.019196,19.950836,10.976570229648999,14.6568985,7.5299892,1.637095595547095,3.4798143,0.045321014
2017-05-01 09:00:00,28.445871127289934,31.764069,22.980621,9.846852010327158,15.90391,8.142191,1.769735384023115,3.075484,0.3667124
2017-05-02 09:00:00,30.65239056867057,34.94449,24.903473,15.463733051734533,21.512115,13.351958,1.81703134594218,3.366603,0.2889789
2017-05-03 09:00:00,32.7778757743211,37.054108,26.477936,14.448336191247858,22.02213,12.020072,1.2785086928167908,2.5678937,0.054638106
2017-05-04 09:00:00,33.185366981811626,38.06021,27.13443,16.572817912801934,23.27646,11.336869,1.0255460692517293,3.2410176,0.03812089
2017-05-05 09:00:00,34.66470141477555,39.02408,25.774078,13.697425583316381,25.137653,9.384706,1.6900754616607458,3.7970803,0.36890277
2017-05-06 09:00:00,32.64744554644045,39.82315,21.20987,17.01865932862496,33.325203,11.266607,3.730518472407533,6.796447,1.301725
2017-05-07 09:00:00,23.08035653919285,31.046051,11.626129,38.47347579023689,81.11279,13.412304,3.512186409855536,5.947709,1.7140421
2017-05-08 09:00:00,19.387136067161748,22.600739,12.803864,29.20862665606216,39.873905,22.294186,1.3494911249381085,2.8399804,0.07174719
2017-05-09 09:00:00,24.28819830375602,27.72818,17.917389,23.92185599169461,44.502357,18.751354,1.4080731564913092,3.0760977,0.08515579
2017-05-10 09:00:00,21.168461219317635,28.37442,15.395905,54.850186470961916,90.316925,15.265441,1.933588698807376,4.091142,0.15922762
2017-05-11 09:00:00,25.334722244030104,29.600739,19.988922,44.35756790596415,57.29828,21.984234,2.2191973964508254,4.57689,0.9739223
2017-05-12 09:00:00,29.950388188985585,33.32901,22.32315,21.460942774709743,33.63552,12.6524515,2.769399774476559,6.1263876,0.5245759
2017-05-13 09:00:00,29.144523550642305,35.250397,19.953522,18.760718089883063,49.966534,5.9037423,3.5172216948115316,6.509257,1.645672
2017-05-14 09:00:00,25.524528959955774,31.564606,19.714996,16.086645282101667,40.621826,6.8132315,2.822710101853575,5.6347494,1.1169087
2017-05-15 09:00:00,25.671913468820264,31.94278,16.833405,16.006304888974405,63.58748,4.1709423,4.073552960142305,7.4182625,1.6872898
2017-05-16 09:00:00,20.20361733526738,25.943268,12.75943,32.96056652020945,84.11157,20.091276,4.085744925899713,7.518079,1.9581995
2017-05-17 09:00:00,23.57377892398881,27.36441,14.479645,33.91090689218961,85.076065,21.290913,4.613896170921146,9.465504,1.8120265
2017-05-18 09:00:00,23.300699187892405,29.337067,15.407379,19.61531454763733,30.844894,13.936154,2.9481865039707564,4.8640122,0.5941144
2017-05-19 09:00:00,24.0911021067584,27.664215,19.30484,14.840345680781677,23.866459,10.718079,2.741862789212081,5.2141175,0.22750938
2017-05-20 09:00:00,27.30097084990797,31.749664,22.232086,15.95781742695214,20.903938,12.278938,1.12854450931917,3.2422125,0.18555516
2017-05-21 09:00:00,31.27308179647781,35.617096,25.47647,13.928419848984214,20.027073,10.341005,0.9211751867413137,2.1355476,0.07830839
2017-05-22 09:00:00,34.39278914215123,38.780914,26.41568,11.531139010913792,16.06085,9.348698,0.9846347571290297,2.0450244,0.116818026
2017-05-23 09:00:00,35.11348329833021,39.89395,28.097076,12.72298036488093,17.085175,8.376359,0.749639221942255,2.2806864,0.027034687
2017-05-24 09:00:00,36.73801039403884,41.548737,27.593658,10.841870160586192,15.05126,4.4614162,2.4381740242843692,4.4795628,0.98280203
2017-05-25 09:00:00,35.54659121784516,41.082916,22.889557,9.113722231319791,25.101303,4.1055737,4.965479488911505,9.111862,2.2590477
2017-05-26 09:00:00,31.294217090740233,37.75943,19.09732,18.286261000703206,62.17241,6.9770966,4.699139723916704,9.641945,2.08684
2017-05-27 09:00:00,29.001606058046093,34.554596,19.53653,20.8505002244237,49.51953,11.129757,2.54999460137258,5.113551,1.4383785
2017-05-28 09:00:00,31.09753860273065,35.61319,22.750153,14.444079598568598,24.595974,9.779555,0.6518256391603477,1.8083686,0.082921706
2017-05-29 09:00:00,33.98793465138368,39.12393,25.057526,10.407054754496734,22.918804,6.557723,0.9635331170123862,2.0810127,0.1170694
2017-05-30 09:00:00,34.698391593342535,39.68814,23.684235,10.607033175241016,26.738932,6.055523,1.2534142024736177,2.970953,0.06114604
2017-05-31 09:00:00,34.1156435664098,38.9711,22.762115,14.761405952281716,42.312035,6.454505,2.7714736432474365,4.390436,1.4517694
2017-06-01 09:00:00,29.00795590687244,35.803375,19.739899,23.639179929392363,48.013393,10.23423,2.2937021412293648,4.2919116,0.098486714
2017-06-02 09:00:00,31.315319457291196,35.320953,24.350494,18.876374448704855,30.538439,8.092691,1.1755728978710718,2.6752079,0.13419762
2017-06-03 09:00:00,34.52218887383191,38.195465,26.650543,13.714770526463509,20.963535,7.901084,0.9644120468159137,1.8450025,0.22345239
2017-06-04 09:00:00,36.755152697722906,41.714996,26.343903,14.17596897741552,20.496166,10.5000725,2.6937862667477845,5.005568,1.0640769
2017-06-05 09:00:00,36.71686307803503,41.86734,25.359528,16.578637527533044,22.489376,12.688594,3.0555956664024957,5.3123417,1.434899
2017-06-06 09:00:00,36.432464159954804,41.32486,24.369781,13.687824918022724,20.138138,3.9704657,2.4207911705544998,3.7717385,0.41820616
2017-06-07 09:00:00,36.17463601384446,40.45645,22.143951,12.392244492129397,33.914818,3.9026365,2.706615289006321,4.463608,1.062622
2017-06-08 09:00:00,34.99107977730495,39.592926,23.016754,13.470871489318577,27.046345,4.963835,3.2452357804576533,5.86817,0.89570826
2017-06-09 09:00:00,33.792513313608595,39.91153,23.237701,14.195152191963968,31.817825,3.1730766,3.965046494749149,7.794758,1.6827031
2017-06-10 09:00:00,32.588475568795104,39.195465,23.207184,24.432826716436782,63.22281,7.7345295,4.626791137501485,9.076141,1.6773231
2017-06-11 09:00:00,29.87394031332866,36.13907,19.13321,25.77962230613313,62.84889,14.641857,4.87333147417336,9.986698,1.5624881
2017-06-12 09:00:00,26.42057538226237,33.951324,16.574127,25.805340712594816,63.47678,15.240847,4.848483237238251,8.65532,2.131462
2017-06-13 09:00:00,25.67003069685302,30.400543,20.670074,16.43955218623541,31.655489,9.478363,2.106874642707947,3.5915697,0.26531073
2017-06-14 09:00:00,30.422372995642945,35.154694,26.031647,13.027116173455584,20.353094,8.791512,0.8449563326240158,1.7359182,0.03313934
2017-06-15 09:00:00,35.46779588862046,39.36197,28.50064,10.423985168221835,15.676765,5.973775,1.516052757087303,3.2694585,0.20707181
2017-06-16 09:00:00,38.09465770413681,42.339752,29.941315,9.05988699285047,13.164427,4.3459597,1.7795856649298116,3.4433453,0.48902878
2017-06-17 09:00:00,39.138066376566655,43.343414,31.052399,8.5171861655627,13.044436,6.012006,1.7906873255112365,3.5030048,0.39141533
2017-06-18 09:00:00,39.745589451691785,43.593903,30.40445,9.356843080770105,16.431,5.4247646,1.3158254201707842,2.8652039,0.379548
2017-06-19 09:00:00,41.94593081782591,46.32364,30.09903,9.707528519328369,15.363573,5.42013,0.9963932982068339,1.9900236,0.19311804
2017-06-20 09:00:00,43.37981125504905,48.05435,31.310211,7.968274033971194,11.036357,4.109173,1.8179406829979965,3.0524378,0.8173671
2017-06-21 09:00:00,43.52680639864241,49.185455,32.277252,7.78291666237974,10.042606,4.0363092,2.7079301392565824,4.947176,0.74143374
2017-06-22 09:00:00,42.118425232668244,47.395905,30.96231,8.743766552516279,13.357809,3.2169304,2.4419704771565587,4.1117744,0.98602545
2017-06-23 09:00:00,41.84811474340427,45.82022,27.55655,9.042948631603286,16.114628,5.067754,2.346654166607272,4.1367264,1.0499882
2017-06-24 09:00:00,42.51031091421379,46.077057,26.566315,9.171483799805525,18.563934,6.644452,2.103183907313606,4.018344,0.40398654
2017-06-25 09:00:00,41.70068723037582,47.786774,30.201569,8.714025372967733,16.795155,4.9551277,2.795286094510273,6.198478,0.9324555
2017-06-26 09:00:00,42.45258135371063,47.88272,32.589264,8.014931324499228,11.801834,4.84381,4.4199299689241185,8.093162,1.2977004
2017-06-27 09:00:00,39.51131580625082,45.35147,30.85733,7.405310017376334,13.46273,4.5444784,4.330859260273813,7.4103813,1.3657707
2017-06-28 09:00:00,39.20823261683091,44.184723,29.524567,6.740079226844535,14.506317,3.3500671,3.6726111241041965,7.299266,1.5015522
2017-06-29 09:00:00,38.24232531428237,42.649567,25.58316,9.11833408916867,21.813993,5.8139935,2.6792300909759654,5.133416,1.3065695
2017-06-30 09:00:00,37.682328830343295,41.7106,25.396149,10.680572527602312,20.843485,7.282798,1.7782517306431254,3.524209,0.6007931
2017-07-01 09:00:00,39.00655721452489,42.314606,26.988434,10.649789778591641,25.273039,6.0619364,1.6115181320336338,2.9106028,0.49622646
2017-07-02 09:00:00,38.8426679361109,43.247223,25.278473,10.53098093041843,28.85147,4.0094566,3.1469684268809432,4.9818525,0.96572256
2017-07-03 09:00:00,37.74489571139975,41.87857,27.700836,9.248843309663219,14.819338,4.6082993,2.6960845522339163,4.1822233,1.04535
2017-07-04 09:00:00,38.18794361799996,42.222565,31.08194,6.74546878930704,11.689265,4.529109,2.3619665327805337,4.7571793,0.73407745
2017-07-05 09:00:00,39.83015227401131,44.431793,31.584137,10.084899345249996,15.831225,6.464038,2.488689950853989,5.0274014,1.2477856
2017-07-06 09:00:00,40.14468702898995,45.266266,30.527985,12.112094622300345,21.1616,7.7665586,2.083799351126489,3.7951972,0.8321277
2017-07-07 09:00:00,41.544505431366815,45.673492,32.61197,11.689195383018749,19.601421,9.429546,1.4939525009250214,3.53473,0.30208543
2017-07-08 09:00:00,43.02599418798741,48.69742,34.6857,10.156995351805023,15.559868,6.8539963,1.4679161713486324,3.4950862,0.21668574
2017-07-09 09:00:00,41.50034210072107,45.317047,32.66861,17.217205212838742,27.960032,7.8858128,2.6132189522980815,4.144148,1.0830501
2017-07-10 09:00:00,36.49189620573526,40.897614,29.569489,22.46668526248427,39.448868,12.678854,2.5271713776249203,4.622441,1.2035195
2017-07-11 09:00:00,37.58767297779258,42.508453,27.07486,23.95141929081872,49.883778,16.153309,2.8837742101883306,5.461094,1.0296955
2017-07-12 09:00:00,39.10587857889118,43.385406,29.110016,18.493476906032413,47.73893,5.6477013,3.2025601216026733,5.860905,1.4073929
2017-07-13 09:00:00,38.859408866490014,43.43521,29.669586,17.349393668715653,27.739838,12.195535,2.7876024780165736,5.1577973,0.98419976
2017-07-14 09:00:00,39.606170032152534,43.525543,29.826324,17.051563729474985,27.569447,12.360573,2.6250096650482826,4.810535,1.3570284
2017-07-15 09:00:00,40.194787492548016,44.17105,29.981598,15.570762544920546,21.799767,8.829722,2.4220918056110183,4.6235695,1.1523287
2017-07-16 09:00:00,40.80806966490428,44.86148,29.529694,12.880071285543508,24.51465,8.32715,2.582511093517939,4.9022603,0.4533183
2017-07-17 09:00:00,40.39668828313063,45.288727,28.51529,18.79549329951342,34.418255,9.977149,3.2085131935180793,5.7826605,1.437466
2017-07-18 09:00:00,37.98235949168327,43.06436,28.3378,23.901993036637542,41.677326,9.264008,3.349953591145104,5.7304025,1.5082247
2017-07-19 09:00:00,38.57533927220709,42.54654,28.646149,27.591093825844588,50.1071,7.946947,2.813534658061359,5.4975147,0.07867486
2017-07-20 09:00:00,35.2884279665555,38.305084,29.114899,27.867702744712847,43.214417,8.40909,2.6846440196744705,5.423333,1.3157967
2017-07-21 09:00:00,37.76399486703161,41.81436,29.312408,17.12997248917544,35.661,4.8931823,2.634772555842683,4.6290755,0.9795127
2017-07-22 09:00:00,37.91944078048732,41.707672,28.899078,16.08917614402319,36.202366,6.2324486,1.8853687399023533,3.5023897,0.6747418
2017-07-23 09:00:00,39.227188568027486,43.259186,29.575592,15.329144580017783,31.797932,5.009394,2.0824071166412983,4.6091833,0.17167741
2017-07-24 09:00:00,40.84361247077476,45.673737,29.835846,24.335923267883622,43.55122,11.570751,3.066022664459168,5.484584,1.0323409
2017-07-25 09:00:00,30.90816558491349,36.219147,23.604156,52.22286738700739,77.00875,11.338598,2.1701308123094685,4.226674,0.8458506
2017-07-26 09:00:00,32.72260430385455,37.580475,25.71402,42.40469399559592,65.86951,26.146849,1.9490409308471315,3.2950141,0.71643233
2017-07-27 09:00:00,36.92981980768383,42.20401,29.068268,24.606866317019346,33.500916,14.79181,1.8272025428888328,4.047702,0.58344865
2017-07-28 09:00:00,39.28566061230674,43.5961,30.078522,14.300261578681866,21.059322,10.2135315,2.1044542637593886,4.127752,0.69957775
2017-07-29 09:00:00,38.28486005177365,41.739166,27.278473,19.460990436897436,45.096912,9.784411,2.604098225927159,4.144113,0.84848285
2017-07-30 09:00:00,39.19996985158866,42.750153,28.283356,20.294762800000104,40.557316,6.8659086,2.306837562791983,4.6176653,0.94416803
2017-07-31 09:00:00,39.033752354555986,42.99942,28.970123,15.425813182379136,25.809393,9.215643,1.1359265304715105,3.7484403,0.10518803
2017-08-01 09:00:00,39.42421567544403,42.67984,29.855621,16.61641278331662,26.709675,9.93233,1.7912731092552123,3.9937105,0.3473867
2017-08-02 09:00:00,35.90727246271575,39.977203,26.284088,31.203989799127527,54.416344,15.906075,1.6738008900174475,2.8152223,0.030117616
2017-08-03 09:00:00,35.03950040164324,39.32364,27.669342,46.714868119190335,61.849705,31.939548,1.0426899471417794,2.630559,0.04331516
2017-08-04 09:00:00,32.82048235320934,39.25113,25.56314,53.36946313972127,66.41828,30.9039,1.2401508370344976,3.1545045,0.11034838
2017-08-05 09:00:00,32.645166309858325,39.949127,26.062408,33.0851202839851,68.6517,20.539364,1.5724567741836308,4.431549,0.08253563
2017-08-06 09:00:00,36.53630673597121,41.66617,27.134918,26.854001090745534,44.91807,17.46827,2.2792186989889625,4.45506,0.17729044
2017-08-07 09:00:00,36.29861100457754,40.815826,27.792389,22.417831614316285,38.34095,15.794073,2.2969545997861984,4.1469054,0.99885666
2017-08-08 09:00:00,37.10549634797235,41.512604,28.131744,18.715702041895735,26.674011,14.668536,2.1327863404372347,4.4125814,0.5625362
2017-08-09 09:00:00,37.81047028225771,42.67227,29.719147,18.264877869632425,22.781452,13.605297,1.856138964366113,3.8560984,0.5955789
2017-08-10 09:00:00,38.043391423843275,43.53311,29.199127,17.620699609756155,25.212994,7.9770107,2.408179076660541,4.159405,1.0197991
2017-08-11 09:00:00,38.64817063276257,43.164703,29.377594,20.049022998977044,36.48037,16.109278,2.3130559042945857,4.304115,0.6019575
2017-08-12 09:00:00,36.60838144761635,41.343414,29.189117,21.362721749637515,30.37756,8.775257,1.8849270586658873,4.144231,0.2797024
2017-08-13 09:00:00,38.512259577134444,41.698883,28.63443,18.332086941351577,44.034126,5.4716244,2.756257807656323,4.5560427,0.64797217
2017-08-14 09:00:00,37.54824527951524,41.675446,28.638336,12.206843545947832,24.979614,-0.12004894,3.4986727765830707,7.0788465,1.0537187
2017-08-15 09:00:00,35.257683042494364,40.12735,25.389069,13.219972782780477,36.62771,4.049099,4.047073045424267,8.059702,1.4965745
2017-08-16 09:00:00,32.8398942835687,37.23477,22.787506,24.54263701607389,47.300697,15.7034855,2.2242766076493363,4.809806,0.8586512
2017-08-17 09:00:00,33.71610055569067,37.819,25.285797,23.367720370112643,37.418484,17.136955,1.2606749857628177,2.6170056,0.061233707
2017-08-18 09:00:00,36.12874578149638,39.88736,27.026031,21.026244887456233,35.990692,16.612469,0.979296214944931,2.1935184,0.26125214
2017-08-19 09:00:00,37.44074904775249,41.648346,27.22647,18.009355701901875,35.0071,11.1946,1.4886746175745131,2.6656363,0.68824184
2017-08-20 09:00:00,36.160789554301175,40.86783,26.244781,19.51659945879586,28.854778,12.8899355,2.1922312950414233,3.5753899,0.70395505
2017-08-21 09:00:00,35.714401665858134,40.39737,26.789948,15.284826570038058,37.3841,6.0091,1.8494475861298434,3.0936186,0.693609
2017-08-22 09:00:00,33.47284030585678,38.08365,26.866852,21.63403309728022,31.350914,12.331382,1.5597269418957693,2.5243924,0.80877924
2017-08-23 09:00:00,36.34871060716955,42.04483,26.353912,17.691895926890528,35.193317,11.294333,1.2042773099553332,2.695746,0.25939357
2017-08-24 09:00:00,34.52525421653053,39.404205,24.9628,22.194521532955182,40.54976,15.395748,1.6641987057509418,2.6153872,0.41913822
2017-08-25 09:00:00,34.66856834500044,38.506256,26.00235,21.680149577368585,33.271362,12.788115,1.0109472194695701,1.8221432,0.18651618
2017-08-26 09:00:00,37.30339229328297,41.70572,28.387115,17.0128656000402,23.588211,7.250746,1.0642014841118002,2.2691035,0.14870884
2017-08-27 09:00:00,39.89564874475127,44.468414,31.523102,12.56717120327358,15.929014,6.914137,0.8458164010185159,1.5766672,0.14801851
2017-08-28 09:00:00,40.696678222891194,44.100983,32.544342,12.678111728173842,18.026585,10.331272,0.9351069859034199,3.0169837,0.10487956
2017-08-29 09:00:00,40.413502640056095,45.31656,32.69742,11.896276844163223,21.836517,7.370694,1.1263727412027258,2.2864354,0.35504863
2017-08-30 09:00:00,40.070887095478554,43.771393,32.58194,14.669848163488398,19.36588,10.492398,0.6995464406088545,1.8405484,0.05442401
2017-08-31 09:00:00,39.26416013460647,43.32144,32.53238,20.50656667481351,28.010736,11.791986,1.7313742809445214,3.6920002,0.21944289
2017-09-01 09:00:00,37.206568544787444,43.272858,29.882233,18.766007259052532,26.002174,12.916942,1.515886837770643,3.517004,0.3948855
2017-09-02 09:00:00,39.95946526692285,43.615387,32.22281,15.519560601561682,18.181362,12.935375,1.5803526317913352,2.9786127,0.25745258
2017-09-03 09:00:00,36.97078054627451,41.07193,26.50943,24.08005134833832,45.314095,9.87269,1.8865716182495842,3.1802485,0.30295715
2017-09-04 09:00:00,34.59120341845619,39.30435,26.134918,36.74037342162239,66.56219,15.472691,2.105484191482871,4.1350126,0.8278638
2017-09-05 09:00:00,36.56692915575218,39.993073,26.725983,28.33051660337624,52.856346,15.984955,1.1999328433194323,2.036311,0.20427541
2017-09-06 09:00:00,37.073916033064734,41.52603,29.053375,18.05062474281469,32.01343,10.382478,1.57885437353697,4.08981,0.2173739
2017-09-07 09:00:00,36.35062272073583,41.77408,26.456696,18.27218323421703,26.64013,7.3354416,1.705974347035999,3.5918765,0.4635717
2017-09-08 09:00:00,35.94126397564628,40.227936,27.21817,22.63135511693826,35.971046,13.308443,1.746997593496579,3.152112,0.33070552
2017-09-09 09:00:00,29.780851896577474,34.146393,22.492096,46.988589447248486,74.53312,19.458042,1.9940517482688125,3.8598337,0.8266924
2017-09-10 09:00:00,29.689068480879598,33.00406,23.835358,43.87394139891586,54.883503,27.997189,1.6324555867043444,2.931601,0.32551172
2017-09-11 09:00:00,33.96831162629337,37.734283,27.173737,30.813734884290295,49.464035,18.719479,1.5612036409881902,3.413059,0.06784611
2017-09-12 09:00:00,35.540915957134814,40.043854,28.463776,31.606770302341687,54.81874,15.17456,1.3416661029512094,2.749674,0.35262656
2017-09-13 09:00:00,34.83461150569775,41.37271,27.181305,23.66984659398427,45.714733,13.910048,1.8237336266845985,3.4192889,0.82698345
2017-09-14 09:00:00,34.02463186307739,40.704742,24.700836,23.030964431131416,55.08309,9.074303,3.4600859577916334,7.073295,1.5951575
2017-09-15 09:00:00,29.77359053935328,34.501617,20.027008,32.10561041893987,77.65779,18.740877,3.3341553070700507,7.724399,1.4531277
2017-09-16 09:00:00,29.248202361480992,34.183014,21.21695,29.82373503091782,56.48645,16.643785,1.4594269810200353,3.4891465,0.045854714
2017-09-17 09:00:00,30.453877163654795,34.88272,23.38858,26.257346105838124,51.87078,15.823904,0.7340250658878649,1.762569,0.07791727
2017-09-18 09:00:00,30.45633360499869,34.89322,23.340485,29.320993052515426,47.234974,23.72859,1.8411737267370225,3.5573678,0.67398995
2017-09-19 09:00:00,31.376041758126576,35.830963,23.36026,22.881650991221477,41.993824,10.255336,4.136236722272716,8.064902,1.8238376
2017-09-20 09:00:00,30.115709688169773,35.573883,21.396149,29.687606983301478,75.17583,18.749485,2.90815492066416,6.532273,0.75255394
2017-09-21 09:00:00,29.58604437800375,35.272125,20.727203,31.538828788876913,86.68686,21.589207,4.624786186170459,9.015717,1.8907523
2017-09-22 09:00:00,23.42695307978687,32.177643,15.312408,29.30762390634737,74.650154,15.780922,3.4341295876798683,5.5533557,1.375709
2017-09-23 09:00:00,22.2583268078954,27.703033,16.404205,25.991874578316473,67.12501,18.179699,2.0934438749348945,3.7379215,0.43789336
2017-09-24 09:00:00,22.818113788479536,28.308502,16.480377,18.250977930458593,25.951527,8.053535,2.567274768021461,4.1770186,0.10104609
2017-09-25 09:00:00,23.315414887985185,27.792877,17.175934,20.52787214303144,24.119333,13.149559,2.6778549791665855,5.436035,0.3742528
2017-09-26 09:00:00,25.649231880182413,30.664215,19.511871,19.696931046539937,23.80865,13.308691,2.520261409524829,5.3074036,0.35205245
2017-09-27 09:00:00,26.655842646162398,31.007477,19.48404,19.347745634418224,21.868397,14.997302,2.332325037376242,4.388022,0.5817034
2017-09-28 09:00:00,29.128490909527443,32.5148,21.74527,16.869773587006538,19.879753,13.364648,1.6776530253629753,3.894291,0.4925617
2017-09-29 09:00:00,30.141009648275826,34.64151,23.321198,15.40348785808986,22.585617,10.034835,1.5283358442493362,4.1406674,0.044765472
2017-09-30 09:00:00,31.016143338099027,35.260895,24.335114,14.20660628776356,22.413221,7.296034,1.7850034420653096,4.602108,0.22875926
2017-10-01 09:00:00,31.09872305231761,35.90445,23.127106,18.282917442910122,39.915283,12.88794,2.304919158600611,4.4846954,0.6363005
2017-10-02 09:00:00,29.81663838216491,34.5253,22.564362,22.67315009408144,56.909584,15.887009,2.1591534260737113,3.9064467,0.19589521
2017-10-03 09:00:00,24.792166830882536,30.468414,20.319977,19.525342959364682,68.91277,11.724968,0.7838763982140379,1.9908553,0.0852646
2017-10-04 09:00:00,25.9211115062202,32.817047,18.596344,20.36120421158025,33.327526,7.790511,1.7833884066154226,3.50985,0.5235436
2017-10-05 09:00:00,26.234223482776315,32.721832,21.749176,12.727377207358625,21.941223,6.4771748,1.247467844118812,2.8264444,0.40213886
2017-10-06 09:00:00,28.100041179710274,33.7731,23.29654,10.12633657078428,14.770344,4.410224,2.006089836500829,3.4502704,0.24046226
2017-10-07 09:00:00,28.769564809082738,33.203033,24.374908,11.808858836091149,14.202446,7.2371864,1.8414653788778448,4.91208,0.18219732
2017-10-08 09:00:00,31.515872947252035,35.144196,26.679352,9.586419287780208,11.643828,6.448516,1.3949575261269709,3.0575905,0.48004872
2017-10-09 09:00:00,30.113278802368768,34.076324,23.187653,13.08984540656058,19.925152,8.581403,2.9492437516732237,6.784234,0.8060838
2017-10-10 09:00:00,22.304405719543524,29.59488,18.044098,11.541572798042726,15.17028,7.7075405,2.77069392025132,5.9050355,0.74608886
2017-10-11 09:00:00,25.520130160034682,30.391998,20.513092,12.830245863388141,16.558718,8.636843,1.0122959661064697,1.6730632,0.13793111
2017-10-12 09:00:00,27.898959385178955,32.41031,21.834137,14.171439960396224,29.507301,10.897927,1.710732530105574,3.716434,0.40458542
2017-10-13 09:00:00,26.237225346124774,32.315582,20.889801,12.794800342664281,25.517347,7.8981524,1.1677792678742482,2.5933552,0.188805
2017-10-14 09:00:00,27.164169831026527,32.95987,21.684479,8.708600531274948,12.627166,4.9484835,1.4039031958321349,2.7322862,0.21336877
2017-10-15 09:00:00,26.102148460881892,32.67398,20.932281,8.385499874327486,12.598349,4.5631924,3.125664795945973,7.544295,1.0848045
2017-10-16 09:00:00,26.789985837199367,32.51407,22.717194,8.447232742759082,11.711277,6.367527,1.9815549324320367,4.8283362,0.2502993
2017-10-17 09:00:00,28.861910014081843,34.214264,23.856842,7.439735894885213,12.127768,5.225424,1.2953729145855741,3.0652416,0.16871957
2017-10-18 09:00:00,30.0242100610094,35.219635,25.4794,9.907655087421917,20.743979,3.861166,1.2078106553819024,2.648301,0.24059653
2017-10-19 09:00:00,28.307023332524693,34.401276,22.137604,13.376687194109419,31.802002,6.5593386,1.3005801424402743,2.5961213,0.15923528
2017-10-20 09:00:00,28.394343433458914,33.83072,20.85025,22.573889470445557,73.73316,11.369882,4.279031717881102,8.879921,1.265288
2017-10-21 09:00:00,22.00840078603335,29.660797,14.996979,21.617713314223515,34.287903,13.48283,2.823014468392008,4.772894,0.30935523
2017-10-22 09:00:00,22.60669138903279,27.760406,19.549469,15.901997812835038,21.060009,9.444944,2.314008091111159,5.736643,0.5920235
2017-10-23 09:00:00,28.45127284698708,32.599518,24.441315,11.554749447475478,14.727303,7.5241776,2.3635961284144953,5.827371,0.2975119
2017-10-24 09:00:00,31.43970443534147,36.031647,24.838287,16.702586556812108,20.020706,11.301955,3.457563348525444,8.073692,1.272558
2017-10-25 09:00:00,30.07871150635833,35.33609,24.010162,13.375313229930907,16.179834,10.642924,2.3601486045223536,5.8449745,0.86279
2017-10-26 09:00:00,30.18603916263652,34.087067,24.74527,12.973008259699082,14.718177,11.229896,0.789628365027214,1.9137098,0.055032928
2017-10-27 09:00:00,30.33338227898082,33.96866,24.935455,11.09999184903319,13.065865,8.890083,1.7841463648564273,4.68481,0.22598945
2017-10-28 09:00:00,28.83442132383726,32.334625,23.682281,14.466279125658756,18.307516,7.108298,1.9748811154106019,5.3966603,0.31838
2017-10-29 09:00:00,28.824821721619287,32.59561,23.328033,16.561838477192733,20.640156,12.742225,1.0846579645124255,3.4559639,0.074761294
2017-10-30 09:00:00,28.257748887288415,31.946198,21.57315,17.652351458836527,29.32962,13.024933,1.548089816002975,3.6464498,0.16362378
2017-10-31 09:00:00,24.81340638528252,29.701569,16.480865,31.812232352338278,83.390144,20.960457,2.3581589395783684,6.097342,0.2073293
2017-11-01 09:00:00,22.25063173472813,26.867584,16.711334,57.949922777960396,78.58742,39.247513,1.0142665532042063,2.1486502,0.038161077
2017-11-02 09:00:00,22.697654878931132,27.415192,16.674957,51.028414000204265,91.55537,37.982246,2.2625207278678174,4.3911395,0.39670545
2017-11-03 09:00:00,19.885811206523556,25.838043,14.211334,51.63339030980493,76.67479,29.967762,2.7423765824207895,5.9033623,0.40141806
2017-11-04 09:00:00,19.616264221425695,24.158356,15.127106,45.874836266525016,61.883526,33.968403,2.351375671212899,5.1797175,0.25810388
2017-11-05 09:00:00,21.23105468539103,25.96283,14.437439,41.88376957531326,78.516556,30.370583,3.7796227491627925,7.856128,0.94289285
2017-11-06 09:00:00,21.056605591693426,26.233307,16.110504,38.4730832744365,58.71541,16.830643,2.798101951936945,6.4450336,0.5277293
2017-11-07 09:00:00,21.909696376538534,26.391205,15.008392,36.223722137990876,62.328373,17.205212,1.7102944171226553,3.4573176,0.08799833
2017-11-08 09:00:00,21.045953761552596,24.621735,16.110748,34.08620577527728,63.303276,20.854057,0.99165977562139,3.0672002,0.03495829
2017-11-09 09:00:00,21.807233500824793,25.695343,16.710968,34.091566267417484,51.807495,21.062042,1.7913103361378535,4.2726445,0.022206087
2017-11-10 09:00:00,22.884643726150614,27.007507,16.820007,26.802656424348772,45.890587,13.415878,1.904927896924023,4.9591646,0.06380917
2017-11-11 09:00:00,21.64094619561837,26.303314,16.659088,23.51004517724619,41.657658,8.994077,1.5534079761382347,3.6460133,0.20957233
2017-11-12 09:00:00,21.59432348641019,27.329987,16.85147,20.35365600258927,31.102695,6.2390137,0.706916384792465,1.5982212,0.054805208
2017-11-13 09:00:00,20.247684469632077,25.670563,16.779205,13.125954666136527,27.041218,6.480709,1.1113139334345268,1.9527218,0.112720355
2017-11-14 09:00:00,22.343730649763643,26.799713,18.182526,15.343105272929543,31.335564,7.3055954,1.50769469926676,3.7990167,0.263899
2017-11-15 09:00:00,21.842280701382833,27.269928,18.148834,22.65798460184263,30.231234,15.035975,1.102934639092113,2.1263072,0.119707026
2017-11-16 09:00:00,22.241453302706134,24.954742,18.360992,24.55886822654989,32.060463,16.11515,1.8692994400733562,4.316959,0.081179045
2017-11-17 09:00:00,23.62499036910441,27.52945,17.183746,38.17704371344598,46.68978,30.939543,3.616685895769159,7.6756954,0.61767733
2017-11-18 09:00:00,20.958807738007692,25.615234,14.712891,23.492394334417,53.385307,8.334526,1.9645584956369107,4.9727287,0.33397338
2017-11-19 09:00:00,16.200999117225535,22.349762,11.984528,9.144737273478032,16.36847,5.4866714,2.216675915703709,5.4545875,0.18222536
2017-11-20 09:00:00,17.777243891224487,22.77652,14.70816,7.776879069210005,19.048985,2.867528,1.2421279395276938,2.9262578,0.11567109
2017-11-21 09:00:00,19.076527137058747,24.113312,16.476593,12.236196034516098,20.663765,7.5648785,1.6032986668046705,3.846564,0.15579624
2017-11-22 09:00:00,23.613056489625365,28.108643,20.658356,24.589531409834553,29.424923,20.094137,1.914575021444898,5.5096474,0.13403623
2017-11-23 09:00:00,26.140518580009427,31.21695,22.601715,25.13496215461519,28.502048,20.767673,1.3632403686872097,4.039901,0.1139436
2017-11-24 09:00:00,26.878550689331178,30.94278,23.745514,19.335687203977432,28.588732,12.852538,1.0990182304329625,1.9886203,0.22176097
2017-11-25 09:00:00,25.0941911799149,29.075348,21.95816,23.42171311506013,30.202435,18.72842,0.8311999106352337,1.8477336,0.11107447
2017-11-26 09:00:00,24.85683228816663,28.962555,20.743805,16.28176876671145,22.33744,8.14994,0.9491761971325832,1.6518183,0.072164215
2017-11-27 09:00:00,25.001581728442943,29.161041,19.903229,12.979181970803074,19.362438,9.109459,2.4171564469057873,5.8204203,0.2430436
2017-11-28 09:00:00,15.682832735059776,23.46054,11.09317,26.443810144677887,37.617466,10.88309,2.407069234248077,5.5196247,0.04182197
2017-11-29 09:00:00,16.818215334477202,21.763092,12.121246,20.89196221622477,26.397718,13.136,1.5969308704770775,3.366913,0.46454653
2017-11-30 09:00:00,18.385921954783953,21.780426,13.826324,18.8270454644712,23.097523,12.386584,1.5806292948177845,3.6552691,0.33534312
2017-12-01 09:00:00,18.873011055384836,22.850006,15.160065,21.108889918395853,27.162056,16.613014,0.8628063817179421,2.0083325,0.11976469
2017-12-02 09:00:00,20.449552191978228,25.567535,16.475006,27.349018321626,33.041435,22.55804,0.7890978102630716,1.4489174,0.07656734
2017-12-03 09:00:00,21.00338698529879,25.559723,16.393707,25.075136003742493,33.655704,11.762667,1.8190475728735296,3.8592107,0.21466601
2017-12-04 09:00:00,20.14772849986997,25.511139,14.65567,15.327465865500795,27.828598,7.7906113,2.3726378151149112,4.4822564,0.5989853
2017-12-05 09:00:00,11.429821056814262,16.829987,5.292877,16.99115844514096,22.620302,11.753549,4.536665994613997,9.472621,2.0959647
2017-12-06 09:00:00,12.628077456943458,17.694366,8.838898,12.859412989135427,28.05389,7.7269163,3.3990544741977082,8.2898,0.89326495
2017-12-07 09:00:00,15.87975044296985,20.548248,10.605316,9.047109737830707,13.959703,5.471422,3.6674052926476564,8.531103,1.353964
2017-12-08 09:00:00,16.001262445444354,21.28775,12.288696,12.293834115757802,17.41483,8.456693,2.3293037362098405,6.032895,0.32398185
2017-12-09 09:00:00,17.363642592261158,22.076294,13.230316,12.203738287380208,14.720537,9.747881,2.0864689524600974,6.397498,0.1580426
2017-12-10 09:00:00,17.76826581023255,24.099243,13.312134,9.164585249948463,13.289794,6.086669,2.540362820164269,6.358338,0.34906265
2017-12-11 09:00:00,17.165221517637747,23.819946,13.269226,6.752464099972528,9.494716,3.6197157,2.390390033579738,6.4707,0.32930824
2017-12-12 09:00:00,17.976842531984744,23.9003,14.041412,4.004411249503778,5.6966486,2.532586,2.089344676822633,5.966296,0.1443714
2017-12-13 09:00:00,18.65855814735346,24.011658,15.660095,6.183261851848892,10.079678,2.066516,1.705682247950387,4.8007946,0.16842061
2017-12-14 09:00:00,20.079524126357455,24.17279,16.409119,5.816444313369019,10.237205,3.713767,2.1651926742204757,5.3497396,0.31020454
2017-12-15 09:00:00,18.403911455681282,23.53775,14.001007,9.80952510423851,15.65795,4.1085815,2.19727292181125,5.83916,0.1605947
2017-12-16 09:00:00,18.352684420693265,22.170135,15.582245,8.794607292691245,13.471569,3.6864128,0.9156228084246824,1.7540992,0.06454506
2017-12-17 09:00:00,14.76636791453268,18.793182,8.78537,25.723475813188866,34.463745,14.478158,3.6662105499050237,5.9909363,1.7499405
2017-12-18 09:00:00,12.730736924246344,17.928314,8.987366,21.144249093142438,26.395744,17.356956,2.5126519789744908,5.906415,0.5278434
2017-12-19 09:00:00,14.092390133123615,18.663116,10.701324,20.590259480938087,26.214075,14.293873,1.0576910336302912,2.42544,0.20811686
2017-12-20 09:00:00,15.918767555702857,18.057526,13.063385,22.218168051892494,28.187698,18.16967,2.3398835176563946,4.793746,0.6192328
2017-12-21 09:00:00,14.931861009577005,20.693024,8.212555,26.069963656805285,37.156097,16.754406,3.1949118144994046,4.736464,0.4083263
2017-12-22 09:00:00,9.253939340315355,13.221527,5.190277,11.876223399405315,22.350563,7.6044683,2.300319656610677,5.571714,0.29272732
2017-12-23 09:00:00,11.090351575511193,16.20755,8.898956,7.655671660032732,12.179599,5.1558237,0.8954067482532772,1.8245841,0.13423122
2017-12-24 09:00:00,12.421931702151596,17.09375,10.121094,9.244766570284682,11.7623825,5.1686325,1.3163085185250518,3.4523375,0.16466545
2017-12-25 09:00:00,15.758797949137147,20.116974,13.493927,7.45408080227194,15.452395,1.5758584,0.8610662647138614,1.8563824,0.07305851
2017-12-26 09:00:00,16.20629982555863,19.876495,13.833527,17.216854754091546,24.648932,9.0448885,1.0097492708906104,2.066778,0.16173276
2017-12-27 09:00:00,17.313933302785074,20.431854,14.09787,10.543105541651883,20.688866,5.0482416,1.3260045961559077,3.814361,0.07859512
2017-12-28 09:00:00,18.683456079517384,22.936554,16.362335,9.92759968583333,17.569649,6.15481,1.3623475953701725,3.8173807,0.16312492
2017-12-29 09:00:00,20.14778277208751,24.648804,17.019806,9.703188242436084,14.295288,6.512289,1.3939124353637569,3.8564727,0.16856582
2017-12-30 09:00:00,20.75389349098583,25.66977,18.052582,8.822701137433867,15.627494,6.3423376,1.0557203776964712,2.6662478,0.16055782
2017-12-31 09:00:00,19.061112288784102,23.591095,16.065704,12.347738753467768,18.51146,8.930454,0.9288615049735764,1.9145318,0.063159496
2018-01-01 09:00:00,18.922311172983314,21.823761,15.245636,13.231917107404637,16.908695,10.064946,1.0606187327407695,3.067224,0.020330368
2018-01-02 09:00:00,18.013468614211263,21.439056,14.400238,10.288315701750394,16.18683,7.4837055,1.6827865075002462,4.561534,0.14970219
2018-01-03 09:00:00,18.435800898982905,23.031555,13.963196,16.606339249382586,22.458282,9.743153,1.9838580144852038,6.061463,0.23544869
2018-01-04 09:00:00,17.377401519052455,22.201477,14.160461,15.712711684386553,22.607878,11.518034,0.9159402503050981,2.8494372,0.05459086
2018-01-05 09:00:00,20.447916626568144,23.463715,16.553558,41.64575226585896,57.593075,19.002148,1.0798992756587482,2.137786,0.21702878
2018-01-06 09:00:00,20.724327234737586,24.280579,16.718079,31.845328290540806,45.399673,13.950456,0.8409071656919742,1.969827,0.12926972
2018-01-07 09:00:00,19.686535374451353,23.437286,14.415802,44.51029049481436,59.78236,26.668383,1.6899770449403946,3.9234238,0.06465741
2018-01-08 09:00:00,18.145954403389055,22.517914,13.818695,38.276947838976646,55.65355,20.118393,1.186542136372552,2.385463,0.2269094
2018-01-09 09:00:00,13.879357393122007,22.465302,9.269989,71.03049257801467,86.467415,46.83246,2.1718985961733948,3.820265,0.6113755
2018-01-10 09:00:00,11.567574209112081,15.796295,7.602936,66.74790565665057,85.80977,48.362198,1.6054049513226403,3.3511643,0.3607952
2018-01-11 09:00:00,14.811124460690564,19.61261,10.99234,38.553183184167025,67.933304,21.097366,1.4846703267666834,3.1356533,0.22080415
2018-01-12 09:00:00,17.021300751274453,20.451324,14.572418,32.749496438793706,47.58737,7.5141993,0.881573020836494,2.0751624,0.16723122
2018-01-13 09:00:00,18.355366695625946,22.852081,14.898956,20.846369210201924,35.779064,9.34613,2.073229248009643,5.595151,0.37067115
2018-01-14 09:00:00,19.44028286081908,24.78714,13.7344055,20.191334147134377,30.972843,11.160342,2.236213167779324,5.880075,0.6047504
2018-01-15 09:00:00,19.474788721319385,24.216156,14.284515,23.3242036359124,34.845882,10.325863,1.3793886546169813,3.9755309,0.13541777
2018-01-16 09:00:00,19.471261402068876,23.736176,15.749847,25.03208829850813,37.627716,17.543247,1.101217718801952,3.667485,0.14510171
2018-01-17 09:00:00,19.313252091521235,22.766388,14.535919,30.97390369239959,41.1827,23.54819,1.2449782754296734,3.9493017,0.07941063
2018-01-18 09:00:00,20.46691305342199,24.134918,16.463043,28.567668245006995,33.237328,23.518196,1.05962480014052,3.1228294,0.10515347
2018-01-19 09:00:00,20.80334600004153,23.554474,17.03299,28.902285938782963,36.44449,21.97293,2.1875999779314133,4.0896215,0.85406446
2018-01-20 09:00:00,17.37244538828918,24.525421,11.158234,42.84289911801491,78.50827,30.075142,3.16354267212562,6.2950606,0.7178642
2018-01-21 09:00:00,11.031669908805952,14.957245,4.7702637,25.5231972930247,34.80674,14.553444,2.847308629417811,4.9762287,0.41300225
2018-01-22 09:00:00,11.974198387235276,15.45871,7.3962097,21.592688016146404,29.03431,11.284886,1.6510482354238154,4.0746484,0.048072387
2018-01-23 09:00:00,14.441070862284732,17.633423,9.934204,23.82546694482082,31.234837,17.148636,2.0301896151588923,5.7200136,0.041223306
2018-01-24 09:00:00,17.048170475568668,21.466461,12.032867,17.84135480843402,25.605259,6.829562,1.7126465768614318,4.0180264,0.27463487
2018-01-25 09:00:00,18.111310746704646,22.699188,14.529266,13.675173861832544,22.502724,7.209325,2.127278349672196,3.6400611,0.6968433
2018-01-26 09:00:00,14.565099783405458,22.229034,7.3989563,24.729683071565447,46.174076,8.356607,2.750414123631285,4.7249517,0.30799335
2018-01-27 09:00:00,14.359998608046112,19.751007,8.543976,12.633114133879621,18.09894,6.645815,2.1728191625299402,5.5231786,0.37177297
2018-01-28 09:00:00,16.922611893280532,21.663483,14.03653,14.744692324750684,21.895592,5.555749,3.0285776807997764,7.5370235,0.55149066
2018-01-29 09:00:00,21.558774151699424,26.400604,16.082,16.194464094660717,23.750435,7.2939615,3.0053635721994043,7.203698,0.89511985
2018-01-30 09:00:00,22.11504904780145,27.879028,16.582153,15.632762794442169,19.089901,9.671933,1.5822852869299724,3.3818965,0.17672162
2018-01-31 09:00:00,21.703451456502876,25.725739,17.33902,14.197772468781373,17.90489,9.747196,0.9879994111128637,1.9570483,0.118279524
2018-02-01 09:00:00,22.58982048851493,25.974579,19.345673,13.284630977940868,17.282223,10.796224,0.9709614111436717,2.3819475,0.111774094
2018-02-02 09:00:00,22.62492781435435,25.549866,18.62799,14.76353121219728,19.1018,11.695823,1.0053366854062704,2.5367906,0.097481295
2018-02-03 09:00:00,23.699314375932943,26.846405,19.432343,19.56115701571514,23.618256,13.055757,1.4261511497444743,3.2162864,0.12986185
2018-02-04 09:00:00,24.064231210386993,27.451965,19.537903,19.42663781802276,24.255085,13.169148,2.1419950004069563,4.3415885,0.11363007
2018-02-05 09:00:00,23.797235801354077,27.627045,19.79306,18.390722158626378,23.20819,12.464226,1.3751118878180901,2.9885428,0.04273533
2018-02-06 09:00:00,23.964017737047698,27.915314,18.954376,17.080739116128804,22.936718,11.952691,1.2398494507813052,2.6257083,0.050979167
2018-02-07 09:00:00,22.417990994487525,27.114899,17.179352,15.022606840555225,18.403585,9.684835,2.5964600687984536,5.456496,0.8160708
2018-02-08 09:00:00,20.834531767399653,25.373749,15.783905,11.573705069348247,15.538946,7.2702446,2.0718927318505447,5.6772094,0.0446701
2018-02-09 09:00:00,23.861270506557105,27.69806,19.117981,14.570873954428603,17.968628,11.417005,1.4791294235489774,3.3511813,0.15446535
2018-02-10 09:00:00,24.3936761975433,27.771332,19.50766,14.653687545865862,24.561058,10.322777,1.9005325065167036,3.939875,0.15161808
2018-02-11 09:00:00,21.617671570484788,26.100739,14.647614,10.260687351899529,19.954876,2.267375,3.815409691474618,7.7122154,0.35101524
2018-02-12 09:00:00,16.32451655412757,20.471313,12.152954,11.693853312871914,28.323563,8.620439,3.5792411006649574,7.072086,1.6297762
2018-02-13 09:00:00,14.468157666389175,19.64563,6.8780518,48.05082681008258,76.67266,31.718891,1.0576760404559762,2.479034,0.064095266
2018-02-14 09:00:00,15.095652597465346,20.050842,9.627014,55.9269655295273,78.2025,35.710308,1.0302839418624516,2.996305,0.15723282
2018-02-15 09:00:00,16.48636537073463,20.784088,9.779694,48.341544876493494,67.794815,24.988083,1.5269533734451735,3.276064,0.076831065
2018-02-16 09:00:00,16.900859482554154,21.932281,10.141266,21.1337694574032,41.892452,15.814329,2.536565177435411,5.5601063,1.0351113
2018-02-17 09:00:00,16.605569449232576,21.742645,11.850006,11.53786601769454,33.133392,6.099944,1.2834410538157468,3.4423776,0.09114982
2018-02-18 09:00:00,19.659535387631138,22.488068,16.099396,14.019716749320839,33.456444,9.452538,2.702201259473168,5.3219547,1.0241243
2018-02-19 09:00:00,19.855716186858672,24.552765,12.195343,26.478119840386835,38.91041,19.631437,5.890890778590678,10.146734,2.5779572
2018-02-20 09:00:00,8.325903300905622,13.910675,1.1802063,20.875157297434708,29.926296,10.338048,2.7958085573704237,4.535002,0.81392294
2018-02-21 09:00:00,8.88902486379709,14.213959,3.82724,18.123997608957755,26.29808,13.59105,0.6736277138667853,1.6049879,0.08657199
2018-02-22 09:00:00,9.75429461542484,14.460907,3.2193298,31.422586546863755,54.057835,19.284397,1.8319175594380859,4.060464,0.42296162
2018-02-23 09:00:00,12.280002498793408,17.132416,3.7496033,36.81180680760761,70.59786,22.883017,4.232126711362151,7.583868,1.8235208
2018-02-24 09:00:00,8.33646126596534,13.6510315,2.608551,19.14588141132428,31.680801,8.950334,2.5115934693882087,4.198235,0.7965269
2018-02-25 09:00:00,12.60316875690387,16.25064,6.721344,20.682672897719673,30.578434,12.93781,1.4705713289462559,3.2983408,0.03352352
2018-02-26 09:00:00,13.370704065298924,18.535553,9.279694,22.70036205346441,27.828167,16.089886,1.2136663175727147,2.5248158,0.123837516
2018-02-27 09:00:00,15.97558045098475,19.821198,9.053619,21.728560941519962,52.172405,14.270061,2.775405573970041,4.3955956,0.8596036
2018-02-28 09:00:00,9.19185343376563,13.540192,4.485016,50.77467075234165,73.549774,34.344376,1.7339611280178402,3.3724613,0.122094996
2018-03-01 09:00:00,14.23521691711278,17.013092,7.5970764,39.73205667043018,57.666775,23.992416,2.807899505513323,5.497032,0.79845625
2018-03-02 09:00:00,16.50329516159053,20.69107,9.222321,37.08863290520856,75.33961,24.374765,3.6823359561579294,7.5432515,1.2823414
2018-03-03 09:00:00,16.683624881701235,23.605133,8.562164,50.475523667667645,94.95694,24.4804,4.119307565054822,7.460492,1.5171789
2018-03-04 09:00:00,14.464643823776726,22.053131,5.506256,34.00147876347308,63.83805,18.611488,3.4652660767765435,5.59118,1.2702044
2018-03-05 09:00:00,13.23558634254988,18.310944,7.784088,18.112315628333697,21.413553,12.101369,3.0505584242981616,5.0424623,1.3324909
2018-03-06 09:00:00,16.035258173854288,21.315094,11.154205,10.180094912143863,14.1221895,7.2745333,2.975612098778941,6.583037,1.3238523
2018-03-07 09:00:00,19.615058618948296,24.975006,13.828522,6.509749722864754,13.002882,4.3349133,1.8141938893801222,4.4404674,0.290639
2018-03-08 09:00:00,18.691624846904745,23.33023,15.068756,7.713015817356658,11.909569,5.475975,1.080293301644161,3.0137012,0.06331359
2018-03-09 09:00:00,22.883057748891815,26.84903,18.46231,16.290281464963034,33.778053,10.805395,1.6711348137337385,4.759672,0.09276826
2018-03-10 09:00:00,23.481209881440066,28.164703,16.244781,32.23449499991974,58.32208,23.693813,2.691694300617048,5.8783016,0.8504722
2018-03-11 09:00:00,15.586085987002775,20.443756,10.713287,78.9939442485419,97.74707,63.55566,0.6522734772044732,1.6968305,0.05133659
2018-03-12 09:00:00,19.00931969280043,23.274323,14.277008,58.287370205492934,66.42852,38.574127,1.1234843332495044,2.6350875,0.079067886
2018-03-13 09:00:00,23.014080145096898,26.996246,18.295074,43.305862248355574,57.035664,37.367695,1.2595563174395081,3.302039,0.5515719
2018-03-14 09:00:00,23.40574265646609,28.571686,15.524811,49.73087848100218,93.1986,33.850945,3.49079023918573,6.5895348,0.98307794
2018-03-15 09:00:00,17.991824273673103,25.883698,8.745026,43.48310364562771,76.4891,31.221949,4.3767627050100035,7.6601253,2.4789183
2018-03-16 09:00:00,16.574254442060067,22.302399,9.681305,28.64631568814132,66.14648,17.899174,3.2346609381672273,7.2221394,1.2948776
2018-03-17 09:00:00,16.59293054309728,21.766998,7.8451233,39.510766994159454,84.558846,28.12381,3.8176394812796377,7.19673,1.0701501
2018-03-18 09:00:00,13.97644132967946,19.78772,6.9256897,34.1451271026803,67.3995,25.019627,3.198514707275625,5.0092983,1.075321
2018-03-19 09:00:00,15.703139709809705,20.068756,10.133209,19.633384146877273,25.591942,12.963754,1.1775953153016567,2.2497456,0.2960867
2018-03-20 09:00:00,19.307372589993804,23.728668,13.925934,15.906244903580351,22.656214,11.624323,0.9743477647662583,2.7181919,0.063029654
2018-03-21 09:00:00,21.209282382531057,25.579987,16.522125,16.951929445206517,25.673212,10.82165,1.3618591247277305,3.317811,0.12758242
2018-03-22 09:00:00,19.086256384246894,28.530426,12.305817,53.25559202293066,75.91322,29.278091,2.3508759460921738,3.8966022,0.049282614
2018-03-23 09:00:00,18.51839060193356,25.934235,11.890778,54.885927803743904,86.11747,30.004185,3.0584254662605606,5.8974633,1.4187986
2018-03-24 09:00:00,20.82420012469504,27.162994,14.448151,23.407610694811922,55.37932,1.2443571,2.942958136514707,5.9827504,0.9858211
2018-03-25 09:00:00,18.497683269615663,26.64737,9.9618225,30.087624823346665,83.300964,12.750182,4.584261557418097,8.186821,1.9039477
2018-03-26 09:00:00,16.646568693714755,23.084381,9.691803,25.354225736946795,42.302353,17.556028,2.9169158879813284,5.011058,0.4332682
2018-03-27 09:00:00,16.591308051977876,21.804596,9.273346,16.062632076292257,23.129301,11.035055,4.4069346850441455,7.5523295,1.3465736
2018-03-28 09:00:00,20.20554627271747,23.7128,15.056061,17.034546156633237,21.119839,12.997855,2.2712355966423963,4.247277,0.2339507
2018-03-29 09:00:00,25.201289228530413,28.678375,19.236969,19.6753976393343,27.793795,13.074661,1.8432084832523632,3.241771,0.23683065
2018-03-30 09:00:00,26.851550740102425,30.588287,20.951569,17.406201425588804,24.538755,14.120256,1.4101120611018305,2.7253377,0.048313238
2018-03-31 09:00:00,28.290838004335455,32.4003,22.359283,15.932249838212226,23.7404,11.736507,1.1720478551176476,2.5875454,0.09472502
2018-04-01 09:00:00,28.288552797489217,32.912506,20.381256,15.042931001842504,28.28547,5.8408356,2.366816429090521,4.2192855,1.2360042
2018-04-02 09:00:00,26.90728724461229,32.078033,18.247955,19.27552956055348,55.820343,11.736431,2.637885915130031,6.093571,0.82986534
2018-04-03 09:00:00,26.20784558787443,30.955963,17.843658,21.52086961194683,37.590576,7.3874493,1.9331439109247337,4.1221347,0.15880424
2018-04-04 09:00:00,25.366632479078874,29.800201,18.759186,18.388676917160684,32.05595,7.962034,1.1585671218704239,2.5567145,0.19105771
2018-04-05 09:00:00,27.689185103944624,31.635162,19.836334,21.125062516430237,37.06854,15.017757,2.083698580009202,4.7642274,0.92333335
2018-04-06 09:00:00,28.41968402165554,33.017242,19.63443,20.86808567992073,52.312233,12.392877,3.6469762015571723,8.270856,1.3582472
2018-04-07 09:00:00,27.563786570770446,34.099915,19.945953,43.04831439612826,73.68994,29.209469,4.819902788881924,10.162671,1.9064696
2018-04-08 09:00:00,27.81369241487795,36.553864,20.02066,16.845647498368677,36.91959,1.727807,4.373106603180838,7.0265737,1.1758983
2018-04-09 09:00:00,27.569018688092058,33.15274,23.010162,7.371848299639958,13.784611,3.7951546,2.1766926131941418,4.4224706,0.22836027
2018-04-10 09:00:00,28.658559107497865,33.58316,23.13565,10.256402200817284,13.230874,6.255316,1.3975503229020336,4.508254,0.16442232
2018-04-11 09:00:00,32.1817878441376,35.877594,25.588531,10.016161387514781,18.003962,7.564762,3.096125210415382,6.283359,0.5943943
2018-04-12 09:00:00,30.486879513421115,36.680573,22.112213,15.529765596312195,39.275127,6.325596,5.7472660114103915,9.385868,2.5808582
2018-04-13 09:00:00,19.043175304377655,25.686188,12.279938,13.577203985601068,24.824938,8.829109,4.050055138213049,6.8718615,1.3170444
2018-04-14 09:00:00,20.967112916459087,25.229645,16.737457,12.924919631914848,15.38133,10.283673,2.103385615325635,5.1460147,0.2711241
2018-04-15 09:00:00,25.32463176134081,29.214508,20.687164,11.402717620751005,13.143127,7.0907984,1.608678015424418,4.046732,0.24596064
2018-04-16 09:00:00,26.682302218429697,31.72525,19.7565,12.48177810985258,24.892084,8.032709,3.971960420071659,6.748057,1.2002523
2018-04-17 09:00:00,19.939876818313508,27.875397,10.547272,28.60225885779368,40.480934,7.251015,3.9367247605075852,6.1012473,0.69924366
2018-04-18 09:00:00,19.166051174360177,24.177643,15.066559,15.947148626912533,22.323214,12.530245,1.295334876911733,2.8378174,0.4680124
2018-04-19 09:00:00,23.084882184506398,27.524567,16.65152,15.25604017934568,37.440754,9.893879,3.8435217335195007,6.9911456,2.2139742
2018-04-20 09:00:00,18.760386658942082,23.263092,15.36026,25.24740975004234,54.020912,18.044464,3.928992758787778,6.1889324,1.0556993
2018-04-21 09:00:00,24.986824832646505,28.6232,19.397125,17.661505648979002,22.836323,11.366754,1.3756372445231047,2.3094742,0.15233062
2018-04-22 09:00:00,27.907464652740146,32.19644,21.896637,11.32228993833307,19.51004,7.7131653,1.2652255866564592,2.2480838,0.47213706
2018-04-23 09:00:00,31.195955464576002,35.198883,23.569977,13.35128079029661,20.771824,9.678478,2.3688981260585686,4.4722066,0.98333
2018-04-24 09:00:00,31.841426703152933,35.821198,24.139557,11.759575514585489,16.073109,5.456352,1.7398066934739296,3.6823354,0.49735993
2018-04-25 09:00:00,31.454139838535696,36.278717,22.97403,10.324981978036588,15.529065,6.1788025,1.3079071495568595,3.3321824,0.26039645
2018-04-26 09:00:00,32.26084454902127,37.20816,23.135895,11.661727580067534,21.714724,9.208474,1.806328692084869,3.7200713,0.26874414
2018-04-27 09:00:00,32.610636090265814,36.964996,22.04898,13.097534431666462,29.311188,8.631499,2.8523822643900916,6.0871563,0.68594253
2018-04-28 09:00:00,30.248853110289986,37.07022,20.003815,11.739046545743168,42.69712,1.9817286,3.996498170011711,8.199295,1.594872
2018-04-29 09:00:00,26.80595662198499,34.398834,18.416412,18.016451989525496,62.840755,7.6501045,4.610546343547483,9.469025,1.9428364
2018-04-30 09:00:00,24.422805422742954,31.540192,15.52652,27.78061988070602,80.491615,16.2456,4.263690714813653,7.583391,1.7557664
2018-05-01 09:00:00,21.78230128837174,27.797516,12.733063,32.55044403378491,93.02929,18.566631,3.6050710829465444,6.627614,1.2210339
2018-05-02 09:00:00,16.117678054375517,21.86905,7.947174,48.845590540953935,94.32674,27.305553,2.6919255152908756,5.0552416,0.14621082
2018-05-03 09:00:00,20.2278543907222,23.662018,17.015533,39.16907336112735,52.31134,21.519596,1.0055638149759107,3.086377,0.008633874
2018-05-04 09:00:00,26.217541097739797,31.02237,20.071198,19.976267457518365,25.270798,12.4464855,0.8372600019491383,2.0893137,0.049768813
2018-05-05 09:00:00,30.132192648483226,35.09732,23.591461,16.477187658805594,19.446198,13.4305725,0.712724848765719,2.2795782,0.014279664
2018-05-06 09:00:00,33.12572826985422,38.92154,26.679352,10.665575163295154,13.147177,6.0203595,1.2753304025703265,3.0964756,0.05252654
2018-05-07 09:00:00,33.64008974095111,39.361237,25.710846,9.752107478365225,15.083041,7.0962563,2.2503496779588326,4.5813594,0.74342275
2018-05-08 09:00:00,33.567291195118514,38.953766,24.522125,11.72054925831462,20.628536,6.7179914,1.5374085851053172,3.4138007,0.56393504
2018-05-09 09:00:00,34.917996009675335,39.88736,25.75064,11.441989562255326,19.573399,8.069163,2.1772882575013854,4.526985,0.7607506
2018-05-10 09:00:00,36.14993695282857,40.41446,25.129303,12.269990707736023,22.634008,9.102758,3.7143582149357766,6.4095984,1.458318
2018-05-11 09:00:00,33.0002867551143,39.9357,22.500153,15.939461473045847,55.23966,7.8801174,4.45524091258328,8.830547,2.2195892
2018-05-12 09:00:00,27.297456820698642,34.573395,16.186676,30.390971496257517,90.63432,15.974164,3.979877011334514,7.5957084,1.3059981
2018-05-13 09:00:00,24.51591430352039,30.56607,14.909576,29.2851971749999,85.53245,14.869335,3.032112440099947,6.678931,1.569721
2018-05-14 09:00:00,25.4405544519239,30.351227,18.44107,31.040183728238116,67.64359,17.139683,2.031565804659488,4.0371723,0.61819655
2018-05-15 09:00:00,27.716673743911883,32.68277,19.160553,25.35876210848778,56.757393,13.0138855,2.1771230312490335,3.9561791,0.5759058
2018-05-16 09:00:00,29.08692377261542,34.091217,21.009186,17.770935622554447,33.60331,8.224405,2.8299168609241416,5.6473384,1.0014513
2018-05-17 09:00:00,30.173602930016557,36.659576,21.589264,13.387556528409508,36.765923,9.437799,3.483926050532019,6.3809967,1.6897681
2018-05-18 09:00:00,28.22677801153469,34.20645,19.097076,20.499468384521386,68.80476,11.214922,3.2387614849320383,6.0621276,1.5741903
2018-05-19 09:00:00,29.854459990763132,34.4982,19.933746,23.914078830961497,56.799744,15.5787,2.621069560233102,5.437039,1.1099203
2018-05-20 09:00:00,29.393411934708638,34.889557,20.057526,22.09471049872954,67.66713,13.005188,2.776269903037607,5.0584245,1.1795119
2018-05-21 09:00:00,29.114836009374244,34.559967,19.08731,25.366039440420266,63.634346,10.25906,3.3274939084422694,6.895984,0.6279072
2018-05-22 09:00:00,25.475158726335792,32.5419,17.1669,26.665377733370057,75.738144,14.71952,2.421592697405833,4.66079,1.1315676
2018-05-23 09:00:00,27.924429588392115,32.46158,19.588531,27.982518775321996,63.137527,15.445633,2.2737087410617574,4.219129,0.033381
2018-05-24 09:00:00,29.806199617965547,33.425934,21.343903,29.16020901886341,53.523968,19.890993,2.2940101513553337,3.951447,0.3723463
2018-05-25 09:00:00,29.865320995889533,35.261627,18.7128,23.66875577122503,63.369118,12.842408,3.4704853933166984,6.8355093,0.90128
2018-05-26 09:00:00,26.79982021341442,34.09146,17.683258,26.360823213164867,78.89843,12.446861,4.316475722667942,7.9078665,2.0740764
2018-05-27 09:00:00,25.219492831362857,30.032135,18.721588,35.35215338912104,67.32417,26.65598,2.8633448110826003,5.029984,1.1997801
2018-05-28 09:00:00,28.73882688616885,33.36148,22.082184,21.91680085491864,37.70578,15.678363,1.6405369158934204,2.7660892,0.17590947
2018-05-29 09:00:00,32.165388859933216,37.279694,25.537506,20.527679795640374,31.54763,16.877235,0.9773108660493635,2.547986,0.23436722
2018-05-30 09:00:00,33.52768823501543,38.990875,21.727203,17.492269209531518,47.47441,11.025193,2.529699444076804,5.564032,0.46070856
2018-05-31 09:00:00,32.48183616452877,37.892975,21.168365,22.601041195371646,64.65905,13.639745,4.182366534909353,7.730801,1.798578
2018-06-01 09:00:00,29.618302363411203,35.689117,21.050446,18.288557942348213,41.646957,7.107895,3.0067147273252446,5.2820196,1.3565183
2018-06-02 09:00:00,32.17868789921539,36.350006,24.361237,11.540910159842426,22.39846,8.545786,1.3090099970920785,2.4864707,0.22631827
2018-06-03 09:00:00,35.6060391847771,39.426666,26.627838,10.361458363169353,14.204972,6.463275,0.9118374720381748,1.921583,0.09356856
2018-06-04 09:00:00,38.76866094924378,42.643463,28.821198,8.890790771908465,11.710144,6.7750998,2.035737720745211,4.282532,0.34169918
2018-06-05 09:00:00,37.57254058992544,42.217194,25.912506,9.872499840021003,15.563996,7.119993,3.2205422237748587,5.2858353,1.2527934
2018-06-06 09:00:00,34.73727874800568,39.526276,23.750885,16.613637503209507,35.420307,8.471591,3.0495091236394205,5.623399,0.9500619
2018-06-07 09:00:00,34.078402716949824,39.068024,23.624664,13.338785203307607,27.378685,7.634959,3.1362761926968385,5.8496704,0.86603343
2018-06-08 09:00:00,33.56871207390378,39.14737,25.380035,11.97414545717227,19.603943,7.3952055,2.0901689518860493,4.4340167,0.7957861
2018-06-09 09:00:00,35.48536883566112,40.631256,28.03946,10.907870022782552,24.284645,6.764675,2.663396811707314,5.503027,0.69228387
2018-06-10 09:00:00,34.774090735061975,41.189606,25.726715,13.987552232714037,47.966286,6.9155064,3.8008676414543356,7.2221184,1.5486634
2018-06-11 09:00:00,32.91190898811095,38.451324,25.818512,13.049203917591669,30.606937,7.431488,1.711385568506248,3.2771072,0.2960828
2018-06-12 09:00:00,36.62266060582721,41.12613,28.84488,11.53641761739547,17.505219,8.217929,1.0494371468046,2.259873,0.05022007
2018-06-13 09:00:00,38.59318474078293,42.86978,28.502594,10.91540141017403,14.000831,8.181278,2.035251063961359,3.6439958,0.814217
2018-06-14 09:00:00,38.720608327324044,43.096832,29.00113,10.039822954713093,17.846132,3.4897032,3.322114635498286,5.8132644,1.4813243
2018-06-15 09:00:00,37.3665019934308,41.758453,28.330719,9.95866059399256,18.283058,6.5799327,4.004017323085108,6.932006,1.2214077
2018-06-16 09:00:00,33.61054099781518,39.146637,26.144684,23.03236101764272,47.29471,14.165801,4.422109259919021,6.8777213,2.2902758
2018-06-17 09:00:00,31.550933871575296,36.8627,19.583405,23.569836328186064,65.25191,11.159478,4.296101367363147,7.99788,0.5689692
2018-06-18 09:00:00,28.823364525145053,36.368317,20.215485,22.62009869088867,59.914,7.3827496,3.1382715640930745,5.818992,1.8475426
2018-06-19 09:00:00,31.63374939358323,36.631012,23.343414,14.931823636725182,26.661419,9.383099,1.5179139908229857,3.3363004,0.2909372
2018-06-20 09:00:00,35.834261475794165,39.630035,25.985504,12.078257415688238,19.074793,8.6638975,1.0462973073331372,2.6974652,0.08335421
2018-06-21 09:00:00,39.60907037659524,43.35855,27.153473,9.223971162386198,19.704578,3.3598213,2.030093914003473,3.8262358,0.18199699
2018-06-22 09:00:00,40.421676511469,44.32779,27.239899,5.68024463403199,13.416656,1.080718,2.1760939955437615,4.5407176,0.92240983
2018-06-23 09:00:00,40.36835753128423,44.892,28.257233,6.868912722086775,20.768845,2.8591366,2.0651956075412037,4.154426,0.43439543
2018-06-24 09:00:00,38.155981065613275,41.979645,24.059723,13.446615024088965,28.396076,5.8040276,2.48901314526822,4.249114,0.40563917
2018-06-25 09:00:00,37.48106435160207,40.919586,24.683258,15.94084067179536,22.333704,8.339248,2.1265680863077816,4.154071,0.5621907
2018-06-26 09:00:00,38.377777822712346,41.696686,26.62442,11.424104338576702,15.687864,4.22188,2.1867107558390746,4.4252553,0.3268641
2018-06-27 09:00:00,39.05085844206047,42.874664,27.652008,8.882395936989465,20.232998,3.1767302,2.54821364462748,5.1526093,0.8272823
2018-06-28 09:00:00,38.68272484342248,42.892975,27.385162,9.667600232315715,21.131985,3.497507,3.736916015210586,7.649759,1.323642
2018-06-29 09:00:00,36.96704258997471,41.75821,24.97696,9.46440028540303,26.97032,5.3843822,3.4162705464132617,6.6720033,1.0532801
2018-06-30 09:00:00,34.480307982683314,39.008453,24.10025,18.10587296099111,41.643963,12.939946,1.977555712698665,3.8149226,0.38017163
2018-07-01 09:00:00,36.37810787725613,39.70865,24.833649,16.798884560308704,34.443733,13.323406,1.6328083577267336,2.7476814,0.46725023
2018-07-02 09:00:00,37.95595596974931,40.94864,27.265045,14.767015623754281,29.267998,8.571514,2.2246447692629414,4.0761175,0.9101101
2018-07-03 09:00:00,38.206546079248085,42.418854,27.381744,12.933332386358664,36.62842,6.9174843,3.195713451843704,6.181461,0.755889
2018-07-04 09:00:00,36.803285878690076,41.35562,26.039215,14.22258140856599,29.217562,7.8109207,3.075052486488853,5.2765737,0.8366228
2018-07-05 09:00:00,36.5518977657282,41.316803,29.142242,12.414686332191911,19.723553,4.2391787,1.8483412547768465,3.7417977,0.6069591
2018-07-06 09:00:00,39.441796589396915,44.53604,33.182526,6.687975949480109,12.446201,3.922121,1.1633249541509072,2.4649577,0.17850667
2018-07-07 09:00:00,42.01759931728361,45.276764,35.194733,13.318872286515386,20.329752,8.806315,1.6874632655352746,3.5296628,0.6018385
2018-07-08 09:00:00,40.043229518304656,44.28018,32.467438,17.141176900864423,26.143414,10.385066,2.2041300829668264,4.8530083,0.44826826
2018-07-09 09:00:00,38.896538695928655,43.54239,30.145416,23.259460743694948,35.119545,10.342203,2.1846623697968517,4.881019,1.017688
2018-07-10 09:00:00,38.482528031292816,41.834625,28.88736,35.969399118421066,65.169,12.075881,1.6884563603673328,3.3300693,0.105532914
2018-07-11 09:00:00,32.779246870176564,37.30533,25.907623,39.44291295937508,57.485226,18.113012,2.000139244737406,3.5219896,0.7278076
2018-07-12 09:00:00,32.523318190113,37.41446,25.279694,43.616160502356465,55.508804,29.176632,1.965044914659503,3.6923091,0.47271308
2018-07-13 09:00:00,32.272574367006484,37.59781,26.149567,45.171705805725445,63.191822,22.43729,1.2054596370973518,3.200488,0.23183775
2018-07-14 09:00:00,34.76153733750516,39.3649,28.381744,33.53563897401067,45.12353,26.144241,1.5855689048611148,4.567231,0.1505167
2018-07-15 09:00:00,38.130693054581116,42.257965,29.468903,30.873046915201297,47.3659,18.709648,2.01985172499691,5.141815,0.4227867
2018-07-16 09:00:00,38.36574818430819,42.092438,30.217438,26.66297360686626,41.03606,18.311176,2.0953513933095573,4.9801683,0.48625085
2018-07-17 09:00:00,39.913070035570456,43.5502,29.934967,20.51273617908283,37.646935,13.016382,2.4602091623136717,4.8464727,0.4052769
2018-07-18 09:00:00,39.99248342377916,44.656403,29.228668,26.154572644579837,45.409252,14.229117,2.6957510222567596,4.3892016,1.1330012
2018-07-19 09:00:00,36.39084189804464,40.673737,28.916412,38.05993905965835,51.158337,20.972065,2.2755728712518835,4.164734,0.773302
2018-07-20 09:00:00,38.92543358958932,43.17569,28.818268,30.350200013508154,61.579773,16.336914,2.0982099200741917,4.100838,0.17035486
2018-07-21 09:00:00,36.79176054415018,42.43521,27.72232,30.36925192773229,58.713924,16.885357,2.3683049315814215,3.9634156,1.1179152
2018-07-22 09:00:00,33.20941090933877,36.960114,27.848785,39.11989446653163,45.80158,30.583368,1.6362544247296527,3.2917755,0.5319167
2018-07-23 09:00:00,38.89985819735756,42.91446,31.365631,22.685664024546156,30.800953,18.078037,1.5195096456976789,3.974509,0.22360565
2018-07-24 09:00:00,41.03495869614545,46.273834,31.516022,15.548088286545854,21.75276,11.198033,1.5567542153121987,4.0203767,0.07724531
2018-07-25 09:00:00,41.904156917313685,47.4794,33.920807,13.47252604324612,20.077656,8.921405,1.8733113643299686,4.300947,0.5946183
2018-07-26 09:00:00,41.73143977063222,45.940826,32.22403,12.834072187363995,20.442772,8.224022,2.396196635516384,4.224801,0.99381834
2018-07-27 09:00:00,42.09513421954148,46.132477,30.880524,12.129212935001759,20.949402,7.6884108,2.1545021078147117,4.082783,1.1006826
2018-07-28 09:00:00,41.935221588221225,45.40616,33.14444,12.011030619892901,18.239962,9.111009,3.0585233185092418,4.9205947,1.4456922
2018-07-29 09:00:00,40.18576719740247,44.214264,30.909576,22.25790822957019,39.785423,10.8893585,2.7381531242664967,4.4278817,1.1484836
2018-07-30 09:00:00,37.471157798622585,40.68643,29.278717,22.402642817858073,45.845066,7.3708315,2.175040442330303,4.3886895,0.60081106
2018-07-31 09:00:00,39.50988273525553,43.83438,30.182037,18.842611401042237,32.818542,8.041201,1.9555454637934964,4.0323224,0.20441093
2018-08-01 09:00:00,38.147263624957134,44.001617,29.838531,26.98006967780146,40.448193,14.842725,2.2800273659303643,4.737369,1.0334826
2018-08-02 09:00:00,39.660527479127836,43.45816,29.226227,19.651007186484765,36.74848,12.385202,2.883771453181584,5.1337996,1.5107806
2018-08-03 09:00:00,36.14751527720904,40.56607,29.281158,31.553059748703827,51.506897,12.788957,2.087084802568886,4.856738,0.63185006
2018-08-04 09:00:00,39.84345717553276,43.44034,31.70987,15.215107268733625,27.870316,4.451524,2.5408132084796646,5.0754333,0.85530376
2018-08-05 09:00:00,40.234248162062784,44.508453,31.455719,9.22436921491963,17.39503,3.1372166,3.1829721366617054,6.588621,1.3790052
2018-08-06 09:00:00,39.56849533654929,44.55655,31.546783,7.295827028394838,13.398165,4.0182886,1.8595394186024363,4.0252876,0.56379867
2018-08-07 09:00:00,40.59863403480267,45.326324,33.613434,7.179083660685492,14.007174,3.7028885,1.2767789199449306,2.7016356,0.26625764
2018-08-08 09:00:00,41.41137026696106,45.40567,34.134186,13.588554694743003,21.859753,5.4652214,2.533352295962302,4.435587,0.7717387
2018-08-09 09:00:00,38.557955542975094,41.991364,31.571442,24.935990599621285,50.651356,3.5849495,1.9608953836583989,3.4529858,0.45464325
2018-08-10 09:00:00,37.29658796623528,42.22354,28.018707,21.616333104998283,49.290535,7.7527485,2.792262537647005,4.563093,0.33877188
2018-08-11 09:00:00,36.84040371795487,41.298492,27.85733,26.88282638602514,46.453815,14.600444,2.595785498332415,5.415845,0.20247526
2018-08-12 09:00:00,38.28746585363257,42.09366,27.497223,25.609451376345486,43.692833,16.528713,2.118487269607083,4.4943566,0.90740824
2018-08-13 09:00:00,37.040469907604006,40.649567,28.448395,28.905714636399686,41.371277,15.23458,2.784565007086412,5.409051,1.4303818
2018-08-14 09:00:00,37.598673321133674,41.019684,28.511871,20.788754739256532,31.828068,15.648381,2.6554842294117456,4.4860783,1.5042657
2018-08-15 09:00:00,38.119981567999275,42.46158,28.869781,19.754422220732735,33.531334,13.576016,2.5099276947880877,4.5514092,1.2649721
2018-08-16 09:00:00,35.309744410826625,39.35904,27.482574,29.643415770684157,49.65763,12.606852,2.26722132788858,4.104978,0.7977272
2018-08-17 09:00:00,33.066141092225735,38.697662,26.979645,36.652951268363665,52.198547,15.233129,1.6330652858015369,3.8781688,0.4370208
2018-08-18 09:00:00,36.23825671900482,39.971344,27.511139,27.820222869772937,41.326797,16.548992,2.0804102128194257,4.0927534,0.7152087
2018-08-19 09:00:00,38.84719502485336,42.14981,30.116608,19.646012004441577,28.089687,14.516524,2.151733309637223,4.18549,1.1991458
2018-08-20 09:00:00,40.43303506804699,44.4794,30.043854,19.21307198869697,37.189056,14.9128275,2.7015375311630656,4.865286,0.7661468
2018-08-21 09:00:00,37.96966963057258,42.295563,28.395172,21.37569686693672,36.793896,7.063427,3.4234953535512322,5.806557,1.5546473
2018-08-22 09:00:00,36.669921672063424,41.985016,29.465485,25.00034887086423,37.40435,16.238907,3.247801429830389,5.5960226,1.2238556
2018-08-23 09:00:00,36.064897669394384,41.359528,27.976715,25.928527228500023,38.71428,11.999263,2.7904628094835053,4.9450936,0.88194954
2018-08-24 09:00:00,36.90098030187107,40.487946,28.67154,20.543128134449606,28.193573,8.923894,2.87440401638066,5.656519,0.677696
2018-08-25 09:00:00,36.21714309268452,40.088287,27.084381,15.689927180841066,35.460705,8.02711,2.6357298286061916,4.9089327,0.53516674
2018-08-26 09:00:00,36.1050446268635,39.820953,27.809235,22.292363055465156,39.62965,10.08327,2.873433851057412,4.970483,0.6849126
2018-08-27 09:00:00,36.64562845780017,40.79532,27.46524,11.027827963600085,27.609268,2.6089983,3.809152188165137,7.5441284,1.3298286
2018-08-28 09:00:00,36.3381451393077,41.06143,26.190338,12.382516014585786,35.93969,6.601226,3.273613858556653,6.0326133,1.4797074
2018-08-29 09:00:00,34.345850496513606,39.2211,27.016022,17.73560195828509,29.884335,10.6509,1.8576515039144161,4.106525,0.28727326
2018-08-30 09:00:00,35.89744151419944,40.247223,29.241364,13.53348594520599,19.537855,5.9855576,2.6240570039625672,5.5043817,0.60591173
2018-08-31 09:00:00,35.7786497428271,39.968414,28.76529,12.251298365261395,21.821314,5.3135014,2.6971184616169683,5.314743,0.4041758
2018-09-01 09:00:00,35.32786552251872,40.477448,28.014557,11.664183084828805,29.47596,6.9759607,1.8879943531363519,3.7749615,0.68981713
2018-09-02 09:00:00,34.994259407986135,39.67813,26.123444,17.500542985196386,42.763344,8.00843,1.2962317996697665,3.0877905,0.2733198
2018-09-03 09:00:00,34.70461120114322,38.480377,26.48819,26.239275530162413,50.784046,12.783086,2.025779249712858,3.3039677,0.6796408
2018-09-04 09:00:00,32.95256799417223,36.699615,25.953522,29.470759499864652,41.70219,16.875393,1.5358046601756452,2.7579591,0.3646845
2018-09-05 09:00:00,34.110253514332555,38.683502,26.22647,20.842359830530366,35.45481,16.118437,1.529141095361928,2.4787598,0.73736054
2018-09-06 09:00:00,34.622757253751274,39.38394,26.729645,17.809299180886736,27.02346,11.125024,1.1716676353135127,2.118723,0.1958912
2018-09-07 09:00:00,36.313669249570694,40.39981,27.737701,15.766688465597223,22.972775,11.632795,0.9823048641160061,1.8115307,0.3166287
2018-09-08 09:00:00,37.82540498605391,42.40152,30.079254,14.174662197723968,19.023123,9.392606,1.5439574571876704,2.812755,0.7198736
2018-09-09 09:00:00,39.369163865611426,43.58316,31.202301,12.224783989261514,16.674576,7.7314777,2.6441377558753354,5.0380883,0.8608385
2018-09-10 09:00:00,37.68095008923132,41.943512,29.36148,10.150456954065502,18.437616,5.255286,2.175012431820093,4.6076627,0.28431442
2018-09-11 09:00:00,36.74073885638438,40.934723,27.911285,8.608755656661318,18.322208,0.5552368,2.2563874237484027,5.2619658,0.0747781
2018-09-12 09:00:00,36.06277187806057,40.380768,26.765533,10.711441217405651,24.291702,6.7091417,3.772316953308662,7.244964,1.3665202
2018-09-13 09:00:00,34.50073799798133,40.228912,26.77774,11.858843681654532,20.336271,6.7085247,3.2816025825877966,6.2438087,1.0098999
2018-09-14 09:00:00,33.647910408251676,39.393707,27.08316,10.225987274960618,14.471986,7.206361,1.9001876099427084,4.0739384,0.15086636
2018-09-15 09:00:00,35.350730702283045,41.25699,29.18277,12.121004123466447,17.035557,8.353118,2.3457020722267763,4.402748,0.6810042
2018-09-16 09:00:00,34.964627677040426,41.9794,27.387604,17.006175736953768,25.52033,12.715643,2.7212164826622236,4.489536,1.0327548
2018-09-17 09:00:00,34.658174103558395,39.944733,27.823639,15.744702656979888,27.324802,6.070095,2.215230557305604,4.1029115,0.537251
2018-09-18 09:00:00,34.60387221677661,40.59073,28.020416,8.143245636322405,24.953651,3.0055008,2.319373800601806,4.6406426,0.73220783
2018-09-19 09:00:00,34.554508346868886,39.53018,27.750885,7.103654691982839,20.064423,-1.1848755,2.1586819078941186,4.2274194,0.3792803
2018-09-20 09:00:00,33.54521357494127,37.286285,27.346832,10.674792104866057,47.071342,1.2856913,1.4026780723799892,2.9756398,0.20980135
2018-09-21 09:00:00,32.935001969932785,37.33145,26.040436,21.24721604645181,37.534904,6.5457945,0.7107786930204207,1.4513519,0.029580776
2018-09-22 09:00:00,34.218130959614655,38.6232,27.597809,20.104343251092157,32.520718,10.91525,1.2337199298196941,2.5457537,0.05123537
2018-09-23 09:00:00,34.97260324977441,39.985504,28.674957,23.97194188338008,29.21819,20.022877,1.4937713579557221,3.3791027,0.108653896
2018-09-24 09:00:00,34.415942427214304,39.1669,26.430573,22.186533260448112,33.806583,13.444303,2.1622261513983054,3.9365637,0.53247756
2018-09-25 09:00:00,33.32127282465069,38.73062,23.761871,22.40761689906106,31.598875,12.401041,1.119676291932585,2.3460507,0.0904248
2018-09-26 09:00:00,33.657123629183445,38.07901,26.065582,18.614493442833027,25.261494,9.702893,0.9711075386648355,2.5421722,0.087073795
2018-09-27 09:00:00,34.725141772045276,39.587067,28.274567,13.772496418737969,26.617638,6.525322,0.913806722214973,1.983187,0.024629751
2018-09-28 09:00:00,35.630600040774425,39.85782,29.353912,14.205308003482516,24.684917,8.153668,1.0981488647054891,2.3337603,0.26190457
2018-09-29 09:00:00,35.25660446859473,40.268463,27.42862,19.84376875309294,30.428108,15.123421,2.8681333990189986,4.8590136,0.8234087
2018-09-30 09:00:00,31.798557124952424,37.612457,23.928864,23.253021412223273,36.19451,11.991385,3.2112063086860814,5.689108,0.89831996
2018-10-01 09:00:00,30.808705320765682,34.560455,21.846344,35.76060157960909,65.63012,23.625916,2.4722009555342703,4.3739944,0.52657974
2018-10-02 09:00:00,27.677356406388242,31.071198,20.588776,53.56382578734692,74.338486,30.479115,2.017598211709305,4.0873976,0.15275073
2018-10-03 09:00:00,27.687234087508045,31.95279,19.607086,53.285129832955974,70.37926,44.83906,2.4854975954926126,4.596301,0.32242146
2018-10-04 09:00:00,26.045802024775355,31.323395,18.118317,44.969879410122125,80.25773,23.95275,2.3073553251387136,4.9414253,0.7238497
2018-10-05 09:00:00,25.74000895200112,29.998688,18.91861,47.75976658174895,69.23517,38.030632,1.8497837189068285,4.1763983,0.21807194
2018-10-06 09:00:00,26.72297186535593,30.808502,20.843658,38.64569172911539,53.15956,26.05409,1.7224788129252628,3.708075,0.3794793
2018-10-07 09:00:00,24.591034863325604,30.544586,17.476227,38.505401918016624,67.173584,27.228586,3.0883090395498987,5.492784,0.7737607
2018-10-08 09:00:00,21.945984469869586,25.978424,16.13272,28.30516033371487,44.90451,18.303757,2.6398312451133585,4.1613917,0.99904376
2018-10-09 09:00:00,23.46883912469673,28.004547,17.902985,19.396651945537347,41.98684,9.724281,1.0689986118661672,1.8763366,0.13846694
2018-10-10 09:00:00,25.753002640402713,29.972076,18.763092,25.426796784918423,39.273933,19.937996,2.587250075270998,5.042614,0.6689626
2018-10-11 09:00:00,24.462003345788617,29.43985,17.865631,34.77426945037569,75.18843,24.864214,2.1014479634724,3.989186,0.3050014
2018-10-12 09:00:00,23.62975089058631,27.542389,17.731842,45.92508962911127,61.13879,33.455196,2.012312311279525,3.6305566,0.39693943
2018-10-13 09:00:00,24.55363220484611,28.225006,17.017975,46.882195292766326,64.9176,27.502865,0.7066130916304175,1.5240209,0.12509993
2018-10-14 09:00:00,21.78069055299767,26.464996,17.305817,38.23688387498026,68.05151,15.625736,0.9432384161945043,2.1915398,0.113437206
2018-10-15 09:00:00,22.99839892616893,26.50943,16.706696,12.285613194581764,17.689507,7.2988825,4.286091246574897,8.148102,1.7539387
2018-10-16 09:00:00,20.109525674522445,24.666168,12.535065,9.164242911963449,16.056902,3.7972012,3.6687577353213516,7.649581,1.5279422
2018-10-17 09:00:00,21.266549074154113,24.803864,13.899567,19.716819890682444,52.57525,10.399466,1.8711578019026422,4.6683226,0.20997262
2018-10-18 09:00:00,22.346603985152854,25.402985,15.715729,28.8977560802492,39.35241,18.390457,1.4742156940641113,4.138816,0.22618794
2018-10-19 09:00:00,24.765459589899592,28.819977,17.552399,24.021660192833696,32.993114,18.112238,2.7277828366250545,5.9452543,1.0327153
2018-10-20 09:00:00,25.57330428229352,30.876373,18.128326,22.480958433878914,30.148516,18.378426,2.760283027892562,5.490543,1.1607026
2018-10-21 09:00:00,26.150839485290703,32.17862,18.998932,34.817622583821986,45.261765,20.177164,1.6085826525244868,3.8674042,0.19835608
2018-10-22 09:00:00,26.270228252191714,32.868805,19.532867,33.97547524917537,58.080647,22.162678,1.2739883429050278,3.8123317,0.3251867
2018-10-23 09:00:00,25.418365376677855,29.898102,18.939117,34.77334200613086,55.41372,22.803728,1.1098726384151338,4.189295,0.08389417
2018-10-24 09:00:00,26.026566661019842,31.080475,19.369537,27.472266244046015,39.131645,20.674614,1.6538791070670065,3.9845898,0.15140499
2018-10-25 09:00:00,27.019689392687155,30.963531,20.879547,19.707219144592816,26.005627,7.60719,1.1151731434424752,2.1897006,0.21249335
2018-10-26 09:00:00,28.149633337679063,32.202057,22.034088,19.319782745789876,24.07047,14.481978,1.468530697252656,3.5903897,0.25935683
2018-10-27 09:00:00,28.726845476962694,32.674713,22.952057,13.925324249703257,20.032982,7.8926163,0.9352548242828163,3.0448537,0.03288926
2018-10-28 09:00:00,28.901112122789414,32.927155,24.038483,12.366081521808164,18.703907,5.5110903,0.6792385990718077,1.2675415,0.074000426
2018-10-29 09:00:00,28.697947571371685,31.91983,24.035065,10.927976170324403,14.360413,6.085105,2.056005859027344,3.8326359,0.6034017
2018-10-30 09:00:00,26.12205237596055,30.534332,20.842926,24.345187677729644,32.67856,14.387899,1.6820753216510178,3.3684402,0.16300716
2018-10-31 09:00:00,22.1598801355085,27.530182,16.70401,16.541061874214833,22.093826,12.16414,3.520660340227391,6.8939686,0.54788524
2018-11-01 09:00:00,19.99199481378946,24.629303,16.390778,13.434436860544443,18.052608,5.7713594,2.0252928829770007,4.122147,0.18960662
2018-11-02 09:00:00,23.524557375796746,27.628815,19.12442,28.396027376144282,33.065517,19.960049,1.6866700176133644,4.0539346,0.11831122
2018-11-03 09:00:00,26.570657790145674,29.703522,22.363678,18.144522280715247,23.725058,10.029745,1.5499514145748978,3.0911999,0.15862861
2018-11-04 09:00:00,25.45030345590112,29.172028,20.89273,16.625725714750615,20.725817,10.545569,1.8372832348919592,4.0042768,0.034852188
2018-11-05 09:00:00,24.303844652452256,27.339996,20.418121,19.99215512298589,23.189186,15.614968,0.9000428988421236,2.7389538,0.06577393
2018-11-06 09:00:00,24.80883380540365,28.224762,21.511871,19.851032390079858,32.01058,8.087567,0.589837167003628,1.2282215,0.07693864
2018-11-07 09:00:00,24.357013825183685,28.244537,19.451569,15.590759627964493,28.883469,6.602219,0.794314590998411,1.8099455,0.040692538
2018-11-08 09:00:00,24.085832272550704,27.897125,20.113922,15.227915543975493,26.15512,9.07309,1.7935595751024833,3.4863415,0.43784896
2018-11-09 09:00:00,17.45216752781573,22.596344,11.88736,10.219177936183586,15.614832,5.5091934,4.356468529032091,9.327793,2.2138402
2018-11-10 09:00:00,18.164310235156506,23.443817,12.970856,8.261266210389795,12.384994,3.4525309,1.7543998367458484,4.405926,0.15668334
2018-11-11 09:00:00,18.592243733000203,23.641266,14.8854065,7.856083463392729,10.34035,3.8325377,1.7655124691967714,3.1915717,0.38541213
2018-11-12 09:00:00,15.67558782768782,21.25644,10.123627,12.395845456737895,18.046597,3.878109,2.6798371681242763,5.960545,0.5837959
2018-11-13 09:00:00,14.77406302448071,21.06662,9.500641,12.204108740194135,17.163572,7.4656124,2.6860254601201223,5.987,0.6077339
2018-11-14 09:00:00,15.862714754525769,21.707062,11.567047,12.488854700855299,14.144433,9.906703,2.040679899456725,4.643471,0.35491037
2018-11-15 09:00:00,19.018340580693177,23.877533,13.842194,14.693942092788513,16.890512,12.289831,1.489954820344796,4.1423554,0.19692387
2018-11-16 09:00:00,20.522370930803163,23.519379,14.972504,16.106463202762452,18.922386,12.517737,0.8728005941764025,2.241171,0.0817984
2018-11-17 09:00:00,20.022981594589396,23.26358,15.591705,16.027817053040042,19.695576,9.070577,0.5940860272601735,1.2665222,0.08529468
2018-11-18 09:00:00,19.79032623817676,23.25821,15.254303,17.225176072390365,22.605177,12.335646,0.7287629732323219,1.9096061,0.11348609
2018-11-19 09:00:00,19.02574774596127,23.366241,13.487335,18.485212289706087,23.686829,10.877591,1.8407164475916695,4.5784307,0.24286473
2018-11-20 09:00:00,16.65718288270881,21.62967,12.820801,12.741108704888857,22.717484,8.48438,1.6319611478665126,4.126332,0.16171344
2018-11-21 09:00:00,19.06125055409001,23.829071,13.676727,13.53124204356953,29.909815,10.145334,1.0493234052154092,3.036052,0.13399674
2018-11-22 09:00:00,19.024067143699767,22.98581,13.485809,30.749048400294612,51.23386,15.733859,2.3408895236605196,4.4278817,0.90911317
2018-11-23 09:00:00,17.53197096488094,22.161224,12.6041565,34.144262784105464,65.70115,19.537546,2.349684499365129,5.6832795,0.2775869
2018-11-24 09:00:00,17.22420863583858,21.360748,12.22403,62.431866078555785,75.37549,51.176266,1.8246696844142405,5.9187827,0.14619723
2018-11-25 09:00:00,17.20093211087311,21.723541,13.026276,43.99277748951709,59.8458,26.580173,1.5888140758425668,4.2449684,0.21278055
2018-11-26 09:00:00,16.236808035564877,21.692657,10.45047,19.73220989773224,26.437044,8.921419,2.509064729518534,6.4776025,0.76728815
2018-11-27 09:00:00,17.259536377396955,22.483429,13.083038,14.459817229553165,21.694967,8.8394985,1.5036187141750523,3.9843967,0.09644936
2018-11-28 09:00:00,18.364635960146018,22.08902,15.247223,19.584584182020357,26.067379,14.352534,1.5712627470002936,3.5470524,0.18933284
2018-11-29 09:00:00,18.245773396537004,22.822906,12.393219,42.05157469827567,79.41039,17.773674,2.305583931669673,5.0222917,0.35212454
2018-11-30 09:00:00,12.859436408288843,19.786041,7.1981506,64.85545314242889,89.677376,48.578552,3.634068077347914,7.6536784,1.5762204
2018-12-01 09:00:00,14.323782641799369,19.732574,8.025543,58.10869029428359,75.01111,40.998955,2.2497582131248683,4.52034,0.6093609
2018-12-02 09:00:00,13.06735808408257,18.255524,7.243805,39.206541248965266,56.209427,12.220046,3.184727615734005,5.8395157,0.35219982
2018-12-03 09:00:00,11.663427779541905,17.470123,6.6148376,25.522642681038267,36.09089,13.778391,1.3514776357739917,3.2223666,0.2750272
2018-12-04 09:00:00,12.666623800616208,17.253326,7.9447327,24.373662482221143,35.125362,11.856954,2.415722793697217,5.1629195,0.49273387
2018-12-05 09:00:00,13.002862088698748,18.101166,7.4585876,24.4066682252523,30.887585,16.238594,2.1412119312269353,4.728309,0.09781868
2018-12-06 09:00:00,9.612450932163199,17.403625,4.7917175,57.71954937987681,98.53735,29.747423,1.4116499335410249,3.6063101,0.20866667
2018-12-07 09:00:00,9.356200090539858,16.497162,5.0834045,87.58479581774982,98.42757,69.82373,1.772233073036451,3.8946407,0.43155304
2018-12-08 09:00:00,13.044654864857762,17.246796,9.604218,59.44278108983049,69.003136,27.194546,1.6375025485810868,4.0042315,0.37211484
2018-12-09 09:00:00,15.486694345248338,20.514435,11.702484,34.98809044385708,48.44714,18.044796,1.4836377469826452,3.6679673,0.27981034
2018-12-10 09:00:00,14.855923466278227,20.000336,11.037445,23.062095996034145,34.805176,9.21102,1.3903075292028337,3.7813163,0.18052275
2018-12-11 09:00:00,13.762881912479827,19.114288,9.764679,25.194144754220808,38.65535,14.222423,1.5975648790512555,3.787918,0.29459342
2018-12-12 09:00:00,16.43640317305301,21.969513,12.503357,22.015990609572363,36.329575,15.29114,1.3430214434685799,2.9161441,0.06974123
2018-12-13 09:00:00,16.97051621226342,22.42389,12.373108,10.65312166207106,19.143578,3.2067451,2.0452216376064873,5.784912,0.03739984
2018-12-14 09:00:00,15.421176340411535,20.739716,11.308075,10.308223095090078,15.2851095,6.208029,1.633367599748441,4.431706,0.031921774
2018-12-15 09:00:00,13.064907996819727,16.676178,9.8558655,8.728624709162936,13.739352,5.0613527,1.0703155043654642,2.3006563,0.11922378
2018-12-16 09:00:00,16.924926631815538,21.32901,13.543854,10.613496153614955,17.625343,6.2978487,1.1542194418178187,3.0461755,0.089344844
2018-12-17 09:00:00,17.56134252548344,21.734528,13.822418,14.213884727840354,22.315334,6.070857,1.2244759612516054,2.3132977,0.17277256
2018-12-18 09:00:00,15.500342962267666,19.388824,10.918121,40.312682382345585,58.079014,21.046913,1.2968604338894276,2.5917633,0.08823737
2018-12-19 09:00:00,16.538953194967178,20.799225,13.828522,20.576215008866004,30.529675,13.232113,1.6792817425381217,3.592396,0.0675996
2018-12-20 09:00:00,18.83496614438826,23.551178,15.994537,13.169078042447268,20.701841,6.4318686,1.4691634066523838,4.1840878,0.052078262
2018-12-21 09:00:00,19.163476719385528,22.555573,16.659088,11.122825193791622,19.15118,5.2699957,0.958565785995579,2.0071282,0.09455467
2018-12-22 09:00:00,18.500547438812987,22.189606,15.820465,23.44571152929524,34.165794,10.818728,1.0573499765962906,2.743323,0.15818183
2018-12-23 09:00:00,17.77952457938295,21.977203,13.078766,25.628270169342823,33.905537,14.112568,1.3931654576949712,4.2808337,0.22106586
2018-12-24 09:00:00,16.74834364780179,20.850983,13.647858,30.36302742510368,40.322693,20.861755,1.0187961732433286,2.2048814,0.13345958
2018-12-25 09:00:00,16.94196306962158,20.650543,13.515778,38.759198919636944,57.1882,26.668673,1.9301248241062592,4.756159,0.068740845
2018-12-26 09:00:00,13.734896132635015,17.77182,7.0935364,43.40261771830773,51.004272,26.39016,3.180659820171557,4.740297,0.63105214
2018-12-27 09:00:00,12.987542197349342,17.61441,8.411285,27.498527366418266,38.208096,16.959877,2.030072089451384,3.8061807,0.37467387
2018-12-28 09:00:00,10.102480496423368,14.606171,4.11203,30.717534279963353,46.0142,18.900183,4.056082704455902,5.6761503,1.3049146
2018-12-29 09:00:00,8.304732632433229,12.862244,2.346466,27.048338738132987,32.861916,15.997669,3.1204222462308984,6.9625473,0.616075
2018-12-30 09:00:00,9.79237859062755,13.305481,6.5639343,24.614668917051894,31.07499,17.873217,1.6739478963877037,4.295313,0.19794053
2018-12-31 09:00:00,13.923437069577517,16.466675,11.122925,29.56560700538245,45.847485,21.94514,1.2514212804882672,3.8025687,0.03784676
2019-01-01 09:00:00,8.825341698687794,12.27597,2.0083923,22.790696332208498,34.9693,14.047908,3.710031054892072,6.490729,1.890303
2019-01-02 09:00:00,6.776909570575015,11.01358,1.7030334,17.98965871155337,24.059574,13.002536,2.8004861228101023,7.296853,0.40160477
2019-01-03 09:00:00,8.956988901971897,14.463654,4.6374817,21.155330764128905,29.318794,10.912543,1.7772141252416023,4.962974,0.15919876
2019-01-04 09:00:00,12.04011348292454,16.939789,8.61441,16.308471055856476,24.718706,8.50358,1.2279016287326705,3.922972,0.12036005
2019-01-05 09:00:00,13.35735129722434,17.301422,9.7604065,12.34937062864862,21.532726,4.5991316,1.2243008639089126,2.3860884,0.20710711
2019-01-06 09:00:00,8.665304161810639,12.419342,4.134186,46.37529049461945,70.831856,28.992008,1.7740602458131545,3.3347163,0.7059107
2019-01-07 09:00:00,12.227177000483778,15.986664,7.7569885,49.68330442794235,93.90184,34.710434,2.983152661863589,6.8752646,0.39282447
2019-01-08 09:00:00,14.076765022293273,17.556915,8.733551,55.884096359910764,72.18546,41.111248,1.486193512040528,3.6327116,0.11210757
2019-01-09 09:00:00,15.247642614452673,20.279175,10.54892,40.3625472425089,52.21718,24.971085,1.218323011483584,3.1023016,0.035548512
2019-01-10 09:00:00,17.19429615077604,21.64444,13.261627,37.56246343462934,48.63521,18.982864,0.9997915283921991,1.9761505,0.1527631
2019-01-11 09:00:00,17.064270612415726,21.861298,12.091766,35.880484691271505,46.23811,14.212667,1.2357034405993739,3.1676075,0.16392648
2019-01-12 09:00:00,15.561816520066145,20.146149,10.161774,38.18317529248788,49.264416,22.266193,1.9908736818549904,3.9689074,0.5402761
2019-01-13 09:00:00,10.632421201310422,19.154633,4.2276306,59.874641955883725,77.466484,34.078583,1.4738243057793377,3.6333644,0.13208489
2019-01-14 09:00:00,13.037748642429847,18.098846,5.891815,55.271033411991944,75.82445,35.621323,2.3988604093877317,5.7136383,0.72981524
2019-01-15 09:00:00,9.588993567566774,18.073395,3.098236,87.47049793885307,98.061356,69.02944,1.53069707834001,3.0891757,0.14493454
2019-01-16 09:00:00,10.866770880291483,14.263763,7.023529,83.53039608889483,97.63714,71.13603,2.0318240819942996,3.4903197,1.2391919
2019-01-17 09:00:00,14.269988770640794,18.013428,9.841553,82.19358178980752,97.91661,70.43733,2.2235551080024405,3.6061773,1.077146
2019-01-18 09:00:00,14.490509100423026,18.471222,10.022186,49.96563011275018,70.106865,28.015572,2.4098068726175965,5.488601,0.6595311
2019-01-19 09:00:00,15.854257259054236,19.813385,11.730438,38.01264487316036,47.061745,8.841741,1.6017647994319495,4.3017154,0.1351451
2019-01-20 09:00:00,17.904717406256907,22.074097,14.089722,33.11724191721122,40.060585,21.540321,1.0669504157452385,2.8285847,0.21805553
2019-01-21 09:00:00,16.740391547905972,19.95639,13.181,32.091973998802295,48.098404,17.784222,3.9847054730458336,8.109257,1.5729283
2019-01-22 09:00:00,11.59156014922928,16.53421,5.5732727,25.370692013976527,36.81633,11.304454,3.92293452712349,6.45764,1.1033753
2019-01-23 09:00:00,11.362869726222982,15.794342,7.1009827,12.396602160481304,21.404995,6.2606544,2.369711711298603,5.8326616,0.66229045
2019-01-24 09:00:00,14.864296878402172,18.02774,11.568756,15.699355752383648,26.138248,9.290592,1.753291830433384,4.1678247,0.23339851
2019-01-25 09:00:00,16.80744746748303,21.603668,11.621246,21.071258257718227,31.20316,4.3249793,2.081935102152538,5.2085414,0.4428318
2019-01-26 09:00:00,17.65376389655472,22.385681,13.444275,15.58511237071868,25.733765,9.081422,2.4620811528118733,5.817467,0.40718305
2019-01-27 09:00:00,18.35666482681654,22.794281,12.796234,19.237948555380335,24.924133,11.513978,2.114604834173092,5.7723203,0.21106596
2019-01-28 09:00:00,20.433122150415556,23.827484,16.882172,20.143404297830433,25.836193,12.883181,1.625890373288016,3.9571786,0.11029833
2019-01-29 09:00:00,19.88874336140276,24.37326,15.119354,16.445889385607945,26.959776,8.243692,1.503103493760303,4.993422,0.076727614
2019-01-30 09:00:00,19.581590235760075,22.73642,15.427826,24.048743855877262,32.13384,13.733458,1.1757703228226184,4.3768835,0.112384446
2019-01-31 09:00:00,19.195362782899224,22.374573,12.972229,31.148443463008874,43.11247,23.693329,1.0636518817448228,2.448638,0.1256309
2019-02-01 09:00:00,15.709634746986069,22.360077,8.316864,41.78063358194129,71.43445,21.996025,0.7377890975927494,1.5588341,0.06905965
2019-02-02 09:00:00,17.211108992285176,22.418335,11.02771,58.32382677403175,74.884,44.220913,3.0968680173751086,4.697707,0.9867737
2019-02-03 09:00:00,12.920430762541855,19.488892,5.555908,64.03949110534741,88.9928,41.332638,3.5926243361993238,6.3718576,1.7740313
2019-02-04 09:00:00,13.64869352014756,19.376648,6.0719604,65.4321298057889,97.52726,48.415234,3.040485465939506,5.9130583,1.082499
2019-02-05 09:00:00,11.74291383909366,18.177277,4.493683,70.7174390020821,94.41949,52.67343,4.6337776705608595,7.4321785,1.7302015
2019-02-06 09:00:00,9.493742504296392,17.337555,1.8277893,36.50053199583309,62.576706,23.251629,3.674148153648241,5.952927,1.6100208
2019-02-07 09:00:00,8.134093029611734,13.457306,1.5920715,30.699121527090067,42.336,23.66803,1.313904038110505,2.920399,0.29376987
2019-02-08 09:00:00,9.745962517902626,14.888092,3.1889343,28.290203814063045,41.880386,9.878102,1.349655514985393,3.2025616,0.040864453
2019-02-09 09:00:00,12.053273650577353,17.541779,6.8816223,28.489042179250518,49.679897,15.647776,1.6442336646553313,3.3172708,0.099477254
2019-02-10 09:00:00,12.350580807219671,17.437897,4.488678,39.72290011211234,79.04148,20.010227,3.1619707843995077,7.2112007,0.45943102
2019-02-11 09:00:00,11.013289788904729,18.32956,3.231903,26.194002303331235,46.415432,13.467662,2.7813177974187124,4.095185,0.23027661
2019-02-12 09:00:00,10.777925376730764,16.029388,5.509857,14.028623539948702,30.021744,4.865493,1.1051236941061027,2.2156518,0.08156303
2019-02-13 09:00:00,13.519834992882522,18.819244,7.721588,6.766177543600795,12.1460285,2.528841,1.7121466492343056,3.3026943,0.44262284
2019-02-14 09:00:00,12.822569652216373,19.0766,6.5275574,49.120975938691785,97.904366,19.909708,2.469748321017637,4.1269007,1.0323064
2019-02-15 09:00:00,11.25335588034909,14.630127,5.759033,56.75075639641741,89.84564,37.16205,3.4873063053627833,7.9795694,0.33517835
2019-02-16 09:00:00,12.35868922764945,18.181854,4.75412,40.12236690393041,62.51358,17.319443,3.945770868679817,7.4730635,1.6124995
2019-02-17 09:00:00,11.113761500168835,16.373993,5.1357117,40.685126242177304,61.24476,25.835598,4.272800303337466,8.712104,1.3826737
2019-02-18 09:00:00,8.375235523873982,14.426117,0.08822632,48.49033529574027,62.279564,34.31472,2.835935592896965,5.1111317,0.6154434
2019-02-19 09:00:00,8.480694170526988,13.638947,0.73269653,32.67277394774498,41.27468,20.286827,3.23866480736606,4.7226586,0.8299942
2019-02-20 09:00:00,8.429783857556231,13.33963,1.8552551,32.700306221166265,49.877056,24.107525,1.8396416498350936,4.583642,0.2945358
2019-02-21 09:00:00,8.78042241025355,14.178314,1.2583923,49.74970000760059,85.71998,30.397911,2.16356861695812,4.9055343,0.3154899
2019-02-22 09:00:00,5.409312706782998,9.658325,-1.0858154,44.01764407504864,65.41289,27.312027,2.4801457050915636,4.2583084,1.0422984
2019-02-23 09:00:00,9.506817619762387,13.121704,2.2330322,20.667735258815508,34.542114,11.061772,1.5729754592766994,2.660812,0.37352702
2019-02-24 09:00:00,11.849239501375394,15.23764,5.8528748,25.564797922683447,33.38657,20.468601,0.7683847831993464,2.0850418,0.23002306
2019-02-25 09:00:00,14.58500482020088,18.024109,8.730194,24.165410746894498,34.2227,17.363323,0.8140190594309392,1.8923576,0.10730659
2019-02-26 09:00:00,18.28476789704223,22.082428,11.738678,22.855219612972295,30.46304,14.832714,2.253755443432207,3.9531515,0.64059246
2019-02-27 09:00:00,18.83786808483228,21.916168,11.216949,24.389368661760187,36.970024,16.14017,2.129340811435272,4.0664053,0.55333173
2019-02-28 09:00:00,20.47850498280576,24.623627,12.027924,42.1754140032377,70.8179,26.036655,3.186146244839734,6.80371,0.650062
2019-03-01 09:00:00,21.981288063009174,26.630249,13.934937,31.189242736687042,63.609875,16.902843,3.007827431017105,6.340742,0.415507
2019-03-02 09:00:00,21.048620081383262,28.011322,13.087494,34.17450425411034,72.23761,19.659483,3.293053698200545,6.9015927,0.8532049
2019-03-03 09:00:00,18.594444168502264,26.213287,9.953522,54.767937395081034,83.80771,35.787506,4.123817165048351,7.6979556,1.8550122
2019-03-04 09:00:00,19.575535698047986,25.919586,12.038727,42.88502189409998,67.969215,21.981636,3.172732022776131,6.5473075,1.3772244
2019-03-05 09:00:00,19.771467444666428,23.95636,14.813782,28.714041578146677,40.49598,3.7490704,1.0235028852483206,1.9712757,0.10096099
2019-03-06 09:00:00,21.149437800153294,27.033417,13.642792,34.308704611702666,63.24707,14.032225,2.3137563409628017,4.9342117,0.43803796
2019-03-07 09:00:00,16.6320029818649,26.102264,9.054932,64.44797777986511,87.551895,39.731586,2.930327384378887,5.7503734,0.14474013
2019-03-08 09:00:00,17.44267701818069,23.652496,9.445465,46.01332383011815,78.37323,31.167276,4.743796484358373,8.394567,2.500167
2019-03-09 09:00:00,13.381173957274598,19.866608,5.9674377,37.559083809451046,80.706436,20.474894,3.221927144766566,6.680043,1.2280868
2019-03-10 09:00:00,14.567804421820199,19.069885,8.208557,39.255454960443664,75.38051,24.715084,1.9712048221494696,4.1852674,0.16292219
2019-03-11 09:00:00,12.734139754026103,18.662018,6.2635803,42.821494266918826,53.64839,34.632027,1.2019468344527287,2.055538,0.14214218
2019-03-12 09:00:00,15.54306363284877,20.019196,6.7223206,40.883588068763565,63.078167,30.847698,2.1561122715556507,3.446236,0.48826322
2019-03-13 09:00:00,16.769898501647276,21.038239,10.37027,32.2818261985496,65.12971,22.793772,3.791767407576521,5.951126,0.72347677
2019-03-14 09:00:00,13.96610795988147,19.020416,7.4344788,22.429880456853887,27.628752,16.357098,3.3043519411081226,6.016017,1.3650385
2019-03-15 09:00:00,14.815666312224835,20.247955,7.747467,21.180654021976647,31.115673,12.576611,3.723162827658808,7.0770717,1.8468864
2019-03-16 09:00:00,18.429775004781675,24.348785,11.652496,22.729199975088456,30.031965,17.209076,3.7261521993592073,7.6074667,1.8017547
2019-03-17 09:00:00,22.198300495656838,27.721588,15.287994,24.049941216720985,31.913757,14.01455,2.115252347976266,4.34259,0.61126864
2019-03-18 09:00:00,24.436643096298553,28.89859,17.61734,23.12740651974481,32.299168,15.049243,0.8355104435467821,1.9522854,0.07437308
2019-03-19 09:00:00,24.95133052639204,29.64029,17.257477,21.41063890777371,26.921679,16.208221,1.0603537241129466,2.858153,0.09211103
2019-03-20 09:00:00,24.465408745698312,30.28897,16.746002,25.07411191789397,56.38085,16.482414,2.3161610752802364,4.280808,0.9035414
2019-03-21 09:00:00,15.34755653787903,22.557281,7.1315002,54.596291377273864,84.52428,32.31684,3.0509302487789287,6.734012,1.3330358
2019-03-22 09:00:00,15.083541540919668,21.006989,10.291901,48.76811855544329,74.99918,32.62662,2.5370803755159868,4.916698,0.53358746
2019-03-23 09:00:00,19.051558910453366,23.067047,12.98111,34.18321510864217,65.16898,20.286137,1.9559300903458936,4.5300846,0.37553105
2019-03-24 09:00:00,20.318433304096345,26.256256,12.361481,31.873893442577454,55.63042,8.137016,2.4627951987313574,4.7772603,0.6625382
2019-03-25 09:00:00,21.946142309226957,26.517487,16.29483,21.26528609747908,28.112888,10.161391,0.918168152064524,2.0139828,0.13735826
2019-03-26 09:00:00,24.35873743075183,28.847504,18.304535,12.67251702847264,20.577698,5.215653,1.4247280622350902,3.3577304,0.084985405
2019-03-27 09:00:00,24.637528483629296,29.23526,17.664948,11.743256268055655,21.311646,6.358886,2.2491786101179,4.9099746,0.09446936
2019-03-28 09:00:00,22.81795012648365,28.756256,14.851959,27.446619475617535,76.49587,13.116528,3.4613667565131676,6.7375607,1.4381083
2019-03-29 09:00:00,21.321396530937648,27.187408,13.64444,23.079635463232563,48.35856,7.997039,3.549144345672268,5.861225,0.41103625
2019-03-30 09:00:00,20.768162992621114,26.651031,15.1510315,17.361520280895213,30.369831,11.658584,2.092882202271333,4.6164227,0.35392132
2019-03-31 09:00:00,21.766436619791136,27.487946,16.325836,16.576472958408424,21.284302,12.190553,2.6867582545163153,5.9248357,0.6168949
2019-04-01 09:00:00,22.702929836500005,27.535065,17.333893,18.193607442540774,23.451319,13.053302,1.4033735382890002,3.1713336,0.12495756
2019-04-02 09:00:00,24.64203818038021,28.949615,19.449615,15.576883579956789,28.842878,12.942572,2.1526035690081122,4.5503945,0.667687
2019-04-03 09:00:00,22.893350985697907,29.373932,13.129791,33.643766319768815,82.792046,17.811575,4.124403767306992,6.7534413,2.1281297
2019-04-04 09:00:00,22.15862939502091,26.68692,15.487701,36.50883168945025,74.12995,27.07429,2.0628083028290227,3.615093,0.30367416
2019-04-05 09:00:00,22.130366538973192,28.32193,13.673492,31.219547031544487,71.93225,19.662716,3.313226535072368,7.1689854,1.2137835
2019-04-06 09:00:00,21.188673556245647,26.720612,15.2777405,38.924955532269756,78.57615,22.013647,3.54129676459685,6.8821163,1.554321
2019-04-07 09:00:00,24.114963985639747,28.145416,17.7753,23.910422497381997,30.3852,17.766726,1.892351181716705,3.4934433,0.26897666
2019-04-08 09:00:00,28.268038219041898,33.04776,22.686432,19.29126827909287,24.001186,10.375356,1.5082790116183205,2.879718,0.0878679
2019-04-09 09:00:00,30.080490185267706,34.868073,24.239166,19.5178941624671,32.90748,12.71998,3.8227525622694745,7.171537,1.0249021
2019-04-10 09:00:00,22.52548943023794,33.837555,15.814117,21.257893474342083,36.445293,9.302507,5.932535911067283,8.270112,1.9557949
2019-04-11 09:00:00,20.273050279032702,24.555084,13.918854,15.960710514924779,23.730244,10.314165,3.6037501191836157,5.591815,1.0073543
2019-04-12 09:00:00,19.022804420735838,24.463531,12.539703,27.95786342762824,47.239758,18.795792,3.0914150003133685,5.174599,1.0728993
2019-04-13 09:00:00,20.182244425565557,23.704742,15.04776,23.598775236117895,35.639557,17.435677,2.5175051630701755,4.63827,0.6979437
2019-04-14 09:00:00,24.017999796358197,28.273102,19.235992,18.915182113892396,30.215626,14.66791,1.834325350105207,4.805472,0.23691978
2019-04-15 09:00:00,26.128499235160007,30.294342,17.708405,19.68872441687146,29.371094,11.167969,3.6743014752981695,7.3545003,1.4023706
2019-04-16 09:00:00,24.137147668287014,29.014313,15.1315,26.163464856520683,47.7068,15.850406,4.508613179891505,8.474597,2.270656
2019-04-17 09:00:00,19.258915306671895,23.659576,14.558014,32.07202924309534,46.291634,19.639292,2.9367210585732804,5.040777,0.90666044
2019-04-18 09:00:00,25.234276110827068,28.551178,20.28946,17.232507040437337,23.187695,9.531444,2.2606118862357483,5.195417,0.6398374
2019-04-19 09:00:00,29.361834327809163,33.177887,22.80484,15.814161826337175,20.862705,11.152017,0.9698757785690626,1.9074874,0.109010346
2019-04-20 09:00:00,30.66721049700749,36.09781,22.408356,12.414841697771365,26.390636,8.804698,2.785336818190294,6.0143967,1.203006
2019-04-21 09:00:00,26.89832426492842,33.569977,16.698883,25.166031003437944,75.41755,13.245695,4.570445390826566,8.135776,2.1299107
2019-04-22 09:00:00,24.505284377681562,30.011139,17.477936,25.952228295844197,44.816635,17.286188,3.0466650915662687,4.8722973,0.6894778
2019-04-23 09:00:00,24.731532694147518,29.849518,17.796783,25.398249064860522,38.056232,16.794249,3.5640052153264627,4.804462,0.7753481
2019-04-24 09:00:00,29.069690744047364,33.343903,22.761383,16.12328260231326,22.444532,10.300001,1.6205260688605425,3.0933132,0.2737503
2019-04-25 09:00:00,32.250775119513435,36.014313,24.115875,16.258923372737865,23.706585,13.278452,1.5982086297562001,3.504538,0.2054169
2019-04-26 09:00:00,33.22303139592134,37.748444,24.457428,14.970662121606683,28.151037,9.932287,2.5135594867949895,4.826753,1.0483795
2019-04-27 09:00:00,32.792197557314864,37.8107,21.738434,17.385639039304365,34.23836,12.246174,3.266670933445872,6.2652225,1.5078784
2019-04-28 09:00:00,31.55710175230996,36.483307,20.57901,18.112630823186738,37.029606,10.998357,3.6380555312922307,7.2116404,1.5531288
2019-04-29 09:00:00,29.581201601727003,36.09561,18.173737,18.69289825925832,50.826912,10.838633,3.0722574146862587,6.2726517,0.900718
2019-04-30 09:00:00,19.23717821981063,24.765778,13.735992,58.71139343537703,95.812386,28.551842,3.0312029979498174,8.391424,0.23469616
2019-05-01 09:00:00,23.27715658123776,28.3378,15.558502,30.804846848055597,70.339554,17.693188,2.3917177740212128,4.6785283,0.875144
2019-05-02 09:00:00,23.829751107335312,29.49356,18.638092,23.410641099227757,41.79223,15.842913,1.0743136750797748,2.275232,0.19246085
2019-05-03 09:00:00,27.209240847583033,31.25357,19.980133,17.72767938576075,33.268135,10.673484,1.0230509612661451,3.0523918,0.05100627
2019-05-04 09:00:00,29.58280760342683,34.144684,22.132965,15.415192570635076,29.45104,10.49989,2.0049444698061465,4.2260756,0.86665076
2019-05-05 09:00:00,30.178238932037516,35.258698,21.264557,13.421364802820522,40.45896,6.7719126,2.999785535025448,5.798194,1.2192937
2019-05-06 09:00:00,28.04743177687476,33.58365,18.57193,16.36363545275214,60.263954,8.345984,3.5367902832625284,6.981251,1.3195508
2019-05-07 09:00:00,23.243958145705335,28.016022,14.950836,30.85779756595448,78.65643,16.254086,3.3354282818086753,5.8999524,2.1224372
2019-05-08 09:00:00,26.724813774255665,30.764801,16.454987,29.44181323536346,68.69107,17.070461,3.0401090668813704,6.2237597,1.1824564
2019-05-09 09:00:00,27.785623006897254,31.19522,18.08194,31.096401385311438,72.644745,19.04478,1.6229535817301646,3.8191822,0.07904468
2019-05-10 09:00:00,23.174039599555954,29.177643,13.716705,42.48748710188956,92.70247,26.243414,1.6719851719979482,3.7129905,0.37275574
2019-05-11 09:00:00,21.695104876299297,28.796051,14.973785,51.528045909318536,74.59335,34.95725,1.3208530324284828,2.3675854,0.29568765
2019-05-12 09:00:00,25.334620390714917,29.815094,18.596344,26.10037927604982,47.465736,16.411,0.8109655400558863,2.1227574,0.11997184
2019-05-13 09:00:00,29.088311224973552,33.105865,20.582428,20.694888445091667,42.633972,8.101299,1.3576630621421346,3.6121223,0.1130044
2019-05-14 09:00:00,30.488362197912977,35.25113,21.198395,21.02370208327191,33.476463,12.288963,2.6073812274002623,5.3960915,0.6416245
2019-05-15 09:00:00,30.70358859150093,36.363922,22.373688,20.975466337516043,36.9635,7.019945,3.1766290800703056,5.720421,1.0737386
2019-05-16 09:00:00,27.379892518598524,34.628082,17.948395,21.760721395919578,67.23647,7.155286,4.212383212860839,7.1730714,1.9677033
2019-05-17 09:00:00,20.276026400174374,29.219147,12.390533,38.624892695983206,66.13464,24.80637,4.8926153766470595,8.424809,2.0413218
2019-05-18 09:00:00,22.1805526231268,27.183746,16.76065,27.803634988198315,48.39666,13.680671,2.2980536861584104,3.682962,1.1825919
2019-05-19 09:00:00,24.654922989137106,30.020172,16.164703,21.782163677660694,64.450005,12.585651,4.994628695360555,8.49714,1.6005577
2019-05-20 09:00:00,19.272542141900658,25.155426,11.360504,37.01322043203434,79.78885,12.64041,4.577494229186546,7.6669874,2.1761842
2019-05-21 09:00:00,21.242107605110675,25.658112,13.703033,31.515663976651165,76.60093,20.45628,5.014711775944927,9.679285,2.239855
2019-05-22 09:00:00,19.75763512457064,26.047028,9.564606,39.0760429306994,77.08869,22.047592,4.480888212223383,7.2845583,1.5029081
2019-05-23 09:00:00,16.210222299695886,22.006744,9.6354065,57.638550270226034,86.13253,41.249718,2.256166438641712,5.1993446,0.75832516
2019-05-24 09:00:00,19.612001658930183,25.575836,14.568024,51.06297600710347,66.613174,36.597553,1.6859860627114214,2.9772623,0.5424591
2019-05-25 09:00:00,24.672883279888083,29.836334,18.178131,28.560543684566568,50.980682,22.297878,1.6248621350324497,3.7485702,0.458581
2019-05-26 09:00:00,26.511259600054814,32.324615,16.648834,24.31272723547876,65.67873,15.194355,3.7501546929958915,6.611318,1.7731061
2019-05-27 09:00:00,18.75469118751488,26.830719,9.744049,42.735982057762094,84.10828,28.565424,4.351752700438343,7.4477825,1.6599926
2019-05-28 09:00:00,21.696886393465377,25.796783,17.193512,35.17425040176833,52.00563,23.468416,2.63640882862062,4.576284,1.1338035
2019-05-29 09:00:00,26.9578331304823,30.474762,19.658844,24.476013984144018,33.958916,20.198997,1.4475867206333348,3.351669,0.1860465
2019-05-30 09:00:00,28.759057555713525,32.987946,20.955719,19.428924966845663,28.81727,10.737075,1.4094330889391486,3.7298784,0.089830406
2019-05-31 09:00:00,30.545295140874373,35.12027,21.587067,18.495630775394968,33.329994,13.856282,2.1002889494278536,3.7183154,0.8081394
2019-06-01 09:00:00,30.350774284528427,35.858307,20.940338,18.25753908405878,40.968952,11.63692,2.0112767294945963,3.5211937,0.15075737
2019-06-02 09:00:00,28.978647370873603,34.79019,19.934479,20.29798373756882,54.48186,11.057262,1.607183168315974,3.5514967,0.16346541
2019-06-03 09:00:00,28.793221972433912,33.7399,20.32779,20.456340616902022,41.452133,10.629904,1.7794278264712016,3.8612416,0.65859157
2019-06-04 09:00:00,31.596562186251447,35.647125,22.297516,15.693305806745355,27.84771,11.293147,1.171790162174853,2.3944597,0.06662159
2019-06-05 09:00:00,34.49456064474475,38.246735,23.192047,13.127176836620269,28.5779,7.784149,1.088849634548632,2.4849794,0.104011185
2019-06-06 09:00:00,36.30477164701824,39.974518,24.496002,14.842564221886429,27.180023,11.458008,3.1319713007971637,5.740822,1.5899817
2019-06-07 09:00:00,34.91590554261512,39.494537,23.480865,17.797892929586403,31.394878,11.720466,4.10750801484082,7.0757256,1.7720232
2019-06-08 09:00:00,32.28612536994558,36.767975,22.769196,19.53157251337384,37.650925,8.85954,2.1555177737812135,4.038589,1.0014246
2019-06-09 09:00:00,32.25886271157225,37.690094,26.213531,14.687703648586847,21.288818,10.270168,2.9139181243149563,4.6365967,0.9179141
2019-06-10 09:00:00,33.205843084820174,39.34732,27.038727,10.941607454859108,14.809714,8.448755,2.079092917484653,4.0675664,0.5631894
2019-06-11 09:00:00,35.7924600586673,41.39737,29.026276,9.930159352038036,15.852063,8.063001,1.037368071364751,2.1801178,0.13288844
2019-06-12 09:00:00,37.53250418209518,42.447174,29.703033,13.115029619377205,20.337376,8.030064,1.7022817089324973,3.7343514,0.019397689
2019-06-13 09:00:00,39.303222243515904,44.39273,28.689606,13.552368421750614,25.834164,3.718336,3.1205516910087585,6.156665,1.5450245
2019-06-14 09:00:00,36.78787683886134,41.955963,23.690338,14.89758881656367,38.654186,7.322155,3.690320336359042,7.357456,2.1514506
2019-06-15 09:00:00,34.42989982988456,38.81607,22.519196,18.939293447986298,38.655502,13.538306,2.0459196965175654,4.5310464,0.077196635
2019-06-16 09:00:00,36.9564062932717,40.67325,24.073639,18.149690491760833,34.10066,12.174276,2.6849812333670684,4.900353,0.8928801
2019-06-17 09:00:00,35.79109549661047,39.950836,23.173492,17.363060932365098,39.97083,8.126216,2.43013129826239,4.1436234,1.181074
2019-06-18 09:00:00,34.56291854175481,39.080475,22.310944,17.09110801199266,30.270525,10.57558,1.131311278895577,2.7186015,0.035586774
2019-06-19 09:00:00,35.5656167551727,38.985016,23.197906,13.60693566142374,26.633478,7.804718,1.5588730782422953,3.300917,0.21527189
2019-06-20 09:00:00,37.52091677126754,41.417633,25.288727,18.296122080454484,43.753815,13.604873,3.8289199731459265,7.497158,2.0762403
2019-06-21 09:00:00,34.69109503209677,40.07144,21.596832,21.795553745380243,65.20015,8.4814,4.578088071318941,8.729839,2.4003806
2019-06-22 09:00:00,32.14734354599716,37.79727,20.897125,18.32343220241213,61.110855,5.220001,2.457869929866591,4.584435,0.30184817
2019-06-23 09:00:00,31.643689136809428,36.882233,24.979889,11.11247342148845,18.76167,7.864914,1.5753870012642721,4.239356,0.16191573
2019-06-24 09:00:00,33.589364863839535,38.08194,26.589752,9.877330985578487,19.320724,7.2230673,1.6212601315600526,3.8975327,0.2824344
2019-06-25 09:00:00,35.83980280887181,39.82364,24.341217,13.553930239614742,29.71921,8.350382,2.716202323546822,5.0269203,0.57998717
2019-06-26 09:00:00,33.75549202500764,37.737457,21.608551,18.399437207549543,40.668995,9.024463,3.338147541903759,5.6864233,1.3535745
2019-06-27 09:00:00,33.978704043436665,38.513092,23.641998,16.284669489033334,30.213001,8.7481575,3.3430383988256533,5.9304185,1.275127
2019-06-28 09:00:00,34.20404165216587,39.120514,25.225983,15.990363558828294,22.94507,7.4496164,2.671404069281759,4.9360695,0.5216981
2019-06-29 09:00:00,35.30336704996631,40.66983,26.796783,8.918602356604666,13.963862,-0.35770607,2.388633341857142,4.634284,0.83480793
2019-06-30 09:00:00,34.797409259397284,38.683502,26.64444,8.054952931661987,12.066206,4.6909447,2.4594445443189024,5.7203846,0.4376948
2019-07-01 09:00:00,37.32546001319929,41.98941,28.477692,10.572484627356184,15.80664,5.4104004,2.7552026569176604,5.424274,0.9043798
2019-07-02 09:00:00,37.21754241253598,43.00113,27.52652,12.413323494998295,22.13288,7.0200853,3.420864891786169,7.2161946,1.4504601
2019-07-03 09:00:00,35.98189613570014,41.25479,26.702057,12.644572336942977,36.413254,6.5795774,3.5739329255962775,7.419812,1.1515313
2019-07-04 09:00:00,34.909647066251694,39.646393,24.5253,16.272933115940525,49.102627,9.555659,3.3435717065053026,6.9906244,0.59416085
2019-07-05 09:00:00,34.92555822867706,40.197662,25.223053,15.812376519645383,37.199757,9.106576,2.0981273244997647,3.9700208,0.5685441
2019-07-06 09:00:00,35.72680653126878,40.40689,26.514313,13.603925191951717,22.923145,6.6207886,2.013435010639925,3.5225408,0.56864744
2019-07-07 09:00:00,36.31844255866156,40.731842,26.042389,14.371290840836584,25.20892,8.978452,3.030050854234179,5.1147223,1.2522583
2019-07-08 09:00:00,34.93431937155202,39.24771,24.304352,15.155879279524923,43.264046,7.0999813,3.541594469576216,7.2338676,1.3409268
2019-07-09 09:00:00,34.22739216468955,38.67569,23.698395,21.073713628209358,37.79726,13.973574,2.775134163250434,5.288896,0.6582036
2019-07-10 09:00:00,35.390316947283,40.06949,27.305817,16.34498469344623,25.166967,9.069062,1.6551765639208955,3.4835422,0.22732754
2019-07-11 09:00:00,37.68323521829808,42.626617,27.960602,15.625936500986016,22.633598,11.157036,1.8198606809573235,3.6443977,0.54672694
2019-07-12 09:00:00,39.14717617539816,42.747223,29.411285,13.968083763609489,19.334019,9.802769,1.9746031999518947,3.5427961,0.5875408
2019-07-13 09:00:00,38.66956319221123,44.253326,30.296295,12.04750314663834,19.922087,4.7889605,1.942594595794885,3.8741412,0.73899156
2019-07-14 09:00:00,40.07334323101418,45.36026,29.737213,11.576998318293224,15.685178,6.8709345,2.85612130743532,4.658735,1.0910231
2019-07-15 09:00:00,40.26380023705582,43.429108,29.68106,10.909194345168611,16.925709,5.535701,2.7845734801777384,5.2223973,1.2321165
2019-07-16 09:00:00,40.061922990024414,45.5524,29.187164,8.651508772435582,25.25795,3.8382063,2.9219073611752466,5.811368,1.2548894
2019-07-17 09:00:00,38.59685112202561,44.495514,28.573639,11.080519358367425,24.809246,3.2770882,3.3909496055456168,6.3446503,0.8664921
2019-07-18 09:00:00,36.69374592966295,40.688873,26.591217,15.513705329116473,33.07182,5.797059,2.9122428472107877,5.053139,0.80424803
2019-07-19 09:00:00,37.51654539076657,42.422516,27.295563,12.86136258240035,30.66593,3.9433823,3.0354873577026,5.5982494,1.0002543
2019-07-20 09:00:00,36.36155997418325,41.505035,25.796051,15.284405773969203,28.430395,8.528767,2.8814541455244655,6.0660496,0.5161528
2019-07-21 09:00:00,37.03305265588244,42.378326,26.823639,15.04185475690187,23.386976,10.213164,2.1328419372289087,4.450788,0.14140639
2019-07-22 09:00:00,39.887804022255125,43.580475,30.201569,14.17750302943345,24.656517,11.105737,2.21914873696909,3.9813418,0.69916975
2019-07-23 09:00:00,36.91703700790481,42.284332,28.914215,20.578513048156655,37.714703,7.796735,2.264171034489969,4.095826,0.5903813
2019-07-24 09:00:00,36.46306050050123,43.224762,27.753815,27.042498383897044,35.709366,19.26796,1.6723488364918493,3.4531658,0.4573374
2019-07-25 09:00:00,35.709068363647816,40.649567,27.171051,31.260613658251454,48.96013,19.421068,1.9537525425478757,4.802584,0.5862793
2019-07-26 09:00:00,35.66853375667188,41.779205,27.800201,33.426944088421216,40.018055,25.839787,1.7676940484530652,3.369678,0.48023695
2019-07-27 09:00:00,38.863260580568635,43.19156,29.45401,21.739811183422674,29.687607,14.647475,2.3468680404827955,3.8537364,0.7845918
2019-07-28 09:00:00,40.40538152412881,45.89615,33.042633,15.054117242726152,22.544033,8.237275,1.8825506703181099,3.9636574,0.25481594
2019-07-29 09:00:00,41.04586727554789,45.03482,29.052399,10.672281233732395,18.437912,3.6449442,2.774277484597175,5.35696,1.192882
2019-07-30 09:00:00,40.764280682040464,44.23062,28.910309,9.620175412861354,15.412256,6.0880375,2.846758529402577,4.9732313,1.1988807
2019-07-31 09:00:00,37.458257862887024,41.665924,27.45694,18.727037645198862,41.888756,5.0567265,3.544778696935844,5.338285,1.4259324
2019-08-01 09:00:00,35.9614145485491,39.68399,28.066803,18.227612212701246,39.388508,10.088528,2.3193312296904334,5.0470457,1.0444971
2019-08-02 09:00:00,38.28111330996768,42.740143,29.91397,14.334490755066597,34.921024,7.2426395,1.8779047838952392,3.709086,0.73134196
2019-08-03 09:00:00,39.09845025688821,44.100006,30.785553,14.338436427023105,19.64331,5.1838284,1.8929053584938829,3.2785087,0.8767266
2019-08-04 09:00:00,39.84006114113424,45.64981,30.667389,11.00940118795473,18.740612,0.79649544,2.1027738689088094,3.9256363,0.56053096
2019-08-05 09:00:00,40.5756156769948,45.376617,30.575836,11.356624440806005,16.27582,3.649105,2.253496450389424,4.487143,0.8029517
2019-08-06 09:00:00,40.63687983333267,45.902985,31.233063,11.737449208785545,16.979137,9.799862,2.3329644264892178,4.118595,0.89695024
2019-08-07 09:00:00,36.851977379054006,40.17276,29.911041,17.6620294691104,25.462881,8.952805,1.6441041855773726,4.151051,0.36686245
2019-08-08 09:00:00,35.65028027606451,39.587067,27.183258,20.567313643015076,37.695152,4.850853,2.138759680247356,4.3430486,0.38460842
2019-08-09 09:00:00,37.11494483381108,41.10269,28.508942,17.91173530850732,22.978966,9.0563965,2.9699230576902265,5.278773,1.144951
2019-08-10 09:00:00,36.2432731281541,41.377106,28.263824,10.706123896053466,16.34995,5.3645525,2.8993195895518715,5.488424,0.68962985
2019-08-11 09:00:00,34.718285278442465,39.700592,26.073639,13.918343886908765,36.767387,5.821995,2.8220893019026976,5.243577,0.9054037
2019-08-12 09:00:00,34.308274545767006,40.073395,26.28238,16.202207177904388,26.252571,10.132611,1.5158224694398625,3.4630551,0.089289255
2019-08-13 09:00:00,36.393629012407985,41.007965,28.043121,14.185264607116784,19.414286,5.125223,1.4928408018140782,3.249116,0.3159046
2019-08-14 09:00:00,38.03928200262317,42.713287,30.3461,11.731913012537701,15.575011,5.1140738,1.1386619847152055,2.605025,0.088439696
2019-08-15 09:00:00,39.764809267139526,44.554596,31.966705,8.325063764581097,10.20317,5.2899218,1.6227735541461314,3.071992,0.14878109
2019-08-16 09:00:00,40.4877206411233,45.488678,30.998444,7.658665810696729,9.222146,4.0385523,2.5349665017043796,4.7265315,0.9642119
2019-08-17 09:00:00,39.18624418010643,43.333893,27.990143,10.575498426747078,20.429152,5.66685,2.907896570407225,5.958823,0.95594525
2019-08-18 09:00:00,37.85227798401098,42.26944,26.699127,9.90637034114477,19.605694,5.290599,2.5421761546180157,4.7763605,0.5509762
2019-08-19 09:00:00,36.14727298413055,41.437653,27.476715,11.92820374785975,23.416,8.130843,2.0040780590280964,3.9402566,0.2242407
2019-08-20 09:00:00,36.83483740178309,42.118073,28.713776,10.816136739019738,16.181244,7.4279327,1.8762438541907243,3.8064134,0.8754585
2019-08-21 09:00:00,38.4631909123957,43.452057,30.356354,8.60560405701996,11.718494,5.0261154,1.8255747306434904,3.68198,0.6455918
2019-08-22 09:00:00,39.43004119167142,44.937653,31.484528,7.033272746011674,15.281955,3.404028,2.27484477240493,4.3648405,0.5675416
2019-08-23 09:00:00,37.04532648294685,42.49991,27.404205,9.724397704634951,17.606253,-0.19469929,2.7225955071538337,4.9563155,0.85252625
2019-08-24 09:00:00,36.76489012854876,40.276764,29.275787,17.892579755437065,31.564217,8.443123,2.511610212461057,4.6282353,0.6170467
2019-08-25 09:00:00,36.6577658381961,39.11734,31.52359,20.59433660955829,45.646805,12.514135,2.5218098881620112,3.8013854,1.1109126
2019-08-26 09:00:00,38.518233359058456,41.48355,31.473785,21.668365098333325,36.284336,15.128086,2.096939353331814,4.124083,0.87662727
2019-08-27 09:00:00,38.37781641181397,42.275787,31.482819,26.625940620319977,37.488403,19.941528,1.4353729027361921,2.6842496,0.28123277
2019-08-28 09:00:00,39.60482970230356,43.879547,30.57486,15.11695837110013,34.593178,8.604136,2.5367276954744544,3.7861855,1.346404
2019-08-29 09:00:00,39.61408313784591,43.457184,29.070465,24.20205997756441,45.201992,15.213711,2.6655672963540007,4.5378556,0.5343445
2019-08-30 09:00:00,37.906580968831975,41.565826,30.362701,16.416695518906614,29.818987,5.4550896,2.572056962592939,5.226682,0.63034767
2019-08-31 09:00:00,39.72901437443818,43.9252,31.265045,11.316230217778227,15.587294,5.861699,2.4242947089053426,4.758589,0.94939303
2019-09-01 09:00:00,39.826057885042815,43.8815,31.889313,8.959649812547635,15.208826,5.001895,1.7517516648201819,3.4205701,0.030914066
2019-09-02 09:00:00,38.96118818371713,42.776276,30.903229,18.140105308551334,38.19328,11.8221855,1.8383038159876957,3.3132586,0.23601115
2019-09-03 09:00:00,36.68425362369294,41.29019,29.585114,26.814756205114055,48.802567,15.099275,1.69884165178952,3.656571,0.41338667
2019-09-04 09:00:00,38.25053775859237,42.886383,30.906403,18.98884362753999,29.981335,10.058981,1.6352262784532337,3.6684296,0.5427897
2019-09-05 09:00:00,38.26404362331215,41.962555,29.739899,19.44489918213893,27.312908,14.246502,1.2291141839579318,2.624383,0.35972482
2019-09-06 09:00:00,35.07934395862935,39.823883,28.654205,29.08983476760957,41.00549,22.439083,1.997339816262516,4.0479856,0.81868345
2019-09-07 09:00:00,37.620544039491165,41.810944,29.869537,25.183704475797654,43.20544,18.850363,2.538377793153862,4.560348,1.1474628
2019-09-08 09:00:00,37.07555480831223,42.67984,28.709137,18.519385773365624,36.828682,5.085611,3.835076622620559,6.9835596,1.7909516
2019-09-09 09:00:00,32.11594355677727,37.57437,24.816559,16.17751176310107,36.735237,9.31727,2.1277648125755046,3.9572525,0.94583946
2019-09-10 09:00:00,32.27343999704232,36.66446,25.379303,24.919443883731365,58.326508,9.390559,3.6954349717335635,7.062242,1.0584816
2019-09-11 09:00:00,30.172497213636348,36.021393,22.744537,20.232221573876267,46.01261,10.964473,2.7197837044926234,5.0428066,1.1809429
2019-09-12 09:00:00,30.28338907581127,34.5231,24.75943,16.938016836933876,48.766636,11.156175,1.7568098825828404,2.9528956,0.5817255
2019-09-13 09:00:00,33.1017672455464,38.191803,26.734772,14.335060430535183,17.079388,10.802412,1.6750841817403355,4.1313453,0.5721943
2019-09-14 09:00:00,35.81645352345129,39.771637,29.713043,12.51461858635725,17.268456,6.7361526,0.6908435008481361,1.5644011,0.12845014
2019-09-15 09:00:00,36.77402490694112,40.453766,30.8815,10.306043935892506,17.767214,2.826682,1.9670856857645571,3.9768288,0.74459755
2019-09-16 09:00:00,34.6780584197092,38.80362,27.739166,12.604023833930627,20.689766,7.7774134,3.480465510055987,5.356692,1.4580785
2019-09-17 09:00:00,31.87996340348286,38.707184,24.246246,20.626209517536427,28.653511,12.313667,3.1044385139732382,4.838065,1.2179052
2019-09-18 09:00:00,29.102553195396183,35.854156,24.246735,20.722700035385287,37.846565,9.499393,1.764530897516028,3.5559466,0.12665203
2019-09-19 09:00:00,31.290291321492873,36.78531,24.627106,18.132007496325333,46.988823,6.930311,3.4413759490870155,7.4332204,0.6628353
2019-09-20 09:00:00,28.100031416212744,35.144684,21.226715,21.68896987528543,48.749874,9.061149,2.4460313921682575,4.235029,0.8479735
2019-09-21 09:00:00,27.287409921363803,33.20865,22.280914,17.69552078991413,23.987694,12.440819,1.6745503056831745,2.687135,0.5539437
2019-09-22 09:00:00,29.68978407920315,33.985992,24.17154,15.191916524552028,17.464205,10.75752,1.1569834456409342,2.5115187,0.13919379
2019-09-23 09:00:00,31.04581587724357,35.449127,25.915924,16.70687400359921,27.732403,13.538967,1.9814652317852228,3.7702634,0.8037434
2019-09-24 09:00:00,29.863037788082977,34.27603,24.051422,20.260602473417258,45.488518,11.44793,1.4628821484948134,3.5285985,0.1855051
2019-09-25 09:00:00,32.51425072504412,36.489166,25.524323,20.313887603998865,37.299255,10.291912,1.528843404372194,2.9090598,0.1583984
2019-09-26 09:00:00,31.35959301189024,35.273346,25.322174,29.411209970505144,59.821167,17.72189,1.6823523967577836,3.255893,0.53351516
2019-09-27 09:00:00,27.61169622510505,30.506256,21.218658,50.33595772650917,81.23106,36.203114,2.329021493187053,5.480946,0.9452732
2019-09-28 09:00:00,29.486578966147476,33.48233,21.33194,44.24891012024529,80.05464,30.460892,4.270731838512699,8.590031,1.8830394
2019-09-29 09:00:00,26.474870018248794,32.676178,17.1586,36.82707039053152,68.78441,21.551456,4.422009081094326,7.9838085,1.8682079
2019-09-30 09:00:00,22.612818347652137,30.129791,16.573395,20.59776916918039,53.95034,10.121407,2.925143132625459,5.9590006,0.99307287
2019-10-01 09:00:00,23.07561887889659,29.633698,17.38565,17.438854127542452,53.791973,8.25291,2.2499641358527676,4.419532,0.8317153
2019-10-02 09:00:00,22.993595960664152,29.062897,18.234772,18.173393930585203,23.801643,10.609116,0.9704635233013287,1.957289,0.14344016
2019-10-03 09:00:00,25.624446052808935,30.852448,20.73526,14.217384977060986,17.94123,8.99224,0.6386557995113947,1.8800796,0.07598698
2019-10-04 09:00:00,28.095672400206524,33.62686,22.540924,11.714157662318193,18.382164,5.132165,2.2957986053672395,4.7134466,0.25491765
2019-10-05 09:00:00,27.472727457373708,33.50992,23.275543,11.345725748315273,16.735868,6.337431,1.0303617749581868,2.007141,0.0675995
2019-10-06 09:00:00,29.2247376155687,33.79605,25.08902,9.76416599638262,12.374762,3.1492882,1.1312491341737367,2.469071,0.34794277
2019-10-07 09:00:00,29.647679639784656,34.47867,24.134918,11.329870660204055,14.193211,9.868992,1.6615874041836924,4.5885386,0.45507097
2019-10-08 09:00:00,30.56696338806512,34.801666,24.631744,11.503599798135916,15.27788,9.18413,0.9447663752229426,1.8250308,0.16055417
2019-10-09 09:00:00,31.077939243526146,35.142487,24.535065,12.80039813381779,21.788183,9.498833,3.016858973002404,6.869131,0.643615
2019-10-10 09:00:00,29.19134984094211,35.0795,20.507233,11.803570852677213,15.99986,3.0545473,2.962120499369043,4.9015737,0.34900457
2019-10-11 09:00:00,19.12501784087482,24.774567,13.98941,7.60408710166131,11.41496,5.289319,4.220461366904644,8.986411,2.1218739
2019-10-12 09:00:00,21.817024574935544,27.92569,17.167145,7.3132946395868474,12.273993,5.5624347,1.7215324934769562,4.5098977,0.08894482
2019-10-13 09:00:00,24.796949565874286,29.356598,19.80777,9.03641925080474,16.327919,5.4252005,0.794936194670484,1.9094187,0.11592664
2019-10-14 09:00:00,25.499647210871103,31.394684,19.86734,13.586150465086819,25.394136,9.177856,0.994084936857497,2.0623748,0.107974246
2019-10-15 09:00:00,25.40325467903591,30.194,18.860016,16.53531364471646,38.91434,8.229009,1.4521066013935295,2.1776092,0.31015992
2019-10-16 09:00:00,28.68601055525977,33.17447,22.277496,16.54395668962658,24.235022,8.293616,1.1787328449460348,2.6366053,0.044706192
2019-10-17 09:00:00,29.254772389944833,34.80435,23.136383,20.51056726446648,24.786694,13.988892,1.985026799202638,3.3466156,0.566133
2019-10-18 09:00:00,25.346632683890448,32.32193,18.136383,19.71843628870438,32.51882,11.11257,3.451906804541458,6.0397806,0.606238
2019-10-19 09:00:00,23.17750379787185,28.2836,18.779694,14.706486621112582,27.063625,5.430434,1.7013193846084764,3.077311,0.21113768
2019-10-20 09:00:00,24.63782554906004,28.641754,20.731598,18.52215925960903,27.696922,9.057972,1.7551484883847055,3.3093083,0.1795988
2019-10-21 09:00:00,23.954765238570644,28.45108,19.622955,20.021826149959026,25.478474,12.5188,2.062336258985579,4.642217,0.27995476
2019-10-22 09:00:00,27.383207463122687,31.36734,23.127106,17.751962956411024,20.891636,11.775063,1.8816955983775276,4.296766,0.06809012
2019-10-23 09:00:00,28.360818219928944,32.10904,24.146149,15.086927892038275,19.138071,12.224121,1.983311531768105,3.9333026,0.094798364
2019-10-24 09:00:00,27.914683829942135,32.583405,22.276764,9.362362239603499,15.945491,4.912032,3.440800703025329,7.068473,1.479021
2019-10-25 09:00:00,24.14065545163288,30.281158,18.574615,8.17271062809485,13.183823,5.906479,3.2086409635280777,7.6943564,0.7717432
2019-10-26 09:00:00,26.085389091797367,31.315094,21.552643,13.80054686771644,17.324533,9.531565,0.625549380375426,1.7429781,0.097757496
2019-10-27 09:00:00,26.971980665672845,29.621979,22.57315,14.041880458238134,16.717123,10.158562,1.8629730285728832,3.614342,0.14443538
2019-10-28 09:00:00,18.762433372370822,27.972229,13.110901,13.735977985303391,20.199745,3.257533,4.305551326373735,7.4164596,0.7694578
2019-10-29 09:00:00,15.921674445626877,22.511322,12.362213,10.166468973514469,17.403782,3.5756578,0.8381253030885241,2.0096788,0.118536115
2019-10-30 09:00:00,18.60390565229187,21.658905,15.117889,9.708404551930288,16.617378,1.9060049,4.328842343351684,7.417983,1.3949201
2019-10-31 09:00:00,12.425173602730638,19.194733,8.591217,6.769509394251849,10.818218,2.3560448,3.219841784395272,7.3816814,1.2475793
2019-11-01 09:00:00,16.21035212730834,22.598541,13.07901,3.388517431032205,5.3194904,1.4093344,1.9977207587016352,4.895016,0.30066383
2019-11-02 09:00:00,20.29039940815335,25.482819,16.612701,3.500977919422235,5.406227,0.8174906,2.017258679776764,5.381462,0.10600456
2019-11-03 09:00:00,23.16499773233403,27.805817,17.726227,5.854570237613198,9.351792,2.2425413,1.4061380540500865,3.8315012,0.13502292
2019-11-04 09:00:00,24.446365391808968,28.338287,19.047272,7.718804391550347,16.13898,4.9901266,0.8115617760921963,1.9014318,0.05309892
2019-11-05 09:00:00,24.99484400749469,29.155426,18.96988,11.238649610982902,19.488567,7.4948263,1.1636666351846707,3.0038023,0.124907
2019-11-06 09:00:00,25.854007681302562,30.728668,19.08609,14.967561124751978,23.078104,10.031229,1.403443793127881,3.4325314,0.16164772
2019-11-07 09:00:00,25.301914867311268,30.332733,18.926483,14.776618173661248,16.629568,11.442068,1.2026303498899433,3.276741,0.09690577
2019-11-08 09:00:00,25.444530601744248,29.49527,18.923004,15.16860008761083,20.848547,10.974987,1.5990481124752955,4.107679,0.34319407
2019-11-09 09:00:00,26.22552420911188,30.706451,19.09903,12.340615856619609,16.442709,9.477866,1.8288614895820714,4.4110785,0.24208689
2019-11-10 09:00:00,25.78356904475271,29.319977,19.69107,10.59538444796465,12.586556,7.8672295,1.2474518351837787,2.5831814,0.07483401
2019-11-11 09:00:00,23.428365121411787,26.962189,18.031342,10.28598666382281,12.644644,7.0615587,1.3868796123330323,3.1766396,0.09479138
2019-11-12 09:00:00,24.730893672501338,28.687286,18.816193,12.963343889784602,17.504028,8.035278,1.7319848122354207,5.3344274,0.21359842
2019-11-13 09:00:00,24.709269780784496,27.583038,19.397491,17.439263570922265,22.025064,10.708657,0.733579396842024,2.2301025,0.08605661
2019-11-14 09:00:00,23.298249809674417,26.389252,18.758392,17.847546386691658,21.631271,14.532145,0.7164911084339123,1.9039385,0.15023158
2019-11-15 09:00:00,23.174104225103406,26.412506,18.148834,19.10000141736004,26.094383,14.048424,1.3144204190901747,2.7827492,0.45048288
2019-11-16 09:00:00,22.55411676918385,27.383698,16.871979,18.761645659372824,26.179596,13.083125,1.2789981875609349,2.6952178,0.22566946
2019-11-17 09:00:00,23.82996772338919,28.492828,18.180573,15.891328928441611,18.999804,11.069415,2.4399297985961144,6.1467624,0.5314792
2019-11-18 09:00:00,24.743969074288714,29.75064,20.204498,12.817277006082655,16.886541,8.72248,1.4354673060613894,4.2026668,0.18572521
2019-11-19 09:00:00,24.6335310159825,28.591217,19.34903,14.015693033455216,19.531395,9.028242,1.2997400509089687,2.222067,0.09886777
2019-11-20 09:00:00,22.570616754364607,27.020172,16.897125,39.317800280246296,68.705025,11.511833,3.3116380663334497,5.292838,1.6634927
2019-11-21 09:00:00,12.1412485043586,15.79068,5.943512,62.018407867524246,83.86131,34.679413,1.0584880244017494,2.3633974,0.25008148
2019-11-22 09:00:00,12.837562440076454,15.539856,7.9832153,58.24323860741572,78.47668,45.257957,0.7189982682480187,1.3903996,0.06070936
2019-11-23 09:00:00,14.306646586273246,18.02774,8.498444,48.37467507531234,62.217937,32.51917,2.1371383862499433,4.8415236,0.43320918
2019-11-24 09:00:00,16.034266730172362,20.08609,11.281403,22.15318563300419,35.84365,11.082523,2.3022297011160027,5.9621377,0.55917406
2019-11-25 09:00:00,17.51990308503673,20.8544,13.065338,13.280370816620216,23.201103,7.1836796,1.475820166980037,3.3544843,0.26645553
2019-11-26 09:00:00,15.077550123654191,19.774078,10.340485,22.480554007039114,28.060919,10.184724,3.156927412481813,5.054561,0.5745925
2019-11-27 09:00:00,11.188815521631454,15.630035,6.4874573,19.533090681452748,29.124779,12.472476,3.0778373085146877,4.952315,1.1424016
2019-11-28 09:00:00,9.474395312812987,15.822815,2.21344,61.55889780890414,90.98888,42.250164,1.7711140120401703,3.8487835,0.41142234
2019-11-29 09:00:00,6.353429805029862,13.941986,-1.0122681,73.30011378792659,88.63747,52.297623,2.4502283712135675,4.379407,0.56313425
2019-11-30 09:00:00,7.824432439054647,13.575043,0.1621399,44.6010826224173,81.31264,22.617325,1.5253592909374383,2.5166173,0.37777787
2019-12-01 09:00:00,8.903602493279323,13.817657,4.8158264,39.194212441133125,56.690575,10.92495,1.4352318926380696,2.8991537,0.07335177
2019-12-02 09:00:00,10.941233275731577,15.472717,7.6035767,36.57228781441778,52.983047,19.574255,1.5104614016596376,3.9985633,0.10838332
2019-12-03 09:00:00,13.61656292193527,17.113464,10.711121,37.64148670545501,48.55128,23.195488,1.4800205025844984,4.1527944,0.05944359
2019-12-04 09:00:00,11.923637618846442,16.555817,8.83902,46.30808997004343,55.666492,34.294563,0.9370772068168319,2.0193253,0.05876481
2019-12-05 09:00:00,10.844687463824869,14.97818,7.4566956,80.06424206388132,90.26589,67.18386,0.7536541194087885,1.3411293,0.0911355
2019-12-06 09:00:00,13.5116617718989,17.422272,8.465973,65.96674254200826,78.2794,46.443172,1.2246391024111454,2.598218,0.17440836
2019-12-07 09:00:00,14.108500880064184,18.475372,10.2621155,57.97212911209598,81.68028,28.473251,0.9489075287136197,1.6925933,0.16802031
2019-12-08 09:00:00,14.197390464799753,17.346832,10.290192,70.86978042278417,92.09264,49.369984,2.1483385133660247,4.7213645,0.71064967
2019-12-09 09:00:00,14.171931263941076,18.834595,8.793091,50.38714039976391,67.57009,35.179462,1.6498869807545227,2.8509908,0.15822351
2019-12-10 09:00:00,15.203608405794569,18.64804,10.421478,32.08887903198652,46.27914,20.056984,1.9135563733928855,4.2959967,0.08388799
2019-12-11 09:00:00,13.773336263214219,18.8956,10.602631,24.905196915028487,43.135574,10.976804,0.8713655749436162,2.2015793,0.025362909
2019-12-12 09:00:00,14.328117161235184,17.629608,11.383514,30.964729431415783,46.325638,17.804922,1.172111870259809,2.7118452,0.08009456
2019-12-13 09:00:00,15.573135241586215,19.502838,12.401276,36.93239868543401,47.222313,16.546955,0.9697572959559149,2.0866375,0.12648012
2019-12-14 09:00:00,17.244357447218988,20.274933,13.6909485,46.02265263928889,56.810642,34.75205,2.762924434337532,7.948228,0.20794943
2019-12-15 09:00:00,15.655221516371569,20.59488,9.825348,37.630947607192056,59.09986,11.622523,3.641693680033366,7.5307274,0.5369179
2019-12-16 09:00:00,12.701653316232864,16.263885,7.3927917,25.97551035850884,37.60302,9.052647,2.148952507973099,4.7072234,0.46110985
2019-12-17 09:00:00,10.468859910446895,15.644623,4.0137634,10.585418681217838,19.762465,3.4069958,3.2969046547640537,7.3886943,1.2236152
2019-12-18 09:00:00,10.403154137663478,15.428864,5.329529,9.670343463604873,15.075729,3.0380716,2.1345217106538437,3.9937224,0.17499834
2019-12-19 09:00:00,10.69976395563566,14.955719,6.6471252,16.703665790974505,21.626442,13.517066,1.3303093919872457,3.107192,0.11204577
2019-12-20 09:00:00,13.444084603355975,17.414642,9.324799,16.601035802799558,22.437996,12.188833,1.8259812106460096,4.7327504,0.14565761
2019-12-21 09:00:00,15.518819887739483,20.213776,10.401276,13.943415447335095,23.752422,8.453859,1.5612902356021003,3.518418,0.041235592
2019-12-22 09:00:00,14.708257285005459,18.27005,10.533722,10.732452020063981,18.142372,3.2267303,1.6501460213176675,3.2274468,0.17322549
2019-12-23 09:00:00,14.924605700107065,17.834137,10.377106,19.326667703455804,32.85161,12.57603,1.3132130740750556,2.6824381,0.1078879
2019-12-24 09:00:00,8.284578851911704,16.613922,3.4147034,79.98330502138839,94.35288,66.35679,0.9085081934312534,1.8841665,0.06947103
2019-12-25 09:00:00,10.737667146847798,15.622223,4.407379,51.50250402014697,73.838486,37.499634,1.9758562002955118,4.2240453,0.01068195
2019-12-26 09:00:00,10.548989769120283,15.462616,3.527069,65.67058267448868,86.84044,55.39106,1.9309775962213538,4.125429,0.7934567
2019-12-27 09:00:00,6.601736595179091,11.141083,1.4457703,59.06918693014507,86.47224,39.972237,2.1823555348642283,5.2310257,0.6482857
2019-12-28 09:00:00,9.068815460012331,13.361603,0.7131653,33.90105197537335,47.609753,14.305066,2.1825267884723356,3.8902473,0.22678988
2019-12-29 09:00:00,9.35832236662452,13.498871,2.1863708,32.55275622712864,40.919876,20.915972,1.2579618704903262,3.7976265,0.0085163945
2019-12-30 09:00:00,8.570927202471523,12.958984,2.8828125,42.83134502329427,57.471306,29.785046,1.419662571327233,3.339686,0.08043713
2019-12-31 09:00:00,11.187704314469727,15.421417,5.743683,38.7406980776259,50.78425,32.764717,2.737074658860137,7.387319,0.558681
2020-01-01 09:00:00,13.456617085520179,18.063934,5.362213,31.15255894849343,43.15252,18.035332,1.4782294557179587,3.5639417,0.24213088
2020-01-02 09:00:00,13.387050568963332,15.881012,7.2865295,31.987957918525375,40.557438,22.359268,1.80346024863959,3.6309772,0.31658733
2020-01-03 09:00:00,15.075293450816275,18.392975,11.010162,26.818573422704187,30.54325,18.640905,1.6463454392262673,4.2085896,0.035747122
2020-01-04 09:00:00,16.44972183536902,19.364655,12.665436,22.032985919683394,31.195593,16.433874,0.9122846489279427,1.940877,0.19563776
2020-01-05 09:00:00,17.21484687162689,20.302643,11.20694,18.709776086904,33.448418,9.848401,1.0322631342847384,2.1551876,0.06915183
2020-01-06 09:00:00,16.01224816370609,20.78946,8.818756,12.398650501624314,23.187733,5.7853894,2.181577644153708,5.18785,0.18935573
2020-01-07 09:00:00,17.286318924970487,22.074432,11.865448,12.919086364608237,17.291843,5.785742,1.9740582630107124,5.2231092,0.21564968
2020-01-08 09:00:00,16.476622801138944,20.44635,12.368225,12.76911459233935,21.8618,5.372193,1.304696183892662,2.6638043,0.29003206
2020-01-09 09:00:00,14.76100724227075,19.726166,7.0660095,32.29160580457822,65.09739,15.840656,2.3139653594920966,4.8486795,0.7556344
2020-01-10 09:00:00,11.777005939526305,16.373932,5.1148987,21.590068002208515,38.939857,9.807154,2.5447622324135493,4.180376,0.28136718
2020-01-11 09:00:00,13.297784971315707,17.364777,7.971924,18.305874163675437,31.587524,11.5152645,1.2053026634444592,3.206638,0.18948083
2020-01-12 09:00:00,14.278525770665453,18.659698,7.401886,33.60849767556794,43.81712,25.557796,1.4482672441817748,3.5268176,0.16697326
2020-01-13 09:00:00,13.83430246660214,18.651459,9.954193,40.37601689350344,59.346764,27.17006,1.3846594774525665,3.6532784,0.17268084
2020-01-14 09:00:00,13.83441493639549,19.198395,10.491364,27.69776970781809,42.148197,15.31639,1.543777193327152,3.3674533,0.05609229
2020-01-15 09:00:00,15.692942703435449,19.946564,11.653595,25.013721540863813,42.015167,6.9819193,1.230682741214661,2.8361244,0.11213857
2020-01-16 09:00:00,14.731516364982951,19.57309,11.487152,24.096374572925946,39.47753,13.18847,1.0280928568893082,2.0961418,0.10875652
2020-01-17 09:00:00,15.522354039395282,20.149078,9.727203,28.008645009385823,74.411575,10.770949,2.26014093294519,4.8781548,0.37437645
2020-01-18 09:00:00,13.642392919077508,18.497894,9.017792,20.734146318492805,29.035915,9.782008,2.0385993236519053,4.8195477,0.64586544
2020-01-19 09:00:00,14.666889960202809,19.867554,11.107788,16.96449230781081,21.690979,11.538636,2.7862110415939747,7.24937,0.9633452
2020-01-20 09:00:00,17.488319475311755,22.905914,12.577789,20.190824698691134,25.814053,13.692959,2.068800369868954,4.9831,0.297648
2020-01-21 09:00:00,16.19481304405383,19.16861,10.73111,31.702518649831887,39.06157,21.784225,0.9009161970873893,2.139405,0.14419962
2020-01-22 09:00:00,14.88229306323251,18.530792,9.3714905,60.6504851294808,70.39199,52.055,1.313692822159404,3.0535977,0.1448166
2020-01-23 09:00:00,15.680595340114564,19.279694,11.375153,36.97945215028978,44.292797,29.597485,1.666439415902631,3.9553866,0.25118846
2020-01-24 09:00:00,19.76230043315877,24.034332,14.694489,25.046486265477743,36.147243,14.20193,1.5593313460369949,4.1018667,0.09238485
2020-01-25 09:00:00,19.212996655947506,23.165741,15.07785,24.65014151930523,31.683538,19.9429,1.431755350885969,2.8475819,0.049694046
2020-01-26 09:00:00,20.231644984684806,23.684235,15.664703,25.908846499301227,33.27746,20.031363,0.7521943123826,1.5141703,0.18974768
2020-01-27 09:00:00,17.940006282053503,22.277252,11.884674,27.441647853071363,49.160583,14.879334,2.217883313002857,4.1817956,0.07452169
2020-01-28 09:00:00,18.632779265192823,22.92154,13.597321,25.875421425785852,31.85709,16.857235,1.7194633308894967,3.3706694,0.14030354
2020-01-29 09:00:00,18.935997467825814,23.056152,14.958496,27.364057418822732,36.38066,18.060349,2.5472349126344733,4.0760455,0.3781973
2020-01-30 09:00:00,16.104252955302,20.860504,11.191559,18.649836210612285,28.110216,10.407091,3.4872190971098864,7.4669785,1.2886932
2020-01-31 09:00:00,17.488227329359972,21.5372,12.726654,20.36917050011736,29.418201,10.383419,2.3605252546675417,6.086438,0.32532668
2020-02-01 09:00:00,19.795587118990568,24.602814,15.876251,14.910001648945077,27.52567,5.77468,1.8974945557297314,4.9441414,0.046745483
2020-02-02 09:00:00,22.50614617846321,26.7294,18.80362,14.429010226509876,24.824919,7.8252335,0.7735332450094562,1.9167218,0.03324998
2020-02-03 09:00:00,20.70966367854942,25.401031,13.694,19.10962622430404,27.857832,6.3734565,3.3997561651169317,6.352761,0.17357334
2020-02-04 09:00:00,7.732368467701406,13.17453,1.3659363,14.838839621071767,18.793276,9.519838,4.606420774431072,6.9717703,2.5321891
2020-02-05 09:00:00,7.871226151125427,12.18631,3.377716,12.923338715042085,18.497368,8.946586,2.886274126967627,7.4412203,0.21082723
2020-02-06 09:00:00,12.472438001801095,14.984589,9.840118,27.613778261518455,32.3397,20.421337,1.5983540482083576,2.9877498,0.15884693
2020-02-07 09:00:00,18.806690126359854,21.18338,15.036896,20.669682965704958,28.793789,12.697301,1.1954903633214504,2.8638678,0.074222684
2020-02-08 09:00:00,21.550715322906285,23.859528,17.20523,15.029852444837228,22.389854,10.269102,0.9128472948813448,1.9210937,0.1903696
2020-02-09 09:00:00,20.914674024596707,25.230103,16.069946,20.28105549261586,27.534557,12.671276,1.9255654261072284,4.801767,0.12678306
2020-02-10 09:00:00,12.354887871930089,20.56665,4.2521973,39.65407822256164,58.838585,24.15218,4.316215073464532,7.4516983,0.8842056
2020-02-11 09:00:00,16.645907077034906,20.769196,7.835602,17.379806035842225,25.114183,9.934496,4.4968388684365355,9.435421,2.41392
2020-02-12 09:00:00,14.868312305174527,20.068024,7.77063,12.931141814225201,18.747536,9.8167095,1.4767264951810972,3.4464347,0.21467812
2020-02-13 09:00:00,17.8696731499993,20.933563,12.539032,17.055691462363963,26.244911,13.19208,0.4252086374348283,0.8176995,0.016453506
2020-02-14 09:00:00,18.25344420084099,21.379242,12.687836,18.968293924129192,31.395184,14.711562,0.6659150421553169,1.7991136,0.03839153
2020-02-15 09:00:00,18.75985125922847,22.72525,13.746735,21.13196294435305,30.277027,14.675465,0.9178142752031732,1.6565886,0.2150355
2020-02-16 09:00:00,19.70774891561183,23.734833,15.500458,25.29212163724009,36.41074,18.594734,1.2774868372279893,2.9591248,0.048254203
2020-02-17 09:00:00,21.346696838000014,24.784882,16.681366,31.16720596879667,39.4175,22.140247,1.1454715697855518,3.4152842,0.03981356
2020-02-18 09:00:00,21.12750276071705,26.104767,15.610626,11.204977715251552,20.299133,4.088196,2.1454982803027067,4.866888,0.5526079
2020-02-19 09:00:00,18.355661828163647,23.118225,13.284241,17.67646668907441,27.482615,10.162302,1.0448125898735305,3.3111982,0.04296314
2020-02-20 09:00:00,19.18203233963243,24.157959,14.6345215,17.66488088346776,28.79013,14.287331,2.2431286321290345,5.425806,0.3663852
2020-02-21 09:00:00,19.290066228552803,24.206757,13.995819,19.828523189015343,27.084494,16.106228,2.0987000232411384,4.524012,0.27639928
2020-02-22 09:00:00,21.696521711637104,26.65445,16.496246,21.634168492572975,34.413292,16.745323,1.1409373028103815,3.0271015,0.19688515
2020-02-23 09:00:00,15.096168714599003,21.182281,9.371735,47.56324745443416,73.50961,39.36117,3.073464374349702,5.174661,0.97608197
2020-02-24 09:00:00,20.481064461243477,23.66275,14.865143,21.904477208865757,36.449135,7.104398,1.8987353202082045,3.562237,0.24102913
2020-02-25 09:00:00,21.525241449348698,25.761871,16.201324,9.32157941308017,22.787228,1.4539461,2.53670751237406,4.831752,0.59643966
2020-02-26 09:00:00,18.907653537490035,25.324371,10.968903,11.406485254515037,18.520407,6.4967375,2.843531800719831,5.8445573,0.8348615
2020-02-27 09:00:00,19.062078717935265,24.715973,14.872223,13.408988624536319,18.783302,8.775564,1.5207673414639065,4.308521,0.076647565
2020-02-28 09:00:00,22.218736291974267,26.09317,16.882233,12.048891577667233,14.344765,9.903358,1.4889534639333315,4.168763,0.21561758
2020-02-29 09:00:00,22.61198428317101,25.716217,17.745514,15.532688410346415,21.037542,10.328034,1.3677033632122702,2.783584,0.6770111
2020-03-01 09:00:00,21.507363200509815,25.342255,14.353973,18.87223464031394,38.762115,13.105866,4.189101935244534,8.24562,1.699682
2020-03-02 09:00:00,14.789269725918757,21.693268,5.949127,46.60746543772959,69.42467,24.811386,2.324293328537442,3.7775955,0.61086017
2020-03-03 09:00:00,16.512562899419834,20.371002,12.566315,19.591608731985623,25.320038,13.919996,4.544786337350261,8.159381,2.3866336
2020-03-04 09:00:00,21.611803066470486,25.871002,15.718658,25.22557637438001,29.34907,21.919382,2.0070413934573077,4.8122993,0.13201465
2020-03-05 09:00:00,23.21754868280243,25.487457,18.08316,23.946008540554942,28.74172,18.54679,0.5852212032316689,1.3518792,0.06867733
2020-03-06 09:00:00,23.826236322152226,27.139801,18.184723,24.14899601551267,31.537815,16.783909,1.1787542541454745,2.5271559,0.12695746
2020-03-07 09:00:00,23.997719007944625,29.173492,17.749664,23.77019752010012,40.85889,17.644196,2.899305520218805,4.755739,1.1878217
2020-03-08 09:00:00,18.215292860994055,25.707184,10.252106,37.02713017006384,85.66198,21.542347,3.395430819815836,6.146397,1.6094519
2020-03-09 09:00:00,17.56913991012061,23.212494,11.241791,31.9554637846788,44.936424,19.824383,1.960948752793883,3.7322893,0.3176589
2020-03-10 09:00:00,18.635403811161666,24.207672,13.215485,38.15967852196363,53.190414,24.627914,2.370669651596112,4.163748,0.42065892
2020-03-11 09:00:00,15.894728225840993,19.988922,11.159576,76.54142242704577,90.71572,57.83291,2.1149650712492982,4.526324,0.9188688
2020-03-12 09:00:00,19.553693490317812,22.359528,15.410309,54.32178509655963,73.08836,37.990334,1.4507261020630577,3.9016712,0.2928725
2020-03-13 09:00:00,14.208641978568494,19.129791,5.964752,66.6787973362983,92.93024,26.535702,2.30655998337795,5.56355,0.5719981
2020-03-14 09:00:00,14.370189365128965,18.565186,9.178467,68.00703525390712,96.78489,47.606464,3.380789535241426,7.139201,1.0541921
2020-03-15 09:00:00,16.491944896341636,20.920807,9.8680725,57.780827542402776,93.971275,38.99887,3.030908665540736,5.3784137,0.89396644
2020-03-16 09:00:00,17.468540118252236,22.274506,11.1475525,51.09488773254453,84.13822,37.009315,2.4434960048751866,4.3825955,0.38005129
2020-03-17 09:00:00,16.417552286635953,22.680817,8.233551,48.45399017298902,73.25583,30.606337,3.253648989934884,5.860481,1.3623438
2020-03-18 09:00:00,13.263905505984724,19.243805,5.7203674,44.24134838623118,70.56546,28.40103,1.6640130244603772,3.2964509,0.07799322
2020-03-19 09:00:00,11.830145376818336,16.360016,5.344391,42.246381434042576,64.50246,14.955578,2.3340805274909524,5.3559513,0.86518747
2020-03-20 09:00:00,13.017145655095419,16.940582,6.149811,57.58885451873185,84.775116,43.243862,1.4196283021734568,2.49294,0.47400367
2020-03-21 09:00:00,14.823776811141215,18.767944,7.219879,50.64182206613377,74.244286,30.509914,0.8114091918872782,1.7806486,0.02012907
2020-03-22 09:00:00,17.878000396018592,22.28183,10.6996155,38.43034754441389,62.620228,27.710072,0.8050628167184412,1.5786668,0.08036884
2020-03-23 09:00:00,19.555557774134343,23.975616,12.667023,40.07725170249641,69.80754,24.5966,2.7743225173474317,4.545637,1.4562777
2020-03-24 09:00:00,17.734512385044297,22.951813,10.176422,44.095947516130785,81.75525,35.83528,2.6462329247022383,5.83222,0.29851058
2020-03-25 09:00:00,19.130107889599515,24.887848,11.546051,39.55536155011882,84.50811,22.578648,3.645267205501978,7.4641433,0.93329823
2020-03-26 09:00:00,16.931866759225727,23.378815,8.453033,37.20007324032065,72.52301,24.798597,4.0260174253790915,6.8578153,2.0431688
2020-03-27 09:00:00,13.724412532070005,19.69571,6.532379,28.641408420003664,62.70097,18.735235,3.5042774188040973,5.280731,1.2092735
2020-03-28 09:00:00,15.477904592440325,19.147614,9.355377,24.903796917144568,50.835773,18.238117,1.870673506870447,3.3758194,0.3875303
2020-03-29 09:00:00,17.651479926786237,22.441803,11.682037,32.258311013876785,65.812386,22.368366,2.1840076880452104,4.959524,0.47965837
2020-03-30 09:00:00,17.87574449570036,24.138336,13.733063,33.010244418532565,44.09522,18.300892,2.6933251841528034,4.3938956,0.5083189
2020-03-31 09:00:00,22.508884330696105,26.363434,17.859528,19.694385714446362,30.860367,13.174234,1.087116102478973,2.4843175,0.121022485
2020-04-01 09:00:00,23.67779518269407,26.17984,18.369293,26.534811470405213,35.961777,19.676619,2.151643870641259,5.166639,0.33681563
2020-04-02 09:00:00,25.599685294712003,30.898956,17.104034,27.243972136781963,84.02609,11.73582,4.123094908819322,7.541991,1.631978
2020-04-03 09:00:00,20.981735104666996,26.99527,14.755035,25.581123000862483,63.07084,15.871622,1.938165909540487,3.664528,0.4224027
2020-04-04 09:00:00,21.906009080450588,27.305573,15.010651,23.915742704228983,69.40509,16.389462,2.6221527218792358,6.181714,0.9553986
2020-04-05 09:00:00,22.36636465194391,27.330475,14.123444,34.57153648676146,89.51974,23.183798,3.7634904390529758,7.5790224,0.70840305
2020-04-06 09:00:00,20.11093909739924,26.339996,10.994293,46.775658670608166,98.471954,29.714367,3.814373540466376,6.33706,2.2209742
2020-04-07 09:00:00,15.005811825586648,24.02359,8.032135,64.48820511639465,91.12943,36.07287,1.63023970317368,3.7650359,0.24400836
2020-04-08 09:00:00,14.468396802532709,26.080963,5.8700256,66.2097586883814,91.83491,35.2685,1.3145143421661498,3.8959436,0.08862141
2020-04-09 09:00:00,10.393312754975511,16.977692,3.4894104,73.83490395563443,87.65401,58.575882,1.2907568947980694,3.2645195,0.20967984
2020-04-10 09:00:00,11.652786069157173,20.466705,3.631256,73.77143448764708,96.85664,41.321487,1.1361210646637931,2.8769834,0.13210341
2020-04-11 09:00:00,14.543833246005477,19.66153,8.044342,59.10349564345071,76.72695,37.67617,0.9172711477367594,1.7635021,0.07023794
2020-04-12 09:00:00,20.141928230263034,23.016266,12.2135315,43.07411871272814,78.97046,26.326862,3.069418807874601,6.572839,1.4575065
2020-04-13 09:00:00,20.32470521608292,25.492828,13.313385,55.13321060298851,92.88676,28.769505,2.7751597403767234,6.3148894,0.80496705
2020-04-14 09:00:00,20.41104495671567,27.165924,12.136627,21.021238986693206,38.891026,10.515009,2.322170628222594,4.80778,0.27523157
2020-04-15 09:00:00,19.955240144417814,25.59488,15.704498,14.802325947083357,19.55025,7.1947803,1.5830268937710223,3.4837527,0.30597785
2020-04-16 09:00:00,24.73620001020555,28.85733,19.105377,20.53471128398097,32.379005,11.273535,2.28221085931359,4.722366,0.8307315
2020-04-17 09:00:00,25.519532710372175,30.464752,18.085846,25.564026153799567,43.85049,15.9593725,1.9223308246922706,4.1028028,0.49029604
2020-04-18 09:00:00,19.700041801483906,27.218658,11.48819,35.773146720253145,92.07985,13.8705225,3.0276429418338022,5.263218,0.21613312
2020-04-19 09:00:00,20.717288985228663,26.444977,14.178375,44.69125583803359,76.68979,29.435883,2.6930892132721715,5.1123333,0.8588696
2020-04-20 09:00:00,23.680443803747323,28.538483,15.083405,34.64342018362565,80.02949,21.136381,2.611800498739766,5.5857067,1.2805928
2020-04-21 09:00:00,21.518417429948613,28.272614,14.268463,37.21415574447286,73.48817,24.011562,3.4644775379464208,6.4338408,0.6685351
2020-04-22 09:00:00,25.088835847481448,29.07486,20.611237,25.06587927105127,34.955112,18.130894,2.7767845012053214,4.732157,0.6373792
2020-04-23 09:00:00,29.809443591645902,33.73941,23.744537,17.186419145174135,27.648455,11.3568325,2.3957603470533466,4.2503614,0.47441593
2020-04-24 09:00:00,31.690609432804365,36.428864,25.965973,18.006858832328433,28.411526,12.141994,2.1621691837076975,3.868107,0.22636472
2020-04-25 09:00:00,31.667588657268936,35.511383,26.107086,14.332922400401904,22.798626,11.493422,1.2100986938450966,3.2389393,0.17499006
2020-04-26 09:00:00,33.734037520002175,37.977448,26.893463,13.776666926720338,23.50505,6.985196,2.211025817565164,4.4808884,0.6038152
2020-04-27 09:00:00,33.00403350292021,39.15396,24.806305,13.198614525006255,29.330416,7.952072,2.8744327226769437,5.4194145,0.9690527
2020-04-28 09:00:00,32.179755435315826,37.256012,25.393463,15.395059264933185,23.754457,8.881109,1.5662146157999348,3.1402032,0.3638629
2020-04-29 09:00:00,34.79232485666057,38.64566,26.15152,14.962947790698097,26.398636,12.133012,0.6586851352587585,1.8588324,0.02466479
2020-04-30 09:00:00,35.043104650722626,39.643707,22.923004,15.83658796002091,31.149923,8.824563,2.77134753075013,5.4509673,1.2003464
2020-05-01 09:00:00,32.81647749472472,37.62613,24.09488,16.235319589220094,31.20456,6.841278,3.414001457841883,6.9878297,1.1350607
2020-05-02 09:00:00,30.77887772647398,37.160065,22.597565,17.624612209806322,45.75013,10.803123,3.4828600604656597,6.8909574,1.4358625
2020-05-03 09:00:00,30.02666088084186,35.506256,21.316803,16.00750025446081,32.46573,7.0425806,3.506763839126019,7.572234,1.2619048
2020-05-04 09:00:00,30.373337484732133,35.64273,22.734528,12.25766460064388,22.526707,4.20737,3.102891808890687,5.1580486,0.53436244
2020-05-05 09:00:00,30.60960660341908,36.437897,24.805084,9.84680891202551,16.009506,6.980337,1.9739150430741113,4.438479,0.34314418
2020-05-06 09:00:00,33.81995497805491,38.455475,27.87735,8.109151038427395,13.663153,5.4749756,1.762903603332381,3.6543531,0.6029512
2020-05-07 09:00:00,34.93908374005747,40.122223,29.821442,8.498799584818927,14.585679,5.545661,1.6379095070750482,2.8868823,0.46437463
2020-05-08 09:00:00,34.34846535060035,39.35147,28.546783,8.665276628478738,12.29446,6.5727673,1.4516767343595458,4.662508,0.34337538
2020-05-09 09:00:00,34.93708491315158,39.72647,26.19522,9.333313744667143,13.945365,3.8103895,1.6710668830117354,3.233888,0.5284005
2020-05-10 09:00:00,34.9927553003742,39.393707,25.669098,10.811354154939712,17.918777,4.977248,2.6815602359198913,4.825193,0.6350676
2020-05-11 09:00:00,33.29843397758185,37.34146,23.646149,15.433267960403395,32.60427,5.1206083,3.7978467047983924,6.7142553,1.85888
2020-05-12 09:00:00,30.32991708202104,36.282135,21.555573,14.554367918827346,37.861217,8.0848875,5.085080438069388,8.846521,2.3889985
2020-05-13 09:00:00,25.91268559415613,32.757477,17.125397,31.820320461868512,73.644615,17.92244,4.529496726787007,8.43764,2.120357
2020-05-14 09:00:00,26.39212034576508,31.123688,18.498688,25.928433283631435,60.404797,18.57174,3.7952230361150323,8.048974,1.457447
2020-05-15 09:00:00,27.251169937808072,32.481354,20.694244,28.48412488049621,56.267117,17.764772,2.9532059876090644,6.012299,1.18369
2020-05-16 09:00:00,29.807414460462212,34.31729,23.870026,23.98822791658226,35.64293,19.75763,1.7185228168283075,3.0191364,0.77449024
2020-05-17 09:00:00,31.75662030308399,36.14737,24.850494,23.16687521772347,36.53803,19.10701,3.1234847176884797,5.317203,0.9042752
2020-05-18 09:00:00,31.472345247538556,36.68448,23.069244,20.35817900899148,52.056816,7.9569864,4.0238406974920204,7.323887,1.1917284
2020-05-19 09:00:00,26.889587162897953,35.16275,16.391266,29.57326560324165,71.36284,9.022296,4.841000649514293,8.003495,1.9589937
2020-05-20 09:00:00,21.761187299880305,27.762115,16.68692,22.989014509590977,55.748222,14.189629,3.1870688398114098,5.6563168,1.2857763
2020-05-21 09:00:00,25.312477265112136,30.357086,20.181305,18.413953519436006,27.846699,12.891035,1.4711789709397227,2.6151786,0.053877275
2020-05-22 09:00:00,29.259003037401953,33.597565,23.683502,13.897737101243393,26.016834,11.075429,2.6186691766980217,5.610335,0.5602643
2020-05-23 09:00:00,29.406480957185067,34.503815,21.26944,16.923616042342356,48.97483,9.346853,2.9771247826326754,4.701315,1.2659651
2020-05-24 09:00:00,27.233212687307912,32.7919,21.896637,12.189240009047921,27.487076,7.9551477,2.156353023978934,3.6167393,0.5036031
2020-05-25 09:00:00,29.995324479074952,33.533356,24.621246,12.825327424652928,18.716742,10.296004,2.15050166033784,4.346603,0.50606173
2020-05-26 09:00:00,32.80582110687635,36.808258,27.181305,13.141802333933342,17.558535,9.338216,1.3525640402743024,3.6588933,0.24975935
2020-05-27 09:00:00,36.83698441975969,40.000153,28.98648,12.826183426486669,18.57545,10.552013,1.56737690729417,3.1770623,0.45036903
2020-05-28 09:00:00,39.38230048614838,43.096832,27.725739,13.166971821325092,22.113464,10.059022,1.971866626322278,3.4265888,0.7011987
2020-05-29 09:00:00,39.344806446324924,43.163483,25.88028,11.710336520206225,32.40706,7.5361023,2.6185988403973783,4.0539575,0.9197994
2020-05-30 09:00:00,36.33038391203496,42.917145,22.962067,17.41008910787702,44.630516,9.571923,3.4342869965724585,6.1882825,1.0009829
2020-05-31 09:00:00,30.373282422797104,39.699615,22.365631,19.05954538482395,42.942905,7.5792313,2.940001400409979,5.3083024,1.1204011
2020-06-01 09:00:00,31.81085560108096,38.636383,25.812164,18.0839390311735,25.928541,12.96638,2.2249708672992137,4.33361,0.5939774
2020-06-02 09:00:00,33.4149739557613,39.65323,26.622467,17.554415100052836,27.397564,11.944438,1.2112231240021039,2.7707133,0.35198453
2020-06-03 09:00:00,35.80203635641129,40.624176,28.37857,13.972317218067452,17.912926,9.830894,1.5939954065355697,3.151684,0.18787839
2020-06-04 09:00:00,38.746904093413264,43.554596,30.947174,10.420778823676997,17.106659,6.71994,1.7122000418369443,3.2378201,0.6702019
2020-06-05 09:00:00,38.12688381924488,43.51651,25.102448,14.714751859829716,37.336178,9.254148,2.9877873054596193,5.031006,1.0748537
2020-06-06 09:00:00,30.28244661714473,38.667633,18.991852,24.71910936775182,91.24688,7.827981,4.9756963539912356,9.876949,2.4865386
2020-06-07 09:00:00,27.01221270433524,32.8627,18.177887,23.186776977174272,63.1821,9.407094,5.654015366619812,10.719704,2.224571
2020-06-08 09:00:00,26.37890272478637,34.7753,20.531158,12.116675137738143,20.031498,4.5745134,3.965116609554486,6.291801,0.42132652
2020-06-09 09:00:00,26.27974790458967,30.58609,21.90445,11.140763612430673,13.1767645,6.372611,1.9057640159091467,3.7936249,0.8056614
2020-06-10 09:00:00,31.043835423895644,34.87979,25.966217,9.949246338131049,11.835664,7.83957,1.3073054684893888,3.4341369,0.23267633
2020-06-11 09:00:00,35.07178286283215,39.38907,28.943756,9.38593504340442,10.887649,7.3997107,0.8777829720593595,1.8595128,0.24301542
2020-06-12 09:00:00,36.93595060531635,41.625885,28.7919,7.117254854470392,13.600153,4.9092073,2.852592617048402,4.8802037,1.166486
2020-06-13 09:00:00,33.89548181163309,40.585114,24.58316,9.318758621000175,30.338242,4.529647,4.2937198655938635,7.9164658,1.445231
2020-06-14 09:00:00,29.69505629614065,36.608063,21.93814,20.057610802940562,53.876568,7.6122284,2.880674728658466,5.60627,1.4868917
2020-06-15 09:00:00,32.049512594122746,37.515778,25.119293,18.140365531590184,32.55175,12.539844,1.4669378843825227,3.1694756,0.12961277
2020-06-16 09:00:00,34.46108785527656,39.18033,25.393219,17.853330758264654,38.042038,12.444384,3.85652587698203,7.4925647,1.6098536
2020-06-17 09:00:00,32.84710613012692,39.062897,23.31485,21.980358275347395,63.013424,12.988295,3.0193133273209987,5.639699,1.6910388
2020-06-18 09:00:00,32.49226134859197,37.222076,23.663483,14.540820765329709,47.359406,6.195343,1.4297734639700868,2.259401,0.1170607
2020-06-19 09:00:00,34.12779451310939,38.474274,23.050446,14.429822647069928,33.03332,7.7155743,1.1150554370997312,2.4086683,0.08166573
2020-06-20 09:00:00,35.99486487570158,39.536285,24.991364,14.351357496987479,36.937252,5.2770243,1.4928235939878816,2.9364178,0.090733916
2020-06-21 09:00:00,36.52817677768809,40.670563,25.613922,17.051263498224756,31.31865,12.741858,2.3467290222801784,4.4235883,0.6858744
2020-06-22 09:00:00,37.90008697892381,42.19986,25.117828,15.430584464599427,24.47242,11.218251,2.3339738103488696,4.16097,0.75068015
2020-06-23 09:00:00,38.99246684199085,42.475494,27.145416,12.75018988742767,19.810364,8.244681,1.970116203552378,3.4586759,0.446305
2020-06-24 09:00:00,39.37059207027687,42.84317,27.516998,12.651115752028232,22.44476,8.573665,2.11448196969183,3.9728127,0.70471424
2020-06-25 09:00:00,38.68132682935152,42.218903,26.189606,14.857271601727431,25.187466,9.240689,2.618174474506036,5.300365,0.67581147
2020-06-26 09:00:00,38.429712685851314,42.459137,25.863434,13.706768721914651,23.336033,6.4746685,2.0831399298515403,3.7862573,0.9608495
2020-06-27 09:00:00,37.14442182320306,42.3461,27.392975,15.881570547128918,32.889977,9.995446,1.670061957711307,4.043515,0.34093508
2020-06-28 09:00:00,38.7265422108066,42.657135,25.557526,16.779152880514847,38.168724,10.711692,4.900711084246679,8.706848,2.2426696
2020-06-29 09:00:00,32.49300034386431,38.982574,21.322418,23.97881463065045,77.39723,11.092546,4.991496162535599,8.388972,2.3873284
2020-06-30 09:00:00,29.529352427012384,33.97403,22.533844,14.962314081025456,24.920483,6.2248325,1.7053004269312126,3.1826365,0.22546996
2020-07-01 09:00:00,32.9227835210761,37.05606,24.388092,13.537687720868702,29.272532,9.073313,1.938486203718794,3.9099174,0.042857446
2020-07-02 09:00:00,34.200150365583454,38.34903,24.704498,19.330965270109836,26.94767,13.813,3.036499422381022,4.9038267,1.1154462
2020-07-03 09:00:00,35.59808343060058,40.1232,26.801666,15.243413673674464,29.233257,8.6781025,2.8114016108123865,4.4436336,1.1605293
2020-07-04 09:00:00,36.29230735440166,41.23233,28.986237,15.165907820410848,30.42121,7.4055843,2.3093784917278035,4.5258846,0.89616513
2020-07-05 09:00:00,37.82444155684749,42.712555,29.470367,11.58179920383835,19.488605,6.0746775,2.4988743200952634,4.8427043,1.3431389
2020-07-06 09:00:00,39.10482478554036,43.707428,31.043365,9.488550056230737,13.631814,6.473255,2.2782303316071104,4.3305063,1.3464437
2020-07-07 09:00:00,38.86731166932395,43.33365,30.642242,8.038821452054057,18.173557,3.9286747,3.3246411212219003,6.514471,0.8639642
2020-07-08 09:00:00,37.89241127568715,43.2731,28.519196,7.648772156607584,20.376621,3.5719328,3.0345432070263203,5.8788795,1.0397457
2020-07-09 09:00:00,37.13711666518515,42.425446,27.499664,7.420797575445646,18.293936,2.5357904,2.619643868896165,5.345546,0.74668896
2020-07-10 09:00:00,38.63251868938585,42.918854,29.147125,7.029427433075852,11.660977,3.2256117,2.108080957606909,3.8016264,0.2777985
2020-07-11 09:00:00,40.20066082102409,43.99893,32.55362,14.998994064019701,26.96933,8.037758,1.9429285664546112,3.8907526,0.27399686
2020-07-12 09:00:00,41.27222979338785,46.27481,34.026764,15.896069881357722,20.748463,11.875029,2.8770564553065423,5.0877056,0.9216599
2020-07-13 09:00:00,42.525665050460475,46.764557,33.17276,13.909630482770817,21.238255,9.197335,3.740803724972342,6.5487213,1.7341894
2020-07-14 09:00:00,39.94333940614547,45.59024,28.896881,11.494671682835842,16.603642,7.486455,3.857735659543754,7.153344,1.6255909
2020-07-15 09:00:00,38.49945712108723,43.348785,27.006989,11.520047631853878,23.76716,7.2547684,2.730015908263702,4.8303475,1.1328466
2020-07-16 09:00:00,38.107515371455634,42.682526,27.086823,13.433486659320662,18.46931,9.030013,1.9400320063455758,3.6383195,0.36959273
2020-07-17 09:00:00,38.712496024082384,43.21988,27.612457,14.806566581501698,23.24423,7.7316217,2.4689424312977732,4.018032,1.0240214
2020-07-18 09:00:00,38.86633981310928,42.85611,28.424469,13.161506289308722,17.80015,9.647806,2.212722343212698,3.7925174,0.73770845
2020-07-19 09:00:00,39.68889769128839,43.902985,29.416656,11.229605595347671,16.219433,7.798318,2.6304395751876757,5.0532603,1.5274502
2020-07-20 09:00:00,39.34532757066307,44.121735,28.207672,11.258222019679392,19.2704,6.5907116,2.7804157681002333,5.7766547,0.6944222
2020-07-21 09:00:00,39.34581281283516,43.388824,27.506012,13.362666501299067,25.989456,8.418897,2.00755139041509,3.881913,0.3870784
2020-07-22 09:00:00,39.03604587147811,42.717438,27.809235,12.991620740711925,24.487423,3.8280687,3.0699338738915083,4.629286,1.1871923
2020-07-23 09:00:00,37.458590337338705,42.570953,25.748688,11.846395234629984,23.54889,4.43548,3.091421243980406,5.065355,1.0408124
2020-07-24 09:00:00,36.466544463865546,40.55362,25.418854,12.297212158487461,21.036709,5.8467274,2.511714404897034,4.7478027,0.7664053
2020-07-25 09:00:00,35.830878007518834,40.75479,26.139557,17.051717632518407,23.330923,11.844278,1.873644543588656,3.398772,0.38880453
2020-07-26 09:00:00,36.667609299925005,41.15982,27.777008,13.594713478976399,20.454065,7.758753,1.7026801425710856,2.9943917,0.3714914
2020-07-27 09:00:00,37.34337457588242,42.227448,29.170807,15.265871176125444,22.028809,11.070008,1.7179408188987726,2.992391,0.6047935
2020-07-28 09:00:00,38.75961385277128,43.963043,27.701324,12.898300315297522,18.344242,8.950631,1.9245171675751382,3.5129852,1.0065671
2020-07-29 09:00:00,39.98319471004112,44.818512,28.300934,9.024032372185195,13.16091,4.3816147,1.8508350382310181,3.5124226,0.41694227
2020-07-30 09:00:00,40.41587809774745,44.692535,29.098785,8.676740983769829,14.759602,3.9002266,2.0093133971222987,3.9702485,0.81926984
2020-07-31 09:00:00,41.617722780483064,47.21695,33.02652,13.630946415460562,22.331505,10.233848,2.512179075634721,4.444528,0.8740359
2020-08-01 09:00:00,42.54879411959149,48.006744,34.401276,8.956821603694497,15.44716,1.3063679,2.8349385374048524,5.1023636,1.0873541
2020-08-02 09:00:00,41.459304307336254,45.28531,30.879059,6.336694033670995,12.800548,2.9462366,2.9213939016191355,6.0163465,0.5266207
2020-08-03 09:00:00,39.63478157156146,43.825592,28.640045,7.45829315530569,17.746529,3.5167274,2.548813714633716,5.4451737,1.2420608
2020-08-04 09:00:00,39.3519392069021,43.39737,28.32901,8.041883063326445,24.51532,5.1080236,2.6985272567267486,6.2041097,0.7873297
2020-08-05 09:00:00,38.22998977551549,43.425446,26.587555,13.616077578957883,31.359833,7.2657423,2.959245638662171,6.25258,0.802238
2020-08-06 09:00:00,36.5868888114274,41.228912,25.615631,15.918698177478916,44.334282,8.726889,3.188873376340398,6.245752,0.8600387
2020-08-07 09:00:00,34.945325145906054,40.24698,25.051666,15.081584220310512,29.838614,5.0143948,2.5101321972681565,4.492912,1.0202035
2020-08-08 09:00:00,35.30831185564705,40.79825,26.768951,12.679575248413993,24.5704,6.6018944,1.6611702162710764,3.3430617,0.27747476
2020-08-09 09:00:00,37.152711465677214,42.628082,28.215973,13.858374935893504,24.708954,6.8894777,1.4583073221910432,3.1151862,0.2969058
2020-08-10 09:00:00,38.289652898876795,43.011627,28.724518,11.281384166833544,21.568104,4.6418915,1.4773152723845488,3.1439853,0.22982469
2020-08-11 09:00:00,38.65389952641175,43.208893,28.562408,10.039864507761157,14.749907,5.8780823,2.5196151967739753,4.348856,1.1172838
2020-08-12 09:00:00,38.418785443569334,43.320953,30.115631,7.934253985314857,16.933983,3.3827066,2.56072040886643,4.5481534,0.5622061
2020-08-13 09:00:00,39.467254387455284,43.712067,30.499176,13.630728820085148,23.616755,8.851465,2.0242222362057762,4.751292,0.47741532
2020-08-14 09:00:00,38.42506007119948,44.41104,32.404938,19.303925407931597,23.27948,11.111395,1.876610022081646,3.2042472,0.4190735
2020-08-15 09:00:00,41.453931308189055,46.3461,33.282867,14.21288054497207,19.91591,10.290996,1.5308932029323716,2.9362128,0.24993572
2020-08-16 09:00:00,41.49597950067408,47.221344,34.89688,12.387496821104781,25.228619,8.435649,1.507126617151863,4.1172485,0.28205824
2020-08-17 09:00:00,42.25489105091145,45.560944,32.486725,13.946766720254713,27.864235,9.187229,1.5431487000838031,3.2765832,0.13538368
2020-08-18 09:00:00,42.64430528281082,45.97867,34.482086,14.263554614608973,23.393362,8.296817,1.7435373877299574,3.3679888,0.499478
2020-08-19 09:00:00,40.683441955181706,45.31143,33.319,15.453545783325842,25.437614,8.980584,2.1018017725582885,4.0820804,0.312326
2020-08-20 09:00:00,40.826733574189575,45.588043,33.640778,13.82404271819366,18.94387,10.253339,1.869331982310405,4.712974,0.007196266
2020-08-21 09:00:00,41.45756341865268,45.52188,32.82779,11.352953969699545,21.153961,8.669586,2.4955168743693505,4.1229057,0.90462494
2020-08-22 09:00:00,38.49363705808071,44.022858,31.417877,20.342187422192424,39.503548,8.563536,2.7670937674395026,4.7155733,1.3569014
2020-08-23 09:00:00,37.564564165045,42.129547,28.39981,27.104582657094756,50.23909,10.978156,1.98963736192699,4.6399055,0.36698946
2020-08-24 09:00:00,38.90179086557123,43.974518,29.531158,21.16064445562733,43.40541,10.625494,1.6254273628499605,3.4886212,0.25472876
2020-08-25 09:00:00,39.37393600761743,45.244293,29.924469,16.722423952639847,25.876648,10.323957,2.1803213081224153,4.191678,0.33853418
2020-08-26 09:00:00,39.82210929316432,44.68863,31.366364,16.694314822550226,21.350088,12.928836,2.230663918985812,4.2505674,0.5260113
2020-08-27 09:00:00,39.92244364789627,45.577545,31.475983,13.116568006636749,25.048855,8.766342,2.937282827524862,5.3378024,0.7603253
2020-08-28 09:00:00,38.93509294009607,44.572662,31.217194,11.140726304364119,15.522624,7.6417084,2.3499156801301924,4.303495,0.9018511
2020-08-29 09:00:00,38.23784924135589,44.775787,30.336334,12.027145218795459,18.159292,4.6319485,2.1785881193307253,3.9681182,0.5036233
2020-08-30 09:00:00,37.61227992429406,41.787262,28.67398,10.641412813125772,27.056137,4.5287924,2.650818105204876,4.6973014,1.0852256
2020-08-31 09:00:00,35.84314586248553,38.969147,28.326569,12.09827828524571,34.87903,1.4494257,2.027521095762335,3.7694435,0.7202864
2020-09-01 09:00:00,36.38193582455398,39.30777,27.694489,14.130552214310057,35.177765,6.730978,2.185862837737954,3.8055341,0.91975945
2020-09-02 09:00:00,36.78228418052248,41.10489,27.643951,15.00183704037999,21.24245,10.580684,1.0560189765858872,2.7069702,0.039844077
2020-09-03 09:00:00,37.39183166997151,40.74649,28.604889,13.6497520417423,20.455936,10.321527,1.330211901725473,2.8972747,0.3899773
2020-09-04 09:00:00,39.41702472411595,43.234283,30.975983,11.91814357478736,15.975694,9.48731,0.797919601601898,1.6531706,0.0511211
2020-09-05 09:00:00,41.79553958515584,45.68692,34.841217,12.340533245507048,15.6559725,8.003307,0.7400643026010191,1.939554,0.10211215
2020-09-06 09:00:00,42.871191725832944,47.19107,35.74185,10.296063533336465,12.876737,8.329323,0.631685651831665,1.9678851,0.033656843
2020-09-07 09:00:00,43.54750028996432,47.31021,36.343414,8.490439513456936,10.284816,6.864483,1.9307724659245429,3.1310427,0.74159056
2020-09-08 09:00:00,39.02582347582859,44.517487,29.636627,9.821688096156375,22.272224,6.4322433,3.050649659727464,5.4232035,0.8232958
2020-09-09 09:00:00,28.75721392656203,33.68814,22.736969,11.773332639702355,17.181976,8.658538,4.228378799742579,8.759986,0.26431558
2020-09-10 09:00:00,27.384725131209507,31.237213,21.940338,14.44799756020789,18.816515,9.546984,2.1044125423732316,5.585836,0.53959495
2020-09-11 09:00:00,27.93417496615689,32.56436,22.720612,13.676523495750548,18.353306,9.154329,1.1949836067260184,3.134279,0.22047064
2020-09-12 09:00:00,30.209145434015284,33.83194,25.197174,12.83176440032007,16.27419,10.176535,0.9315791534184958,2.0035825,0.31075528
2020-09-13 09:00:00,32.921507779553394,36.878815,26.454987,11.343889914479991,18.892187,8.784411,0.5753030951195504,1.6641114,0.085474305
2020-09-14 09:00:00,34.616950357435826,38.882965,27.949371,13.514013362954955,19.33097,8.530189,1.4180836688562708,3.0725873,0.2941294
2020-09-15 09:00:00,35.90636178981566,40.502106,28.902496,16.63429952292308,22.885891,11.168789,1.1215523498699902,1.6671793,0.38093746
2020-09-16 09:00:00,35.857885629051,40.537262,29.047028,12.178200054805018,15.550448,8.530717,1.2197745175574226,2.1139688,0.39253232
2020-09-17 09:00:00,36.43025168483064,42.433502,29.818268,11.118274116415932,13.90534,4.4043627,1.2060595492738293,2.162786,0.4860354
2020-09-18 09:00:00,36.99270352470552,42.28482,30.273102,9.187584223254925,13.741111,4.93408,1.8837891841529097,3.3853889,0.44443956
2020-09-19 09:00:00,36.01203341410189,41.662994,28.52237,14.71449351199551,27.007004,12.0968485,2.8594216782977244,5.0328593,0.33838096
2020-09-20 09:00:00,35.329644558419716,40.54727,28.961334,17.903391104506273,27.735031,9.007654,1.758367301407724,2.9075975,0.53652483
2020-09-21 09:00:00,35.2567312114831,40.82437,28.004059,18.35575168329494,22.252054,13.388774,1.5604376420511006,3.051919,0.53881115
2020-09-22 09:00:00,34.73230009406126,38.575104,26.504791,17.427014481745072,29.690563,11.901502,2.2612915069416784,4.0109468,0.84588486
2020-09-23 09:00:00,34.727573309674824,38.99527,27.661285,17.263555905130392,21.14927,12.389495,1.5749946213379682,3.1901832,0.51848096
2020-09-24 09:00:00,35.024161163482916,39.517242,28.85318,13.378271366454795,21.297817,6.9211864,1.4372990986881133,2.8664234,0.20554022
2020-09-25 09:00:00,35.36310921391504,40.335114,28.497223,13.72114325282671,21.122925,8.594378,1.9569872199539189,4.0625944,0.47447577
2020-09-26 09:00:00,34.49528278528851,39.755524,26.773102,14.636008346706076,22.576878,8.318884,1.4695681326145567,3.2464724,0.22318116
2020-09-27 09:00:00,34.02219107172408,38.511383,26.679352,16.1680332668688,22.822086,10.185367,0.5941556049786112,1.6046835,0.05419568
2020-09-28 09:00:00,34.68471802291111,38.530426,28.223785,15.966512144940866,20.751286,10.079411,2.924693396918595,6.30649,0.61600596
2020-09-29 09:00:00,32.878168247417534,38.07608,26.93155,11.476754463845937,16.441994,9.373566,2.2850702573430297,5.297027,0.33085635
2020-09-30 09:00:00,34.28829913510191,38.42227,28.453522,10.045419632368203,12.168432,8.593336,1.52694893386469,3.270053,0.11871776
2020-10-01 09:00:00,36.081454585390645,40.60904,29.523102,8.280510152900233,9.541771,6.541792,1.9507127683510137,4.5881824,0.033408348
2020-10-02 09:00:00,36.965771581523256,40.93155,30.345612,5.339881366798361,6.3502274,4.2098722,1.6713456566122242,3.6850772,0.44461098
2020-10-03 09:00:00,36.97104316039554,40.89908,30.440094,5.005449231225155,6.478693,3.5905323,1.309362061919698,3.1318915,0.05700381
2020-10-04 09:00:00,36.35160233432498,40.814606,29.791168,5.280315404225857,11.468578,2.951972,0.8187826189728772,2.0883057,0.07764357
2020-10-05 09:00:00,35.76674007177462,39.83316,29.260895,7.624528710940915,12.095436,5.4445963,0.9743935672543133,2.045415,0.14744356
2020-10-06 09:00:00,34.5955793374377,38.642242,28.249664,9.728074476957342,12.973019,6.554349,1.1599861062647392,2.2394423,0.23903324
2020-10-07 09:00:00,34.02605433308588,38.71402,26.856598,10.477245315695777,17.670998,6.451627,0.7232636737136009,1.62177,0.033920065
2020-10-08 09:00:00,33.00538251372552,37.869293,26.107574,13.729976153338319,25.9566,7.9987726,1.4683032728333383,2.7655137,0.2771415
2020-10-09 09:00:00,30.984847806188554,37.249664,23.32779,18.59843311618752,47.476135,12.605043,2.2156628401824,4.13657,1.2103722
2020-10-10 09:00:00,29.335140030980142,35.12198,22.29776,22.935569541129652,61.030712,13.709376,2.0006756536731523,4.971722,0.51232857
2020-10-11 09:00:00,29.20408788874977,33.670074,21.3732,28.55217607279768,56.424625,17.488415,2.4748564134236277,5.3093524,1.1157434
2020-10-12 09:00:00,29.80560450844814,34.612213,24.162994,18.87229938951589,22.940975,14.847226,1.6362895224025202,3.3865323,0.22763044
2020-10-13 09:00:00,32.003888084137714,36.769684,26.79898,13.849422174793993,16.395353,10.379728,0.8441457008092147,2.0409691,0.07538439
2020-10-14 09:00:00,33.24163750184431,37.4606,28.110992,12.92291485592821,16.4053,8.788232,1.116826638224385,2.4070175,0.22411716
2020-10-15 09:00:00,33.79975097201043,38.087067,28.08316,11.608754287812213,13.726716,8.515779,1.3948335359883262,2.7229114,0.24464689
2020-10-16 09:00:00,32.44380200487586,36.793365,27.129303,13.152083870811714,15.926689,9.672783,3.2825782642328973,7.925528,0.52635866
2020-10-17 09:00:00,30.5081403942022,34.962067,25.73941,10.2249402130024,11.855235,8.640391,1.867598479839688,3.8696856,0.24103546
2020-10-18 09:00:00,32.04132641516878,36.502106,26.816559,11.733270505705963,18.759918,8.688489,1.4669208673953684,2.611467,0.14495358
2020-10-19 09:00:00,31.619593059159115,35.631744,26.202057,13.764963898724481,18.153461,8.818852,1.5274997257241767,2.993432,0.16750525
2020-10-20 09:00:00,31.29848212416482,35.450836,25.29654,12.223700304410082,17.868881,6.171955,0.9916077023593988,2.341038,0.057597943
2020-10-21 09:00:00,31.202013821293576,35.505768,25.492096,11.253181600933155,15.934609,8.457548,0.6405315184117872,1.4994034,0.06527326
2020-10-22 09:00:00,30.17994355106947,34.355865,23.588287,13.783535147457702,23.06594,5.769065,1.535677689481409,2.9237258,0.10450534
2020-10-23 09:00:00,28.56693355815736,33.220856,21.64859,24.28827255187741,42.99096,12.615162,1.10263285689242,2.6416097,0.15519264
2020-10-24 09:00:00,26.419665644778263,31.96402,20.727692,32.40402643351902,48.053696,20.82275,1.5271762765876045,3.2770875,0.0958532
2020-10-25 09:00:00,25.586253962917908,29.43399,18.836334,30.54743173523872,62.280468,18.78828,3.425986479628406,7.633056,0.9126672
2020-10-26 09:00:00,21.237067158034506,28.078308,12.015808,15.142152773934646,22.00692,6.5252438,4.8627096961159575,8.133149,1.1727492
2020-10-27 09:00:00,15.214968347330853,20.619293,10.906403,6.748258496950007,11.379275,3.8839798,3.7462321571210673,8.10474,1.3495228
2020-10-28 09:00:00,18.85933168108602,23.64981,15.931549,15.700508379145965,19.502844,11.416906,1.6540059937655396,4.2680526,0.19268233
2020-10-29 09:00:00,23.296819225544596,25.725739,19.149567,13.948074110781771,20.984379,9.269536,1.2784502172911476,3.8676429,0.07097691
2020-10-30 09:00:00,25.2053566717168,27.603424,19.371002,16.209819487692275,21.53,11.755531,0.9616994571901464,1.9261267,0.027243583
2020-10-31 09:00:00,26.277591327940286,29.712555,20.380524,14.598579711292711,19.306168,10.756571,1.0889760316035955,2.135715,0.10326181
2020-11-01 09:00:00,26.470511100713395,30.606842,19.698639,13.370412155896249,17.553902,8.895087,1.5565185926036567,3.4385722,0.20600975
2020-11-02 09:00:00,28.02346845892373,33.63565,20.764557,14.91096949043227,18.551525,11.652281,1.6227430685718833,3.8551922,0.2271254
2020-11-03 09:00:00,28.48856672963143,34.388092,21.55606,20.282314742252364,32.15231,14.394447,0.836283076509383,2.0730736,0.10079436
2020-11-04 09:00:00,28.52873342268674,33.005035,21.784332,18.31949654839473,22.90492,12.475528,1.2614358136657307,2.3139162,0.15768215
2020-11-05 09:00:00,29.094046631249455,34.602203,22.09439,15.403561509336978,21.243826,9.880574,2.0622697737036644,5.152753,0.27084365
2020-11-06 09:00:00,28.40104042313078,33.95987,21.743073,17.29868916504497,19.096737,15.069103,0.8401563136841599,1.9154887,0.12082308
2020-11-07 09:00:00,25.07688269291117,29.926666,17.143463,21.57507117857164,57.471745,12.335027,4.6536084947508485,7.360044,2.4883761
2020-11-08 09:00:00,10.256957564803145,17.514069,3.573639,55.77161379956394,82.92614,36.74887,4.782164790678231,8.736912,2.2012553
2020-11-09 09:00:00,9.960618158394425,16.02652,2.7894592,45.14925011553335,57.307327,33.398087,2.68319690264755,4.29416,0.46165195
2020-11-10 09:00:00,11.173176973953957,15.607025,4.4374084,28.89886457088496,44.828453,21.271832,1.3492092936203122,2.7362568,0.41665858
2020-11-11 09:00:00,13.42342830012899,17.961578,8.419098,24.603030788910548,33.601818,13.894786,1.3064216018683226,3.2607596,0.13233931
2020-11-12 09:00:00,16.076320704954128,20.35904,12.218414,20.961399833550548,27.285221,12.574283,0.6151061900131196,1.5190873,0.030627927
2020-11-13 09:00:00,17.25118916047569,21.302887,12.422028,22.35619431702783,29.9179,16.308525,0.7733883987671987,1.4502164,0.21415903
2020-11-14 09:00:00,19.226908134880716,22.663239,15.331207,22.030771623126643,31.948147,7.8756084,2.1500963442680523,6.18586,0.17753632
2020-11-15 09:00:00,19.98870927782275,25.184479,16.417877,12.922809911908566,28.9795,6.6114035,1.4252978447023104,3.6360676,0.17370014
2020-11-16 09:00:00,21.687986282791826,26.436188,18.811188,13.920316405589608,18.387093,10.220173,1.8705531126542037,4.6526213,0.4049498
2020-11-17 09:00:00,24.05618327948821,28.98233,19.283112,13.036746704737757,16.203272,10.082178,1.102828350303206,2.3592517,0.104836345
2020-11-18 09:00:00,23.923065318882777,28.485504,18.885895,19.293627685009117,26.475554,14.35446,2.1637927164772424,4.4834366,0.66642857
2020-11-19 09:00:00,21.491177155410924,28.412018,15.839996,26.584398058685053,47.37395,14.000057,2.1670378426632255,4.5441093,0.6623537
2020-11-20 09:00:00,19.114958549754476,25.620758,15.558258,21.231644178975618,38.308773,2.9379053,1.4169870187547207,2.9850175,0.38260815
2020-11-21 09:00:00,18.787274704661456,25.741852,15.369415,18.864826953103467,29.132668,7.5857935,1.9322699974726862,4.369835,0.54895425
2020-11-22 09:00:00,19.9875185406309,25.144684,15.800934,19.160083041747065,23.963537,11.162756,1.8734011515597564,5.005504,0.35617417
2020-11-23 09:00:00,19.97914127382211,24.178864,15.157379,21.07052084533368,27.667519,15.495524,1.2719410833125944,3.162002,0.10258599
2020-11-24 09:00:00,16.883944710720016,23.45523,11.269684,26.374699780871993,33.434834,16.641865,2.1391613956317457,3.7801118,0.15768112
2020-11-25 09:00:00,15.744701739976904,19.768646,11.401459,25.13245875833074,32.638245,17.371557,0.8622781675272421,2.4447463,0.059734568
2020-11-26 09:00:00,16.02356772198607,19.215729,12.067291,29.50702170551005,42.3086,19.609385,1.2811434667939194,2.7681632,0.086803846
2020-11-27 09:00:00,12.59751759711304,17.489166,7.0316467,21.256698334827618,31.93519,10.277855,4.203664511884862,8.641406,2.1633296
2020-11-28 09:00:00,13.301892809934259,18.552643,9.71109,21.583182511038277,30.15458,11.628469,2.1459246638872083,5.333279,0.2927081
2020-11-29 09:00:00,15.097411322020946,20.57071,11.301666,14.262173063653087,19.534431,7.9270496,1.8621667719294206,4.996519,0.094053105
2020-11-30 09:00:00,17.447916482290054,22.351227,12.57193,14.843278472415317,20.79356,8.0826235,1.7286702611123492,4.8842034,0.040074732
2020-12-01 09:00:00,17.747402520676985,22.421783,13.440826,13.087656741898124,17.04578,8.366997,1.3910049658118537,3.3746955,0.148648
2020-12-02 09:00:00,17.71558650998577,22.915436,13.140045,14.944766244692204,21.326035,6.8012733,2.6410287025880823,7.7561555,0.28339624
2020-12-03 09:00:00,14.048854192816236,21.803131,7.9945374,14.119940667807892,19.664474,7.4965982,3.523003915309517,7.088071,1.2472026
2020-12-04 09:00:00,13.790485745825265,19.475494,9.95816,7.021862998925878,9.166858,4.638484,2.0802564095121814,5.1979036,0.2295391
2020-12-05 09:00:00,15.176109389386113,21.339996,11.019684,5.592777239210198,8.616482,2.8235397,1.5941464115733939,4.650779,0.060330946
2020-12-06 09:00:00,15.837444692595511,20.475006,11.623444,9.424598434587123,17.84826,5.6145697,1.2153695122154584,3.165066,0.10236462
2020-12-07 09:00:00,16.102904713624298,21.42154,13.091461,11.778416999738624,17.543411,7.5079308,1.627278566698642,3.731909,0.16638464
2020-12-08 09:00:00,18.06392412775216,22.55655,12.785065,11.135744037592291,14.940858,8.74725,3.1035181353514756,6.7395997,0.8904125
2020-12-09 09:00:00,18.278106098759338,24.112457,13.319,12.117279034445275,14.5976715,9.395201,1.7905423034311276,3.86825,0.27785984
2020-12-10 09:00:00,18.07629417472657,22.28653,13.141998,14.467707234537691,23.095524,9.440549,0.7067069017214498,1.3475192,0.10698465
2020-12-11 09:00:00,16.272227625997857,18.723785,11.355652,17.248421158948474,40.884872,7.8848734,1.5962595186884607,4.2043,0.29987547
2020-12-12 09:00:00,12.544301534339468,16.889313,8.922516,29.253433711734363,54.010555,19.299488,1.9604242908248684,7.0036006,0.08242409
2020-12-13 09:00:00,12.653484190368943,17.602966,7.3437805,15.468878840522203,25.686802,4.7874126,2.3800057634224885,5.5584726,0.8626557
2020-12-14 09:00:00,11.138770048045672,17.399872,7.827606,17.504384608196162,30.901644,3.7610188,0.9779403963061793,2.6310306,0.06826051
2020-12-15 09:00:00,12.043001063174074,16.539337,6.8887634,31.179841155690546,38.965088,18.355713,2.776706309277788,5.047916,0.79038703
2020-12-16 09:00:00,12.017376436500967,17.704376,8.030548,22.92422365115948,34.953964,9.910996,1.9698035452570053,4.588276,0.47164205
2020-12-17 09:00:00,14.282046463528332,19.709991,10.219757,29.542004309914457,34.646862,24.982662,1.0547514744192947,1.9713842,0.14542568
2020-12-18 09:00:00,13.135149033776429,16.623932,7.7235413,37.12772123160719,47.67739,27.49105,2.050620080616577,3.9022727,0.2946914
2020-12-19 09:00:00,13.205981959244468,18.30838,9.046661,23.243494169142796,29.627045,13.365325,2.2251761837188906,5.3286858,0.5424646
2020-12-20 09:00:00,15.091540669016638,20.079987,12.26358,12.148459089554288,17.075558,6.6325417,1.8109760631041194,4.782331,0.15761656
2020-12-21 09:00:00,17.91068979980082,23.540436,14.283325,12.671494094243137,18.449764,9.626229,1.7979999908607105,5.052074,0.17919606
2020-12-22 09:00:00,20.279561807336677,24.422516,17.21939,14.546794973409487,23.944313,8.983527,1.293703236116258,2.88252,0.0457047
2020-12-23 09:00:00,18.75754660520539,21.758453,14.027985,11.05389314614388,18.953491,1.9229612,2.0128671937910743,4.688595,0.23006083
2020-12-24 09:00:00,11.250622200060434,18.121307,5.889374,7.957617483140695,12.201667,3.3263426,2.918034850613712,6.857339,0.6926734
2020-12-25 09:00:00,9.737857402383781,16.09198,6.8849487,12.151942270083387,48.727623,4.2213497,1.4479370713147206,4.38698,0.1417498
2020-12-26 09:00:00,14.781389237080134,20.200897,12.128632,24.27061542576189,35.23974,9.487791,1.036015285390107,1.9520278,0.20870577
2020-12-27 09:00:00,16.639448229391917,19.752625,13.022156,29.246257291177763,46.629776,22.165554,1.1798294224515375,2.3852024,0.06303078
2020-12-28 09:00:00,13.132699907158496,17.071625,8.409515,39.51002192442986,53.013504,29.267408,0.9611901587985558,2.8325002,0.030074803
2020-12-29 09:00:00,8.976165248704035,14.39563,2.8274841,57.470253288835615,76.906235,42.664047,1.4086407051086032,2.7095933,0.23671533
2020-12-30 09:00:00,11.482022466564445,15.433441,4.7522583,12.577317406935657,16.87637,8.036526,2.8500377141425894,6.1595197,0.41728386
2020-12-31 09:00:00,12.828336167576538,16.934479,7.4305725,9.677899885622063,18.479033,5.311064,1.479401412103634,2.7940636,0.21530968
2021-01-01 09:00:00,11.971501764439381,16.122711,5.082184,35.06790417634044,49.07093,20.254692,3.4906563872268244,7.6270356,1.5124756
2021-01-02 09:00:00,13.837277705299925,18.85617,6.3612366,30.768046209930553,37.344246,24.973158,1.0073738836875565,2.828875,0.008972181
2021-01-03 09:00:00,14.494853969416852,17.522614,8.704498,37.02253764977376,48.876244,29.899681,0.6901918836799692,1.7032377,0.10739561
2021-01-04 09:00:00,14.752715439051144,17.944,11.633453,30.65603117575208,39.749874,25.809353,0.8671112816602141,2.5388887,0.11324997
2021-01-05 09:00:00,16.803435298680995,19.325348,13.243317,20.489797253658086,31.12202,3.8563948,1.4216999608237693,3.2819006,0.17598774
2021-01-06 09:00:00,16.747752253186263,21.822418,11.923981,16.221572903413527,25.608822,7.300679,1.97324163881457,5.446969,0.1586581
2021-01-07 09:00:00,16.210133199564893,19.499664,12.585602,17.354355046430463,22.640074,12.9044285,1.257404780082428,3.8327098,0.12535582
2021-01-08 09:00:00,15.441362905272285,20.440277,11.524261,11.390587627602889,18.534157,4.223074,1.8227134499374407,4.8777823,0.10511043
2021-01-09 09:00:00,16.173089352924592,19.670319,12.2152405,14.777313133432257,21.743015,4.2195787,2.276973452186297,4.466568,0.38881308
2021-01-10 09:00:00,14.35408475177286,19.519684,9.261047,25.7982591756649,33.288895,8.623877,2.689227647779448,6.4367576,0.98648447
2021-01-11 09:00:00,13.45765325000724,19.200836,8.917633,25.052776178984136,31.31442,18.901926,1.928542571946384,5.1051364,0.29431266
2021-01-12 09:00:00,14.722382566223814,20.871246,9.101715,16.285461078854638,28.355476,10.410164,1.648412535091005,4.442547,0.10147854
2021-01-13 09:00:00,14.303854373501679,19.033356,11.080231,12.9855810064634,20.312115,8.03216,1.495283261844423,4.007983,0.12111099
2021-01-14 09:00:00,17.76764311368879,22.420074,15.27359,17.772813912608736,25.810371,6.313363,2.0050284788625663,4.782199,0.046522792
2021-01-15 09:00:00,20.871224172396808,26.87857,15.730133,13.085496249566152,20.554424,4.754921,3.058467107194228,7.760358,0.663563
2021-01-16 09:00:00,21.81950958458998,28.714752,17.730377,9.119604346353077,15.653247,4.8016844,2.028172817963233,5.165915,0.062063474
2021-01-17 09:00:00,21.953583294972475,27.052155,16.554108,15.272609553072265,23.210665,6.773156,2.544456050496819,6.666198,0.44967693
2021-01-18 09:00:00,21.279657608765376,26.784973,17.298645,9.118778695490349,17.823235,2.4599533,2.0920758511787967,4.822496,0.3618915
2021-01-19 09:00:00,18.803611800255624,23.566345,12.497986,15.117425884886174,22.54935,9.482329,3.7981797992554047,7.327765,1.8803426
2021-01-20 09:00:00,12.822530072821223,17.698456,7.5519714,38.35971769937005,52.917416,26.71429,4.028787257171142,6.8176804,2.0182452
2021-01-21 09:00:00,15.251423410592281,21.140533,9.455353,56.450706248657085,69.6546,36.902824,1.447796163305801,3.2204847,0.08673456
2021-01-22 09:00:00,17.655261773945938,21.121002,12.355377,41.24040112195519,59.685974,23.674461,2.2664080431717064,4.723022,0.89897954
2021-01-23 09:00:00,14.433707174547521,18.75003,7.1738586,49.11947738824156,91.11967,35.82083,3.4052968662359024,6.1065335,0.8158602
2021-01-24 09:00:00,9.653917484038402,16.728424,1.3602905,51.85713872499705,73.831955,38.66744,1.3451482757810356,2.7818077,0.13195197
2021-01-25 09:00:00,11.48830731424681,15.655731,1.9760437,46.091674261241245,78.69326,31.990135,3.6590410298733107,7.3865633,1.5614539
2021-01-26 09:00:00,6.044483565659164,11.257355,-1.5011292,49.21065331323677,68.05873,30.485851,3.4228628725133996,6.987345,1.0027202
2021-01-27 09:00:00,8.805525703390913,12.651764,0.9635315,43.43814888209579,67.00142,28.925919,2.488519050367496,4.2198744,0.8384624
2021-01-28 09:00:00,10.500107670553462,15.86792,5.157593,42.96092289682511,54.759987,18.824879,2.180872179784833,4.183697,0.5542177
2021-01-29 09:00:00,14.83232883495964,21.241852,8.191071,42.809099285213236,63.957413,26.742569,2.9930840418412386,5.159267,1.1592338
2021-01-30 09:00:00,10.883089907834801,15.785034,3.5326233,44.46539760438119,57.00017,32.539074,1.6429485408613411,2.6404684,0.35421592
2021-01-31 09:00:00,13.659392106130724,17.897919,6.0343018,27.577179573610884,35.610092,17.270248,1.8008179047041712,4.145476,0.2923577
2021-02-01 09:00:00,15.186581483403188,21.147919,10.123932,21.275323176866056,27.460962,13.375368,1.6080735633801855,3.8887348,0.14372747
2021-02-02 09:00:00,16.952740574409916,20.229248,9.883545,34.2192042346559,54.11605,26.426216,1.0855645324097698,2.059802,0.11319899
2021-02-03 09:00:00,21.604495034781735,25.899078,12.633453,27.865914033264314,40.15907,15.916881,2.3463484171363795,4.8680534,0.401945
2021-02-04 09:00:00,18.662882372340732,26.661163,11.569366,26.483861040785147,44.29927,16.673027,2.909499850622514,4.7736907,0.1745904
2021-02-05 09:00:00,15.494806427159858,20.086945,11.333893,20.88431010443655,25.601751,12.108448,2.672998743634723,5.955137,0.3869239
2021-02-06 09:00:00,19.376032831145267,22.70816,15.30191,14.405997927902813,20.719887,7.0011377,1.8910549118670656,4.0506105,0.03593981
2021-02-07 09:00:00,20.314852608511444,24.377533,16.858002,10.204545750503657,16.487831,4.6466475,1.1409270798158273,2.5256705,0.19587956
2021-02-08 09:00:00,21.511359133725364,24.678375,16.428375,13.513079690883721,26.103348,6.93151,1.02612133016777,2.3359094,0.1214377
2021-02-09 09:00:00,20.016176260767736,24.424744,15.354431,20.12143039627281,31.144053,12.234331,1.8388479700498803,3.9022632,0.6065144
2021-02-10 09:00:00,16.971614312587633,21.71164,11.762543,28.319928095239042,45.46639,13.325483,1.3479174337720863,3.9742463,0.26178125
2021-02-11 09:00:00,19.75503297202789,24.224579,13.333954,30.351113135235327,41.757996,21.81886,1.6178949917309966,2.8043196,0.20376888
2021-02-12 09:00:00,21.026885528348373,25.129425,15.467316,29.636215082765467,40.082577,21.483727,3.524810580725036,6.765791,1.0950339
2021-02-13 09:00:00,17.83489783516262,22.326538,11.228882,32.6902257610216,49.759594,21.294338,2.9033411712939428,6.432852,1.0261855
2021-02-14 09:00:00,14.15483793021889,21.274078,7.285797,29.603398736535333,52.983788,20.566307,5.36733973204269,7.718576,0.8953027
2021-02-15 09:00:00,14.0068948213476,18.157257,7.9756165,24.541169964603707,48.57581,16.806278,1.9687667839257368,4.610862,0.48935354
2021-02-16 09:00:00,16.121286764559443,19.512238,10.432159,41.13035128352827,65.23351,18.0639,3.7103277424218883,8.236405,0.8353668
2021-02-17 09:00:00,16.241128950192262,21.303009,10.54129,23.180931110610643,43.87202,12.157176,3.1617097117288204,5.2459464,0.09456912
2021-02-18 09:00:00,13.531957847400179,17.886963,7.078369,16.978858893967907,21.341656,11.265499,4.002623052160463,6.7792544,1.6487042
2021-02-19 09:00:00,13.266447130550091,18.62613,9.321716,11.900118773107451,21.297108,4.362192,1.07652715485731,3.012439,0.06333902
2021-02-20 09:00:00,17.98796272112503,20.76828,14.04953,20.311390811829884,27.22895,11.85597,2.8674519762270427,6.1939926,0.0766768
2021-02-21 09:00:00,15.111978223796086,20.842194,8.197662,19.03872923315756,26.515997,12.014749,3.531347235863157,6.1469264,1.4381778
2021-02-22 09:00:00,15.865860290708554,20.900055,10.687653,19.296081116887883,24.039867,10.898098,2.67728686018524,6.032957,0.74383664
2021-02-23 09:00:00,18.985442504047114,24.862213,13.778229,19.41022377747347,24.274548,13.324294,1.566121036646165,3.5666351,0.25039265
2021-02-24 09:00:00,22.42777479456197,26.303864,17.137848,13.956518970809265,20.106682,7.0053997,1.5525662614093894,2.6565654,0.436803
2021-02-25 09:00:00,21.451055424892672,26.45694,16.142487,15.048469557243173,20.938519,8.282268,4.217600415090168,6.8976135,1.1858448
2021-02-26 09:00:00,13.697707366029078,19.549347,10.102081,7.582453104824589,11.185174,4.549958,1.8836254212062975,4.5127006,0.11618774
2021-02-27 09:00:00,19.51202263207807,22.275482,14.890717,9.663030245304974,18.111988,4.033864,1.9871415730054023,5.6373158,0.18600765
2021-02-28 09:00:00,15.440654273928715,20.069489,11.52652,17.767517994703706,27.245115,10.850914,3.719837874210196,6.350264,1.4388511
2021-03-01 09:00:00,12.69381893038809,18.766266,8.6405945,13.027896880841109,15.910965,8.485106,2.0594802316181617,4.3140097,0.43401653
2021-03-02 09:00:00,16.558525980002116,21.404633,11.295258,10.44946918949907,13.86012,7.7708874,1.6523708655271658,3.9139,0.1564661
2021-03-03 09:00:00,19.659481425005538,24.719452,13.815155,14.89688564929968,19.377325,7.6976385,2.110421425427282,3.8687654,0.61725616
2021-03-04 09:00:00,13.602886007737482,18.362,10.257172,35.10212174218656,48.786858,24.142324,2.145156428130665,3.5793574,0.93124807
2021-03-05 09:00:00,19.222566494848195,22.1091,14.775116,23.09028202291843,27.847195,15.323828,1.0298552213343068,2.3021622,0.06551171
2021-03-06 09:00:00,23.36449160702881,27.439758,18.086243,17.248420335981262,21.777,12.606281,1.128734808334339,2.4861372,0.15819488
2021-03-07 09:00:00,22.582538938655716,28.955261,16.359558,17.615689808965755,39.30246,9.0641775,1.6606898756864814,3.6377451,0.23517044
2021-03-08 09:00:00,20.747192095484138,28.334991,14.618195,27.32730712681057,46.20295,13.043314,2.673639789030586,5.84101,0.49489534
2021-03-09 09:00:00,19.83215544500331,26.887604,11.582916,26.501861731578614,75.86744,17.051033,4.277694612053213,7.8435693,1.6416664
2021-03-10 09:00:00,15.467893945241883,22.119781,6.8561096,24.241790265861518,53.574192,16.19138,4.232813583514668,7.5999904,2.0446165
2021-03-11 09:00:00,11.426811331472436,17.162018,2.8866272,45.20075194115611,83.26573,30.601671,3.2073350816543336,5.6087537,0.849125
2021-03-12 09:00:00,10.247641587721319,15.205475,2.613678,54.769933381876385,75.99737,42.673897,1.2754597344569492,2.4075785,0.18797171
2021-03-13 09:00:00,10.997245867684967,14.4652405,4.7938538,36.110147478862594,63.29039,22.48334,2.649050695668861,4.9326496,0.33967075
2021-03-14 09:00:00,16.790653871344716,20.155182,9.904449,22.224194247449432,61.0726,7.694767,2.4268713050367907,4.7187824,0.09618721
2021-03-15 09:00:00,19.888435934515712,23.687408,10.415924,29.238050095060075,79.354576,13.53923,3.947006474893034,8.159926,1.5372597
2021-03-16 09:00:00,12.534290940228004,22.116364,5.865387,46.011056053860855,65.28208,26.579517,4.490554337100293,7.4252205,1.378897
2021-03-17 09:00:00,16.093616824001856,19.382446,8.017212,37.796312579060334,48.552265,19.59026,1.046150155919872,1.8028346,0.4658122
2021-03-18 09:00:00,19.050925409606236,23.041412,12.930817,27.17484955817425,33.891464,14.319343,1.1035352284917377,2.1291857,0.07492928
2021-03-19 09:00:00,23.01675425573194,27.075348,16.546051,18.643400989479257,35.87458,6.4785595,1.8694788356696108,4.48467,0.2648579
2021-03-20 09:00:00,24.64177748760585,29.159576,16.364655,31.921858937705654,68.49035,18.080194,4.059532187534221,7.348104,1.6977845
2021-03-21 09:00:00,19.18600196233433,27.942535,11.43277,19.553704074971776,48.660713,4.6675973,3.175860071829536,4.9358654,0.41831207
2021-03-22 09:00:00,17.57457222377161,23.803131,10.8072815,17.124817064354907,22.958557,10.733007,3.1190156759548895,5.575341,0.6060331
2021-03-23 09:00:00,19.644334773404807,22.859528,13.226715,24.515815098413217,57.235477,15.755008,3.5942544068213516,7.964772,0.69106907
2021-03-24 09:00:00,15.783494384334347,19.824371,9.220367,26.44309117406087,34.2774,17.277401,5.656619792075982,7.989214,0.36096895
2021-03-25 09:00:00,18.33252689138584,22.783356,12.851715,12.238560880476404,18.97984,8.538433,3.0799801371717286,6.918556,1.0639926
2021-03-26 09:00:00,16.281144375312408,21.214264,7.496002,35.377206672722394,69.05463,25.077837,2.7945853166475594,4.943802,0.9605047
2021-03-27 09:00:00,18.107782177448314,21.728668,11.767975,18.410180403992317,25.310436,12.591107,3.2810262214968793,5.683614,0.36489314
2021-03-28 09:00:00,22.56547231231923,27.482574,16.800934,17.497729396847678,23.182026,11.674213,1.4119815514057563,3.638722,0.098585226
2021-03-29 09:00:00,26.72334480788993,30.268707,21.442535,11.191992843096639,14.043084,6.288827,1.5731330869021425,3.248211,0.23020488
2021-03-30 09:00:00,27.78836391067682,32.44937,19.927887,9.415843179576013,26.294884,5.6542597,2.3788326274339195,4.426146,0.19102389
2021-03-31 09:00:00,21.530633823635185,26.344635,16.020416,7.926076337722148,9.723741,6.169053,3.754167415474573,7.472139,1.9280118
2021-04-01 09:00:00,23.19572010985138,28.953766,17.461578,7.46466964167688,9.143786,4.9078255,2.4867348411955406,5.080134,0.45197368
2021-04-02 09:00:00,25.40920466786963,32.019928,19.867584,7.522552502301137,10.083108,6.040139,1.3052999762167303,2.7863379,0.21424416
2021-04-03 09:00:00,29.96869371020233,34.540924,21.92569,9.240477007019363,12.281916,3.8407555,2.2934020445769887,4.222815,0.70826226
2021-04-04 09:00:00,30.684781351720346,36.325592,22.31192,6.72032807610289,13.751261,3.5124283,2.8121801028622606,5.650739,1.1737139
2021-04-05 09:00:00,30.892960568656008,36.348053,22.898834,9.341079863618015,23.316795,6.469139,4.457395500106321,8.488815,1.4616987
2021-04-06 09:00:00,27.73471173152916,35.70108,18.908112,15.199045394751456,34.13235,7.308132,3.8560220263610088,5.9866214,1.2003263
2021-04-07 09:00:00,26.033862600464488,30.527985,21.675934,12.183524137571316,24.98615,6.6084146,1.3624730638449507,2.8880973,0.29014608
2021-04-08 09:00:00,29.457409220037846,33.341217,22.741608,15.638585757971962,36.721962,12.090936,4.125759300252141,7.949486,1.5534656
2021-04-09 09:00:00,27.26069394248566,33.441315,20.564362,12.231912336612247,21.646494,5.5231953,2.6985382436299497,4.221031,0.43265215
2021-04-10 09:00:00,28.384829952896496,33.512115,22.66446,10.693429265804806,20.427773,6.201211,2.182448400226631,4.364748,0.7584013
2021-04-11 09:00:00,28.4751682360029,33.26065,22.498932,9.594222575468066,26.921625,5.386713,1.7575707025236365,3.4294455,0.52774733
2021-04-12 09:00:00,28.76404752687489,32.9274,21.898102,11.231964436911069,34.082993,6.5190945,1.5042220382483666,2.9204783,0.27632123
2021-04-13 09:00:00,28.268761722219153,32.907135,18.770416,16.670741548761352,60.087017,8.011167,3.509897277694377,6.97835,1.4064
2021-04-14 09:00:00,25.054336894970106,30.080963,14.073151,24.031569925333898,74.122925,11.76746,5.163063897177497,9.408789,2.127415
2021-04-15 09:00:00,22.822534642395,28.553131,13.906647,19.46718550439703,47.39993,11.224818,3.4981989588560354,5.2696524,1.4516737
2021-04-16 09:00:00,22.150950012969474,27.079742,16.857086,16.901029835940015,31.36686,11.156837,1.2773554787088253,2.2942872,0.104898505
2021-04-17 09:00:00,24.207184292673844,28.895905,16.89981,15.807968629094464,33.430717,10.702498,2.188645803119598,4.7304854,0.072246924
2021-04-18 09:00:00,22.776769894391123,27.2565,15.41861,14.226539551200908,18.760368,9.370824,4.103190685625507,6.7025857,1.2135582
2021-04-19 09:00:00,24.915666891276658,29.867096,19.927887,8.182202234848589,10.052226,6.5287886,1.7571757070420682,3.4556565,0.18216038
2021-04-20 09:00:00,29.421547465842536,32.404694,22.244537,8.607163052121745,19.799856,4.5034647,2.270870501053437,4.7633,0.7110902
2021-04-21 09:00:00,28.662089308671796,33.256744,19.864166,11.795968988858995,39.65712,3.5436077,4.641016574077844,8.81322,2.0689945
2021-04-22 09:00:00,22.57490423129161,29.396637,13.7586975,28.102373891146073,86.67592,15.059943,3.639689989563537,6.4373493,1.2777939
2021-04-23 09:00:00,24.068300937522167,28.694977,15.562164,21.254881795130665,59.885136,11.679811,3.468908906914585,6.5176525,1.5791955
2021-04-24 09:00:00,26.468794325370993,30.830719,16.93814,21.71139953105062,64.43614,12.175652,3.7916824823119555,7.4969583,1.1704262
2021-04-25 09:00:00,26.31200327622531,32.200104,17.45987,26.32521511447707,71.55867,13.421951,4.948062228836604,8.717559,2.1000698
2021-04-26 09:00:00,22.893223465419567,30.735016,13.8385315,29.86274462136524,70.95942,8.832261,4.679109263717773,7.630182,2.8258429
2021-04-27 09:00:00,17.783591822713674,21.573883,9.147369,38.29167202551635,79.98514,22.433903,2.7222618646700067,5.16371,0.7482312
2021-04-28 09:00:00,21.331889153722898,25.261383,15.153961,22.327116718636834,32.93551,15.300107,3.5762114074435605,5.804901,0.37159476
2021-04-29 09:00:00,27.394294982281565,31.261871,21.644684,11.34284504792595,20.4799,6.3770895,2.675299858781547,4.9343004,0.6174397
2021-04-30 09:00:00,31.76220689688057,35.870514,26.225983,11.065545705927244,13.829451,8.048455,1.2406444757419635,2.9893303,0.2333163
2021-05-01 09:00:00,35.31224870007975,38.69278,28.503326,9.121557630280995,13.871636,6.486189,3.144691716550456,6.446551,1.5080376
2021-05-02 09:00:00,30.88496519145201,36.61734,21.02359,10.850007137084297,23.126026,6.93462,4.588432007303587,8.643571,1.9261066
2021-05-03 09:00:00,27.931545965236182,34.4252,18.487701,14.97215580530986,31.469728,8.199605,4.196805561873012,6.2796593,0.7707309
2021-05-04 09:00:00,26.936454984984437,31.56314,22.039215,11.358539019678634,17.941088,6.483163,1.477349587637288,2.6610076,0.32033116
2021-05-05 09:00:00,31.443649264339626,34.878815,25.371002,12.11166431025721,16.307163,9.553258,0.8053894846979208,1.9218659,0.091389604
2021-05-06 09:00:00,33.17291184323187,36.382477,26.232086,12.387192797582696,21.524704,5.8185616,1.8816564231021622,2.9661567,0.9488413
2021-05-07 09:00:00,32.77396718406169,37.48697,21.68814,15.159873461225834,34.142426,10.303921,3.4962427321402454,6.413233,1.7422887
2021-05-08 09:00:00,30.155810970103687,35.06607,20.706696,17.152445687294268,41.00088,8.578082,2.5880655375607513,4.7472157,1.0841789
2021-05-09 09:00:00,29.997066814355037,34.55606,22.110748,12.19345518040646,42.96882,6.7656937,1.5704400078927505,2.8713107,0.403912
2021-05-10 09:00:00,30.19273007287768,34.60562,21.199371,17.046608283598477,62.644733,7.746295,1.8023519761416835,3.8031096,0.1965816
2021-05-11 09:00:00,29.934841453904482,34.342926,20.206207,13.613149753747757,30.468634,5.702923,1.1844435180885404,2.2867198,0.16717352
2021-05-12 09:00:00,31.076363840949796,34.829742,23.974274,11.855929095277416,20.161299,8.040205,0.6019103404935282,1.8371838,0.043406613
2021-05-13 09:00:00,33.63580609540844,37.474762,23.349762,13.319173179017053,24.653381,9.011516,2.0550325534203404,3.3297713,0.86311144
2021-05-14 09:00:00,33.56179505618309,38.065582,22.967926,12.787197366851828,20.921223,6.022786,2.3849892014744616,4.5242186,0.8618898
2021-05-15 09:00:00,33.66408822226384,37.995026,21.957916,12.030919396790509,28.538998,2.7256289,3.960802008211154,7.508177,1.3343637
2021-05-16 09:00:00,29.127513501856356,35.36563,18.449615,18.93904718349719,75.154366,7.972438,4.5674457496949445,8.290837,2.766771
2021-05-17 09:00:00,23.830935428141117,29.443756,16.401764,34.63553671864228,79.25314,21.974117,3.0072983093146184,6.0642924,0.9425406
2021-05-18 09:00:00,28.620268252952542,32.342926,18.971832,23.953178155406295,35.637524,15.859081,3.1350610371945105,6.1412845,1.0172813
2021-05-19 09:00:00,32.66676640314989,36.788483,22.08731,15.112204243239571,37.245625,7.6479673,3.432885235300202,7.323666,1.5341514
2021-05-20 09:00:00,31.81909649013187,37.506012,20.86148,15.9006859110439,64.62437,7.7454634,5.786544717863399,10.276047,2.1744137
2021-05-21 09:00:00,25.341985522232733,33.421783,15.777252,16.69673270771899,42.5171,5.9782553,6.437092454941198,10.386342,2.249484
2021-05-22 09:00:00,19.09872966970204,24.841705,13.099518,17.03826303052577,46.152145,11.83037,3.2964647779505074,5.58223,1.1562195
2021-05-23 09:00:00,21.255639596788512,25.896393,16.441315,19.157927191051257,37.413734,13.579804,2.3972948324006973,5.0107274,0.46717748
2021-05-24 09:00:00,25.658506177318998,30.467926,20.209137,18.394932349228004,22.586279,14.227019,1.41224388360044,2.2236276,0.517323
2021-05-25 09:00:00,29.97484774025577,34.658356,24.297028,14.398289859583485,21.166885,11.006729,1.2447576263949385,2.7945256,0.19402675
2021-05-26 09:00:00,31.961144732599507,36.78238,25.028473,13.278992104969076,22.297157,8.98358,3.0240566842023524,5.582053,1.1626611
2021-05-27 09:00:00,31.485714032804196,36.11905,22.58194,13.977533947953269,24.243248,10.755588,2.3118952281874305,4.487479,1.1333543
2021-05-28 09:00:00,32.88277146233139,37.188385,22.639557,14.158756978681387,25.30299,9.099832,2.240239775926326,4.5339828,0.91315717
2021-05-29 09:00:00,33.54455372751937,37.74942,22.610748,12.902491139642411,29.797997,8.426904,2.3573129712451157,4.82761,0.77824247
2021-05-30 09:00:00,32.28287570735114,36.809723,20.71402,17.570238791359426,36.733566,11.008258,1.6239673419515013,3.7011697,0.07763167
2021-05-31 09:00:00,34.41128440812946,37.910797,22.635406,12.723013733010735,23.898434,8.855465,1.0500006858451978,2.6537247,0.16133963
2021-06-01 09:00:00,35.73541693532803,39.082428,24.685944,10.760957218160188,18.262005,5.9176025,1.2291734644201002,3.2848346,0.087616354
2021-06-02 09:00:00,36.949546012495034,40.461334,25.381256,10.65714423607385,22.425243,8.17824,1.8651688681574006,3.6556356,0.6787515
2021-06-03 09:00:00,39.46167944133629,42.56192,25.694733,10.965328101764092,21.823967,8.384972,2.8573483541213065,5.212142,1.0831645
2021-06-04 09:00:00,39.55942273484811,43.088043,25.76773,10.392615172135136,18.165699,7.6197824,3.2414815911815285,5.401467,1.6386389
2021-06-05 09:00:00,39.19605798326489,43.09073,25.782135,11.545442565007372,21.497963,8.267494,3.4758668067509246,6.242667,1.5342445
2021-06-06 09:00:00,38.58438242103654,42.91397,24.908112,11.426740137372565,21.247862,7.692008,3.5817719403403636,7.0525417,0.9948157
2021-06-07 09:00:00,35.37146745230916,39.899323,21.911041,15.287243937417527,35.29442,7.989732,3.658162607153267,7.1316056,0.3379158
2021-06-08 09:00:00,30.38464335785517,37.32364,19.260162,20.453879744664643,56.333637,4.6656685,3.872854730539024,7.550756,1.4808664
2021-06-09 09:00:00,30.808350775009274,35.81436,22.200348,20.401910698860686,38.710808,13.062981,3.033934114082279,5.698337,0.53103423
2021-06-10 09:00:00,30.922211874275717,36.843903,22.089996,14.645565916173545,29.0401,1.2892122,3.5222600947197553,6.2642245,1.7779591
2021-06-11 09:00:00,28.329372356941064,34.590973,24.167877,9.2991792245648,18.284864,4.917967,1.8134492488521765,3.675801,0.4979336
2021-06-12 09:00:00,33.456806436309364,38.350006,26.65274,8.159122112751435,17.529812,5.736272,1.46192928031782,3.3030581,0.21221633
2021-06-13 09:00:00,36.9336744919932,42.01822,28.416656,8.727871883521576,15.456708,5.8434563,1.7150323454080743,3.784595,0.1309171
2021-06-14 09:00:00,39.082115834940055,44.266754,29.261139,7.396912076847232,13.824604,4.03621,2.4717536775367153,4.7036605,0.3510024
2021-06-15 09:00:00,39.81637076026192,44.072906,32.244293,7.217473088224246,12.109409,4.9062843,1.9293180096665132,3.930463,0.69973373
2021-06-16 09:00:00,42.136681991092416,47.96817,34.5502,7.828911819447655,10.014204,5.986149,1.899365319213012,3.4893124,0.2620801
2021-06-17 09:00:00,43.18136388197291,46.601227,29.769196,8.695628596576404,16.276695,6.327092,1.493778988346106,2.5269194,0.28152642
2021-06-18 09:00:00,42.37474378367682,46.699615,30.617584,9.425257817574595,19.388063,4.6458755,1.4328421816565062,4.077022,0.0033532404
2021-06-19 09:00:00,42.532575305835394,47.950836,28.07779,10.374081772583294,21.79282,6.749851,2.248367760663977,4.761484,0.31153315
2021-06-20 09:00:00,42.59123306106909,48.057526,28.49112,10.444375284686961,21.6719,7.625139,3.712347207481833,6.6325674,1.7044779
2021-06-21 09:00:00,40.517850298552105,46.369537,26.810944,10.263892012854392,21.749266,6.3742657,4.391257238875802,7.5772414,1.707716
2021-06-22 09:00:00,39.08541218693688,44.20865,27.794586,13.164450886754587,22.064747,9.648042,3.3122697943323036,5.4930305,1.5263044
2021-06-23 09:00:00,36.93801775049144,41.13687,26.888824,16.363343161581927,24.01426,10.748634,3.1791830150977596,4.706618,1.0409793
2021-06-24 09:00:00,30.28796480642444,36.26065,24.71939,29.832041330099795,37.47805,18.503422,1.5450347520391283,3.742729,0.43256575
2021-06-25 09:00:00,33.93556604125365,38.25235,25.762115,18.066226185029567,32.200554,5.2280293,2.2350349497067388,4.757839,0.21802005
2021-06-26 09:00:00,35.975337793613505,41.164703,27.437897,10.825003472065205,17.448296,7.764701,1.609238537132841,3.5724614,0.17660159
2021-06-27 09:00:00,39.98950780045345,43.92276,30.943756,12.77890565114945,16.621326,10.7299185,1.510967207413873,4.01615,0.22791874
2021-06-28 09:00:00,40.9839360614161,45.3981,29.107086,13.107375633523912,15.70453,10.0906315,1.703565139399434,3.653382,0.18451107
2021-06-29 09:00:00,40.122228876005636,43.775055,29.155914,11.054899223353463,24.223473,6.118003,1.7556938866674416,3.6204553,0.69118935
2021-06-30 09:00:00,36.21304024670792,40.19937,26.034576,23.297761070794493,33.346508,15.028299,1.9676016972291024,3.5236177,0.060312383
2021-07-01 09:00:00,36.72308283980993,40.24527,28.24527,18.017303397095304,31.10297,7.703641,2.2766087107830817,4.5870643,0.8676461
2021-07-02 09:00:00,39.27438006723105,42.40567,30.71817,12.178566807108526,19.251122,7.072502,2.3345067645463287,4.453692,0.65323126
2021-07-03 09:00:00,39.05772398256846,42.420563,28.748688,12.385598445183428,22.305286,6.3714237,2.346851444471662,3.9887314,1.1465571
2021-07-04 09:00:00,37.35341145364225,41.31656,29.033356,13.974889881987792,31.656807,7.4897995,2.283015962236579,4.593474,0.735339
2021-07-05 09:00:00,38.571222652182314,42.30655,27.7128,12.202917749541301,18.658169,7.439418,2.621720217172761,4.8374395,1.5799254
2021-07-06 09:00:00,39.180711669109655,43.592194,27.832428,13.10925042736457,16.593792,8.689634,2.183172407949589,3.9836175,1.2813133
2021-07-07 09:00:00,40.81882050848236,45.124176,28.608551,14.632088399848971,17.970308,8.706329,2.162009519518912,3.753446,0.9237606
2021-07-08 09:00:00,41.55000296742122,45.235504,29.808746,17.901799053713045,24.074303,12.738365,2.672859452050814,4.46807,1.0252866
2021-07-09 09:00:00,41.48792584169075,45.312653,29.490387,18.751755085563744,28.257734,12.500479,2.387807467839039,4.5836535,0.7403421
2021-07-10 09:00:00,42.85786438781656,46.63394,31.217926,15.051955777902334,22.600796,8.994509,2.6215060728934114,5.131301,1.178749
2021-07-11 09:00:00,44.413049530300384,48.181305,29.655914,12.788350978470456,24.317183,9.33843,2.0614306999127683,5.116506,0.5930342
2021-07-12 09:00:00,42.74568921202672,46.131744,29.129791,16.69270351328374,30.604176,7.9347124,2.3492033445137763,4.982624,0.7193164
2021-07-13 09:00:00,41.525427527585634,47.056793,29.103668,23.25447826199952,38.91407,7.1738853,2.6752868276973576,4.456344,0.7498004
2021-07-14 09:00:00,38.865522306190655,44.866608,28.472076,28.67050524846658,41.738518,15.031487,3.411488248876951,5.767079,1.715879
2021-07-15 09:00:00,36.96652152337043,41.005768,28.722565,32.51698147105955,40.344334,25.202007,3.0027307113960138,5.683189,0.6507364
2021-07-16 09:00:00,39.01888942053296,43.297516,29.570953,22.11698343655411,28.743673,16.688206,3.099376326917197,6.391888,1.2330309
2021-07-17 09:00:00,39.13178611528065,42.806793,29.002106,20.73867609304917,32.5334,16.70017,2.8832196087343522,5.300306,0.9118085
2021-07-18 09:00:00,37.38319257275674,41.82852,30.117584,23.813707449272663,42.034657,14.511218,2.386388442699082,4.423621,0.5850162
2021-07-19 09:00:00,35.711547727303525,39.876617,27.513092,31.64579315500458,52.045963,17.642857,1.6757341860702601,3.446096,0.16978626
2021-07-20 09:00:00,36.95548935121269,41.161774,29.855133,27.580444011774667,43.064747,17.63015,1.6290197331423015,4.298179,0.10685901
2021-07-21 09:00:00,39.636873016838535,42.5336,31.271881,21.940360111064358,32.618507,12.634133,2.2688057295096686,4.6488743,0.340893
2021-07-22 09:00:00,38.33105404192719,42.308258,28.75113,22.972094161254038,30.98862,17.754246,2.2209971265983057,3.9497216,0.68427426
2021-07-23 09:00:00,36.84316734162047,41.372955,28.36441,31.15002246065267,43.70825,24.15519,2.5866863229746464,4.360234,1.0379624
2021-07-24 09:00:00,36.507550440036084,40.503326,29.06192,27.794929003875442,42.521458,17.813404,2.8434061721514774,4.55228,1.0676378
2021-07-25 09:00:00,34.798211012638774,39.472076,27.18106,34.25248562925674,62.217655,16.872255,2.7999149082951487,4.5719705,1.2744321
2021-07-26 09:00:00,34.67078388670848,39.91861,26.445953,48.68118601698075,73.13263,15.841882,2.482758756487775,3.6638699,1.0165088
2021-07-27 09:00:00,30.95793264349453,37.8273,26.294586,47.18106754060106,58.80701,33.334354,0.9779233099497425,1.6633419,0.17013916
2021-07-28 09:00:00,35.23807954327839,42.12613,28.417145,25.18929034939226,37.21805,16.691986,1.229059287517976,3.4508553,0.2004893
2021-07-29 09:00:00,36.28684697814481,40.302155,28.793121,22.04629019931845,28.519522,14.390232,1.6262100843762526,3.993926,0.37451744
2021-07-30 09:00:00,38.36107150245573,43.976227,30.562164,24.5778939615688,44.59159,13.536299,1.496906982239807,3.3446572,0.117476515
2021-07-31 09:00:00,33.547683329927736,37.214996,26.261871,36.36050909080517,51.1065,18.677765,1.2166595004610121,3.1613317,0.15731555
2021-08-01 09:00:00,35.288118538919605,39.652252,28.850983,30.141050583213502,47.348648,17.019318,1.0944565936901205,2.656808,0.093860485
2021-08-02 09:00:00,38.515908059854326,43.999664,30.778717,16.41554526694186,30.561188,8.133379,1.5571484101074047,3.9452646,0.115471505
2021-08-03 09:00:00,40.4174598568992,44.768707,33.65152,14.20451222163662,17.760828,10.114849,1.3133240144064935,3.1394687,0.204591
2021-08-04 09:00:00,41.43693643659924,46.114655,32.95645,12.616631740756311,17.580288,8.729649,1.3980142996737512,2.7738578,0.024605628
2021-08-05 09:00:00,42.47785831342907,47.689606,32.271637,11.43706474512728,19.367474,7.154133,1.9974669985971119,4.4130964,0.44521046
2021-08-06 09:00:00,40.84526016391129,44.93814,30.205719,12.446736194679488,20.090864,6.5003815,3.261394931728185,5.2383122,1.5150363
2021-08-07 09:00:00,38.56268293669888,43.416412,28.086334,9.01514186406967,19.559155,3.652193,1.9145439330311822,3.81632,0.69225425
2021-08-08 09:00:00,39.185949616684354,43.033356,28.103668,8.433148816128604,15.880504,5.9334097,2.31309211323496,4.6791134,0.18439989
2021-08-09 09:00:00,39.23301170010785,42.883453,29.877594,13.932585178254987,22.827679,5.550335,3.1259627492494277,5.6619406,0.572212
2021-08-10 09:00:00,38.286554716257,41.53897,30.042877,20.26209727893785,32.12284,10.646279,2.540200307131546,4.2038846,0.96568286
2021-08-11 09:00:00,38.08789373177501,41.996002,31.992096,25.475862116925864,55.036755,7.2113075,2.581162226434512,5.263045,1.2084249
2021-08-12 09:00:00,35.70419209612004,39.25772,29.578278,32.61603022516243,56.37744,13.9092865,2.538141573059709,4.8273835,0.9083763
2021-08-13 09:00:00,37.58441385113457,41.045074,31.019684,25.167936781480833,51.9863,9.984751,2.488263451799297,5.614111,0.30363825
2021-08-14 09:00:00,38.08898117794348,41.953766,30.002594,24.90054835959437,43.261936,11.285322,2.12888446951818,4.160711,0.1824053
2021-08-15 09:00:00,37.14543849397711,40.532867,29.52481,24.937550728376987,46.654118,11.802556,1.8228514038074335,3.300029,0.34187043
2021-08-16 09:00:00,39.76271772354187,42.426666,32.12393,22.243135311663405,52.476124,8.636281,2.013259923927802,3.7371337,0.2559491
2021-08-17 09:00:00,38.4862854673907,42.605133,29.652008,25.977845748166814,47.23304,9.787729,3.650541431004104,6.803211,1.7133514
2021-08-18 09:00:00,37.16098896745552,41.72867,27.11148,36.284426459799256,73.06706,14.565682,4.730006366018216,8.157108,2.0618925
2021-08-19 09:00:00,32.99437649337307,38.413483,23.448639,34.181752635858416,80.01415,17.711628,3.410518207285475,5.5983906,1.7053194
2021-08-20 09:00:00,31.76794046544876,36.82901,25.407135,25.233684282739116,54.667294,12.57832,0.9179550031185341,2.7236154,0.0098689785
2021-08-21 09:00:00,33.289313426601325,38.3356,26.23404,32.43471468442753,56.40596,21.452728,2.566461273333739,4.4157443,0.36720806
2021-08-22 09:00:00,33.65172080180412,39.54239,24.616608,26.220006002764574,54.68719,7.064682,2.4352609357222437,3.9971058,0.5775713
2021-08-23 09:00:00,34.48987495366248,40.222076,25.753326,17.485862922145568,34.227127,8.36745,2.0092677691967378,3.1982255,0.27611977
2021-08-24 09:00:00,35.62115759670883,40.51895,26.925201,16.594165306542617,23.54078,7.346138,2.5423246239353765,4.2488427,1.0755315
2021-08-25 09:00:00,36.618531966764806,41.474762,28.543121,11.448655029786664,16.781837,7.806836,1.900894942301268,3.69687,0.2531817
2021-08-26 09:00:00,37.85952119651222,43.553375,30.705963,15.436123774451085,20.748905,7.48184,2.423409720415845,4.7892013,0.73381835
2021-08-27 09:00:00,38.69579637246312,44.266754,31.733551,9.022801091129594,19.288801,4.46089,1.6740790282018598,3.5081558,0.4310737
2021-08-28 09:00:00,40.24209871629796,45.560944,33.42032,10.133115141559497,13.95471,5.1812725,1.5431653223864146,3.07058,0.12339742
2021-08-29 09:00:00,39.53012690254161,42.789215,31.183746,14.565270784055672,19.171076,11.629301,1.3392307674362578,2.830879,0.18618426
2021-08-30 09:00:00,39.499489574117206,43.44156,28.234528,15.731957316730593,28.626074,11.05765,1.8029878141140394,3.7066047,0.39304993
2021-08-31 09:00:00,38.49328376902781,42.125885,27.98526,22.92109472126814,40.08766,10.236097,2.5953232042111796,5.734369,0.56353253
2021-09-01 09:00:00,32.80167059107913,37.21817,24.171295,29.160749972737996,52.668884,18.875914,3.0196064549312296,5.613102,1.3659061
2021-09-02 09:00:00,32.807320811720615,36.70694,24.417877,26.511986281679587,60.68392,8.415103,2.542139114578057,5.284191,0.16481735
2021-09-03 09:00:00,34.40496867833741,38.019196,26.448883,16.062748563952535,29.09562,7.3145857,2.005549259381693,4.5283513,0.2544513
2021-09-04 09:00:00,34.48505282038445,39.079254,27.694489,10.921486765055054,16.781954,6.9380627,1.6070481787626258,3.088713,0.39315623
2021-09-05 09:00:00,36.427396850949435,41.305817,29.858551,9.627686083654195,15.165918,7.13103,1.1680028540968104,2.5022523,0.29987687
2021-09-06 09:00:00,39.16868398173051,43.888824,32.506012,12.561959778390378,17.359,5.851866,0.7507828950398138,1.5398089,0.14910729
2021-09-07 09:00:00,38.8016857426,41.71646,29.525055,17.393338877073916,32.285088,11.718681,0.7759989692150768,2.1168,0.18115216
2021-09-08 09:00:00,40.57032186342644,43.40323,30.930573,14.683268734407038,24.353954,9.870111,0.7688880955216453,1.8942425,0.1518889
2021-09-09 09:00:00,39.87483822115428,43.70352,31.885162,15.177667002579998,30.067638,8.173108,1.7538253867778442,2.9487383,0.7171473
2021-09-10 09:00:00,38.926498560371215,44.191315,31.20694,22.54004840067759,39.900257,14.943227,1.8183798621831235,4.024927,0.5653869
2021-09-11 09:00:00,35.917852290330984,39.830475,28.552643,27.463953060476012,36.256084,16.97874,2.513926089604166,4.5653462,1.1745462
2021-09-12 09:00:00,36.73533424878798,41.48111,30.373688,22.35208575480528,32.952686,15.331399,1.9583884322366547,3.8480248,0.47652525
2021-09-13 09:00:00,37.71038447129666,43.02408,30.78189,13.56668233686229,24.57298,6.2508287,2.181734076041232,4.334689,0.3640977
2021-09-14 09:00:00,38.15295875567131,42.84195,30.513824,10.291709137585105,17.415417,5.572526,2.197065847097334,4.099248,1.0522794
2021-09-15 09:00:00,36.534748125172655,41.563873,27.485748,9.959261877259566,16.18776,5.2130966,1.6684445326396096,3.0893028,0.37987968
2021-09-16 09:00:00,35.572294393441155,40.210846,26.533112,8.703320749884115,12.804472,3.6755657,2.212449368100817,4.334003,0.34047145
2021-09-17 09:00:00,34.74777123556521,39.602448,24.498932,9.358570733513291,18.70509,5.255872,1.710025633418859,2.7342544,0.09898023
2021-09-18 09:00:00,32.75642387206199,38.107086,25.585602,21.59811005519734,35.29333,14.087941,2.439693525937794,3.7377052,1.1306103
2021-09-19 09:00:00,32.74493493242329,37.32242,24.918121,13.446320514562164,30.523418,7.0904884,2.9808666647167854,6.1324625,0.85886884
2021-09-20 09:00:00,32.23828894058721,37.93106,25.257233,17.64720229566201,34.770905,7.889436,1.077922236673521,2.7768252,0.07500733
2021-09-21 09:00:00,32.18144387790022,36.83072,26.527985,14.764675930349663,20.485258,10.215727,2.5112972662408763,5.269855,0.37919435
2021-09-22 09:00:00,33.93698882311742,38.565094,28.979156,13.168680617340714,27.967922,9.564932,0.7883631293447915,2.0252545,0.06640939
2021-09-23 09:00:00,35.08912879085307,38.886383,28.011383,19.366238800129118,33.27791,12.727266,1.815866489314409,3.9635022,0.28053775
2021-09-24 09:00:00,32.33171859502943,37.21573,23.799713,22.34320875204269,33.237,14.006857,0.9771751375528175,2.6614707,0.09884547
2021-09-25 09:00:00,30.038212395057087,35.58853,22.508698,28.80326641236942,48.502197,14.262735,1.397227829027329,2.3793004,0.14078598
2021-09-26 09:00:00,30.3953374971461,34.3295,23.308014,38.271771252635524,59.588333,18.120207,1.646130932755316,3.2604837,0.37333927
2021-09-27 09:00:00,31.30010132820405,35.31021,21.607086,32.009915606472866,58.94396,22.69065,2.453111738584016,4.7158737,0.76353645
2021-09-28 09:00:00,30.005096285395496,34.05948,20.112213,30.773130495370154,56.219707,18.856426,3.7408163559662886,8.499091,1.3144797
2021-09-29 09:00:00,27.501553273746936,33.75235,19.564362,22.298031629568985,49.870346,11.31037,2.130750064844285,4.600565,0.11184394
2021-09-30 09:00:00,27.22512518438191,31.430084,20.904694,10.935899004669459,18.613752,7.2387533,2.8722887742345895,5.6365376,0.12803242
2021-10-01 09:00:00,27.704180910825187,32.295563,21.45523,10.163724653301555,17.905167,6.5200853,1.6941230456552558,4.2194843,0.26044357
2021-10-02 09:00:00,28.78552004473198,32.97354,23.414948,11.013036845159574,21.661245,7.2180233,0.9506394269331689,1.720838,0.201811
2021-10-03 09:00:00,30.391319266918174,34.858307,23.793854,15.449513404083696,20.915127,10.45419,0.9816109288346975,1.9621315,0.27021652
2021-10-04 09:00:00,32.256560761617436,36.2128,25.816315,17.882838770013084,21.353436,13.712942,0.727383062958935,1.8345002,0.11724207
2021-10-05 09:00:00,30.43306325632301,34.630035,23.790192,19.199390406601015,29.58043,14.658553,1.1850580909477797,2.9590917,0.31988484
2021-10-06 09:00:00,27.105147808282993,30.79776,20.786285,37.9086304699984,59.35264,24.50236,1.6398238072300688,3.281713,0.57789487
2021-10-07 09:00:00,27.3363191793336,31.60904,21.044586,38.271744173995415,56.52824,23.920818,1.7915942609363524,3.303091,0.31183273
2021-10-08 09:00:00,25.031105088119432,31.353668,16.73648,38.6121880024481,66.48497,23.067001,2.8267697170180233,5.2228103,0.65818816
2021-10-09 09:00:00,21.543831719369166,27.104156,15.740143,31.866357680319894,56.70278,9.752976,2.781267894514788,5.260038,0.9850448
2021-10-10 09:00:00,22.71318864366276,26.36026,17.40738,21.16922088836461,26.966656,17.94736,2.745366038745694,4.670918,0.5145912
2021-10-11 09:00:00,25.043073415838705,28.173492,21.142242,17.973031644126888,25.48344,13.548236,2.423719214305085,5.6708765,0.6340932
2021-10-12 09:00:00,17.602897856018558,28.47525,9.084625,26.382733373840423,37.375816,20.307384,5.482648758596473,7.534904,1.8686391
2021-10-13 09:00:00,16.932959290254303,20.631256,12.399567,24.544843180593563,38.151127,18.09644,1.5709233543828633,2.7995033,0.31732196
2021-10-14 09:00:00,19.95596148610008,24.03189,15.676422,18.73198473099771,24.768536,13.478994,1.288515035427015,2.5834754,0.30202773
2021-10-15 09:00:00,22.80674923944798,26.939362,16.685455,19.179369812228874,24.699137,8.6952305,2.6968289966436014,5.291702,1.0922418
2021-10-16 09:00:00,23.13625636668195,28.53653,17.975983,12.988231681106493,18.726429,9.003252,2.741338987406192,6.1103516,0.8655706
2021-10-17 09:00:00,25.639292953413076,31.030426,20.30777,13.989138330037104,17.698761,9.596423,0.8887703693942696,1.7935188,0.12361886
2021-10-18 09:00:00,25.57093470351839,30.288483,18.089264,14.76023050787058,29.226582,9.070332,3.6872214962356242,7.040449,0.54709864
2021-10-19 09:00:00,17.133727001000636,23.91861,12.876862,26.534461270046847,41.007133,14.013479,1.7829557781135497,3.4929347,0.019540668
2021-10-20 09:00:00,20.289094954812526,24.654694,16.533356,24.057120979857338,47.190655,11.624571,0.6242694923487798,1.4730684,0.016184213
2021-10-21 09:00:00,22.90311123873539,27.41568,18.767242,21.592352085148377,36.64518,13.530142,0.7255811643752291,1.7123615,0.06447252
2021-10-22 09:00:00,25.52098993031626,29.998932,20.801666,17.34072238555383,24.097729,12.261383,0.6965565543157577,1.5269125,0.027840063
2021-10-23 09:00:00,25.186425501453982,30.107086,18.550446,18.832858819092134,36.19444,10.733502,3.096498442122669,6.923124,0.42790166
2021-10-24 09:00:00,22.75430115552541,27.781158,16.111237,39.10513856112745,66.3359,28.741497,2.64587582575657,6.6340747,0.15064794
2021-10-25 09:00:00,24.327749814146102,29.53067,17.825592,43.87770377736775,74.894966,32.746525,3.7261692264929698,6.350369,1.8138633
2021-10-26 09:00:00,16.91174338593231,26.911774,10.452057,41.01705126281884,62.922047,16.972013,2.9591162788572523,5.118033,0.65400153
2021-10-27 09:00:00,19.063018785126133,24.131256,15.607819,32.74701794953396,40.880272,20.470116,1.954312104453607,3.53486,0.23350507
2021-10-28 09:00:00,24.264256336129904,27.71109,20.213043,32.33575127780068,38.10955,23.519934,2.4313291077689536,5.8089886,0.28582042
2021-10-29 09:00:00,27.246057372015343,31.354645,21.163239,26.702557058389836,32.23712,19.465147,1.8746604078408282,4.986287,0.16960494
2021-10-30 09:00:00,27.407453834849093,31.679596,22.023346,27.011951528729888,31.735462,20.910145,0.69542949385244,1.6642947,0.021001598
2021-10-31 09:00:00,26.975011222381738,30.873932,20.161041,28.26812142245229,40.609337,20.894493,2.1766598845361584,4.769881,0.3695268
2021-11-01 09:00:00,24.09694365737647,29.19278,17.134186,29.698516291664244,44.34499,21.352802,1.9638828648693882,4.615084,0.14746813
2021-11-02 09:00:00,22.43249327676989,27.530426,17.336334,27.89740520286854,39.776627,16.857517,1.4023231379565737,3.1608212,0.069911726
2021-11-03 09:00:00,23.582334879179996,28.22647,18.105377,28.22734211481544,31.342495,21.296303,1.5306497678730975,3.1469362,0.3400268
2021-11-04 09:00:00,25.839406744312043,30.05191,20.45401,25.41810720586631,31.82153,18.330479,0.9879454600251222,3.0385196,0.08427613
2021-11-05 09:00:00,26.26574055751479,30.562408,21.333893,24.390438739002022,31.763031,15.99887,0.873560803492689,2.1595833,0.15988077
2021-11-06 09:00:00,26.04360595891069,30.535797,20.990875,21.126441034084372,27.662794,11.299513,1.321828550365426,2.577951,0.48217228
2021-11-07 09:00:00,25.735944103855616,31.097076,19.345123,16.956823104049754,29.183212,8.45611,1.9779395712117114,3.7109647,0.29026282
2021-11-08 09:00:00,23.60901746174551,29.274078,17.920563,18.848712586246386,34.393547,9.1201105,1.5974088364845866,3.0798187,0.0810821
2021-11-09 09:00:00,23.053964342163567,28.04776,17.723541,18.536781906661314,29.577744,6.8707113,2.1942940147475847,4.930438,0.13080907
2021-11-10 09:00:00,21.89814440837273,27.264801,17.37027,35.25991299198877,52.218796,18.22184,2.517021059866844,4.411246,0.2335462
2021-11-11 09:00:00,23.270414692766224,28.730865,18.420319,27.844446546467147,33.766315,17.011604,2.285504974857375,4.811837,0.6418198
2021-11-12 09:00:00,24.205850672527674,29.140533,19.039948,25.976069160960872,32.49382,17.294601,2.5989354008887497,6.689486,0.41675952
2021-11-13 09:00:00,25.418369756804225,30.322906,19.619781,21.96649432818425,27.02137,13.525277,1.9651343774805863,4.9926014,0.23305058
2021-11-14 09:00:00,26.365410975024588,30.778473,21.325348,17.39003627484616,20.656376,12.178195,1.4785498812014939,3.6467822,0.17448206
2021-11-15 09:00:00,26.590925096435228,30.66568,21.552399,14.066160245985097,17.101673,10.875845,0.8147909573310947,2.0127184,0.13681667
2021-11-16 09:00:00,25.03305055553858,29.428375,20.223297,12.719823968893312,16.760502,7.589981,1.2993938994762761,3.1405096,0.17124261
2021-11-17 09:00:00,22.546371808646654,25.431305,17.40982,15.93757373487256,22.459412,11.089116,1.1661333701127443,2.5505993,0.038770936
2021-11-18 09:00:00,21.76637264435692,26.054596,16.154205,21.713710493016958,26.088104,17.6041,1.598496134537381,4.253737,0.044475872
2021-11-19 09:00:00,20.335726172297996,24.979645,15.780426,19.39602683863731,28.011326,15.167412,0.875186947162434,1.5525923,0.11493985
2021-11-20 09:00:00,21.007889494937785,25.069977,16.122711,20.541628212248483,27.561703,12.686445,0.8465163079656441,1.5463089,0.051994734
2021-11-21 09:00:00,20.166045640065647,25.073883,13.966461,19.110918655735116,26.770325,11.133605,3.155378101269833,6.925152,1.3971978
2021-11-22 09:00:00,19.64082141592479,25.823883,14.110748,14.873957974573134,19.225063,9.113738,2.849691326102621,6.670835,0.7826181
2021-11-23 09:00:00,19.7261249389295,24.943512,14.875153,17.693971783815908,23.434752,12.1222515,0.7604856928812472,2.084196,0.15225711
2021-11-24 09:00:00,20.243998257615715,23.538727,14.903961,15.484200366990834,21.294636,10.134282,1.9679102191361402,3.4715674,0.4072127
2021-11-25 09:00:00,15.20127957617916,20.037811,8.994843,13.102545460475977,19.272312,9.491766,4.549636162636199,9.598712,2.1793358
2021-11-26 09:00:00,16.289350809381745,22.790192,12.490143,9.696128020422021,14.051243,5.1583576,2.350545097766022,5.7210073,0.48395497
2021-11-27 09:00:00,18.29007501061858,23.046234,15.264984,7.785041062648501,12.599623,5.731908,1.5037118200494783,4.006597,0.13152158
2021-11-28 09:00:00,20.583659987900944,23.640656,16.20108,8.3405674461051,13.21566,5.4734726,1.318716349613469,3.8966973,0.15115446
2021-11-29 09:00:00,21.82708595488441,25.271149,17.341461,13.913012124514836,16.622253,10.589833,1.3554242434880432,3.7506728,0.042717498
2021-11-30 09:00:00,23.06513192659264,27.101715,18.183746,14.89171575963426,16.99224,12.883873,1.659930989689681,4.4054976,0.09063929
2021-12-01 09:00:00,22.637380279926333,26.461823,17.348541,14.310457959557413,17.755371,10.610529,2.1144570249758203,6.13071,0.1133883
2021-12-02 09:00:00,22.13600471140836,26.000885,16.307526,12.47207319584627,18.562122,8.620716,1.3429140936557462,3.5857065,0.087658554
2021-12-03 09:00:00,20.911977412809165,25.853912,14.732819,18.98859418079319,32.000473,12.970724,1.0213206089277034,2.4014885,0.032632716
2021-12-04 09:00:00,20.017170515889575,25.026306,14.61615,19.444495445817097,30.637888,13.510964,1.1185692759551427,2.5702903,0.080743104
2021-12-05 09:00:00,18.915004505326124,23.966858,13.845917,17.9371080980298,21.928123,14.162499,1.701279427296576,3.3178794,0.1376259
2021-12-06 09:00:00,20.181276268292663,25.073029,15.912537,12.339696760380814,17.27135,7.752349,1.528085523613441,3.2667766,0.090719536
2021-12-07 09:00:00,19.292091437830095,21.977203,15.973297,17.826162560577465,24.667938,13.679656,0.9751190002877792,2.6274645,0.075046085
2021-12-08 09:00:00,15.707269790059513,18.904633,9.808929,49.760708258561685,68.25505,29.301945,0.8209165883678394,2.730965,0.08369648
2021-12-09 09:00:00,17.384323809452383,20.503693,12.577911,49.56024106058733,72.904045,39.079826,2.926527485061478,7.1144953,0.5285708
2021-12-10 09:00:00,11.23308806848138,17.803375,5.05484,43.21597229530019,75.784706,14.382363,2.035693076257643,3.6944494,0.25197017
2021-12-11 09:00:00,10.851540917546629,15.332916,6.3641663,24.208135752092097,35.086346,7.7288113,1.9711690804591129,4.985792,0.4823775
2021-12-12 09:00:00,11.632700581977986,16.43985,7.961334,19.240674643226242,31.155136,9.190433,0.9136511846942952,2.3631768,0.018067518
2021-12-13 09:00:00,13.84951281441414,18.275055,9.999664,21.174206736827802,34.23944,14.071472,1.2035253948989617,2.1825745,0.16541883
2021-12-14 09:00:00,12.247666206633369,16.727203,6.62442,47.74743786902212,99.19204,28.402979,2.914478716397522,4.942364,1.1869137
2021-12-15 09:00:00,9.283033225964402,20.359283,1.5565186,34.297548817418786,59.161896,15.493927,3.3754550920400077,5.6624165,1.2080241
2021-12-16 09:00:00,8.569490237312039,13.372406,5.388031,37.5764710808714,56.09872,13.756606,0.8357493754865346,1.7233033,0.0649808
2021-12-17 09:00:00,10.553881522993436,14.841949,5.2052307,32.18534898640954,47.627777,17.838715,1.6843272873382613,3.316012,0.47303146
2021-12-18 09:00:00,11.439777289794051,16.56784,5.8092957,13.895121092980162,25.225956,6.845049,2.6629087551599806,6.964725,0.35173184
2021-12-19 09:00:00,12.173180118207085,18.162964,7.0926514,8.081460056810405,17.01141,3.8125868,1.6214385215927678,4.1311927,0.049158186
2021-12-20 09:00:00,13.121189705272286,18.466583,9.023224,11.665830610618235,20.026955,2.1171741,1.047142324179375,2.448443,0.118731946
2021-12-21 09:00:00,11.364878653668029,17.644623,6.8262634,10.478569508638843,23.555567,0.94511414,1.4802709131399718,3.345178,0.26061332
2021-12-22 09:00:00,11.935131571271711,16.846222,8.5513,11.43064629027084,23.156681,6.1918383,1.1955238420915246,2.6414309,0.17938717
2021-12-23 09:00:00,14.789910627214567,19.140228,10.132416,25.928072035641435,52.60041,9.940254,1.0382303856555215,2.2861063,0.11681222
2021-12-24 09:00:00,13.026335967124794,21.52295,5.614746,78.99834956265798,98.11139,65.77386,3.179945943064414,5.3435807,1.1475325
2021-12-25 09:00:00,13.072142246946271,17.675873,4.662201,62.521373246916134,89.299416,45.340866,2.6819058330554935,5.8695836,0.46507034
2021-12-26 09:00:00,11.548647080045043,16.467499,4.1159363,56.760290378786,72.804985,30.8325,4.306596864408478,7.498128,1.8431151
2021-12-27 09:00:00,11.125101940600416,17.030396,3.5128174,37.29385809604252,79.229675,21.89161,3.2657628932017877,7.5371265,0.42390686
2021-12-28 09:00:00,8.82703162744923,13.550934,1.5925598,61.810184420724916,90.21132,32.64702,3.987378976734913,7.860841,1.7409261
2021-12-29 09:00:00,8.26638371269047,14.301971,1.6227417,65.71809314881011,88.17477,52.84353,1.71138254250989,3.341223,0.44282436
2021-12-30 09:00:00,9.617218472771867,14.533936,3.6033325,72.55876934549066,98.85889,56.50486,1.9278547724019233,3.8952422,0.35002306
2021-12-31 09:00:00,10.845030046412433,16.348907,6.40036,73.40402064374805,84.21279,53.144524,2.1130093226017523,4.3923903,0.3704397
2022-01-01 09:00:00,11.536315186187721,17.619904,4.8659973,31.63371529895687,42.274864,18.368616,3.036139007548104,5.6017227,0.30339694
2022-01-02 09:00:00,8.563097285369679,13.834076,3.4024353,14.682407708721064,32.690895,6.640074,1.9826852698284714,4.810037,0.38412756
2022-01-03 09:00:00,9.435195910830714,15.218903,5.389862,9.32611053564023,32.613037,2.7698293,1.332686719302553,3.5782387,0.12176954
2022-01-04 09:00:00,11.369005195523016,16.742645,7.408661,13.498601218440653,29.517204,5.653923,1.0295965405734193,2.331395,0.11130368
2022-01-05 09:00:00,13.409895706634131,18.159851,9.886414,20.454479715276122,36.410942,11.593363,1.598392057977364,3.2144089,0.18274918
2022-01-06 09:00:00,15.596625082605613,21.15866,11.4809265,18.937097659061497,29.031729,11.523916,1.4099753227396197,3.097504,0.08410556
2022-01-07 09:00:00,17.96549907296037,21.855072,14.294525,27.334421204240797,32.647064,23.102568,0.9722671995070647,2.249345,0.042880125
2022-01-08 09:00:00,16.729135705144586,21.956207,11.247223,26.8427097095067,50.414448,14.9574175,1.9672220212757578,4.668302,0.30050412
2022-01-09 09:00:00,16.418592073195043,21.924042,10.392792,26.464121647160113,34.959675,12.011111,2.5681181183931137,5.6877537,1.05784
2022-01-10 09:00:00,16.714984611357238,23.807648,10.557648,24.294246410429498,30.449339,10.71353,2.528671929111079,5.736927,0.61384004
2022-01-11 09:00:00,15.355371677083156,21.558807,10.595001,17.523681637815244,27.710995,11.096595,2.4552063396785715,5.3380833,0.6360556
2022-01-12 09:00:00,17.06398229389947,21.863708,12.9105835,10.830282360903158,16.980751,5.765813,2.3882823581024395,6.3133054,0.4299735
2022-01-13 09:00:00,17.88342959382868,21.628387,13.438934,12.498411518518598,18.733395,4.540392,1.475889138217263,4.2186894,0.15763247
2022-01-14 09:00:00,17.603255206725635,21.905426,12.911285,13.331129512930566,27.974297,7.942539,1.2987127190671175,2.977045,0.28642434
2022-01-15 09:00:00,18.444359339231767,23.168304,13.025726,18.945235563572965,25.41235,10.78238,3.36014997422327,7.920717,1.5052087
2022-01-16 09:00:00,14.814023840981747,19.760712,11.012848,15.479548375629712,32.978886,8.862348,1.9191328006828388,4.5915246,0.30463356
2022-01-17 09:00:00,17.383797038368073,21.419617,13.38446,16.633716750814028,64.88422,8.761602,0.9310357550548167,2.707173,0.0833636
2022-01-18 09:00:00,16.415515304850942,21.012726,10.038116,37.82490069944482,90.91409,14.546902,1.0898246640321396,2.8353887,0.040337667
2022-01-19 09:00:00,16.493944358806118,20.161652,10.819489,40.631254229328384,50.879837,26.736256,1.6065099796405244,2.7499292,0.37618873
2022-01-20 09:00:00,17.120494238475658,21.35971,12.256195,25.84433029726104,36.905376,15.279721,2.1695426627269265,5.2120066,0.40407205
2022-01-21 09:00:00,17.44306458598379,21.549347,12.111847,18.30056581880601,28.089905,7.2719297,1.5716354746573131,3.3021646,0.32002366
2022-01-22 09:00:00,14.959107667277522,19.009735,8.326141,33.86798960518804,43.898346,23.202219,5.540502743601068,8.96973,2.6844368
2022-01-23 09:00:00,15.436484820852172,19.630432,10.390808,30.275455545696285,41.431473,20.517412,3.5939948520245957,7.541276,1.9072499
2022-01-24 09:00:00,17.205831413760052,21.96875,11.828125,18.937726255769938,24.744041,14.118235,2.029659474846891,3.8026023,0.22517113
2022-01-25 09:00:00,19.09841664092079,22.752808,15.276245,17.205518444788247,25.12476,13.191165,1.4025953008918037,2.9917672,0.15085009
2022-01-26 09:00:00,16.34028401881079,20.829254,10.758942,19.489883323113357,32.485966,11.0723715,3.1683671578113417,6.5196013,1.1904591
2022-01-27 09:00:00,13.480446183094898,19.181488,8.960785,16.56867546938588,19.683876,7.6604395,1.9378415521098984,4.8608694,0.08708194
2022-01-28 09:00:00,16.488398098121763,21.23996,10.8591,13.683534421302639,18.946518,7.033849,3.5789467816948415,7.7657723,1.3043367
2022-01-29 09:00:00,14.308096804056447,19.2341,8.3888855,12.349949244266131,15.601667,7.7930737,2.451914749965369,5.543881,0.66892725
2022-01-30 09:00:00,14.03707708349765,19.682373,10.011017,12.485452175551925,15.012782,9.157313,1.8422672852327233,3.5357893,0.37962946
2022-01-31 09:00:00,18.34011692358945,23.11615,13.881775,8.657896586481648,11.976439,4.2264395,1.3331664447234757,2.5744724,0.25514704
2022-02-01 09:00:00,14.92828612011266,18.797974,11.762817,14.51883940763745,28.399988,6.056238,1.0455748847494108,2.0677683,0.059384678
2022-02-02 09:00:00,14.471140386647846,18.872894,8.956879,18.255431406230652,24.159006,10.904906,4.703008452646003,7.5822854,1.0846013
2022-02-03 09:00:00,9.299440329972924,14.573242,4.208008,17.179699661077674,22.1644,13.541478,3.411769600937271,7.455161,1.2398024
2022-02-04 09:00:00,11.63620007329149,16.952057,6.48526,25.297847576811872,28.41199,15.96205,2.906767682922058,6.8288465,1.0115825
2022-02-05 09:00:00,13.015874157425344,18.056,7.2035522,18.298869108443167,24.658758,7.529852,2.260838278157043,5.5525913,0.55007327
2022-02-06 09:00:00,16.118380254329054,20.332062,10.997162,13.780281798785085,17.796192,8.117014,2.759537484377407,6.9761224,0.17110068
2022-02-07 09:00:00,18.479664564200107,23.890533,12.490143,14.950913757919054,19.206728,10.035836,2.822777143043925,6.760317,0.9525758
2022-02-08 09:00:00,18.081322513462396,23.289154,13.087982,17.211915378146827,20.468176,13.561926,1.7143303293628331,4.4782834,0.31624156
2022-02-09 09:00:00,21.41338132978592,25.655914,15.569977,10.605739245058082,15.071521,4.2199583,3.099653949410483,7.4944754,0.82910204
2022-02-10 09:00:00,22.464155221007218,27.167633,16.112946,13.307126463004247,20.589676,9.168307,3.9136324029313387,7.6745257,1.7736492
2022-02-11 09:00:00,22.417648777486647,27.262848,16.878998,20.91791022436135,25.576733,10.604075,2.5007229539082476,5.6242967,0.16841337
2022-02-12 09:00:00,24.642609824551243,28.96225,19.014984,10.412710590626435,17.918566,5.9125824,2.7057966971763037,6.5645895,1.0228823
2022-02-13 09:00:00,23.391678796227836,28.183502,17.734283,9.915482828355264,13.763297,5.5306225,1.313041577638994,3.6109369,0.06113003
2022-02-14 09:00:00,23.272405071489345,27.26596,18.71518,9.588701356495394,14.810029,3.8240728,0.5920695426446727,1.5470111,0.040952247
2022-02-15 09:00:00,22.538767930936103,25.798248,17.450592,13.005027301073445,19.238878,8.328722,3.701513112797187,7.5372796,1.0403687
2022-02-16 09:00:00,13.577158379121784,21.068207,7.4135437,33.49615287561581,46.410603,18.214062,3.03958175048547,5.315341,0.51956356
2022-02-17 09:00:00,16.359310382593435,19.860748,10.909576,25.19560691492599,30.125706,15.218584,3.7053209022010654,6.3454213,1.0649891
2022-02-18 09:00:00,15.54129192704221,20.014008,9.969086,16.87368407173242,23.638641,9.844174,1.9473134834928612,4.545192,0.25676715
2022-02-19 09:00:00,17.91414112907887,22.491913,12.337616,17.593286576482633,21.842232,11.287543,1.9369814929132734,4.964456,0.40861267
2022-02-20 09:00:00,20.94301231442381,25.564789,15.435883,18.069390914505178,23.699375,11.285038,0.52546133944849,1.0371286,0.082066774
2022-02-21 09:00:00,21.386565537991828,25.70816,14.803864,17.32777193987726,42.72394,11.911443,4.779729995530439,8.965594,2.221313
2022-02-22 09:00:00,15.703455355673043,21.657074,6.6687927,33.59912460804549,98.249985,14.0782175,5.592085569746096,9.847617,2.5206492
2022-02-23 09:00:00,11.638570517055314,17.33841,3.3540344,46.927506964114755,84.45627,36.221893,4.0646215083286,6.2201004,2.1742568
2022-02-24 09:00:00,7.796398440558562,12.385345,-0.012664795,24.294259046762622,36.293056,14.749285,2.474042246459879,3.5530355,0.882146
2022-02-25 09:00:00,10.175746881517398,14.521942,5.5453796,20.1970948445797,28.077023,15.409238,1.3073545012536634,2.7637825,0.2533544
2022-02-26 09:00:00,13.382331667875064,18.809235,5.5455627,17.349990587889828,25.220135,6.674855,2.940622228022967,6.8641763,0.8707472
2022-02-27 09:00:00,13.8334575164007,20.051422,7.241272,9.213910256529399,16.974495,4.0799646,2.579834267252289,6.3437686,0.63877726
2022-02-28 09:00:00,18.013730624719358,23.035553,12.9844055,7.3032094227671225,10.972379,3.7653475,2.889880147994974,7.612106,0.7079552
2022-03-01 09:00:00,22.53981800523627,27.640137,16.49112,9.030060388412979,12.139098,5.972293,2.679885212116216,6.828325,0.35097593
2022-03-02 09:00:00,25.58221432459868,30.147919,19.913544,8.536176149208256,10.541319,5.5178814,1.5276245084173459,4.238033,0.094817154
2022-03-03 09:00:00,26.046329104513234,30.14566,20.200348,9.724756185673717,12.373768,7.3077917,0.9337185894862102,1.9278781,0.048924282
2022-03-04 09:00:00,23.697138532796487,29.568176,15.331848,12.89099559482476,33.807674,8.116269,3.5633367525053474,6.799267,1.4314046
2022-03-05 09:00:00,16.094876960278896,20.409332,7.1476135,44.43282438420419,90.71642,19.391619,4.9990569762357175,8.984111,2.396242
2022-03-06 09:00:00,11.442211856091319,17.699127,4.7225647,27.597581615095702,64.91918,17.638403,3.688843240015416,6.118955,0.94274545
2022-03-07 09:00:00,14.352631048046817,18.05069,6.650299,30.530005019660837,39.65509,23.315247,2.136161818925922,3.7469096,0.53765637
2022-03-08 09:00:00,13.741794488257312,17.861969,5.709381,16.82277303559151,22.999352,11.440197,2.741173995905828,5.677084,1.0313432
2022-03-09 09:00:00,16.303696928360807,19.751373,11.167328,20.65968046196937,25.996094,15.873317,1.3892283024938565,2.384512,0.24100742
2022-03-10 09:00:00,20.253931086006276,23.952576,12.968201,23.750391934631985,53.96488,16.433632,2.705604600117397,5.117491,0.24750389
2022-03-11 09:00:00,13.002019623825845,18.302338,7.504669,10.864624715678469,18.005543,7.186652,4.208119294534223,8.011545,1.3704104
2022-03-12 09:00:00,16.826537949486124,21.567657,11.757111,12.24357433905573,17.031565,9.42643,1.976306540725666,5.1518183,0.35630926
2022-03-13 09:00:00,20.880128727559963,24.82071,15.603912,13.392858601916284,17.31606,10.261371,2.2677543845129193,5.3140273,0.6003772
2022-03-14 09:00:00,21.696958526859873,28.44394,15.426361,15.655306877816235,21.975348,11.021734,2.545548515473781,4.345971,0.20195189
2022-03-15 09:00:00,23.000953103418965,27.674713,18.346344,17.789260814270445,20.946516,13.083235,0.9351853397787543,2.4725287,0.077217475
2022-03-16 09:00:00,24.57275213529931,28.965424,19.467377,21.801505783084778,38.242443,12.049728,2.7940206117489033,5.513195,1.0804572
2022-03-17 09:00:00,22.60183783391551,27.971832,15.977692,16.700255397465483,21.625774,6.778119,3.0226082463527515,5.838742,0.2007671
2022-03-18 09:00:00,21.899685500123553,26.717682,17.174713,12.905190151267085,19.30423,7.202667,1.2460160045331872,2.9199057,0.18405873
2022-03-19 09:00:00,23.730852210291516,28.370026,18.450104,13.999480662270258,20.371965,10.050063,1.1342592790928492,2.5260425,0.12568781
2022-03-20 09:00:00,22.571868521551494,29.376862,13.265533,24.15747896393619,65.97876,12.123287,3.879954519801934,6.369049,1.6256537
2022-03-21 09:00:00,20.073874053110444,24.988434,13.404449,14.890372683368556,30.586178,9.861144,4.722288106853891,7.7869,0.69841355
2022-03-22 09:00:00,21.742927110276582,24.963776,16.012604,19.821102330262498,23.90448,16.806824,3.2780273028309033,6.9279027,0.28599927
2022-03-23 09:00:00,24.670196959397686,27.86441,19.147614,16.085090057764905,24.25356,5.5836687,2.2746766646662584,5.7008357,0.24870718
2022-03-24 09:00:00,25.075445397199758,27.389557,20.918854,14.20998569726736,27.605133,7.9548397,0.557847961879578,1.2324914,0.084793426
2022-03-25 09:00:00,28.800866133709178,31.573639,23.460358,15.853679190149965,22.30706,10.457565,0.7467760033748673,1.7047347,0.18975349
2022-03-26 09:00:00,30.844776361538663,34.072906,24.940094,11.952016277594511,16.301687,7.6742373,1.6631973879528823,2.7311275,0.591338
2022-03-27 09:00:00,30.598206981455746,34.21402,22.546051,10.015114822101228,19.622753,4.887536,2.7094433483454803,4.4215946,0.84310347
2022-03-28 09:00:00,27.661496928806343,32.785675,19.123566,11.949452956884896,37.915226,6.6769457,4.188646421030494,6.8600774,2.0447679
2022-03-29 09:00:00,17.699889416084204,27.033112,10.132233,56.33672752785218,89.3505,22.116127,3.1771637099953534,5.893236,1.1960137
2022-03-30 09:00:00,20.65514380080748,23.615143,16.111237,31.559725129226504,39.03198,21.973475,2.8610674070473343,5.1269526,0.48806018
2022-03-31 09:00:00,24.08046025381043,27.894684,17.58609,27.084552706066006,63.81815,15.540806,2.52627530792209,5.6536503,1.1945002
2022-04-01 09:00:00,23.510769888541688,28.910797,16.918365,27.715975830313294,43.455654,19.773743,0.9320040828444259,2.410423,0.097997755
2022-04-02 09:00:00,26.829628673920865,31.113678,20.461334,25.31739144687186,47.075287,18.212004,1.1722873340029674,2.2322245,0.51119953
2022-04-03 09:00:00,26.146179286637164,29.591705,17.302643,28.995307099881913,60.90951,20.081387,1.8523856702388302,4.5996423,0.11652602
2022-04-04 09:00:00,25.127080656710575,28.984283,17.89981,19.2857920062851,24.0625,12.529644,1.7298692336030375,4.072733,0.032059416
2022-04-05 09:00:00,27.32319256757495,31.771393,20.982574,13.414397956304676,21.76961,4.9953775,2.522897392663857,4.5233517,0.89025104
2022-04-06 09:00:00,30.334420930349893,34.170563,24.992828,13.10235168663839,19.6552,6.7997303,2.492268643795944,6.2657247,0.24373007
2022-04-07 09:00:00,27.3402263949215,31.93692,20.858795,8.526621700730354,10.6652155,6.329935,3.634957260807399,7.936243,1.1851488
2022-04-08 09:00:00,29.49488548718449,34.810455,23.548737,7.485363268747156,8.675999,6.6224904,2.6228776271418885,6.3680806,0.559121
2022-04-09 09:00:00,31.676258328395136,34.674713,26.151276,8.682451137239683,11.543449,6.8918734,2.1132319835982867,4.350654,0.64290655
2022-04-10 09:00:00,30.453526137692222,35.97989,22.690826,10.866073686287438,32.094902,7.154045,3.124599860333043,5.181069,0.983925
2022-04-11 09:00:00,24.13793675476262,29.338531,18.53189,16.31713292344244,75.70875,9.066711,4.146093533888234,9.301636,1.2574176
2022-04-12 09:00:00,22.23775152571625,29.703278,12.644684,21.561395621377336,44.582115,8.593835,4.717132814073673,8.126565,1.2041972
2022-04-13 09:00:00,15.394904884504683,20.895905,11.214264,13.657323149658794,25.260517,6.5775537,2.4032567272362084,4.6151886,0.016442727
2022-04-14 09:00:00,19.549951887449254,23.032867,15.629059,13.156725579321963,22.863234,6.417921,2.360924842300517,6.056545,0.23545003
2022-04-15 09:00:00,23.892699380165936,27.737457,17.149567,19.10206887946235,42.01259,13.266495,3.7181138108359453,7.5854435,1.3149618
2022-04-16 09:00:00,25.18420121003419,30.203278,18.83023,24.90612415297657,59.473,16.699516,4.129613262622025,8.259613,1.6183778
2022-04-17 09:00:00,23.717996024297975,31.57315,18.588776,20.001062858748757,37.540825,9.302543,3.1969121104776312,6.017016,1.5896558
2022-04-18 09:00:00,28.50728299554038,32.882965,22.238434,9.434505562366288,19.875107,3.892912,2.0367499557432573,4.450511,0.40855828
2022-04-19 09:00:00,30.70852529708003,34.8815,22.426422,9.301259266250307,19.898458,3.7177324,4.118909801085945,7.6105514,1.6345471
2022-04-20 09:00:00,26.431924664412747,34.60269,17.81363,22.441013669859935,57.614346,6.071376,4.927142768200166,9.113401,2.423111
2022-04-21 09:00:00,26.125398872507105,31.230621,17.347809,23.212715656856794,46.777473,15.4598875,3.9574956101642327,8.02732,1.0073403
2022-04-22 09:00:00,24.884783925992622,31.577545,15.815826,24.94056963504938,76.4316,11.253656,5.388671150924894,8.412628,3.024362
2022-04-23 09:00:00,19.141562819634203,24.089264,12.858063,25.81414855131024,37.347202,16.545502,2.564515203390755,4.6058397,0.5270321
2022-04-24 09:00:00,22.418755568439167,27.006744,16.467682,17.053981603371692,21.012554,13.009526,3.0683679464272746,6.039484,0.82347286
2022-04-25 09:00:00,24.139404637960013,28.264069,18.930573,12.746948257567274,15.711319,10.289322,2.2623226863707613,5.306161,0.47382522
2022-04-26 09:00:00,27.471973651022495,31.92398,22.556793,8.98162405134308,12.042187,6.9281607,1.1188719789607533,2.5868819,0.24524637
2022-04-27 09:00:00,29.200852531439864,34.11197,22.098297,11.088748480893445,25.36026,6.1649485,3.33832853569409,6.548269,1.6757872
2022-04-28 09:00:00,27.974275091947106,32.70572,19.78775,15.83295269742286,59.201992,-0.11618233,4.168305050632098,8.235998,1.861881
2022-04-29 09:00:00,24.852380951501743,31.754791,17.438873,14.407367758085446,33.309303,3.7471752,2.8966936126856146,5.2914286,0.770646
2022-04-30 09:00:00,26.959048836277475,32.03653,22.425201,10.894700090737501,17.864426,7.7503386,1.3435485055961311,3.1739588,0.102446586
2022-05-01 09:00:00,30.824312925551453,35.38443,23.468414,9.354205169002485,29.83635,4.274784,4.0491832726134,7.6985354,1.5586195
2022-05-02 09:00:00,27.72839938792231,33.725006,19.853912,16.66277010017093,38.569824,9.511229,2.219060031706317,3.4710436,0.58707285
2022-05-03 09:00:00,29.090148579911897,33.452545,20.513092,17.04910652519403,55.89865,10.732952,2.6638386284228885,5.6182666,1.2781026
2022-05-04 09:00:00,26.43473191444417,31.45108,21.38272,10.635631305530856,16.804094,7.3466215,2.8583891106472032,5.1606164,0.76055956
2022-05-05 09:00:00,27.493334603842413,31.370758,23.001617,14.652725864021805,20.244461,9.309053,1.2598105539386828,2.5904303,0.14357567
2022-05-06 09:00:00,31.79878280513111,35.449615,24.213043,11.344085456816138,19.137997,8.423035,3.4576963579861753,7.455805,1.107977
2022-05-07 09:00:00,33.1693092909083,37.303864,23.596832,16.45832796108547,39.349873,8.075769,4.848569296452353,9.482808,1.8239267
2022-05-08 09:00:00,29.91177012658136,38.008453,20.578766,14.281930786053383,63.740067,5.947096,6.232938853303556,11.1305895,2.3653655
2022-05-09 09:00:00,23.784845952160026,33.39566,14.194489,20.611085290561917,71.784096,4.1864414,5.465275455644381,9.2378235,2.1299462
2022-05-10 09:00:00,21.44997294684765,27.996979,14.467682,18.409225942292085,44.06134,8.383727,3.89807114095497,7.0469413,1.7573392
2022-05-11 09:00:00,21.387506689651957,28.284332,13.762848,19.641299746072654,38.283974,12.536783,4.052214721487975,7.0023117,1.6162927
2022-05-12 09:00:00,18.969492667309567,25.14151,14.285065,15.307411493859014,21.06829,10.3768835,2.4082360192678083,4.1222334,0.34948674
2022-05-13 09:00:00,24.696505068225804,29.645172,21.0065,13.014442203769852,17.186762,10.526611,1.852955098296721,3.5062554,0.17177449
2022-05-14 09:00:00,30.628615358949105,36.057037,26.203522,9.490518339583552,13.199186,6.4632416,1.2255306335530893,2.4824836,0.04193264
2022-05-15 09:00:00,34.173768328602534,39.006012,28.86734,6.050666448910736,8.804873,3.5259304,1.145419652163088,2.3172808,0.09749141
2022-05-16 09:00:00,34.40014450153376,40.24649,25.426178,7.76792111826009,17.581257,3.944539,3.0623410397842026,6.5364857,1.5739024
2022-05-17 09:00:00,33.70606386153395,38.916412,22.611725,15.52821361795584,45.54954,9.64223,3.161253656393578,6.311216,1.3926109
2022-05-18 09:00:00,32.25975356683358,37.687164,22.175934,13.709554822897557,22.229881,8.217218,1.7101384186169357,3.7592564,0.3543078
2022-05-19 09:00:00,34.04458010605924,37.204254,24.456207,11.837069413296994,22.981958,5.4897804,1.6881867022644421,3.1396925,0.3321038
2022-05-20 09:00:00,34.55139764136425,38.99112,20.42862,15.453493195128152,41.009933,9.873214,3.7891228539524744,7.5825987,1.47587
2022-05-21 09:00:00,27.199796527578883,34.00113,18.817291,18.361540031346973,72.83315,8.5792465,2.002762648579854,4.6345406,0.2302147
2022-05-22 09:00:00,27.77814472076733,32.217926,19.987213,18.39878500430001,45.109203,8.848888,1.499093380063555,3.0301738,0.08695289
2022-05-23 09:00:00,30.670064523248016,34.747467,20.995514,18.237217170915965,28.6007,11.410736,1.3403534475315622,3.5187895,0.19831342
2022-05-24 09:00:00,31.756122285871015,35.12393,23.177887,12.149299272137442,15.9679165,6.4899635,1.042100348032995,2.8798745,0.10171288
2022-05-25 09:00:00,33.19498978402777,37.31314,25.744781,10.400926888773958,15.772043,8.1821995,0.5421276055968941,1.5040932,0.11121848
2022-05-26 09:00:00,36.342985247227375,39.938385,25.248932,11.894583658903219,22.912006,9.083882,2.4205076032637685,4.0600677,0.7359198
2022-05-27 09:00:00,35.523327427018955,39.739655,22.720123,15.203146862786713,26.060745,11.350082,3.149058784044728,5.661821,0.9661771
2022-05-28 09:00:00,33.773639831985065,39.424713,22.32901,14.832867956609755,30.541542,8.19561,4.765292611578333,9.063132,2.0724976
2022-05-29 09:00:00,29.18357252004688,37.140533,18.673737,30.483132409460797,71.570305,17.00195,5.64674478067127,10.553035,2.143875
2022-05-30 09:00:00,29.12068714870253,35.044098,20.256989,16.209545295647878,40.1028,8.202517,3.3756586998512437,6.4434085,0.31269613
2022-05-31 09:00:00,27.240980527124293,32.799713,21.654205,13.565200732130895,35.31861,8.290393,1.9728463352990213,3.780393,0.4439381
2022-06-01 09:00:00,29.37683813471648,34.694977,24.052399,13.640505355736584,18.143469,10.352966,2.703504519124676,4.761248,0.9435536
2022-06-02 09:00:00,31.580088342338456,36.545807,25.944244,10.25625813785851,16.62674,7.398988,1.0853054025017506,1.9112269,0.22934033
2022-06-03 09:00:00,34.587156754875764,39.05362,24.727448,12.07475959299956,20.774368,7.6571817,3.1661904780279806,6.4589663,1.360183
2022-06-04 09:00:00,33.949152412383114,37.848297,22.957672,17.599336002691693,49.59297,12.331254,3.8934890421370403,8.155076,1.2909436
2022-06-05 09:00:00,32.3514434996132,37.177155,21.52481,25.467970908786125,48.159134,17.927917,3.534470027653873,7.726209,1.5073951
2022-06-06 09:00:00,34.30829714393121,39.023346,23.84024,22.700160802614665,47.02593,17.998363,3.468756969780888,6.8729057,1.4934933
2022-06-07 09:00:00,35.578234409748575,39.847076,25.194733,18.397055057384367,39.14766,12.894818,2.1002912664475013,3.659497,0.9864748
2022-06-08 09:00:00,36.77735033460635,40.915924,26.003815,14.997380045135968,24.511028,4.7647305,1.9777418983814603,3.593424,0.41926858
2022-06-09 09:00:00,37.748548966466956,42.22061,26.855377,15.35074531807253,24.455347,3.9169312,2.4111770536505985,4.080741,0.7946907
2022-06-10 09:00:00,38.21690618135375,42.44864,27.475983,16.371169991356442,22.06106,10.115747,2.055827160953874,3.594142,0.65492016
2022-06-11 09:00:00,39.648280305296794,44.254547,28.28189,13.60576360738744,19.916283,11.290184,3.03396433806439,5.6583877,1.2613928
2022-06-12 09:00:00,39.69457922605358,44.87442,27.78653,10.49761088826624,23.165579,6.4858913,4.440967304190401,7.888705,1.5874069
2022-06-13 09:00:00,37.50996923572626,43.90909,26.432526,12.785146806355144,30.082804,6.391383,5.295991403725827,8.833589,1.9310399
2022-06-14 09:00:00,33.37564264051093,39.83658,24.330963,12.60265054756356,37.12867,5.2361717,2.5758012238525345,4.5684,0.18053932
2022-06-15 09:00:00,33.30459885097571,38.594147,25.875397,10.255026326209812,20.018307,4.8517237,0.970452479742911,2.060908,0.088474885
2022-06-16 09:00:00,36.742854974190436,41.201813,27.805328,9.28979301206382,17.500383,7.4204464,1.1543600282712982,2.3800359,0.13215198
2022-06-17 09:00:00,38.269230203155246,43.478424,26.470612,10.337485683559057,23.14214,6.598857,3.7300200525465446,6.0501704,1.4943013
2022-06-18 09:00:00,33.52281534586996,41.544586,22.402008,13.127187051356456,40.2794,3.339775,4.170931260593362,6.4933295,1.9349692
2022-06-19 09:00:00,29.770746313660084,37.301422,21.883453,11.720206674115234,28.514147,5.1222887,3.4296498085755736,5.692462,1.3120407
2022-06-20 09:00:00,29.00294108383622,34.52408,23.87564,11.31384026086443,16.14973,6.6050034,1.7043921445548356,2.7593756,0.5066846
2022-06-21 09:00:00,33.204044165755874,38.37906,28.214996,8.40583928311857,13.915148,6.700304,1.5067820739646602,3.272576,0.15385623
2022-06-22 09:00:00,36.1236444897678,39.991608,27.759186,13.42426725015343,18.8518,7.8947697,1.5802471475810291,3.4154358,0.17293899
2022-06-23 09:00:00,31.4270498959487,39.027008,26.159576,32.52257651578325,42.802776,21.962933,1.3399734758822288,2.8178723,0.080949165
2022-06-24 09:00:00,35.570530735550506,41.305817,29.049957,19.402325319143916,23.548367,14.571803,2.585600206773729,4.4009786,1.3315841
2022-06-25 09:00:00,36.98298472187048,41.255768,30.10147,11.577209137878054,16.065533,3.3912516,1.7405292092970628,3.46903,0.42687783
2022-06-26 09:00:00,38.47646037996816,42.394928,29.980865,8.251249148022328,17.02333,4.304538,1.5552190289175474,2.8236394,0.5714834
2022-06-27 09:00:00,38.87146337275698,41.851715,32.045074,15.190265839088443,36.01881,8.667248,2.3943206488032627,4.760031,0.50678986
2022-06-28 09:00:00,39.20598037159971,42.016754,32.848785,18.38647285735724,31.61231,13.151841,1.8938388048714383,3.1736133,0.739364
2022-06-29 09:00:00,39.27229613859049,42.73062,30.660309,15.661840280773648,21.763985,5.9366503,3.1897515061576973,5.5990868,1.6691966
2022-06-30 09:00:00,39.3339620723894,43.687164,29.626617,18.59562722703443,26.23524,14.786022,3.626425408204111,6.54243,1.5552869
2022-07-01 09:00:00,37.772631478948995,42.062164,29.16568,15.33190449453723,20.852741,8.970641,3.5211949296604494,7.1390953,1.5246632
2022-07-02 09:00:00,38.043626871464085,42.41739,27.954498,15.158120819043424,24.345547,11.589799,3.3330085580372244,6.7195234,1.2573854
2022-07-03 09:00:00,36.095068310267436,41.14444,26.3378,17.812812579753224,22.336226,10.01391,3.6740629661719644,7.0979605,1.2342919
2022-07-04 09:00:00,34.307711501763436,40.039948,23.971588,14.487552155391157,38.778614,6.262989,3.3102135557151886,6.500255,0.50602555
2022-07-05 09:00:00,33.993706443352664,39.856354,24.514557,18.00879315921914,37.979904,8.888817,2.7820539232996526,5.5674047,0.13096713
2022-07-06 09:00:00,34.70223880788012,39.535553,25.674225,22.9493063687564,44.80448,12.79667,2.963049010573121,5.22478,0.6459609
2022-07-07 09:00:00,35.2391004283229,39.151764,26.413239,17.80373304117165,24.636917,9.477459,2.4915082849896026,4.2686048,0.76532096
2022-07-08 09:00:00,36.67532921555784,41.362457,28.661285,15.742501212411453,29.502699,9.889418,2.1344189388897874,3.5876565,0.54325247
2022-07-09 09:00:00,37.92285759382884,43.23941,27.89566,12.797677138694192,20.066673,5.9416723,2.296611278411566,4.2972198,0.49515083
2022-07-10 09:00:00,38.931303236898884,43.89273,28.824371,10.377857194076887,15.475464,5.039595,2.1025180170892197,3.9853137,0.27243388
2022-07-11 09:00:00,39.986340971354764,44.926422,29.735016,11.92985565100087,20.887506,4.0639496,1.7231024943189626,3.3350172,0.5147283
2022-07-12 09:00:00,40.925621863650804,45.819733,28.171295,11.674528470795162,16.6801,4.864934,2.0556734181487064,3.580853,0.45254028
2022-07-13 09:00:00,41.21870974828346,45.30069,27.449127,13.379611907874368,22.136585,3.1065044,2.7736749117944965,4.1001186,1.317003
2022-07-14 09:00:00,40.08321927111075,44.808014,28.43106,19.831843952567766,27.315807,10.84058,2.5236989284460765,4.3427706,1.2723264
2022-07-15 09:00:00,35.97996033127538,40.79825,27.328766,28.717024150652357,38.59773,17.445385,2.048173535596299,3.8614013,0.19237967
2022-07-16 09:00:00,38.82296792749685,43.8002,30.565826,18.791037922315503,24.984684,11.871402,1.2733782223949701,3.0168042,0.20245928
2022-07-17 09:00:00,40.33887146871098,45.654938,30.086578,15.857022969578026,29.045322,9.032496,1.5769375903782106,3.4711888,0.6000793
2022-07-18 09:00:00,40.99542302603277,45.748444,29.095367,17.218578411742282,27.872807,11.267339,2.5693139631739985,5.2010207,1.0828278
2022-07-19 09:00:00,38.02125358526206,43.329254,30.573395,23.66756377287763,30.30668,15.266458,2.3039584235331914,4.875884,0.10799894
2022-07-20 09:00:00,40.197975671666086,44.241608,30.729889,17.783093860823755,26.34068,9.297709,2.8627346734189243,5.2476068,1.4753895
2022-07-21 09:00:00,40.07518586259761,43.70865,30.07779,17.096720793586982,23.478882,13.486693,2.9659391939229,5.5441484,1.3289928
2022-07-22 09:00:00,40.755643357425754,44.46939,28.570953,14.214175486377973,23.093119,8.225954,2.493314900561171,5.048024,1.2665578
2022-07-23 09:00:00,41.25644247468193,46.224274,29.091461,13.590616304115532,25.080551,7.9768896,2.5899678292387223,4.1617594,1.0549227
2022-07-24 09:00:00,37.394250720317075,40.356842,28.479889,24.29417265191078,38.43146,8.883609,2.7072332706312565,4.3132377,0.83592147
2022-07-25 09:00:00,37.45539458544192,40.782135,28.45987,27.86966509715179,44.34072,10.700095,2.8205138653880906,4.606482,1.1675222
2022-07-26 09:00:00,33.68624223832245,36.925934,27.492096,39.42825649492456,70.49857,16.433002,1.797156538447735,3.0772495,0.25462776
2022-07-27 09:00:00,35.01594445405959,38.380768,27.976715,31.52593278552551,60.37121,9.261832,1.6462723278122595,4.5246115,0.15919055
2022-07-28 09:00:00,36.731224229053794,39.574615,28.928131,30.648359906999396,56.817417,9.617927,1.8646599647666096,3.79665,0.19151914
2022-07-29 09:00:00,36.43072682645817,40.461334,28.537506,33.814201670897404,69.99911,15.5967655,2.059369201917901,3.9459963,0.516288
2022-07-30 09:00:00,34.83342851978688,39.620514,26.526764,40.72137524649802,59.203026,15.929587,2.3074834143623137,4.3038836,0.97337526
2022-07-31 09:00:00,33.05804296289119,37.77188,26.67691,49.57405852207305,69.78807,27.118217,2.120518384004913,3.647275,0.7324047
2022-08-01 09:00:00,32.52666488478616,36.378326,26.12564,48.52611995499124,70.81387,24.672092,1.5573982075618666,3.7244697,0.5433004
2022-08-02 09:00:00,34.63526717164211,39.021393,26.961823,37.86995187110192,49.76084,29.999287,2.0024851817860654,4.5662107,0.7253932
2022-08-03 09:00:00,37.635648301182755,41.78067,28.94522,28.085226226165627,38.726635,19.674854,1.8314284256631783,4.4200726,0.27105328
2022-08-04 09:00:00,38.39384645260674,42.349274,27.420563,24.445004859828245,40.93936,17.236237,2.2463452816449534,3.9335694,0.64394706
2022-08-05 09:00:00,29.83820360653789,34.282135,24.877838,64.2847673323645,77.387665,50.20798,1.6709230238668469,2.9908626,0.78618836
2022-08-06 09:00:00,33.40788424601004,40.378326,26.432526,39.64449982120017,53.830715,23.988363,1.2315780584153968,3.5972035,0.15416192
2022-08-07 09:00:00,36.29111272701209,42.522614,28.596832,19.761758589233395,33.410908,10.063725,1.0271988171229678,2.5556703,0.04659577
2022-08-08 09:00:00,37.6540687423784,41.21353,29.694,22.396550459962913,35.881187,11.806758,1.9023451918415333,3.4615138,0.49985376
2022-08-09 09:00:00,37.173085809896804,40.353912,29.07071,31.592947448770115,44.836548,17.492939,2.372219812118067,4.3892674,1.0679595
2022-08-10 09:00:00,34.344764146057855,38.07852,27.453278,35.00429369620114,54.082016,22.721111,2.2816219336002628,4.341558,1.0123707
2022-08-11 09:00:00,36.25258755350984,40.125397,28.082184,32.61455521759408,53.177773,20.913937,1.93388438542703,4.054111,0.44044122
2022-08-12 09:00:00,37.11723421680517,41.37271,29.954987,26.131548271186418,42.08383,12.177133,1.7949491516988338,3.74289,0.31843868
2022-08-13 09:00:00,35.025339437375635,38.573395,27.171051,36.05403781774046,64.406555,10.099707,2.0019659598461645,3.368099,0.48273137
2022-08-14 09:00:00,35.66309341446714,39.574615,28.875397,27.794943942049418,54.487427,10.776489,1.2002921381635794,3.0871594,0.113287695
2022-08-15 09:00:00,34.87674966650496,39.53775,25.778961,33.419786586199606,65.35324,10.92355,1.560115949939237,3.4635653,0.1866779
2022-08-16 09:00:00,36.10249133244929,39.384186,29.533844,24.00905943939952,40.290497,7.1928425,1.1347813245132352,2.3657131,0.18016256
2022-08-17 09:00:00,37.88821515994624,41.534576,30.184967,24.92688658571755,37.133564,11.136085,0.9323605680858559,2.3463175,0.034071974
2022-08-18 09:00:00,38.761823303327674,42.172516,31.113922,25.88882009033969,43.316536,13.682368,1.7147514829867745,4.2759905,0.03626214
2022-08-19 09:00:00,37.54310516425636,41.182037,29.50821,27.130296766191268,51.13857,14.155384,1.1470264682856885,2.3745883,0.055174187
2022-08-20 09:00:00,36.93759008578786,39.678864,30.038239,25.653795609936033,44.395355,15.14926,1.6801024136220215,3.0046215,0.3311197
2022-08-21 09:00:00,37.38260757739954,40.481598,28.169098,25.560217235952965,47.94997,8.184006,2.9935694388167002,5.7040806,1.5979573
2022-08-22 09:00:00,37.958594661601694,42.163727,27.777008,22.24858258330664,42.015514,10.992076,2.5460399507891704,5.482762,0.9972462
2022-08-23 09:00:00,38.687628793361114,41.592438,28.926422,16.520611651086742,39.223175,7.776966,1.4806564104792794,2.796145,0.29771063
2022-08-24 09:00:00,39.55587896952909,42.442535,29.962067,15.201942666495531,23.690006,8.986882,2.0648103064355814,3.1518457,0.7200085
2022-08-25 09:00:00,34.720757030429354,40.070953,26.903961,33.316498337307415,64.4048,8.873464,2.0357330163192566,4.048298,0.67815524
2022-08-26 09:00:00,36.552884223367016,40.03897,27.874176,30.1634274794836,51.912624,13.5877075,1.5154942667781583,4.3813124,0.47271898
2022-08-27 09:00:00,38.18519409471605,41.17227,29.242584,16.916113955225857,27.29874,13.360885,2.091043469356285,4.4820857,0.6709578
2022-08-28 09:00:00,37.69268684992005,41.450592,27.77481,18.411688129733715,48.11863,12.3042755,2.5673858658937343,5.252959,0.31808853
2022-08-29 09:00:00,36.28423514452078,40.27359,27.382965,29.556740825590225,49.49549,13.436896,2.0172572462994443,3.2769272,0.73712635
2022-08-30 09:00:00,37.06537836141956,40.51895,30.202545,23.94830589921883,30.864742,13.467948,1.0401387080276456,2.3660529,0.32419512
2022-08-31 09:00:00,39.96693468467436,45.022858,32.815826,15.806356335712199,18.852306,11.759155,0.7744204769579199,2.2695754,0.106108345
2022-09-01 09:00:00,40.941714846655145,43.58438,33.279694,13.736154234062129,23.864637,10.30995,1.0638000778347803,2.5110986,0.19167337
2022-09-02 09:00:00,41.329621493790114,45.159576,34.046295,13.652299984578883,25.129417,8.9564,1.1671483562100926,2.887939,0.16237824
2022-09-03 09:00:00,39.70020594487471,43.86026,32.74893,18.411787096122932,33.634293,8.563982,1.5823900176789165,2.666377,0.5158945
2022-09-04 09:00:00,38.23578868571457,42.54776,30.809479,17.96395235251188,37.419296,7.9746923,1.4725935874158258,3.3245518,0.17954086
2022-09-05 09:00:00,39.62044073317679,43.50406,31.214264,17.361172054333064,27.33216,10.716251,1.538773494566287,2.7415287,0.09442055
2022-09-06 09:00:00,40.42224895369361,43.190582,33.15152,12.06479914048294,22.112926,7.8728285,0.9629646728228126,2.6571488,0.058269255
2022-09-07 09:00:00,41.8076415879587,45.130035,32.79605,10.888590536641319,24.314861,6.3842,2.0120695289587847,3.4059324,1.0160997
2022-09-08 09:00:00,38.77061567736172,42.585114,30.741364,22.276015883303543,34.556065,8.025921,1.5741342962140419,2.7302806,0.3468418
2022-09-09 09:00:00,37.18834530807396,39.67325,29.966217,24.366567469100115,38.672554,13.559503,2.048738654564485,3.391511,0.5927195
2022-09-10 09:00:00,28.970110989045054,34.43814,19.461578,61.74842575297379,89.35338,45.906826,2.687446929539656,5.4343963,0.06078757
2022-09-11 09:00:00,29.54273967901787,34.3273,24.852692,57.98214472470132,73.221275,42.002525,1.0660994639044414,2.2300866,0.11954614
2022-09-12 09:00:00,33.44926989972555,39.170074,25.480621,44.847621531292766,66.69503,31.13203,0.9729366861995892,2.075929,0.09306574
2022-09-13 09:00:00,30.60644870653067,33.90909,23.121979,48.241915272180904,75.1697,37.1128,2.030463554387568,4.7072463,0.6899
2022-09-14 09:00:00,30.597161500066534,35.002106,21.738678,40.53819470097548,64.43709,29.632744,2.3824455478476967,5.3514113,0.9568013
2022-09-15 09:00:00,30.986271665886704,35.646393,23.88858,30.05159790377251,43.439476,18.783228,2.303285395564981,4.307169,0.70088285
2022-09-16 09:00:00,31.276855826484166,36.214996,24.568512,25.26884012391435,42.321373,14.474151,2.0147519681788832,4.293127,0.5674391
2022-09-17 09:00:00,31.2179800954911,35.7919,24.832916,20.800944462887866,53.39193,13.520838,1.9520091436541402,4.235535,0.16994983
2022-09-18 09:00:00,30.90997884938588,35.780426,23.548004,22.129088968504107,58.38656,11.453607,2.979848928192332,5.2892094,0.21598083
2022-09-19 09:00:00,30.18363906816643,36.391754,22.86441,19.52504668847419,40.57882,9.942102,2.34056329993724,4.6779385,0.41169146
2022-09-20 09:00:00,31.15679141788604,37.65811,24.986237,17.389603375455838,36.709003,11.275411,2.4443746159273814,4.9668016,0.5910242
2022-09-21 09:00:00,31.37944052031588,37.04117,24.400543,24.867629231245996,44.01365,12.062292,3.1258018067365554,6.139854,1.2323735
2022-09-22 09:00:00,30.13539414033147,35.809967,23.954987,24.05772094115293,71.33343,7.4782677,2.1473422249881997,4.1413827,0.625173
2022-09-23 09:00:00,31.195213354607574,36.290436,26.044342,16.503359014429616,57.95132,6.7596226,0.9709454193697826,1.7918931,0.21463844
2022-09-24 09:00:00,32.86679000425772,37.247467,25.386139,28.441465472741363,50.580364,12.656843,0.8610681457286248,1.6714945,0.18130596
2022-09-25 09:00:00,34.156098711726656,39.7565,26.913239,21.852347874729592,37.178978,10.430468,1.0934691353692463,2.9434977,0.21673901
2022-09-26 09:00:00,35.624674874224354,40.387115,28.338287,13.301397348706434,27.067194,6.5847244,1.558324681105377,4.2710857,0.22172116
2022-09-27 09:00:00,35.89367805805375,40.38272,28.70108,11.870279747501991,21.252918,7.9981003,0.9371657182605688,2.0053566,0.20394032
2022-09-28 09:00:00,35.12372578239308,39.037262,28.5607,16.87919603388383,24.886108,10.370634,1.6058828012847082,2.9984236,0.17083165
2022-09-29 09:00:00,33.72263262494516,36.714996,25.42984,23.089651206225035,33.385418,14.024427,2.02542100904523,3.3430705,1.0881441
2022-09-30 09:00:00,33.802389075875794,37.55899,27.053131,18.408017323483215,37.47819,9.790315,2.283709836887794,3.8706126,0.80518544
2022-10-01 09:00:00,32.713659931067525,36.39615,25.616852,22.272946185833227,42.41023,12.863355,1.6780875844576388,2.8401484,0.15806295
2022-10-02 09:00:00,31.569770368580294,34.632477,24.630524,32.588896744327315,52.9401,16.74479,1.851615333754773,3.5478473,0.53509897
2022-10-03 09:00:00,31.785341066142223,35.82852,22.146881,29.65537329071214,45.8267,17.037123,1.3677523982026627,3.035507,0.28133854
2022-10-04 09:00:00,31.395742751815703,35.134186,24.915436,23.218807516849598,39.417538,11.322807,0.9425854862765256,2.482819,0.08126544
2022-10-05 09:00:00,32.41352555283987,35.722076,25.321686,20.32405834192521,32.22412,12.806152,0.7662135112491439,2.242322,0.08790767
2022-10-06 09:00:00,32.63461820976863,35.219147,25.34024,16.331218955363614,21.598791,12.166924,0.702612892894788,2.3654525,0.06882931
2022-10-07 09:00:00,31.42615516235975,34.589752,24.035065,19.374673186995874,35.95285,12.538167,1.2129678031426347,2.8930833,0.18711086
2022-10-08 09:00:00,30.686189402638604,34.0524,22.767242,25.18605201471819,36.075016,16.122784,1.2596981672011198,2.1903734,0.107165195
2022-10-09 09:00:00,30.438750218401992,33.44986,21.6857,24.627127768983463,41.700756,11.76586,1.22461730743686,2.4908407,0.18200117
2022-10-10 09:00:00,29.955923166304956,32.58145,22.815826,25.883907168338578,38.846405,12.54415,1.0129691207045723,2.0914629,0.19252178
2022-10-11 09:00:00,29.47282093557959,33.57364,22.179108,22.577960666278212,43.107426,14.562608,0.9424695386663485,2.2686226,0.078628324
2022-10-12 09:00:00,29.73506297892203,33.97403,21.471832,22.91539794117766,44.316948,15.283482,0.8631218508079015,2.0112045,0.04780105
2022-10-13 09:00:00,29.70014599319478,34.66397,20.855621,21.130875454104718,37.99409,11.989285,0.6600767151725849,1.8145097,0.061741564
2022-10-14 09:00:00,30.66203582660853,35.43863,22.835114,18.65552018570624,37.12214,10.196357,1.0738497478056699,2.1222913,0.29602712
2022-10-15 09:00:00,30.24934985289366,35.440826,21.579498,18.420486037949793,56.19943,8.265836,1.2250444043032267,2.4313688,0.26919892
2022-10-16 09:00:00,22.965182509583826,26.402252,18.069244,56.20193249876031,81.86418,37.083736,1.1309606542533996,2.2972748,0.13566971
2022-10-17 09:00:00,24.462655374873066,27.830963,19.090729,44.41839564713569,55.24608,30.83094,0.8328334601171895,2.028733,0.06598607
2022-10-18 09:00:00,27.13510072191707,30.781403,19.781403,33.55663391488401,42.38256,21.647467,1.1284368092938237,2.4811695,0.15914066
2022-10-19 09:00:00,29.15445214688964,32.862457,21.548004,26.570495212349403,34.771835,15.83043,1.6853861395598189,3.152572,0.26732516
2022-10-20 09:00:00,29.07475102655485,32.486725,21.238678,23.744588243283705,32.66721,14.057834,1.0289583269221438,2.0377343,0.19384456
2022-10-21 09:00:00,28.472100956589998,31.714752,21.496002,23.57946212419986,32.90367,13.487065,0.5734324936140272,1.3721408,0.042570505
2022-10-22 09:00:00,28.338324428557712,31.544342,21.446686,24.23588946316234,37.946373,16.798656,3.3013932493884655,6.590062,1.3860825
2022-10-23 09:00:00,23.16107267064774,29.963287,14.103912,32.23491685629152,72.21639,13.493838,3.650242457071564,5.895135,1.3297324
2022-10-24 09:00:00,18.1081283787874,23.015045,12.737701,19.7635420368939,26.130556,14.211879,3.2826890343161383,5.658244,0.3738428
2022-10-25 09:00:00,18.497433996684492,22.576324,15.746735,12.981135216126699,18.986374,5.017296,0.7896388404812865,2.4848394,0.06394138
2022-10-26 09:00:00,21.50574175648984,23.724518,18.347565,16.996135224695525,23.335495,10.378463,1.072829620652916,2.984887,0.13587146
2022-10-27 09:00:00,21.954628395980308,25.203033,16.523346,16.627278857257437,31.480782,5.1214066,1.644897877199466,3.112139,0.09575194
2022-10-28 09:00:00,19.637222835752254,24.906158,14.447174,11.92899694582032,17.571907,7.337533,2.1138653912218093,4.485712,0.38861242
2022-10-29 09:00:00,21.003043194865256,25.305573,15.942291,14.091715906607504,16.285133,9.86841,0.9826041940249238,2.620094,0.12006003
2022-10-30 09:00:00,22.40538336579715,27.080719,16.904938,13.249340695484072,14.869883,9.144049,2.0343064533636674,4.528289,0.18954508
2022-10-31 09:00:00,23.924216985667215,27.923737,17.947174,15.776536980657502,18.291027,13.190366,1.8815543090597677,4.7579784,0.10859591
2022-11-01 09:00:00,23.680648232934516,27.992828,18.014313,16.91205168195867,19.682268,14.432268,1.7546421230915485,3.048512,0.7065544
2022-11-02 09:00:00,22.50048707020153,26.827545,14.450592,26.34650538929006,76.5599,15.552084,3.8499063079883884,7.0157743,1.3781662
2022-11-03 09:00:00,15.114783906295258,22.274323,8.7743225,44.504792289711794,72.251144,27.33087,3.846551293851944,7.6959414,0.73007697
2022-11-04 09:00:00,13.1781029830085,16.46817,8.616608,23.645168971877396,33.001583,16.85454,2.668917190434928,4.331379,0.28275853
2022-11-05 09:00:00,16.737520091596707,19.008942,14.2274475,23.647454340310556,31.596935,17.007973,1.1266494679655497,1.9790246,0.1477893
2022-11-06 09:00:00,19.148105622968842,22.587067,15.206207,26.79660759871133,37.409286,16.918877,1.9425224042011502,5.1815696,0.46150935
2022-11-07 09:00:00,21.635359954780085,25.733551,16.585114,45.73480116662188,74.8503,33.783897,3.423987169068712,6.9363937,1.5766399
2022-11-08 09:00:00,18.942608908195325,24.480988,11.199738,58.55957842613248,91.38316,41.648926,3.6100112303036735,5.8044376,1.8516667
2022-11-09 09:00:00,15.435081118834034,24.382446,7.9449463,60.52913908949234,79.761856,44.394672,3.9321620481642463,6.622118,0.9327045
2022-11-10 09:00:00,13.541786808408233,18.603973,5.5136414,30.40320586942412,40.031418,15.453292,2.0687690444140103,3.814275,0.36943647
2022-11-11 09:00:00,14.31232966498834,19.350922,8.854828,21.736592921998902,37.579433,8.692716,2.521709827272789,5.6290708,0.7565117
2022-11-12 09:00:00,14.296625509126216,19.30655,9.435455,20.629449516396896,29.631855,12.259574,1.3521149418730587,3.6156578,0.062045157
2022-11-13 09:00:00,16.60340587624205,20.84497,11.774658,21.000061474268,38.432713,9.764743,1.90955342288332,4.1423545,0.21186179
2022-11-14 09:00:00,14.087638550223005,18.4628,8.809906,33.18227519168325,41.358006,19.537216,2.3559252574885097,4.865801,0.4187036
2022-11-15 09:00:00,15.037849629695472,18.858795,10.09317,29.251061838983823,40.571968,16.5915,2.2574990814705584,5.770031,0.8025521
2022-11-16 09:00:00,15.371605381472989,19.806,9.0346985,12.874695438627661,24.690918,4.617628,4.204621430502378,9.072145,1.9193879
2022-11-17 09:00:00,15.634364193735337,20.40689,10.147369,14.434540609533553,23.246927,7.4945755,2.545650390344016,6.336711,0.50332326
2022-11-18 09:00:00,16.584892475098513,19.707916,11.549713,13.874436257781756,19.62206,8.139283,1.340700272489831,3.6417396,0.06951601
2022-11-19 09:00:00,15.845979809835228,19.827423,10.268829,18.4973249967802,26.731293,12.793792,3.8216899893645957,8.687158,1.3716906
2022-11-20 09:00:00,14.135374420754204,19.075531,10.238434,14.223786334117547,20.346954,9.171172,2.8443696967416288,6.9017806,0.86608565
2022-11-21 09:00:00,16.276374330126657,21.098572,10.864899,10.071944773173435,15.912936,5.6980925,1.7818964449495824,4.5455494,0.14435406
2022-11-22 09:00:00,15.846772536818662,20.917877,10.500397,9.88867551619812,13.231989,6.829238,1.4541294179021378,3.8939042,0.08336754
2022-11-23 09:00:00,16.833705160767465,20.865387,12.358551,8.301210735739541,14.720292,3.8165178,1.4441468901189094,3.2549424,0.11333539
2022-11-24 09:00:00,18.749598993193786,22.530426,14.079254,12.584133669663416,18.569855,5.5241957,2.6937609302324206,6.53235,0.48825842
2022-11-25 09:00:00,16.951470545271263,22.02481,11.865875,13.77623714541807,17.233614,7.895673,2.5334724090993315,6.00755,0.6492008
2022-11-26 09:00:00,17.17410436013455,21.038239,13.225739,10.115665710170937,12.903551,8.1235285,0.9351031446684425,1.9483088,0.116247766
2022-11-27 09:00:00,16.629313086714717,19.527008,13.433258,16.116089767807342,21.920692,11.5903015,1.4258748639403915,3.4007816,0.14730652
2022-11-28 09:00:00,15.88639591107227,19.64444,11.812408,23.839905752369447,32.382957,15.422839,1.634858085197441,3.49974,0.36494964
2022-11-29 09:00:00,15.43930272287571,19.874847,8.249786,35.31557690569117,82.159744,22.957333,2.623243771062714,6.2155156,0.3799168
2022-11-30 09:00:00,14.234975587068789,19.179443,8.855225,32.774004332203475,56.96857,19.999702,1.4380236436739569,3.27716,0.1741313
2022-12-01 09:00:00,14.290396356605811,18.87561,10.055298,39.788267346074235,58.70747,29.825817,1.6292666801712716,3.3555448,0.5598984
2022-12-02 09:00:00,13.614813323421004,19.844849,8.302521,55.477607614418474,90.9426,39.304573,2.7295839976300424,6.2131114,0.3216367
2022-12-03 09:00:00,14.888105838822469,19.660248,9.273529,57.34279944209022,72.70213,33.215206,0.9454178394289979,2.0489297,0.04207233
2022-12-04 09:00:00,16.624337762073196,18.841461,11.939972,45.25234496015816,62.661186,35.30089,1.4133054077974716,2.5518413,0.28699815
2022-12-05 09:00:00,16.645118510952898,19.944977,11.527008,54.354662632292325,88.12265,34.243744,2.245924424266387,5.304905,0.22885905
2022-12-06 09:00:00,14.714262438730998,19.907257,7.950226,51.13613577666502,77.94512,28.768196,1.836202257956032,3.6083992,0.435763
2022-12-07 09:00:00,12.684189310202441,18.253143,6.198456,43.336567844073066,76.95293,29.898235,1.4292306788584643,2.5143504,0.014709207
2022-12-08 09:00:00,12.627333012252791,18.318695,6.2288513,40.92455468814221,51.50773,27.296799,1.0073371311138268,2.264106,0.0531281
2022-12-09 09:00:00,12.618998319517402,17.546112,8.376129,33.10608249977177,48.52489,12.7970085,0.779801780922385,1.8677566,0.08834244
2022-12-10 09:00:00,12.944209654171061,17.761597,9.284576,33.94309869757439,50.950554,20.5445,0.9489795917454091,2.1747153,0.15539606
2022-12-11 09:00:00,14.164468438803624,17.810852,9.648743,36.000102408162434,92.2801,16.688896,3.358652107809159,6.6934566,1.2151784
2022-12-12 09:00:00,9.388636979130524,19.017914,1.8050232,47.902446119651856,81.90187,27.328777,2.386889574040071,4.1253657,0.6665803
2022-12-13 09:00:00,7.298751464549468,12.922394,1.3941345,53.13243031428168,64.86765,39.70784,1.5949266865400098,3.0761101,0.34487486
2022-12-14 09:00:00,9.552009066609799,12.942657,2.2118225,43.27254733092722,52.114418,28.014578,1.358291198681704,2.7314842,0.13499849
2022-12-15 09:00:00,10.623264011186677,14.606842,5.1322327,28.154651256181975,40.362984,16.766466,1.4469609400982584,3.1085682,0.26139218
2022-12-16 09:00:00,10.983675757162871,15.164276,4.858124,25.79369058669065,38.07142,11.7393875,2.2838370142267954,6.1239033,0.52454656
2022-12-17 09:00:00,10.943268946421597,15.831055,4.111145,20.3496217681284,27.968338,12.311943,2.1840801139209174,5.6818066,0.6633834
2022-12-18 09:00:00,9.58729357424113,14.687775,4.5588684,15.802328237218772,23.600986,6.2928743,1.4799581548027043,3.9488096,0.12462572
2022-12-19 09:00:00,10.623109998449081,15.345337,6.267212,19.001824807407708,28.853664,9.905055,1.1006643152596092,2.38739,0.03957831
2022-12-20 09:00:00,11.812146303992165,16.561554,8.22757,13.500954086217416,17.491205,8.795893,1.1074203916736605,2.8396285,0.11485975
2022-12-21 09:00:00,12.96325901317141,17.08603,9.23056,17.674708360006974,25.028881,10.862065,1.6685504256684032,3.9020042,0.13694154
2022-12-22 09:00:00,16.079887877225815,20.78247,12.665283,25.529917043896965,32.288055,20.13571,1.250078573787071,2.9579182,0.07671377
2022-12-23 09:00:00,15.37020085194456,19.357208,11.874786,23.84372169782263,33.17485,17.890083,1.1894424317925358,2.8135118,0.032571085
2022-12-24 09:00:00,16.14502905433443,20.884064,13.019043,23.02723018325727,28.935905,14.733053,1.937715997237579,4.700276,0.14285934
2022-12-25 09:00:00,18.998475359452755,24.079773,16.003601,20.42408277573012,23.45927,15.859186,2.0295723097857183,5.03814,0.11617889
2022-12-26 09:00:00,20.533039107970694,24.84607,16.932007,20.58273582500681,25.552124,16.27478,1.7510909054103068,4.594857,0.27540898
2022-12-27 09:00:00,18.89258951216732,23.318268,14.820221,22.388793813766622,28.342957,17.83567,1.395886980644535,2.9412405,0.33306268
2022-12-28 09:00:00,15.825215045705136,21.90976,10.860931,42.619771720098996,76.563034,17.648975,3.2258043774529153,7.126466,0.6493864
2022-12-29 09:00:00,15.184684428674359,20.010406,10.301422,44.05833312776036,72.37407,23.474323,1.4228675262277029,3.4451292,0.18052664
2022-12-30 09:00:00,12.710764536709348,16.347809,9.144684,76.56464854504338,94.365234,51.540825,1.504298342365866,4.5172215,0.14412363
2022-12-31 09:00:00,13.476891971888278,17.54898,8.937653,71.13391822094735,88.44908,46.758636,3.4675820794956027,7.793814,1.5314065
2023-01-01 09:00:00,14.63309376643224,20.022125,9.061188,71.99840599378659,88.57117,49.637573,3.291308331368496,5.9629326,1.3578795
2023-01-02 09:00:00,10.583135124505361,15.43277,3.5141907,46.253419340887866,77.46867,32.16012,2.6452155998376976,4.0695305,0.11821446
2023-01-03 09:00:00,10.16939880965964,15.038483,3.974823,48.84315144072682,77.13521,37.951614,2.063553741010761,4.375442,0.116892956
2023-01-04 09:00:00,12.806146921818993,17.907684,7.289215,76.9378295182073,93.40981,60.818935,1.44013677831221,3.0136106,0.34399077
2023-01-05 09:00:00,12.993456819175321,18.670929,7.0986633,74.83098714816008,95.37425,58.652534,3.085588026904866,5.5405025,0.96598864
2023-01-06 09:00:00,12.37009593164322,17.828003,7.1749573,42.49117306863544,66.208046,20.176796,2.0537643492340063,3.9602327,0.13206962
2023-01-07 09:00:00,13.140198586511872,17.890625,6.2109375,26.233724292080748,52.00968,6.0188475,1.5605694222033342,3.6835086,0.20189114
2023-01-08 09:00:00,13.102335823792544,18.544556,7.6793213,16.538710746818584,37.758553,4.844247,0.887030918766601,1.7897592,0.15437512
2023-01-09 09:00:00,15.161002394840636,20.523834,8.537506,31.134121451678514,76.18865,6.735529,1.6422581244805012,3.3105526,0.31009516
2023-01-10 09:00:00,13.096523867848816,20.068268,7.2069397,70.65053561224094,98.52745,44.199326,3.375639368164457,5.9100266,1.8782588
2023-01-11 09:00:00,11.464090156460031,21.236847,5.214447,43.24770777540371,66.51608,22.51999,2.6213486295484794,4.378665,0.7187258
2023-01-12 09:00:00,12.026390252867031,17.722961,7.4518127,22.60627824043286,41.910812,10.726528,1.7320387867949547,3.8883862,0.4110937
2023-01-13 09:00:00,14.073724926934233,21.244843,10.231232,18.216392778963353,30.279236,7.8893595,1.5034558774632474,3.821246,0.10340986
2023-01-14 09:00:00,15.049919127777002,21.927094,10.811859,28.001901216464013,44.669388,18.366316,1.0700440130139666,2.2846987,0.111567125
2023-01-15 09:00:00,10.069726587393347,15.6910095,3.9839783,66.58346355223054,96.31466,35.505634,2.850495434765775,5.712281,0.8182595
2023-01-16 09:00:00,11.217624909171434,15.565094,5.123932,71.3270106998322,97.80805,46.707798,2.9848598023624313,4.6439857,1.3646271
2023-01-17 09:00:00,12.30568525705604,18.333282,4.2102356,51.1365644038929,86.343994,32.12915,3.457872744611178,6.2127247,1.3386915
2023-01-18 09:00:00,10.361805131403457,15.231842,2.934967,37.2429303887991,50.86303,20.32021,2.408319845157888,3.9908407,0.3108304
2023-01-19 09:00:00,10.669397094548742,15.159576,5.606842,32.82371570507503,46.81415,22.821964,0.9995712299959376,2.3567772,0.11510175
2023-01-20 09:00:00,9.681794496954808,15.559967,3.6283264,38.65676825969068,56.18091,20.3833,2.6409982887797154,4.771839,0.38173595
2023-01-21 09:00:00,9.68170098512519,14.372803,4.233032,27.301366176201547,40.852894,14.970081,2.37517402786809,4.7843885,0.36498913
2023-01-22 09:00:00,11.157968454003026,16.20401,5.3563538,19.584875084834298,34.36623,10.237324,1.2993794329887978,3.1251643,0.16402063
2023-01-23 09:00:00,10.889733176210257,15.877594,4.174469,33.58059575036873,41.91828,25.603405,5.1392343626800265,7.6165915,0.8752376
2023-01-24 09:00:00,11.616149571786764,16.419342,5.9548035,24.934810380526443,32.67655,17.023016,3.0156195075446766,6.4234333,0.2405087
2023-01-25 09:00:00,14.286487705834872,17.961823,8.452057,23.906885284980728,32.250427,15.917377,2.1839316282454138,4.7343946,0.5148636
2023-01-26 09:00:00,14.526249491685974,18.97229,7.6656494,29.48899352162621,42.55938,19.633598,3.82660569589115,7.3188453,1.479673
2023-01-27 09:00:00,14.098890681879823,18.234528,8.453278,23.882208678074864,33.16467,11.977168,1.8156174407501826,4.2891498,0.28929928
2023-01-28 09:00:00,15.973985186439336,18.308594,10.802734,23.087870588478424,33.56648,16.738379,0.6763966497055837,1.6984357,0.029962389
2023-01-29 09:00:00,15.04887680674642,18.809845,8.393829,29.757246131503596,57.185116,22.13824,2.117507929895653,4.456398,0.9569235
2023-01-30 09:00:00,12.53978207443538,17.575653,4.5072937,52.74730327950593,87.76914,37.33622,1.527037139867957,3.346724,0.26612017
2023-01-31 09:00:00,9.269032429791196,15.03714,2.4146423,24.73899918381108,56.86766,9.19969,3.8126394222030027,8.101786,1.6381098
2023-02-01 09:00:00,11.194456567589953,16.280487,5.039154,16.244349811810654,35.5891,9.009495,3.333257249515755,8.5638275,0.9052976
2023-02-02 09:00:00,14.215567574028626,19.655365,6.9737244,17.9485441110826,31.424402,9.160405,2.057142030136279,5.550006,0.41458187
2023-02-03 09:00:00,16.319736177580523,20.838501,8.801392,19.43907233232606,25.594866,11.391821,1.4664001117720644,2.8679855,0.0965244
2023-02-04 09:00:00,16.92353688843224,22.053528,12.356262,16.695161885581925,24.71555,9.043511,0.9093074343028096,2.5908828,0.04186491
2023-02-05 09:00:00,19.00304918896967,23.53238,15.135895,17.860157111710386,30.599907,8.560844,2.111900754681545,4.5229926,0.15342984
2023-02-06 09:00:00,15.718340200653756,23.2211,8.670319,33.225232193953126,47.175304,19.083838,3.9171996253934207,6.0446734,0.1449367
2023-02-07 09:00:00,14.870126542058756,19.144623,8.171967,26.37883359283616,33.799824,17.834978,3.8111628562467894,6.950616,1.4882987
2023-02-08 09:00:00,15.414789246466455,20.34732,10.114899,28.182495088467952,32.33966,20.585754,1.8559792354807465,4.2652173,0.31574622
2023-02-09 09:00:00,19.11788370561095,22.317474,13.696381,17.456229440397205,24.193378,12.157404,2.051205996758651,4.5173326,0.077699825
2023-02-10 09:00:00,17.085587572287977,22.621796,10.344452,11.418952634253476,19.486156,5.794762,2.7745619830295043,6.19762,0.9666516
2023-02-11 09:00:00,16.564065953342492,20.668365,11.510162,10.372552797813057,14.204281,7.293007,1.6698088861547022,3.3598096,0.65082866
2023-02-12 09:00:00,16.36782786930081,22.454376,8.309845,21.697345808520392,51.55084,12.685613,1.3163025665513186,3.0567303,0.18186751
2023-02-13 09:00:00,17.534718559126816,22.424957,9.393707,19.88965725163126,66.47771,13.706195,1.6311956603265465,3.365867,0.6296275
2023-02-14 09:00:00,16.345787534380975,20.238434,8.730621,39.0924412128195,96.666466,16.573692,5.067460889307005,9.821436,2.0876756
2023-02-15 09:00:00,8.382207228397931,15.972565,1.054596,23.317101456444913,32.65721,10.46364,4.353015103897389,5.8677297,0.97729385
2023-02-16 09:00:00,11.22181326226007,14.63092,2.8496704,15.53794512841005,25.152773,8.01996,3.0757172505499284,5.672453,1.485354
2023-02-17 09:00:00,10.605969935373082,15.882416,4.2918396,14.578190779729518,20.210238,8.334286,2.8331009688654305,5.457276,0.59051716
2023-02-18 09:00:00,13.306237052668166,19.292877,7.707428,15.67075740262113,20.87178,10.289722,1.8772341682257196,4.025492,0.070265666
2023-02-19 09:00:00,16.537492712804976,22.66861,11.029938,18.863420166285763,24.166344,13.13412,0.8803772170876847,1.6139687,0.14417344
2023-02-20 09:00:00,18.54877047439288,23.129791,11.8993225,19.12185276622148,32.484924,9.959518,1.250327975645124,2.7058642,0.19343004
2023-02-21 09:00:00,20.29754596033223,25.273163,13.175507,23.345840585773995,31.922186,14.679998,1.0976325728820617,1.8707619,0.30408245
2023-02-22 09:00:00,17.954315386357962,22.80246,8.652069,32.55681495063385,61.077297,21.91879,7.165074275533464,11.633287,3.3851993
2023-02-23 09:00:00,7.300308300355596,13.962799,-1.4981995,32.657773744481574,71.21706,15.217055,4.2165467210203165,7.2753105,1.9313766
2023-02-24 09:00:00,8.330285031723236,13.747437,1.5091553,61.38854995103049,96.77458,41.39927,3.072434099866947,4.662154,1.3387599
2023-02-25 09:00:00,10.956781906400181,18.28775,3.0735474,65.06234023778315,98.98898,51.60226,4.770295368425662,7.3418093,2.427785
2023-02-26 09:00:00,6.828777045321601,19.036621,0.07583618,71.18638661756529,86.5612,46.55783,2.5793606920245375,4.6265955,0.58159447
2023-02-27 09:00:00,9.781074643078853,14.677216,2.692047,54.85528439928533,91.219185,41.54395,2.930685780320784,6.497503,0.5056162
2023-02-28 09:00:00,11.366394694261373,17.876312,2.5970154,53.34060021521439,92.40417,33.97535,4.233497734275963,7.8372884,1.7937852
2023-03-01 09:00:00,11.804189677333227,18.077301,3.5421448,55.77325948619138,92.59601,30.455387,3.922226395023481,7.1058383,0.5154677
2023-03-02 09:00:00,8.422411536885647,13.805084,2.6253967,33.87018669482109,44.90503,18.99878,3.7715684785101358,6.364882,1.105255
2023-03-03 09:00:00,12.794179021872708,17.209717,5.354248,30.79748050115013,48.702374,21.981348,1.1079416895308238,1.898061,0.030368231
2023-03-04 09:00:00,14.433342690496431,17.966888,8.882904,42.5933373255882,63.677387,31.468252,1.7129670617574073,3.3109672,0.9005665
2023-03-05 09:00:00,15.040122530708857,21.305328,5.9635315,38.6356908111588,83.25029,14.883407,3.927932572334916,8.250123,1.1971515
2023-03-06 09:00:00,13.128585783046503,19.839996,5.4411926,48.69608559149156,86.72899,29.983606,3.595632964925148,7.487556,1.1054494
2023-03-07 09:00:00,13.464832585194813,19.734436,6.8467712,41.00725146594391,76.58143,22.651737,2.063305761466707,4.04206,0.7923638
2023-03-08 09:00:00,15.220932946431276,21.487701,8.641998,29.64145947669837,47.41809,16.230495,2.387472010544556,4.766349,0.70684874
2023-03-09 09:00:00,15.919734358487233,22.757965,8.711029,17.733961884173073,38.817196,4.8334913,1.845827211931834,2.938706,0.38401145
2023-03-10 09:00:00,20.10116426702274,24.50528,13.487701,20.162709528902788,33.318592,8.478749,3.5952885273483175,6.7291155,0.5346843
2023-03-11 09:00:00,18.592490457764086,25.389343,10.61441,71.28800960697659,96.86081,53.88736,4.68503578284064,8.545128,1.002991
2023-03-12 09:00:00,20.896578244961802,26.99112,12.072662,38.919963163291406,61.27529,27.505762,4.217621028963107,7.5314145,1.373117
2023-03-13 09:00:00,21.379861925037403,27.405182,11.569244,35.30269875579292,62.00683,25.588858,3.81525691384008,6.676202,1.0912907
2023-03-14 09:00:00,21.895229654143463,26.25943,12.868805,31.46634655037217,57.147408,20.647408,2.53656252606118,5.6008496,0.52240884
2023-03-15 09:00:00,15.910727356108396,21.141998,9.611237,76.76221949939821,99.93969,61.751396,3.675025201275604,6.0394325,1.6760526
2023-03-16 09:00:00,15.186248797835788,19.900055,8.815094,52.1123443985541,87.092476,31.108105,1.997028677002922,3.3704317,0.08815014
2023-03-17 09:00:00,16.12094742598032,19.782867,10.030914,35.17664876995136,62.039474,23.419195,1.4762585828520856,3.9920492,0.16701044
2023-03-18 09:00:00,17.11553412145946,20.873932,10.9618225,27.38837633517203,34.172993,22.485493,2.805514269191434,5.5499415,1.2870357
2023-03-19 09:00:00,18.20959394124526,22.180817,12.669098,26.33646558798353,31.79894,19.813402,1.7472522187901436,3.3731136,0.24861532
2023-03-20 09:00:00,14.880763884565397,21.041656,8.516022,50.08891762253187,92.88122,33.057003,3.026501039470418,5.8678036,0.8644158
2023-03-21 09:00:00,17.764932199053703,22.49234,8.908356,49.55403665327767,90.47807,30.333992,2.8096784474229417,4.6764207,1.0211539
2023-03-22 09:00:00,12.54621336997576,18.339752,3.8177795,60.97337616194047,89.658195,44.20605,4.41442222467637,6.475576,2.262683
2023-03-23 09:00:00,12.46775419742022,19.867584,4.1808167,51.84696838031558,92.6241,26.830912,2.375817098498578,4.5412235,0.76925164
2023-03-24 09:00:00,14.40539134534481,20.49527,6.1219788,39.41637719800402,67.48804,25.048117,3.596177969861482,6.756713,1.1085701
2023-03-25 09:00:00,15.28748439524037,22.05777,7.7569885,34.02677806197553,54.750454,18.993523,2.2696157504825645,3.9342413,0.33550918
2023-03-26 09:00:00,14.951753175501437,21.418121,8.035309,26.90139330763462,40.27746,16.32649,2.4093831050414245,4.655733,0.615131
2023-03-27 09:00:00,14.815681055700338,20.608551,7.887848,17.272535903268615,29.507965,6.929839,2.8136195088909877,5.324071,0.98803407
2023-03-28 09:00:00,15.767198691320743,21.971588,9.802155,11.962699822232667,22.024065,8.632477,1.4694617104212138,3.842359,0.29348737
2023-03-29 09:00:00,20.769836897001994,25.259918,12.105621,18.47555451897472,37.451767,11.424422,3.5473295235544047,5.8868766,1.2654948
2023-03-30 09:00:00,14.235332330279789,24.59195,5.021637,45.78335122974527,86.61358,26.783031,3.960279035619669,6.245357,1.5615062
2023-03-31 09:00:00,12.692884804284176,17.509674,7.339752,31.694920143928677,46.388092,16.888092,1.6408562258505355,2.7580602,0.27253115
2023-04-01 09:00:00,18.204071776785383,21.916168,11.789703,18.591011374016425,35.345005,8.642474,0.8655079707604106,2.0254636,0.097742565
2023-04-02 09:00:00,22.569499477767977,26.826569,14.249908,17.34717261543433,40.52568,7.376358,2.8917561236649325,6.8944197,0.80215144
2023-04-03 09:00:00,23.692967118508363,29.141266,14.7916565,24.904430473750075,71.66695,14.897413,5.973404064312863,10.624289,2.283799
2023-04-04 09:00:00,12.334235552317693,22.712555,5.605133,20.950924341456812,35.106705,12.489515,5.297593770696978,7.223881,1.8376678
2023-04-05 09:00:00,13.312831082695993,17.491852,7.9840393,17.915241591339292,36.988655,12.195609,1.601923482660941,3.8270378,0.12428451
2023-04-06 09:00:00,15.830667657788979,20.051178,10.600006,16.055860266055017,20.377476,12.874949,2.5029735191290916,5.4961777,0.7409284
2023-04-07 09:00:00,19.75064585748089,24.823639,14.16861,12.064779242989857,20.384853,8.1453905,1.1532549615979004,2.8498313,0.19594593
2023-04-08 09:00:00,23.305772245211017,27.023102,15.987946,20.673230440551837,37.542732,9.434587,2.1900355056509233,5.024757,0.39935797
2023-04-09 09:00:00,24.41456183140798,29.26773,17.949371,22.915557536153504,30.459623,18.611967,0.9085802723735767,2.0875072,0.114898205
2023-04-10 09:00:00,28.277744740169283,33.16104,21.200104,15.396613477637922,19.991243,13.160171,1.5681942292203621,3.5394812,0.5471195
2023-04-11 09:00:00,31.65277308403256,36.731598,22.329254,14.301695193882109,24.087868,10.550766,1.521023004884227,3.3062396,0.31442755
2023-04-12 09:00:00,30.087422463070197,36.06143,19.262604,16.751516245894496,28.099924,5.3016596,3.011796922729254,6.0987577,0.8979311
2023-04-13 09:00:00,24.922736757812686,31.287018,15.242096,27.306236976083078,85.994026,14.611212,4.029008012960321,7.970469,2.2585385
2023-04-14 09:00:00,20.81274785875422,26.606842,11.042389,29.33161635360654,91.266556,17.794468,3.186958079144467,5.9136195,1.3289547
2023-04-15 09:00:00,22.031944422229515,26.314606,16.42691,19.71451399379126,36.382385,10.2769785,0.9213793450314027,2.0309508,0.12911236
2023-04-16 09:00:00,25.6558988385965,29.910797,19.354156,18.19054672857527,35.19733,11.942795,1.1296164107587483,2.2936506,0.034698773
2023-04-17 09:00:00,26.99936346664134,31.594635,18.26065,20.035854567546593,41.692757,14.41966,2.6065856880757075,5.9511876,0.2030214
2023-04-18 09:00:00,25.741989965284176,32.063385,16.379791,19.639007248142825,76.39036,8.85163,5.314994220241553,9.085668,1.8906565
2023-04-19 09:00:00,21.629780702415815,28.895172,12.332672,19.557609795859342,50.22304,9.230963,4.122486467936045,7.01188,1.0440338
2023-04-20 09:00:00,19.97515518388593,24.93692,14.96817,14.330840970121688,24.661469,8.182682,2.0010147432373775,3.7198262,0.05620781
2023-04-21 09:00:00,23.864026191309108,28.411285,19.53653,13.27034305854495,17.365892,11.004947,1.5999689078941846,3.4172976,0.21914507
2023-04-22 09:00:00,29.177287063512097,32.77603,23.467438,18.164559952849267,22.564201,13.560295,1.9481353285027811,3.443435,0.4977814
2023-04-23 09:00:00,28.27120730113336,32.4545,22.18106,23.974336361358073,33.330593,19.229855,0.8850516664054103,2.3361053,0.009455468
2023-04-24 09:00:00,28.96575631682947,34.55191,20.475739,19.138440382931915,31.942387,10.826629,2.4864820938724024,4.7933116,0.80789655
2023-04-25 09:00:00,29.78105921472644,34.046295,19.761139,14.926292572331672,46.351967,6.6385574,2.2215943875562902,3.9633484,0.5096422
2023-04-26 09:00:00,27.915055931794143,32.574615,22.007965,9.992351235197392,12.852631,7.1651306,2.764464593637624,5.4280396,0.6722661
2023-04-27 09:00:00,28.634324994418023,33.152008,22.29068,11.209884699848269,15.957267,7.5293026,1.7230303935526055,3.5772593,0.37399063
2023-04-28 09:00:00,31.26399172837364,35.649323,22.846588,10.988775436589309,17.363556,7.0535,1.3505015271723315,3.1391785,0.23251022
2023-04-29 09:00:00,32.8829994181047,38.01773,22.970856,9.869672390543695,14.777891,6.4299135,1.08270287530634,2.8271227,0.11669913
2023-04-30 09:00:00,33.917238269033305,38.471832,23.292145,9.671563682381246,15.946503,6.911373,1.7869482176165026,3.6773512,0.25425085
2023-05-01 09:00:00,32.020937780321276,37.8544,19.344635,13.7049204238585,36.23941,6.768708,3.717070812352131,7.2316084,1.2905833
2023-05-02 09:00:00,24.91070086135295,32.678864,13.71402,27.02663201102016,91.12788,9.680119,3.786034220722353,6.6071467,1.2563614
2023-05-03 09:00:00,22.28807959781699,28.974518,13.251862,25.362114478463564,79.91841,14.152049,2.6318846406396985,4.7519383,0.5437325
2023-05-04 09:00:00,21.879179137266874,28.205475,12.486725,27.450540412554442,77.24816,19.407082,3.394515637450536,5.1570673,1.3698342
2023-05-05 09:00:00,17.609222848346235,24.151031,10.369049,43.519687652803796,86.97495,32.04618,3.4389943466404618,6.4126477,1.3997597
2023-05-06 09:00:00,20.84404739203171,25.720856,13.667633,36.18727317490078,80.229385,25.291885,3.331164844901393,7.254454,0.86506265
2023-05-07 09:00:00,22.513370529448252,27.757233,15.350494,32.07006335826416,77.346756,23.38582,3.3785684782255796,6.488665,1.4594383
2023-05-08 09:00:00,25.46497974510737,30.09195,17.76773,26.597174238795073,55.71159,15.719238,3.086150368326367,6.809932,0.76481384
2023-05-09 09:00:00,26.752886235746246,32.244537,18.78946,17.017523871217126,67.14424,9.69129,3.210544928910286,6.5470824,1.03204
2023-05-10 09:00:00,25.66953846647374,32.17935,16.423492,19.943737829466713,78.25845,10.414701,4.263021264683862,7.770135,1.8740101
2023-05-11 09:00:00,24.999333930549824,28.690094,17.133453,23.823111227433284,49.819885,15.685409,2.577027881392804,4.89245,1.0999469
2023-05-12 09:00:00,27.87342298734916,31.697662,20.043365,17.477715093646644,25.47318,12.745683,0.8796977513851281,2.08116,0.08079467
2023-05-13 09:00:00,31.208943002793262,36.05191,22.821686,16.02553402287151,23.251198,13.74905,2.5029317994299514,4.8545933,1.0480732
2023-05-14 09:00:00,31.847358599001723,37.059235,22.236969,13.877133958080684,27.160141,8.167118,0.8240504929483157,1.7144186,0.22812505
2023-05-15 09:00:00,33.10725459827552,37.82901,23.352448,14.159006270780031,17.209644,5.6354265,1.7718695175429384,2.8960557,0.6856288
2023-05-16 09:00:00,33.16126493384502,37.199615,21.960846,14.610832607839159,21.592403,9.595604,1.4279712153908661,2.3541322,0.42043766
2023-05-17 09:00:00,34.090133543747925,38.202545,24.272858,17.283936977899202,29.60862,9.800476,1.3483077440687299,2.732138,0.41028175
2023-05-18 09:00:00,33.599514009260474,37.98062,24.881012,13.445397586448118,20.81049,9.778767,1.8071926179187814,3.7242937,0.29770836
2023-05-19 09:00:00,34.33412739133837,38.082672,23.082672,16.17323717669475,30.734905,9.531994,2.488649829692011,4.2378287,0.9740991
2023-05-20 09:00:00,32.529535176389686,36.703033,21.620758,22.410843376023987,41.784496,9.221996,2.559997747863937,4.527965,0.879151
2023-05-21 09:00:00,30.321774940690773,35.547516,22.160797,29.850541812815745,40.341545,14.537478,1.0150129209880976,2.5373147,0.020190489
2023-05-22 09:00:00,31.4154278589956,38.48697,23.002594,24.715951307774407,39.818817,14.782638,1.6344003191500625,3.2742422,0.3264998
2023-05-23 09:00:00,31.9413905414915,37.54727,21.723053,20.983719130629773,39.824802,13.862326,2.754286457445203,4.782728,1.4851867
2023-05-24 09:00:00,30.787066616979246,36.51358,19.228424,18.779391310728364,52.178288,8.035878,3.4010948853484813,6.171279,1.0688145
2023-05-25 09:00:00,30.18718958978525,36.475006,19.062897,19.143909973504613,56.669743,8.649855,3.191987792207104,5.7190323,0.9996734
2023-05-26 09:00:00,28.662634145049026,34.923492,18.456696,18.165303416975682,66.693344,7.1855326,3.100508092524494,6.371672,1.0327276
2023-05-27 09:00:00,27.513433163572813,33.555817,17.786285,24.214683335941306,55.558098,10.62842,2.3547752071052166,4.5402665,1.2473136
2023-05-28 09:00:00,30.153300474677565,34.31241,20.449127,21.68613310367081,59.3191,15.1159725,2.076746886656389,4.421831,0.16395412
2023-05-29 09:00:00,30.353375763010035,35.68448,18.465729,23.170327683601258,63.18907,13.939073,3.0563973617062454,5.6303186,0.75038385
2023-05-30 09:00:00,29.54034938671151,35.17691,19.387848,21.38013904141994,58.64763,11.808615,2.6621529417603944,4.976892,0.45945996
2023-05-31 09:00:00,28.309820223815393,34.969147,16.998444,20.135450418794395,89.04,7.3783207,3.163363435109609,6.2042575,1.9390292
2023-06-01 09:00:00,27.055462558962915,31.206451,16.52774,27.3757359392375,65.88596,7.321746,2.485433782302576,6.44684,0.44282067
2023-06-02 09:00:00,28.68038834562509,32.71817,18.39151,26.43571142667686,49.895256,15.585038,2.6697555656257683,5.206226,1.2183808
2023-06-03 09:00:00,31.40237191842897,34.71988,22.09488,20.013269258303364,30.591568,12.361119,1.5623271561258183,2.7511408,0.43308237
2023-06-04 09:00:00,33.574322617729024,37.90567,22.852936,16.181190200947196,32.09307,10.078036,1.3744127933499608,2.5334127,0.590114
2023-06-05 09:00:00,34.563734751348875,38.608307,23.612213,12.394372233234748,33.69938,6.6290674,2.112408506343136,3.3666174,0.7976951
2023-06-06 09:00:00,29.904415150262025,38.198395,17.042145,17.206972384911516,62.69228,4.485487,2.968920944136932,5.3289022,0.87100655
2023-06-07 09:00:00,27.59981780419173,34.044098,17.280426,20.594764375532222,69.75812,7.945965,2.814961899384267,5.155567,0.63592494
2023-06-08 09:00:00,25.21528140807152,33.728912,19.046783,35.1343029826312,67.5386,15.052659,2.0627866821581025,3.922539,0.40809757
2023-06-09 09:00:00,28.976911695524166,33.82315,21.26651,29.531622277014076,60.472946,19.015625,2.6356366255780115,5.092485,1.0384501
2023-06-10 09:00:00,30.14451129264745,35.482574,21.191559,26.51836429374827,56.825294,17.02555,2.238085450422641,3.8971412,0.3275484
2023-06-11 09:00:00,29.625016925292698,36.105133,18.851227,27.114615124067992,70.84119,12.174565,2.874904073187766,5.7033763,1.5965564
2023-06-12 09:00:00,26.507560354245413,32.96768,17.311676,34.69247647097651,91.041626,22.093567,2.9242428205228195,5.4475393,1.1220217
2023-06-13 09:00:00,27.652186187674033,32.453033,19.357819,30.09910687553943,64.104866,19.346066,2.215836345439337,4.509856,0.28464004
2023-06-14 09:00:00,30.946217864706455,35.217194,21.05899,29.854289522091676,50.229042,20.50482,2.3151592151896883,4.4610143,1.1121105
2023-06-15 09:00:00,31.51820942758968,36.64322,20.504547,27.4216752756631,65.45979,18.465754,2.930144295077196,6.05523,1.5439947
2023-06-16 09:00:00,33.20511238569901,37.992584,21.56485,25.932978631897647,67.0605,12.290971,1.6020372100334215,3.2613294,0.10294378
2023-06-17 09:00:00,32.14151544117084,37.139557,24.883698,26.480774688774403,37.74387,15.263401,1.4061298614284556,3.694162,0.118975714
2023-06-18 09:00:00,34.996826468911706,39.51187,25.812653,22.13185549878086,37.188618,15.063617,3.4319427551861983,6.5433908,1.6224061
2023-06-19 09:00:00,33.662892143665374,39.25943,22.16568,20.93848195991349,44.68265,9.853345,5.031900815672761,9.092575,1.8332149
2023-06-20 09:00:00,30.80563483077674,37.146637,21.769684,15.843961170305613,44.546616,3.269271,4.087068032930787,7.3085213,1.6080503
2023-06-21 09:00:00,31.25979438649972,37.107574,23.164215,10.05742059142811,24.825077,3.7930727,2.683990684093275,5.6329174,1.0930904
2023-06-22 09:00:00,32.03130947546413,38.1857,23.775543,8.697221850241315,27.406387,4.1009645,2.76860789815913,5.466228,0.9600112
2023-06-23 09:00:00,30.448425984262485,37.226227,20.032867,10.344064926801398,42.637928,0.96605396,3.6058109130137685,6.6384635,1.7764066
2023-06-24 09:00:00,29.717103249344177,34.633698,22.784088,14.595201527813616,28.221674,7.440611,1.616590329413532,3.5773365,0.36991966
2023-06-25 09:00:00,33.2700917138481,38.716217,23.495514,9.271838148873089,18.050037,4.6147175,2.411977952228624,4.6309333,0.48137563
2023-06-26 09:00:00,33.62896529952127,39.75528,24.022858,9.821053419660853,22.194586,4.485568,3.0096773569568644,6.1893806,0.95704156
2023-06-27 09:00:00,32.97402463262148,39.352448,24.114166,13.654970963530358,31.79493,7.0605545,2.883036906292895,5.313739,1.5743729
2023-06-28 09:00:00,33.77750962448698,38.70816,24.37027,12.453213124359586,35.24058,7.3932858,2.460266688959419,4.807164,0.9564102
2023-06-29 09:00:00,33.567794314695846,39.083405,23.208405,13.6391269476177,30.94505,6.1641226,1.72075827404917,3.6733842,0.46231836
2023-06-30 09:00:00,36.16868961033299,40.08316,26.08902,13.266280916930393,18.855522,8.678229,0.8507203279627581,2.3395193,0.1013332
2023-07-01 09:00:00,38.546463610039496,43.051666,29.129791,11.276532256413091,17.140625,7.175782,0.7944626727479212,2.5116537,0.09345789
2023-07-02 09:00:00,40.42225310024867,45.221832,28.528473,10.30887467680292,16.170288,7.467164,1.0542470882327162,2.0751257,0.18504684
2023-07-03 09:00:00,41.64401169340192,46.137848,28.405426,10.502728376622308,19.755917,6.8534136,2.8218074085822638,5.1275363,1.5412436
2023-07-04 09:00:00,40.81496581439535,45.898346,27.458893,9.41971834044637,13.830969,5.589341,3.597227382086862,6.2437296,1.4131556
2023-07-05 09:00:00,37.71426390937688,43.158356,26.64273,9.02278615911506,16.650614,3.7404575,2.722512776460916,5.2538157,1.3966426
2023-07-06 09:00:00,37.52548278776652,41.528473,26.444489,9.558558450278518,18.658958,3.329464,2.44299376667831,4.703451,0.5779114
2023-07-07 09:00:00,36.70236944404701,42.484528,24.46109,10.72809943807199,23.906952,3.6594505,2.8943789661381274,5.955815,0.7902201
2023-07-08 09:00:00,36.3300856796879,41.152252,24.841705,12.611089439633066,34.89453,5.997591,2.1830082174073695,4.740039,0.6334438
2023-07-09 09:00:00,36.62584472073854,42.37735,24.705475,11.597508871286024,26.975035,6.0964594,2.6271079417210337,4.582714,0.562309
2023-07-10 09:00:00,36.32982386240076,42.011627,26.07486,11.707354560522948,23.967905,4.761303,2.6135351520635965,4.4221497,0.8856868
2023-07-11 09:00:00,37.846180594304315,42.542633,29.10904,16.150067559196717,34.753456,4.721346,2.304966747602066,4.0020347,0.13626
2023-07-12 09:00:00,39.06303750059874,43.483795,30.542389,22.44958205392992,33.25642,10.578363,3.058809618420672,6.0935254,1.0898596
2023-07-13 09:00:00,38.98792132526643,44.265045,30.516998,19.907490914994153,46.110855,8.057601,3.175109545008812,6.024086,1.425832
2023-07-14 09:00:00,40.09103012443836,44.914215,30.568512,6.450845323988177,10.253583,3.49094,2.4643603181136866,4.616945,1.2005181
2023-07-15 09:00:00,41.92982862136148,46.360992,31.97818,7.737030258491163,13.171305,5.578286,0.63197450850744,1.542171,0.024475928
2023-07-16 09:00:00,43.64294946584488,48.148834,31.580475,9.881612702618943,15.776036,5.225255,1.1891507843401419,2.4276173,0.20889577
2023-07-17 09:00:00,43.536390624323644,47.216705,29.99405,13.427023461155496,21.86499,8.267334,2.6548067417698316,4.246962,0.88600945
2023-07-18 09:00:00,41.40281018727677,45.58731,31.970123,18.644203153592528,28.41504,10.791846,2.90444292635199,5.7213774,1.3135278
2023-07-19 09:00:00,41.02076175542078,46.37491,30.94522,21.13594283866612,43.930534,16.929447,3.130083000732027,5.8443584,1.4003645
2023-07-20 09:00:00,41.191921931866034,46.448395,31.684723,17.262579825571017,21.605524,13.634142,2.6022224301118975,4.8571553,1.3295368
2023-07-21 09:00:00,42.58548110351097,47.22403,32.007233,10.097191122763753,13.716283,5.3615828,2.295599906254845,4.1940217,1.0527864
2023-07-22 09:00:00,42.48900589212582,47.187164,29.87857,9.156581176789164,15.004031,7.0073595,1.8816282564168927,3.2600632,0.7004632
2023-07-23 09:00:00,42.75257451110548,46.490875,30.3815,12.319816571499402,18.8417,7.689356,2.8578072144810216,4.0686083,1.062056
2023-07-24 09:00:00,37.987366828898644,43.02408,30.829987,23.76096940422654,33.80042,15.67542,2.294438620816869,5.0121,0.7558189
2023-07-25 09:00:00,40.26033703744628,45.246735,31.789703,17.264988982815012,21.54319,10.890459,2.081861098297232,4.4372582,0.77609545
2023-07-26 09:00:00,42.001995412005215,46.66104,34.018463,14.35471783477533,22.569008,11.297602,2.338594154134988,4.3519096,0.8374769
2023-07-27 09:00:00,41.629098696642075,46.79019,33.08902,12.172072933887955,17.12031,9.422804,3.177459562835369,6.0716395,1.0804265
2023-07-28 09:00:00,41.61523020702214,45.521637,32.98648,10.814439872722742,17.298643,7.7556744,2.454671570181596,4.8069243,0.5706414
2023-07-29 09:00:00,40.4913191605404,44.35489,30.346344,13.575494381585065,19.55154,8.552429,2.729982646928932,4.785731,1.1384176
2023-07-30 09:00:00,40.8876918144266,45.793854,31.250885,14.783159061030128,20.420202,12.178015,2.486554830349036,4.261715,0.9292236
2023-07-31 09:00:00,39.20927884430267,42.97647,31.454987,22.327936405271252,32.480537,9.06157,2.494914899438708,4.704201,0.9130166
2023-08-01 09:00:00,33.97564759624282,39.515045,26.352936,35.86021641662921,50.60433,14.315267,2.1283535537077474,5.0446568,0.29425314
2023-08-02 09:00:00,34.38774795461785,40.179108,26.755768,25.114573346483528,41.853275,5.80952,1.6757238826028908,5.1145315,0.22393915
2023-08-03 09:00:00,36.74118411322064,40.83731,28.19278,11.846073462862433,24.663124,7.580618,2.4063742074451704,4.891245,0.4377138
2023-08-04 09:00:00,36.71309799955617,42.746735,27.342438,10.279628591045954,19.802372,3.176344,1.9188770417085208,4.021904,0.8457229
2023-08-05 09:00:00,37.66718377967396,43.260895,28.43863,9.325249081995477,18.096573,5.402607,1.315266771230422,2.6530068,0.1530842
2023-08-06 09:00:00,39.29470042641583,44.115875,30.486969,7.890859125656928,13.927718,2.587874,1.9027265700762421,3.8127797,0.07492035
2023-08-07 09:00:00,39.4625813595182,44.690582,29.481598,5.89979643415894,13.86877,0.028926134,2.7148184235903687,4.8322554,0.74208
2023-08-08 09:00:00,38.77169774628214,43.69107,29.179352,7.035007853364812,22.793736,2.855628,3.584865048604869,6.5864844,1.0844465
2023-08-09 09:00:00,36.80800727225824,41.09024,27.180084,14.487569635287223,42.22986,7.1556387,3.3140573820460117,6.5128107,1.3918514
2023-08-10 09:00:00,34.22422546298026,41.307526,24.756744,35.63369437729412,68.19529,22.04675,2.667020926981079,5.1251464,1.0917372
2023-08-11 09:00:00,33.80110930030747,41.983795,24.610016,35.807336484872685,73.90806,19.690063,2.73387417627028,4.996384,0.4971261
2023-08-12 09:00:00,35.371367083349355,40.5419,26.32315,30.785168488039304,48.628838,20.001068,2.3231113819117546,4.1035867,0.4056629
2023-08-13 09:00:00,35.90304668170967,40.493073,27.572418,13.628071874094857,24.92844,8.453157,1.292298194210774,3.2712638,0.14857036
2023-08-14 09:00:00,35.55525709783643,39.931793,28.167633,20.835612260846577,30.944323,14.829817,1.441499508242498,2.1456158,0.56420684
2023-08-15 09:00:00,38.32001374644415,42.829254,30.421051,16.72494743687306,29.616436,11.7137375,1.0026817525908502,2.168958,0.08930372
2023-08-16 09:00:00,38.49598345774302,42.99893,30.100006,20.01776976795112,25.699865,14.49756,1.0178600779949958,2.3315353,0.040219977
2023-08-17 09:00:00,37.88974495425663,42.702057,29.818024,20.795782841897726,27.0414,13.533588,1.3472312417325443,4.0300493,0.12052319
2023-08-18 09:00:00,39.72754675967832,45.059723,31.008942,14.517354988600118,22.261608,7.8857384,2.2518869791139497,4.338602,0.7156629
2023-08-19 09:00:00,33.54437219156938,41.104156,26.826813,32.85989210519265,67.68477,8.559767,2.6393619927631784,5.631985,0.33763844
2023-08-20 09:00:00,24.975937170216355,29.540436,19.621979,66.78448343832838,85.49655,43.918427,2.867291248687257,5.2814856,0.6354044
2023-08-21 09:00:00,24.00640824158728,30.68106,19.815094,76.39271452428227,89.64771,60.471928,3.1000497443848203,6.124547,0.54477483
2023-08-22 09:00:00,27.727367560516257,34.228424,22.720367,56.27046355348808,68.51816,34.916637,0.9704518883696005,1.9695853,0.16942002
2023-08-23 09:00:00,31.60836253807753,38.037018,26.707428,33.8476854185077,41.86181,17.431833,0.8243224187400673,1.7411001,0.15272073
2023-08-24 09:00:00,35.26315086869431,42.13321,29.068756,26.82234462688256,42.30356,19.34262,1.3572385168547991,2.7786813,0.14652653
2023-08-25 09:00:00,35.352159660479515,42.123688,27.81314,28.279817862025894,38.150795,9.969262,1.3319930387261025,2.7781446,0.0659689
2023-08-26 09:00:00,37.640236159201606,43.754303,28.77774,16.22803268820319,27.19519,6.077448,1.3558898915587896,2.2488399,0.52417046
2023-08-27 09:00:00,39.08085998362543,44.755524,30.044586,12.328548105780795,17.742256,2.504034,1.7055179283832205,3.054051,0.41647908
2023-08-28 09:00:00,39.13666305000561,45.468414,31.550446,13.720976394701955,18.801289,9.317481,1.67361226231669,3.2846868,0.4970179
2023-08-29 09:00:00,40.404594096571714,46.578766,32.99283,12.158005373606809,17.523628,6.5080023,1.4113902715192057,2.635915,0.024011755
2023-08-30 09:00:00,40.93321947080875,46.410065,33.648346,13.074525220210282,18.510235,3.959857,1.7814784418417733,3.1497388,0.11020534
2023-08-31 09:00:00,39.445014604036544,43.937897,30.484772,13.641484566637848,20.50606,2.8875914,2.6204186523842097,4.1669736,0.83606714
2023-09-01 09:00:00,37.523922730181596,42.98111,28.35025,19.46408827437892,31.962421,6.514161,3.3939113380506702,5.343584,1.2296282
2023-09-02 09:00:00,26.441924619655993,32.23355,21.08316,72.74239442623129,94.3078,32.48018,3.152085155653087,5.2525754,1.3537929
2023-09-03 09:00:00,27.204484208859753,31.407135,22.504059,65.0120320603857,89.63113,41.642845,1.9637162481656045,3.8466654,0.42307544
2023-09-04 09:00:00,30.70024679985778,37.056305,22.502106,35.55505739905624,75.67659,21.864174,2.424245826210596,5.0167184,1.0529069
2023-09-05 09:00:00,29.733435594684124,34.052643,24.105377,26.78927454892979,51.154087,13.6393795,0.6368594276637958,1.3331046,0.03905345
2023-09-06 09:00:00,31.924691025149514,36.387115,23.504303,26.764550241582114,44.363422,16.058588,1.365908041237529,2.6386786,0.09248405
2023-09-07 09:00:00,33.85303004654622,37.85782,26.457428,19.06146126218071,29.096203,3.9594831,1.4282608653633777,2.525573,0.45349887
2023-09-08 09:00:00,35.60504749082389,40.66519,28.718658,13.336650901217963,18.443716,8.590493,1.709743000291208,3.2930365,0.4435213
2023-09-09 09:00:00,36.572321132834475,41.468903,28.890778,21.865293571595785,38.98737,16.170391,1.4677727899370505,3.4361684,0.4050121
2023-09-10 09:00:00,37.172327281855246,44.075592,25.645905,20.15507284711635,40.30391,12.592779,2.374672245492229,3.8738313,0.3100161
2023-09-11 09:00:00,30.91847708827561,37.38394,24.684723,37.54627138121139,53.196938,28.239449,1.279775525898781,3.6684067,0.10965708
2023-09-12 09:00:00,33.19122104065701,37.253815,25.865143,32.35678770065108,44.467594,23.211163,1.7813112679218615,4.0539145,0.70201343
2023-09-13 09:00:00,33.65066226593933,38.864166,25.778229,24.74820139218693,36.926952,13.693123,1.9557066350424959,4.180552,0.24758336
2023-09-14 09:00:00,32.71587710357943,37.305084,24.609772,24.06633356980149,46.289425,13.980531,1.5952745905986634,2.9092307,0.35259837
2023-09-15 09:00:00,33.40213340084375,38.480133,25.001617,25.352757830753543,34.005936,19.75264,1.3566296894647276,3.5341132,0.16376299
2023-09-16 09:00:00,33.47095788600632,39.055084,25.045319,20.229463721850674,34.00886,15.3432665,1.813710465543692,3.540421,0.64462173
2023-09-17 09:00:00,33.617795373840465,39.80606,22.825592,20.08391175557593,48.264793,13.557887,1.0917610696262152,2.0808647,0.22653577
2023-09-18 09:00:00,33.54314783217967,39.38321,22.574615,20.28619553555146,40.520157,9.7752,1.8877007160502823,3.3856676,0.5565071
2023-09-19 09:00:00,31.740588256487115,36.8002,23.263092,23.75808698444788,40.224346,13.534175,1.7649557393292967,3.4932485,0.53597957
2023-09-20 09:00:00,31.55925579323747,36.040436,23.710358,22.17907676240321,31.31382,12.164445,1.8609674739659896,3.3452997,0.26127613
2023-09-21 09:00:00,27.830074858631065,33.4523,19.96695,29.010797099215385,71.26062,13.170646,3.343639075733231,7.104343,0.99476326
2023-09-22 09:00:00,28.07290618501696,33.549713,20.963287,19.73198408564432,35.378464,4.9531918,2.592930730182687,4.8229265,0.8754056
2023-09-23 09:00:00,27.214396309101744,30.979889,20.887848,17.97259030467602,24.92577,7.8593626,1.157576410662849,2.688646,0.024294823
2023-09-24 09:00:00,29.91438320806094,34.1127,23.872467,17.095217603220643,30.5171,7.750168,1.1917281967990778,2.3541417,0.27856365
2023-09-25 09:00:00,31.973329227816635,36.610504,25.866364,16.814671503777678,22.605944,8.065128,1.1585974867093338,2.7177281,0.08081909
2023-09-26 09:00:00,31.994959809887632,37.487457,24.827301,12.753716677838908,18.41683,5.986411,1.5587478907360182,3.0382226,0.3515516
2023-09-27 09:00:00,32.64852332330537,38.162262,26.693512,10.649908458782882,17.006601,5.0312967,1.3923573097713802,2.8255928,0.34364957
2023-09-28 09:00:00,32.1915816198744,37.426178,26.707428,15.570563158982353,26.010904,7.74123,1.483484316418688,3.2975442,0.04338411
2023-09-29 09:00:00,32.145678656494056,37.46158,23.643219,19.1513509077735,35.74231,9.379026,2.083348348758428,4.1610885,0.15888584
2023-09-30 09:00:00,30.140913099059276,36.622223,21.21402,22.262725242799128,57.05737,10.641849,3.8786690326811297,8.040281,0.9586373
2023-10-01 09:00:00,20.53869051305344,29.661285,11.39444,51.18378302169005,86.64632,33.660736,2.752478632168472,5.8032775,0.87696487
2023-10-02 09:00:00,20.110488120765524,25.51944,15.104645,43.07169131828606,68.91873,31.137762,1.476703896158407,2.4190788,0.2781965
2023-10-03 09:00:00,23.067387899551363,27.387604,17.774323,37.86756012987484,43.773335,26.631432,1.6386459262933317,2.9962459,0.38495287
2023-10-04 09:00:00,26.254233802550175,30.474274,20.837555,31.692659114349695,35.68093,26.393568,2.4545307234957594,4.4961457,0.20497917
2023-10-05 09:00:00,29.369420223514112,34.746246,22.812164,26.6025254802347,32.624985,19.757364,2.719772442329696,5.7980895,1.127504
2023-10-06 09:00:00,31.189745756484626,36.423737,24.253815,20.192913287235484,23.719341,14.959747,2.280797816008986,5.4388623,0.34068778
2023-10-07 09:00:00,33.00467019792802,38.20572,26.039703,17.48041746679684,21.732574,9.802886,1.7288564394578365,3.9176285,0.34070262
2023-10-08 09:00:00,33.56961448231067,38.58316,26.774567,17.35670892958048,19.838856,13.067607,0.6399865892536294,1.3878796,0.06538075
2023-10-09 09:00:00,33.417472756880386,37.746246,26.183746,15.088022378889418,20.295769,9.728962,0.9504381405603932,2.029176,0.10472976
2023-10-10 09:00:00,31.987686798824768,36.750397,24.43399,17.901582765852492,29.71909,13.219554,2.7122601789497107,5.721294,0.82058036
2023-10-11 09:00:00,29.21780028863327,35.338043,20.816559,25.348082446293944,70.87851,16.025082,4.159182399513013,9.332332,1.7320651
2023-10-12 09:00:00,25.081871245619993,31.037262,19.453278,23.487925488381173,32.997498,14.976847,2.7600702607824594,4.8671174,0.13740973
2023-10-13 09:00:00,23.729244895915258,28.986969,17.908844,19.112096623069952,22.05502,12.563107,2.2435358198562145,5.1088653,0.09838315
2023-10-14 09:00:00,24.621534762905014,29.416412,19.361725,16.601812412466813,21.150923,13.03037,0.7914674087380197,1.8722438,0.10603386
2023-10-15 09:00:00,26.885283109175305,31.102692,22.381989,14.547653116246684,19.635162,10.674226,1.5235486104362073,2.9460063,0.14908735
2023-10-16 09:00:00,30.32785691798648,35.46988,25.43277,11.785829511509952,13.696769,6.5327063,1.3128931087454154,3.0595784,0.17162313
2023-10-17 09:00:00,31.86804857929002,36.980377,25.97647,12.664540419533015,22.026306,8.8575535,0.9710430860273945,2.2197192,0.0860632
2023-10-18 09:00:00,31.50890851920326,36.730377,25.628815,13.689112658032865,19.06194,9.825935,1.3091521375631021,2.252716,0.16244204
2023-10-19 09:00:00,32.702333838400364,36.990143,25.724518,15.015274345865024,17.296457,12.253231,1.5933835495458843,3.9274313,0.29168564
2023-10-20 09:00:00,33.62553279193207,38.01895,26.733795,14.866329534789811,19.949537,11.525996,0.9038879393453152,2.5412188,0.015861722
2023-10-21 09:00:00,33.593614656589466,38.292877,26.609283,16.324892084896252,25.302372,12.599247,1.5990652627946378,2.7993739,0.040247284
2023-10-22 09:00:00,31.88490814575806,37.62491,24.396393,18.875861350682143,32.28253,13.759942,2.1731587490413826,4.569046,0.58397985
2023-10-23 09:00:00,27.295235480627298,33.756744,18.981354,24.048994449541897,78.34794,12.808879,3.233399327356514,6.582643,1.6517718
2023-10-24 09:00:00,24.295702600477057,27.711823,18.5607,31.029625584865048,39.77085,23.473085,1.5025796952775328,2.818385,0.46017954
2023-10-25 09:00:00,25.82483724516476,29.079254,19.880035,27.856790372321047,52.70563,19.305565,2.0148327153923775,3.8098848,0.9470353
2023-10-26 09:00:00,24.208681141529325,28.421295,17.423492,34.90398094511463,58.144043,23.169939,3.4177573364966167,7.6898866,0.9158741
2023-10-27 09:00:00,22.753854459033846,28.136383,18.45279,35.64418754668483,63.642242,22.248138,1.2714265823377777,2.4995396,0.19380465
2023-10-28 09:00:00,21.992574024992223,28.358551,17.362457,25.735172538280953,42.705624,16.736874,2.0314715854860714,3.7838874,0.30793294
2023-10-29 09:00:00,20.78279897557121,26.328766,15.258453,16.833524518711176,20.504272,7.992504,4.237083305414836,7.14236,1.625412
2023-10-30 09:00:00,17.110153799738328,21.736237,12.121002,11.966764970709406,17.461239,6.812031,4.20750528874892,8.658692,1.8888664
2023-10-31 09:00:00,19.123228352743354,24.274078,14.613434,7.4895919484803475,9.643481,4.9677,2.8768557462180526,6.911727,0.98172045
2023-11-01 09:00:00,21.838424996764388,26.770905,16.180084,8.265693523180213,10.478553,6.8613653,1.680922742984625,3.730378,0.2983493
2023-11-02 09:00:00,22.94537311853287,26.735016,17.907867,9.388179016313003,12.606473,7.431882,0.9946508063126244,1.920149,0.10245843
2023-11-03 09:00:00,24.269631237276656,28.021149,19.782867,8.520089754517485,11.651949,6.569932,0.7868664760929864,1.8403049,0.041164503
2023-11-04 09:00:00,24.769834962638868,28.797028,20.131012,7.646266191877367,10.869708,6.0493956,0.9671318024570096,2.232297,0.107211135
2023-11-05 09:00:00,25.536863602630888,29.57779,21.903961,8.852209773201375,15.223463,6.422682,0.9591335639419998,1.7722008,0.146724
2023-11-06 09:00:00,26.846208554067914,30.028473,22.784332,14.282816438929629,21.119743,9.022088,2.193799905668173,5.3752613,0.1806552
2023-11-07 09:00:00,26.2524358137523,31.552643,20.095612,24.64532009884728,55.762268,9.484024,3.257432312009574,6.696537,0.6875954
2023-11-08 09:00:00,20.27830301290618,27.372467,13.128326,30.907989629265032,39.826492,19.293228,3.0822350709934447,4.8551445,0.48102057
2023-11-09 09:00:00,17.938182319693283,22.71109,11.463287,20.28368903077806,25.12725,15.390027,4.0838396850969145,8.157464,2.027683
2023-11-10 09:00:00,18.342433754712147,23.646149,12.386627,12.766997346120744,18.406363,6.5429897,2.270742423482115,5.284444,0.5461826
2023-11-11 09:00:00,18.82285009304212,23.62564,13.550201,8.567238091031044,15.294372,4.7793655,1.6918392235889945,4.073872,0.18087657
2023-11-12 09:00:00,20.942262773326433,25.27237,16.248444,10.870278655871061,18.079144,7.5843983,1.7020472111245508,4.1535783,0.24789037
2023-11-13 09:00:00,22.03581018967924,26.625885,16.504791,19.029134401726054,30.271214,12.669652,1.2624812531739598,2.7339733,0.18118466
2023-11-14 09:00:00,20.627156760589912,26.680328,15.471832,23.487942585656178,33.374905,13.513008,0.7728802219863711,1.8008595,0.087256104
2023-11-15 09:00:00,22.302733696316807,27.54361,16.830719,21.514031386359292,30.13702,15.172175,0.8961715950273853,2.1966636,0.022200203
2023-11-16 09:00:00,16.765195627168225,24.432281,11.090973,47.267053705001835,87.49391,29.150166,0.7400343111313621,1.7140096,0.10035234
2023-11-17 09:00:00,18.212954425206476,22.068512,13.611481,64.80518938610773,78.61648,44.15653,1.0444088413777328,2.2413075,0.27399206
2023-11-18 09:00:00,18.91316598026134,23.93814,14.498688,55.40847387544721,67.64752,37.83426,1.1273869445378115,2.2569594,0.10584689
2023-11-19 09:00:00,19.802773438975123,23.399078,12.875641,50.26252346809531,61.336136,30.5002,3.489176952596264,7.013915,1.0938162
2023-11-20 09:00:00,18.577590498009215,23.067535,13.749176,20.406616077429874,27.463182,6.2014637,4.03112667921157,6.966018,0.794087
2023-11-21 09:00:00,16.856589467611002,21.63858,12.575836,21.532277282917093,27.950893,10.435269,3.456875081442277,7.5717793,1.2009723
2023-11-22 09:00:00,19.18578949216169,23.889069,14.254303,18.821977006959063,22.183723,11.193475,1.9621596944616244,4.1100717,0.5404871
2023-11-23 09:00:00,19.249501934003945,23.40152,14.756989,14.987923218616316,18.498512,11.182106,0.6272966297402736,1.6093483,0.055862576
2023-11-24 09:00:00,18.71272872081778,21.56485,13.654694,24.69173019426838,50.748066,18.802753,1.521756015489176,3.3891234,0.37899867
2023-11-25 09:00:00,14.409329320052962,20.271637,9.408356,30.948285459094222,38.077415,18.996078,2.240336579883388,4.0686135,0.41585937
2023-11-26 09:00:00,12.633308134665185,17.56192,6.7845764,34.359350678185514,38.78611,23.304043,2.8206894418487276,6.3503513,1.1938741
2023-11-27 09:00:00,12.79318077812809,18.332672,8.150299,26.720204802326958,36.98391,19.000803,2.933866195342075,6.6686068,1.2571858
2023-11-28 09:00:00,14.721738508590022,20.247955,10.240143,28.627022987939842,45.77716,18.929506,2.3339044657570565,5.755189,0.716037
2023-11-29 09:00:00,16.884994635781197,21.769196,11.32193,37.97451733486655,55.530792,24.392319,1.0817743375257545,2.9920444,0.07303054
2023-11-30 09:00:00,15.500596065327215,19.907135,8.82901,42.75544299116676,85.99797,32.011856,1.9385971611681312,3.882887,0.22070566
2023-12-01 09:00:00,13.780949533746252,18.05899,7.5433655,48.39569404571998,59.970196,31.328316,1.81517464539127,4.681892,0.2769412
2023-12-02 09:00:00,13.805487535832071,17.953278,9.94693,34.285814141921335,46.924927,21.033829,1.4758896910610526,3.0143602,0.03322771
2023-12-03 09:00:00,14.34486260184184,18.477936,10.833405,35.180215409492405,42.92955,23.876194,0.882395100605022,1.8003523,0.19278689
2023-12-04 09:00:00,15.942178263915025,19.743805,12.819977,26.14215628053074,32.060005,21.674862,1.2125030346844357,2.5922835,0.08156869
2023-12-05 09:00:00,18.950330597465722,22.853912,14.650787,29.469530288196463,34.7773,23.512135,2.0642418426002758,5.582205,0.23430942
2023-12-06 09:00:00,21.173211101128345,25.255127,16.114502,25.187386660576976,29.970486,19.128082,1.1834400149950115,3.2497199,0.08694101
2023-12-07 09:00:00,21.341300369892565,24.665985,16.55075,24.620314803081964,31.233177,8.687767,2.0418754645715738,5.292826,0.116795465
2023-12-08 09:00:00,17.02250080391093,23.562408,12.906158,31.99847503751191,47.304016,7.690736,2.0778572273893694,4.208671,0.11570452
2023-12-09 09:00:00,14.659713586976864,21.09784,10.62323,17.87619417143332,26.25999,6.6935854,3.2248384939786683,6.5889454,1.4689609
2023-12-10 09:00:00,12.68510172007143,18.236237,8.714752,8.308260598449793,13.9221735,5.260353,2.6493995494573412,6.4176087,0.81444037
2023-12-11 09:00:00,14.559252202858318,20.588287,11.828522,7.831382591006167,17.768051,3.0311394,1.4357399058203577,4.136497,0.15026334
2023-12-12 09:00:00,15.64383134547461,20.024323,13.405182,13.290189189544444,22.726934,4.922247,1.0036256751346484,2.59803,0.11285126
2023-12-13 09:00:00,15.93391292535108,19.229156,12.457672,21.365399019316815,28.169827,13.505764,1.8630930915193789,4.0413723,0.16324842
2023-12-14 09:00:00,14.883906042771855,18.92807,9.488922,27.883330315533584,35.160744,19.5084,1.9338671814396422,4.2982697,0.44557497
2023-12-15 09:00:00,16.233562015456414,20.988434,12.097321,17.629471814352932,21.993809,11.973324,1.8989007599845065,4.627395,0.29158318
2023-12-16 09:00:00,17.309420992941966,22.95401,13.54776,16.113956378559113,20.0196,9.910926,2.1189151954564007,4.952359,0.1357495
2023-12-17 09:00:00,17.62394473476553,22.162506,14.486725,13.683922518070958,17.5534,9.901056,1.7888399193188105,4.791981,0.22258368
2023-12-18 09:00:00,16.541568359791256,21.037506,12.572662,12.37092525652828,15.457061,9.4108515,1.1577134114281793,3.1595173,0.10223906
2023-12-19 09:00:00,17.748671585302645,19.973053,13.803131,22.28303130039027,77.91442,11.867548,1.1572432323639266,2.5237002,0.101351604
2023-12-20 09:00:00,17.13420415572159,21.14444,11.191315,60.821588535576396,89.17688,32.954514,1.0496616711223217,2.185487,0.13779177
2023-12-21 09:00:00,17.811953933721156,23.159058,11.411011,51.15817564549544,87.616585,35.442036,1.7996591299223885,3.0451436,0.5443302
2023-12-22 09:00:00,17.764673587680306,23.154694,11.172272,61.11285617359761,73.53073,50.394016,1.8324939433489775,3.970125,0.60153514
2023-12-23 09:00:00,12.032111502422879,15.964996,8.675934,68.57479296781466,87.71631,52.148,1.4117447548317694,2.4474773,0.20596825
2023-12-24 09:00:00,14.297952680284084,17.748688,10.625641,44.562841109237,70.17439,22.906227,1.1141384468897446,2.5168996,0.05808629
2023-12-25 09:00:00,13.37862619093437,16.65384,8.868683,21.439973892083398,47.979877,1.831439,1.4563516650318529,4.1633,0.0971894
2023-12-26 09:00:00,14.221370554977796,16.959381,10.5902405,25.35874232334431,37.405533,7.749283,1.4895531985470252,4.334032,0.1307034
2023-12-27 09:00:00,15.99882255068195,19.277008,11.960602,28.386417669284093,47.334263,6.224553,1.2482178373073447,4.0434623,0.07492559
2023-12-28 09:00:00,15.330435986159614,17.462067,11.624176,27.39193832714654,44.451378,9.07247,0.9409828939918311,3.4296772,0.044485506
2023-12-29 09:00:00,16.85524260648117,19.958405,13.636139,21.891946610255772,28.199139,12.913982,1.297080559088971,3.5390458,0.13865162
2023-12-30 09:00:00,16.576086223758068,19.76651,13.092682,19.18196364257126,34.69068,9.247109,1.0045151363999567,1.8327607,0.032013245
2023-12-31 09:00:00,12.70271454224985,18.493805,6.1300354,59.54757099474954,82.86144,40.968723,1.4628457401648458,2.9779758,0.16347936
